experiment_id,experiment_name,test_name,timestamp,relative_time_seconds,metric,series,value
2026-08-30_14-34-17-360581_adaptiveTTL,adaptiveTTL,burst-load,1788100457.361000,0.000419,all_requests,all,0
2026-08-30_14-34-17-360581_adaptiveTTL,adaptiveTTL,burst-load,1788100458.361000,1.000419,all_requests,all,2
2026-08-30_14-34-17-360581_adaptiveTTL,adaptiveTTL,burst-load,1788100459.361000,2.000419,all_requests,all,18
2026-08-30_14-34-17-360581_adaptiveTTL,adaptiveTTL,burst-load,1788100460.361000,3.000419,all_requests,all,38
2026-08-30_14-34-17-360581_adaptiveTTL,adaptiveTTL,burst-load,1788100461.361000,4.000419,all_requests,all,58
2026-08-30_14-34-17-360581_adaptiveTTL,adaptiveTTL,burst-load,1788100462.361000,5.000419,all_requests,all,78
2026-08-30_14-34-17-360581_adaptiveTTL,adaptiveTTL,burst-load,1788100463.361000,6.000419,all_requests,all,98
2026-08-30_14-34-17-360581_adaptiveTTL,adaptiveTTL,burst-load,1788100464.361000,7.000419,all_requests,all,118
2026-08-30_14-34-17-360581_adaptiveTTL,adaptiveTTL,burst-load,1788100465.361000,8.000419,all_requests,all,138
2026-08-30_14-34-17-360581_adaptiveTTL,adaptiveTTL,burst-load,1788100466.361000,9.000419,all_requests,all,158
2026-08-30_14-34-17-360581_adaptiveTTL,adaptiveTTL,burst-load,1788100467.361000,10.000419,all_requests,all,178
2026-08-30_14-34-17-360581_adaptiveTTL,adaptiveTTL,burst-load,1788100468.361000,11.000419,all_requests,all,198
2026-08-30_14-34-17-360581_adaptiveTTL,adaptiveTTL,burst-load,1788100469.361000,12.000419,all_requests,all,218
2026-08-30_14-34-17-360581_adaptiveTTL,adaptiveTTL,burst-load,1788100470.361000,13.000419,all_requests,all,238
2026-08-30_14-34-17-360581_adaptiveTTL,adaptiveTTL,burst-load,1788100471.361000,14.000419,all_requests,all,258
2026-08-30_14-34-17-360581_adaptiveTTL,adaptiveTTL,burst-load,1788100472.361000,15.000419,all_requests,all,278
2026-08-30_14-34-17-360581_adaptiveTTL,adaptiveTTL,burst-load,1788100473.361000,16.000419,all_requests,all,298
2026-08-30_14-34-17-360581_adaptiveTTL,adaptiveTTL,burst-load,1788100474.361000,17.000419,all_requests,all,318
2026-08-30_14-34-17-360581_adaptiveTTL,adaptiveTTL,burst-load,1788100475.361000,18.000419,all_requests,all,338
2026-08-30_14-34-17-360581_adaptiveTTL,adaptiveTTL,burst-load,1788100476.361000,19.000419,all_requests,all,358
2026-08-30_14-34-17-360581_adaptiveTTL,adaptiveTTL,burst-load,1788100477.361000,20.000419,all_requests,all,378
2026-08-30_14-34-17-360581_adaptiveTTL,adaptiveTTL,burst-load,1788100478.361000,21.000419,all_requests,all,398
2026-08-30_14-34-17-360581_adaptiveTTL,adaptiveTTL,burst-load,1788100479.361000,22.000419,all_requests,all,418
2026-08-30_14-34-17-360581_adaptiveTTL,adaptiveTTL,burst-load,1788100480.361000,23.000419,all_requests,all,438
2026-08-30_14-34-17-360581_adaptiveTTL,adaptiveTTL,burst-load,1788100481.361000,24.000419,all_requests,all,458
2026-08-30_14-34-17-360581_adaptiveTTL,adaptiveTTL,burst-load,1788100482.361000,25.000419,all_requests,all,478
2026-08-30_14-34-17-360581_adaptiveTTL,adaptiveTTL,burst-load,1788100483.361000,26.000419,all_requests,all,498
2026-08-30_14-34-17-360581_adaptiveTTL,adaptiveTTL,burst-load,1788100484.361000,27.000419,all_requests,all,518
2026-08-30_14-34-17-360581_adaptiveTTL,adaptiveTTL,burst-load,1788100485.361000,28.000419,all_requests,all,538
2026-08-30_14-34-17-360581_adaptiveTTL,adaptiveTTL,burst-load,1788100486.361000,29.000419,all_requests,all,558
2026-08-30_14-34-17-360581_adaptiveTTL,adaptiveTTL,burst-load,1788100487.361000,30.000419,all_requests,all,578
2026-08-30_14-34-17-360581_adaptiveTTL,adaptiveTTL,burst-load,1788100488.361000,31.000419,all_requests,all,601
2026-08-30_14-34-17-360581_adaptiveTTL,adaptiveTTL,burst-load,1788100489.361000,32.000419,all_requests,all,697
2026-08-30_14-34-17-360581_adaptiveTTL,adaptiveTTL,burst-load,1788100490.361000,33.000419,all_requests,all,872
2026-08-30_14-34-17-360581_adaptiveTTL,adaptiveTTL,burst-load,1788100491.361000,34.000419,all_requests,all,1052
2026-08-30_14-34-17-360581_adaptiveTTL,adaptiveTTL,burst-load,1788100492.361000,35.000419,all_requests,all,1232
2026-08-30_14-34-17-360581_adaptiveTTL,adaptiveTTL,burst-load,1788100493.361000,36.000419,all_requests,all,1412
2026-08-30_14-34-17-360581_adaptiveTTL,adaptiveTTL,burst-load,1788100494.361000,37.000419,all_requests,all,1592
2026-08-30_14-34-17-360581_adaptiveTTL,adaptiveTTL,burst-load,1788100495.361000,38.000419,all_requests,all,1771
2026-08-30_14-34-17-360581_adaptiveTTL,adaptiveTTL,burst-load,1788100496.361000,39.000419,all_requests,all,1952
2026-08-30_14-34-17-360581_adaptiveTTL,adaptiveTTL,burst-load,1788100497.361000,40.000419,all_requests,all,2132
2026-08-30_14-34-17-360581_adaptiveTTL,adaptiveTTL,burst-load,1788100498.361000,41.000419,all_requests,all,2313
2026-08-30_14-34-17-360581_adaptiveTTL,adaptiveTTL,burst-load,1788100499.361000,42.000419,all_requests,all,2492
2026-08-30_14-34-17-360581_adaptiveTTL,adaptiveTTL,burst-load,1788100500.361000,43.000419,all_requests,all,2671
2026-08-30_14-34-17-360581_adaptiveTTL,adaptiveTTL,burst-load,1788100501.361000,44.000419,all_requests,all,2852
2026-08-30_14-34-17-360581_adaptiveTTL,adaptiveTTL,burst-load,1788100502.361000,45.000419,all_requests,all,3032
2026-08-30_14-34-17-360581_adaptiveTTL,adaptiveTTL,burst-load,1788100503.361000,46.000419,all_requests,all,3212
2026-08-30_14-34-17-360581_adaptiveTTL,adaptiveTTL,burst-load,1788100504.361000,47.000419,all_requests,all,3392
2026-08-30_14-34-17-360581_adaptiveTTL,adaptiveTTL,burst-load,1788100505.361000,48.000419,all_requests,all,3571
2026-08-30_14-34-17-360581_adaptiveTTL,adaptiveTTL,burst-load,1788100506.361000,49.000419,all_requests,all,3752
2026-08-30_14-34-17-360581_adaptiveTTL,adaptiveTTL,burst-load,1788100507.361000,50.000419,all_requests,all,3931
2026-08-30_14-34-17-360581_adaptiveTTL,adaptiveTTL,burst-load,1788100508.361000,51.000419,all_requests,all,4111
2026-08-30_14-34-17-360581_adaptiveTTL,adaptiveTTL,burst-load,1788100509.361000,52.000419,all_requests,all,4291
2026-08-30_14-34-17-360581_adaptiveTTL,adaptiveTTL,burst-load,1788100510.361000,53.000419,all_requests,all,4471
2026-08-30_14-34-17-360581_adaptiveTTL,adaptiveTTL,burst-load,1788100511.361000,54.000419,all_requests,all,4651
2026-08-30_14-34-17-360581_adaptiveTTL,adaptiveTTL,burst-load,1788100512.361000,55.000419,all_requests,all,4832
2026-08-30_14-34-17-360581_adaptiveTTL,adaptiveTTL,burst-load,1788100513.361000,56.000419,all_requests,all,5011
2026-08-30_14-34-17-360581_adaptiveTTL,adaptiveTTL,burst-load,1788100514.361000,57.000419,all_requests,all,5191
2026-08-30_14-34-17-360581_adaptiveTTL,adaptiveTTL,burst-load,1788100515.361000,58.000419,all_requests,all,5372
2026-08-30_14-34-17-360581_adaptiveTTL,adaptiveTTL,burst-load,1788100516.361000,59.000419,all_requests,all,5551
2026-08-30_14-34-17-360581_adaptiveTTL,adaptiveTTL,burst-load,1788100517.361000,60.000419,all_requests,all,5732
2026-08-30_14-34-17-360581_adaptiveTTL,adaptiveTTL,burst-load,1788100518.361000,61.000419,all_requests,all,5911
2026-08-30_14-34-17-360581_adaptiveTTL,adaptiveTTL,burst-load,1788100519.361000,62.000419,all_requests,all,6091
2026-08-30_14-34-17-360581_adaptiveTTL,adaptiveTTL,burst-load,1788100520.361000,63.000419,all_requests,all,6271
2026-08-30_14-34-17-360581_adaptiveTTL,adaptiveTTL,burst-load,1788100521.361000,64.000419,all_requests,all,6451
2026-08-30_14-34-17-360581_adaptiveTTL,adaptiveTTL,burst-load,1788100522.361000,65.000419,all_requests,all,6631
2026-08-30_14-34-17-360581_adaptiveTTL,adaptiveTTL,burst-load,1788100523.361000,66.000419,all_requests,all,6811
2026-08-30_14-34-17-360581_adaptiveTTL,adaptiveTTL,burst-load,1788100524.361000,67.000419,all_requests,all,6991
2026-08-30_14-34-17-360581_adaptiveTTL,adaptiveTTL,burst-load,1788100525.361000,68.000419,all_requests,all,7171
2026-08-30_14-34-17-360581_adaptiveTTL,adaptiveTTL,burst-load,1788100526.361000,69.000419,all_requests,all,7351
2026-08-30_14-34-17-360581_adaptiveTTL,adaptiveTTL,burst-load,1788100527.361000,70.000419,all_requests,all,7531
2026-08-30_14-34-17-360581_adaptiveTTL,adaptiveTTL,burst-load,1788100528.361000,71.000419,all_requests,all,7711
2026-08-30_14-34-17-360581_adaptiveTTL,adaptiveTTL,burst-load,1788100529.361000,72.000419,all_requests,all,7891
2026-08-30_14-34-17-360581_adaptiveTTL,adaptiveTTL,burst-load,1788100530.361000,73.000419,all_requests,all,8071
2026-08-30_14-34-17-360581_adaptiveTTL,adaptiveTTL,burst-load,1788100531.361000,74.000419,all_requests,all,8251
2026-08-30_14-34-17-360581_adaptiveTTL,adaptiveTTL,burst-load,1788100532.361000,75.000419,all_requests,all,8431
2026-08-30_14-34-17-360581_adaptiveTTL,adaptiveTTL,burst-load,1788100533.361000,76.000419,all_requests,all,8611
2026-08-30_14-34-17-360581_adaptiveTTL,adaptiveTTL,burst-load,1788100534.361000,77.000419,all_requests,all,8788
2026-08-30_14-34-17-360581_adaptiveTTL,adaptiveTTL,burst-load,1788100535.361000,78.000419,all_requests,all,8893
2026-08-30_14-34-17-360581_adaptiveTTL,adaptiveTTL,burst-load,1788100536.361000,79.000419,all_requests,all,8918
2026-08-30_14-34-17-360581_adaptiveTTL,adaptiveTTL,burst-load,1788100537.361000,80.000419,all_requests,all,8938
2026-08-30_14-34-17-360581_adaptiveTTL,adaptiveTTL,burst-load,1788100538.361000,81.000419,all_requests,all,8958
2026-08-30_14-34-17-360581_adaptiveTTL,adaptiveTTL,burst-load,1788100539.361000,82.000419,all_requests,all,8978
2026-08-30_14-34-17-360581_adaptiveTTL,adaptiveTTL,burst-load,1788100540.361000,83.000419,all_requests,all,8998
2026-08-30_14-34-17-360581_adaptiveTTL,adaptiveTTL,burst-load,1788100541.361000,84.000419,all_requests,all,9018
2026-08-30_14-34-17-360581_adaptiveTTL,adaptiveTTL,burst-load,1788100542.361000,85.000419,all_requests,all,9038
2026-08-30_14-34-17-360581_adaptiveTTL,adaptiveTTL,burst-load,1788100543.361000,86.000419,all_requests,all,9058
2026-08-30_14-34-17-360581_adaptiveTTL,adaptiveTTL,burst-load,1788100544.361000,87.000419,all_requests,all,9078
2026-08-30_14-34-17-360581_adaptiveTTL,adaptiveTTL,burst-load,1788100545.361000,88.000419,all_requests,all,9098
2026-08-30_14-34-17-360581_adaptiveTTL,adaptiveTTL,burst-load,1788100546.361000,89.000419,all_requests,all,9118
2026-08-30_14-34-17-360581_adaptiveTTL,adaptiveTTL,burst-load,1788100547.361000,90.000419,all_requests,all,9138
2026-08-30_14-34-17-360581_adaptiveTTL,adaptiveTTL,burst-load,1788100548.361000,91.000419,all_requests,all,9158
2026-08-30_14-34-17-360581_adaptiveTTL,adaptiveTTL,burst-load,1788100549.361000,92.000419,all_requests,all,9178
2026-08-30_14-34-17-360581_adaptiveTTL,adaptiveTTL,burst-load,1788100550.361000,93.000419,all_requests,all,9198
2026-08-30_14-34-17-360581_adaptiveTTL,adaptiveTTL,burst-load,1788100551.361000,94.000419,all_requests,all,9218
2026-08-30_14-34-17-360581_adaptiveTTL,adaptiveTTL,burst-load,1788100552.361000,95.000419,all_requests,all,9238
2026-08-30_14-34-17-360581_adaptiveTTL,adaptiveTTL,burst-load,1788100553.361000,96.000419,all_requests,all,9258
2026-08-30_14-34-17-360581_adaptiveTTL,adaptiveTTL,burst-load,1788100554.361000,97.000419,all_requests,all,9278
2026-08-30_14-34-17-360581_adaptiveTTL,adaptiveTTL,burst-load,1788100555.361000,98.000419,all_requests,all,9298
2026-08-30_14-34-17-360581_adaptiveTTL,adaptiveTTL,burst-load,1788100556.361000,99.000419,all_requests,all,9318
2026-08-30_14-34-17-360581_adaptiveTTL,adaptiveTTL,burst-load,1788100557.361000,100.000419,all_requests,all,9338
2026-08-30_14-34-17-360581_adaptiveTTL,adaptiveTTL,burst-load,1788100558.361000,101.000419,all_requests,all,9358
2026-08-30_14-34-17-360581_adaptiveTTL,adaptiveTTL,burst-load,1788100559.361000,102.000419,all_requests,all,9378
2026-08-30_14-34-17-360581_adaptiveTTL,adaptiveTTL,burst-load,1788100560.361000,103.000419,all_requests,all,9398
2026-08-30_14-34-17-360581_adaptiveTTL,adaptiveTTL,burst-load,1788100561.361000,104.000419,all_requests,all,9418
2026-08-30_14-34-17-360581_adaptiveTTL,adaptiveTTL,burst-load,1788100562.361000,105.000419,all_requests,all,9438
2026-08-30_14-34-17-360581_adaptiveTTL,adaptiveTTL,burst-load,1788100563.361000,106.000419,all_requests,all,9458
2026-08-30_14-34-17-360581_adaptiveTTL,adaptiveTTL,burst-load,1788100564.361000,107.000419,all_requests,all,9478
2026-08-30_14-34-17-360581_adaptiveTTL,adaptiveTTL,burst-load,1788100565.361000,108.000419,all_requests,all,9498
2026-08-30_14-34-17-360581_adaptiveTTL,adaptiveTTL,burst-load,1788100566.361000,109.000419,all_requests,all,9518
2026-08-30_14-34-17-360581_adaptiveTTL,adaptiveTTL,burst-load,1788100567.361000,110.000419,all_requests,all,9538
2026-08-30_14-34-17-360581_adaptiveTTL,adaptiveTTL,burst-load,1788100568.361000,111.000419,all_requests,all,9558
2026-08-30_14-34-17-360581_adaptiveTTL,adaptiveTTL,burst-load,1788100569.361000,112.000419,all_requests,all,9578
2026-08-30_14-34-17-360581_adaptiveTTL,adaptiveTTL,burst-load,1788100570.361000,113.000419,all_requests,all,9598
2026-08-30_14-34-17-360581_adaptiveTTL,adaptiveTTL,burst-load,1788100571.361000,114.000419,all_requests,all,9618
2026-08-30_14-34-17-360581_adaptiveTTL,adaptiveTTL,burst-load,1788100572.361000,115.000419,all_requests,all,9638
2026-08-30_14-34-17-360581_adaptiveTTL,adaptiveTTL,burst-load,1788100573.361000,116.000419,all_requests,all,9658
2026-08-30_14-34-17-360581_adaptiveTTL,adaptiveTTL,burst-load,1788100574.361000,117.000419,all_requests,all,9678
2026-08-30_14-34-17-360581_adaptiveTTL,adaptiveTTL,burst-load,1788100575.361000,118.000419,all_requests,all,9698
2026-08-30_14-34-17-360581_adaptiveTTL,adaptiveTTL,burst-load,1788100576.361000,119.000419,all_requests,all,9718
2026-08-30_14-34-17-360581_adaptiveTTL,adaptiveTTL,burst-load,1788100577.361000,120.000419,all_requests,all,9738
2026-08-30_14-34-17-360581_adaptiveTTL,adaptiveTTL,burst-load,1788100578.361000,121.000419,all_requests,all,9758
2026-08-30_14-34-17-360581_adaptiveTTL,adaptiveTTL,burst-load,1788100579.361000,122.000419,all_requests,all,9778
2026-08-30_14-34-17-360581_adaptiveTTL,adaptiveTTL,burst-load,1788100457.361000,0.000419,l1_hits,all,0
2026-08-30_14-34-17-360581_adaptiveTTL,adaptiveTTL,burst-load,1788100458.361000,1.000419,l1_hits,all,0
2026-08-30_14-34-17-360581_adaptiveTTL,adaptiveTTL,burst-load,1788100459.361000,2.000419,l1_hits,all,1
2026-08-30_14-34-17-360581_adaptiveTTL,adaptiveTTL,burst-load,1788100460.361000,3.000419,l1_hits,all,6
2026-08-30_14-34-17-360581_adaptiveTTL,adaptiveTTL,burst-load,1788100461.361000,4.000419,l1_hits,all,13
2026-08-30_14-34-17-360581_adaptiveTTL,adaptiveTTL,burst-load,1788100462.361000,5.000419,l1_hits,all,21
2026-08-30_14-34-17-360581_adaptiveTTL,adaptiveTTL,burst-load,1788100463.361000,6.000419,l1_hits,all,31
2026-08-30_14-34-17-360581_adaptiveTTL,adaptiveTTL,burst-load,1788100464.361000,7.000419,l1_hits,all,42
2026-08-30_14-34-17-360581_adaptiveTTL,adaptiveTTL,burst-load,1788100465.361000,8.000419,l1_hits,all,50
2026-08-30_14-34-17-360581_adaptiveTTL,adaptiveTTL,burst-load,1788100466.361000,9.000419,l1_hits,all,55
2026-08-30_14-34-17-360581_adaptiveTTL,adaptiveTTL,burst-load,1788100467.361000,10.000419,l1_hits,all,63
2026-08-30_14-34-17-360581_adaptiveTTL,adaptiveTTL,burst-load,1788100468.361000,11.000419,l1_hits,all,74
2026-08-30_14-34-17-360581_adaptiveTTL,adaptiveTTL,burst-load,1788100469.361000,12.000419,l1_hits,all,86
2026-08-30_14-34-17-360581_adaptiveTTL,adaptiveTTL,burst-load,1788100470.361000,13.000419,l1_hits,all,90
2026-08-30_14-34-17-360581_adaptiveTTL,adaptiveTTL,burst-load,1788100471.361000,14.000419,l1_hits,all,99
2026-08-30_14-34-17-360581_adaptiveTTL,adaptiveTTL,burst-load,1788100472.361000,15.000419,l1_hits,all,109
2026-08-30_14-34-17-360581_adaptiveTTL,adaptiveTTL,burst-load,1788100473.361000,16.000419,l1_hits,all,118
2026-08-30_14-34-17-360581_adaptiveTTL,adaptiveTTL,burst-load,1788100474.361000,17.000419,l1_hits,all,121
2026-08-30_14-34-17-360581_adaptiveTTL,adaptiveTTL,burst-load,1788100475.361000,18.000419,l1_hits,all,127
2026-08-30_14-34-17-360581_adaptiveTTL,adaptiveTTL,burst-load,1788100476.361000,19.000419,l1_hits,all,135
2026-08-30_14-34-17-360581_adaptiveTTL,adaptiveTTL,burst-load,1788100477.361000,20.000419,l1_hits,all,145
2026-08-30_14-34-17-360581_adaptiveTTL,adaptiveTTL,burst-load,1788100478.361000,21.000419,l1_hits,all,157
2026-08-30_14-34-17-360581_adaptiveTTL,adaptiveTTL,burst-load,1788100479.361000,22.000419,l1_hits,all,163
2026-08-30_14-34-17-360581_adaptiveTTL,adaptiveTTL,burst-load,1788100480.361000,23.000419,l1_hits,all,169
2026-08-30_14-34-17-360581_adaptiveTTL,adaptiveTTL,burst-load,1788100481.361000,24.000419,l1_hits,all,174
2026-08-30_14-34-17-360581_adaptiveTTL,adaptiveTTL,burst-load,1788100482.361000,25.000419,l1_hits,all,184
2026-08-30_14-34-17-360581_adaptiveTTL,adaptiveTTL,burst-load,1788100483.361000,26.000419,l1_hits,all,195
2026-08-30_14-34-17-360581_adaptiveTTL,adaptiveTTL,burst-load,1788100484.361000,27.000419,l1_hits,all,204
2026-08-30_14-34-17-360581_adaptiveTTL,adaptiveTTL,burst-load,1788100485.361000,28.000419,l1_hits,all,213
2026-08-30_14-34-17-360581_adaptiveTTL,adaptiveTTL,burst-load,1788100486.361000,29.000419,l1_hits,all,221
2026-08-30_14-34-17-360581_adaptiveTTL,adaptiveTTL,burst-load,1788100487.361000,30.000419,l1_hits,all,228
2026-08-30_14-34-17-360581_adaptiveTTL,adaptiveTTL,burst-load,1788100488.361000,31.000419,l1_hits,all,239
2026-08-30_14-34-17-360581_adaptiveTTL,adaptiveTTL,burst-load,1788100489.361000,32.000419,l1_hits,all,289
2026-08-30_14-34-17-360581_adaptiveTTL,adaptiveTTL,burst-load,1788100490.361000,33.000419,l1_hits,all,414
2026-08-30_14-34-17-360581_adaptiveTTL,adaptiveTTL,burst-load,1788100491.361000,34.000419,l1_hits,all,539
2026-08-30_14-34-17-360581_adaptiveTTL,adaptiveTTL,burst-load,1788100492.361000,35.000419,l1_hits,all,664
2026-08-30_14-34-17-360581_adaptiveTTL,adaptiveTTL,burst-load,1788100493.361000,36.000419,l1_hits,all,793
2026-08-30_14-34-17-360581_adaptiveTTL,adaptiveTTL,burst-load,1788100494.361000,37.000419,l1_hits,all,914
2026-08-30_14-34-17-360581_adaptiveTTL,adaptiveTTL,burst-load,1788100495.361000,38.000419,l1_hits,all,1027
2026-08-30_14-34-17-360581_adaptiveTTL,adaptiveTTL,burst-load,1788100496.361000,39.000419,l1_hits,all,1161
2026-08-30_14-34-17-360581_adaptiveTTL,adaptiveTTL,burst-load,1788100497.361000,40.000419,l1_hits,all,1300
2026-08-30_14-34-17-360581_adaptiveTTL,adaptiveTTL,burst-load,1788100498.361000,41.000419,l1_hits,all,1431
2026-08-30_14-34-17-360581_adaptiveTTL,adaptiveTTL,burst-load,1788100499.361000,42.000419,l1_hits,all,1535
2026-08-30_14-34-17-360581_adaptiveTTL,adaptiveTTL,burst-load,1788100500.361000,43.000419,l1_hits,all,1651
2026-08-30_14-34-17-360581_adaptiveTTL,adaptiveTTL,burst-load,1788100501.361000,44.000419,l1_hits,all,1778
2026-08-30_14-34-17-360581_adaptiveTTL,adaptiveTTL,burst-load,1788100502.361000,45.000419,l1_hits,all,1901
2026-08-30_14-34-17-360581_adaptiveTTL,adaptiveTTL,burst-load,1788100503.361000,46.000419,l1_hits,all,2021
2026-08-30_14-34-17-360581_adaptiveTTL,adaptiveTTL,burst-load,1788100504.361000,47.000419,l1_hits,all,2145
2026-08-30_14-34-17-360581_adaptiveTTL,adaptiveTTL,burst-load,1788100505.361000,48.000419,l1_hits,all,2271
2026-08-30_14-34-17-360581_adaptiveTTL,adaptiveTTL,burst-load,1788100506.361000,49.000419,l1_hits,all,2397
2026-08-30_14-34-17-360581_adaptiveTTL,adaptiveTTL,burst-load,1788100507.361000,50.000419,l1_hits,all,2528
2026-08-30_14-34-17-360581_adaptiveTTL,adaptiveTTL,burst-load,1788100508.361000,51.000419,l1_hits,all,2648
2026-08-30_14-34-17-360581_adaptiveTTL,adaptiveTTL,burst-load,1788100509.361000,52.000419,l1_hits,all,2770
2026-08-30_14-34-17-360581_adaptiveTTL,adaptiveTTL,burst-load,1788100510.361000,53.000419,l1_hits,all,2892
2026-08-30_14-34-17-360581_adaptiveTTL,adaptiveTTL,burst-load,1788100511.361000,54.000419,l1_hits,all,3022
2026-08-30_14-34-17-360581_adaptiveTTL,adaptiveTTL,burst-load,1788100512.361000,55.000419,l1_hits,all,3157
2026-08-30_14-34-17-360581_adaptiveTTL,adaptiveTTL,burst-load,1788100513.361000,56.000419,l1_hits,all,3282
2026-08-30_14-34-17-360581_adaptiveTTL,adaptiveTTL,burst-load,1788100514.361000,57.000419,l1_hits,all,3409
2026-08-30_14-34-17-360581_adaptiveTTL,adaptiveTTL,burst-load,1788100515.361000,58.000419,l1_hits,all,3540
2026-08-30_14-34-17-360581_adaptiveTTL,adaptiveTTL,burst-load,1788100516.361000,59.000419,l1_hits,all,3666
2026-08-30_14-34-17-360581_adaptiveTTL,adaptiveTTL,burst-load,1788100517.361000,60.000419,l1_hits,all,3793
2026-08-30_14-34-17-360581_adaptiveTTL,adaptiveTTL,burst-load,1788100518.361000,61.000419,l1_hits,all,3925
2026-08-30_14-34-17-360581_adaptiveTTL,adaptiveTTL,burst-load,1788100519.361000,62.000419,l1_hits,all,4040
2026-08-30_14-34-17-360581_adaptiveTTL,adaptiveTTL,burst-load,1788100520.361000,63.000419,l1_hits,all,4161
2026-08-30_14-34-17-360581_adaptiveTTL,adaptiveTTL,burst-load,1788100521.361000,64.000419,l1_hits,all,4288
2026-08-30_14-34-17-360581_adaptiveTTL,adaptiveTTL,burst-load,1788100522.361000,65.000419,l1_hits,all,4410
2026-08-30_14-34-17-360581_adaptiveTTL,adaptiveTTL,burst-load,1788100523.361000,66.000419,l1_hits,all,4544
2026-08-30_14-34-17-360581_adaptiveTTL,adaptiveTTL,burst-load,1788100524.361000,67.000419,l1_hits,all,4678
2026-08-30_14-34-17-360581_adaptiveTTL,adaptiveTTL,burst-load,1788100525.361000,68.000419,l1_hits,all,4812
2026-08-30_14-34-17-360581_adaptiveTTL,adaptiveTTL,burst-load,1788100526.361000,69.000419,l1_hits,all,4943
2026-08-30_14-34-17-360581_adaptiveTTL,adaptiveTTL,burst-load,1788100527.361000,70.000419,l1_hits,all,5074
2026-08-30_14-34-17-360581_adaptiveTTL,adaptiveTTL,burst-load,1788100528.361000,71.000419,l1_hits,all,5209
2026-08-30_14-34-17-360581_adaptiveTTL,adaptiveTTL,burst-load,1788100529.361000,72.000419,l1_hits,all,5341
2026-08-30_14-34-17-360581_adaptiveTTL,adaptiveTTL,burst-load,1788100530.361000,73.000419,l1_hits,all,5460
2026-08-30_14-34-17-360581_adaptiveTTL,adaptiveTTL,burst-load,1788100531.361000,74.000419,l1_hits,all,5591
2026-08-30_14-34-17-360581_adaptiveTTL,adaptiveTTL,burst-load,1788100532.361000,75.000419,l1_hits,all,5718
2026-08-30_14-34-17-360581_adaptiveTTL,adaptiveTTL,burst-load,1788100533.361000,76.000419,l1_hits,all,5852
2026-08-30_14-34-17-360581_adaptiveTTL,adaptiveTTL,burst-load,1788100534.361000,77.000419,l1_hits,all,5967
2026-08-30_14-34-17-360581_adaptiveTTL,adaptiveTTL,burst-load,1788100535.361000,78.000419,l1_hits,all,6038
2026-08-30_14-34-17-360581_adaptiveTTL,adaptiveTTL,burst-load,1788100536.361000,79.000419,l1_hits,all,6054
2026-08-30_14-34-17-360581_adaptiveTTL,adaptiveTTL,burst-load,1788100537.361000,80.000419,l1_hits,all,6071
2026-08-30_14-34-17-360581_adaptiveTTL,adaptiveTTL,burst-load,1788100538.361000,81.000419,l1_hits,all,6081
2026-08-30_14-34-17-360581_adaptiveTTL,adaptiveTTL,burst-load,1788100539.361000,82.000419,l1_hits,all,6094
2026-08-30_14-34-17-360581_adaptiveTTL,adaptiveTTL,burst-load,1788100540.361000,83.000419,l1_hits,all,6112
2026-08-30_14-34-17-360581_adaptiveTTL,adaptiveTTL,burst-load,1788100541.361000,84.000419,l1_hits,all,6130
2026-08-30_14-34-17-360581_adaptiveTTL,adaptiveTTL,burst-load,1788100542.361000,85.000419,l1_hits,all,6144
2026-08-30_14-34-17-360581_adaptiveTTL,adaptiveTTL,burst-load,1788100543.361000,86.000419,l1_hits,all,6157
2026-08-30_14-34-17-360581_adaptiveTTL,adaptiveTTL,burst-load,1788100544.361000,87.000419,l1_hits,all,6166
2026-08-30_14-34-17-360581_adaptiveTTL,adaptiveTTL,burst-load,1788100545.361000,88.000419,l1_hits,all,6176
2026-08-30_14-34-17-360581_adaptiveTTL,adaptiveTTL,burst-load,1788100546.361000,89.000419,l1_hits,all,6190
2026-08-30_14-34-17-360581_adaptiveTTL,adaptiveTTL,burst-load,1788100547.361000,90.000419,l1_hits,all,6201
2026-08-30_14-34-17-360581_adaptiveTTL,adaptiveTTL,burst-load,1788100548.361000,91.000419,l1_hits,all,6212
2026-08-30_14-34-17-360581_adaptiveTTL,adaptiveTTL,burst-load,1788100549.361000,92.000419,l1_hits,all,6228
2026-08-30_14-34-17-360581_adaptiveTTL,adaptiveTTL,burst-load,1788100550.361000,93.000419,l1_hits,all,6241
2026-08-30_14-34-17-360581_adaptiveTTL,adaptiveTTL,burst-load,1788100551.361000,94.000419,l1_hits,all,6254
2026-08-30_14-34-17-360581_adaptiveTTL,adaptiveTTL,burst-load,1788100552.361000,95.000419,l1_hits,all,6267
2026-08-30_14-34-17-360581_adaptiveTTL,adaptiveTTL,burst-load,1788100553.361000,96.000419,l1_hits,all,6277
2026-08-30_14-34-17-360581_adaptiveTTL,adaptiveTTL,burst-load,1788100554.361000,97.000419,l1_hits,all,6290
2026-08-30_14-34-17-360581_adaptiveTTL,adaptiveTTL,burst-load,1788100555.361000,98.000419,l1_hits,all,6302
2026-08-30_14-34-17-360581_adaptiveTTL,adaptiveTTL,burst-load,1788100556.361000,99.000419,l1_hits,all,6317
2026-08-30_14-34-17-360581_adaptiveTTL,adaptiveTTL,burst-load,1788100557.361000,100.000419,l1_hits,all,6331
2026-08-30_14-34-17-360581_adaptiveTTL,adaptiveTTL,burst-load,1788100558.361000,101.000419,l1_hits,all,6340
2026-08-30_14-34-17-360581_adaptiveTTL,adaptiveTTL,burst-load,1788100559.361000,102.000419,l1_hits,all,6350
2026-08-30_14-34-17-360581_adaptiveTTL,adaptiveTTL,burst-load,1788100560.361000,103.000419,l1_hits,all,6362
2026-08-30_14-34-17-360581_adaptiveTTL,adaptiveTTL,burst-load,1788100561.361000,104.000419,l1_hits,all,6372
2026-08-30_14-34-17-360581_adaptiveTTL,adaptiveTTL,burst-load,1788100562.361000,105.000419,l1_hits,all,6381
2026-08-30_14-34-17-360581_adaptiveTTL,adaptiveTTL,burst-load,1788100563.361000,106.000419,l1_hits,all,6396
2026-08-30_14-34-17-360581_adaptiveTTL,adaptiveTTL,burst-load,1788100564.361000,107.000419,l1_hits,all,6403
2026-08-30_14-34-17-360581_adaptiveTTL,adaptiveTTL,burst-load,1788100565.361000,108.000419,l1_hits,all,6414
2026-08-30_14-34-17-360581_adaptiveTTL,adaptiveTTL,burst-load,1788100566.361000,109.000419,l1_hits,all,6425
2026-08-30_14-34-17-360581_adaptiveTTL,adaptiveTTL,burst-load,1788100567.361000,110.000419,l1_hits,all,6432
2026-08-30_14-34-17-360581_adaptiveTTL,adaptiveTTL,burst-load,1788100568.361000,111.000419,l1_hits,all,6446
2026-08-30_14-34-17-360581_adaptiveTTL,adaptiveTTL,burst-load,1788100569.361000,112.000419,l1_hits,all,6457
2026-08-30_14-34-17-360581_adaptiveTTL,adaptiveTTL,burst-load,1788100570.361000,113.000419,l1_hits,all,6463
2026-08-30_14-34-17-360581_adaptiveTTL,adaptiveTTL,burst-load,1788100571.361000,114.000419,l1_hits,all,6475
2026-08-30_14-34-17-360581_adaptiveTTL,adaptiveTTL,burst-load,1788100572.361000,115.000419,l1_hits,all,6485
2026-08-30_14-34-17-360581_adaptiveTTL,adaptiveTTL,burst-load,1788100573.361000,116.000419,l1_hits,all,6498
2026-08-30_14-34-17-360581_adaptiveTTL,adaptiveTTL,burst-load,1788100574.361000,117.000419,l1_hits,all,6505
2026-08-30_14-34-17-360581_adaptiveTTL,adaptiveTTL,burst-load,1788100575.361000,118.000419,l1_hits,all,6515
2026-08-30_14-34-17-360581_adaptiveTTL,adaptiveTTL,burst-load,1788100576.361000,119.000419,l1_hits,all,6518
2026-08-30_14-34-17-360581_adaptiveTTL,adaptiveTTL,burst-load,1788100577.361000,120.000419,l1_hits,all,6522
2026-08-30_14-34-17-360581_adaptiveTTL,adaptiveTTL,burst-load,1788100578.361000,121.000419,l1_hits,all,6534
2026-08-30_14-34-17-360581_adaptiveTTL,adaptiveTTL,burst-load,1788100579.361000,122.000419,l1_hits,all,6541
2026-08-30_14-34-17-360581_adaptiveTTL,adaptiveTTL,burst-load,1788100457.361000,0.000419,l2_hits,all,0
2026-08-30_14-34-17-360581_adaptiveTTL,adaptiveTTL,burst-load,1788100458.361000,1.000419,l2_hits,all,0
2026-08-30_14-34-17-360581_adaptiveTTL,adaptiveTTL,burst-load,1788100459.361000,2.000419,l2_hits,all,3
2026-08-30_14-34-17-360581_adaptiveTTL,adaptiveTTL,burst-load,1788100460.361000,3.000419,l2_hits,all,4
2026-08-30_14-34-17-360581_adaptiveTTL,adaptiveTTL,burst-load,1788100461.361000,4.000419,l2_hits,all,7
2026-08-30_14-34-17-360581_adaptiveTTL,adaptiveTTL,burst-load,1788100462.361000,5.000419,l2_hits,all,12
2026-08-30_14-34-17-360581_adaptiveTTL,adaptiveTTL,burst-load,1788100463.361000,6.000419,l2_hits,all,13
2026-08-30_14-34-17-360581_adaptiveTTL,adaptiveTTL,burst-load,1788100464.361000,7.000419,l2_hits,all,18
2026-08-30_14-34-17-360581_adaptiveTTL,adaptiveTTL,burst-load,1788100465.361000,8.000419,l2_hits,all,27
2026-08-30_14-34-17-360581_adaptiveTTL,adaptiveTTL,burst-load,1788100466.361000,9.000419,l2_hits,all,34
2026-08-30_14-34-17-360581_adaptiveTTL,adaptiveTTL,burst-load,1788100467.361000,10.000419,l2_hits,all,43
2026-08-30_14-34-17-360581_adaptiveTTL,adaptiveTTL,burst-load,1788100468.361000,11.000419,l2_hits,all,49
2026-08-30_14-34-17-360581_adaptiveTTL,adaptiveTTL,burst-load,1788100469.361000,12.000419,l2_hits,all,56
2026-08-30_14-34-17-360581_adaptiveTTL,adaptiveTTL,burst-load,1788100470.361000,13.000419,l2_hits,all,66
2026-08-30_14-34-17-360581_adaptiveTTL,adaptiveTTL,burst-load,1788100471.361000,14.000419,l2_hits,all,76
2026-08-30_14-34-17-360581_adaptiveTTL,adaptiveTTL,burst-load,1788100472.361000,15.000419,l2_hits,all,85
2026-08-30_14-34-17-360581_adaptiveTTL,adaptiveTTL,burst-load,1788100473.361000,16.000419,l2_hits,all,92
2026-08-30_14-34-17-360581_adaptiveTTL,adaptiveTTL,burst-load,1788100474.361000,17.000419,l2_hits,all,101
2026-08-30_14-34-17-360581_adaptiveTTL,adaptiveTTL,burst-load,1788100475.361000,18.000419,l2_hits,all,110
2026-08-30_14-34-17-360581_adaptiveTTL,adaptiveTTL,burst-load,1788100476.361000,19.000419,l2_hits,all,112
2026-08-30_14-34-17-360581_adaptiveTTL,adaptiveTTL,burst-load,1788100477.361000,20.000419,l2_hits,all,116
2026-08-30_14-34-17-360581_adaptiveTTL,adaptiveTTL,burst-load,1788100478.361000,21.000419,l2_hits,all,119
2026-08-30_14-34-17-360581_adaptiveTTL,adaptiveTTL,burst-load,1788100479.361000,22.000419,l2_hits,all,126
2026-08-30_14-34-17-360581_adaptiveTTL,adaptiveTTL,burst-load,1788100480.361000,23.000419,l2_hits,all,133
2026-08-30_14-34-17-360581_adaptiveTTL,adaptiveTTL,burst-load,1788100481.361000,24.000419,l2_hits,all,143
2026-08-30_14-34-17-360581_adaptiveTTL,adaptiveTTL,burst-load,1788100482.361000,25.000419,l2_hits,all,150
2026-08-30_14-34-17-360581_adaptiveTTL,adaptiveTTL,burst-load,1788100483.361000,26.000419,l2_hits,all,157
2026-08-30_14-34-17-360581_adaptiveTTL,adaptiveTTL,burst-load,1788100484.361000,27.000419,l2_hits,all,166
2026-08-30_14-34-17-360581_adaptiveTTL,adaptiveTTL,burst-load,1788100485.361000,28.000419,l2_hits,all,173
2026-08-30_14-34-17-360581_adaptiveTTL,adaptiveTTL,burst-load,1788100486.361000,29.000419,l2_hits,all,181
2026-08-30_14-34-17-360581_adaptiveTTL,adaptiveTTL,burst-load,1788100487.361000,30.000419,l2_hits,all,186
2026-08-30_14-34-17-360581_adaptiveTTL,adaptiveTTL,burst-load,1788100488.361000,31.000419,l2_hits,all,194
2026-08-30_14-34-17-360581_adaptiveTTL,adaptiveTTL,burst-load,1788100489.361000,32.000419,l2_hits,all,214
2026-08-30_14-34-17-360581_adaptiveTTL,adaptiveTTL,burst-load,1788100490.361000,33.000419,l2_hits,all,240
2026-08-30_14-34-17-360581_adaptiveTTL,adaptiveTTL,burst-load,1788100491.361000,34.000419,l2_hits,all,281
2026-08-30_14-34-17-360581_adaptiveTTL,adaptiveTTL,burst-load,1788100492.361000,35.000419,l2_hits,all,316
2026-08-30_14-34-17-360581_adaptiveTTL,adaptiveTTL,burst-load,1788100493.361000,36.000419,l2_hits,all,358
2026-08-30_14-34-17-360581_adaptiveTTL,adaptiveTTL,burst-load,1788100494.361000,37.000419,l2_hits,all,410
2026-08-30_14-34-17-360581_adaptiveTTL,adaptiveTTL,burst-load,1788100495.361000,38.000419,l2_hits,all,471
2026-08-30_14-34-17-360581_adaptiveTTL,adaptiveTTL,burst-load,1788100496.361000,39.000419,l2_hits,all,514
2026-08-30_14-34-17-360581_adaptiveTTL,adaptiveTTL,burst-load,1788100497.361000,40.000419,l2_hits,all,552
2026-08-30_14-34-17-360581_adaptiveTTL,adaptiveTTL,burst-load,1788100498.361000,41.000419,l2_hits,all,597
2026-08-30_14-34-17-360581_adaptiveTTL,adaptiveTTL,burst-load,1788100499.361000,42.000419,l2_hits,all,660
2026-08-30_14-34-17-360581_adaptiveTTL,adaptiveTTL,burst-load,1788100500.361000,43.000419,l2_hits,all,707
2026-08-30_14-34-17-360581_adaptiveTTL,adaptiveTTL,burst-load,1788100501.361000,44.000419,l2_hits,all,752
2026-08-30_14-34-17-360581_adaptiveTTL,adaptiveTTL,burst-load,1788100502.361000,45.000419,l2_hits,all,793
2026-08-30_14-34-17-360581_adaptiveTTL,adaptiveTTL,burst-load,1788100503.361000,46.000419,l2_hits,all,830
2026-08-30_14-34-17-360581_adaptiveTTL,adaptiveTTL,burst-load,1788100504.361000,47.000419,l2_hits,all,876
2026-08-30_14-34-17-360581_adaptiveTTL,adaptiveTTL,burst-load,1788100505.361000,48.000419,l2_hits,all,925
2026-08-30_14-34-17-360581_adaptiveTTL,adaptiveTTL,burst-load,1788100506.361000,49.000419,l2_hits,all,973
2026-08-30_14-34-17-360581_adaptiveTTL,adaptiveTTL,burst-load,1788100507.361000,50.000419,l2_hits,all,1019
2026-08-30_14-34-17-360581_adaptiveTTL,adaptiveTTL,burst-load,1788100508.361000,51.000419,l2_hits,all,1073
2026-08-30_14-34-17-360581_adaptiveTTL,adaptiveTTL,burst-load,1788100509.361000,52.000419,l2_hits,all,1124
2026-08-30_14-34-17-360581_adaptiveTTL,adaptiveTTL,burst-load,1788100510.361000,53.000419,l2_hits,all,1174
2026-08-30_14-34-17-360581_adaptiveTTL,adaptiveTTL,burst-load,1788100511.361000,54.000419,l2_hits,all,1223
2026-08-30_14-34-17-360581_adaptiveTTL,adaptiveTTL,burst-load,1788100512.361000,55.000419,l2_hits,all,1267
2026-08-30_14-34-17-360581_adaptiveTTL,adaptiveTTL,burst-load,1788100513.361000,56.000419,l2_hits,all,1318
2026-08-30_14-34-17-360581_adaptiveTTL,adaptiveTTL,burst-load,1788100514.361000,57.000419,l2_hits,all,1370
2026-08-30_14-34-17-360581_adaptiveTTL,adaptiveTTL,burst-load,1788100515.361000,58.000419,l2_hits,all,1418
2026-08-30_14-34-17-360581_adaptiveTTL,adaptiveTTL,burst-load,1788100516.361000,59.000419,l2_hits,all,1470
2026-08-30_14-34-17-360581_adaptiveTTL,adaptiveTTL,burst-load,1788100517.361000,60.000419,l2_hits,all,1520
2026-08-30_14-34-17-360581_adaptiveTTL,adaptiveTTL,burst-load,1788100518.361000,61.000419,l2_hits,all,1566
2026-08-30_14-34-17-360581_adaptiveTTL,adaptiveTTL,burst-load,1788100519.361000,62.000419,l2_hits,all,1629
2026-08-30_14-34-17-360581_adaptiveTTL,adaptiveTTL,burst-load,1788100520.361000,63.000419,l2_hits,all,1688
2026-08-30_14-34-17-360581_adaptiveTTL,adaptiveTTL,burst-load,1788100521.361000,64.000419,l2_hits,all,1740
2026-08-30_14-34-17-360581_adaptiveTTL,adaptiveTTL,burst-load,1788100522.361000,65.000419,l2_hits,all,1787
2026-08-30_14-34-17-360581_adaptiveTTL,adaptiveTTL,burst-load,1788100523.361000,66.000419,l2_hits,all,1825
2026-08-30_14-34-17-360581_adaptiveTTL,adaptiveTTL,burst-load,1788100524.361000,67.000419,l2_hits,all,1870
2026-08-30_14-34-17-360581_adaptiveTTL,adaptiveTTL,burst-load,1788100525.361000,68.000419,l2_hits,all,1911
2026-08-30_14-34-17-360581_adaptiveTTL,adaptiveTTL,burst-load,1788100526.361000,69.000419,l2_hits,all,1957
2026-08-30_14-34-17-360581_adaptiveTTL,adaptiveTTL,burst-load,1788100527.361000,70.000419,l2_hits,all,2002
2026-08-30_14-34-17-360581_adaptiveTTL,adaptiveTTL,burst-load,1788100528.361000,71.000419,l2_hits,all,2040
2026-08-30_14-34-17-360581_adaptiveTTL,adaptiveTTL,burst-load,1788100529.361000,72.000419,l2_hits,all,2086
2026-08-30_14-34-17-360581_adaptiveTTL,adaptiveTTL,burst-load,1788100530.361000,73.000419,l2_hits,all,2138
2026-08-30_14-34-17-360581_adaptiveTTL,adaptiveTTL,burst-load,1788100531.361000,74.000419,l2_hits,all,2176
2026-08-30_14-34-17-360581_adaptiveTTL,adaptiveTTL,burst-load,1788100532.361000,75.000419,l2_hits,all,2226
2026-08-30_14-34-17-360581_adaptiveTTL,adaptiveTTL,burst-load,1788100533.361000,76.000419,l2_hits,all,2267
2026-08-30_14-34-17-360581_adaptiveTTL,adaptiveTTL,burst-load,1788100534.361000,77.000419,l2_hits,all,2324
2026-08-30_14-34-17-360581_adaptiveTTL,adaptiveTTL,burst-load,1788100535.361000,78.000419,l2_hits,all,2356
2026-08-30_14-34-17-360581_adaptiveTTL,adaptiveTTL,burst-load,1788100536.361000,79.000419,l2_hits,all,2363
2026-08-30_14-34-17-360581_adaptiveTTL,adaptiveTTL,burst-load,1788100537.361000,80.000419,l2_hits,all,2366
2026-08-30_14-34-17-360581_adaptiveTTL,adaptiveTTL,burst-load,1788100538.361000,81.000419,l2_hits,all,2375
2026-08-30_14-34-17-360581_adaptiveTTL,adaptiveTTL,burst-load,1788100539.361000,82.000419,l2_hits,all,2380
2026-08-30_14-34-17-360581_adaptiveTTL,adaptiveTTL,burst-load,1788100540.361000,83.000419,l2_hits,all,2382
2026-08-30_14-34-17-360581_adaptiveTTL,adaptiveTTL,burst-load,1788100541.361000,84.000419,l2_hits,all,2384
2026-08-30_14-34-17-360581_adaptiveTTL,adaptiveTTL,burst-load,1788100542.361000,85.000419,l2_hits,all,2388
2026-08-30_14-34-17-360581_adaptiveTTL,adaptiveTTL,burst-load,1788100543.361000,86.000419,l2_hits,all,2392
2026-08-30_14-34-17-360581_adaptiveTTL,adaptiveTTL,burst-load,1788100544.361000,87.000419,l2_hits,all,2401
2026-08-30_14-34-17-360581_adaptiveTTL,adaptiveTTL,burst-load,1788100545.361000,88.000419,l2_hits,all,2409
2026-08-30_14-34-17-360581_adaptiveTTL,adaptiveTTL,burst-load,1788100546.361000,89.000419,l2_hits,all,2413
2026-08-30_14-34-17-360581_adaptiveTTL,adaptiveTTL,burst-load,1788100547.361000,90.000419,l2_hits,all,2418
2026-08-30_14-34-17-360581_adaptiveTTL,adaptiveTTL,burst-load,1788100548.361000,91.000419,l2_hits,all,2425
2026-08-30_14-34-17-360581_adaptiveTTL,adaptiveTTL,burst-load,1788100549.361000,92.000419,l2_hits,all,2427
2026-08-30_14-34-17-360581_adaptiveTTL,adaptiveTTL,burst-load,1788100550.361000,93.000419,l2_hits,all,2433
2026-08-30_14-34-17-360581_adaptiveTTL,adaptiveTTL,burst-load,1788100551.361000,94.000419,l2_hits,all,2438
2026-08-30_14-34-17-360581_adaptiveTTL,adaptiveTTL,burst-load,1788100552.361000,95.000419,l2_hits,all,2444
2026-08-30_14-34-17-360581_adaptiveTTL,adaptiveTTL,burst-load,1788100553.361000,96.000419,l2_hits,all,2453
2026-08-30_14-34-17-360581_adaptiveTTL,adaptiveTTL,burst-load,1788100554.361000,97.000419,l2_hits,all,2460
2026-08-30_14-34-17-360581_adaptiveTTL,adaptiveTTL,burst-load,1788100555.361000,98.000419,l2_hits,all,2467
2026-08-30_14-34-17-360581_adaptiveTTL,adaptiveTTL,burst-load,1788100556.361000,99.000419,l2_hits,all,2471
2026-08-30_14-34-17-360581_adaptiveTTL,adaptiveTTL,burst-load,1788100557.361000,100.000419,l2_hits,all,2477
2026-08-30_14-34-17-360581_adaptiveTTL,adaptiveTTL,burst-load,1788100558.361000,101.000419,l2_hits,all,2485
2026-08-30_14-34-17-360581_adaptiveTTL,adaptiveTTL,burst-load,1788100559.361000,102.000419,l2_hits,all,2490
2026-08-30_14-34-17-360581_adaptiveTTL,adaptiveTTL,burst-load,1788100560.361000,103.000419,l2_hits,all,2496
2026-08-30_14-34-17-360581_adaptiveTTL,adaptiveTTL,burst-load,1788100561.361000,104.000419,l2_hits,all,2503
2026-08-30_14-34-17-360581_adaptiveTTL,adaptiveTTL,burst-load,1788100562.361000,105.000419,l2_hits,all,2510
2026-08-30_14-34-17-360581_adaptiveTTL,adaptiveTTL,burst-load,1788100563.361000,106.000419,l2_hits,all,2513
2026-08-30_14-34-17-360581_adaptiveTTL,adaptiveTTL,burst-load,1788100564.361000,107.000419,l2_hits,all,2522
2026-08-30_14-34-17-360581_adaptiveTTL,adaptiveTTL,burst-load,1788100565.361000,108.000419,l2_hits,all,2530
2026-08-30_14-34-17-360581_adaptiveTTL,adaptiveTTL,burst-load,1788100566.361000,109.000419,l2_hits,all,2536
2026-08-30_14-34-17-360581_adaptiveTTL,adaptiveTTL,burst-load,1788100567.361000,110.000419,l2_hits,all,2543
2026-08-30_14-34-17-360581_adaptiveTTL,adaptiveTTL,burst-load,1788100568.361000,111.000419,l2_hits,all,2546
2026-08-30_14-34-17-360581_adaptiveTTL,adaptiveTTL,burst-load,1788100569.361000,112.000419,l2_hits,all,2554
2026-08-30_14-34-17-360581_adaptiveTTL,adaptiveTTL,burst-load,1788100570.361000,113.000419,l2_hits,all,2565
2026-08-30_14-34-17-360581_adaptiveTTL,adaptiveTTL,burst-load,1788100571.361000,114.000419,l2_hits,all,2571
2026-08-30_14-34-17-360581_adaptiveTTL,adaptiveTTL,burst-load,1788100572.361000,115.000419,l2_hits,all,2578
2026-08-30_14-34-17-360581_adaptiveTTL,adaptiveTTL,burst-load,1788100573.361000,116.000419,l2_hits,all,2584
2026-08-30_14-34-17-360581_adaptiveTTL,adaptiveTTL,burst-load,1788100574.361000,117.000419,l2_hits,all,2591
2026-08-30_14-34-17-360581_adaptiveTTL,adaptiveTTL,burst-load,1788100575.361000,118.000419,l2_hits,all,2598
2026-08-30_14-34-17-360581_adaptiveTTL,adaptiveTTL,burst-load,1788100576.361000,119.000419,l2_hits,all,2611
2026-08-30_14-34-17-360581_adaptiveTTL,adaptiveTTL,burst-load,1788100577.361000,120.000419,l2_hits,all,2623
2026-08-30_14-34-17-360581_adaptiveTTL,adaptiveTTL,burst-load,1788100578.361000,121.000419,l2_hits,all,2631
2026-08-30_14-34-17-360581_adaptiveTTL,adaptiveTTL,burst-load,1788100579.361000,122.000419,l2_hits,all,2642
2026-08-30_14-34-17-360581_adaptiveTTL,adaptiveTTL,burst-load,1788100457.361000,0.000419,backend_calls,all,0
2026-08-30_14-34-17-360581_adaptiveTTL,adaptiveTTL,burst-load,1788100458.361000,1.000419,backend_calls,all,5
2026-08-30_14-34-17-360581_adaptiveTTL,adaptiveTTL,burst-load,1788100459.361000,2.000419,backend_calls,all,19
2026-08-30_14-34-17-360581_adaptiveTTL,adaptiveTTL,burst-load,1788100460.361000,3.000419,backend_calls,all,33
2026-08-30_14-34-17-360581_adaptiveTTL,adaptiveTTL,burst-load,1788100461.361000,4.000419,backend_calls,all,40
2026-08-30_14-34-17-360581_adaptiveTTL,adaptiveTTL,burst-load,1788100462.361000,5.000419,backend_calls,all,49
2026-08-30_14-34-17-360581_adaptiveTTL,adaptiveTTL,burst-load,1788100463.361000,6.000419,backend_calls,all,56
2026-08-30_14-34-17-360581_adaptiveTTL,adaptiveTTL,burst-load,1788100464.361000,7.000419,backend_calls,all,58
2026-08-30_14-34-17-360581_adaptiveTTL,adaptiveTTL,burst-load,1788100465.361000,8.000419,backend_calls,all,64
2026-08-30_14-34-17-360581_adaptiveTTL,adaptiveTTL,burst-load,1788100466.361000,9.000419,backend_calls,all,70
2026-08-30_14-34-17-360581_adaptiveTTL,adaptiveTTL,burst-load,1788100467.361000,10.000419,backend_calls,all,73
2026-08-30_14-34-17-360581_adaptiveTTL,adaptiveTTL,burst-load,1788100468.361000,11.000419,backend_calls,all,75
2026-08-30_14-34-17-360581_adaptiveTTL,adaptiveTTL,burst-load,1788100469.361000,12.000419,backend_calls,all,79
2026-08-30_14-34-17-360581_adaptiveTTL,adaptiveTTL,burst-load,1788100470.361000,13.000419,backend_calls,all,82
2026-08-30_14-34-17-360581_adaptiveTTL,adaptiveTTL,burst-load,1788100471.361000,14.000419,backend_calls,all,84
2026-08-30_14-34-17-360581_adaptiveTTL,adaptiveTTL,burst-load,1788100472.361000,15.000419,backend_calls,all,84
2026-08-30_14-34-17-360581_adaptiveTTL,adaptiveTTL,burst-load,1788100473.361000,16.000419,backend_calls,all,89
2026-08-30_14-34-17-360581_adaptiveTTL,adaptiveTTL,burst-load,1788100474.361000,17.000419,backend_calls,all,98
2026-08-30_14-34-17-360581_adaptiveTTL,adaptiveTTL,burst-load,1788100475.361000,18.000419,backend_calls,all,103
2026-08-30_14-34-17-360581_adaptiveTTL,adaptiveTTL,burst-load,1788100476.361000,19.000419,backend_calls,all,114
2026-08-30_14-34-17-360581_adaptiveTTL,adaptiveTTL,burst-load,1788100477.361000,20.000419,backend_calls,all,120
2026-08-30_14-34-17-360581_adaptiveTTL,adaptiveTTL,burst-load,1788100478.361000,21.000419,backend_calls,all,123
2026-08-30_14-34-17-360581_adaptiveTTL,adaptiveTTL,burst-load,1788100479.361000,22.000419,backend_calls,all,131
2026-08-30_14-34-17-360581_adaptiveTTL,adaptiveTTL,burst-load,1788100480.361000,23.000419,backend_calls,all,138
2026-08-30_14-34-17-360581_adaptiveTTL,adaptiveTTL,burst-load,1788100481.361000,24.000419,backend_calls,all,142
2026-08-30_14-34-17-360581_adaptiveTTL,adaptiveTTL,burst-load,1788100482.361000,25.000419,backend_calls,all,145
2026-08-30_14-34-17-360581_adaptiveTTL,adaptiveTTL,burst-load,1788100483.361000,26.000419,backend_calls,all,147
2026-08-30_14-34-17-360581_adaptiveTTL,adaptiveTTL,burst-load,1788100484.361000,27.000419,backend_calls,all,150
2026-08-30_14-34-17-360581_adaptiveTTL,adaptiveTTL,burst-load,1788100485.361000,28.000419,backend_calls,all,153
2026-08-30_14-34-17-360581_adaptiveTTL,adaptiveTTL,burst-load,1788100486.361000,29.000419,backend_calls,all,157
2026-08-30_14-34-17-360581_adaptiveTTL,adaptiveTTL,burst-load,1788100487.361000,30.000419,backend_calls,all,165
2026-08-30_14-34-17-360581_adaptiveTTL,adaptiveTTL,burst-load,1788100488.361000,31.000419,backend_calls,all,171
2026-08-30_14-34-17-360581_adaptiveTTL,adaptiveTTL,burst-load,1788100489.361000,32.000419,backend_calls,all,203
2026-08-30_14-34-17-360581_adaptiveTTL,adaptiveTTL,burst-load,1788100490.361000,33.000419,backend_calls,all,225
2026-08-30_14-34-17-360581_adaptiveTTL,adaptiveTTL,burst-load,1788100491.361000,34.000419,backend_calls,all,237
2026-08-30_14-34-17-360581_adaptiveTTL,adaptiveTTL,burst-load,1788100492.361000,35.000419,backend_calls,all,254
2026-08-30_14-34-17-360581_adaptiveTTL,adaptiveTTL,burst-load,1788100493.361000,36.000419,backend_calls,all,264
2026-08-30_14-34-17-360581_adaptiveTTL,adaptiveTTL,burst-load,1788100494.361000,37.000419,backend_calls,all,272
2026-08-30_14-34-17-360581_adaptiveTTL,adaptiveTTL,burst-load,1788100495.361000,38.000419,backend_calls,all,274
2026-08-30_14-34-17-360581_adaptiveTTL,adaptiveTTL,burst-load,1788100496.361000,39.000419,backend_calls,all,278
2026-08-30_14-34-17-360581_adaptiveTTL,adaptiveTTL,burst-load,1788100497.361000,40.000419,backend_calls,all,282
2026-08-30_14-34-17-360581_adaptiveTTL,adaptiveTTL,burst-load,1788100498.361000,41.000419,backend_calls,all,285
2026-08-30_14-34-17-360581_adaptiveTTL,adaptiveTTL,burst-load,1788100499.361000,42.000419,backend_calls,all,308
2026-08-30_14-34-17-360581_adaptiveTTL,adaptiveTTL,burst-load,1788100500.361000,43.000419,backend_calls,all,315
2026-08-30_14-34-17-360581_adaptiveTTL,adaptiveTTL,burst-load,1788100501.361000,44.000419,backend_calls,all,327
2026-08-30_14-34-17-360581_adaptiveTTL,adaptiveTTL,burst-load,1788100502.361000,45.000419,backend_calls,all,343
2026-08-30_14-34-17-360581_adaptiveTTL,adaptiveTTL,burst-load,1788100503.361000,46.000419,backend_calls,all,364
2026-08-30_14-34-17-360581_adaptiveTTL,adaptiveTTL,burst-load,1788100504.361000,47.000419,backend_calls,all,370
2026-08-30_14-34-17-360581_adaptiveTTL,adaptiveTTL,burst-load,1788100505.361000,48.000419,backend_calls,all,376
2026-08-30_14-34-17-360581_adaptiveTTL,adaptiveTTL,burst-load,1788100506.361000,49.000419,backend_calls,all,383
2026-08-30_14-34-17-360581_adaptiveTTL,adaptiveTTL,burst-load,1788100507.361000,50.000419,backend_calls,all,389
2026-08-30_14-34-17-360581_adaptiveTTL,adaptiveTTL,burst-load,1788100508.361000,51.000419,backend_calls,all,393
2026-08-30_14-34-17-360581_adaptiveTTL,adaptiveTTL,burst-load,1788100509.361000,52.000419,backend_calls,all,399
2026-08-30_14-34-17-360581_adaptiveTTL,adaptiveTTL,burst-load,1788100510.361000,53.000419,backend_calls,all,405
2026-08-30_14-34-17-360581_adaptiveTTL,adaptiveTTL,burst-load,1788100511.361000,54.000419,backend_calls,all,407
2026-08-30_14-34-17-360581_adaptiveTTL,adaptiveTTL,burst-load,1788100512.361000,55.000419,backend_calls,all,409
2026-08-30_14-34-17-360581_adaptiveTTL,adaptiveTTL,burst-load,1788100513.361000,56.000419,backend_calls,all,411
2026-08-30_14-34-17-360581_adaptiveTTL,adaptiveTTL,burst-load,1788100514.361000,57.000419,backend_calls,all,412
2026-08-30_14-34-17-360581_adaptiveTTL,adaptiveTTL,burst-load,1788100515.361000,58.000419,backend_calls,all,415
2026-08-30_14-34-17-360581_adaptiveTTL,adaptiveTTL,burst-load,1788100516.361000,59.000419,backend_calls,all,417
2026-08-30_14-34-17-360581_adaptiveTTL,adaptiveTTL,burst-load,1788100517.361000,60.000419,backend_calls,all,419
2026-08-30_14-34-17-360581_adaptiveTTL,adaptiveTTL,burst-load,1788100518.361000,61.000419,backend_calls,all,421
2026-08-30_14-34-17-360581_adaptiveTTL,adaptiveTTL,burst-load,1788100519.361000,62.000419,backend_calls,all,422
2026-08-30_14-34-17-360581_adaptiveTTL,adaptiveTTL,burst-load,1788100520.361000,63.000419,backend_calls,all,422
2026-08-30_14-34-17-360581_adaptiveTTL,adaptiveTTL,burst-load,1788100521.361000,64.000419,backend_calls,all,423
2026-08-30_14-34-17-360581_adaptiveTTL,adaptiveTTL,burst-load,1788100522.361000,65.000419,backend_calls,all,438
2026-08-30_14-34-17-360581_adaptiveTTL,adaptiveTTL,burst-load,1788100523.361000,66.000419,backend_calls,all,442
2026-08-30_14-34-17-360581_adaptiveTTL,adaptiveTTL,burst-load,1788100524.361000,67.000419,backend_calls,all,445
2026-08-30_14-34-17-360581_adaptiveTTL,adaptiveTTL,burst-load,1788100525.361000,68.000419,backend_calls,all,449
2026-08-30_14-34-17-360581_adaptiveTTL,adaptiveTTL,burst-load,1788100526.361000,69.000419,backend_calls,all,453
2026-08-30_14-34-17-360581_adaptiveTTL,adaptiveTTL,burst-load,1788100527.361000,70.000419,backend_calls,all,456
2026-08-30_14-34-17-360581_adaptiveTTL,adaptiveTTL,burst-load,1788100528.361000,71.000419,backend_calls,all,463
2026-08-30_14-34-17-360581_adaptiveTTL,adaptiveTTL,burst-load,1788100529.361000,72.000419,backend_calls,all,468
2026-08-30_14-34-17-360581_adaptiveTTL,adaptiveTTL,burst-load,1788100530.361000,73.000419,backend_calls,all,476
2026-08-30_14-34-17-360581_adaptiveTTL,adaptiveTTL,burst-load,1788100531.361000,74.000419,backend_calls,all,486
2026-08-30_14-34-17-360581_adaptiveTTL,adaptiveTTL,burst-load,1788100532.361000,75.000419,backend_calls,all,487
2026-08-30_14-34-17-360581_adaptiveTTL,adaptiveTTL,burst-load,1788100533.361000,76.000419,backend_calls,all,494
2026-08-30_14-34-17-360581_adaptiveTTL,adaptiveTTL,burst-load,1788100534.361000,77.000419,backend_calls,all,498
2026-08-30_14-34-17-360581_adaptiveTTL,adaptiveTTL,burst-load,1788100535.361000,78.000419,backend_calls,all,501
2026-08-30_14-34-17-360581_adaptiveTTL,adaptiveTTL,burst-load,1788100536.361000,79.000419,backend_calls,all,501
2026-08-30_14-34-17-360581_adaptiveTTL,adaptiveTTL,burst-load,1788100537.361000,80.000419,backend_calls,all,501
2026-08-30_14-34-17-360581_adaptiveTTL,adaptiveTTL,burst-load,1788100538.361000,81.000419,backend_calls,all,502
2026-08-30_14-34-17-360581_adaptiveTTL,adaptiveTTL,burst-load,1788100539.361000,82.000419,backend_calls,all,504
2026-08-30_14-34-17-360581_adaptiveTTL,adaptiveTTL,burst-load,1788100540.361000,83.000419,backend_calls,all,504
2026-08-30_14-34-17-360581_adaptiveTTL,adaptiveTTL,burst-load,1788100541.361000,84.000419,backend_calls,all,504
2026-08-30_14-34-17-360581_adaptiveTTL,adaptiveTTL,burst-load,1788100542.361000,85.000419,backend_calls,all,507
2026-08-30_14-34-17-360581_adaptiveTTL,adaptiveTTL,burst-load,1788100543.361000,86.000419,backend_calls,all,510
2026-08-30_14-34-17-360581_adaptiveTTL,adaptiveTTL,burst-load,1788100544.361000,87.000419,backend_calls,all,511
2026-08-30_14-34-17-360581_adaptiveTTL,adaptiveTTL,burst-load,1788100545.361000,88.000419,backend_calls,all,514
2026-08-30_14-34-17-360581_adaptiveTTL,adaptiveTTL,burst-load,1788100546.361000,89.000419,backend_calls,all,518
2026-08-30_14-34-17-360581_adaptiveTTL,adaptiveTTL,burst-load,1788100547.361000,90.000419,backend_calls,all,520
2026-08-30_14-34-17-360581_adaptiveTTL,adaptiveTTL,burst-load,1788100548.361000,91.000419,backend_calls,all,521
2026-08-30_14-34-17-360581_adaptiveTTL,adaptiveTTL,burst-load,1788100549.361000,92.000419,backend_calls,all,524
2026-08-30_14-34-17-360581_adaptiveTTL,adaptiveTTL,burst-load,1788100550.361000,93.000419,backend_calls,all,525
2026-08-30_14-34-17-360581_adaptiveTTL,adaptiveTTL,burst-load,1788100551.361000,94.000419,backend_calls,all,527
2026-08-30_14-34-17-360581_adaptiveTTL,adaptiveTTL,burst-load,1788100552.361000,95.000419,backend_calls,all,527
2026-08-30_14-34-17-360581_adaptiveTTL,adaptiveTTL,burst-load,1788100553.361000,96.000419,backend_calls,all,528
2026-08-30_14-34-17-360581_adaptiveTTL,adaptiveTTL,burst-load,1788100554.361000,97.000419,backend_calls,all,528
2026-08-30_14-34-17-360581_adaptiveTTL,adaptiveTTL,burst-load,1788100555.361000,98.000419,backend_calls,all,529
2026-08-30_14-34-17-360581_adaptiveTTL,adaptiveTTL,burst-load,1788100556.361000,99.000419,backend_calls,all,530
2026-08-30_14-34-17-360581_adaptiveTTL,adaptiveTTL,burst-load,1788100557.361000,100.000419,backend_calls,all,530
2026-08-30_14-34-17-360581_adaptiveTTL,adaptiveTTL,burst-load,1788100558.361000,101.000419,backend_calls,all,536
2026-08-30_14-34-17-360581_adaptiveTTL,adaptiveTTL,burst-load,1788100559.361000,102.000419,backend_calls,all,539
2026-08-30_14-34-17-360581_adaptiveTTL,adaptiveTTL,burst-load,1788100560.361000,103.000419,backend_calls,all,541
2026-08-30_14-34-17-360581_adaptiveTTL,adaptiveTTL,burst-load,1788100561.361000,104.000419,backend_calls,all,544
2026-08-30_14-34-17-360581_adaptiveTTL,adaptiveTTL,burst-load,1788100562.361000,105.000419,backend_calls,all,548
2026-08-30_14-34-17-360581_adaptiveTTL,adaptiveTTL,burst-load,1788100563.361000,106.000419,backend_calls,all,551
2026-08-30_14-34-17-360581_adaptiveTTL,adaptiveTTL,burst-load,1788100564.361000,107.000419,backend_calls,all,554
2026-08-30_14-34-17-360581_adaptiveTTL,adaptiveTTL,burst-load,1788100565.361000,108.000419,backend_calls,all,555
2026-08-30_14-34-17-360581_adaptiveTTL,adaptiveTTL,burst-load,1788100566.361000,109.000419,backend_calls,all,559
2026-08-30_14-34-17-360581_adaptiveTTL,adaptiveTTL,burst-load,1788100567.361000,110.000419,backend_calls,all,563
2026-08-30_14-34-17-360581_adaptiveTTL,adaptiveTTL,burst-load,1788100568.361000,111.000419,backend_calls,all,566
2026-08-30_14-34-17-360581_adaptiveTTL,adaptiveTTL,burst-load,1788100569.361000,112.000419,backend_calls,all,568
2026-08-30_14-34-17-360581_adaptiveTTL,adaptiveTTL,burst-load,1788100570.361000,113.000419,backend_calls,all,572
2026-08-30_14-34-17-360581_adaptiveTTL,adaptiveTTL,burst-load,1788100571.361000,114.000419,backend_calls,all,574
2026-08-30_14-34-17-360581_adaptiveTTL,adaptiveTTL,burst-load,1788100572.361000,115.000419,backend_calls,all,576
2026-08-30_14-34-17-360581_adaptiveTTL,adaptiveTTL,burst-load,1788100573.361000,116.000419,backend_calls,all,577
2026-08-30_14-34-17-360581_adaptiveTTL,adaptiveTTL,burst-load,1788100574.361000,117.000419,backend_calls,all,583
2026-08-30_14-34-17-360581_adaptiveTTL,adaptiveTTL,burst-load,1788100575.361000,118.000419,backend_calls,all,587
2026-08-30_14-34-17-360581_adaptiveTTL,adaptiveTTL,burst-load,1788100576.361000,119.000419,backend_calls,all,590
2026-08-30_14-34-17-360581_adaptiveTTL,adaptiveTTL,burst-load,1788100577.361000,120.000419,backend_calls,all,593
2026-08-30_14-34-17-360581_adaptiveTTL,adaptiveTTL,burst-load,1788100578.361000,121.000419,backend_calls,all,594
2026-08-30_14-34-17-360581_adaptiveTTL,adaptiveTTL,burst-load,1788100579.361000,122.000419,backend_calls,all,597
2026-08-30_14-34-17-360581_adaptiveTTL,adaptiveTTL,burst-load,1788100457.361000,0.000419,cache_misses,all,0
2026-08-30_14-34-17-360581_adaptiveTTL,adaptiveTTL,burst-load,1788100458.361000,1.000419,cache_misses,all,2
2026-08-30_14-34-17-360581_adaptiveTTL,adaptiveTTL,burst-load,1788100459.361000,2.000419,cache_misses,all,14
2026-08-30_14-34-17-360581_adaptiveTTL,adaptiveTTL,burst-load,1788100460.361000,3.000419,cache_misses,all,28
2026-08-30_14-34-17-360581_adaptiveTTL,adaptiveTTL,burst-load,1788100461.361000,4.000419,cache_misses,all,38
2026-08-30_14-34-17-360581_adaptiveTTL,adaptiveTTL,burst-load,1788100462.361000,5.000419,cache_misses,all,45
2026-08-30_14-34-17-360581_adaptiveTTL,adaptiveTTL,burst-load,1788100463.361000,6.000419,cache_misses,all,54
2026-08-30_14-34-17-360581_adaptiveTTL,adaptiveTTL,burst-load,1788100464.361000,7.000419,cache_misses,all,58
2026-08-30_14-34-17-360581_adaptiveTTL,adaptiveTTL,burst-load,1788100465.361000,8.000419,cache_misses,all,61
2026-08-30_14-34-17-360581_adaptiveTTL,adaptiveTTL,burst-load,1788100466.361000,9.000419,cache_misses,all,69
2026-08-30_14-34-17-360581_adaptiveTTL,adaptiveTTL,burst-load,1788100467.361000,10.000419,cache_misses,all,72
2026-08-30_14-34-17-360581_adaptiveTTL,adaptiveTTL,burst-load,1788100468.361000,11.000419,cache_misses,all,75
2026-08-30_14-34-17-360581_adaptiveTTL,adaptiveTTL,burst-load,1788100469.361000,12.000419,cache_misses,all,76
2026-08-30_14-34-17-360581_adaptiveTTL,adaptiveTTL,burst-load,1788100470.361000,13.000419,cache_misses,all,82
2026-08-30_14-34-17-360581_adaptiveTTL,adaptiveTTL,burst-load,1788100471.361000,14.000419,cache_misses,all,83
2026-08-30_14-34-17-360581_adaptiveTTL,adaptiveTTL,burst-load,1788100472.361000,15.000419,cache_misses,all,84
2026-08-30_14-34-17-360581_adaptiveTTL,adaptiveTTL,burst-load,1788100473.361000,16.000419,cache_misses,all,88
2026-08-30_14-34-17-360581_adaptiveTTL,adaptiveTTL,burst-load,1788100474.361000,17.000419,cache_misses,all,96
2026-08-30_14-34-17-360581_adaptiveTTL,adaptiveTTL,burst-load,1788100475.361000,18.000419,cache_misses,all,101
2026-08-30_14-34-17-360581_adaptiveTTL,adaptiveTTL,burst-load,1788100476.361000,19.000419,cache_misses,all,111
2026-08-30_14-34-17-360581_adaptiveTTL,adaptiveTTL,burst-load,1788100477.361000,20.000419,cache_misses,all,117
2026-08-30_14-34-17-360581_adaptiveTTL,adaptiveTTL,burst-load,1788100478.361000,21.000419,cache_misses,all,122
2026-08-30_14-34-17-360581_adaptiveTTL,adaptiveTTL,burst-load,1788100479.361000,22.000419,cache_misses,all,129
2026-08-30_14-34-17-360581_adaptiveTTL,adaptiveTTL,burst-load,1788100480.361000,23.000419,cache_misses,all,136
2026-08-30_14-34-17-360581_adaptiveTTL,adaptiveTTL,burst-load,1788100481.361000,24.000419,cache_misses,all,141
2026-08-30_14-34-17-360581_adaptiveTTL,adaptiveTTL,burst-load,1788100482.361000,25.000419,cache_misses,all,144
2026-08-30_14-34-17-360581_adaptiveTTL,adaptiveTTL,burst-load,1788100483.361000,26.000419,cache_misses,all,146
2026-08-30_14-34-17-360581_adaptiveTTL,adaptiveTTL,burst-load,1788100484.361000,27.000419,cache_misses,all,148
2026-08-30_14-34-17-360581_adaptiveTTL,adaptiveTTL,burst-load,1788100485.361000,28.000419,cache_misses,all,152
2026-08-30_14-34-17-360581_adaptiveTTL,adaptiveTTL,burst-load,1788100486.361000,29.000419,cache_misses,all,156
2026-08-30_14-34-17-360581_adaptiveTTL,adaptiveTTL,burst-load,1788100487.361000,30.000419,cache_misses,all,164
2026-08-30_14-34-17-360581_adaptiveTTL,adaptiveTTL,burst-load,1788100488.361000,31.000419,cache_misses,all,168
2026-08-30_14-34-17-360581_adaptiveTTL,adaptiveTTL,burst-load,1788100489.361000,32.000419,cache_misses,all,194
2026-08-30_14-34-17-360581_adaptiveTTL,adaptiveTTL,burst-load,1788100490.361000,33.000419,cache_misses,all,218
2026-08-30_14-34-17-360581_adaptiveTTL,adaptiveTTL,burst-load,1788100491.361000,34.000419,cache_misses,all,232
2026-08-30_14-34-17-360581_adaptiveTTL,adaptiveTTL,burst-load,1788100492.361000,35.000419,cache_misses,all,252
2026-08-30_14-34-17-360581_adaptiveTTL,adaptiveTTL,burst-load,1788100493.361000,36.000419,cache_misses,all,261
2026-08-30_14-34-17-360581_adaptiveTTL,adaptiveTTL,burst-load,1788100494.361000,37.000419,cache_misses,all,268
2026-08-30_14-34-17-360581_adaptiveTTL,adaptiveTTL,burst-load,1788100495.361000,38.000419,cache_misses,all,273
2026-08-30_14-34-17-360581_adaptiveTTL,adaptiveTTL,burst-load,1788100496.361000,39.000419,cache_misses,all,277
2026-08-30_14-34-17-360581_adaptiveTTL,adaptiveTTL,burst-load,1788100497.361000,40.000419,cache_misses,all,280
2026-08-30_14-34-17-360581_adaptiveTTL,adaptiveTTL,burst-load,1788100498.361000,41.000419,cache_misses,all,284
2026-08-30_14-34-17-360581_adaptiveTTL,adaptiveTTL,burst-load,1788100499.361000,42.000419,cache_misses,all,296
2026-08-30_14-34-17-360581_adaptiveTTL,adaptiveTTL,burst-load,1788100500.361000,43.000419,cache_misses,all,313
2026-08-30_14-34-17-360581_adaptiveTTL,adaptiveTTL,burst-load,1788100501.361000,44.000419,cache_misses,all,322
2026-08-30_14-34-17-360581_adaptiveTTL,adaptiveTTL,burst-load,1788100502.361000,45.000419,cache_misses,all,338
2026-08-30_14-34-17-360581_adaptiveTTL,adaptiveTTL,burst-load,1788100503.361000,46.000419,cache_misses,all,360
2026-08-30_14-34-17-360581_adaptiveTTL,adaptiveTTL,burst-load,1788100504.361000,47.000419,cache_misses,all,370
2026-08-30_14-34-17-360581_adaptiveTTL,adaptiveTTL,burst-load,1788100505.361000,48.000419,cache_misses,all,375
2026-08-30_14-34-17-360581_adaptiveTTL,adaptiveTTL,burst-load,1788100506.361000,49.000419,cache_misses,all,381
2026-08-30_14-34-17-360581_adaptiveTTL,adaptiveTTL,burst-load,1788100507.361000,50.000419,cache_misses,all,384
2026-08-30_14-34-17-360581_adaptiveTTL,adaptiveTTL,burst-load,1788100508.361000,51.000419,cache_misses,all,390
2026-08-30_14-34-17-360581_adaptiveTTL,adaptiveTTL,burst-load,1788100509.361000,52.000419,cache_misses,all,397
2026-08-30_14-34-17-360581_adaptiveTTL,adaptiveTTL,burst-load,1788100510.361000,53.000419,cache_misses,all,405
2026-08-30_14-34-17-360581_adaptiveTTL,adaptiveTTL,burst-load,1788100511.361000,54.000419,cache_misses,all,406
2026-08-30_14-34-17-360581_adaptiveTTL,adaptiveTTL,burst-load,1788100512.361000,55.000419,cache_misses,all,408
2026-08-30_14-34-17-360581_adaptiveTTL,adaptiveTTL,burst-load,1788100513.361000,56.000419,cache_misses,all,411
2026-08-30_14-34-17-360581_adaptiveTTL,adaptiveTTL,burst-load,1788100514.361000,57.000419,cache_misses,all,412
2026-08-30_14-34-17-360581_adaptiveTTL,adaptiveTTL,burst-load,1788100515.361000,58.000419,cache_misses,all,414
2026-08-30_14-34-17-360581_adaptiveTTL,adaptiveTTL,burst-load,1788100516.361000,59.000419,cache_misses,all,415
2026-08-30_14-34-17-360581_adaptiveTTL,adaptiveTTL,burst-load,1788100517.361000,60.000419,cache_misses,all,418
2026-08-30_14-34-17-360581_adaptiveTTL,adaptiveTTL,burst-load,1788100518.361000,61.000419,cache_misses,all,420
2026-08-30_14-34-17-360581_adaptiveTTL,adaptiveTTL,burst-load,1788100519.361000,62.000419,cache_misses,all,422
2026-08-30_14-34-17-360581_adaptiveTTL,adaptiveTTL,burst-load,1788100520.361000,63.000419,cache_misses,all,422
2026-08-30_14-34-17-360581_adaptiveTTL,adaptiveTTL,burst-load,1788100521.361000,64.000419,cache_misses,all,423
2026-08-30_14-34-17-360581_adaptiveTTL,adaptiveTTL,burst-load,1788100522.361000,65.000419,cache_misses,all,434
2026-08-30_14-34-17-360581_adaptiveTTL,adaptiveTTL,burst-load,1788100523.361000,66.000419,cache_misses,all,442
2026-08-30_14-34-17-360581_adaptiveTTL,adaptiveTTL,burst-load,1788100524.361000,67.000419,cache_misses,all,443
2026-08-30_14-34-17-360581_adaptiveTTL,adaptiveTTL,burst-load,1788100525.361000,68.000419,cache_misses,all,448
2026-08-30_14-34-17-360581_adaptiveTTL,adaptiveTTL,burst-load,1788100526.361000,69.000419,cache_misses,all,451
2026-08-30_14-34-17-360581_adaptiveTTL,adaptiveTTL,burst-load,1788100527.361000,70.000419,cache_misses,all,455
2026-08-30_14-34-17-360581_adaptiveTTL,adaptiveTTL,burst-load,1788100528.361000,71.000419,cache_misses,all,462
2026-08-30_14-34-17-360581_adaptiveTTL,adaptiveTTL,burst-load,1788100529.361000,72.000419,cache_misses,all,464
2026-08-30_14-34-17-360581_adaptiveTTL,adaptiveTTL,burst-load,1788100530.361000,73.000419,cache_misses,all,473
2026-08-30_14-34-17-360581_adaptiveTTL,adaptiveTTL,burst-load,1788100531.361000,74.000419,cache_misses,all,484
2026-08-30_14-34-17-360581_adaptiveTTL,adaptiveTTL,burst-load,1788100532.361000,75.000419,cache_misses,all,487
2026-08-30_14-34-17-360581_adaptiveTTL,adaptiveTTL,burst-load,1788100533.361000,76.000419,cache_misses,all,492
2026-08-30_14-34-17-360581_adaptiveTTL,adaptiveTTL,burst-load,1788100534.361000,77.000419,cache_misses,all,497
2026-08-30_14-34-17-360581_adaptiveTTL,adaptiveTTL,burst-load,1788100535.361000,78.000419,cache_misses,all,499
2026-08-30_14-34-17-360581_adaptiveTTL,adaptiveTTL,burst-load,1788100536.361000,79.000419,cache_misses,all,501
2026-08-30_14-34-17-360581_adaptiveTTL,adaptiveTTL,burst-load,1788100537.361000,80.000419,cache_misses,all,501
2026-08-30_14-34-17-360581_adaptiveTTL,adaptiveTTL,burst-load,1788100538.361000,81.000419,cache_misses,all,502
2026-08-30_14-34-17-360581_adaptiveTTL,adaptiveTTL,burst-load,1788100539.361000,82.000419,cache_misses,all,504
2026-08-30_14-34-17-360581_adaptiveTTL,adaptiveTTL,burst-load,1788100540.361000,83.000419,cache_misses,all,504
2026-08-30_14-34-17-360581_adaptiveTTL,adaptiveTTL,burst-load,1788100541.361000,84.000419,cache_misses,all,504
2026-08-30_14-34-17-360581_adaptiveTTL,adaptiveTTL,burst-load,1788100542.361000,85.000419,cache_misses,all,506
2026-08-30_14-34-17-360581_adaptiveTTL,adaptiveTTL,burst-load,1788100543.361000,86.000419,cache_misses,all,509
2026-08-30_14-34-17-360581_adaptiveTTL,adaptiveTTL,burst-load,1788100544.361000,87.000419,cache_misses,all,511
2026-08-30_14-34-17-360581_adaptiveTTL,adaptiveTTL,burst-load,1788100545.361000,88.000419,cache_misses,all,513
2026-08-30_14-34-17-360581_adaptiveTTL,adaptiveTTL,burst-load,1788100546.361000,89.000419,cache_misses,all,515
2026-08-30_14-34-17-360581_adaptiveTTL,adaptiveTTL,burst-load,1788100547.361000,90.000419,cache_misses,all,519
2026-08-30_14-34-17-360581_adaptiveTTL,adaptiveTTL,burst-load,1788100548.361000,91.000419,cache_misses,all,521
2026-08-30_14-34-17-360581_adaptiveTTL,adaptiveTTL,burst-load,1788100549.361000,92.000419,cache_misses,all,523
2026-08-30_14-34-17-360581_adaptiveTTL,adaptiveTTL,burst-load,1788100550.361000,93.000419,cache_misses,all,524
2026-08-30_14-34-17-360581_adaptiveTTL,adaptiveTTL,burst-load,1788100551.361000,94.000419,cache_misses,all,526
2026-08-30_14-34-17-360581_adaptiveTTL,adaptiveTTL,burst-load,1788100552.361000,95.000419,cache_misses,all,527
2026-08-30_14-34-17-360581_adaptiveTTL,adaptiveTTL,burst-load,1788100553.361000,96.000419,cache_misses,all,528
2026-08-30_14-34-17-360581_adaptiveTTL,adaptiveTTL,burst-load,1788100554.361000,97.000419,cache_misses,all,528
2026-08-30_14-34-17-360581_adaptiveTTL,adaptiveTTL,burst-load,1788100555.361000,98.000419,cache_misses,all,529
2026-08-30_14-34-17-360581_adaptiveTTL,adaptiveTTL,burst-load,1788100556.361000,99.000419,cache_misses,all,530
2026-08-30_14-34-17-360581_adaptiveTTL,adaptiveTTL,burst-load,1788100557.361000,100.000419,cache_misses,all,530
2026-08-30_14-34-17-360581_adaptiveTTL,adaptiveTTL,burst-load,1788100558.361000,101.000419,cache_misses,all,533
2026-08-30_14-34-17-360581_adaptiveTTL,adaptiveTTL,burst-load,1788100559.361000,102.000419,cache_misses,all,538
2026-08-30_14-34-17-360581_adaptiveTTL,adaptiveTTL,burst-load,1788100560.361000,103.000419,cache_misses,all,540
2026-08-30_14-34-17-360581_adaptiveTTL,adaptiveTTL,burst-load,1788100561.361000,104.000419,cache_misses,all,543
2026-08-30_14-34-17-360581_adaptiveTTL,adaptiveTTL,burst-load,1788100562.361000,105.000419,cache_misses,all,547
2026-08-30_14-34-17-360581_adaptiveTTL,adaptiveTTL,burst-load,1788100563.361000,106.000419,cache_misses,all,549
2026-08-30_14-34-17-360581_adaptiveTTL,adaptiveTTL,burst-load,1788100564.361000,107.000419,cache_misses,all,553
2026-08-30_14-34-17-360581_adaptiveTTL,adaptiveTTL,burst-load,1788100565.361000,108.000419,cache_misses,all,554
2026-08-30_14-34-17-360581_adaptiveTTL,adaptiveTTL,burst-load,1788100566.361000,109.000419,cache_misses,all,557
2026-08-30_14-34-17-360581_adaptiveTTL,adaptiveTTL,burst-load,1788100567.361000,110.000419,cache_misses,all,563
2026-08-30_14-34-17-360581_adaptiveTTL,adaptiveTTL,burst-load,1788100568.361000,111.000419,cache_misses,all,566
2026-08-30_14-34-17-360581_adaptiveTTL,adaptiveTTL,burst-load,1788100569.361000,112.000419,cache_misses,all,567
2026-08-30_14-34-17-360581_adaptiveTTL,adaptiveTTL,burst-load,1788100570.361000,113.000419,cache_misses,all,570
2026-08-30_14-34-17-360581_adaptiveTTL,adaptiveTTL,burst-load,1788100571.361000,114.000419,cache_misses,all,572
2026-08-30_14-34-17-360581_adaptiveTTL,adaptiveTTL,burst-load,1788100572.361000,115.000419,cache_misses,all,575
2026-08-30_14-34-17-360581_adaptiveTTL,adaptiveTTL,burst-load,1788100573.361000,116.000419,cache_misses,all,576
2026-08-30_14-34-17-360581_adaptiveTTL,adaptiveTTL,burst-load,1788100574.361000,117.000419,cache_misses,all,582
2026-08-30_14-34-17-360581_adaptiveTTL,adaptiveTTL,burst-load,1788100575.361000,118.000419,cache_misses,all,585
2026-08-30_14-34-17-360581_adaptiveTTL,adaptiveTTL,burst-load,1788100576.361000,119.000419,cache_misses,all,589
2026-08-30_14-34-17-360581_adaptiveTTL,adaptiveTTL,burst-load,1788100577.361000,120.000419,cache_misses,all,593
2026-08-30_14-34-17-360581_adaptiveTTL,adaptiveTTL,burst-load,1788100578.361000,121.000419,cache_misses,all,593
2026-08-30_14-34-17-360581_adaptiveTTL,adaptiveTTL,burst-load,1788100579.361000,122.000419,cache_misses,all,595
2026-08-30_14-34-17-360581_adaptiveTTL,adaptiveTTL,burst-load,1788100457.361000,0.000419,backend_throughput,all,0
2026-08-30_14-34-17-360581_adaptiveTTL,adaptiveTTL,burst-load,1788100458.361000,1.000419,backend_throughput,all,0.5178333333333334
2026-08-30_14-34-17-360581_adaptiveTTL,adaptiveTTL,burst-load,1788100459.361000,2.000419,backend_throughput,all,1.9677591378735695
2026-08-30_14-34-17-360581_adaptiveTTL,adaptiveTTL,burst-load,1788100460.361000,3.000419,backend_throughput,all,3.4180666666666664
2026-08-30_14-34-17-360581_adaptiveTTL,adaptiveTTL,burst-load,1788100461.361000,4.000419,backend_throughput,all,4.142666666666667
2026-08-30_14-34-17-360581_adaptiveTTL,adaptiveTTL,burst-load,1788100462.361000,5.000419,backend_throughput,all,5.074766666666667
2026-08-30_14-34-17-360581_adaptiveTTL,adaptiveTTL,burst-load,1788100463.361000,6.000419,backend_throughput,all,5.799733333333333
2026-08-30_14-34-17-360581_adaptiveTTL,adaptiveTTL,burst-load,1788100464.361000,7.000419,backend_throughput,all,6.007534170463384
2026-08-30_14-34-17-360581_adaptiveTTL,adaptiveTTL,burst-load,1788100465.361000,8.000419,backend_throughput,all,6.629003222580286
2026-08-30_14-34-17-360581_adaptiveTTL,adaptiveTTL,burst-load,1788100466.361000,9.000419,backend_throughput,all,7.250472274697188
2026-08-30_14-34-17-360581_adaptiveTTL,adaptiveTTL,burst-load,1788100467.361000,10.000419,backend_throughput,all,7.543315923991553
2026-08-30_14-34-17-360581_adaptiveTTL,adaptiveTTL,burst-load,1788100468.361000,11.000419,backend_throughput,all,6.222222222222222
2026-08-30_14-34-17-360581_adaptiveTTL,adaptiveTTL,burst-load,1788100469.361000,12.000419,backend_throughput,all,5.110543272969671
2026-08-30_14-34-17-360581_adaptiveTTL,adaptiveTTL,burst-load,1788100470.361000,13.000419,backend_throughput,all,4.666666666666667
2026-08-30_14-34-17-360581_adaptiveTTL,adaptiveTTL,burst-load,1788100471.361000,14.000419,backend_throughput,all,3.88932103567063
2026-08-30_14-34-17-360581_adaptiveTTL,adaptiveTTL,burst-load,1788100472.361000,15.000419,backend_throughput,all,3.111456828536504
2026-08-30_14-34-17-360581_adaptiveTTL,adaptiveTTL,burst-load,1788100473.361000,16.000419,backend_throughput,all,3.4444444444444446
2026-08-30_14-34-17-360581_adaptiveTTL,adaptiveTTL,burst-load,1788100474.361000,17.000419,backend_throughput,all,3.777777777777778
2026-08-30_14-34-17-360581_adaptiveTTL,adaptiveTTL,burst-load,1788100475.361000,18.000419,backend_throughput,all,3.6662593045217204
2026-08-30_14-34-17-360581_adaptiveTTL,adaptiveTTL,burst-load,1788100476.361000,19.000419,backend_throughput,all,4.555555555555556
2026-08-30_14-34-17-360581_adaptiveTTL,adaptiveTTL,burst-load,1788100477.361000,20.000419,backend_throughput,all,5
2026-08-30_14-34-17-360581_adaptiveTTL,adaptiveTTL,burst-load,1788100478.361000,21.000419,backend_throughput,all,4.88997555012225
2026-08-30_14-34-17-360581_adaptiveTTL,adaptiveTTL,burst-load,1788100479.361000,22.000419,backend_throughput,all,5.445654589908869
2026-08-30_14-34-17-360581_adaptiveTTL,adaptiveTTL,burst-load,1788100480.361000,23.000419,backend_throughput,all,6.000666740748972
2026-08-30_14-34-17-360581_adaptiveTTL,adaptiveTTL,burst-load,1788100481.361000,24.000419,backend_throughput,all,6.445160573397044
2026-08-30_14-34-17-360581_adaptiveTTL,adaptiveTTL,burst-load,1788100482.361000,25.000419,backend_throughput,all,6.222913657073009
2026-08-30_14-34-17-360581_adaptiveTTL,adaptiveTTL,burst-load,1788100483.361000,26.000419,backend_throughput,all,5.445049449938883
2026-08-30_14-34-17-360581_adaptiveTTL,adaptiveTTL,burst-load,1788100484.361000,27.000419,backend_throughput,all,5.223382973994221
2026-08-30_14-34-17-360581_adaptiveTTL,adaptiveTTL,burst-load,1788100485.361000,28.000419,backend_throughput,all,4.3338148683187026
2026-08-30_14-34-17-360581_adaptiveTTL,adaptiveTTL,burst-load,1788100486.361000,29.000419,backend_throughput,all,4.1120248944209825
2026-08-30_14-34-17-360581_adaptiveTTL,adaptiveTTL,burst-load,1788100487.361000,30.000419,backend_throughput,all,4.666666666666667
2026-08-30_14-34-17-360581_adaptiveTTL,adaptiveTTL,burst-load,1788100488.361000,31.000419,backend_throughput,all,4.444444444444445
2026-08-30_14-34-17-360581_adaptiveTTL,adaptiveTTL,burst-load,1788100489.361000,32.000419,backend_throughput,all,7.222222222222222
2026-08-30_14-34-17-360581_adaptiveTTL,adaptiveTTL,burst-load,1788100490.361000,33.000419,backend_throughput,all,9.222222222222223
2026-08-30_14-34-17-360581_adaptiveTTL,adaptiveTTL,burst-load,1788100491.361000,34.000419,backend_throughput,all,10.223358150905655
2026-08-30_14-34-17-360581_adaptiveTTL,adaptiveTTL,burst-load,1788100492.361000,35.000419,backend_throughput,all,11.887568047994666
2026-08-30_14-34-17-360581_adaptiveTTL,adaptiveTTL,burst-load,1788100493.361000,36.000419,backend_throughput,all,12.666666666666668
2026-08-30_14-34-17-360581_adaptiveTTL,adaptiveTTL,burst-load,1788100494.361000,37.000419,backend_throughput,all,13.222222222222223
2026-08-30_14-34-17-360581_adaptiveTTL,adaptiveTTL,burst-load,1788100495.361000,38.000419,backend_throughput,all,13.000000000000002
2026-08-30_14-34-17-360581_adaptiveTTL,adaptiveTTL,burst-load,1788100496.361000,39.000419,backend_throughput,all,12.555555555555557
2026-08-30_14-34-17-360581_adaptiveTTL,adaptiveTTL,burst-load,1788100497.361000,40.000419,backend_throughput,all,12.333333333333334
2026-08-30_14-34-17-360581_adaptiveTTL,adaptiveTTL,burst-load,1788100498.361000,41.000419,backend_throughput,all,9.111111111111112
2026-08-30_14-34-17-360581_adaptiveTTL,adaptiveTTL,burst-load,1788100499.361000,42.000419,backend_throughput,all,9.223247027447494
2026-08-30_14-34-17-360581_adaptiveTTL,adaptiveTTL,burst-load,1788100500.361000,43.000419,backend_throughput,all,8.665703810687702
2026-08-30_14-34-17-360581_adaptiveTTL,adaptiveTTL,burst-load,1788100501.361000,44.000419,backend_throughput,all,8.112012445827315
2026-08-30_14-34-17-360581_adaptiveTTL,adaptiveTTL,burst-load,1788100502.361000,45.000419,backend_throughput,all,8.778753194799421
2026-08-30_14-34-17-360581_adaptiveTTL,adaptiveTTL,burst-load,1788100503.361000,46.000419,backend_throughput,all,10.222222222222223
2026-08-30_14-34-17-360581_adaptiveTTL,adaptiveTTL,burst-load,1788100504.361000,47.000419,backend_throughput,all,10.666666666666668
2026-08-30_14-34-17-360581_adaptiveTTL,adaptiveTTL,burst-load,1788100505.361000,48.000419,backend_throughput,all,10.890098899877763
2026-08-30_14-34-17-360581_adaptiveTTL,adaptiveTTL,burst-load,1788100506.361000,49.000419,backend_throughput,all,11.222222222222223
2026-08-30_14-34-17-360581_adaptiveTTL,adaptiveTTL,burst-load,1788100507.361000,50.000419,backend_throughput,all,11.555555555555557
2026-08-30_14-34-17-360581_adaptiveTTL,adaptiveTTL,burst-load,1788100508.361000,51.000419,backend_throughput,all,9.44549394377153
2026-08-30_14-34-17-360581_adaptiveTTL,adaptiveTTL,burst-load,1788100509.361000,52.000419,backend_throughput,all,9.335407868415203
2026-08-30_14-34-17-360581_adaptiveTTL,adaptiveTTL,burst-load,1788100510.361000,53.000419,backend_throughput,all,8.66859302067126
2026-08-30_14-34-17-360581_adaptiveTTL,adaptiveTTL,burst-load,1788100511.361000,54.000419,backend_throughput,all,7.111901322369151
2026-08-30_14-34-17-360581_adaptiveTTL,adaptiveTTL,burst-load,1788100512.361000,55.000419,backend_throughput,all,5.001111358079573
2026-08-30_14-34-17-360581_adaptiveTTL,adaptiveTTL,burst-load,1788100513.361000,56.000419,backend_throughput,all,4.556568126250277
2026-08-30_14-34-17-360581_adaptiveTTL,adaptiveTTL,burst-load,1788100514.361000,57.000419,backend_throughput,all,4.0004444938326476
2026-08-30_14-34-17-360581_adaptiveTTL,adaptiveTTL,burst-load,1788100515.361000,58.000419,backend_throughput,all,3.5563458546343627
2026-08-30_14-34-17-360581_adaptiveTTL,adaptiveTTL,burst-load,1788100516.361000,59.000419,backend_throughput,all,3.1118026228050675
2026-08-30_14-34-17-360581_adaptiveTTL,adaptiveTTL,burst-load,1788100517.361000,60.000419,backend_throughput,all,2.8888888888888893
2026-08-30_14-34-17-360581_adaptiveTTL,adaptiveTTL,burst-load,1788100518.361000,61.000419,backend_throughput,all,2.4441728696811467
2026-08-30_14-34-17-360581_adaptiveTTL,adaptiveTTL,burst-load,1788100519.361000,62.000419,backend_throughput,all,1.888888888888889
2026-08-30_14-34-17-360581_adaptiveTTL,adaptiveTTL,burst-load,1788100520.361000,63.000419,backend_throughput,all,1.6666666666666667
2026-08-30_14-34-17-360581_adaptiveTTL,adaptiveTTL,burst-load,1788100521.361000,64.000419,backend_throughput,all,1.5555555555555556
2026-08-30_14-34-17-360581_adaptiveTTL,adaptiveTTL,burst-load,1788100522.361000,65.000419,backend_throughput,all,3
2026-08-30_14-34-17-360581_adaptiveTTL,adaptiveTTL,burst-load,1788100523.361000,66.000419,backend_throughput,all,3.3333333333333335
2026-08-30_14-34-17-360581_adaptiveTTL,adaptiveTTL,burst-load,1788100524.361000,67.000419,backend_throughput,all,3.3333333333333335
2026-08-30_14-34-17-360581_adaptiveTTL,adaptiveTTL,burst-load,1788100525.361000,68.000419,backend_throughput,all,3.555555555555556
2026-08-30_14-34-17-360581_adaptiveTTL,adaptiveTTL,burst-load,1788100526.361000,69.000419,backend_throughput,all,3.777777777777778
2026-08-30_14-34-17-360581_adaptiveTTL,adaptiveTTL,burst-load,1788100527.361000,70.000419,backend_throughput,all,3.88932103567063
2026-08-30_14-34-17-360581_adaptiveTTL,adaptiveTTL,burst-load,1788100528.361000,71.000419,backend_throughput,all,4.555555555555556
2026-08-30_14-34-17-360581_adaptiveTTL,adaptiveTTL,burst-load,1788100529.361000,72.000419,backend_throughput,all,5.111111111111112
2026-08-30_14-34-17-360581_adaptiveTTL,adaptiveTTL,burst-load,1788100530.361000,73.000419,backend_throughput,all,5.888888888888889
2026-08-30_14-34-17-360581_adaptiveTTL,adaptiveTTL,burst-load,1788100531.361000,74.000419,backend_throughput,all,5.333333333333334
2026-08-30_14-34-17-360581_adaptiveTTL,adaptiveTTL,burst-load,1788100532.361000,75.000419,backend_throughput,all,5
2026-08-30_14-34-17-360581_adaptiveTTL,adaptiveTTL,burst-load,1788100533.361000,76.000419,backend_throughput,all,5.444444444444445
2026-08-30_14-34-17-360581_adaptiveTTL,adaptiveTTL,burst-load,1788100534.361000,77.000419,backend_throughput,all,5.444444444444445
2026-08-30_14-34-17-360581_adaptiveTTL,adaptiveTTL,burst-load,1788100535.361000,78.000419,backend_throughput,all,5.333333333333334
2026-08-30_14-34-17-360581_adaptiveTTL,adaptiveTTL,burst-load,1788100536.361000,79.000419,backend_throughput,all,5
2026-08-30_14-34-17-360581_adaptiveTTL,adaptiveTTL,burst-load,1788100537.361000,80.000419,backend_throughput,all,4.222222222222222
2026-08-30_14-34-17-360581_adaptiveTTL,adaptiveTTL,burst-load,1788100538.361000,81.000419,backend_throughput,all,3.778197577508612
2026-08-30_14-34-17-360581_adaptiveTTL,adaptiveTTL,burst-load,1788100539.361000,82.000419,backend_throughput,all,3.111802622805068
2026-08-30_14-34-17-360581_adaptiveTTL,adaptiveTTL,burst-load,1788100540.361000,83.000419,backend_throughput,all,2.000222246916324
2026-08-30_14-34-17-360581_adaptiveTTL,adaptiveTTL,burst-load,1788100541.361000,84.000419,backend_throughput,all,1.8893087352745055
2026-08-30_14-34-17-360581_adaptiveTTL,adaptiveTTL,burst-load,1788100542.361000,85.000419,backend_throughput,all,1.444604956106234
2026-08-30_14-34-17-360581_adaptiveTTL,adaptiveTTL,burst-load,1788100543.361000,86.000419,backend_throughput,all,1.333481497944216
2026-08-30_14-34-17-360581_adaptiveTTL,adaptiveTTL,burst-load,1788100544.361000,87.000419,backend_throughput,all,1.1113580795732385
2026-08-30_14-34-17-360581_adaptiveTTL,adaptiveTTL,burst-load,1788100545.361000,88.000419,backend_throughput,all,1.444604956106234
2026-08-30_14-34-17-360581_adaptiveTTL,adaptiveTTL,burst-load,1788100546.361000,89.000419,backend_throughput,all,1.8893087352745055
2026-08-30_14-34-17-360581_adaptiveTTL,adaptiveTTL,burst-load,1788100547.361000,90.000419,backend_throughput,all,2
2026-08-30_14-34-17-360581_adaptiveTTL,adaptiveTTL,burst-load,1788100548.361000,91.000419,backend_throughput,all,1.888888888888889
2026-08-30_14-34-17-360581_adaptiveTTL,adaptiveTTL,burst-load,1788100549.361000,92.000419,backend_throughput,all,2.2222222222222223
2026-08-30_14-34-17-360581_adaptiveTTL,adaptiveTTL,burst-load,1788100550.361000,93.000419,backend_throughput,all,2.3333333333333335
2026-08-30_14-34-17-360581_adaptiveTTL,adaptiveTTL,burst-load,1788100551.361000,94.000419,backend_throughput,all,2.2224691632403597
2026-08-30_14-34-17-360581_adaptiveTTL,adaptiveTTL,burst-load,1788100552.361000,95.000419,backend_throughput,all,1.8890987887543058
2026-08-30_14-34-17-360581_adaptiveTTL,adaptiveTTL,burst-load,1788100553.361000,96.000419,backend_throughput,all,1.8886790356627043
2026-08-30_14-34-17-360581_adaptiveTTL,adaptiveTTL,burst-load,1788100554.361000,97.000419,backend_throughput,all,1.5555555555555556
2026-08-30_14-34-17-360581_adaptiveTTL,adaptiveTTL,burst-load,1788100555.361000,98.000419,backend_throughput,all,1.2220864348405733
2026-08-30_14-34-17-360581_adaptiveTTL,adaptiveTTL,burst-load,1788100556.361000,99.000419,backend_throughput,all,1.1112345816201799
2026-08-30_14-34-17-360581_adaptiveTTL,adaptiveTTL,burst-load,1788100557.361000,100.000419,backend_throughput,all,1
2026-08-30_14-34-17-360581_adaptiveTTL,adaptiveTTL,burst-load,1788100558.361000,101.000419,backend_throughput,all,1.333481497944216
2026-08-30_14-34-17-360581_adaptiveTTL,adaptiveTTL,burst-load,1788100559.361000,102.000419,backend_throughput,all,1.5555555555555556
2026-08-30_14-34-17-360581_adaptiveTTL,adaptiveTTL,burst-load,1788100560.361000,103.000419,backend_throughput,all,1.5555555555555556
2026-08-30_14-34-17-360581_adaptiveTTL,adaptiveTTL,burst-load,1788100561.361000,104.000419,backend_throughput,all,1.888888888888889
2026-08-30_14-34-17-360581_adaptiveTTL,adaptiveTTL,burst-load,1788100562.361000,105.000419,backend_throughput,all,2.2222222222222223
2026-08-30_14-34-17-360581_adaptiveTTL,adaptiveTTL,burst-load,1788100563.361000,106.000419,backend_throughput,all,2.555839537726414
2026-08-30_14-34-17-360581_adaptiveTTL,adaptiveTTL,burst-load,1788100564.361000,107.000419,backend_throughput,all,2.777777777777778
2026-08-30_14-34-17-360581_adaptiveTTL,adaptiveTTL,burst-load,1788100565.361000,108.000419,backend_throughput,all,2.7774691700922123
2026-08-30_14-34-17-360581_adaptiveTTL,adaptiveTTL,burst-load,1788100566.361000,109.000419,backend_throughput,all,3.2222222222222223
2026-08-30_14-34-17-360581_adaptiveTTL,adaptiveTTL,burst-load,1788100567.361000,110.000419,backend_throughput,all,2.999666703699589
2026-08-30_14-34-17-360581_adaptiveTTL,adaptiveTTL,burst-load,1788100568.361000,111.000419,backend_throughput,all,3.0003333703744857
2026-08-30_14-34-17-360581_adaptiveTTL,adaptiveTTL,burst-load,1788100569.361000,112.000419,backend_throughput,all,3.0003333703744857
2026-08-30_14-34-17-360581_adaptiveTTL,adaptiveTTL,burst-load,1788100570.361000,113.000419,backend_throughput,all,3.111456828536504
2026-08-30_14-34-17-360581_adaptiveTTL,adaptiveTTL,burst-load,1788100571.361000,114.000419,backend_throughput,all,2.8895310068904196
2026-08-30_14-34-17-360581_adaptiveTTL,adaptiveTTL,burst-load,1788100572.361000,115.000419,backend_throughput,all,2.777777777777778
2026-08-30_14-34-17-360581_adaptiveTTL,adaptiveTTL,burst-load,1788100573.361000,116.000419,backend_throughput,all,2.556123583018448
2026-08-30_14-34-17-360581_adaptiveTTL,adaptiveTTL,burst-load,1788100574.361000,117.000419,backend_throughput,all,3.1118026228050675
2026-08-30_14-34-17-360581_adaptiveTTL,adaptiveTTL,burst-load,1788100575.361000,118.000419,backend_throughput,all,3.111456828536504
2026-08-30_14-34-17-360581_adaptiveTTL,adaptiveTTL,burst-load,1788100576.361000,119.000419,backend_throughput,all,2.9996667036995888
2026-08-30_14-34-17-360581_adaptiveTTL,adaptiveTTL,burst-load,1788100577.361000,120.000419,backend_throughput,all,3
2026-08-30_14-34-17-360581_adaptiveTTL,adaptiveTTL,burst-load,1788100578.361000,121.000419,backend_throughput,all,2.8888888888888893
2026-08-30_14-34-17-360581_adaptiveTTL,adaptiveTTL,burst-load,1788100579.361000,122.000419,backend_throughput,all,2.777777777777778
2026-08-30_14-34-17-360581_adaptiveTTL,adaptiveTTL,burst-load,1788100457.361000,0.000419,active_backend_requests,all,0
2026-08-30_14-34-17-360581_adaptiveTTL,adaptiveTTL,burst-load,1788100458.361000,1.000419,active_backend_requests,all,4
2026-08-30_14-34-17-360581_adaptiveTTL,adaptiveTTL,burst-load,1788100459.361000,2.000419,active_backend_requests,all,3
2026-08-30_14-34-17-360581_adaptiveTTL,adaptiveTTL,burst-load,1788100460.361000,3.000419,active_backend_requests,all,2
2026-08-30_14-34-17-360581_adaptiveTTL,adaptiveTTL,burst-load,1788100461.361000,4.000419,active_backend_requests,all,3
2026-08-30_14-34-17-360581_adaptiveTTL,adaptiveTTL,burst-load,1788100462.361000,5.000419,active_backend_requests,all,2
2026-08-30_14-34-17-360581_adaptiveTTL,adaptiveTTL,burst-load,1788100463.361000,6.000419,active_backend_requests,all,0
2026-08-30_14-34-17-360581_adaptiveTTL,adaptiveTTL,burst-load,1788100464.361000,7.000419,active_backend_requests,all,0
2026-08-30_14-34-17-360581_adaptiveTTL,adaptiveTTL,burst-load,1788100465.361000,8.000419,active_backend_requests,all,2
2026-08-30_14-34-17-360581_adaptiveTTL,adaptiveTTL,burst-load,1788100466.361000,9.000419,active_backend_requests,all,2
2026-08-30_14-34-17-360581_adaptiveTTL,adaptiveTTL,burst-load,1788100467.361000,10.000419,active_backend_requests,all,1
2026-08-30_14-34-17-360581_adaptiveTTL,adaptiveTTL,burst-load,1788100468.361000,11.000419,active_backend_requests,all,1
2026-08-30_14-34-17-360581_adaptiveTTL,adaptiveTTL,burst-load,1788100469.361000,12.000419,active_backend_requests,all,1
2026-08-30_14-34-17-360581_adaptiveTTL,adaptiveTTL,burst-load,1788100470.361000,13.000419,active_backend_requests,all,1
2026-08-30_14-34-17-360581_adaptiveTTL,adaptiveTTL,burst-load,1788100471.361000,14.000419,active_backend_requests,all,1
2026-08-30_14-34-17-360581_adaptiveTTL,adaptiveTTL,burst-load,1788100472.361000,15.000419,active_backend_requests,all,0
2026-08-30_14-34-17-360581_adaptiveTTL,adaptiveTTL,burst-load,1788100473.361000,16.000419,active_backend_requests,all,3
2026-08-30_14-34-17-360581_adaptiveTTL,adaptiveTTL,burst-load,1788100474.361000,17.000419,active_backend_requests,all,2
2026-08-30_14-34-17-360581_adaptiveTTL,adaptiveTTL,burst-load,1788100475.361000,18.000419,active_backend_requests,all,2
2026-08-30_14-34-17-360581_adaptiveTTL,adaptiveTTL,burst-load,1788100476.361000,19.000419,active_backend_requests,all,2
2026-08-30_14-34-17-360581_adaptiveTTL,adaptiveTTL,burst-load,1788100477.361000,20.000419,active_backend_requests,all,1
2026-08-30_14-34-17-360581_adaptiveTTL,adaptiveTTL,burst-load,1788100478.361000,21.000419,active_backend_requests,all,1
2026-08-30_14-34-17-360581_adaptiveTTL,adaptiveTTL,burst-load,1788100479.361000,22.000419,active_backend_requests,all,3
2026-08-30_14-34-17-360581_adaptiveTTL,adaptiveTTL,burst-load,1788100480.361000,23.000419,active_backend_requests,all,2
2026-08-30_14-34-17-360581_adaptiveTTL,adaptiveTTL,burst-load,1788100481.361000,24.000419,active_backend_requests,all,1
2026-08-30_14-34-17-360581_adaptiveTTL,adaptiveTTL,burst-load,1788100482.361000,25.000419,active_backend_requests,all,2
2026-08-30_14-34-17-360581_adaptiveTTL,adaptiveTTL,burst-load,1788100483.361000,26.000419,active_backend_requests,all,1
2026-08-30_14-34-17-360581_adaptiveTTL,adaptiveTTL,burst-load,1788100484.361000,27.000419,active_backend_requests,all,2
2026-08-30_14-34-17-360581_adaptiveTTL,adaptiveTTL,burst-load,1788100485.361000,28.000419,active_backend_requests,all,1
2026-08-30_14-34-17-360581_adaptiveTTL,adaptiveTTL,burst-load,1788100486.361000,29.000419,active_backend_requests,all,0
2026-08-30_14-34-17-360581_adaptiveTTL,adaptiveTTL,burst-load,1788100487.361000,30.000419,active_backend_requests,all,0
2026-08-30_14-34-17-360581_adaptiveTTL,adaptiveTTL,burst-load,1788100488.361000,31.000419,active_backend_requests,all,3
2026-08-30_14-34-17-360581_adaptiveTTL,adaptiveTTL,burst-load,1788100489.361000,32.000419,active_backend_requests,all,12
2026-08-30_14-34-17-360581_adaptiveTTL,adaptiveTTL,burst-load,1788100490.361000,33.000419,active_backend_requests,all,5
2026-08-30_14-34-17-360581_adaptiveTTL,adaptiveTTL,burst-load,1788100491.361000,34.000419,active_backend_requests,all,4
2026-08-30_14-34-17-360581_adaptiveTTL,adaptiveTTL,burst-load,1788100492.361000,35.000419,active_backend_requests,all,2
2026-08-30_14-34-17-360581_adaptiveTTL,adaptiveTTL,burst-load,1788100493.361000,36.000419,active_backend_requests,all,1
2026-08-30_14-34-17-360581_adaptiveTTL,adaptiveTTL,burst-load,1788100494.361000,37.000419,active_backend_requests,all,0
2026-08-30_14-34-17-360581_adaptiveTTL,adaptiveTTL,burst-load,1788100495.361000,38.000419,active_backend_requests,all,0
2026-08-30_14-34-17-360581_adaptiveTTL,adaptiveTTL,burst-load,1788100496.361000,39.000419,active_backend_requests,all,0
2026-08-30_14-34-17-360581_adaptiveTTL,adaptiveTTL,burst-load,1788100497.361000,40.000419,active_backend_requests,all,0
2026-08-30_14-34-17-360581_adaptiveTTL,adaptiveTTL,burst-load,1788100498.361000,41.000419,active_backend_requests,all,1
2026-08-30_14-34-17-360581_adaptiveTTL,adaptiveTTL,burst-load,1788100499.361000,42.000419,active_backend_requests,all,8
2026-08-30_14-34-17-360581_adaptiveTTL,adaptiveTTL,burst-load,1788100500.361000,43.000419,active_backend_requests,all,1
2026-08-30_14-34-17-360581_adaptiveTTL,adaptiveTTL,burst-load,1788100501.361000,44.000419,active_backend_requests,all,4
2026-08-30_14-34-17-360581_adaptiveTTL,adaptiveTTL,burst-load,1788100502.361000,45.000419,active_backend_requests,all,3
2026-08-30_14-34-17-360581_adaptiveTTL,adaptiveTTL,burst-load,1788100503.361000,46.000419,active_backend_requests,all,1
2026-08-30_14-34-17-360581_adaptiveTTL,adaptiveTTL,burst-load,1788100504.361000,47.000419,active_backend_requests,all,0
2026-08-30_14-34-17-360581_adaptiveTTL,adaptiveTTL,burst-load,1788100505.361000,48.000419,active_backend_requests,all,0
2026-08-30_14-34-17-360581_adaptiveTTL,adaptiveTTL,burst-load,1788100506.361000,49.000419,active_backend_requests,all,3
2026-08-30_14-34-17-360581_adaptiveTTL,adaptiveTTL,burst-load,1788100507.361000,50.000419,active_backend_requests,all,3
2026-08-30_14-34-17-360581_adaptiveTTL,adaptiveTTL,burst-load,1788100508.361000,51.000419,active_backend_requests,all,0
2026-08-30_14-34-17-360581_adaptiveTTL,adaptiveTTL,burst-load,1788100509.361000,52.000419,active_backend_requests,all,2
2026-08-30_14-34-17-360581_adaptiveTTL,adaptiveTTL,burst-load,1788100510.361000,53.000419,active_backend_requests,all,0
2026-08-30_14-34-17-360581_adaptiveTTL,adaptiveTTL,burst-load,1788100511.361000,54.000419,active_backend_requests,all,2
2026-08-30_14-34-17-360581_adaptiveTTL,adaptiveTTL,burst-load,1788100512.361000,55.000419,active_backend_requests,all,0
2026-08-30_14-34-17-360581_adaptiveTTL,adaptiveTTL,burst-load,1788100513.361000,56.000419,active_backend_requests,all,0
2026-08-30_14-34-17-360581_adaptiveTTL,adaptiveTTL,burst-load,1788100514.361000,57.000419,active_backend_requests,all,1
2026-08-30_14-34-17-360581_adaptiveTTL,adaptiveTTL,burst-load,1788100515.361000,58.000419,active_backend_requests,all,0
2026-08-30_14-34-17-360581_adaptiveTTL,adaptiveTTL,burst-load,1788100516.361000,59.000419,active_backend_requests,all,1
2026-08-30_14-34-17-360581_adaptiveTTL,adaptiveTTL,burst-load,1788100517.361000,60.000419,active_backend_requests,all,0
2026-08-30_14-34-17-360581_adaptiveTTL,adaptiveTTL,burst-load,1788100518.361000,61.000419,active_backend_requests,all,0
2026-08-30_14-34-17-360581_adaptiveTTL,adaptiveTTL,burst-load,1788100519.361000,62.000419,active_backend_requests,all,1
2026-08-30_14-34-17-360581_adaptiveTTL,adaptiveTTL,burst-load,1788100520.361000,63.000419,active_backend_requests,all,0
2026-08-30_14-34-17-360581_adaptiveTTL,adaptiveTTL,burst-load,1788100521.361000,64.000419,active_backend_requests,all,0
2026-08-30_14-34-17-360581_adaptiveTTL,adaptiveTTL,burst-load,1788100522.361000,65.000419,active_backend_requests,all,5
2026-08-30_14-34-17-360581_adaptiveTTL,adaptiveTTL,burst-load,1788100523.361000,66.000419,active_backend_requests,all,2
2026-08-30_14-34-17-360581_adaptiveTTL,adaptiveTTL,burst-load,1788100524.361000,67.000419,active_backend_requests,all,1
2026-08-30_14-34-17-360581_adaptiveTTL,adaptiveTTL,burst-load,1788100525.361000,68.000419,active_backend_requests,all,1
2026-08-30_14-34-17-360581_adaptiveTTL,adaptiveTTL,burst-load,1788100526.361000,69.000419,active_backend_requests,all,2
2026-08-30_14-34-17-360581_adaptiveTTL,adaptiveTTL,burst-load,1788100527.361000,70.000419,active_backend_requests,all,1
2026-08-30_14-34-17-360581_adaptiveTTL,adaptiveTTL,burst-load,1788100528.361000,71.000419,active_backend_requests,all,1
2026-08-30_14-34-17-360581_adaptiveTTL,adaptiveTTL,burst-load,1788100529.361000,72.000419,active_backend_requests,all,1
2026-08-30_14-34-17-360581_adaptiveTTL,adaptiveTTL,burst-load,1788100530.361000,73.000419,active_backend_requests,all,3
2026-08-30_14-34-17-360581_adaptiveTTL,adaptiveTTL,burst-load,1788100531.361000,74.000419,active_backend_requests,all,2
2026-08-30_14-34-17-360581_adaptiveTTL,adaptiveTTL,burst-load,1788100532.361000,75.000419,active_backend_requests,all,0
2026-08-30_14-34-17-360581_adaptiveTTL,adaptiveTTL,burst-load,1788100533.361000,76.000419,active_backend_requests,all,2
2026-08-30_14-34-17-360581_adaptiveTTL,adaptiveTTL,burst-load,1788100534.361000,77.000419,active_backend_requests,all,0
2026-08-30_14-34-17-360581_adaptiveTTL,adaptiveTTL,burst-load,1788100535.361000,78.000419,active_backend_requests,all,1
2026-08-30_14-34-17-360581_adaptiveTTL,adaptiveTTL,burst-load,1788100536.361000,79.000419,active_backend_requests,all,0
2026-08-30_14-34-17-360581_adaptiveTTL,adaptiveTTL,burst-load,1788100537.361000,80.000419,active_backend_requests,all,0
2026-08-30_14-34-17-360581_adaptiveTTL,adaptiveTTL,burst-load,1788100538.361000,81.000419,active_backend_requests,all,0
2026-08-30_14-34-17-360581_adaptiveTTL,adaptiveTTL,burst-load,1788100539.361000,82.000419,active_backend_requests,all,0
2026-08-30_14-34-17-360581_adaptiveTTL,adaptiveTTL,burst-load,1788100540.361000,83.000419,active_backend_requests,all,0
2026-08-30_14-34-17-360581_adaptiveTTL,adaptiveTTL,burst-load,1788100541.361000,84.000419,active_backend_requests,all,0
2026-08-30_14-34-17-360581_adaptiveTTL,adaptiveTTL,burst-load,1788100542.361000,85.000419,active_backend_requests,all,1
2026-08-30_14-34-17-360581_adaptiveTTL,adaptiveTTL,burst-load,1788100543.361000,86.000419,active_backend_requests,all,1
2026-08-30_14-34-17-360581_adaptiveTTL,adaptiveTTL,burst-load,1788100544.361000,87.000419,active_backend_requests,all,0
2026-08-30_14-34-17-360581_adaptiveTTL,adaptiveTTL,burst-load,1788100545.361000,88.000419,active_backend_requests,all,0
2026-08-30_14-34-17-360581_adaptiveTTL,adaptiveTTL,burst-load,1788100546.361000,89.000419,active_backend_requests,all,1
2026-08-30_14-34-17-360581_adaptiveTTL,adaptiveTTL,burst-load,1788100547.361000,90.000419,active_backend_requests,all,2
2026-08-30_14-34-17-360581_adaptiveTTL,adaptiveTTL,burst-load,1788100548.361000,91.000419,active_backend_requests,all,1
2026-08-30_14-34-17-360581_adaptiveTTL,adaptiveTTL,burst-load,1788100549.361000,92.000419,active_backend_requests,all,1
2026-08-30_14-34-17-360581_adaptiveTTL,adaptiveTTL,burst-load,1788100550.361000,93.000419,active_backend_requests,all,1
2026-08-30_14-34-17-360581_adaptiveTTL,adaptiveTTL,burst-load,1788100551.361000,94.000419,active_backend_requests,all,1
2026-08-30_14-34-17-360581_adaptiveTTL,adaptiveTTL,burst-load,1788100552.361000,95.000419,active_backend_requests,all,0
2026-08-30_14-34-17-360581_adaptiveTTL,adaptiveTTL,burst-load,1788100553.361000,96.000419,active_backend_requests,all,1
2026-08-30_14-34-17-360581_adaptiveTTL,adaptiveTTL,burst-load,1788100554.361000,97.000419,active_backend_requests,all,0
2026-08-30_14-34-17-360581_adaptiveTTL,adaptiveTTL,burst-load,1788100555.361000,98.000419,active_backend_requests,all,0
2026-08-30_14-34-17-360581_adaptiveTTL,adaptiveTTL,burst-load,1788100556.361000,99.000419,active_backend_requests,all,0
2026-08-30_14-34-17-360581_adaptiveTTL,adaptiveTTL,burst-load,1788100557.361000,100.000419,active_backend_requests,all,0
2026-08-30_14-34-17-360581_adaptiveTTL,adaptiveTTL,burst-load,1788100558.361000,101.000419,active_backend_requests,all,1
2026-08-30_14-34-17-360581_adaptiveTTL,adaptiveTTL,burst-load,1788100559.361000,102.000419,active_backend_requests,all,1
2026-08-30_14-34-17-360581_adaptiveTTL,adaptiveTTL,burst-load,1788100560.361000,103.000419,active_backend_requests,all,0
2026-08-30_14-34-17-360581_adaptiveTTL,adaptiveTTL,burst-load,1788100561.361000,104.000419,active_backend_requests,all,0
2026-08-30_14-34-17-360581_adaptiveTTL,adaptiveTTL,burst-load,1788100562.361000,105.000419,active_backend_requests,all,2
2026-08-30_14-34-17-360581_adaptiveTTL,adaptiveTTL,burst-load,1788100563.361000,106.000419,active_backend_requests,all,1
2026-08-30_14-34-17-360581_adaptiveTTL,adaptiveTTL,burst-load,1788100564.361000,107.000419,active_backend_requests,all,1
2026-08-30_14-34-17-360581_adaptiveTTL,adaptiveTTL,burst-load,1788100565.361000,108.000419,active_backend_requests,all,1
2026-08-30_14-34-17-360581_adaptiveTTL,adaptiveTTL,burst-load,1788100566.361000,109.000419,active_backend_requests,all,1
2026-08-30_14-34-17-360581_adaptiveTTL,adaptiveTTL,burst-load,1788100567.361000,110.000419,active_backend_requests,all,1
2026-08-30_14-34-17-360581_adaptiveTTL,adaptiveTTL,burst-load,1788100568.361000,111.000419,active_backend_requests,all,2
2026-08-30_14-34-17-360581_adaptiveTTL,adaptiveTTL,burst-load,1788100569.361000,112.000419,active_backend_requests,all,0
2026-08-30_14-34-17-360581_adaptiveTTL,adaptiveTTL,burst-load,1788100570.361000,113.000419,active_backend_requests,all,1
2026-08-30_14-34-17-360581_adaptiveTTL,adaptiveTTL,burst-load,1788100571.361000,114.000419,active_backend_requests,all,1
2026-08-30_14-34-17-360581_adaptiveTTL,adaptiveTTL,burst-load,1788100572.361000,115.000419,active_backend_requests,all,0
2026-08-30_14-34-17-360581_adaptiveTTL,adaptiveTTL,burst-load,1788100573.361000,116.000419,active_backend_requests,all,0
2026-08-30_14-34-17-360581_adaptiveTTL,adaptiveTTL,burst-load,1788100574.361000,117.000419,active_backend_requests,all,0
2026-08-30_14-34-17-360581_adaptiveTTL,adaptiveTTL,burst-load,1788100575.361000,118.000419,active_backend_requests,all,1
2026-08-30_14-34-17-360581_adaptiveTTL,adaptiveTTL,burst-load,1788100576.361000,119.000419,active_backend_requests,all,0
2026-08-30_14-34-17-360581_adaptiveTTL,adaptiveTTL,burst-load,1788100577.361000,120.000419,active_backend_requests,all,0
2026-08-30_14-34-17-360581_adaptiveTTL,adaptiveTTL,burst-load,1788100578.361000,121.000419,active_backend_requests,all,0
2026-08-30_14-34-17-360581_adaptiveTTL,adaptiveTTL,burst-load,1788100579.361000,122.000419,active_backend_requests,all,1
2026-08-30_14-34-17-360581_adaptiveTTL,adaptiveTTL,burst-load,1788100457.361000,0.000419,failed_request_ratio,all,0
2026-08-30_14-34-17-360581_adaptiveTTL,adaptiveTTL,burst-load,1788100458.361000,1.000419,failed_request_ratio,all,0
2026-08-30_14-34-17-360581_adaptiveTTL,adaptiveTTL,burst-load,1788100459.361000,2.000419,failed_request_ratio,all,0
2026-08-30_14-34-17-360581_adaptiveTTL,adaptiveTTL,burst-load,1788100460.361000,3.000419,failed_request_ratio,all,0
2026-08-30_14-34-17-360581_adaptiveTTL,adaptiveTTL,burst-load,1788100461.361000,4.000419,failed_request_ratio,all,0
2026-08-30_14-34-17-360581_adaptiveTTL,adaptiveTTL,burst-load,1788100462.361000,5.000419,failed_request_ratio,all,0
2026-08-30_14-34-17-360581_adaptiveTTL,adaptiveTTL,burst-load,1788100463.361000,6.000419,failed_request_ratio,all,0
2026-08-30_14-34-17-360581_adaptiveTTL,adaptiveTTL,burst-load,1788100464.361000,7.000419,failed_request_ratio,all,0
2026-08-30_14-34-17-360581_adaptiveTTL,adaptiveTTL,burst-load,1788100465.361000,8.000419,failed_request_ratio,all,0
2026-08-30_14-34-17-360581_adaptiveTTL,adaptiveTTL,burst-load,1788100466.361000,9.000419,failed_request_ratio,all,0
2026-08-30_14-34-17-360581_adaptiveTTL,adaptiveTTL,burst-load,1788100467.361000,10.000419,failed_request_ratio,all,0
2026-08-30_14-34-17-360581_adaptiveTTL,adaptiveTTL,burst-load,1788100468.361000,11.000419,failed_request_ratio,all,0
2026-08-30_14-34-17-360581_adaptiveTTL,adaptiveTTL,burst-load,1788100469.361000,12.000419,failed_request_ratio,all,0
2026-08-30_14-34-17-360581_adaptiveTTL,adaptiveTTL,burst-load,1788100470.361000,13.000419,failed_request_ratio,all,0
2026-08-30_14-34-17-360581_adaptiveTTL,adaptiveTTL,burst-load,1788100471.361000,14.000419,failed_request_ratio,all,0
2026-08-30_14-34-17-360581_adaptiveTTL,adaptiveTTL,burst-load,1788100472.361000,15.000419,failed_request_ratio,all,0
2026-08-30_14-34-17-360581_adaptiveTTL,adaptiveTTL,burst-load,1788100473.361000,16.000419,failed_request_ratio,all,0
2026-08-30_14-34-17-360581_adaptiveTTL,adaptiveTTL,burst-load,1788100474.361000,17.000419,failed_request_ratio,all,0
2026-08-30_14-34-17-360581_adaptiveTTL,adaptiveTTL,burst-load,1788100475.361000,18.000419,failed_request_ratio,all,0
2026-08-30_14-34-17-360581_adaptiveTTL,adaptiveTTL,burst-load,1788100476.361000,19.000419,failed_request_ratio,all,0
2026-08-30_14-34-17-360581_adaptiveTTL,adaptiveTTL,burst-load,1788100477.361000,20.000419,failed_request_ratio,all,0
2026-08-30_14-34-17-360581_adaptiveTTL,adaptiveTTL,burst-load,1788100478.361000,21.000419,failed_request_ratio,all,0
2026-08-30_14-34-17-360581_adaptiveTTL,adaptiveTTL,burst-load,1788100479.361000,22.000419,failed_request_ratio,all,0
2026-08-30_14-34-17-360581_adaptiveTTL,adaptiveTTL,burst-load,1788100480.361000,23.000419,failed_request_ratio,all,0
2026-08-30_14-34-17-360581_adaptiveTTL,adaptiveTTL,burst-load,1788100481.361000,24.000419,failed_request_ratio,all,0
2026-08-30_14-34-17-360581_adaptiveTTL,adaptiveTTL,burst-load,1788100482.361000,25.000419,failed_request_ratio,all,0
2026-08-30_14-34-17-360581_adaptiveTTL,adaptiveTTL,burst-load,1788100483.361000,26.000419,failed_request_ratio,all,0
2026-08-30_14-34-17-360581_adaptiveTTL,adaptiveTTL,burst-load,1788100484.361000,27.000419,failed_request_ratio,all,0
2026-08-30_14-34-17-360581_adaptiveTTL,adaptiveTTL,burst-load,1788100485.361000,28.000419,failed_request_ratio,all,0
2026-08-30_14-34-17-360581_adaptiveTTL,adaptiveTTL,burst-load,1788100486.361000,29.000419,failed_request_ratio,all,0
2026-08-30_14-34-17-360581_adaptiveTTL,adaptiveTTL,burst-load,1788100487.361000,30.000419,failed_request_ratio,all,0
2026-08-30_14-34-17-360581_adaptiveTTL,adaptiveTTL,burst-load,1788100488.361000,31.000419,failed_request_ratio,all,0
2026-08-30_14-34-17-360581_adaptiveTTL,adaptiveTTL,burst-load,1788100489.361000,32.000419,failed_request_ratio,all,0
2026-08-30_14-34-17-360581_adaptiveTTL,adaptiveTTL,burst-load,1788100490.361000,33.000419,failed_request_ratio,all,0
2026-08-30_14-34-17-360581_adaptiveTTL,adaptiveTTL,burst-load,1788100491.361000,34.000419,failed_request_ratio,all,0
2026-08-30_14-34-17-360581_adaptiveTTL,adaptiveTTL,burst-load,1788100492.361000,35.000419,failed_request_ratio,all,0
2026-08-30_14-34-17-360581_adaptiveTTL,adaptiveTTL,burst-load,1788100493.361000,36.000419,failed_request_ratio,all,0
2026-08-30_14-34-17-360581_adaptiveTTL,adaptiveTTL,burst-load,1788100494.361000,37.000419,failed_request_ratio,all,0
2026-08-30_14-34-17-360581_adaptiveTTL,adaptiveTTL,burst-load,1788100495.361000,38.000419,failed_request_ratio,all,0
2026-08-30_14-34-17-360581_adaptiveTTL,adaptiveTTL,burst-load,1788100496.361000,39.000419,failed_request_ratio,all,0
2026-08-30_14-34-17-360581_adaptiveTTL,adaptiveTTL,burst-load,1788100497.361000,40.000419,failed_request_ratio,all,0
2026-08-30_14-34-17-360581_adaptiveTTL,adaptiveTTL,burst-load,1788100498.361000,41.000419,failed_request_ratio,all,0
2026-08-30_14-34-17-360581_adaptiveTTL,adaptiveTTL,burst-load,1788100499.361000,42.000419,failed_request_ratio,all,0
2026-08-30_14-34-17-360581_adaptiveTTL,adaptiveTTL,burst-load,1788100500.361000,43.000419,failed_request_ratio,all,0
2026-08-30_14-34-17-360581_adaptiveTTL,adaptiveTTL,burst-load,1788100501.361000,44.000419,failed_request_ratio,all,0
2026-08-30_14-34-17-360581_adaptiveTTL,adaptiveTTL,burst-load,1788100502.361000,45.000419,failed_request_ratio,all,0
2026-08-30_14-34-17-360581_adaptiveTTL,adaptiveTTL,burst-load,1788100503.361000,46.000419,failed_request_ratio,all,0
2026-08-30_14-34-17-360581_adaptiveTTL,adaptiveTTL,burst-load,1788100504.361000,47.000419,failed_request_ratio,all,0
2026-08-30_14-34-17-360581_adaptiveTTL,adaptiveTTL,burst-load,1788100505.361000,48.000419,failed_request_ratio,all,0
2026-08-30_14-34-17-360581_adaptiveTTL,adaptiveTTL,burst-load,1788100506.361000,49.000419,failed_request_ratio,all,0
2026-08-30_14-34-17-360581_adaptiveTTL,adaptiveTTL,burst-load,1788100507.361000,50.000419,failed_request_ratio,all,0
2026-08-30_14-34-17-360581_adaptiveTTL,adaptiveTTL,burst-load,1788100508.361000,51.000419,failed_request_ratio,all,0
2026-08-30_14-34-17-360581_adaptiveTTL,adaptiveTTL,burst-load,1788100509.361000,52.000419,failed_request_ratio,all,0
2026-08-30_14-34-17-360581_adaptiveTTL,adaptiveTTL,burst-load,1788100510.361000,53.000419,failed_request_ratio,all,0
2026-08-30_14-34-17-360581_adaptiveTTL,adaptiveTTL,burst-load,1788100511.361000,54.000419,failed_request_ratio,all,0
2026-08-30_14-34-17-360581_adaptiveTTL,adaptiveTTL,burst-load,1788100512.361000,55.000419,failed_request_ratio,all,0
2026-08-30_14-34-17-360581_adaptiveTTL,adaptiveTTL,burst-load,1788100513.361000,56.000419,failed_request_ratio,all,0
2026-08-30_14-34-17-360581_adaptiveTTL,adaptiveTTL,burst-load,1788100514.361000,57.000419,failed_request_ratio,all,0
2026-08-30_14-34-17-360581_adaptiveTTL,adaptiveTTL,burst-load,1788100515.361000,58.000419,failed_request_ratio,all,0
2026-08-30_14-34-17-360581_adaptiveTTL,adaptiveTTL,burst-load,1788100516.361000,59.000419,failed_request_ratio,all,0
2026-08-30_14-34-17-360581_adaptiveTTL,adaptiveTTL,burst-load,1788100517.361000,60.000419,failed_request_ratio,all,0
2026-08-30_14-34-17-360581_adaptiveTTL,adaptiveTTL,burst-load,1788100518.361000,61.000419,failed_request_ratio,all,0
2026-08-30_14-34-17-360581_adaptiveTTL,adaptiveTTL,burst-load,1788100519.361000,62.000419,failed_request_ratio,all,0
2026-08-30_14-34-17-360581_adaptiveTTL,adaptiveTTL,burst-load,1788100520.361000,63.000419,failed_request_ratio,all,0
2026-08-30_14-34-17-360581_adaptiveTTL,adaptiveTTL,burst-load,1788100521.361000,64.000419,failed_request_ratio,all,0
2026-08-30_14-34-17-360581_adaptiveTTL,adaptiveTTL,burst-load,1788100522.361000,65.000419,failed_request_ratio,all,0
2026-08-30_14-34-17-360581_adaptiveTTL,adaptiveTTL,burst-load,1788100523.361000,66.000419,failed_request_ratio,all,0
2026-08-30_14-34-17-360581_adaptiveTTL,adaptiveTTL,burst-load,1788100524.361000,67.000419,failed_request_ratio,all,0
2026-08-30_14-34-17-360581_adaptiveTTL,adaptiveTTL,burst-load,1788100525.361000,68.000419,failed_request_ratio,all,0
2026-08-30_14-34-17-360581_adaptiveTTL,adaptiveTTL,burst-load,1788100526.361000,69.000419,failed_request_ratio,all,0
2026-08-30_14-34-17-360581_adaptiveTTL,adaptiveTTL,burst-load,1788100527.361000,70.000419,failed_request_ratio,all,0
2026-08-30_14-34-17-360581_adaptiveTTL,adaptiveTTL,burst-load,1788100528.361000,71.000419,failed_request_ratio,all,0
2026-08-30_14-34-17-360581_adaptiveTTL,adaptiveTTL,burst-load,1788100529.361000,72.000419,failed_request_ratio,all,0
2026-08-30_14-34-17-360581_adaptiveTTL,adaptiveTTL,burst-load,1788100530.361000,73.000419,failed_request_ratio,all,0
2026-08-30_14-34-17-360581_adaptiveTTL,adaptiveTTL,burst-load,1788100531.361000,74.000419,failed_request_ratio,all,0
2026-08-30_14-34-17-360581_adaptiveTTL,adaptiveTTL,burst-load,1788100532.361000,75.000419,failed_request_ratio,all,0
2026-08-30_14-34-17-360581_adaptiveTTL,adaptiveTTL,burst-load,1788100533.361000,76.000419,failed_request_ratio,all,0
2026-08-30_14-34-17-360581_adaptiveTTL,adaptiveTTL,burst-load,1788100534.361000,77.000419,failed_request_ratio,all,0
2026-08-30_14-34-17-360581_adaptiveTTL,adaptiveTTL,burst-load,1788100535.361000,78.000419,failed_request_ratio,all,0
2026-08-30_14-34-17-360581_adaptiveTTL,adaptiveTTL,burst-load,1788100536.361000,79.000419,failed_request_ratio,all,0
2026-08-30_14-34-17-360581_adaptiveTTL,adaptiveTTL,burst-load,1788100537.361000,80.000419,failed_request_ratio,all,0
2026-08-30_14-34-17-360581_adaptiveTTL,adaptiveTTL,burst-load,1788100538.361000,81.000419,failed_request_ratio,all,0
2026-08-30_14-34-17-360581_adaptiveTTL,adaptiveTTL,burst-load,1788100539.361000,82.000419,failed_request_ratio,all,0
2026-08-30_14-34-17-360581_adaptiveTTL,adaptiveTTL,burst-load,1788100540.361000,83.000419,failed_request_ratio,all,0
2026-08-30_14-34-17-360581_adaptiveTTL,adaptiveTTL,burst-load,1788100541.361000,84.000419,failed_request_ratio,all,0
2026-08-30_14-34-17-360581_adaptiveTTL,adaptiveTTL,burst-load,1788100542.361000,85.000419,failed_request_ratio,all,0
2026-08-30_14-34-17-360581_adaptiveTTL,adaptiveTTL,burst-load,1788100543.361000,86.000419,failed_request_ratio,all,0
2026-08-30_14-34-17-360581_adaptiveTTL,adaptiveTTL,burst-load,1788100544.361000,87.000419,failed_request_ratio,all,0
2026-08-30_14-34-17-360581_adaptiveTTL,adaptiveTTL,burst-load,1788100545.361000,88.000419,failed_request_ratio,all,0
2026-08-30_14-34-17-360581_adaptiveTTL,adaptiveTTL,burst-load,1788100546.361000,89.000419,failed_request_ratio,all,0
2026-08-30_14-34-17-360581_adaptiveTTL,adaptiveTTL,burst-load,1788100547.361000,90.000419,failed_request_ratio,all,0
2026-08-30_14-34-17-360581_adaptiveTTL,adaptiveTTL,burst-load,1788100548.361000,91.000419,failed_request_ratio,all,0
2026-08-30_14-34-17-360581_adaptiveTTL,adaptiveTTL,burst-load,1788100549.361000,92.000419,failed_request_ratio,all,0
2026-08-30_14-34-17-360581_adaptiveTTL,adaptiveTTL,burst-load,1788100550.361000,93.000419,failed_request_ratio,all,0
2026-08-30_14-34-17-360581_adaptiveTTL,adaptiveTTL,burst-load,1788100551.361000,94.000419,failed_request_ratio,all,0
2026-08-30_14-34-17-360581_adaptiveTTL,adaptiveTTL,burst-load,1788100552.361000,95.000419,failed_request_ratio,all,0
2026-08-30_14-34-17-360581_adaptiveTTL,adaptiveTTL,burst-load,1788100553.361000,96.000419,failed_request_ratio,all,0
2026-08-30_14-34-17-360581_adaptiveTTL,adaptiveTTL,burst-load,1788100554.361000,97.000419,failed_request_ratio,all,0
2026-08-30_14-34-17-360581_adaptiveTTL,adaptiveTTL,burst-load,1788100555.361000,98.000419,failed_request_ratio,all,0
2026-08-30_14-34-17-360581_adaptiveTTL,adaptiveTTL,burst-load,1788100556.361000,99.000419,failed_request_ratio,all,0
2026-08-30_14-34-17-360581_adaptiveTTL,adaptiveTTL,burst-load,1788100557.361000,100.000419,failed_request_ratio,all,0
2026-08-30_14-34-17-360581_adaptiveTTL,adaptiveTTL,burst-load,1788100558.361000,101.000419,failed_request_ratio,all,0
2026-08-30_14-34-17-360581_adaptiveTTL,adaptiveTTL,burst-load,1788100559.361000,102.000419,failed_request_ratio,all,0
2026-08-30_14-34-17-360581_adaptiveTTL,adaptiveTTL,burst-load,1788100560.361000,103.000419,failed_request_ratio,all,0
2026-08-30_14-34-17-360581_adaptiveTTL,adaptiveTTL,burst-load,1788100561.361000,104.000419,failed_request_ratio,all,0
2026-08-30_14-34-17-360581_adaptiveTTL,adaptiveTTL,burst-load,1788100562.361000,105.000419,failed_request_ratio,all,0
2026-08-30_14-34-17-360581_adaptiveTTL,adaptiveTTL,burst-load,1788100563.361000,106.000419,failed_request_ratio,all,0
2026-08-30_14-34-17-360581_adaptiveTTL,adaptiveTTL,burst-load,1788100564.361000,107.000419,failed_request_ratio,all,0
2026-08-30_14-34-17-360581_adaptiveTTL,adaptiveTTL,burst-load,1788100565.361000,108.000419,failed_request_ratio,all,0
2026-08-30_14-34-17-360581_adaptiveTTL,adaptiveTTL,burst-load,1788100566.361000,109.000419,failed_request_ratio,all,0
2026-08-30_14-34-17-360581_adaptiveTTL,adaptiveTTL,burst-load,1788100567.361000,110.000419,failed_request_ratio,all,0
2026-08-30_14-34-17-360581_adaptiveTTL,adaptiveTTL,burst-load,1788100568.361000,111.000419,failed_request_ratio,all,0
2026-08-30_14-34-17-360581_adaptiveTTL,adaptiveTTL,burst-load,1788100569.361000,112.000419,failed_request_ratio,all,0
2026-08-30_14-34-17-360581_adaptiveTTL,adaptiveTTL,burst-load,1788100570.361000,113.000419,failed_request_ratio,all,0
2026-08-30_14-34-17-360581_adaptiveTTL,adaptiveTTL,burst-load,1788100571.361000,114.000419,failed_request_ratio,all,0
2026-08-30_14-34-17-360581_adaptiveTTL,adaptiveTTL,burst-load,1788100572.361000,115.000419,failed_request_ratio,all,0
2026-08-30_14-34-17-360581_adaptiveTTL,adaptiveTTL,burst-load,1788100573.361000,116.000419,failed_request_ratio,all,0
2026-08-30_14-34-17-360581_adaptiveTTL,adaptiveTTL,burst-load,1788100574.361000,117.000419,failed_request_ratio,all,0
2026-08-30_14-34-17-360581_adaptiveTTL,adaptiveTTL,burst-load,1788100575.361000,118.000419,failed_request_ratio,all,0
2026-08-30_14-34-17-360581_adaptiveTTL,adaptiveTTL,burst-load,1788100576.361000,119.000419,failed_request_ratio,all,0
2026-08-30_14-34-17-360581_adaptiveTTL,adaptiveTTL,burst-load,1788100577.361000,120.000419,failed_request_ratio,all,0
2026-08-30_14-34-17-360581_adaptiveTTL,adaptiveTTL,burst-load,1788100578.361000,121.000419,failed_request_ratio,all,0
2026-08-30_14-34-17-360581_adaptiveTTL,adaptiveTTL,burst-load,1788100579.361000,122.000419,failed_request_ratio,all,0
2026-08-30_14-34-17-360581_adaptiveTTL,adaptiveTTL,burst-load,1788100457.361000,0.000419,singleflight_waiting_requests,all,0
2026-08-30_14-34-17-360581_adaptiveTTL,adaptiveTTL,burst-load,1788100458.361000,1.000419,singleflight_waiting_requests,all,0
2026-08-30_14-34-17-360581_adaptiveTTL,adaptiveTTL,burst-load,1788100459.361000,2.000419,singleflight_waiting_requests,all,0
2026-08-30_14-34-17-360581_adaptiveTTL,adaptiveTTL,burst-load,1788100460.361000,3.000419,singleflight_waiting_requests,all,0
2026-08-30_14-34-17-360581_adaptiveTTL,adaptiveTTL,burst-load,1788100461.361000,4.000419,singleflight_waiting_requests,all,0
2026-08-30_14-34-17-360581_adaptiveTTL,adaptiveTTL,burst-load,1788100462.361000,5.000419,singleflight_waiting_requests,all,0
2026-08-30_14-34-17-360581_adaptiveTTL,adaptiveTTL,burst-load,1788100463.361000,6.000419,singleflight_waiting_requests,all,0
2026-08-30_14-34-17-360581_adaptiveTTL,adaptiveTTL,burst-load,1788100464.361000,7.000419,singleflight_waiting_requests,all,0
2026-08-30_14-34-17-360581_adaptiveTTL,adaptiveTTL,burst-load,1788100465.361000,8.000419,singleflight_waiting_requests,all,0
2026-08-30_14-34-17-360581_adaptiveTTL,adaptiveTTL,burst-load,1788100466.361000,9.000419,singleflight_waiting_requests,all,0
2026-08-30_14-34-17-360581_adaptiveTTL,adaptiveTTL,burst-load,1788100467.361000,10.000419,singleflight_waiting_requests,all,0
2026-08-30_14-34-17-360581_adaptiveTTL,adaptiveTTL,burst-load,1788100468.361000,11.000419,singleflight_waiting_requests,all,0
2026-08-30_14-34-17-360581_adaptiveTTL,adaptiveTTL,burst-load,1788100469.361000,12.000419,singleflight_waiting_requests,all,0
2026-08-30_14-34-17-360581_adaptiveTTL,adaptiveTTL,burst-load,1788100470.361000,13.000419,singleflight_waiting_requests,all,0
2026-08-30_14-34-17-360581_adaptiveTTL,adaptiveTTL,burst-load,1788100471.361000,14.000419,singleflight_waiting_requests,all,0
2026-08-30_14-34-17-360581_adaptiveTTL,adaptiveTTL,burst-load,1788100472.361000,15.000419,singleflight_waiting_requests,all,0
2026-08-30_14-34-17-360581_adaptiveTTL,adaptiveTTL,burst-load,1788100473.361000,16.000419,singleflight_waiting_requests,all,0
2026-08-30_14-34-17-360581_adaptiveTTL,adaptiveTTL,burst-load,1788100474.361000,17.000419,singleflight_waiting_requests,all,0
2026-08-30_14-34-17-360581_adaptiveTTL,adaptiveTTL,burst-load,1788100475.361000,18.000419,singleflight_waiting_requests,all,0
2026-08-30_14-34-17-360581_adaptiveTTL,adaptiveTTL,burst-load,1788100476.361000,19.000419,singleflight_waiting_requests,all,0
2026-08-30_14-34-17-360581_adaptiveTTL,adaptiveTTL,burst-load,1788100477.361000,20.000419,singleflight_waiting_requests,all,0
2026-08-30_14-34-17-360581_adaptiveTTL,adaptiveTTL,burst-load,1788100478.361000,21.000419,singleflight_waiting_requests,all,0
2026-08-30_14-34-17-360581_adaptiveTTL,adaptiveTTL,burst-load,1788100479.361000,22.000419,singleflight_waiting_requests,all,0
2026-08-30_14-34-17-360581_adaptiveTTL,adaptiveTTL,burst-load,1788100480.361000,23.000419,singleflight_waiting_requests,all,0
2026-08-30_14-34-17-360581_adaptiveTTL,adaptiveTTL,burst-load,1788100481.361000,24.000419,singleflight_waiting_requests,all,0
2026-08-30_14-34-17-360581_adaptiveTTL,adaptiveTTL,burst-load,1788100482.361000,25.000419,singleflight_waiting_requests,all,0
2026-08-30_14-34-17-360581_adaptiveTTL,adaptiveTTL,burst-load,1788100483.361000,26.000419,singleflight_waiting_requests,all,0
2026-08-30_14-34-17-360581_adaptiveTTL,adaptiveTTL,burst-load,1788100484.361000,27.000419,singleflight_waiting_requests,all,0
2026-08-30_14-34-17-360581_adaptiveTTL,adaptiveTTL,burst-load,1788100485.361000,28.000419,singleflight_waiting_requests,all,0
2026-08-30_14-34-17-360581_adaptiveTTL,adaptiveTTL,burst-load,1788100486.361000,29.000419,singleflight_waiting_requests,all,0
2026-08-30_14-34-17-360581_adaptiveTTL,adaptiveTTL,burst-load,1788100487.361000,30.000419,singleflight_waiting_requests,all,0
2026-08-30_14-34-17-360581_adaptiveTTL,adaptiveTTL,burst-load,1788100488.361000,31.000419,singleflight_waiting_requests,all,0
2026-08-30_14-34-17-360581_adaptiveTTL,adaptiveTTL,burst-load,1788100489.361000,32.000419,singleflight_waiting_requests,all,0
2026-08-30_14-34-17-360581_adaptiveTTL,adaptiveTTL,burst-load,1788100490.361000,33.000419,singleflight_waiting_requests,all,0
2026-08-30_14-34-17-360581_adaptiveTTL,adaptiveTTL,burst-load,1788100491.361000,34.000419,singleflight_waiting_requests,all,0
2026-08-30_14-34-17-360581_adaptiveTTL,adaptiveTTL,burst-load,1788100492.361000,35.000419,singleflight_waiting_requests,all,0
2026-08-30_14-34-17-360581_adaptiveTTL,adaptiveTTL,burst-load,1788100493.361000,36.000419,singleflight_waiting_requests,all,0
2026-08-30_14-34-17-360581_adaptiveTTL,adaptiveTTL,burst-load,1788100494.361000,37.000419,singleflight_waiting_requests,all,0
2026-08-30_14-34-17-360581_adaptiveTTL,adaptiveTTL,burst-load,1788100495.361000,38.000419,singleflight_waiting_requests,all,0
2026-08-30_14-34-17-360581_adaptiveTTL,adaptiveTTL,burst-load,1788100496.361000,39.000419,singleflight_waiting_requests,all,0
2026-08-30_14-34-17-360581_adaptiveTTL,adaptiveTTL,burst-load,1788100497.361000,40.000419,singleflight_waiting_requests,all,0
2026-08-30_14-34-17-360581_adaptiveTTL,adaptiveTTL,burst-load,1788100498.361000,41.000419,singleflight_waiting_requests,all,0
2026-08-30_14-34-17-360581_adaptiveTTL,adaptiveTTL,burst-load,1788100499.361000,42.000419,singleflight_waiting_requests,all,0
2026-08-30_14-34-17-360581_adaptiveTTL,adaptiveTTL,burst-load,1788100500.361000,43.000419,singleflight_waiting_requests,all,0
2026-08-30_14-34-17-360581_adaptiveTTL,adaptiveTTL,burst-load,1788100501.361000,44.000419,singleflight_waiting_requests,all,0
2026-08-30_14-34-17-360581_adaptiveTTL,adaptiveTTL,burst-load,1788100502.361000,45.000419,singleflight_waiting_requests,all,0
2026-08-30_14-34-17-360581_adaptiveTTL,adaptiveTTL,burst-load,1788100503.361000,46.000419,singleflight_waiting_requests,all,0
2026-08-30_14-34-17-360581_adaptiveTTL,adaptiveTTL,burst-load,1788100504.361000,47.000419,singleflight_waiting_requests,all,0
2026-08-30_14-34-17-360581_adaptiveTTL,adaptiveTTL,burst-load,1788100505.361000,48.000419,singleflight_waiting_requests,all,0
2026-08-30_14-34-17-360581_adaptiveTTL,adaptiveTTL,burst-load,1788100506.361000,49.000419,singleflight_waiting_requests,all,0
2026-08-30_14-34-17-360581_adaptiveTTL,adaptiveTTL,burst-load,1788100507.361000,50.000419,singleflight_waiting_requests,all,0
2026-08-30_14-34-17-360581_adaptiveTTL,adaptiveTTL,burst-load,1788100508.361000,51.000419,singleflight_waiting_requests,all,0
2026-08-30_14-34-17-360581_adaptiveTTL,adaptiveTTL,burst-load,1788100509.361000,52.000419,singleflight_waiting_requests,all,0
2026-08-30_14-34-17-360581_adaptiveTTL,adaptiveTTL,burst-load,1788100510.361000,53.000419,singleflight_waiting_requests,all,0
2026-08-30_14-34-17-360581_adaptiveTTL,adaptiveTTL,burst-load,1788100511.361000,54.000419,singleflight_waiting_requests,all,0
2026-08-30_14-34-17-360581_adaptiveTTL,adaptiveTTL,burst-load,1788100512.361000,55.000419,singleflight_waiting_requests,all,0
2026-08-30_14-34-17-360581_adaptiveTTL,adaptiveTTL,burst-load,1788100513.361000,56.000419,singleflight_waiting_requests,all,0
2026-08-30_14-34-17-360581_adaptiveTTL,adaptiveTTL,burst-load,1788100514.361000,57.000419,singleflight_waiting_requests,all,0
2026-08-30_14-34-17-360581_adaptiveTTL,adaptiveTTL,burst-load,1788100515.361000,58.000419,singleflight_waiting_requests,all,0
2026-08-30_14-34-17-360581_adaptiveTTL,adaptiveTTL,burst-load,1788100516.361000,59.000419,singleflight_waiting_requests,all,0
2026-08-30_14-34-17-360581_adaptiveTTL,adaptiveTTL,burst-load,1788100517.361000,60.000419,singleflight_waiting_requests,all,0
2026-08-30_14-34-17-360581_adaptiveTTL,adaptiveTTL,burst-load,1788100518.361000,61.000419,singleflight_waiting_requests,all,0
2026-08-30_14-34-17-360581_adaptiveTTL,adaptiveTTL,burst-load,1788100519.361000,62.000419,singleflight_waiting_requests,all,0
2026-08-30_14-34-17-360581_adaptiveTTL,adaptiveTTL,burst-load,1788100520.361000,63.000419,singleflight_waiting_requests,all,0
2026-08-30_14-34-17-360581_adaptiveTTL,adaptiveTTL,burst-load,1788100521.361000,64.000419,singleflight_waiting_requests,all,0
2026-08-30_14-34-17-360581_adaptiveTTL,adaptiveTTL,burst-load,1788100522.361000,65.000419,singleflight_waiting_requests,all,0
2026-08-30_14-34-17-360581_adaptiveTTL,adaptiveTTL,burst-load,1788100523.361000,66.000419,singleflight_waiting_requests,all,0
2026-08-30_14-34-17-360581_adaptiveTTL,adaptiveTTL,burst-load,1788100524.361000,67.000419,singleflight_waiting_requests,all,0
2026-08-30_14-34-17-360581_adaptiveTTL,adaptiveTTL,burst-load,1788100525.361000,68.000419,singleflight_waiting_requests,all,0
2026-08-30_14-34-17-360581_adaptiveTTL,adaptiveTTL,burst-load,1788100526.361000,69.000419,singleflight_waiting_requests,all,0
2026-08-30_14-34-17-360581_adaptiveTTL,adaptiveTTL,burst-load,1788100527.361000,70.000419,singleflight_waiting_requests,all,0
2026-08-30_14-34-17-360581_adaptiveTTL,adaptiveTTL,burst-load,1788100528.361000,71.000419,singleflight_waiting_requests,all,0
2026-08-30_14-34-17-360581_adaptiveTTL,adaptiveTTL,burst-load,1788100529.361000,72.000419,singleflight_waiting_requests,all,0
2026-08-30_14-34-17-360581_adaptiveTTL,adaptiveTTL,burst-load,1788100530.361000,73.000419,singleflight_waiting_requests,all,0
2026-08-30_14-34-17-360581_adaptiveTTL,adaptiveTTL,burst-load,1788100531.361000,74.000419,singleflight_waiting_requests,all,0
2026-08-30_14-34-17-360581_adaptiveTTL,adaptiveTTL,burst-load,1788100532.361000,75.000419,singleflight_waiting_requests,all,0
2026-08-30_14-34-17-360581_adaptiveTTL,adaptiveTTL,burst-load,1788100533.361000,76.000419,singleflight_waiting_requests,all,0
2026-08-30_14-34-17-360581_adaptiveTTL,adaptiveTTL,burst-load,1788100534.361000,77.000419,singleflight_waiting_requests,all,0
2026-08-30_14-34-17-360581_adaptiveTTL,adaptiveTTL,burst-load,1788100535.361000,78.000419,singleflight_waiting_requests,all,0
2026-08-30_14-34-17-360581_adaptiveTTL,adaptiveTTL,burst-load,1788100536.361000,79.000419,singleflight_waiting_requests,all,0
2026-08-30_14-34-17-360581_adaptiveTTL,adaptiveTTL,burst-load,1788100537.361000,80.000419,singleflight_waiting_requests,all,0
2026-08-30_14-34-17-360581_adaptiveTTL,adaptiveTTL,burst-load,1788100538.361000,81.000419,singleflight_waiting_requests,all,0
2026-08-30_14-34-17-360581_adaptiveTTL,adaptiveTTL,burst-load,1788100539.361000,82.000419,singleflight_waiting_requests,all,0
2026-08-30_14-34-17-360581_adaptiveTTL,adaptiveTTL,burst-load,1788100540.361000,83.000419,singleflight_waiting_requests,all,0
2026-08-30_14-34-17-360581_adaptiveTTL,adaptiveTTL,burst-load,1788100541.361000,84.000419,singleflight_waiting_requests,all,0
2026-08-30_14-34-17-360581_adaptiveTTL,adaptiveTTL,burst-load,1788100542.361000,85.000419,singleflight_waiting_requests,all,0
2026-08-30_14-34-17-360581_adaptiveTTL,adaptiveTTL,burst-load,1788100543.361000,86.000419,singleflight_waiting_requests,all,0
2026-08-30_14-34-17-360581_adaptiveTTL,adaptiveTTL,burst-load,1788100544.361000,87.000419,singleflight_waiting_requests,all,0
2026-08-30_14-34-17-360581_adaptiveTTL,adaptiveTTL,burst-load,1788100545.361000,88.000419,singleflight_waiting_requests,all,0
2026-08-30_14-34-17-360581_adaptiveTTL,adaptiveTTL,burst-load,1788100546.361000,89.000419,singleflight_waiting_requests,all,0
2026-08-30_14-34-17-360581_adaptiveTTL,adaptiveTTL,burst-load,1788100547.361000,90.000419,singleflight_waiting_requests,all,0
2026-08-30_14-34-17-360581_adaptiveTTL,adaptiveTTL,burst-load,1788100548.361000,91.000419,singleflight_waiting_requests,all,0
2026-08-30_14-34-17-360581_adaptiveTTL,adaptiveTTL,burst-load,1788100549.361000,92.000419,singleflight_waiting_requests,all,0
2026-08-30_14-34-17-360581_adaptiveTTL,adaptiveTTL,burst-load,1788100550.361000,93.000419,singleflight_waiting_requests,all,0
2026-08-30_14-34-17-360581_adaptiveTTL,adaptiveTTL,burst-load,1788100551.361000,94.000419,singleflight_waiting_requests,all,0
2026-08-30_14-34-17-360581_adaptiveTTL,adaptiveTTL,burst-load,1788100552.361000,95.000419,singleflight_waiting_requests,all,0
2026-08-30_14-34-17-360581_adaptiveTTL,adaptiveTTL,burst-load,1788100553.361000,96.000419,singleflight_waiting_requests,all,0
2026-08-30_14-34-17-360581_adaptiveTTL,adaptiveTTL,burst-load,1788100554.361000,97.000419,singleflight_waiting_requests,all,0
2026-08-30_14-34-17-360581_adaptiveTTL,adaptiveTTL,burst-load,1788100555.361000,98.000419,singleflight_waiting_requests,all,0
2026-08-30_14-34-17-360581_adaptiveTTL,adaptiveTTL,burst-load,1788100556.361000,99.000419,singleflight_waiting_requests,all,0
2026-08-30_14-34-17-360581_adaptiveTTL,adaptiveTTL,burst-load,1788100557.361000,100.000419,singleflight_waiting_requests,all,0
2026-08-30_14-34-17-360581_adaptiveTTL,adaptiveTTL,burst-load,1788100558.361000,101.000419,singleflight_waiting_requests,all,0
2026-08-30_14-34-17-360581_adaptiveTTL,adaptiveTTL,burst-load,1788100559.361000,102.000419,singleflight_waiting_requests,all,0
2026-08-30_14-34-17-360581_adaptiveTTL,adaptiveTTL,burst-load,1788100560.361000,103.000419,singleflight_waiting_requests,all,0
2026-08-30_14-34-17-360581_adaptiveTTL,adaptiveTTL,burst-load,1788100561.361000,104.000419,singleflight_waiting_requests,all,0
2026-08-30_14-34-17-360581_adaptiveTTL,adaptiveTTL,burst-load,1788100562.361000,105.000419,singleflight_waiting_requests,all,0
2026-08-30_14-34-17-360581_adaptiveTTL,adaptiveTTL,burst-load,1788100563.361000,106.000419,singleflight_waiting_requests,all,0
2026-08-30_14-34-17-360581_adaptiveTTL,adaptiveTTL,burst-load,1788100564.361000,107.000419,singleflight_waiting_requests,all,0
2026-08-30_14-34-17-360581_adaptiveTTL,adaptiveTTL,burst-load,1788100565.361000,108.000419,singleflight_waiting_requests,all,0
2026-08-30_14-34-17-360581_adaptiveTTL,adaptiveTTL,burst-load,1788100566.361000,109.000419,singleflight_waiting_requests,all,0
2026-08-30_14-34-17-360581_adaptiveTTL,adaptiveTTL,burst-load,1788100567.361000,110.000419,singleflight_waiting_requests,all,0
2026-08-30_14-34-17-360581_adaptiveTTL,adaptiveTTL,burst-load,1788100568.361000,111.000419,singleflight_waiting_requests,all,0
2026-08-30_14-34-17-360581_adaptiveTTL,adaptiveTTL,burst-load,1788100569.361000,112.000419,singleflight_waiting_requests,all,0
2026-08-30_14-34-17-360581_adaptiveTTL,adaptiveTTL,burst-load,1788100570.361000,113.000419,singleflight_waiting_requests,all,0
2026-08-30_14-34-17-360581_adaptiveTTL,adaptiveTTL,burst-load,1788100571.361000,114.000419,singleflight_waiting_requests,all,0
2026-08-30_14-34-17-360581_adaptiveTTL,adaptiveTTL,burst-load,1788100572.361000,115.000419,singleflight_waiting_requests,all,0
2026-08-30_14-34-17-360581_adaptiveTTL,adaptiveTTL,burst-load,1788100573.361000,116.000419,singleflight_waiting_requests,all,0
2026-08-30_14-34-17-360581_adaptiveTTL,adaptiveTTL,burst-load,1788100574.361000,117.000419,singleflight_waiting_requests,all,0
2026-08-30_14-34-17-360581_adaptiveTTL,adaptiveTTL,burst-load,1788100575.361000,118.000419,singleflight_waiting_requests,all,0
2026-08-30_14-34-17-360581_adaptiveTTL,adaptiveTTL,burst-load,1788100576.361000,119.000419,singleflight_waiting_requests,all,0
2026-08-30_14-34-17-360581_adaptiveTTL,adaptiveTTL,burst-load,1788100577.361000,120.000419,singleflight_waiting_requests,all,0
2026-08-30_14-34-17-360581_adaptiveTTL,adaptiveTTL,burst-load,1788100578.361000,121.000419,singleflight_waiting_requests,all,0
2026-08-30_14-34-17-360581_adaptiveTTL,adaptiveTTL,burst-load,1788100579.361000,122.000419,singleflight_waiting_requests,all,0
2026-08-30_14-34-17-360581_adaptiveTTL,adaptiveTTL,burst-load,1788100487.361000,30.000419,faf_by_key,key=/api/backend/1,2.000111123458162
2026-08-30_14-34-17-360581_adaptiveTTL,adaptiveTTL,burst-load,1788100488.361000,31.000419,faf_by_key,key=/api/backend/1,1.9997778024663924
2026-08-30_14-34-17-360581_adaptiveTTL,adaptiveTTL,burst-load,1788100489.361000,32.000419,faf_by_key,key=/api/backend/1,1.9998889012331962
2026-08-30_14-34-17-360581_adaptiveTTL,adaptiveTTL,burst-load,1788100490.361000,33.000419,faf_by_key,key=/api/backend/1,2.000111111111111
2026-08-30_14-34-17-360581_adaptiveTTL,adaptiveTTL,burst-load,1788100491.361000,34.000419,faf_by_key,key=/api/backend/1,1.9998889012331962
2026-08-30_14-34-17-360581_adaptiveTTL,adaptiveTTL,burst-load,1788100492.361000,35.000419,faf_by_key,key=/api/backend/1,2
2026-08-30_14-34-17-360581_adaptiveTTL,adaptiveTTL,burst-load,1788100493.361000,36.000419,faf_by_key,key=/api/backend/1,2
2026-08-30_14-34-17-360581_adaptiveTTL,adaptiveTTL,burst-load,1788100494.361000,37.000419,faf_by_key,key=/api/backend/1,1.9997778024663924
2026-08-30_14-34-17-360581_adaptiveTTL,adaptiveTTL,burst-load,1788100495.361000,38.000419,faf_by_key,key=/api/backend/1,2
2026-08-30_14-34-17-360581_adaptiveTTL,adaptiveTTL,burst-load,1788100500.361000,43.000419,faf_by_key,key=/api/backend/1,8.999666666666666
2026-08-30_14-34-17-360581_adaptiveTTL,adaptiveTTL,burst-load,1788100501.361000,44.000419,faf_by_key,key=/api/backend/1,9.000666740748972
2026-08-30_14-34-17-360581_adaptiveTTL,adaptiveTTL,burst-load,1788100502.361000,45.000419,faf_by_key,key=/api/backend/1,9.000333333333334
2026-08-30_14-34-17-360581_adaptiveTTL,adaptiveTTL,burst-load,1788100503.361000,46.000419,faf_by_key,key=/api/backend/1,8.999333407399178
2026-08-30_14-34-17-360581_adaptiveTTL,adaptiveTTL,burst-load,1788100504.361000,47.000419,faf_by_key,key=/api/backend/1,9.000333370374486
2026-08-30_14-34-17-360581_adaptiveTTL,adaptiveTTL,burst-load,1788100505.361000,48.000419,faf_by_key,key=/api/backend/1,9
2026-08-30_14-34-17-360581_adaptiveTTL,adaptiveTTL,burst-load,1788100506.361000,49.000419,faf_by_key,key=/api/backend/1,9
2026-08-30_14-34-17-360581_adaptiveTTL,adaptiveTTL,burst-load,1788100507.361000,50.000419,faf_by_key,key=/api/backend/1,9
2026-08-30_14-34-17-360581_adaptiveTTL,adaptiveTTL,burst-load,1788100508.361000,51.000419,faf_by_key,key=/api/backend/1,6
2026-08-30_14-34-17-360581_adaptiveTTL,adaptiveTTL,burst-load,1788100522.361000,65.000419,faf_by_key,key=/api/backend/1,3
2026-08-30_14-34-17-360581_adaptiveTTL,adaptiveTTL,burst-load,1788100523.361000,66.000419,faf_by_key,key=/api/backend/1,5
2026-08-30_14-34-17-360581_adaptiveTTL,adaptiveTTL,burst-load,1788100524.361000,67.000419,faf_by_key,key=/api/backend/1,5
2026-08-30_14-34-17-360581_adaptiveTTL,adaptiveTTL,burst-load,1788100525.361000,68.000419,faf_by_key,key=/api/backend/1,4.999777802466393
2026-08-30_14-34-17-360581_adaptiveTTL,adaptiveTTL,burst-load,1788100526.361000,69.000419,faf_by_key,key=/api/backend/1,5.000222246916324
2026-08-30_14-34-17-360581_adaptiveTTL,adaptiveTTL,burst-load,1788100527.361000,70.000419,faf_by_key,key=/api/backend/1,5
2026-08-30_14-34-17-360581_adaptiveTTL,adaptiveTTL,burst-load,1788100528.361000,71.000419,faf_by_key,key=/api/backend/1,5
2026-08-30_14-34-17-360581_adaptiveTTL,adaptiveTTL,burst-load,1788100529.361000,72.000419,faf_by_key,key=/api/backend/1,4.999777777777778
2026-08-30_14-34-17-360581_adaptiveTTL,adaptiveTTL,burst-load,1788100530.361000,73.000419,faf_by_key,key=/api/backend/1,4.999777802466393
2026-08-30_14-34-17-360581_adaptiveTTL,adaptiveTTL,burst-load,1788100558.361000,101.000419,faf_by_key,key=/api/backend/1,2
2026-08-30_14-34-17-360581_adaptiveTTL,adaptiveTTL,burst-load,1788100559.361000,102.000419,faf_by_key,key=/api/backend/1,3
2026-08-30_14-34-17-360581_adaptiveTTL,adaptiveTTL,burst-load,1788100560.361000,103.000419,faf_by_key,key=/api/backend/1,2.999888888888889
2026-08-30_14-34-17-360581_adaptiveTTL,adaptiveTTL,burst-load,1788100561.361000,104.000419,faf_by_key,key=/api/backend/1,3
2026-08-30_14-34-17-360581_adaptiveTTL,adaptiveTTL,burst-load,1788100562.361000,105.000419,faf_by_key,key=/api/backend/1,3.0002222469163238
2026-08-30_14-34-17-360581_adaptiveTTL,adaptiveTTL,burst-load,1788100563.361000,106.000419,faf_by_key,key=/api/backend/1,3.000111111111111
2026-08-30_14-34-17-360581_adaptiveTTL,adaptiveTTL,burst-load,1788100564.361000,107.000419,faf_by_key,key=/api/backend/1,3
2026-08-30_14-34-17-360581_adaptiveTTL,adaptiveTTL,burst-load,1788100565.361000,108.000419,faf_by_key,key=/api/backend/1,2.999888888888889
2026-08-30_14-34-17-360581_adaptiveTTL,adaptiveTTL,burst-load,1788100566.361000,109.000419,faf_by_key,key=/api/backend/1,2.999888888888889
2026-08-30_14-34-17-360581_adaptiveTTL,adaptiveTTL,burst-load,1788100473.361000,16.000419,faf_by_key,key=/api/backend/2,1
2026-08-30_14-34-17-360581_adaptiveTTL,adaptiveTTL,burst-load,1788100474.361000,17.000419,faf_by_key,key=/api/backend/2,2
2026-08-30_14-34-17-360581_adaptiveTTL,adaptiveTTL,burst-load,1788100475.361000,18.000419,faf_by_key,key=/api/backend/2,2
2026-08-30_14-34-17-360581_adaptiveTTL,adaptiveTTL,burst-load,1788100476.361000,19.000419,faf_by_key,key=/api/backend/2,2
2026-08-30_14-34-17-360581_adaptiveTTL,adaptiveTTL,burst-load,1788100477.361000,20.000419,faf_by_key,key=/api/backend/2,2
2026-08-30_14-34-17-360581_adaptiveTTL,adaptiveTTL,burst-load,1788100478.361000,21.000419,faf_by_key,key=/api/backend/2,2
2026-08-30_14-34-17-360581_adaptiveTTL,adaptiveTTL,burst-load,1788100479.361000,22.000419,faf_by_key,key=/api/backend/2,2
2026-08-30_14-34-17-360581_adaptiveTTL,adaptiveTTL,burst-load,1788100480.361000,23.000419,faf_by_key,key=/api/backend/2,2
2026-08-30_14-34-17-360581_adaptiveTTL,adaptiveTTL,burst-load,1788100481.361000,24.000419,faf_by_key,key=/api/backend/2,2
2026-08-30_14-34-17-360581_adaptiveTTL,adaptiveTTL,burst-load,1788100499.361000,42.000419,faf_by_key,key=/api/backend/2,5
2026-08-30_14-34-17-360581_adaptiveTTL,adaptiveTTL,burst-load,1788100500.361000,43.000419,faf_by_key,key=/api/backend/2,5
2026-08-30_14-34-17-360581_adaptiveTTL,adaptiveTTL,burst-load,1788100501.361000,44.000419,faf_by_key,key=/api/backend/2,5
2026-08-30_14-34-17-360581_adaptiveTTL,adaptiveTTL,burst-load,1788100502.361000,45.000419,faf_by_key,key=/api/backend/2,5
2026-08-30_14-34-17-360581_adaptiveTTL,adaptiveTTL,burst-load,1788100503.361000,46.000419,faf_by_key,key=/api/backend/2,5
2026-08-30_14-34-17-360581_adaptiveTTL,adaptiveTTL,burst-load,1788100504.361000,47.000419,faf_by_key,key=/api/backend/2,5
2026-08-30_14-34-17-360581_adaptiveTTL,adaptiveTTL,burst-load,1788100505.361000,48.000419,faf_by_key,key=/api/backend/2,5
2026-08-30_14-34-17-360581_adaptiveTTL,adaptiveTTL,burst-load,1788100506.361000,49.000419,faf_by_key,key=/api/backend/2,5
2026-08-30_14-34-17-360581_adaptiveTTL,adaptiveTTL,burst-load,1788100507.361000,50.000419,faf_by_key,key=/api/backend/2,5
2026-08-30_14-34-17-360581_adaptiveTTL,adaptiveTTL,burst-load,1788100525.361000,68.000419,faf_by_key,key=/api/backend/2,2
2026-08-30_14-34-17-360581_adaptiveTTL,adaptiveTTL,burst-load,1788100526.361000,69.000419,faf_by_key,key=/api/backend/2,2
2026-08-30_14-34-17-360581_adaptiveTTL,adaptiveTTL,burst-load,1788100527.361000,70.000419,faf_by_key,key=/api/backend/2,2
2026-08-30_14-34-17-360581_adaptiveTTL,adaptiveTTL,burst-load,1788100528.361000,71.000419,faf_by_key,key=/api/backend/2,2
2026-08-30_14-34-17-360581_adaptiveTTL,adaptiveTTL,burst-load,1788100529.361000,72.000419,faf_by_key,key=/api/backend/2,2
2026-08-30_14-34-17-360581_adaptiveTTL,adaptiveTTL,burst-load,1788100530.361000,73.000419,faf_by_key,key=/api/backend/2,2
2026-08-30_14-34-17-360581_adaptiveTTL,adaptiveTTL,burst-load,1788100531.361000,74.000419,faf_by_key,key=/api/backend/2,2
2026-08-30_14-34-17-360581_adaptiveTTL,adaptiveTTL,burst-load,1788100532.361000,75.000419,faf_by_key,key=/api/backend/2,2
2026-08-30_14-34-17-360581_adaptiveTTL,adaptiveTTL,burst-load,1788100533.361000,76.000419,faf_by_key,key=/api/backend/2,2
2026-08-30_14-34-17-360581_adaptiveTTL,adaptiveTTL,burst-load,1788100560.361000,103.000419,faf_by_key,key=/api/backend/2,1
2026-08-30_14-34-17-360581_adaptiveTTL,adaptiveTTL,burst-load,1788100561.361000,104.000419,faf_by_key,key=/api/backend/2,1
2026-08-30_14-34-17-360581_adaptiveTTL,adaptiveTTL,burst-load,1788100562.361000,105.000419,faf_by_key,key=/api/backend/2,1
2026-08-30_14-34-17-360581_adaptiveTTL,adaptiveTTL,burst-load,1788100563.361000,106.000419,faf_by_key,key=/api/backend/2,1
2026-08-30_14-34-17-360581_adaptiveTTL,adaptiveTTL,burst-load,1788100564.361000,107.000419,faf_by_key,key=/api/backend/2,1
2026-08-30_14-34-17-360581_adaptiveTTL,adaptiveTTL,burst-load,1788100565.361000,108.000419,faf_by_key,key=/api/backend/2,1
2026-08-30_14-34-17-360581_adaptiveTTL,adaptiveTTL,burst-load,1788100566.361000,109.000419,faf_by_key,key=/api/backend/2,1
2026-08-30_14-34-17-360581_adaptiveTTL,adaptiveTTL,burst-load,1788100567.361000,110.000419,faf_by_key,key=/api/backend/2,1
2026-08-30_14-34-17-360581_adaptiveTTL,adaptiveTTL,burst-load,1788100568.361000,111.000419,faf_by_key,key=/api/backend/2,1
2026-08-30_14-34-17-360581_adaptiveTTL,adaptiveTTL,burst-load,1788100474.361000,17.000419,faf_by_key,key=/api/backend/3,1
2026-08-30_14-34-17-360581_adaptiveTTL,adaptiveTTL,burst-load,1788100475.361000,18.000419,faf_by_key,key=/api/backend/3,1
2026-08-30_14-34-17-360581_adaptiveTTL,adaptiveTTL,burst-load,1788100476.361000,19.000419,faf_by_key,key=/api/backend/3,1
2026-08-30_14-34-17-360581_adaptiveTTL,adaptiveTTL,burst-load,1788100477.361000,20.000419,faf_by_key,key=/api/backend/3,1
2026-08-30_14-34-17-360581_adaptiveTTL,adaptiveTTL,burst-load,1788100478.361000,21.000419,faf_by_key,key=/api/backend/3,1
2026-08-30_14-34-17-360581_adaptiveTTL,adaptiveTTL,burst-load,1788100479.361000,22.000419,faf_by_key,key=/api/backend/3,1
2026-08-30_14-34-17-360581_adaptiveTTL,adaptiveTTL,burst-load,1788100480.361000,23.000419,faf_by_key,key=/api/backend/3,1
2026-08-30_14-34-17-360581_adaptiveTTL,adaptiveTTL,burst-load,1788100481.361000,24.000419,faf_by_key,key=/api/backend/3,1
2026-08-30_14-34-17-360581_adaptiveTTL,adaptiveTTL,burst-load,1788100482.361000,25.000419,faf_by_key,key=/api/backend/3,1
2026-08-30_14-34-17-360581_adaptiveTTL,adaptiveTTL,burst-load,1788100500.361000,43.000419,faf_by_key,key=/api/backend/3,4.999777777777778
2026-08-30_14-34-17-360581_adaptiveTTL,adaptiveTTL,burst-load,1788100501.361000,44.000419,faf_by_key,key=/api/backend/3,5.000444493832648
2026-08-30_14-34-17-360581_adaptiveTTL,adaptiveTTL,burst-load,1788100502.361000,45.000419,faf_by_key,key=/api/backend/3,5.000222222222222
2026-08-30_14-34-17-360581_adaptiveTTL,adaptiveTTL,burst-load,1788100503.361000,46.000419,faf_by_key,key=/api/backend/3,4.999555604932785
2026-08-30_14-34-17-360581_adaptiveTTL,adaptiveTTL,burst-load,1788100504.361000,47.000419,faf_by_key,key=/api/backend/3,5.000222246916324
2026-08-30_14-34-17-360581_adaptiveTTL,adaptiveTTL,burst-load,1788100505.361000,48.000419,faf_by_key,key=/api/backend/3,5
2026-08-30_14-34-17-360581_adaptiveTTL,adaptiveTTL,burst-load,1788100506.361000,49.000419,faf_by_key,key=/api/backend/3,5
2026-08-30_14-34-17-360581_adaptiveTTL,adaptiveTTL,burst-load,1788100507.361000,50.000419,faf_by_key,key=/api/backend/3,5
2026-08-30_14-34-17-360581_adaptiveTTL,adaptiveTTL,burst-load,1788100508.361000,51.000419,faf_by_key,key=/api/backend/3,3
2026-08-30_14-34-17-360581_adaptiveTTL,adaptiveTTL,burst-load,1788100522.361000,65.000419,faf_by_key,key=/api/backend/3,1
2026-08-30_14-34-17-360581_adaptiveTTL,adaptiveTTL,burst-load,1788100523.361000,66.000419,faf_by_key,key=/api/backend/3,3
2026-08-30_14-34-17-360581_adaptiveTTL,adaptiveTTL,burst-load,1788100524.361000,67.000419,faf_by_key,key=/api/backend/3,3
2026-08-30_14-34-17-360581_adaptiveTTL,adaptiveTTL,burst-load,1788100525.361000,68.000419,faf_by_key,key=/api/backend/3,2.999777802466393
2026-08-30_14-34-17-360581_adaptiveTTL,adaptiveTTL,burst-load,1788100526.361000,69.000419,faf_by_key,key=/api/backend/3,3.0002222469163238
2026-08-30_14-34-17-360581_adaptiveTTL,adaptiveTTL,burst-load,1788100527.361000,70.000419,faf_by_key,key=/api/backend/3,3
2026-08-30_14-34-17-360581_adaptiveTTL,adaptiveTTL,burst-load,1788100528.361000,71.000419,faf_by_key,key=/api/backend/3,3
2026-08-30_14-34-17-360581_adaptiveTTL,adaptiveTTL,burst-load,1788100529.361000,72.000419,faf_by_key,key=/api/backend/3,2.9997777777777777
2026-08-30_14-34-17-360581_adaptiveTTL,adaptiveTTL,burst-load,1788100530.361000,73.000419,faf_by_key,key=/api/backend/3,2.999777802466393
2026-08-30_14-34-17-360581_adaptiveTTL,adaptiveTTL,burst-load,1788100561.361000,104.000419,faf_by_key,key=/api/backend/3,2
2026-08-30_14-34-17-360581_adaptiveTTL,adaptiveTTL,burst-load,1788100562.361000,105.000419,faf_by_key,key=/api/backend/3,1.9997778024663928
2026-08-30_14-34-17-360581_adaptiveTTL,adaptiveTTL,burst-load,1788100563.361000,106.000419,faf_by_key,key=/api/backend/3,1.9998889012331962
2026-08-30_14-34-17-360581_adaptiveTTL,adaptiveTTL,burst-load,1788100564.361000,107.000419,faf_by_key,key=/api/backend/3,2
2026-08-30_14-34-17-360581_adaptiveTTL,adaptiveTTL,burst-load,1788100565.361000,108.000419,faf_by_key,key=/api/backend/3,2.0001111234581614
2026-08-30_14-34-17-360581_adaptiveTTL,adaptiveTTL,burst-load,1788100566.361000,109.000419,faf_by_key,key=/api/backend/3,2.0001111234581614
2026-08-30_14-34-17-360581_adaptiveTTL,adaptiveTTL,burst-load,1788100567.361000,110.000419,faf_by_key,key=/api/backend/3,2
2026-08-30_14-34-17-360581_adaptiveTTL,adaptiveTTL,burst-load,1788100568.361000,111.000419,faf_by_key,key=/api/backend/3,2.0002222716159146
2026-08-30_14-34-17-360581_adaptiveTTL,adaptiveTTL,burst-load,1788100569.361000,112.000419,faf_by_key,key=/api/backend/3,1.999888876541838
2026-08-30_14-34-17-360581_adaptiveTTL,adaptiveTTL,burst-load,1788100479.361000,22.000419,faf_by_key,key=/api/backend/4,1
2026-08-30_14-34-17-360581_adaptiveTTL,adaptiveTTL,burst-load,1788100480.361000,23.000419,faf_by_key,key=/api/backend/4,1
2026-08-30_14-34-17-360581_adaptiveTTL,adaptiveTTL,burst-load,1788100481.361000,24.000419,faf_by_key,key=/api/backend/4,1
2026-08-30_14-34-17-360581_adaptiveTTL,adaptiveTTL,burst-load,1788100482.361000,25.000419,faf_by_key,key=/api/backend/4,1
2026-08-30_14-34-17-360581_adaptiveTTL,adaptiveTTL,burst-load,1788100483.361000,26.000419,faf_by_key,key=/api/backend/4,1
2026-08-30_14-34-17-360581_adaptiveTTL,adaptiveTTL,burst-load,1788100484.361000,27.000419,faf_by_key,key=/api/backend/4,1
2026-08-30_14-34-17-360581_adaptiveTTL,adaptiveTTL,burst-load,1788100485.361000,28.000419,faf_by_key,key=/api/backend/4,1
2026-08-30_14-34-17-360581_adaptiveTTL,adaptiveTTL,burst-load,1788100486.361000,29.000419,faf_by_key,key=/api/backend/4,1
2026-08-30_14-34-17-360581_adaptiveTTL,adaptiveTTL,burst-load,1788100487.361000,30.000419,faf_by_key,key=/api/backend/4,1
2026-08-30_14-34-17-360581_adaptiveTTL,adaptiveTTL,burst-load,1788100508.361000,51.000419,faf_by_key,key=/api/backend/4,1
2026-08-30_14-34-17-360581_adaptiveTTL,adaptiveTTL,burst-load,1788100509.361000,52.000419,faf_by_key,key=/api/backend/4,2
2026-08-30_14-34-17-360581_adaptiveTTL,adaptiveTTL,burst-load,1788100510.361000,53.000419,faf_by_key,key=/api/backend/4,2.000222296320996
2026-08-30_14-34-17-360581_adaptiveTTL,adaptiveTTL,burst-load,1788100511.361000,54.000419,faf_by_key,key=/api/backend/4,2.000111148160498
2026-08-30_14-34-17-360581_adaptiveTTL,adaptiveTTL,burst-load,1788100512.361000,55.000419,faf_by_key,key=/api/backend/4,1.999888876541838
2026-08-30_14-34-17-360581_adaptiveTTL,adaptiveTTL,burst-load,1788100513.361000,56.000419,faf_by_key,key=/api/backend/4,2.0001111358079573
2026-08-30_14-34-17-360581_adaptiveTTL,adaptiveTTL,burst-load,1788100514.361000,57.000419,faf_by_key,key=/api/backend/4,2
2026-08-30_14-34-17-360581_adaptiveTTL,adaptiveTTL,burst-load,1788100515.361000,58.000419,faf_by_key,key=/api/backend/4,1.999888864192043
2026-08-30_14-34-17-360581_adaptiveTTL,adaptiveTTL,burst-load,1788100516.361000,59.000419,faf_by_key,key=/api/backend/4,2
2026-08-30_14-34-17-360581_adaptiveTTL,adaptiveTTL,burst-load,1788100542.361000,85.000419,faf_by_key,key=/api/backend/4,1
2026-08-30_14-34-17-360581_adaptiveTTL,adaptiveTTL,burst-load,1788100543.361000,86.000419,faf_by_key,key=/api/backend/4,1
2026-08-30_14-34-17-360581_adaptiveTTL,adaptiveTTL,burst-load,1788100544.361000,87.000419,faf_by_key,key=/api/backend/4,1
2026-08-30_14-34-17-360581_adaptiveTTL,adaptiveTTL,burst-load,1788100545.361000,88.000419,faf_by_key,key=/api/backend/4,1
2026-08-30_14-34-17-360581_adaptiveTTL,adaptiveTTL,burst-load,1788100546.361000,89.000419,faf_by_key,key=/api/backend/4,1
2026-08-30_14-34-17-360581_adaptiveTTL,adaptiveTTL,burst-load,1788100547.361000,90.000419,faf_by_key,key=/api/backend/4,1
2026-08-30_14-34-17-360581_adaptiveTTL,adaptiveTTL,burst-load,1788100548.361000,91.000419,faf_by_key,key=/api/backend/4,1
2026-08-30_14-34-17-360581_adaptiveTTL,adaptiveTTL,burst-load,1788100549.361000,92.000419,faf_by_key,key=/api/backend/4,1
2026-08-30_14-34-17-360581_adaptiveTTL,adaptiveTTL,burst-load,1788100550.361000,93.000419,faf_by_key,key=/api/backend/4,1
2026-08-30_14-34-17-360581_adaptiveTTL,adaptiveTTL,burst-load,1788100474.361000,17.000419,faf_by_key,key=/api/backend/5,1
2026-08-30_14-34-17-360581_adaptiveTTL,adaptiveTTL,burst-load,1788100475.361000,18.000419,faf_by_key,key=/api/backend/5,1
2026-08-30_14-34-17-360581_adaptiveTTL,adaptiveTTL,burst-load,1788100476.361000,19.000419,faf_by_key,key=/api/backend/5,1
2026-08-30_14-34-17-360581_adaptiveTTL,adaptiveTTL,burst-load,1788100477.361000,20.000419,faf_by_key,key=/api/backend/5,1
2026-08-30_14-34-17-360581_adaptiveTTL,adaptiveTTL,burst-load,1788100478.361000,21.000419,faf_by_key,key=/api/backend/5,1
2026-08-30_14-34-17-360581_adaptiveTTL,adaptiveTTL,burst-load,1788100479.361000,22.000419,faf_by_key,key=/api/backend/5,1
2026-08-30_14-34-17-360581_adaptiveTTL,adaptiveTTL,burst-load,1788100480.361000,23.000419,faf_by_key,key=/api/backend/5,1
2026-08-30_14-34-17-360581_adaptiveTTL,adaptiveTTL,burst-load,1788100481.361000,24.000419,faf_by_key,key=/api/backend/5,1
2026-08-30_14-34-17-360581_adaptiveTTL,adaptiveTTL,burst-load,1788100482.361000,25.000419,faf_by_key,key=/api/backend/5,1
2026-08-30_14-34-17-360581_adaptiveTTL,adaptiveTTL,burst-load,1788100500.361000,43.000419,faf_by_key,key=/api/backend/5,2
2026-08-30_14-34-17-360581_adaptiveTTL,adaptiveTTL,burst-load,1788100501.361000,44.000419,faf_by_key,key=/api/backend/5,2
2026-08-30_14-34-17-360581_adaptiveTTL,adaptiveTTL,burst-load,1788100502.361000,45.000419,faf_by_key,key=/api/backend/5,2
2026-08-30_14-34-17-360581_adaptiveTTL,adaptiveTTL,burst-load,1788100503.361000,46.000419,faf_by_key,key=/api/backend/5,2
2026-08-30_14-34-17-360581_adaptiveTTL,adaptiveTTL,burst-load,1788100504.361000,47.000419,faf_by_key,key=/api/backend/5,2
2026-08-30_14-34-17-360581_adaptiveTTL,adaptiveTTL,burst-load,1788100505.361000,48.000419,faf_by_key,key=/api/backend/5,2
2026-08-30_14-34-17-360581_adaptiveTTL,adaptiveTTL,burst-load,1788100506.361000,49.000419,faf_by_key,key=/api/backend/5,2
2026-08-30_14-34-17-360581_adaptiveTTL,adaptiveTTL,burst-load,1788100507.361000,50.000419,faf_by_key,key=/api/backend/5,2
2026-08-30_14-34-17-360581_adaptiveTTL,adaptiveTTL,burst-load,1788100508.361000,51.000419,faf_by_key,key=/api/backend/5,2
2026-08-30_14-34-17-360581_adaptiveTTL,adaptiveTTL,burst-load,1788100522.361000,65.000419,faf_by_key,key=/api/backend/5,1
2026-08-30_14-34-17-360581_adaptiveTTL,adaptiveTTL,burst-load,1788100523.361000,66.000419,faf_by_key,key=/api/backend/5,2
2026-08-30_14-34-17-360581_adaptiveTTL,adaptiveTTL,burst-load,1788100524.361000,67.000419,faf_by_key,key=/api/backend/5,2
2026-08-30_14-34-17-360581_adaptiveTTL,adaptiveTTL,burst-load,1788100525.361000,68.000419,faf_by_key,key=/api/backend/5,2
2026-08-30_14-34-17-360581_adaptiveTTL,adaptiveTTL,burst-load,1788100526.361000,69.000419,faf_by_key,key=/api/backend/5,2
2026-08-30_14-34-17-360581_adaptiveTTL,adaptiveTTL,burst-load,1788100527.361000,70.000419,faf_by_key,key=/api/backend/5,2
2026-08-30_14-34-17-360581_adaptiveTTL,adaptiveTTL,burst-load,1788100528.361000,71.000419,faf_by_key,key=/api/backend/5,2
2026-08-30_14-34-17-360581_adaptiveTTL,adaptiveTTL,burst-load,1788100529.361000,72.000419,faf_by_key,key=/api/backend/5,2
2026-08-30_14-34-17-360581_adaptiveTTL,adaptiveTTL,burst-load,1788100530.361000,73.000419,faf_by_key,key=/api/backend/5,2
2026-08-30_14-34-17-360581_adaptiveTTL,adaptiveTTL,burst-load,1788100562.361000,105.000419,faf_by_key,key=/api/backend/5,1
2026-08-30_14-34-17-360581_adaptiveTTL,adaptiveTTL,burst-load,1788100563.361000,106.000419,faf_by_key,key=/api/backend/5,1
2026-08-30_14-34-17-360581_adaptiveTTL,adaptiveTTL,burst-load,1788100564.361000,107.000419,faf_by_key,key=/api/backend/5,1
2026-08-30_14-34-17-360581_adaptiveTTL,adaptiveTTL,burst-load,1788100565.361000,108.000419,faf_by_key,key=/api/backend/5,1
2026-08-30_14-34-17-360581_adaptiveTTL,adaptiveTTL,burst-load,1788100566.361000,109.000419,faf_by_key,key=/api/backend/5,1
2026-08-30_14-34-17-360581_adaptiveTTL,adaptiveTTL,burst-load,1788100567.361000,110.000419,faf_by_key,key=/api/backend/5,1
2026-08-30_14-34-17-360581_adaptiveTTL,adaptiveTTL,burst-load,1788100568.361000,111.000419,faf_by_key,key=/api/backend/5,1
2026-08-30_14-34-17-360581_adaptiveTTL,adaptiveTTL,burst-load,1788100569.361000,112.000419,faf_by_key,key=/api/backend/5,1
2026-08-30_14-34-17-360581_adaptiveTTL,adaptiveTTL,burst-load,1788100570.361000,113.000419,faf_by_key,key=/api/backend/5,1
2026-08-30_14-34-17-360581_adaptiveTTL,adaptiveTTL,burst-load,1788100474.361000,17.000419,faf_by_key,key=/api/backend/6,1
2026-08-30_14-34-17-360581_adaptiveTTL,adaptiveTTL,burst-load,1788100475.361000,18.000419,faf_by_key,key=/api/backend/6,1
2026-08-30_14-34-17-360581_adaptiveTTL,adaptiveTTL,burst-load,1788100476.361000,19.000419,faf_by_key,key=/api/backend/6,1
2026-08-30_14-34-17-360581_adaptiveTTL,adaptiveTTL,burst-load,1788100477.361000,20.000419,faf_by_key,key=/api/backend/6,1
2026-08-30_14-34-17-360581_adaptiveTTL,adaptiveTTL,burst-load,1788100478.361000,21.000419,faf_by_key,key=/api/backend/6,1
2026-08-30_14-34-17-360581_adaptiveTTL,adaptiveTTL,burst-load,1788100479.361000,22.000419,faf_by_key,key=/api/backend/6,1
2026-08-30_14-34-17-360581_adaptiveTTL,adaptiveTTL,burst-load,1788100480.361000,23.000419,faf_by_key,key=/api/backend/6,1
2026-08-30_14-34-17-360581_adaptiveTTL,adaptiveTTL,burst-load,1788100481.361000,24.000419,faf_by_key,key=/api/backend/6,1
2026-08-30_14-34-17-360581_adaptiveTTL,adaptiveTTL,burst-load,1788100482.361000,25.000419,faf_by_key,key=/api/backend/6,1
2026-08-30_14-34-17-360581_adaptiveTTL,adaptiveTTL,burst-load,1788100487.361000,30.000419,faf_by_key,key=/api/backend/6,1
2026-08-30_14-34-17-360581_adaptiveTTL,adaptiveTTL,burst-load,1788100488.361000,31.000419,faf_by_key,key=/api/backend/6,1
2026-08-30_14-34-17-360581_adaptiveTTL,adaptiveTTL,burst-load,1788100489.361000,32.000419,faf_by_key,key=/api/backend/6,1
2026-08-30_14-34-17-360581_adaptiveTTL,adaptiveTTL,burst-load,1788100490.361000,33.000419,faf_by_key,key=/api/backend/6,1
2026-08-30_14-34-17-360581_adaptiveTTL,adaptiveTTL,burst-load,1788100491.361000,34.000419,faf_by_key,key=/api/backend/6,1
2026-08-30_14-34-17-360581_adaptiveTTL,adaptiveTTL,burst-load,1788100492.361000,35.000419,faf_by_key,key=/api/backend/6,1
2026-08-30_14-34-17-360581_adaptiveTTL,adaptiveTTL,burst-load,1788100493.361000,36.000419,faf_by_key,key=/api/backend/6,1
2026-08-30_14-34-17-360581_adaptiveTTL,adaptiveTTL,burst-load,1788100494.361000,37.000419,faf_by_key,key=/api/backend/6,1
2026-08-30_14-34-17-360581_adaptiveTTL,adaptiveTTL,burst-load,1788100495.361000,38.000419,faf_by_key,key=/api/backend/6,1
2026-08-30_14-34-17-360581_adaptiveTTL,adaptiveTTL,burst-load,1788100522.361000,65.000419,faf_by_key,key=/api/backend/6,4
2026-08-30_14-34-17-360581_adaptiveTTL,adaptiveTTL,burst-load,1788100523.361000,66.000419,faf_by_key,key=/api/backend/6,4
2026-08-30_14-34-17-360581_adaptiveTTL,adaptiveTTL,burst-load,1788100524.361000,67.000419,faf_by_key,key=/api/backend/6,4
2026-08-30_14-34-17-360581_adaptiveTTL,adaptiveTTL,burst-load,1788100525.361000,68.000419,faf_by_key,key=/api/backend/6,4.000222222222222
2026-08-30_14-34-17-360581_adaptiveTTL,adaptiveTTL,burst-load,1788100526.361000,69.000419,faf_by_key,key=/api/backend/6,3.9997777777777777
2026-08-30_14-34-17-360581_adaptiveTTL,adaptiveTTL,burst-load,1788100527.361000,70.000419,faf_by_key,key=/api/backend/6,4
2026-08-30_14-34-17-360581_adaptiveTTL,adaptiveTTL,burst-load,1788100528.361000,71.000419,faf_by_key,key=/api/backend/6,4
2026-08-30_14-34-17-360581_adaptiveTTL,adaptiveTTL,burst-load,1788100529.361000,72.000419,faf_by_key,key=/api/backend/6,4.000222246916324
2026-08-30_14-34-17-360581_adaptiveTTL,adaptiveTTL,burst-load,1788100530.361000,73.000419,faf_by_key,key=/api/backend/6,4.000222222222222
2026-08-30_14-34-17-360581_adaptiveTTL,adaptiveTTL,burst-load,1788100563.361000,106.000419,faf_by_key,key=/api/backend/6,1.9998889012331962
2026-08-30_14-34-17-360581_adaptiveTTL,adaptiveTTL,burst-load,1788100564.361000,107.000419,faf_by_key,key=/api/backend/6,2
2026-08-30_14-34-17-360581_adaptiveTTL,adaptiveTTL,burst-load,1788100565.361000,108.000419,faf_by_key,key=/api/backend/6,2.0001111234581614
2026-08-30_14-34-17-360581_adaptiveTTL,adaptiveTTL,burst-load,1788100566.361000,109.000419,faf_by_key,key=/api/backend/6,2.0001111234581614
2026-08-30_14-34-17-360581_adaptiveTTL,adaptiveTTL,burst-load,1788100567.361000,110.000419,faf_by_key,key=/api/backend/6,2
2026-08-30_14-34-17-360581_adaptiveTTL,adaptiveTTL,burst-load,1788100568.361000,111.000419,faf_by_key,key=/api/backend/6,2.0002222716159146
2026-08-30_14-34-17-360581_adaptiveTTL,adaptiveTTL,burst-load,1788100569.361000,112.000419,faf_by_key,key=/api/backend/6,1.999888876541838
2026-08-30_14-34-17-360581_adaptiveTTL,adaptiveTTL,burst-load,1788100570.361000,113.000419,faf_by_key,key=/api/backend/6,2
2026-08-30_14-34-17-360581_adaptiveTTL,adaptiveTTL,burst-load,1788100571.361000,114.000419,faf_by_key,key=/api/backend/6,1
2026-08-30_14-34-17-360581_adaptiveTTL,adaptiveTTL,burst-load,1788100457.361000,0.000419,average_request_duration,all,0
2026-08-30_14-34-17-360581_adaptiveTTL,adaptiveTTL,burst-load,1788100458.361000,1.000419,average_request_duration,all,0
2026-08-30_14-34-17-360581_adaptiveTTL,adaptiveTTL,burst-load,1788100459.361000,2.000419,average_request_duration,all,0.17506038122145146
2026-08-30_14-34-17-360581_adaptiveTTL,adaptiveTTL,burst-load,1788100460.361000,3.000419,average_request_duration,all,0.17283072843108008
2026-08-30_14-34-17-360581_adaptiveTTL,adaptiveTTL,burst-load,1788100461.361000,4.000419,average_request_duration,all,0.15559466472715766
2026-08-30_14-34-17-360581_adaptiveTTL,adaptiveTTL,burst-load,1788100462.361000,5.000419,average_request_duration,all,0.13700557885514447
2026-08-30_14-34-17-360581_adaptiveTTL,adaptiveTTL,burst-load,1788100463.361000,6.000419,average_request_duration,all,0.1300226569384548
2026-08-30_14-34-17-360581_adaptiveTTL,adaptiveTTL,burst-load,1788100464.361000,7.000419,average_request_duration,all,0.1163454030957825
2026-08-30_14-34-17-360581_adaptiveTTL,adaptiveTTL,burst-load,1788100465.361000,8.000419,average_request_duration,all,0.1032637532952246
2026-08-30_14-34-17-360581_adaptiveTTL,adaptiveTTL,burst-load,1788100466.361000,9.000419,average_request_duration,all,0.10141175525000073
2026-08-30_14-34-17-360581_adaptiveTTL,adaptiveTTL,burst-load,1788100467.361000,10.000419,average_request_duration,all,0.09370345182496384
2026-08-30_14-34-17-360581_adaptiveTTL,adaptiveTTL,burst-load,1788100468.361000,11.000419,average_request_duration,all,0.08013893131318682
2026-08-30_14-34-17-360581_adaptiveTTL,adaptiveTTL,burst-load,1788100469.361000,12.000419,average_request_duration,all,0.06350204377515632
2026-08-30_14-34-17-360581_adaptiveTTL,adaptiveTTL,burst-load,1788100470.361000,13.000419,average_request_duration,all,0.05479928804307585
2026-08-30_14-34-17-360581_adaptiveTTL,adaptiveTTL,burst-load,1788100471.361000,14.000419,average_request_duration,all,0.04796080599228773
2026-08-30_14-34-17-360581_adaptiveTTL,adaptiveTTL,burst-load,1788100472.361000,15.000419,average_request_duration,all,0.03780581386248612
2026-08-30_14-34-17-360581_adaptiveTTL,adaptiveTTL,burst-load,1788100473.361000,16.000419,average_request_duration,all,0.03458371182117122
2026-08-30_14-34-17-360581_adaptiveTTL,adaptiveTTL,burst-load,1788100474.361000,17.000419,average_request_duration,all,0.0423180502981499
2026-08-30_14-34-17-360581_adaptiveTTL,adaptiveTTL,burst-load,1788100475.361000,18.000419,average_request_duration,all,0.03972823337222221
2026-08-30_14-34-17-360581_adaptiveTTL,adaptiveTTL,burst-load,1788100476.361000,19.000419,average_request_duration,all,0.04860022041019103
2026-08-30_14-34-17-360581_adaptiveTTL,adaptiveTTL,burst-load,1788100477.361000,20.000419,average_request_duration,all,0.05158204799999997
2026-08-30_14-34-17-360581_adaptiveTTL,adaptiveTTL,burst-load,1788100478.361000,21.000419,average_request_duration,all,0.05661107808352101
2026-08-30_14-34-17-360581_adaptiveTTL,adaptiveTTL,burst-load,1788100479.361000,22.000419,average_request_duration,all,0.05795724589651349
2026-08-30_14-34-17-360581_adaptiveTTL,adaptiveTTL,burst-load,1788100480.361000,23.000419,average_request_duration,all,0.06493613696067414
2026-08-30_14-34-17-360581_adaptiveTTL,adaptiveTTL,burst-load,1788100481.361000,24.000419,average_request_duration,all,0.07085958495530724
2026-08-30_14-34-17-360581_adaptiveTTL,adaptiveTTL,burst-load,1788100482.361000,25.000419,average_request_duration,all,0.0713688340828729
2026-08-30_14-34-17-360581_adaptiveTTL,adaptiveTTL,burst-load,1788100483.361000,26.000419,average_request_duration,all,0.06433956838461533
2026-08-30_14-34-17-360581_adaptiveTTL,adaptiveTTL,burst-load,1788100484.361000,27.000419,average_request_duration,all,0.0596081283149171
2026-08-30_14-34-17-360581_adaptiveTTL,adaptiveTTL,burst-load,1788100485.361000,28.000419,average_request_duration,all,0.05100333807493653
2026-08-30_14-34-17-360581_adaptiveTTL,adaptiveTTL,burst-load,1788100486.361000,29.000419,average_request_duration,all,0.05023723870435055
2026-08-30_14-34-17-360581_adaptiveTTL,adaptiveTTL,burst-load,1788100487.361000,30.000419,average_request_duration,all,0.05095658945056952
2026-08-30_14-34-17-360581_adaptiveTTL,adaptiveTTL,burst-load,1788100488.361000,31.000419,average_request_duration,all,0.048594910840343175
2026-08-30_14-34-17-360581_adaptiveTTL,adaptiveTTL,burst-load,1788100489.361000,32.000419,average_request_duration,all,0.043892387513745364
2026-08-30_14-34-17-360581_adaptiveTTL,adaptiveTTL,burst-load,1788100490.361000,33.000419,average_request_duration,all,0.04896146157786253
2026-08-30_14-34-17-360581_adaptiveTTL,adaptiveTTL,burst-load,1788100491.361000,34.000419,average_request_duration,all,0.040538717142657985
2026-08-30_14-34-17-360581_adaptiveTTL,adaptiveTTL,burst-load,1788100492.361000,35.000419,average_request_duration,all,0.03640514431818176
2026-08-30_14-34-17-360581_adaptiveTTL,adaptiveTTL,burst-load,1788100493.361000,36.000419,average_request_duration,all,0.033444345957399056
2026-08-30_14-34-17-360581_adaptiveTTL,adaptiveTTL,burst-load,1788100494.361000,37.000419,average_request_duration,all,0.02949245937225691
2026-08-30_14-34-17-360581_adaptiveTTL,adaptiveTTL,burst-load,1788100495.361000,38.000419,average_request_duration,all,0.025879624892827715
2026-08-30_14-34-17-360581_adaptiveTTL,adaptiveTTL,burst-load,1788100496.361000,39.000419,average_request_duration,all,0.022511787896802356
2026-08-30_14-34-17-360581_adaptiveTTL,adaptiveTTL,burst-load,1788100497.361000,40.000419,average_request_duration,all,0.020029754570128316
2026-08-30_14-34-17-360581_adaptiveTTL,adaptiveTTL,burst-load,1788100498.361000,41.000419,average_request_duration,all,0.017096176067959643
2026-08-30_14-34-17-360581_adaptiveTTL,adaptiveTTL,burst-load,1788100499.361000,42.000419,average_request_duration,all,0.01227778689629634
2026-08-30_14-34-17-360581_adaptiveTTL,adaptiveTTL,burst-load,1788100500.361000,43.000419,average_request_duration,all,0.0130488526180143
2026-08-30_14-34-17-360581_adaptiveTTL,adaptiveTTL,burst-load,1788100501.361000,44.000419,average_request_duration,all,0.012002501048719336
2026-08-30_14-34-17-360581_adaptiveTTL,adaptiveTTL,burst-load,1788100502.361000,45.000419,average_request_duration,all,0.011817537036252185
2026-08-30_14-34-17-360581_adaptiveTTL,adaptiveTTL,burst-load,1788100503.361000,46.000419,average_request_duration,all,0.013906117512344031
2026-08-30_14-34-17-360581_adaptiveTTL,adaptiveTTL,burst-load,1788100504.361000,47.000419,average_request_duration,all,0.015562515438938346
2026-08-30_14-34-17-360581_adaptiveTTL,adaptiveTTL,burst-load,1788100505.361000,48.000419,average_request_duration,all,0.01557649009888747
2026-08-30_14-34-17-360581_adaptiveTTL,adaptiveTTL,burst-load,1788100506.361000,49.000419,average_request_duration,all,0.016004338352904778
2026-08-30_14-34-17-360581_adaptiveTTL,adaptiveTTL,burst-load,1788100507.361000,50.000419,average_request_duration,all,0.015885555756489412
2026-08-30_14-34-17-360581_adaptiveTTL,adaptiveTTL,burst-load,1788100508.361000,51.000419,average_request_duration,all,0.015180554777909921
2026-08-30_14-34-17-360581_adaptiveTTL,adaptiveTTL,burst-load,1788100509.361000,52.000419,average_request_duration,all,0.012863414596545285
2026-08-30_14-34-17-360581_adaptiveTTL,adaptiveTTL,burst-load,1788100510.361000,53.000419,average_request_duration,all,0.012709799634874829
2026-08-30_14-34-17-360581_adaptiveTTL,adaptiveTTL,burst-load,1788100511.361000,54.000419,average_request_duration,all,0.01073797644484175
2026-08-30_14-34-17-360581_adaptiveTTL,adaptiveTTL,burst-load,1788100512.361000,55.000419,average_request_duration,all,0.007775778461143554
2026-08-30_14-34-17-360581_adaptiveTTL,adaptiveTTL,burst-load,1788100513.361000,56.000419,average_request_duration,all,0.005768194416775092
2026-08-30_14-34-17-360581_adaptiveTTL,adaptiveTTL,burst-load,1788100514.361000,57.000419,average_request_duration,all,0.005224270624074076
2026-08-30_14-34-17-360581_adaptiveTTL,adaptiveTTL,burst-load,1788100515.361000,58.000419,average_request_duration,all,0.004664375690383856
2026-08-30_14-34-17-360581_adaptiveTTL,adaptiveTTL,burst-load,1788100516.361000,59.000419,average_request_duration,all,0.0045225670450339105
2026-08-30_14-34-17-360581_adaptiveTTL,adaptiveTTL,burst-load,1788100517.361000,60.000419,average_request_duration,all,0.003935880870529054
2026-08-30_14-34-17-360581_adaptiveTTL,adaptiveTTL,burst-load,1788100518.361000,61.000419,average_request_duration,all,0.0035241459512248894
2026-08-30_14-34-17-360581_adaptiveTTL,adaptiveTTL,burst-load,1788100519.361000,62.000419,average_request_duration,all,0.0024118610938271773
2026-08-30_14-34-17-360581_adaptiveTTL,adaptiveTTL,burst-load,1788100520.361000,63.000419,average_request_duration,all,0.0023935064873535222
2026-08-30_14-34-17-360581_adaptiveTTL,adaptiveTTL,burst-load,1788100521.361000,64.000419,average_request_duration,all,0.0022575683992717872
2026-08-30_14-34-17-360581_adaptiveTTL,adaptiveTTL,burst-load,1788100522.361000,65.000419,average_request_duration,all,0.0028652314341373595
2026-08-30_14-34-17-360581_adaptiveTTL,adaptiveTTL,burst-load,1788100523.361000,66.000419,average_request_duration,all,0.004322263654725218
2026-08-30_14-34-17-360581_adaptiveTTL,adaptiveTTL,burst-load,1788100524.361000,67.000419,average_request_duration,all,0.004449966652469246
2026-08-30_14-34-17-360581_adaptiveTTL,adaptiveTTL,burst-load,1788100525.361000,68.000419,average_request_duration,all,0.004725449909958309
2026-08-30_14-34-17-360581_adaptiveTTL,adaptiveTTL,burst-load,1788100526.361000,69.000419,average_request_duration,all,0.004724407362733328
2026-08-30_14-34-17-360581_adaptiveTTL,adaptiveTTL,burst-load,1788100527.361000,70.000419,average_request_duration,all,0.005012070494132253
2026-08-30_14-34-17-360581_adaptiveTTL,adaptiveTTL,burst-load,1788100528.361000,71.000419,average_request_duration,all,0.005821779552469216
2026-08-30_14-34-17-360581_adaptiveTTL,adaptiveTTL,burst-load,1788100529.361000,72.000419,average_request_duration,all,0.006100025345525382
2026-08-30_14-34-17-360581_adaptiveTTL,adaptiveTTL,burst-load,1788100530.361000,73.000419,average_request_duration,all,0.006837518738799164
2026-08-30_14-34-17-360581_adaptiveTTL,adaptiveTTL,burst-load,1788100531.361000,74.000419,average_request_duration,all,0.007441073218383769
2026-08-30_14-34-17-360581_adaptiveTTL,adaptiveTTL,burst-load,1788100532.361000,75.000419,average_request_duration,all,0.00669057478791619
2026-08-30_14-34-17-360581_adaptiveTTL,adaptiveTTL,burst-load,1788100533.361000,76.000419,average_request_duration,all,0.006713021218949013
2026-08-30_14-34-17-360581_adaptiveTTL,adaptiveTTL,burst-load,1788100534.361000,77.000419,average_request_duration,all,0.007160149635454779
2026-08-30_14-34-17-360581_adaptiveTTL,adaptiveTTL,burst-load,1788100535.361000,78.000419,average_request_duration,all,0.007353152062864592
2026-08-30_14-34-17-360581_adaptiveTTL,adaptiveTTL,burst-load,1788100536.361000,79.000419,average_request_duration,all,0.007820158404276733
2026-08-30_14-34-17-360581_adaptiveTTL,adaptiveTTL,burst-load,1788100537.361000,80.000419,average_request_duration,all,0.007573532379478844
2026-08-30_14-34-17-360581_adaptiveTTL,adaptiveTTL,burst-load,1788100538.361000,81.000419,average_request_duration,all,0.008275478068980883
2026-08-30_14-34-17-360581_adaptiveTTL,adaptiveTTL,burst-load,1788100539.361000,82.000419,average_request_duration,all,0.008624267312446974
2026-08-30_14-34-17-360581_adaptiveTTL,adaptiveTTL,burst-load,1788100540.361000,83.000419,average_request_duration,all,0.006660634599272462
2026-08-30_14-34-17-360581_adaptiveTTL,adaptiveTTL,burst-load,1788100541.361000,84.000419,average_request_duration,all,0.006496403538330569
2026-08-30_14-34-17-360581_adaptiveTTL,adaptiveTTL,burst-load,1788100542.361000,85.000419,average_request_duration,all,0.007831994067757066
2026-08-30_14-34-17-360581_adaptiveTTL,adaptiveTTL,burst-load,1788100543.361000,86.000419,average_request_duration,all,0.008122615011194316
2026-08-30_14-34-17-360581_adaptiveTTL,adaptiveTTL,burst-load,1788100544.361000,87.000419,average_request_duration,all,0.01412088980000029
2026-08-30_14-34-17-360581_adaptiveTTL,adaptiveTTL,burst-load,1788100545.361000,88.000419,average_request_duration,all,0.013406962011173418
2026-08-30_14-34-17-360581_adaptiveTTL,adaptiveTTL,burst-load,1788100546.361000,89.000419,average_request_duration,all,0.016931061005555907
2026-08-30_14-34-17-360581_adaptiveTTL,adaptiveTTL,burst-load,1788100547.361000,90.000419,average_request_duration,all,0.019565496671001825
2026-08-30_14-34-17-360581_adaptiveTTL,adaptiveTTL,burst-load,1788100548.361000,91.000419,average_request_duration,all,0.019626083536312972
2026-08-30_14-34-17-360581_adaptiveTTL,adaptiveTTL,burst-load,1788100549.361000,92.000419,average_request_duration,all,0.023057561300000078
2026-08-30_14-34-17-360581_adaptiveTTL,adaptiveTTL,burst-load,1788100550.361000,93.000419,average_request_duration,all,0.024303479416666662
2026-08-30_14-34-17-360581_adaptiveTTL,adaptiveTTL,burst-load,1788100551.361000,94.000419,average_request_duration,all,0.02534099339779014
2026-08-30_14-34-17-360581_adaptiveTTL,adaptiveTTL,burst-load,1788100552.361000,95.000419,average_request_duration,all,0.0239263805219779
2026-08-30_14-34-17-360581_adaptiveTTL,adaptiveTTL,burst-load,1788100553.361000,96.000419,average_request_duration,all,0.019462085643326316
2026-08-30_14-34-17-360581_adaptiveTTL,adaptiveTTL,burst-load,1788100554.361000,97.000419,average_request_duration,all,0.01924655203359832
2026-08-30_14-34-17-360581_adaptiveTTL,adaptiveTTL,burst-load,1788100555.361000,98.000419,average_request_duration,all,0.016945830846816015
2026-08-30_14-34-17-360581_adaptiveTTL,adaptiveTTL,burst-load,1788100556.361000,99.000419,average_request_duration,all,0.013226372279175416
2026-08-30_14-34-17-360581_adaptiveTTL,adaptiveTTL,burst-load,1788100557.361000,100.000419,average_request_duration,all,0.01192249536464083
2026-08-30_14-34-17-360581_adaptiveTTL,adaptiveTTL,burst-load,1788100558.361000,101.000419,average_request_duration,all,0.011061505569832469
2026-08-30_14-34-17-360581_adaptiveTTL,adaptiveTTL,burst-load,1788100559.361000,102.000419,average_request_duration,all,0.015928981653631175
2026-08-30_14-34-17-360581_adaptiveTTL,adaptiveTTL,burst-load,1788100560.361000,103.000419,average_request_duration,all,0.017139971664706415
2026-08-30_14-34-17-360581_adaptiveTTL,adaptiveTTL,burst-load,1788100561.361000,104.000419,average_request_duration,all,0.018481506502793316
2026-08-30_14-34-17-360581_adaptiveTTL,adaptiveTTL,burst-load,1788100562.361000,105.000419,average_request_duration,all,0.022103857875286247
2026-08-30_14-34-17-360581_adaptiveTTL,adaptiveTTL,burst-load,1788100563.361000,106.000419,average_request_duration,all,0.02567762719894088
2026-08-30_14-34-17-360581_adaptiveTTL,adaptiveTTL,burst-load,1788100564.361000,107.000419,average_request_duration,all,0.02831055890502777
2026-08-30_14-34-17-360581_adaptiveTTL,adaptiveTTL,burst-load,1788100565.361000,108.000419,average_request_duration,all,0.03041147607015517
2026-08-30_14-34-17-360581_adaptiveTTL,adaptiveTTL,burst-load,1788100566.361000,109.000419,average_request_duration,all,0.03299862957844798
2026-08-30_14-34-17-360581_adaptiveTTL,adaptiveTTL,burst-load,1788100567.361000,110.000419,average_request_duration,all,0.036535493566666355
2026-08-30_14-34-17-360581_adaptiveTTL,adaptiveTTL,burst-load,1788100568.361000,111.000419,average_request_duration,all,0.033054057743807166
2026-08-30_14-34-17-360581_adaptiveTTL,adaptiveTTL,burst-load,1788100569.361000,112.000419,average_request_duration,all,0.03287199005897305
2026-08-30_14-34-17-360581_adaptiveTTL,adaptiveTTL,burst-load,1788100570.361000,113.000419,average_request_duration,all,0.03282107932777794
2026-08-30_14-34-17-360581_adaptiveTTL,adaptiveTTL,burst-load,1788100571.361000,114.000419,average_request_duration,all,0.03245682253867962
2026-08-30_14-34-17-360581_adaptiveTTL,adaptiveTTL,burst-load,1788100572.361000,115.000419,average_request_duration,all,0.03153295367777791
2026-08-30_14-34-17-360581_adaptiveTTL,adaptiveTTL,burst-load,1788100573.361000,116.000419,average_request_duration,all,0.028891186355376998
2026-08-30_14-34-17-360581_adaptiveTTL,adaptiveTTL,burst-load,1788100574.361000,117.000419,average_request_duration,all,0.0339428092166669
2026-08-30_14-34-17-360581_adaptiveTTL,adaptiveTTL,burst-load,1788100575.361000,118.000419,average_request_duration,all,0.0319908554382023
2026-08-30_14-34-17-360581_adaptiveTTL,adaptiveTTL,burst-load,1788100576.361000,119.000419,average_request_duration,all,0.032654730332606456
2026-08-30_14-34-17-360581_adaptiveTTL,adaptiveTTL,burst-load,1788100577.361000,120.000419,average_request_duration,all,0.03396529560399553
2026-08-30_14-34-17-360581_adaptiveTTL,adaptiveTTL,burst-load,1788100578.361000,121.000419,average_request_duration,all,0.03168055620780995
2026-08-30_14-34-17-360581_adaptiveTTL,adaptiveTTL,burst-load,1788100579.361000,122.000419,average_request_duration,all,0.03150647608287286
2026-08-30_14-34-17-360581_adaptiveTTL,adaptiveTTL,burst-load,1788100457.361000,0.000419,average_backend_duration,all,0
2026-08-30_14-34-17-360581_adaptiveTTL,adaptiveTTL,burst-load,1788100458.361000,1.000419,average_backend_duration,all,0
2026-08-30_14-34-17-360581_adaptiveTTL,adaptiveTTL,burst-load,1788100459.361000,2.000419,average_backend_duration,all,0.2384613786650457
2026-08-30_14-34-17-360581_adaptiveTTL,adaptiveTTL,burst-load,1788100460.361000,3.000419,average_backend_duration,all,0.24080538486540723
2026-08-30_14-34-17-360581_adaptiveTTL,adaptiveTTL,burst-load,1788100461.361000,4.000419,average_backend_duration,all,0.24000111640353308
2026-08-30_14-34-17-360581_adaptiveTTL,adaptiveTTL,burst-load,1788100462.361000,5.000419,average_backend_duration,all,0.23782158587240176
2026-08-30_14-34-17-360581_adaptiveTTL,adaptiveTTL,burst-load,1788100463.361000,6.000419,average_backend_duration,all,0.23605287906449599
2026-08-30_14-34-17-360581_adaptiveTTL,adaptiveTTL,burst-load,1788100464.361000,7.000419,average_backend_duration,all,0.23481660841540097
2026-08-30_14-34-17-360581_adaptiveTTL,adaptiveTTL,burst-load,1788100465.361000,8.000419,average_backend_duration,all,0.23422549344830632
2026-08-30_14-34-17-360581_adaptiveTTL,adaptiveTTL,burst-load,1788100466.361000,9.000419,average_backend_duration,all,0.23259473852945234
2026-08-30_14-34-17-360581_adaptiveTTL,adaptiveTTL,burst-load,1788100467.361000,10.000419,average_backend_duration,all,0.2321482482357388
2026-08-30_14-34-17-360581_adaptiveTTL,adaptiveTTL,burst-load,1788100468.361000,11.000419,average_backend_duration,all,0.23012695879365083
2026-08-30_14-34-17-360581_adaptiveTTL,adaptiveTTL,burst-load,1788100469.361000,12.000419,average_backend_duration,all,0.22634565822975877
2026-08-30_14-34-17-360581_adaptiveTTL,adaptiveTTL,burst-load,1788100470.361000,13.000419,average_backend_duration,all,0.22253560504952546
2026-08-30_14-34-17-360581_adaptiveTTL,adaptiveTTL,burst-load,1788100471.361000,14.000419,average_backend_duration,all,0.2208319746377682
2026-08-30_14-34-17-360581_adaptiveTTL,adaptiveTTL,burst-load,1788100472.361000,15.000419,average_backend_duration,all,0.2186867002312162
2026-08-30_14-34-17-360581_adaptiveTTL,adaptiveTTL,burst-load,1788100473.361000,16.000419,average_backend_duration,all,0.21766765721377637
2026-08-30_14-34-17-360581_adaptiveTTL,adaptiveTTL,burst-load,1788100474.361000,17.000419,average_backend_duration,all,0.22081093468731294
2026-08-30_14-34-17-360581_adaptiveTTL,adaptiveTTL,burst-load,1788100475.361000,18.000419,average_backend_duration,all,0.22143112068750012
2026-08-30_14-34-17-360581_adaptiveTTL,adaptiveTTL,burst-load,1788100476.361000,19.000419,average_backend_duration,all,0.22250969745408375
2026-08-30_14-34-17-360581_adaptiveTTL,adaptiveTTL,burst-load,1788100477.361000,20.000419,average_backend_duration,all,0.22345104492682932
2026-08-30_14-34-17-360581_adaptiveTTL,adaptiveTTL,burst-load,1788100478.361000,21.000419,average_backend_duration,all,0.22353950011100335
2026-08-30_14-34-17-360581_adaptiveTTL,adaptiveTTL,burst-load,1788100479.361000,22.000419,average_backend_duration,all,0.22392091714783735
2026-08-30_14-34-17-360581_adaptiveTTL,adaptiveTTL,burst-load,1788100480.361000,23.000419,average_backend_duration,all,0.22510416096078437
2026-08-30_14-34-17-360581_adaptiveTTL,adaptiveTTL,burst-load,1788100481.361000,24.000419,average_backend_duration,all,0.22498929596428568
2026-08-30_14-34-17-360581_adaptiveTTL,adaptiveTTL,burst-load,1788100482.361000,25.000419,average_backend_duration,all,0.22512230364912278
2026-08-30_14-34-17-360581_adaptiveTTL,adaptiveTTL,burst-load,1788100483.361000,26.000419,average_backend_duration,all,0.22365517392307688
2026-08-30_14-34-17-360581_adaptiveTTL,adaptiveTTL,burst-load,1788100484.361000,27.000419,average_backend_duration,all,0.22319042737499994
2026-08-30_14-34-17-360581_adaptiveTTL,adaptiveTTL,burst-load,1788100485.361000,28.000419,average_backend_duration,all,0.2221958047772259
2026-08-30_14-34-17-360581_adaptiveTTL,adaptiveTTL,burst-load,1788100486.361000,29.000419,average_backend_duration,all,0.22124752594309038
2026-08-30_14-34-17-360581_adaptiveTTL,adaptiveTTL,burst-load,1788100487.361000,30.000419,average_backend_duration,all,0.22070174906515863
2026-08-30_14-34-17-360581_adaptiveTTL,adaptiveTTL,burst-load,1788100488.361000,31.000419,average_backend_duration,all,0.22174031689262888
2026-08-30_14-34-17-360581_adaptiveTTL,adaptiveTTL,burst-load,1788100489.361000,32.000419,average_backend_duration,all,0.23387826338160222
2026-08-30_14-34-17-360581_adaptiveTTL,adaptiveTTL,burst-load,1788100490.361000,33.000419,average_backend_duration,all,0.2673625811278135
2026-08-30_14-34-17-360581_adaptiveTTL,adaptiveTTL,burst-load,1788100491.361000,34.000419,average_backend_duration,all,0.27063229057556676
2026-08-30_14-34-17-360581_adaptiveTTL,adaptiveTTL,burst-load,1788100492.361000,35.000419,average_backend_duration,all,0.26793664490816316
2026-08-30_14-34-17-360581_adaptiveTTL,adaptiveTTL,burst-load,1788100493.361000,36.000419,average_backend_duration,all,0.26695373245945947
2026-08-30_14-34-17-360581_adaptiveTTL,adaptiveTTL,burst-load,1788100494.361000,37.000419,average_backend_duration,all,0.26603702955716635
2026-08-30_14-34-17-360581_adaptiveTTL,adaptiveTTL,burst-load,1788100495.361000,38.000419,average_backend_duration,all,0.26617316779487177
2026-08-30_14-34-17-360581_adaptiveTTL,adaptiveTTL,burst-load,1788100496.361000,39.000419,average_backend_duration,all,0.2670516792869565
2026-08-30_14-34-17-360581_adaptiveTTL,adaptiveTTL,burst-load,1788100497.361000,40.000419,average_backend_duration,all,0.26691700302455657
2026-08-30_14-34-17-360581_adaptiveTTL,adaptiveTTL,burst-load,1788100498.361000,41.000419,average_backend_duration,all,0.2651238582670105
2026-08-30_14-34-17-360581_adaptiveTTL,adaptiveTTL,burst-load,1788100499.361000,42.000419,average_backend_duration,all,0.2484017245822786
2026-08-30_14-34-17-360581_adaptiveTTL,adaptiveTTL,burst-load,1788100500.361000,43.000419,average_backend_duration,all,0.2544799503210457
2026-08-30_14-34-17-360581_adaptiveTTL,adaptiveTTL,burst-load,1788100501.361000,44.000419,average_backend_duration,all,0.2532765976408284
2026-08-30_14-34-17-360581_adaptiveTTL,adaptiveTTL,burst-load,1788100502.361000,45.000419,average_backend_duration,all,0.25139007609851416
2026-08-30_14-34-17-360581_adaptiveTTL,adaptiveTTL,burst-load,1788100503.361000,46.000419,average_backend_duration,all,0.2548447064819016
2026-08-30_14-34-17-360581_adaptiveTTL,adaptiveTTL,burst-load,1788100504.361000,47.000419,average_backend_duration,all,0.25707399416463494
2026-08-30_14-34-17-360581_adaptiveTTL,adaptiveTTL,burst-load,1788100505.361000,48.000419,average_backend_duration,all,0.25697160136082503
2026-08-30_14-34-17-360581_adaptiveTTL,adaptiveTTL,burst-load,1788100506.361000,49.000419,average_backend_duration,all,0.25610390605000033
2026-08-30_14-34-17-360581_adaptiveTTL,adaptiveTTL,burst-load,1788100507.361000,50.000419,average_backend_duration,all,0.25673972163636377
2026-08-30_14-34-17-360581_adaptiveTTL,adaptiveTTL,burst-load,1788100508.361000,51.000419,average_backend_duration,all,0.2536006996920714
2026-08-30_14-34-17-360581_adaptiveTTL,adaptiveTTL,burst-load,1788100509.361000,52.000419,average_backend_duration,all,0.2421572750705882
2026-08-30_14-34-17-360581_adaptiveTTL,adaptiveTTL,burst-load,1788100510.361000,53.000419,average_backend_duration,all,0.24191037186438377
2026-08-30_14-34-17-360581_adaptiveTTL,adaptiveTTL,burst-load,1788100511.361000,54.000419,average_backend_duration,all,0.241671693034646
2026-08-30_14-34-17-360581_adaptiveTTL,adaptiveTTL,burst-load,1788100512.361000,55.000419,average_backend_duration,all,0.23383140682981646
2026-08-30_14-34-17-360581_adaptiveTTL,adaptiveTTL,burst-load,1788100513.361000,56.000419,average_backend_duration,all,0.2222603839716214
2026-08-30_14-34-17-360581_adaptiveTTL,adaptiveTTL,burst-load,1788100514.361000,57.000419,average_backend_duration,all,0.222574561135135
2026-08-30_14-34-17-360581_adaptiveTTL,adaptiveTTL,burst-load,1788100515.361000,58.000419,average_backend_duration,all,0.222361100583106
2026-08-30_14-34-17-360581_adaptiveTTL,adaptiveTTL,burst-load,1788100516.361000,59.000419,average_backend_duration,all,0.2221067068437499
2026-08-30_14-34-17-360581_adaptiveTTL,adaptiveTTL,burst-load,1788100517.361000,60.000419,average_backend_duration,all,0.21992877374981057
2026-08-30_14-34-17-360581_adaptiveTTL,adaptiveTTL,burst-load,1788100518.361000,61.000419,average_backend_duration,all,0.22010820571867584
2026-08-30_14-34-17-360581_adaptiveTTL,adaptiveTTL,burst-load,1788100519.361000,62.000419,average_backend_duration,all,0.21749284429411794
2026-08-30_14-34-17-360581_adaptiveTTL,adaptiveTTL,burst-load,1788100520.361000,63.000419,average_backend_duration,all,0.21571656211764723
2026-08-30_14-34-17-360581_adaptiveTTL,adaptiveTTL,burst-load,1788100521.361000,64.000419,average_backend_duration,all,0.21528735467926477
2026-08-30_14-34-17-360581_adaptiveTTL,adaptiveTTL,burst-load,1788100522.361000,65.000419,average_backend_duration,all,0.22075380395000047
2026-08-30_14-34-17-360581_adaptiveTTL,adaptiveTTL,burst-load,1788100523.361000,66.000419,average_backend_duration,all,0.23364386289655206
2026-08-30_14-34-17-360581_adaptiveTTL,adaptiveTTL,burst-load,1788100524.361000,67.000419,average_backend_duration,all,0.23290996060000044
2026-08-30_14-34-17-360581_adaptiveTTL,adaptiveTTL,burst-load,1788100525.361000,68.000419,average_backend_duration,all,0.23222018392272778
2026-08-30_14-34-17-360581_adaptiveTTL,adaptiveTTL,burst-load,1788100526.361000,69.000419,average_backend_duration,all,0.2322206195630346
2026-08-30_14-34-17-360581_adaptiveTTL,adaptiveTTL,burst-load,1788100527.361000,70.000419,average_backend_duration,all,0.2321794718529415
2026-08-30_14-34-17-360581_adaptiveTTL,adaptiveTTL,burst-load,1788100528.361000,71.000419,average_backend_duration,all,0.23035714585000025
2026-08-30_14-34-17-360581_adaptiveTTL,adaptiveTTL,burst-load,1788100529.361000,72.000419,average_backend_duration,all,0.2302008268497041
2026-08-30_14-34-17-360581_adaptiveTTL,adaptiveTTL,burst-load,1788100530.361000,73.000419,average_backend_duration,all,0.230592303837442
2026-08-30_14-34-17-360581_adaptiveTTL,adaptiveTTL,burst-load,1788100531.361000,74.000419,average_backend_duration,all,0.2322098809607842
2026-08-30_14-34-17-360581_adaptiveTTL,adaptiveTTL,burst-load,1788100532.361000,75.000419,average_backend_duration,all,0.22621594848936175
2026-08-30_14-34-17-360581_adaptiveTTL,adaptiveTTL,burst-load,1788100533.361000,76.000419,average_backend_duration,all,0.22646310695377242
2026-08-30_14-34-17-360581_adaptiveTTL,adaptiveTTL,burst-load,1788100534.361000,77.000419,average_backend_duration,all,0.2271651265628291
2026-08-30_14-34-17-360581_adaptiveTTL,adaptiveTTL,burst-load,1788100535.361000,78.000419,average_backend_duration,all,0.22706093671428546
2026-08-30_14-34-17-360581_adaptiveTTL,adaptiveTTL,burst-load,1788100536.361000,79.000419,average_backend_duration,all,0.22666678497101952
2026-08-30_14-34-17-360581_adaptiveTTL,adaptiveTTL,burst-load,1788100537.361000,80.000419,average_backend_duration,all,0.22804076097499984
2026-08-30_14-34-17-360581_adaptiveTTL,adaptiveTTL,burst-load,1788100538.361000,81.000419,average_backend_duration,all,0.22809616665267118
2026-08-30_14-34-17-360581_adaptiveTTL,adaptiveTTL,burst-load,1788100539.361000,82.000419,average_backend_duration,all,0.22675478362426185
2026-08-30_14-34-17-360581_adaptiveTTL,adaptiveTTL,burst-load,1788100540.361000,83.000419,average_backend_duration,all,0.22175807865186956
2026-08-30_14-34-17-360581_adaptiveTTL,adaptiveTTL,burst-load,1788100541.361000,84.000419,average_backend_duration,all,0.2193316770588233
2026-08-30_14-34-17-360581_adaptiveTTL,adaptiveTTL,burst-load,1788100542.361000,85.000419,average_backend_duration,all,0.2189669988000001
2026-08-30_14-34-17-360581_adaptiveTTL,adaptiveTTL,burst-load,1788100543.361000,86.000419,average_backend_duration,all,0.21358482860000053
2026-08-30_14-34-17-360581_adaptiveTTL,adaptiveTTL,burst-load,1788100544.361000,87.000419,average_backend_duration,all,0.21491979150000043
2026-08-30_14-34-17-360581_adaptiveTTL,adaptiveTTL,burst-load,1788100545.361000,88.000419,average_backend_duration,all,0.21523600063636328
2026-08-30_14-34-17-360581_adaptiveTTL,adaptiveTTL,burst-load,1788100546.361000,89.000419,average_backend_duration,all,0.21514188357142827
2026-08-30_14-34-17-360581_adaptiveTTL,adaptiveTTL,burst-load,1788100547.361000,90.000419,average_backend_duration,all,0.2166674584567667
2026-08-30_14-34-17-360581_adaptiveTTL,adaptiveTTL,burst-load,1788100548.361000,91.000419,average_backend_duration,all,0.2173032821875003
2026-08-30_14-34-17-360581_adaptiveTTL,adaptiveTTL,burst-load,1788100549.361000,92.000419,average_backend_duration,all,0.2163678374736844
2026-08-30_14-34-17-360581_adaptiveTTL,adaptiveTTL,burst-load,1788100550.361000,93.000419,average_backend_duration,all,0.2166246194500001
2026-08-30_14-34-17-360581_adaptiveTTL,adaptiveTTL,burst-load,1788100551.361000,94.000419,average_backend_duration,all,0.21634929819047646
2026-08-30_14-34-17-360581_adaptiveTTL,adaptiveTTL,burst-load,1788100552.361000,95.000419,average_backend_duration,all,0.21558222245000033
2026-08-30_14-34-17-360581_adaptiveTTL,adaptiveTTL,burst-load,1788100553.361000,96.000419,average_backend_duration,all,0.2153428585008546
2026-08-30_14-34-17-360581_adaptiveTTL,adaptiveTTL,burst-load,1788100554.361000,97.000419,average_backend_duration,all,0.2153552021886662
2026-08-30_14-34-17-360581_adaptiveTTL,adaptiveTTL,burst-load,1788100555.361000,98.000419,average_backend_duration,all,0.21519092837884202
2026-08-30_14-34-17-360581_adaptiveTTL,adaptiveTTL,burst-load,1788100556.361000,99.000419,average_backend_duration,all,0.21332940493298336
2026-08-30_14-34-17-360581_adaptiveTTL,adaptiveTTL,burst-load,1788100557.361000,100.000419,average_backend_duration,all,0.21250836709999987
2026-08-30_14-34-17-360581_adaptiveTTL,adaptiveTTL,burst-load,1788100558.361000,101.000419,average_backend_duration,all,0.21617200999999953
2026-08-30_14-34-17-360581_adaptiveTTL,adaptiveTTL,burst-load,1788100559.361000,102.000419,average_backend_duration,all,0.21635191399999998
2026-08-30_14-34-17-360581_adaptiveTTL,adaptiveTTL,burst-load,1788100560.361000,103.000419,average_backend_duration,all,0.2174703130930767
2026-08-30_14-34-17-360581_adaptiveTTL,adaptiveTTL,burst-load,1788100561.361000,104.000419,average_backend_duration,all,0.2177233491999999
2026-08-30_14-34-17-360581_adaptiveTTL,adaptiveTTL,burst-load,1788100562.361000,105.000419,average_backend_duration,all,0.21730226459068447
2026-08-30_14-34-17-360581_adaptiveTTL,adaptiveTTL,burst-load,1788100563.361000,106.000419,average_backend_duration,all,0.21789123285072892
2026-08-30_14-34-17-360581_adaptiveTTL,adaptiveTTL,burst-load,1788100564.361000,107.000419,average_backend_duration,all,0.2182240213043483
2026-08-30_14-34-17-360581_adaptiveTTL,adaptiveTTL,burst-load,1788100565.361000,108.000419,average_backend_duration,all,0.2180950253637016
2026-08-30_14-34-17-360581_adaptiveTTL,adaptiveTTL,burst-load,1788100566.361000,109.000419,average_backend_duration,all,0.2179879682956704
2026-08-30_14-34-17-360581_adaptiveTTL,adaptiveTTL,burst-load,1788100567.361000,110.000419,average_backend_duration,all,0.21732742766666746
2026-08-30_14-34-17-360581_adaptiveTTL,adaptiveTTL,burst-load,1788100568.361000,111.000419,average_backend_duration,all,0.21719569847362297
2026-08-30_14-34-17-360581_adaptiveTTL,adaptiveTTL,burst-load,1788100569.361000,112.000419,average_backend_duration,all,0.2171928897971649
2026-08-30_14-34-17-360581_adaptiveTTL,adaptiveTTL,burst-load,1788100570.361000,113.000419,average_backend_duration,all,0.21680995285185206
2026-08-30_14-34-17-360581_adaptiveTTL,adaptiveTTL,burst-load,1788100571.361000,114.000419,average_backend_duration,all,0.21681310180242788
2026-08-30_14-34-17-360581_adaptiveTTL,adaptiveTTL,burst-load,1788100572.361000,115.000419,average_backend_duration,all,0.21622381899999965
2026-08-30_14-34-17-360581_adaptiveTTL,adaptiveTTL,burst-load,1788100573.361000,116.000419,average_backend_duration,all,0.2157622200569297
2026-08-30_14-34-17-360581_adaptiveTTL,adaptiveTTL,burst-load,1788100574.361000,117.000419,average_backend_duration,all,0.21623900728571346
2026-08-30_14-34-17-360581_adaptiveTTL,adaptiveTTL,burst-load,1788100575.361000,118.000419,average_backend_duration,all,0.21697211523076787
2026-08-30_14-34-17-360581_adaptiveTTL,adaptiveTTL,burst-load,1788100576.361000,119.000419,average_backend_duration,all,0.2167927286896432
2026-08-30_14-34-17-360581_adaptiveTTL,adaptiveTTL,burst-load,1788100577.361000,120.000419,average_backend_duration,all,0.21734236019402112
2026-08-30_14-34-17-360581_adaptiveTTL,adaptiveTTL,burst-load,1788100578.361000,121.000419,average_backend_duration,all,0.21701311837072132
2026-08-30_14-34-17-360581_adaptiveTTL,adaptiveTTL,burst-load,1788100579.361000,122.000419,average_backend_duration,all,0.21701727611538446
2026-08-30_14-34-17-360581_adaptiveTTL,adaptiveTTL,burst-load,1788100457.361000,0.000419,failure_amplification_factor,all,0
2026-08-30_14-34-17-360581_adaptiveTTL,adaptiveTTL,burst-load,1788100458.361000,1.000419,failure_amplification_factor,all,2.500916381252299
2026-08-30_14-34-17-360581_adaptiveTTL,adaptiveTTL,burst-load,1788100459.361000,2.000419,failure_amplification_factor,all,1.041949692118045
2026-08-30_14-34-17-360581_adaptiveTTL,adaptiveTTL,burst-load,1788100460.361000,3.000419,failure_amplification_factor,all,0.8551350867566611
2026-08-30_14-34-17-360581_adaptiveTTL,adaptiveTTL,burst-load,1788100461.361000,4.000419,failure_amplification_factor,all,0.6790167808585597
2026-08-30_14-34-17-360581_adaptiveTTL,adaptiveTTL,burst-load,1788100462.361000,5.000419,failure_amplification_factor,all,0.6187328539263452
2026-08-30_14-34-17-360581_adaptiveTTL,adaptiveTTL,burst-load,1788100463.361000,6.000419,failure_amplification_factor,all,0.5631005520162861
2026-08-30_14-34-17-360581_adaptiveTTL,adaptiveTTL,burst-load,1788100464.361000,7.000419,failure_amplification_factor,all,0.48464692241309115
2026-08-30_14-34-17-360581_adaptiveTTL,adaptiveTTL,burst-load,1788100465.361000,8.000419,failure_amplification_factor,all,0.4575230154482461
2026-08-30_14-34-17-360581_adaptiveTTL,adaptiveTTL,burst-load,1788100466.361000,9.000419,failure_amplification_factor,all,0.437306312851977
2026-08-30_14-34-17-360581_adaptiveTTL,adaptiveTTL,burst-load,1788100467.361000,10.000419,failure_amplification_factor,all,0.4050038452276064
2026-08-30_14-34-17-360581_adaptiveTTL,adaptiveTTL,burst-load,1788100468.361000,11.000419,failure_amplification_factor,all,0.3742195348258348
2026-08-30_14-34-17-360581_adaptiveTTL,adaptiveTTL,burst-load,1788100469.361000,12.000419,failure_amplification_factor,all,0.35817671527310496
2026-08-30_14-34-17-360581_adaptiveTTL,adaptiveTTL,burst-load,1788100470.361000,13.000419,failure_amplification_factor,all,0.34066860191782683
2026-08-30_14-34-17-360581_adaptiveTTL,adaptiveTTL,burst-load,1788100471.361000,14.000419,failure_amplification_factor,all,0.32206468425235907
2026-08-30_14-34-17-360581_adaptiveTTL,adaptiveTTL,burst-load,1788100472.361000,15.000419,failure_amplification_factor,all,0.2989961445663619
2026-08-30_14-34-17-360581_adaptiveTTL,adaptiveTTL,burst-load,1788100473.361000,16.000419,failure_amplification_factor,all,0.29562659239406347
2026-08-30_14-34-17-360581_adaptiveTTL,adaptiveTTL,burst-load,1788100474.361000,17.000419,failure_amplification_factor,all,0.30515461399904614
2026-08-30_14-34-17-360581_adaptiveTTL,adaptiveTTL,burst-load,1788100475.361000,18.000419,failure_amplification_factor,all,0.3018172434135448
2026-08-30_14-34-17-360581_adaptiveTTL,adaptiveTTL,burst-load,1788100476.361000,19.000419,failure_amplification_factor,all,0.31549116091463253
2026-08-30_14-34-17-360581_adaptiveTTL,adaptiveTTL,burst-load,1788100477.361000,20.000419,failure_amplification_factor,all,0.3145991954400626
2026-08-30_14-34-17-360581_adaptiveTTL,adaptiveTTL,burst-load,1788100478.361000,21.000419,failure_amplification_factor,all,0.30634542466528175
2026-08-30_14-34-17-360581_adaptiveTTL,adaptiveTTL,burst-load,1788100479.361000,22.000419,failure_amplification_factor,all,0.31072884927212147
2026-08-30_14-34-17-360581_adaptiveTTL,adaptiveTTL,burst-load,1788100480.361000,23.000419,failure_amplification_factor,all,0.3124564990594378
2026-08-30_14-34-17-360581_adaptiveTTL,adaptiveTTL,burst-load,1788100481.361000,24.000419,failure_amplification_factor,all,0.30753526664688763
2026-08-30_14-34-17-360581_adaptiveTTL,adaptiveTTL,burst-load,1788100482.361000,25.000419,failure_amplification_factor,all,0.30095823222143664
2026-08-30_14-34-17-360581_adaptiveTTL,adaptiveTTL,burst-load,1788100483.361000,26.000419,failure_amplification_factor,all,0.29291276993244075
2026-08-30_14-34-17-360581_adaptiveTTL,adaptiveTTL,burst-load,1788100484.361000,27.000419,failure_amplification_factor,all,0.2874034821637285
2026-08-30_14-34-17-360581_adaptiveTTL,adaptiveTTL,burst-load,1788100485.361000,28.000419,failure_amplification_factor,all,0.2823034495195853
2026-08-30_14-34-17-360581_adaptiveTTL,adaptiveTTL,burst-load,1788100486.361000,29.000419,failure_amplification_factor,all,0.2793479729734846
2026-08-30_14-34-17-360581_adaptiveTTL,adaptiveTTL,burst-load,1788100487.361000,30.000419,failure_amplification_factor,all,0.2834692676855418
2026-08-30_14-34-17-360581_adaptiveTTL,adaptiveTTL,burst-load,1788100488.361000,31.000419,failure_amplification_factor,all,0.28258785083574245
2026-08-30_14-34-17-360581_adaptiveTTL,adaptiveTTL,burst-load,1788100489.361000,32.000419,failure_amplification_factor,all,0.2894268713168654
2026-08-30_14-34-17-360581_adaptiveTTL,adaptiveTTL,burst-load,1788100490.361000,33.000419,failure_amplification_factor,all,0.25643011453829734
2026-08-30_14-34-17-360581_adaptiveTTL,adaptiveTTL,burst-load,1788100491.361000,34.000419,failure_amplification_factor,all,0.22390994936784508
2026-08-30_14-34-17-360581_adaptiveTTL,adaptiveTTL,burst-load,1788100492.361000,35.000419,failure_amplification_factor,all,0.2049153977791432
2026-08-30_14-34-17-360581_adaptiveTTL,adaptiveTTL,burst-load,1788100493.361000,36.000419,failure_amplification_factor,all,0.1858516123460001
2026-08-30_14-34-17-360581_adaptiveTTL,adaptiveTTL,burst-load,1788100494.361000,37.000419,failure_amplification_factor,all,0.16984850024822584
2026-08-30_14-34-17-360581_adaptiveTTL,adaptiveTTL,burst-load,1788100495.361000,38.000419,failure_amplification_factor,all,0.15381880885502272
2026-08-30_14-34-17-360581_adaptiveTTL,adaptiveTTL,burst-load,1788100496.361000,39.000419,failure_amplification_factor,all,0.1416057684449474
2026-08-30_14-34-17-360581_adaptiveTTL,adaptiveTTL,burst-load,1788100497.361000,40.000419,failure_amplification_factor,all,0.13152784727113656
2026-08-30_14-34-17-360581_adaptiveTTL,adaptiveTTL,burst-load,1788100498.361000,41.000419,failure_amplification_factor,all,0.12253648831796754
2026-08-30_14-34-17-360581_adaptiveTTL,adaptiveTTL,burst-load,1788100499.361000,42.000419,failure_amplification_factor,all,0.12292609966990105
2026-08-30_14-34-17-360581_adaptiveTTL,adaptiveTTL,burst-load,1788100500.361000,43.000419,failure_amplification_factor,all,0.11730304112689105
2026-08-30_14-34-17-360581_adaptiveTTL,adaptiveTTL,burst-load,1788100501.361000,44.000419,failure_amplification_factor,all,0.11405304683426155
2026-08-30_14-34-17-360581_adaptiveTTL,adaptiveTTL,burst-load,1788100502.361000,45.000419,failure_amplification_factor,all,0.11254355528892626
2026-08-30_14-34-17-360581_adaptiveTTL,adaptiveTTL,burst-load,1788100503.361000,46.000419,failure_amplification_factor,all,0.11274723851765768
2026-08-30_14-34-17-360581_adaptiveTTL,adaptiveTTL,burst-load,1788100504.361000,47.000419,failure_amplification_factor,all,0.10853173055099169
2026-08-30_14-34-17-360581_adaptiveTTL,adaptiveTTL,burst-load,1788100505.361000,48.000419,failure_amplification_factor,all,0.10477395428923449
2026-08-30_14-34-17-360581_adaptiveTTL,adaptiveTTL,burst-load,1788100506.361000,49.000419,failure_amplification_factor,all,0.10158349058551651
2026-08-30_14-34-17-360581_adaptiveTTL,adaptiveTTL,burst-load,1788100507.361000,50.000419,failure_amplification_factor,all,0.09848251486685151
2026-08-30_14-34-17-360581_adaptiveTTL,adaptiveTTL,burst-load,1788100508.361000,51.000419,failure_amplification_factor,all,0.09514696818071955
2026-08-30_14-34-17-360581_adaptiveTTL,adaptiveTTL,burst-load,1788100509.361000,52.000419,failure_amplification_factor,all,0.09255238343661187
2026-08-30_14-34-17-360581_adaptiveTTL,adaptiveTTL,burst-load,1788100510.361000,53.000419,failure_amplification_factor,all,0.09016806466365583
2026-08-30_14-34-17-360581_adaptiveTTL,adaptiveTTL,burst-load,1788100511.361000,54.000419,failure_amplification_factor,all,0.0871121753369769
2026-08-30_14-34-17-360581_adaptiveTTL,adaptiveTTL,burst-load,1788100512.361000,55.000419,failure_amplification_factor,all,0.08426699783196774
2026-08-30_14-34-17-360581_adaptiveTTL,adaptiveTTL,burst-load,1788100513.361000,56.000419,failure_amplification_factor,all,0.08165875825408668
2026-08-30_14-34-17-360581_adaptiveTTL,adaptiveTTL,burst-load,1788100514.361000,57.000419,failure_amplification_factor,all,0.07902377217707547
2026-08-30_14-34-17-360581_adaptiveTTL,adaptiveTTL,burst-load,1788100515.361000,58.000419,failure_amplification_factor,all,0.07692222506260708
2026-08-30_14-34-17-360581_adaptiveTTL,adaptiveTTL,burst-load,1788100516.361000,59.000419,failure_amplification_factor,all,0.07480434434559656
2026-08-30_14-34-17-360581_adaptiveTTL,adaptiveTTL,burst-load,1788100517.361000,60.000419,failure_amplification_factor,all,0.0727941828493038
2026-08-30_14-34-17-360581_adaptiveTTL,adaptiveTTL,burst-load,1788100518.361000,61.000419,failure_amplification_factor,all,0.07092971046976226
2026-08-30_14-34-17-360581_adaptiveTTL,adaptiveTTL,burst-load,1788100519.361000,62.000419,failure_amplification_factor,all,0.06900122289388382
2026-08-30_14-34-17-360581_adaptiveTTL,adaptiveTTL,burst-load,1788100520.361000,63.000419,failure_amplification_factor,all,0.06702411180758877
2026-08-30_14-34-17-360581_adaptiveTTL,adaptiveTTL,burst-load,1788100521.361000,64.000419,failure_amplification_factor,all,0.0653116526963641
2026-08-30_14-34-17-360581_adaptiveTTL,adaptiveTTL,burst-load,1788100522.361000,65.000419,failure_amplification_factor,all,0.06579514223539713
2026-08-30_14-34-17-360581_adaptiveTTL,adaptiveTTL,burst-load,1788100523.361000,66.000419,failure_amplification_factor,all,0.0646444169228253
2026-08-30_14-34-17-360581_adaptiveTTL,adaptiveTTL,burst-load,1788100524.361000,67.000419,failure_amplification_factor,all,0.06341082476046113
2026-08-30_14-34-17-360581_adaptiveTTL,adaptiveTTL,burst-load,1788100525.361000,68.000419,failure_amplification_factor,all,0.062377675966307874
2026-08-30_14-34-17-360581_adaptiveTTL,adaptiveTTL,burst-load,1788100526.361000,69.000419,failure_amplification_factor,all,0.06139473943591464
2026-08-30_14-34-17-360581_adaptiveTTL,adaptiveTTL,burst-load,1788100527.361000,70.000419,failure_amplification_factor,all,0.060327197549905565
2026-08-30_14-34-17-360581_adaptiveTTL,adaptiveTTL,burst-load,1788100528.361000,71.000419,failure_amplification_factor,all,0.05982562362758214
2026-08-30_14-34-17-360581_adaptiveTTL,adaptiveTTL,burst-load,1788100529.361000,72.000419,failure_amplification_factor,all,0.05909440963872476
2026-08-30_14-34-17-360581_adaptiveTTL,adaptiveTTL,burst-load,1788100530.361000,73.000419,failure_amplification_factor,all,0.05876719039778849
2026-08-30_14-34-17-360581_adaptiveTTL,adaptiveTTL,burst-load,1788100531.361000,74.000419,failure_amplification_factor,all,0.058694832331038393
2026-08-30_14-34-17-360581_adaptiveTTL,adaptiveTTL,burst-load,1788100532.361000,75.000419,failure_amplification_factor,all,0.057562152454885655
2026-08-30_14-34-17-360581_adaptiveTTL,adaptiveTTL,burst-load,1788100533.361000,76.000419,failure_amplification_factor,all,0.05717117454868101
2026-08-30_14-34-17-360581_adaptiveTTL,adaptiveTTL,burst-load,1788100534.361000,77.000419,failure_amplification_factor,all,0.0564753302311726
2026-08-30_14-34-17-360581_adaptiveTTL,adaptiveTTL,burst-load,1788100535.361000,78.000419,failure_amplification_factor,all,0.0561458472465162
2026-08-30_14-34-17-360581_adaptiveTTL,adaptiveTTL,burst-load,1788100536.361000,79.000419,failure_amplification_factor,all,0.05599038566839395
2026-08-30_14-34-17-360581_adaptiveTTL,adaptiveTTL,burst-load,1788100537.361000,80.000419,failure_amplification_factor,all,0.055867093845380196
2026-08-30_14-34-17-360581_adaptiveTTL,adaptiveTTL,burst-load,1788100538.361000,81.000419,failure_amplification_factor,all,0.05585587313056862
2026-08-30_14-34-17-360581_adaptiveTTL,adaptiveTTL,burst-load,1788100539.361000,82.000419,failure_amplification_factor,all,0.055955674126609546
2026-08-30_14-34-17-360581_adaptiveTTL,adaptiveTTL,burst-load,1788100540.361000,83.000419,failure_amplification_factor,all,0.05583231192145139
2026-08-30_14-34-17-360581_adaptiveTTL,adaptiveTTL,burst-load,1788100541.361000,84.000419,failure_amplification_factor,all,0.05571116294224159
2026-08-30_14-34-17-360581_adaptiveTTL,adaptiveTTL,burst-load,1788100542.361000,85.000419,failure_amplification_factor,all,0.05591999494146241
2026-08-30_14-34-17-360581_adaptiveTTL,adaptiveTTL,burst-load,1788100543.361000,86.000419,failure_amplification_factor,all,0.05612845019665475
2026-08-30_14-34-17-360581_adaptiveTTL,adaptiveTTL,burst-load,1788100544.361000,87.000419,failure_amplification_factor,all,0.05611688936007221
2026-08-30_14-34-17-360581_adaptiveTTL,adaptiveTTL,burst-load,1788100545.361000,88.000419,failure_amplification_factor,all,0.05632286190500659
2026-08-30_14-34-17-360581_adaptiveTTL,adaptiveTTL,burst-load,1788100546.361000,89.000419,failure_amplification_factor,all,0.056639448126142425
2026-08-30_14-34-17-360581_adaptiveTTL,adaptiveTTL,burst-load,1788100547.361000,90.000419,failure_amplification_factor,all,0.05673452766116402
2026-08-30_14-34-17-360581_adaptiveTTL,adaptiveTTL,burst-load,1788100548.361000,91.000419,failure_amplification_factor,all,0.056721918157272476
2026-08-30_14-34-17-360581_adaptiveTTL,adaptiveTTL,burst-load,1788100549.361000,92.000419,failure_amplification_factor,all,0.0569250096249994
2026-08-30_14-34-17-360581_adaptiveTTL,adaptiveTTL,burst-load,1788100550.361000,93.000419,failure_amplification_factor,all,0.05691199008119479
2026-08-30_14-34-17-360581_adaptiveTTL,adaptiveTTL,burst-load,1788100551.361000,94.000419,failure_amplification_factor,all,0.05700638162524094
2026-08-30_14-34-17-360581_adaptiveTTL,adaptiveTTL,burst-load,1788100552.361000,95.000419,failure_amplification_factor,all,0.05688446757527756
2026-08-30_14-34-17-360581_adaptiveTTL,adaptiveTTL,burst-load,1788100553.361000,96.000419,failure_amplification_factor,all,0.056869994819045394
2026-08-30_14-34-17-360581_adaptiveTTL,adaptiveTTL,burst-load,1788100554.361000,97.000419,failure_amplification_factor,all,0.05674885629419147
2026-08-30_14-34-17-360581_adaptiveTTL,adaptiveTTL,burst-load,1788100555.361000,98.000419,failure_amplification_factor,all,0.05673546345473499
2026-08-30_14-34-17-360581_adaptiveTTL,adaptiveTTL,burst-load,1788100556.361000,99.000419,failure_amplification_factor,all,0.05672285412054283
2026-08-30_14-34-17-360581_adaptiveTTL,adaptiveTTL,burst-load,1788100557.361000,100.000419,failure_amplification_factor,all,0.05660273261997778
2026-08-30_14-34-17-360581_adaptiveTTL,adaptiveTTL,burst-load,1788100558.361000,101.000419,failure_amplification_factor,all,0.0571222864982132
2026-08-30_14-34-17-360581_adaptiveTTL,adaptiveTTL,burst-load,1788100559.361000,102.000419,failure_amplification_factor,all,0.05732108014350137
2026-08-30_14-34-17-360581_adaptiveTTL,adaptiveTTL,burst-load,1788100560.361000,103.000419,failure_amplification_factor,all,0.05741240898228875
2026-08-30_14-34-17-360581_adaptiveTTL,adaptiveTTL,burst-load,1788100561.361000,104.000419,failure_amplification_factor,all,0.057609722071901445
2026-08-30_14-34-17-360581_adaptiveTTL,adaptiveTTL,burst-load,1788100562.361000,105.000419,failure_amplification_factor,all,0.05791090128362951
2026-08-30_14-34-17-360581_adaptiveTTL,adaptiveTTL,burst-load,1788100563.361000,106.000419,failure_amplification_factor,all,0.05810679680201564
2026-08-30_14-34-17-360581_adaptiveTTL,adaptiveTTL,burst-load,1788100564.361000,107.000419,failure_amplification_factor,all,0.05830041861395121
2026-08-30_14-34-17-360581_adaptiveTTL,adaptiveTTL,burst-load,1788100565.361000,108.000419,failure_amplification_factor,all,0.05828454698563323
2026-08-30_14-34-17-360581_adaptiveTTL,adaptiveTTL,burst-load,1788100566.361000,109.000419,failure_amplification_factor,all,0.05858174084898475
2026-08-30_14-34-17-360581_adaptiveTTL,adaptiveTTL,burst-load,1788100567.361000,110.000419,failure_amplification_factor,all,0.058876729971212016
2026-08-30_14-34-17-360581_adaptiveTTL,adaptiveTTL,burst-load,1788100568.361000,111.000419,failure_amplification_factor,all,0.05906733154252715
2026-08-30_14-34-17-360581_adaptiveTTL,adaptiveTTL,burst-load,1788100569.361000,112.000419,failure_amplification_factor,all,0.05915178857245762
2026-08-30_14-34-17-360581_adaptiveTTL,adaptiveTTL,burst-load,1788100570.361000,113.000419,failure_amplification_factor,all,0.05944422431026085
2026-08-30_14-34-17-360581_adaptiveTTL,adaptiveTTL,burst-load,1788100571.361000,114.000419,failure_amplification_factor,all,0.059528272941287666
2026-08-30_14-34-17-360581_adaptiveTTL,adaptiveTTL,burst-load,1788100572.361000,115.000419,failure_amplification_factor,all,0.059610996799266056
2026-08-30_14-34-17-360581_adaptiveTTL,adaptiveTTL,burst-load,1788100573.361000,116.000419,failure_amplification_factor,all,0.05959131575562343
2026-08-30_14-34-17-360581_adaptiveTTL,adaptiveTTL,burst-load,1788100574.361000,117.000419,failure_amplification_factor,all,0.06008680277428467
2026-08-30_14-34-17-360581_adaptiveTTL,adaptiveTTL,burst-load,1788100575.361000,118.000419,failure_amplification_factor,all,0.06037380033601583
2026-08-30_14-34-17-360581_adaptiveTTL,adaptiveTTL,burst-load,1788100576.361000,119.000419,failure_amplification_factor,all,0.0605562271599896
2026-08-30_14-34-17-360581_adaptiveTTL,adaptiveTTL,burst-load,1788100577.361000,120.000419,failure_amplification_factor,all,0.06074087972598298
2026-08-30_14-34-17-360581_adaptiveTTL,adaptiveTTL,burst-load,1788100578.361000,121.000419,failure_amplification_factor,all,0.0607186042218815
2026-08-30_14-34-17-360581_adaptiveTTL,adaptiveTTL,burst-load,1788100579.361000,122.000419,failure_amplification_factor,all,0.060900192627165485
2026-08-30_14-34-17-360581_adaptiveTTL,adaptiveTTL,burst-load,1788100457.361000,0.000419,cache_hit_ratio_total,all,0
2026-08-30_14-34-17-360581_adaptiveTTL,adaptiveTTL,burst-load,1788100458.361000,1.000419,cache_hit_ratio_total,all,0
2026-08-30_14-34-17-360581_adaptiveTTL,adaptiveTTL,burst-load,1788100459.361000,2.000419,cache_hit_ratio_total,all,0.22469812621297292
2026-08-30_14-34-17-360581_adaptiveTTL,adaptiveTTL,burst-load,1788100460.361000,3.000419,cache_hit_ratio_total,all,0.2627884157646014
2026-08-30_14-34-17-360581_adaptiveTTL,adaptiveTTL,burst-load,1788100461.361000,4.000419,cache_hit_ratio_total,all,0.3425753033739882
2026-08-30_14-34-17-360581_adaptiveTTL,adaptiveTTL,burst-load,1788100462.361000,5.000419,cache_hit_ratio_total,all,0.42117472409734574
2026-08-30_14-34-17-360581_adaptiveTTL,adaptiveTTL,burst-load,1788100463.361000,6.000419,cache_hit_ratio_total,all,0.4471798302948845
2026-08-30_14-34-17-360581_adaptiveTTL,adaptiveTTL,burst-load,1788100464.361000,7.000419,cache_hit_ratio_total,all,0.5070855678587856
2026-08-30_14-34-17-360581_adaptiveTTL,adaptiveTTL,burst-load,1788100465.361000,8.000419,cache_hit_ratio_total,all,0.5575746433291923
2026-08-30_14-34-17-360581_adaptiveTTL,adaptiveTTL,burst-load,1788100466.361000,9.000419,cache_hit_ratio_total,all,0.5629511024051209
2026-08-30_14-34-17-360581_adaptiveTTL,adaptiveTTL,burst-load,1788100467.361000,10.000419,cache_hit_ratio_total,all,0.5956444663379524
2026-08-30_14-34-17-360581_adaptiveTTL,adaptiveTTL,burst-load,1788100468.361000,11.000419,cache_hit_ratio_total,all,0.6477916666666668
2026-08-30_14-34-17-360581_adaptiveTTL,adaptiveTTL,burst-load,1788100469.361000,12.000419,cache_hit_ratio_total,all,0.7333333333333333
2026-08-30_14-34-17-360581_adaptiveTTL,adaptiveTTL,burst-load,1788100470.361000,13.000419,cache_hit_ratio_total,all,0.7555549382373095
2026-08-30_14-34-17-360581_adaptiveTTL,adaptiveTTL,burst-load,1788100471.361000,14.000419,cache_hit_ratio_total,all,0.7888876543895709
2026-08-30_14-34-17-360581_adaptiveTTL,adaptiveTTL,burst-load,1788100472.361000,15.000419,cache_hit_ratio_total,all,0.8333308641975308
2026-08-30_14-34-17-360581_adaptiveTTL,adaptiveTTL,burst-load,1788100473.361000,16.000419,cache_hit_ratio_total,all,0.8333358026063176
2026-08-30_14-34-17-360581_adaptiveTTL,adaptiveTTL,burst-load,1788100474.361000,17.000419,cache_hit_ratio_total,all,0.805558333179021
2026-08-30_14-34-17-360581_adaptiveTTL,adaptiveTTL,burst-load,1788100475.361000,18.000419,cache_hit_ratio_total,all,0.8222222222222221
2026-08-30_14-34-17-360581_adaptiveTTL,adaptiveTTL,burst-load,1788100476.361000,19.000419,cache_hit_ratio_total,all,0.7833305554012259
2026-08-30_14-34-17-360581_adaptiveTTL,adaptiveTTL,burst-load,1788100477.361000,20.000419,cache_hit_ratio_total,all,0.7666666666666667
2026-08-30_14-34-17-360581_adaptiveTTL,adaptiveTTL,burst-load,1788100478.361000,21.000419,cache_hit_ratio_total,all,0.7444438270575959
2026-08-30_14-34-17-360581_adaptiveTTL,adaptiveTTL,burst-load,1788100479.361000,22.000419,cache_hit_ratio_total,all,0.7388910497428584
2026-08-30_14-34-17-360581_adaptiveTTL,adaptiveTTL,burst-load,1788100480.361000,23.000419,cache_hit_ratio_total,all,0.7055555555555556
2026-08-30_14-34-17-360581_adaptiveTTL,adaptiveTTL,burst-load,1788100481.361000,24.000419,cache_hit_ratio_total,all,0.6833333333333333
2026-08-30_14-34-17-360581_adaptiveTTL,adaptiveTTL,burst-load,1788100482.361000,25.000419,cache_hit_ratio_total,all,0.6888888888888889
2026-08-30_14-34-17-360581_adaptiveTTL,adaptiveTTL,burst-load,1788100483.361000,26.000419,cache_hit_ratio_total,all,0.7222222222222223
2026-08-30_14-34-17-360581_adaptiveTTL,adaptiveTTL,burst-load,1788100484.361000,27.000419,cache_hit_ratio_total,all,0.7388888888888888
2026-08-30_14-34-17-360581_adaptiveTTL,adaptiveTTL,burst-load,1788100485.361000,28.000419,cache_hit_ratio_total,all,0.772221913528798
2026-08-30_14-34-17-360581_adaptiveTTL,adaptiveTTL,burst-load,1788100486.361000,29.000419,cache_hit_ratio_total,all,0.7833342594136059
2026-08-30_14-34-17-360581_adaptiveTTL,adaptiveTTL,burst-load,1788100487.361000,30.000419,cache_hit_ratio_total,all,0.766668518621405
2026-08-30_14-34-17-360581_adaptiveTTL,adaptiveTTL,burst-load,1788100488.361000,31.000419,cache_hit_ratio_total,all,0.7868825982709201
2026-08-30_14-34-17-360581_adaptiveTTL,adaptiveTTL,burst-load,1788100489.361000,32.000419,cache_hit_ratio_total,all,0.7760617926244192
2026-08-30_14-34-17-360581_adaptiveTTL,adaptiveTTL,burst-load,1788100490.361000,33.000419,cache_hit_ratio_total,all,0.8140101583873254
2026-08-30_14-34-17-360581_adaptiveTTL,adaptiveTTL,burst-load,1788100491.361000,34.000419,cache_hit_ratio_total,all,0.8466898630976991
2026-08-30_14-34-17-360581_adaptiveTTL,adaptiveTTL,burst-load,1788100492.361000,35.000419,cache_hit_ratio_total,all,0.8555858310626704
2026-08-30_14-34-17-360581_adaptiveTTL,adaptiveTTL,burst-load,1788100493.361000,36.000419,cache_hit_ratio_total,all,0.8736017897091721
2026-08-30_14-34-17-360581_adaptiveTTL,adaptiveTTL,burst-load,1788100494.361000,37.000419,cache_hit_ratio_total,all,0.8899432324307799
2026-08-30_14-34-17-360581_adaptiveTTL,adaptiveTTL,burst-load,1788100495.361000,38.000419,cache_hit_ratio_total,all,0.903544929925804
2026-08-30_14-34-17-360581_adaptiveTTL,adaptiveTTL,burst-load,1788100496.361000,39.000419,cache_hit_ratio_total,all,0.9177583697234352
2026-08-30_14-34-17-360581_adaptiveTTL,adaptiveTTL,burst-load,1788100497.361000,40.000419,cache_hit_ratio_total,all,0.9268448045363099
2026-08-30_14-34-17-360581_adaptiveTTL,adaptiveTTL,burst-load,1788100498.361000,41.000419,cache_hit_ratio_total,all,0.9436877977725517
2026-08-30_14-34-17-360581_adaptiveTTL,adaptiveTTL,burst-load,1788100499.361000,42.000419,cache_hit_ratio_total,all,0.9512345679012346
2026-08-30_14-34-17-360581_adaptiveTTL,adaptiveTTL,burst-load,1788100500.361000,43.000419,cache_hit_ratio_total,all,0.9499686689054845
2026-08-30_14-34-17-360581_adaptiveTTL,adaptiveTTL,burst-load,1788100501.361000,44.000419,cache_hit_ratio_total,all,0.9567903978052126
2026-08-30_14-34-17-360581_adaptiveTTL,adaptiveTTL,burst-load,1788100502.361000,45.000419,cache_hit_ratio_total,all,0.9524694444272985
2026-08-30_14-34-17-360581_adaptiveTTL,adaptiveTTL,burst-load,1788100503.361000,46.000419,cache_hit_ratio_total,all,0.9425917009602194
2026-08-30_14-34-17-360581_adaptiveTTL,adaptiveTTL,burst-load,1788100504.361000,47.000419,cache_hit_ratio_total,all,0.9395439694399352
2026-08-30_14-34-17-360581_adaptiveTTL,adaptiveTTL,burst-load,1788100505.361000,48.000419,cache_hit_ratio_total,all,0.9394688079061148
2026-08-30_14-34-17-360581_adaptiveTTL,adaptiveTTL,burst-load,1788100506.361000,49.000419,cache_hit_ratio_total,all,0.937037037037037
2026-08-30_14-34-17-360581_adaptiveTTL,adaptiveTTL,burst-load,1788100507.361000,50.000419,cache_hit_ratio_total,all,0.9388133498145859
2026-08-30_14-34-17-360581_adaptiveTTL,adaptiveTTL,burst-load,1788100508.361000,51.000419,cache_hit_ratio_total,all,0.9425587166291611
2026-08-30_14-34-17-360581_adaptiveTTL,adaptiveTTL,burst-load,1788100509.361000,52.000419,cache_hit_ratio_total,all,0.9481481481481481
2026-08-30_14-34-17-360581_adaptiveTTL,adaptiveTTL,burst-load,1788100510.361000,53.000419,cache_hit_ratio_total,all,0.9487327530977478
2026-08-30_14-34-17-360581_adaptiveTTL,adaptiveTTL,burst-load,1788100511.361000,54.000419,cache_hit_ratio_total,all,0.957998419985183
2026-08-30_14-34-17-360581_adaptiveTTL,adaptiveTTL,burst-load,1788100512.361000,55.000419,cache_hit_ratio_total,all,0.9709878944158732
2026-08-30_14-34-17-360581_adaptiveTTL,adaptiveTTL,burst-load,1788100513.361000,56.000419,cache_hit_ratio_total,all,0.9752932528523217
2026-08-30_14-34-17-360581_adaptiveTTL,adaptiveTTL,burst-load,1788100514.361000,57.000419,cache_hit_ratio_total,all,0.9771604938271605
2026-08-30_14-34-17-360581_adaptiveTTL,adaptiveTTL,burst-load,1788100515.361000,58.000419,cache_hit_ratio_total,all,0.9802471193987355
2026-08-30_14-34-17-360581_adaptiveTTL,adaptiveTTL,burst-load,1788100516.361000,59.000419,cache_hit_ratio_total,all,0.9808641975308641
2026-08-30_14-34-17-360581_adaptiveTTL,adaptiveTTL,burst-load,1788100517.361000,60.000419,cache_hit_ratio_total,all,0.9821095694530988
2026-08-30_14-34-17-360581_adaptiveTTL,adaptiveTTL,burst-load,1788100518.361000,61.000419,cache_hit_ratio_total,all,0.9858026405940409
2026-08-30_14-34-17-360581_adaptiveTTL,adaptiveTTL,burst-load,1788100519.361000,62.000419,cache_hit_ratio_total,all,0.9895061728395064
2026-08-30_14-34-17-360581_adaptiveTTL,adaptiveTTL,burst-load,1788100520.361000,63.000419,cache_hit_ratio_total,all,0.9901234567901235
2026-08-30_14-34-17-360581_adaptiveTTL,adaptiveTTL,burst-load,1788100521.361000,64.000419,cache_hit_ratio_total,all,0.9907349183504127
2026-08-30_14-34-17-360581_adaptiveTTL,adaptiveTTL,burst-load,1788100522.361000,65.000419,cache_hit_ratio_total,all,0.9858024691358025
2026-08-30_14-34-17-360581_adaptiveTTL,adaptiveTTL,burst-load,1788100523.361000,66.000419,cache_hit_ratio_total,all,0.9814814814814816
2026-08-30_14-34-17-360581_adaptiveTTL,adaptiveTTL,burst-load,1788100524.361000,67.000419,cache_hit_ratio_total,all,0.9820877084620135
2026-08-30_14-34-17-360581_adaptiveTTL,adaptiveTTL,burst-load,1788100525.361000,68.000419,cache_hit_ratio_total,all,0.9796293895880955
2026-08-30_14-34-17-360581_adaptiveTTL,adaptiveTTL,burst-load,1788100526.361000,69.000419,cache_hit_ratio_total,all,0.9802351239071007
2026-08-30_14-34-17-360581_adaptiveTTL,adaptiveTTL,burst-load,1788100527.361000,70.000419,cache_hit_ratio_total,all,0.9783950617283952
2026-08-30_14-34-17-360581_adaptiveTTL,adaptiveTTL,burst-load,1788100528.361000,71.000419,cache_hit_ratio_total,all,0.9753086419753089
2026-08-30_14-34-17-360581_adaptiveTTL,adaptiveTTL,burst-load,1788100529.361000,72.000419,cache_hit_ratio_total,all,0.9740735253467443
2026-08-30_14-34-17-360581_adaptiveTTL,adaptiveTTL,burst-load,1788100530.361000,73.000419,cache_hit_ratio_total,all,0.9691353223860677
2026-08-30_14-34-17-360581_adaptiveTTL,adaptiveTTL,burst-load,1788100531.361000,74.000419,cache_hit_ratio_total,all,0.9691358024691359
2026-08-30_14-34-17-360581_adaptiveTTL,adaptiveTTL,burst-load,1788100532.361000,75.000419,cache_hit_ratio_total,all,0.9722222222222222
2026-08-30_14-34-17-360581_adaptiveTTL,adaptiveTTL,burst-load,1788100533.361000,76.000419,cache_hit_ratio_total,all,0.9697532578970439
2026-08-30_14-34-17-360581_adaptiveTTL,adaptiveTTL,burst-load,1788100534.361000,77.000419,cache_hit_ratio_total,all,0.9696970758977704
2026-08-30_14-34-17-360581_adaptiveTTL,adaptiveTTL,burst-load,1788100535.361000,78.000419,cache_hit_ratio_total,all,0.9688715953307394
2026-08-30_14-34-17-360581_adaptiveTTL,adaptiveTTL,burst-load,1788100536.361000,79.000419,cache_hit_ratio_total,all,0.9668349632104001
2026-08-30_14-34-17-360581_adaptiveTTL,adaptiveTTL,burst-load,1788100537.361000,80.000419,cache_hit_ratio_total,all,0.9682151589242053
2026-08-30_14-34-17-360581_adaptiveTTL,adaptiveTTL,burst-load,1788100538.361000,81.000419,cache_hit_ratio_total,all,0.9643863567327078
2026-08-30_14-34-17-360581_adaptiveTTL,adaptiveTTL,burst-load,1788100539.361000,82.000419,cache_hit_ratio_total,all,0.9658213121954894
2026-08-30_14-34-17-360581_adaptiveTTL,adaptiveTTL,burst-load,1788100540.361000,83.000419,cache_hit_ratio_total,all,0.9732262854861174
2026-08-30_14-34-17-360581_adaptiveTTL,adaptiveTTL,burst-load,1788100541.361000,84.000419,cache_hit_ratio_total,all,0.9710391822827938
2026-08-30_14-34-17-360581_adaptiveTTL,adaptiveTTL,burst-load,1788100542.361000,85.000419,cache_hit_ratio_total,all,0.9672131147540983
2026-08-30_14-34-17-360581_adaptiveTTL,adaptiveTTL,burst-load,1788100543.361000,86.000419,cache_hit_ratio_total,all,0.9555555555555556
2026-08-30_14-34-17-360581_adaptiveTTL,adaptiveTTL,burst-load,1788100544.361000,87.000419,cache_hit_ratio_total,all,0.9351351351351351
2026-08-30_14-34-17-360581_adaptiveTTL,adaptiveTTL,burst-load,1788100545.361000,88.000419,cache_hit_ratio_total,all,0.9333333333333333
2026-08-30_14-34-17-360581_adaptiveTTL,adaptiveTTL,burst-load,1788100546.361000,89.000419,cache_hit_ratio_total,all,0.9222222222222223
2026-08-30_14-34-17-360581_adaptiveTTL,adaptiveTTL,burst-load,1788100547.361000,90.000419,cache_hit_ratio_total,all,0.9055549382030101
2026-08-30_14-34-17-360581_adaptiveTTL,adaptiveTTL,burst-load,1788100548.361000,91.000419,cache_hit_ratio_total,all,0.9055555555555557
2026-08-30_14-34-17-360581_adaptiveTTL,adaptiveTTL,burst-load,1788100549.361000,92.000419,cache_hit_ratio_total,all,0.8944444444444445
2026-08-30_14-34-17-360581_adaptiveTTL,adaptiveTTL,burst-load,1788100550.361000,93.000419,cache_hit_ratio_total,all,0.8888888888888891
2026-08-30_14-34-17-360581_adaptiveTTL,adaptiveTTL,burst-load,1788100551.361000,94.000419,cache_hit_ratio_total,all,0.8888888888888891
2026-08-30_14-34-17-360581_adaptiveTTL,adaptiveTTL,burst-load,1788100552.361000,95.000419,cache_hit_ratio_total,all,0.9000000000000001
2026-08-30_14-34-17-360581_adaptiveTTL,adaptiveTTL,burst-load,1788100553.361000,96.000419,cache_hit_ratio_total,all,0.9055564815329246
2026-08-30_14-34-17-360581_adaptiveTTL,adaptiveTTL,burst-load,1788100554.361000,97.000419,cache_hit_ratio_total,all,0.9166675925411552
2026-08-30_14-34-17-360581_adaptiveTTL,adaptiveTTL,burst-load,1788100555.361000,98.000419,cache_hit_ratio_total,all,0.9222228395404681
2026-08-30_14-34-17-360581_adaptiveTTL,adaptiveTTL,burst-load,1788100556.361000,99.000419,cache_hit_ratio_total,all,0.9388885802640595
2026-08-30_14-34-17-360581_adaptiveTTL,adaptiveTTL,burst-load,1788100557.361000,100.000419,cache_hit_ratio_total,all,0.9500000000000002
2026-08-30_14-34-17-360581_adaptiveTTL,adaptiveTTL,burst-load,1788100558.361000,101.000419,cache_hit_ratio_total,all,0.9444444444444444
2026-08-30_14-34-17-360581_adaptiveTTL,adaptiveTTL,burst-load,1788100559.361000,102.000419,cache_hit_ratio_total,all,0.9222222222222223
2026-08-30_14-34-17-360581_adaptiveTTL,adaptiveTTL,burst-load,1788100560.361000,103.000419,cache_hit_ratio_total,all,0.9222228395404681
2026-08-30_14-34-17-360581_adaptiveTTL,adaptiveTTL,burst-load,1788100561.361000,104.000419,cache_hit_ratio_total,all,0.9111111111111112
2026-08-30_14-34-17-360581_adaptiveTTL,adaptiveTTL,burst-load,1788100562.361000,105.000419,cache_hit_ratio_total,all,0.8944438271604936
2026-08-30_14-34-17-360581_adaptiveTTL,adaptiveTTL,burst-load,1788100563.361000,106.000419,cache_hit_ratio_total,all,0.883332407458845
2026-08-30_14-34-17-360581_adaptiveTTL,adaptiveTTL,burst-load,1788100564.361000,107.000419,cache_hit_ratio_total,all,0.8666666666666668
2026-08-30_14-34-17-360581_adaptiveTTL,adaptiveTTL,burst-load,1788100565.361000,108.000419,cache_hit_ratio_total,all,0.8666685186214049
2026-08-30_14-34-17-360581_adaptiveTTL,adaptiveTTL,burst-load,1788100566.361000,109.000419,cache_hit_ratio_total,all,0.8500015432956152
2026-08-30_14-34-17-360581_adaptiveTTL,adaptiveTTL,burst-load,1788100567.361000,110.000419,cache_hit_ratio_total,all,0.8333333333333334
2026-08-30_14-34-17-360581_adaptiveTTL,adaptiveTTL,burst-load,1788100568.361000,111.000419,cache_hit_ratio_total,all,0.8444444444444444
2026-08-30_14-34-17-360581_adaptiveTTL,adaptiveTTL,burst-load,1788100569.361000,112.000419,cache_hit_ratio_total,all,0.8499996913065757
2026-08-30_14-34-17-360581_adaptiveTTL,adaptiveTTL,burst-load,1788100570.361000,113.000419,cache_hit_ratio_total,all,0.8499999999999999
2026-08-30_14-34-17-360581_adaptiveTTL,adaptiveTTL,burst-load,1788100571.361000,114.000419,cache_hit_ratio_total,all,0.8611141978738377
2026-08-30_14-34-17-360581_adaptiveTTL,adaptiveTTL,burst-load,1788100572.361000,115.000419,cache_hit_ratio_total,all,0.8555555555555554
2026-08-30_14-34-17-360581_adaptiveTTL,adaptiveTTL,burst-load,1788100573.361000,116.000419,cache_hit_ratio_total,all,0.8722212961419495
2026-08-30_14-34-17-360581_adaptiveTTL,adaptiveTTL,burst-load,1788100574.361000,117.000419,cache_hit_ratio_total,all,0.8444444444444444
2026-08-30_14-34-17-360581_adaptiveTTL,adaptiveTTL,burst-load,1788100575.361000,118.000419,cache_hit_ratio_total,all,0.8444444444444443
2026-08-30_14-34-17-360581_adaptiveTTL,adaptiveTTL,burst-load,1788100576.361000,119.000419,cache_hit_ratio_total,all,0.855554938168707
2026-08-30_14-34-17-360581_adaptiveTTL,adaptiveTTL,burst-load,1788100577.361000,120.000419,cache_hit_ratio_total,all,0.8499984567043847
2026-08-30_14-34-17-360581_adaptiveTTL,adaptiveTTL,burst-load,1788100578.361000,121.000419,cache_hit_ratio_total,all,0.8555567900548734
2026-08-30_14-34-17-360581_adaptiveTTL,adaptiveTTL,burst-load,1788100579.361000,122.000419,cache_hit_ratio_total,all,0.8611111111111113
2026-08-30_14-34-17-360581_adaptiveTTL,adaptiveTTL,burst-load,1788100457.361000,0.000419,cache_hit_ratio_l1,all,0
2026-08-30_14-34-17-360581_adaptiveTTL,adaptiveTTL,burst-load,1788100458.361000,1.000419,cache_hit_ratio_l1,all,0
2026-08-30_14-34-17-360581_adaptiveTTL,adaptiveTTL,burst-load,1788100459.361000,2.000419,cache_hit_ratio_l1,all,0.05803145954630628
2026-08-30_14-34-17-360581_adaptiveTTL,adaptiveTTL,burst-load,1788100460.361000,3.000419,cache_hit_ratio_l1,all,0.1587260645296469
2026-08-30_14-34-17-360581_adaptiveTTL,adaptiveTTL,burst-load,1788100461.361000,4.000419,cache_hit_ratio_l1,all,0.2220437031372171
2026-08-30_14-34-17-360581_adaptiveTTL,adaptiveTTL,burst-load,1788100462.361000,5.000419,cache_hit_ratio_l1,all,0.26864043161641765
2026-08-30_14-34-17-360581_adaptiveTTL,adaptiveTTL,burst-load,1788100463.361000,6.000419,cache_hit_ratio_l1,all,0.3159527339843221
2026-08-30_14-34-17-360581_adaptiveTTL,adaptiveTTL,burst-load,1788100464.361000,7.000419,cache_hit_ratio_l1,all,0.35597025841482777
2026-08-30_14-34-17-360581_adaptiveTTL,adaptiveTTL,burst-load,1788100465.361000,8.000419,cache_hit_ratio_l1,all,0.3628403815843961
2026-08-30_14-34-17-360581_adaptiveTTL,adaptiveTTL,burst-load,1788100466.361000,9.000419,cache_hit_ratio_l1,all,0.3487494610402383
2026-08-30_14-34-17-360581_adaptiveTTL,adaptiveTTL,burst-load,1788100467.361000,10.000419,cache_hit_ratio_l1,all,0.3546444035999056
2026-08-30_14-34-17-360581_adaptiveTTL,adaptiveTTL,burst-load,1788100468.361000,11.000419,cache_hit_ratio_l1,all,0.3922361111111111
2026-08-30_14-34-17-360581_adaptiveTTL,adaptiveTTL,burst-load,1788100469.361000,12.000419,cache_hit_ratio_l1,all,0.44444259269546754
2026-08-30_14-34-17-360581_adaptiveTTL,adaptiveTTL,burst-load,1788100470.361000,13.000419,cache_hit_ratio_l1,all,0.4277743825274244
2026-08-30_14-34-17-360581_adaptiveTTL,adaptiveTTL,burst-load,1788100471.361000,14.000419,cache_hit_ratio_l1,all,0.4333308643346974
2026-08-30_14-34-17-360581_adaptiveTTL,adaptiveTTL,burst-load,1788100472.361000,15.000419,cache_hit_ratio_l1,all,0.43332839506172827
2026-08-30_14-34-17-360581_adaptiveTTL,adaptiveTTL,burst-load,1788100473.361000,16.000419,cache_hit_ratio_l1,all,0.42222469149520653
2026-08-30_14-34-17-360581_adaptiveTTL,adaptiveTTL,burst-load,1788100474.361000,17.000419,cache_hit_ratio_l1,all,0.39444722206790983
2026-08-30_14-34-17-360581_adaptiveTTL,adaptiveTTL,burst-load,1788100475.361000,18.000419,cache_hit_ratio_l1,all,0.39999999999999997
2026-08-30_14-34-17-360581_adaptiveTTL,adaptiveTTL,burst-load,1788100476.361000,19.000419,cache_hit_ratio_l1,all,0.3999993826817539
2026-08-30_14-34-17-360581_adaptiveTTL,adaptiveTTL,burst-load,1788100477.361000,20.000419,cache_hit_ratio_l1,all,0.3944444444444445
2026-08-30_14-34-17-360581_adaptiveTTL,adaptiveTTL,burst-load,1788100478.361000,21.000419,cache_hit_ratio_l1,all,0.3944466052984139
2026-08-30_14-34-17-360581_adaptiveTTL,adaptiveTTL,burst-load,1788100479.361000,22.000419,cache_hit_ratio_l1,all,0.40555462947528287
2026-08-30_14-34-17-360581_adaptiveTTL,adaptiveTTL,burst-load,1788100480.361000,23.000419,cache_hit_ratio_l1,all,0.3888888888888889
2026-08-30_14-34-17-360581_adaptiveTTL,adaptiveTTL,burst-load,1788100481.361000,24.000419,cache_hit_ratio_l1,all,0.36111111111111116
2026-08-30_14-34-17-360581_adaptiveTTL,adaptiveTTL,burst-load,1788100482.361000,25.000419,cache_hit_ratio_l1,all,0.3666666666666667
2026-08-30_14-34-17-360581_adaptiveTTL,adaptiveTTL,burst-load,1788100483.361000,26.000419,cache_hit_ratio_l1,all,0.41111111111111115
2026-08-30_14-34-17-360581_adaptiveTTL,adaptiveTTL,burst-load,1788100484.361000,27.000419,cache_hit_ratio_l1,all,0.42777777777777776
2026-08-30_14-34-17-360581_adaptiveTTL,adaptiveTTL,burst-load,1788100485.361000,28.000419,cache_hit_ratio_l1,all,0.4333327159464849
2026-08-30_14-34-17-360581_adaptiveTTL,adaptiveTTL,burst-load,1788100486.361000,29.000419,cache_hit_ratio_l1,all,0.4222228396090706
2026-08-30_14-34-17-360581_adaptiveTTL,adaptiveTTL,burst-load,1788100487.361000,30.000419,cache_hit_ratio_l1,all,0.3944466050583057
2026-08-30_14-34-17-360581_adaptiveTTL,adaptiveTTL,burst-load,1788100488.361000,31.000419,cache_hit_ratio_l1,all,0.4152997899821677
2026-08-30_14-34-17-360581_adaptiveTTL,adaptiveTTL,burst-load,1788100489.361000,32.000419,cache_hit_ratio_l1,all,0.4633224259936718
2026-08-30_14-34-17-360581_adaptiveTTL,adaptiveTTL,burst-load,1788100490.361000,33.000419,cache_hit_ratio_l1,all,0.5797097404259911
2026-08-30_14-34-17-360581_adaptiveTTL,adaptiveTTL,burst-load,1788100491.361000,34.000419,cache_hit_ratio_l1,all,0.6184670999351181
2026-08-30_14-34-17-360581_adaptiveTTL,adaptiveTTL,burst-load,1788100492.361000,35.000419,cache_hit_ratio_l1,all,0.6389645776566758
2026-08-30_14-34-17-360581_adaptiveTTL,adaptiveTTL,burst-load,1788100493.361000,36.000419,cache_hit_ratio_l1,all,0.6588366890380313
2026-08-30_14-34-17-360581_adaptiveTTL,adaptiveTTL,burst-load,1788100494.361000,37.000419,cache_hit_ratio_l1,all,0.6650874705488585
2026-08-30_14-34-17-360581_adaptiveTTL,adaptiveTTL,burst-load,1788100495.361000,38.000419,cache_hit_ratio_l1,all,0.6644682605111296
2026-08-30_14-34-17-360581_adaptiveTTL,adaptiveTTL,burst-load,1788100496.361000,39.000419,cache_hit_ratio_l1,all,0.6790393013100436
2026-08-30_14-34-17-360581_adaptiveTTL,adaptiveTTL,burst-load,1788100497.361000,40.000419,cache_hit_ratio_l1,all,0.6930087503745749
2026-08-30_14-34-17-360581_adaptiveTTL,adaptiveTTL,burst-load,1788100498.361000,41.000419,cache_hit_ratio_l1,all,0.7066819388787424
2026-08-30_14-34-17-360581_adaptiveTTL,adaptiveTTL,burst-load,1788100499.361000,42.000419,cache_hit_ratio_l1,all,0.6919753086419754
2026-08-30_14-34-17-360581_adaptiveTTL,adaptiveTTL,burst-load,1788100500.361000,43.000419,cache_hit_ratio_l1,all,0.6868423129691514
2026-08-30_14-34-17-360581_adaptiveTTL,adaptiveTTL,burst-load,1788100501.361000,44.000419,cache_hit_ratio_l1,all,0.6876566529492455
2026-08-30_14-34-17-360581_adaptiveTTL,adaptiveTTL,burst-load,1788100502.361000,45.000419,cache_hit_ratio_l1,all,0.6839522632830412
2026-08-30_14-34-17-360581_adaptiveTTL,adaptiveTTL,burst-load,1788100503.361000,46.000419,cache_hit_ratio_l1,all,0.6833302469135802
2026-08-30_14-34-17-360581_adaptiveTTL,adaptiveTTL,burst-load,1788100504.361000,47.000419,cache_hit_ratio_l1,all,0.6896995919095921
2026-08-30_14-34-17-360581_adaptiveTTL,adaptiveTTL,burst-load,1788100505.361000,48.000419,cache_hit_ratio_l1,all,0.685608400247066
2026-08-30_14-34-17-360581_adaptiveTTL,adaptiveTTL,burst-load,1788100506.361000,49.000419,cache_hit_ratio_l1,all,0.6771604938271605
2026-08-30_14-34-17-360581_adaptiveTTL,adaptiveTTL,burst-load,1788100507.361000,50.000419,cache_hit_ratio_l1,all,0.6779975278121138
2026-08-30_14-34-17-360581_adaptiveTTL,adaptiveTTL,burst-load,1788100508.361000,51.000419,cache_hit_ratio_l1,all,0.6874656728748001
2026-08-30_14-34-17-360581_adaptiveTTL,adaptiveTTL,burst-load,1788100509.361000,52.000419,cache_hit_ratio_l1,all,0.6907407407407407
2026-08-30_14-34-17-360581_adaptiveTTL,adaptiveTTL,burst-load,1788100510.361000,53.000419,cache_hit_ratio_l1,all,0.6880777354872859
2026-08-30_14-34-17-360581_adaptiveTTL,adaptiveTTL,burst-load,1788100511.361000,54.000419,cache_hit_ratio_l1,all,0.6924029131145624
2026-08-30_14-34-17-360581_adaptiveTTL,adaptiveTTL,burst-load,1788100512.361000,55.000419,cache_hit_ratio_l1,all,0.7012344993026959
2026-08-30_14-34-17-360581_adaptiveTTL,adaptiveTTL,burst-load,1788100513.361000,56.000419,cache_hit_ratio_l1,all,0.7022855570391908
2026-08-30_14-34-17-360581_adaptiveTTL,adaptiveTTL,burst-load,1788100514.361000,57.000419,cache_hit_ratio_l1,all,0.7024691358024691
2026-08-30_14-34-17-360581_adaptiveTTL,adaptiveTTL,burst-load,1788100515.361000,58.000419,cache_hit_ratio_l1,all,0.7055553154339854
2026-08-30_14-34-17-360581_adaptiveTTL,adaptiveTTL,burst-load,1788100516.361000,59.000419,cache_hit_ratio_l1,all,0.7024691358024691
2026-08-30_14-34-17-360581_adaptiveTTL,adaptiveTTL,burst-load,1788100517.361000,60.000419,cache_hit_ratio_l1,all,0.7063543181162297
2026-08-30_14-34-17-360581_adaptiveTTL,adaptiveTTL,burst-load,1788100518.361000,61.000419,cache_hit_ratio_l1,all,0.7129629972546107
2026-08-30_14-34-17-360581_adaptiveTTL,adaptiveTTL,burst-load,1788100519.361000,62.000419,cache_hit_ratio_l1,all,0.708641975308642
2026-08-30_14-34-17-360581_adaptiveTTL,adaptiveTTL,burst-load,1788100520.361000,63.000419,cache_hit_ratio_l1,all,0.7030864197530865
2026-08-30_14-34-17-360581_adaptiveTTL,adaptiveTTL,burst-load,1788100521.361000,64.000419,cache_hit_ratio_l1,all,0.6985789478380172
2026-08-30_14-34-17-360581_adaptiveTTL,adaptiveTTL,burst-load,1788100522.361000,65.000419,cache_hit_ratio_l1,all,0.6962962962962963
2026-08-30_14-34-17-360581_adaptiveTTL,adaptiveTTL,burst-load,1788100523.361000,66.000419,cache_hit_ratio_l1,all,0.7006172839506173
2026-08-30_14-34-17-360581_adaptiveTTL,adaptiveTTL,burst-load,1788100524.361000,67.000419,cache_hit_ratio_l1,all,0.7029030265596047
2026-08-30_14-34-17-360581_adaptiveTTL,adaptiveTTL,burst-load,1788100525.361000,68.000419,cache_hit_ratio_l1,all,0.707407201657521
2026-08-30_14-34-17-360581_adaptiveTTL,adaptiveTTL,burst-load,1788100526.361000,69.000419,cache_hit_ratio_l1,all,0.7103153081737438
2026-08-30_14-34-17-360581_adaptiveTTL,adaptiveTTL,burst-load,1788100527.361000,70.000419,cache_hit_ratio_l1,all,0.7092592592592594
2026-08-30_14-34-17-360581_adaptiveTTL,adaptiveTTL,burst-load,1788100528.361000,71.000419,cache_hit_ratio_l1,all,0.7216049382716051
2026-08-30_14-34-17-360581_adaptiveTTL,adaptiveTTL,burst-load,1788100529.361000,72.000419,cache_hit_ratio_l1,all,0.7283951989102276
2026-08-30_14-34-17-360581_adaptiveTTL,adaptiveTTL,burst-load,1788100530.361000,73.000419,cache_hit_ratio_l1,all,0.7234570644566386
2026-08-30_14-34-17-360581_adaptiveTTL,adaptiveTTL,burst-load,1788100531.361000,74.000419,cache_hit_ratio_l1,all,0.7290123456790124
2026-08-30_14-34-17-360581_adaptiveTTL,adaptiveTTL,burst-load,1788100532.361000,75.000419,cache_hit_ratio_l1,all,0.7246913580246914
2026-08-30_14-34-17-360581_adaptiveTTL,adaptiveTTL,burst-load,1788100533.361000,76.000419,cache_hit_ratio_l1,all,0.7246909464791941
2026-08-30_14-34-17-360581_adaptiveTTL,adaptiveTTL,burst-load,1788100534.361000,77.000419,cache_hit_ratio_l1,all,0.7142856063000266
2026-08-30_14-34-17-360581_adaptiveTTL,adaptiveTTL,burst-load,1788100535.361000,78.000419,cache_hit_ratio_l1,all,0.7101167315175098
2026-08-30_14-34-17-360581_adaptiveTTL,adaptiveTTL,burst-load,1788100536.361000,79.000419,cache_hit_ratio_l1,all,0.7065610816953114
2026-08-30_14-34-17-360581_adaptiveTTL,adaptiveTTL,burst-load,1788100537.361000,80.000419,cache_hit_ratio_l1,all,0.7025264873675632
2026-08-30_14-34-17-360581_adaptiveTTL,adaptiveTTL,burst-load,1788100538.361000,81.000419,cache_hit_ratio_l1,all,0.6935329969991509
2026-08-30_14-34-17-360581_adaptiveTTL,adaptiveTTL,burst-load,1788100539.361000,82.000419,cache_hit_ratio_l1,all,0.6990081068017371
2026-08-30_14-34-17-360581_adaptiveTTL,adaptiveTTL,burst-load,1788100540.361000,83.000419,cache_hit_ratio_l1,all,0.6974553449093063
2026-08-30_14-34-17-360581_adaptiveTTL,adaptiveTTL,burst-load,1788100541.361000,84.000419,cache_hit_ratio_l1,all,0.7018739352640545
2026-08-30_14-34-17-360581_adaptiveTTL,adaptiveTTL,burst-load,1788100542.361000,85.000419,cache_hit_ratio_l1,all,0.6838407494145199
2026-08-30_14-34-17-360581_adaptiveTTL,adaptiveTTL,burst-load,1788100543.361000,86.000419,cache_hit_ratio_l1,all,0.7037037037037038
2026-08-30_14-34-17-360581_adaptiveTTL,adaptiveTTL,burst-load,1788100544.361000,87.000419,cache_hit_ratio_l1,all,0.6918918918918919
2026-08-30_14-34-17-360581_adaptiveTTL,adaptiveTTL,burst-load,1788100545.361000,88.000419,cache_hit_ratio_l1,all,0.6777777777777778
2026-08-30_14-34-17-360581_adaptiveTTL,adaptiveTTL,burst-load,1788100546.361000,89.000419,cache_hit_ratio_l1,all,0.6611111111111111
2026-08-30_14-34-17-360581_adaptiveTTL,adaptiveTTL,burst-load,1788100547.361000,90.000419,cache_hit_ratio_l1,all,0.6666641972564854
2026-08-30_14-34-17-360581_adaptiveTTL,adaptiveTTL,burst-load,1788100548.361000,91.000419,cache_hit_ratio_l1,all,0.6555555555555557
2026-08-30_14-34-17-360581_adaptiveTTL,adaptiveTTL,burst-load,1788100549.361000,92.000419,cache_hit_ratio_l1,all,0.6444444444444445
2026-08-30_14-34-17-360581_adaptiveTTL,adaptiveTTL,burst-load,1788100550.361000,93.000419,cache_hit_ratio_l1,all,0.6166666666666668
2026-08-30_14-34-17-360581_adaptiveTTL,adaptiveTTL,burst-load,1788100551.361000,94.000419,cache_hit_ratio_l1,all,0.6111111111111113
2026-08-30_14-34-17-360581_adaptiveTTL,adaptiveTTL,burst-load,1788100552.361000,95.000419,cache_hit_ratio_l1,all,0.6111111111111113
2026-08-30_14-34-17-360581_adaptiveTTL,adaptiveTTL,burst-load,1788100553.361000,96.000419,cache_hit_ratio_l1,all,0.6166669753257896
2026-08-30_14-34-17-360581_adaptiveTTL,adaptiveTTL,burst-load,1788100554.361000,97.000419,cache_hit_ratio_l1,all,0.6333339505829924
2026-08-30_14-34-17-360581_adaptiveTTL,adaptiveTTL,burst-load,1788100555.361000,98.000419,cache_hit_ratio_l1,all,0.6222222222222221
2026-08-30_14-34-17-360581_adaptiveTTL,adaptiveTTL,burst-load,1788100556.361000,99.000419,cache_hit_ratio_l1,all,0.6444438271947855
2026-08-30_14-34-17-360581_adaptiveTTL,adaptiveTTL,burst-load,1788100557.361000,100.000419,cache_hit_ratio_l1,all,0.6611111111111112
2026-08-30_14-34-17-360581_adaptiveTTL,adaptiveTTL,burst-load,1788100558.361000,101.000419,cache_hit_ratio_l1,all,0.6222222222222222
2026-08-30_14-34-17-360581_adaptiveTTL,adaptiveTTL,burst-load,1788100559.361000,102.000419,cache_hit_ratio_l1,all,0.6055555555555556
2026-08-30_14-34-17-360581_adaptiveTTL,adaptiveTTL,burst-load,1788100560.361000,103.000419,cache_hit_ratio_l1,all,0.5999993826817539
2026-08-30_14-34-17-360581_adaptiveTTL,adaptiveTTL,burst-load,1788100561.361000,104.000419,cache_hit_ratio_l1,all,0.5833333333333334
2026-08-30_14-34-17-360581_adaptiveTTL,adaptiveTTL,burst-load,1788100562.361000,105.000419,cache_hit_ratio_l1,all,0.5777814814814813
2026-08-30_14-34-17-360581_adaptiveTTL,adaptiveTTL,burst-load,1788100563.361000,106.000419,cache_hit_ratio_l1,all,0.5888895061385478
2026-08-30_14-34-17-360581_adaptiveTTL,adaptiveTTL,burst-load,1788100564.361000,107.000419,cache_hit_ratio_l1,all,0.5611111111111111
2026-08-30_14-34-17-360581_adaptiveTTL,adaptiveTTL,burst-load,1788100565.361000,108.000419,cache_hit_ratio_l1,all,0.5388873455932737
2026-08-30_14-34-17-360581_adaptiveTTL,adaptiveTTL,burst-load,1788100566.361000,109.000419,cache_hit_ratio_l1,all,0.5222216049039762
2026-08-30_14-34-17-360581_adaptiveTTL,adaptiveTTL,burst-load,1788100567.361000,110.000419,cache_hit_ratio_l1,all,0.5111111111111112
2026-08-30_14-34-17-360581_adaptiveTTL,adaptiveTTL,burst-load,1788100568.361000,111.000419,cache_hit_ratio_l1,all,0.5333333333333333
2026-08-30_14-34-17-360581_adaptiveTTL,adaptiveTTL,burst-load,1788100569.361000,112.000419,cache_hit_ratio_l1,all,0.5277787038580504
2026-08-30_14-34-17-360581_adaptiveTTL,adaptiveTTL,burst-load,1788100570.361000,113.000419,cache_hit_ratio_l1,all,0.5055555555555555
2026-08-30_14-34-17-360581_adaptiveTTL,adaptiveTTL,burst-load,1788100571.361000,114.000419,cache_hit_ratio_l1,all,0.5222259263374942
2026-08-30_14-34-17-360581_adaptiveTTL,adaptiveTTL,burst-load,1788100572.361000,115.000419,cache_hit_ratio_l1,all,0.4944444444444444
2026-08-30_14-34-17-360581_adaptiveTTL,adaptiveTTL,burst-load,1788100573.361000,116.000419,cache_hit_ratio_l1,all,0.5277756169238081
2026-08-30_14-34-17-360581_adaptiveTTL,adaptiveTTL,burst-load,1788100574.361000,117.000419,cache_hit_ratio_l1,all,0.5055555555555555
2026-08-30_14-34-17-360581_adaptiveTTL,adaptiveTTL,burst-load,1788100575.361000,118.000419,cache_hit_ratio_l1,all,0.5
2026-08-30_14-34-17-360581_adaptiveTTL,adaptiveTTL,burst-load,1788100576.361000,119.000419,cache_hit_ratio_l1,all,0.47777530823038405
2026-08-30_14-34-17-360581_adaptiveTTL,adaptiveTTL,burst-load,1788100577.361000,120.000419,cache_hit_ratio_l1,all,0.4222191356309918
2026-08-30_14-34-17-360581_adaptiveTTL,adaptiveTTL,burst-load,1788100578.361000,121.000419,cache_hit_ratio_l1,all,0.42778178990056104
2026-08-30_14-34-17-360581_adaptiveTTL,adaptiveTTL,burst-load,1788100579.361000,122.000419,cache_hit_ratio_l1,all,0.4333333333333334
2026-08-30_14-34-17-360581_adaptiveTTL,adaptiveTTL,burst-load,1788100457.361000,0.000419,cache_hit_ratio_l2,all,0
2026-08-30_14-34-17-360581_adaptiveTTL,adaptiveTTL,burst-load,1788100458.361000,1.000419,cache_hit_ratio_l2,all,0
2026-08-30_14-34-17-360581_adaptiveTTL,adaptiveTTL,burst-load,1788100459.361000,2.000419,cache_hit_ratio_l2,all,0.16666666666666666
2026-08-30_14-34-17-360581_adaptiveTTL,adaptiveTTL,burst-load,1788100460.361000,3.000419,cache_hit_ratio_l2,all,0.10406235123495446
2026-08-30_14-34-17-360581_adaptiveTTL,adaptiveTTL,burst-load,1788100461.361000,4.000419,cache_hit_ratio_l2,all,0.12053160023677112
2026-08-30_14-34-17-360581_adaptiveTTL,adaptiveTTL,burst-load,1788100462.361000,5.000419,cache_hit_ratio_l2,all,0.15253429248092806
2026-08-30_14-34-17-360581_adaptiveTTL,adaptiveTTL,burst-load,1788100463.361000,6.000419,cache_hit_ratio_l2,all,0.1312270963105624
2026-08-30_14-34-17-360581_adaptiveTTL,adaptiveTTL,burst-load,1788100464.361000,7.000419,cache_hit_ratio_l2,all,0.15111530944395782
2026-08-30_14-34-17-360581_adaptiveTTL,adaptiveTTL,burst-load,1788100465.361000,8.000419,cache_hit_ratio_l2,all,0.19473426174479616
2026-08-30_14-34-17-360581_adaptiveTTL,adaptiveTTL,burst-load,1788100466.361000,9.000419,cache_hit_ratio_l2,all,0.21420164136488268
2026-08-30_14-34-17-360581_adaptiveTTL,adaptiveTTL,burst-load,1788100467.361000,10.000419,cache_hit_ratio_l2,all,0.24100006273804678
2026-08-30_14-34-17-360581_adaptiveTTL,adaptiveTTL,burst-load,1788100468.361000,11.000419,cache_hit_ratio_l2,all,0.2555555555555556
2026-08-30_14-34-17-360581_adaptiveTTL,adaptiveTTL,burst-load,1788100469.361000,12.000419,cache_hit_ratio_l2,all,0.2888907406378658
2026-08-30_14-34-17-360581_adaptiveTTL,adaptiveTTL,burst-load,1788100470.361000,13.000419,cache_hit_ratio_l2,all,0.32778055570988507
2026-08-30_14-34-17-360581_adaptiveTTL,adaptiveTTL,burst-load,1788100471.361000,14.000419,cache_hit_ratio_l2,all,0.3555567900548735
2026-08-30_14-34-17-360581_adaptiveTTL,adaptiveTTL,burst-load,1788100472.361000,15.000419,cache_hit_ratio_l2,all,0.4000024691358024
2026-08-30_14-34-17-360581_adaptiveTTL,adaptiveTTL,burst-load,1788100473.361000,16.000419,cache_hit_ratio_l2,all,0.41111111111111104
2026-08-30_14-34-17-360581_adaptiveTTL,adaptiveTTL,burst-load,1788100474.361000,17.000419,cache_hit_ratio_l2,all,0.4111111111111111
2026-08-30_14-34-17-360581_adaptiveTTL,adaptiveTTL,burst-load,1788100475.361000,18.000419,cache_hit_ratio_l2,all,0.4222222222222222
2026-08-30_14-34-17-360581_adaptiveTTL,adaptiveTTL,burst-load,1788100476.361000,19.000419,cache_hit_ratio_l2,all,0.38333117271947204
2026-08-30_14-34-17-360581_adaptiveTTL,adaptiveTTL,burst-load,1788100477.361000,20.000419,cache_hit_ratio_l2,all,0.37222222222222223
2026-08-30_14-34-17-360581_adaptiveTTL,adaptiveTTL,burst-load,1788100478.361000,21.000419,cache_hit_ratio_l2,all,0.349997221759182
2026-08-30_14-34-17-360581_adaptiveTTL,adaptiveTTL,burst-load,1788100479.361000,22.000419,cache_hit_ratio_l2,all,0.33333642026757543
2026-08-30_14-34-17-360581_adaptiveTTL,adaptiveTTL,burst-load,1788100480.361000,23.000419,cache_hit_ratio_l2,all,0.31666666666666665
2026-08-30_14-34-17-360581_adaptiveTTL,adaptiveTTL,burst-load,1788100481.361000,24.000419,cache_hit_ratio_l2,all,0.32222222222222224
2026-08-30_14-34-17-360581_adaptiveTTL,adaptiveTTL,burst-load,1788100482.361000,25.000419,cache_hit_ratio_l2,all,0.32222222222222224
2026-08-30_14-34-17-360581_adaptiveTTL,adaptiveTTL,burst-load,1788100483.361000,26.000419,cache_hit_ratio_l2,all,0.3111111111111111
2026-08-30_14-34-17-360581_adaptiveTTL,adaptiveTTL,burst-load,1788100484.361000,27.000419,cache_hit_ratio_l2,all,0.3111111111111111
2026-08-30_14-34-17-360581_adaptiveTTL,adaptiveTTL,burst-load,1788100485.361000,28.000419,cache_hit_ratio_l2,all,0.3388891975823131
2026-08-30_14-34-17-360581_adaptiveTTL,adaptiveTTL,burst-load,1788100486.361000,29.000419,cache_hit_ratio_l2,all,0.3611114198045353
2026-08-30_14-34-17-360581_adaptiveTTL,adaptiveTTL,burst-load,1788100487.361000,30.000419,cache_hit_ratio_l2,all,0.3722219135630992
2026-08-30_14-34-17-360581_adaptiveTTL,adaptiveTTL,burst-load,1788100488.361000,31.000419,cache_hit_ratio_l2,all,0.3715828082887524
2026-08-30_14-34-17-360581_adaptiveTTL,adaptiveTTL,burst-load,1788100489.361000,32.000419,cache_hit_ratio_l2,all,0.3127393666307474
2026-08-30_14-34-17-360581_adaptiveTTL,adaptiveTTL,burst-load,1788100490.361000,33.000419,cache_hit_ratio_l2,all,0.23430041796133416
2026-08-30_14-34-17-360581_adaptiveTTL,adaptiveTTL,burst-load,1788100491.361000,34.000419,cache_hit_ratio_l2,all,0.22822276316258097
2026-08-30_14-34-17-360581_adaptiveTTL,adaptiveTTL,burst-load,1788100492.361000,35.000419,cache_hit_ratio_l2,all,0.21662125340599456
2026-08-30_14-34-17-360581_adaptiveTTL,adaptiveTTL,burst-load,1788100493.361000,36.000419,cache_hit_ratio_l2,all,0.21476510067114093
2026-08-30_14-34-17-360581_adaptiveTTL,adaptiveTTL,burst-load,1788100494.361000,37.000419,cache_hit_ratio_l2,all,0.22485576188192136
2026-08-30_14-34-17-360581_adaptiveTTL,adaptiveTTL,burst-load,1788100495.361000,38.000419,cache_hit_ratio_l2,all,0.23907666941467443
2026-08-30_14-34-17-360581_adaptiveTTL,adaptiveTTL,burst-load,1788100496.361000,39.000419,cache_hit_ratio_l2,all,0.23871906841339152
2026-08-30_14-34-17-360581_adaptiveTTL,adaptiveTTL,burst-load,1788100497.361000,40.000419,cache_hit_ratio_l2,all,0.23383605416173492
2026-08-30_14-34-17-360581_adaptiveTTL,adaptiveTTL,burst-load,1788100498.361000,41.000419,cache_hit_ratio_l2,all,0.2370058588938093
2026-08-30_14-34-17-360581_adaptiveTTL,adaptiveTTL,burst-load,1788100499.361000,42.000419,cache_hit_ratio_l2,all,0.2592592592592593
2026-08-30_14-34-17-360581_adaptiveTTL,adaptiveTTL,burst-load,1788100500.361000,43.000419,cache_hit_ratio_l2,all,0.26312635593633305
2026-08-30_14-34-17-360581_adaptiveTTL,adaptiveTTL,burst-load,1788100501.361000,44.000419,cache_hit_ratio_l2,all,0.2691337448559671
2026-08-30_14-34-17-360581_adaptiveTTL,adaptiveTTL,burst-load,1788100502.361000,45.000419,cache_hit_ratio_l2,all,0.26851718114425743
2026-08-30_14-34-17-360581_adaptiveTTL,adaptiveTTL,burst-load,1788100503.361000,46.000419,cache_hit_ratio_l2,all,0.25926145404663925
2026-08-30_14-34-17-360581_adaptiveTTL,adaptiveTTL,burst-load,1788100504.361000,47.000419,cache_hit_ratio_l2,all,0.24984437753034322
2026-08-30_14-34-17-360581_adaptiveTTL,adaptiveTTL,burst-load,1788100505.361000,48.000419,cache_hit_ratio_l2,all,0.25386040765904877
2026-08-30_14-34-17-360581_adaptiveTTL,adaptiveTTL,burst-load,1788100506.361000,49.000419,cache_hit_ratio_l2,all,0.2598765432098765
2026-08-30_14-34-17-360581_adaptiveTTL,adaptiveTTL,burst-load,1788100507.361000,50.000419,cache_hit_ratio_l2,all,0.26081582200247216
2026-08-30_14-34-17-360581_adaptiveTTL,adaptiveTTL,burst-load,1788100508.361000,51.000419,cache_hit_ratio_l2,all,0.25509304375436104
2026-08-30_14-34-17-360581_adaptiveTTL,adaptiveTTL,burst-load,1788100509.361000,52.000419,cache_hit_ratio_l2,all,0.2574074074074074
2026-08-30_14-34-17-360581_adaptiveTTL,adaptiveTTL,burst-load,1788100510.361000,53.000419,cache_hit_ratio_l2,all,0.2606550176104619
2026-08-30_14-34-17-360581_adaptiveTTL,adaptiveTTL,burst-load,1788100511.361000,54.000419,cache_hit_ratio_l2,all,0.26559550687062056
2026-08-30_14-34-17-360581_adaptiveTTL,adaptiveTTL,burst-load,1788100512.361000,55.000419,cache_hit_ratio_l2,all,0.26975339511317725
2026-08-30_14-34-17-360581_adaptiveTTL,adaptiveTTL,burst-load,1788100513.361000,56.000419,cache_hit_ratio_l2,all,0.2730076958131309
2026-08-30_14-34-17-360581_adaptiveTTL,adaptiveTTL,burst-load,1788100514.361000,57.000419,cache_hit_ratio_l2,all,0.27469135802469136
2026-08-30_14-34-17-360581_adaptiveTTL,adaptiveTTL,burst-load,1788100515.361000,58.000419,cache_hit_ratio_l2,all,0.2746918039647501
2026-08-30_14-34-17-360581_adaptiveTTL,adaptiveTTL,burst-load,1788100516.361000,59.000419,cache_hit_ratio_l2,all,0.27839506172839507
2026-08-30_14-34-17-360581_adaptiveTTL,adaptiveTTL,burst-load,1788100517.361000,60.000419,cache_hit_ratio_l2,all,0.27575525133686907
2026-08-30_14-34-17-360581_adaptiveTTL,adaptiveTTL,burst-load,1788100518.361000,61.000419,cache_hit_ratio_l2,all,0.2728396433394304
2026-08-30_14-34-17-360581_adaptiveTTL,adaptiveTTL,burst-load,1788100519.361000,62.000419,cache_hit_ratio_l2,all,0.2808641975308642
2026-08-30_14-34-17-360581_adaptiveTTL,adaptiveTTL,burst-load,1788100520.361000,63.000419,cache_hit_ratio_l2,all,0.2870370370370371
2026-08-30_14-34-17-360581_adaptiveTTL,adaptiveTTL,burst-load,1788100521.361000,64.000419,cache_hit_ratio_l2,all,0.2921559705123955
2026-08-30_14-34-17-360581_adaptiveTTL,adaptiveTTL,burst-load,1788100522.361000,65.000419,cache_hit_ratio_l2,all,0.2895061728395062
2026-08-30_14-34-17-360581_adaptiveTTL,adaptiveTTL,burst-load,1788100523.361000,66.000419,cache_hit_ratio_l2,all,0.2808641975308642
2026-08-30_14-34-17-360581_adaptiveTTL,adaptiveTTL,burst-load,1788100524.361000,67.000419,cache_hit_ratio_l2,all,0.2791846819024089
2026-08-30_14-34-17-360581_adaptiveTTL,adaptiveTTL,burst-load,1788100525.361000,68.000419,cache_hit_ratio_l2,all,0.2722221879305745
2026-08-30_14-34-17-360581_adaptiveTTL,adaptiveTTL,burst-load,1788100526.361000,69.000419,cache_hit_ratio_l2,all,0.26991981573335694
2026-08-30_14-34-17-360581_adaptiveTTL,adaptiveTTL,burst-load,1788100527.361000,70.000419,cache_hit_ratio_l2,all,0.2691358024691358
2026-08-30_14-34-17-360581_adaptiveTTL,adaptiveTTL,burst-load,1788100528.361000,71.000419,cache_hit_ratio_l2,all,0.2537037037037037
2026-08-30_14-34-17-360581_adaptiveTTL,adaptiveTTL,burst-load,1788100529.361000,72.000419,cache_hit_ratio_l2,all,0.2456783264365167
2026-08-30_14-34-17-360581_adaptiveTTL,adaptiveTTL,burst-load,1788100530.361000,73.000419,cache_hit_ratio_l2,all,0.24567825792942913
2026-08-30_14-34-17-360581_adaptiveTTL,adaptiveTTL,burst-load,1788100531.361000,74.000419,cache_hit_ratio_l2,all,0.24012345679012348
2026-08-30_14-34-17-360581_adaptiveTTL,adaptiveTTL,burst-load,1788100532.361000,75.000419,cache_hit_ratio_l2,all,0.24753086419753087
2026-08-30_14-34-17-360581_adaptiveTTL,adaptiveTTL,burst-load,1788100533.361000,76.000419,cache_hit_ratio_l2,all,0.24506231141784968
2026-08-30_14-34-17-360581_adaptiveTTL,adaptiveTTL,burst-load,1788100534.361000,77.000419,cache_hit_ratio_l2,all,0.2554114695977438
2026-08-30_14-34-17-360581_adaptiveTTL,adaptiveTTL,burst-load,1788100535.361000,78.000419,cache_hit_ratio_l2,all,0.2587548638132296
2026-08-30_14-34-17-360581_adaptiveTTL,adaptiveTTL,burst-load,1788100536.361000,79.000419,cache_hit_ratio_l2,all,0.2602738815150887
2026-08-30_14-34-17-360581_adaptiveTTL,adaptiveTTL,burst-load,1788100537.361000,80.000419,cache_hit_ratio_l2,all,0.2656886715566422
2026-08-30_14-34-17-360581_adaptiveTTL,adaptiveTTL,burst-load,1788100538.361000,81.000419,cache_hit_ratio_l2,all,0.27085335973355684
2026-08-30_14-34-17-360581_adaptiveTTL,adaptiveTTL,burst-load,1788100539.361000,82.000419,cache_hit_ratio_l2,all,0.26681320539375236
2026-08-30_14-34-17-360581_adaptiveTTL,adaptiveTTL,burst-load,1788100540.361000,83.000419,cache_hit_ratio_l2,all,0.2757709405768111
2026-08-30_14-34-17-360581_adaptiveTTL,adaptiveTTL,burst-load,1788100541.361000,84.000419,cache_hit_ratio_l2,all,0.26916524701873934
2026-08-30_14-34-17-360581_adaptiveTTL,adaptiveTTL,burst-load,1788100542.361000,85.000419,cache_hit_ratio_l2,all,0.28337236533957844
2026-08-30_14-34-17-360581_adaptiveTTL,adaptiveTTL,burst-load,1788100543.361000,86.000419,cache_hit_ratio_l2,all,0.2518518518518519
2026-08-30_14-34-17-360581_adaptiveTTL,adaptiveTTL,burst-load,1788100544.361000,87.000419,cache_hit_ratio_l2,all,0.24324324324324323
2026-08-30_14-34-17-360581_adaptiveTTL,adaptiveTTL,burst-load,1788100545.361000,88.000419,cache_hit_ratio_l2,all,0.2555555555555556
2026-08-30_14-34-17-360581_adaptiveTTL,adaptiveTTL,burst-load,1788100546.361000,89.000419,cache_hit_ratio_l2,all,0.2611111111111111
2026-08-30_14-34-17-360581_adaptiveTTL,adaptiveTTL,burst-load,1788100547.361000,90.000419,cache_hit_ratio_l2,all,0.2388907409465249
2026-08-30_14-34-17-360581_adaptiveTTL,adaptiveTTL,burst-load,1788100548.361000,91.000419,cache_hit_ratio_l2,all,0.25000000000000006
2026-08-30_14-34-17-360581_adaptiveTTL,adaptiveTTL,burst-load,1788100549.361000,92.000419,cache_hit_ratio_l2,all,0.25
2026-08-30_14-34-17-360581_adaptiveTTL,adaptiveTTL,burst-load,1788100550.361000,93.000419,cache_hit_ratio_l2,all,0.27222222222222225
2026-08-30_14-34-17-360581_adaptiveTTL,adaptiveTTL,burst-load,1788100551.361000,94.000419,cache_hit_ratio_l2,all,0.2777777777777778
2026-08-30_14-34-17-360581_adaptiveTTL,adaptiveTTL,burst-load,1788100552.361000,95.000419,cache_hit_ratio_l2,all,0.2888888888888889
2026-08-30_14-34-17-360581_adaptiveTTL,adaptiveTTL,burst-load,1788100553.361000,96.000419,cache_hit_ratio_l2,all,0.28888950620713494
2026-08-30_14-34-17-360581_adaptiveTTL,adaptiveTTL,burst-load,1788100554.361000,97.000419,cache_hit_ratio_l2,all,0.28333364195816285
2026-08-30_14-34-17-360581_adaptiveTTL,adaptiveTTL,burst-load,1788100555.361000,98.000419,cache_hit_ratio_l2,all,0.30000061731824607
2026-08-30_14-34-17-360581_adaptiveTTL,adaptiveTTL,burst-load,1788100556.361000,99.000419,cache_hit_ratio_l2,all,0.2944447530692739
2026-08-30_14-34-17-360581_adaptiveTTL,adaptiveTTL,burst-load,1788100557.361000,100.000419,cache_hit_ratio_l2,all,0.2888888888888889
2026-08-30_14-34-17-360581_adaptiveTTL,adaptiveTTL,burst-load,1788100558.361000,101.000419,cache_hit_ratio_l2,all,0.32222222222222224
2026-08-30_14-34-17-360581_adaptiveTTL,adaptiveTTL,burst-load,1788100559.361000,102.000419,cache_hit_ratio_l2,all,0.3166666666666667
2026-08-30_14-34-17-360581_adaptiveTTL,adaptiveTTL,burst-load,1788100560.361000,103.000419,cache_hit_ratio_l2,all,0.3222234568587143
2026-08-30_14-34-17-360581_adaptiveTTL,adaptiveTTL,burst-load,1788100561.361000,104.000419,cache_hit_ratio_l2,all,0.32777777777777783
2026-08-30_14-34-17-360581_adaptiveTTL,adaptiveTTL,burst-load,1788100562.361000,105.000419,cache_hit_ratio_l2,all,0.3166623456790123
2026-08-30_14-34-17-360581_adaptiveTTL,adaptiveTTL,burst-load,1788100563.361000,106.000419,cache_hit_ratio_l2,all,0.29444290132029705
2026-08-30_14-34-17-360581_adaptiveTTL,adaptiveTTL,burst-load,1788100564.361000,107.000419,cache_hit_ratio_l2,all,0.3055555555555556
2026-08-30_14-34-17-360581_adaptiveTTL,adaptiveTTL,burst-load,1788100565.361000,108.000419,cache_hit_ratio_l2,all,0.32778117302813115
2026-08-30_14-34-17-360581_adaptiveTTL,adaptiveTTL,burst-load,1788100566.361000,109.000419,cache_hit_ratio_l2,all,0.32777993839163905
2026-08-30_14-34-17-360581_adaptiveTTL,adaptiveTTL,burst-load,1788100567.361000,110.000419,cache_hit_ratio_l2,all,0.32222222222222224
2026-08-30_14-34-17-360581_adaptiveTTL,adaptiveTTL,burst-load,1788100568.361000,111.000419,cache_hit_ratio_l2,all,0.3111111111111111
2026-08-30_14-34-17-360581_adaptiveTTL,adaptiveTTL,burst-load,1788100569.361000,112.000419,cache_hit_ratio_l2,all,0.3222209874485253
2026-08-30_14-34-17-360581_adaptiveTTL,adaptiveTTL,burst-load,1788100570.361000,113.000419,cache_hit_ratio_l2,all,0.3444444444444444
2026-08-30_14-34-17-360581_adaptiveTTL,adaptiveTTL,burst-load,1788100571.361000,114.000419,cache_hit_ratio_l2,all,0.33888827153634354
2026-08-30_14-34-17-360581_adaptiveTTL,adaptiveTTL,burst-load,1788100572.361000,115.000419,cache_hit_ratio_l2,all,0.3611111111111111
2026-08-30_14-34-17-360581_adaptiveTTL,adaptiveTTL,burst-load,1788100573.361000,116.000419,cache_hit_ratio_l2,all,0.34444567921814123
2026-08-30_14-34-17-360581_adaptiveTTL,adaptiveTTL,burst-load,1788100574.361000,117.000419,cache_hit_ratio_l2,all,0.33888888888888885
2026-08-30_14-34-17-360581_adaptiveTTL,adaptiveTTL,burst-load,1788100575.361000,118.000419,cache_hit_ratio_l2,all,0.3444444444444444
2026-08-30_14-34-17-360581_adaptiveTTL,adaptiveTTL,burst-load,1788100576.361000,119.000419,cache_hit_ratio_l2,all,0.3777796299383229
2026-08-30_14-34-17-360581_adaptiveTTL,adaptiveTTL,burst-load,1788100577.361000,120.000419,cache_hit_ratio_l2,all,0.42777932107339295
2026-08-30_14-34-17-360581_adaptiveTTL,adaptiveTTL,burst-load,1788100578.361000,121.000419,cache_hit_ratio_l2,all,0.4277750001543124
2026-08-30_14-34-17-360581_adaptiveTTL,adaptiveTTL,burst-load,1788100579.361000,122.000419,cache_hit_ratio_l2,all,0.42777777777777787
2026-08-30_14-34-17-360581_adaptiveTTL,adaptiveTTL,burst-load,1788100457.361000,0.000419,request_duration_p95,all,NaN
2026-08-30_14-34-17-360581_adaptiveTTL,adaptiveTTL,burst-load,1788100458.361000,1.000419,request_duration_p95,all,NaN
2026-08-30_14-34-17-360581_adaptiveTTL,adaptiveTTL,burst-load,1788100459.361000,2.000419,request_duration_p95,all,0.4375
2026-08-30_14-34-17-360581_adaptiveTTL,adaptiveTTL,burst-load,1788100460.361000,3.000419,request_duration_p95,all,0.4452210400602987
2026-08-30_14-34-17-360581_adaptiveTTL,adaptiveTTL,burst-load,1788100461.361000,4.000419,request_duration_p95,all,0.4418736491877876
2026-08-30_14-34-17-360581_adaptiveTTL,adaptiveTTL,burst-load,1788100462.361000,5.000419,request_duration_p95,all,0.4200335373044422
2026-08-30_14-34-17-360581_adaptiveTTL,adaptiveTTL,burst-load,1788100463.361000,6.000419,request_duration_p95,all,0.3992002176113524
2026-08-30_14-34-17-360581_adaptiveTTL,adaptiveTTL,burst-load,1788100464.361000,7.000419,request_duration_p95,all,0.37728996903167766
2026-08-30_14-34-17-360581_adaptiveTTL,adaptiveTTL,burst-load,1788100465.361000,8.000419,request_duration_p95,all,0.35746385330673563
2026-08-30_14-34-17-360581_adaptiveTTL,adaptiveTTL,burst-load,1788100466.361000,9.000419,request_duration_p95,all,0.33663081876760115
2026-08-30_14-34-17-360581_adaptiveTTL,adaptiveTTL,burst-load,1788100467.361000,10.000419,request_duration_p95,all,0.315797485434267
2026-08-30_14-34-17-360581_adaptiveTTL,adaptiveTTL,burst-load,1788100468.361000,11.000419,request_duration_p95,all,0.24973394113004074
2026-08-30_14-34-17-360581_adaptiveTTL,adaptiveTTL,burst-load,1788100469.361000,12.000419,request_duration_p95,all,0.23356350348916372
2026-08-30_14-34-17-360581_adaptiveTTL,adaptiveTTL,burst-load,1788100470.361000,13.000419,request_duration_p95,all,0.21931825930162965
2026-08-30_14-34-17-360581_adaptiveTTL,adaptiveTTL,burst-load,1788100471.361000,14.000419,request_duration_p95,all,0.21519246711735196
2026-08-30_14-34-17-360581_adaptiveTTL,adaptiveTTL,burst-load,1788100472.361000,15.000419,request_duration_p95,all,0.20621017515940676
2026-08-30_14-34-17-360581_adaptiveTTL,adaptiveTTL,burst-load,1788100473.361000,16.000419,request_duration_p95,all,0.20232083116718189
2026-08-30_14-34-17-360581_adaptiveTTL,adaptiveTTL,burst-load,1788100474.361000,17.000419,request_duration_p95,all,0.21051407297753033
2026-08-30_14-34-17-360581_adaptiveTTL,adaptiveTTL,burst-load,1788100475.361000,18.000419,request_duration_p95,all,0.20781250000000007
2026-08-30_14-34-17-360581_adaptiveTTL,adaptiveTTL,burst-load,1788100476.361000,19.000419,request_duration_p95,all,0.21538513644418858
2026-08-30_14-34-17-360581_adaptiveTTL,adaptiveTTL,burst-load,1788100477.361000,20.000419,request_duration_p95,all,0.21725609756097564
2026-08-30_14-34-17-360581_adaptiveTTL,adaptiveTTL,burst-load,1788100478.361000,21.000419,request_duration_p95,all,0.2201667679177347
2026-08-30_14-34-17-360581_adaptiveTTL,adaptiveTTL,burst-load,1788100479.361000,22.000419,request_duration_p95,all,0.22081499681103955
2026-08-30_14-34-17-360581_adaptiveTTL,adaptiveTTL,burst-load,1788100480.361000,23.000419,request_duration_p95,all,0.22382352941176473
2026-08-30_14-34-17-360581_adaptiveTTL,adaptiveTTL,burst-load,1788100481.361000,24.000419,request_duration_p95,all,0.2260267857142857
2026-08-30_14-34-17-360581_adaptiveTTL,adaptiveTTL,burst-load,1788100482.361000,25.000419,request_duration_p95,all,0.22618421052631574
2026-08-30_14-34-17-360581_adaptiveTTL,adaptiveTTL,burst-load,1788100483.361000,26.000419,request_duration_p95,all,0.22374999999999998
2026-08-30_14-34-17-360581_adaptiveTTL,adaptiveTTL,burst-load,1788100484.361000,27.000419,request_duration_p95,all,0.2217187499999999
2026-08-30_14-34-17-360581_adaptiveTTL,adaptiveTTL,burst-load,1788100485.361000,28.000419,request_duration_p95,all,0.21707321535538393
2026-08-30_14-34-17-360581_adaptiveTTL,adaptiveTTL,burst-load,1788100486.361000,29.000419,request_duration_p95,all,0.2167071817139512
2026-08-30_14-34-17-360581_adaptiveTTL,adaptiveTTL,burst-load,1788100487.361000,30.000419,request_duration_p95,all,0.21725579712501625
2026-08-30_14-34-17-360581_adaptiveTTL,adaptiveTTL,burst-load,1788100488.361000,31.000419,request_duration_p95,all,0.21550034166287035
2026-08-30_14-34-17-360581_adaptiveTTL,adaptiveTTL,burst-load,1788100489.361000,32.000419,request_duration_p95,all,0.22942417974992962
2026-08-30_14-34-17-360581_adaptiveTTL,adaptiveTTL,burst-load,1788100490.361000,33.000419,request_duration_p95,all,0.371248364642388
2026-08-30_14-34-17-360581_adaptiveTTL,adaptiveTTL,burst-load,1788100491.361000,34.000419,request_duration_p95,all,0.36533053476720545
2026-08-30_14-34-17-360581_adaptiveTTL,adaptiveTTL,burst-load,1788100492.361000,35.000419,request_duration_p95,all,0.3407894736842105
2026-08-30_14-34-17-360581_adaptiveTTL,adaptiveTTL,burst-load,1788100493.361000,36.000419,request_duration_p95,all,0.3335820895522382
2026-08-30_14-34-17-360581_adaptiveTTL,adaptiveTTL,burst-load,1788100494.361000,37.000419,request_duration_p95,all,0.30905788699893566
2026-08-30_14-34-17-360581_adaptiveTTL,adaptiveTTL,burst-load,1788100495.361000,38.000419,request_duration_p95,all,0.2802536231884049
2026-08-30_14-34-17-360581_adaptiveTTL,adaptiveTTL,burst-load,1788100496.361000,39.000419,request_duration_p95,all,0.25072463768116
2026-08-30_14-34-17-360581_adaptiveTTL,adaptiveTTL,burst-load,1788100497.361000,40.000419,request_duration_p95,all,0.22449998518529485
2026-08-30_14-34-17-360581_adaptiveTTL,adaptiveTTL,burst-load,1788100498.361000,41.000419,request_duration_p95,all,0.18053694497871564
2026-08-30_14-34-17-360581_adaptiveTTL,adaptiveTTL,burst-load,1788100499.361000,42.000419,request_duration_p95,all,0.0009993506493506492
2026-08-30_14-34-17-360581_adaptiveTTL,adaptiveTTL,burst-load,1788100500.361000,43.000419,request_duration_p95,all,0.10319329419802935
2026-08-30_14-34-17-360581_adaptiveTTL,adaptiveTTL,burst-load,1788100501.361000,44.000419,request_duration_p95,all,0.000997223248969497
2026-08-30_14-34-17-360581_adaptiveTTL,adaptiveTTL,burst-load,1788100502.361000,45.000419,request_duration_p95,all,0.0009968219495724983
2026-08-30_14-34-17-360581_adaptiveTTL,adaptiveTTL,burst-load,1788100503.361000,46.000419,request_duration_p95,all,0.11853213567549031
2026-08-30_14-34-17-360581_adaptiveTTL,adaptiveTTL,burst-load,1788100504.361000,47.000419,request_duration_p95,all,0.14615186132533273
2026-08-30_14-34-17-360581_adaptiveTTL,adaptiveTTL,burst-load,1788100505.361000,48.000419,request_duration_p95,all,0.14644230769230707
2026-08-30_14-34-17-360581_adaptiveTTL,adaptiveTTL,burst-load,1788100506.361000,49.000419,request_duration_p95,all,0.1520909090909086
2026-08-30_14-34-17-360581_adaptiveTTL,adaptiveTTL,burst-load,1788100507.361000,50.000419,request_duration_p95,all,0.150277777777778
2026-08-30_14-34-17-360581_adaptiveTTL,adaptiveTTL,burst-load,1788100508.361000,51.000419,request_duration_p95,all,0.14063007637289301
2026-08-30_14-34-17-360581_adaptiveTTL,adaptiveTTL,burst-load,1788100509.361000,52.000419,request_duration_p95,all,0.1102155172413789
2026-08-30_14-34-17-360581_adaptiveTTL,adaptiveTTL,burst-load,1788100510.361000,53.000419,request_duration_p95,all,0.10789875276129571
2026-08-30_14-34-17-360581_adaptiveTTL,adaptiveTTL,burst-load,1788100511.361000,54.000419,request_duration_p95,all,0.0009941294567951517
2026-08-30_14-34-17-360581_adaptiveTTL,adaptiveTTL,burst-load,1788100512.361000,55.000419,request_duration_p95,all,0.0009826540161892703
2026-08-30_14-34-17-360581_adaptiveTTL,adaptiveTTL,burst-load,1788100513.361000,56.000419,request_duration_p95,all,0.0009752853084703398
2026-08-30_14-34-17-360581_adaptiveTTL,adaptiveTTL,burst-load,1788100514.361000,57.000419,request_duration_p95,all,0.0009728192161820482
2026-08-30_14-34-17-360581_adaptiveTTL,adaptiveTTL,burst-load,1788100515.361000,58.000419,request_duration_p95,all,0.0009703527304191073
2026-08-30_14-34-17-360581_adaptiveTTL,adaptiveTTL,burst-load,1788100516.361000,59.000419,request_duration_p95,all,0.000969741813602015
2026-08-30_14-34-17-360581_adaptiveTTL,adaptiveTTL,burst-load,1788100517.361000,60.000419,request_duration_p95,all,0.0009673163222588982
2026-08-30_14-34-17-360581_adaptiveTTL,adaptiveTTL,burst-load,1788100518.361000,61.000419,request_duration_p95,all,0.0009654761221875697
2026-08-30_14-34-17-360581_adaptiveTTL,adaptiveTTL,burst-load,1788100519.361000,62.000419,request_duration_p95,all,0.0009606741573033709
2026-08-30_14-34-17-360581_adaptiveTTL,adaptiveTTL,burst-load,1788100520.361000,63.000419,request_duration_p95,all,0.0009600685785536159
2026-08-30_14-34-17-360581_adaptiveTTL,adaptiveTTL,burst-load,1788100521.361000,64.000419,request_duration_p95,all,0.0009594705375086296
2026-08-30_14-34-17-360581_adaptiveTTL,adaptiveTTL,burst-load,1788100522.361000,65.000419,request_duration_p95,all,0.0009618973074514715
2026-08-30_14-34-17-360581_adaptiveTTL,adaptiveTTL,burst-load,1788100523.361000,66.000419,request_duration_p95,all,0.0009673270440251574
2026-08-30_14-34-17-360581_adaptiveTTL,adaptiveTTL,burst-load,1788100524.361000,67.000419,request_duration_p95,all,0.0009679245283018867
2026-08-30_14-34-17-360581_adaptiveTTL,adaptiveTTL,burst-load,1788100525.361000,68.000419,request_duration_p95,all,0.000969155843792159
2026-08-30_14-34-17-360581_adaptiveTTL,adaptiveTTL,burst-load,1788100526.361000,69.000419,request_duration_p95,all,0.0009691552996132531
2026-08-30_14-34-17-360581_adaptiveTTL,adaptiveTTL,burst-load,1788100527.361000,70.000419,request_duration_p95,all,0.000970378548895899
2026-08-30_14-34-17-360581_adaptiveTTL,adaptiveTTL,burst-load,1788100528.361000,71.000419,request_duration_p95,all,0.0009740506329113923
2026-08-30_14-34-17-360581_adaptiveTTL,adaptiveTTL,burst-load,1788100529.361000,72.000419,request_duration_p95,all,0.0009752857205125511
2026-08-30_14-34-17-360581_adaptiveTTL,adaptiveTTL,burst-load,1788100530.361000,73.000419,request_duration_p95,all,0.0009784399415233894
2026-08-30_14-34-17-360581_adaptiveTTL,adaptiveTTL,burst-load,1788100531.361000,74.000419,request_duration_p95,all,0.000980859872611465
2026-08-30_14-34-17-360581_adaptiveTTL,adaptiveTTL,burst-load,1788100532.361000,75.000419,request_duration_p95,all,0.0009783492063492063
2026-08-30_14-34-17-360581_adaptiveTTL,adaptiveTTL,burst-load,1788100533.361000,76.000419,request_duration_p95,all,0.000978421214641139
2026-08-30_14-34-17-360581_adaptiveTTL,adaptiveTTL,burst-load,1788100534.361000,77.000419,request_duration_p95,all,0.000980293226262026
2026-08-30_14-34-17-360581_adaptiveTTL,adaptiveTTL,burst-load,1788100535.361000,78.000419,request_duration_p95,all,0.0009811579651941098
2026-08-30_14-34-17-360581_adaptiveTTL,adaptiveTTL,burst-load,1788100536.361000,79.000419,request_duration_p95,all,0.000983295938013093
2026-08-30_14-34-17-360581_adaptiveTTL,adaptiveTTL,burst-load,1788100537.361000,80.000419,request_duration_p95,all,0.000981986531986532
2026-08-30_14-34-17-360581_adaptiveTTL,adaptiveTTL,burst-load,1788100538.361000,81.000419,request_duration_p95,all,0.000985082372192149
2026-08-30_14-34-17-360581_adaptiveTTL,adaptiveTTL,burst-load,1788100539.361000,82.000419,request_duration_p95,all,0.0009868721543733056
2026-08-30_14-34-17-360581_adaptiveTTL,adaptiveTTL,burst-load,1788100540.361000,83.000419,request_duration_p95,all,0.0009787482430522701
2026-08-30_14-34-17-360581_adaptiveTTL,adaptiveTTL,burst-load,1788100541.361000,84.000419,request_duration_p95,all,0.0009783333333333332
2026-08-30_14-34-17-360581_adaptiveTTL,adaptiveTTL,burst-load,1788100542.361000,85.000419,request_duration_p95,all,0.0009845036319612592
2026-08-30_14-34-17-360581_adaptiveTTL,adaptiveTTL,burst-load,1788100543.361000,86.000419,request_duration_p95,all,0.0009868217054263566
2026-08-30_14-34-17-360581_adaptiveTTL,adaptiveTTL,burst-load,1788100544.361000,87.000419,request_duration_p95,all,0.13437499999999986
2026-08-30_14-34-17-360581_adaptiveTTL,adaptiveTTL,burst-load,1788100545.361000,88.000419,request_duration_p95,all,0.12795454545454518
2026-08-30_14-34-17-360581_adaptiveTTL,adaptiveTTL,burst-load,1788100546.361000,89.000419,request_duration_p95,all,0.15357142857142864
2026-08-30_14-34-17-360581_adaptiveTTL,adaptiveTTL,burst-load,1788100547.361000,90.000419,request_duration_p95,all,0.16609486338949617
2026-08-30_14-34-17-360581_adaptiveTTL,adaptiveTTL,burst-load,1788100548.361000,91.000419,request_duration_p95,all,0.16609374999999982
2026-08-30_14-34-17-360581_adaptiveTTL,adaptiveTTL,burst-load,1788100549.361000,92.000419,request_duration_p95,all,0.17894736842105263
2026-08-30_14-34-17-360581_adaptiveTTL,adaptiveTTL,burst-load,1788100550.361000,93.000419,request_duration_p95,all,0.1825
2026-08-30_14-34-17-360581_adaptiveTTL,adaptiveTTL,burst-load,1788100551.361000,94.000419,request_duration_p95,all,0.1853571428571429
2026-08-30_14-34-17-360581_adaptiveTTL,adaptiveTTL,burst-load,1788100552.361000,95.000419,request_duration_p95,all,0.18174999999999997
2026-08-30_14-34-17-360581_adaptiveTTL,adaptiveTTL,burst-load,1788100553.361000,96.000419,request_duration_p95,all,0.1660926105979581
2026-08-30_14-34-17-360581_adaptiveTTL,adaptiveTTL,burst-load,1788100554.361000,97.000419,request_duration_p95,all,0.16515509770426223
2026-08-30_14-34-17-360581_adaptiveTTL,adaptiveTTL,burst-load,1788100555.361000,98.000419,request_duration_p95,all,0.15357066321671214
2026-08-30_14-34-17-360581_adaptiveTTL,adaptiveTTL,burst-load,1788100556.361000,99.000419,request_duration_p95,all,0.1272721832230695
2026-08-30_14-34-17-360581_adaptiveTTL,adaptiveTTL,burst-load,1788100557.361000,100.000419,request_duration_p95,all,0.11425000000000027
2026-08-30_14-34-17-360581_adaptiveTTL,adaptiveTTL,burst-load,1788100558.361000,101.000419,request_duration_p95,all,0.10083333333333347
2026-08-30_14-34-17-360581_adaptiveTTL,adaptiveTTL,burst-load,1788100559.361000,102.000419,request_duration_p95,all,0.14673076923076883
2026-08-30_14-34-17-360581_adaptiveTTL,adaptiveTTL,burst-load,1788100560.361000,103.000419,request_duration_p95,all,0.15357066321671214
2026-08-30_14-34-17-360581_adaptiveTTL,adaptiveTTL,burst-load,1788100561.361000,104.000419,request_duration_p95,all,0.16050000000000003
2026-08-30_14-34-17-360581_adaptiveTTL,adaptiveTTL,burst-load,1788100562.361000,105.000419,request_duration_p95,all,0.1754175411414674
2026-08-30_14-34-17-360581_adaptiveTTL,adaptiveTTL,burst-load,1788100563.361000,106.000419,request_duration_p95,all,0.18571479588597534
2026-08-30_14-34-17-360581_adaptiveTTL,adaptiveTTL,burst-load,1788100564.361000,107.000419,request_duration_p95,all,0.19163043478260872
2026-08-30_14-34-17-360581_adaptiveTTL,adaptiveTTL,burst-load,1788100565.361000,108.000419,request_duration_p95,all,0.19569917194111586
2026-08-30_14-34-17-360581_adaptiveTTL,adaptiveTTL,burst-load,1788100566.361000,109.000419,request_duration_p95,all,0.19999948556283548
2026-08-30_14-34-17-360581_adaptiveTTL,adaptiveTTL,burst-load,1788100567.361000,110.000419,request_duration_p95,all,0.20499999999999996
2026-08-30_14-34-17-360581_adaptiveTTL,adaptiveTTL,burst-load,1788100568.361000,111.000419,request_duration_p95,all,0.2002772564514137
2026-08-30_14-34-17-360581_adaptiveTTL,adaptiveTTL,burst-load,1788100569.361000,112.000419,request_duration_p95,all,0.20000010289759626
2026-08-30_14-34-17-360581_adaptiveTTL,adaptiveTTL,burst-load,1788100570.361000,113.000419,request_duration_p95,all,0.20000000000000007
2026-08-30_14-34-17-360581_adaptiveTTL,adaptiveTTL,burst-load,1788100571.361000,114.000419,request_duration_p95,all,0.19944375848870222
2026-08-30_14-34-17-360581_adaptiveTTL,adaptiveTTL,burst-load,1788100572.361000,115.000419,request_duration_p95,all,0.1980769230769231
2026-08-30_14-34-17-360581_adaptiveTTL,adaptiveTTL,burst-load,1788100573.361000,116.000419,request_duration_p95,all,0.193437779269789
2026-08-30_14-34-17-360581_adaptiveTTL,adaptiveTTL,burst-load,1788100574.361000,117.000419,request_duration_p95,all,0.2017857142857143
2026-08-30_14-34-17-360581_adaptiveTTL,adaptiveTTL,burst-load,1788100575.361000,118.000419,request_duration_p95,all,0.19865384615384618
2026-08-30_14-34-17-360581_adaptiveTTL,adaptiveTTL,burst-load,1788100576.361000,119.000419,request_duration_p95,all,0.19972234112611126
2026-08-30_14-34-17-360581_adaptiveTTL,adaptiveTTL,burst-load,1788100577.361000,120.000419,request_duration_p95,all,0.20151809418739847
2026-08-30_14-34-17-360581_adaptiveTTL,adaptiveTTL,burst-load,1788100578.361000,121.000419,request_duration_p95,all,0.19807647931080155
2026-08-30_14-34-17-360581_adaptiveTTL,adaptiveTTL,burst-load,1788100579.361000,122.000419,request_duration_p95,all,0.19778846153846158
2026-08-30_14-34-17-360581_adaptiveTTL,adaptiveTTL,burst-load,1788100457.361000,0.000419,request_duration_p99,all,NaN
2026-08-30_14-34-17-360581_adaptiveTTL,adaptiveTTL,burst-load,1788100458.361000,1.000419,request_duration_p99,all,NaN
2026-08-30_14-34-17-360581_adaptiveTTL,adaptiveTTL,burst-load,1788100459.361000,2.000419,request_duration_p99,all,0.48750000000000004
2026-08-30_14-34-17-360581_adaptiveTTL,adaptiveTTL,burst-load,1788100460.361000,3.000419,request_duration_p99,all,0.4890442080120597
2026-08-30_14-34-17-360581_adaptiveTTL,adaptiveTTL,burst-load,1788100461.361000,4.000419,request_duration_p99,all,0.4883747298375575
2026-08-30_14-34-17-360581_adaptiveTTL,adaptiveTTL,burst-load,1788100462.361000,5.000419,request_duration_p99,all,0.4840067074608885
2026-08-30_14-34-17-360581_adaptiveTTL,adaptiveTTL,burst-load,1788100463.361000,6.000419,request_duration_p99,all,0.4798400435222706
2026-08-30_14-34-17-360581_adaptiveTTL,adaptiveTTL,burst-load,1788100464.361000,7.000419,request_duration_p99,all,0.4754579938063354
2026-08-30_14-34-17-360581_adaptiveTTL,adaptiveTTL,burst-load,1788100465.361000,8.000419,request_duration_p99,all,0.4714927706613472
2026-08-30_14-34-17-360581_adaptiveTTL,adaptiveTTL,burst-load,1788100466.361000,9.000419,request_duration_p99,all,0.46732616375352043
2026-08-30_14-34-17-360581_adaptiveTTL,adaptiveTTL,burst-load,1788100467.361000,10.000419,request_duration_p99,all,0.46315949708685356
2026-08-30_14-34-17-360581_adaptiveTTL,adaptiveTTL,burst-load,1788100468.361000,11.000419,request_duration_p99,all,0.4494444444444447
2026-08-30_14-34-17-360581_adaptiveTTL,adaptiveTTL,burst-load,1788100469.361000,12.000419,request_duration_p99,all,0.3856218577261753
2026-08-30_14-34-17-360581_adaptiveTTL,adaptiveTTL,burst-load,1788100470.361000,13.000419,request_duration_p99,all,0.24386365186032594
2026-08-30_14-34-17-360581_adaptiveTTL,adaptiveTTL,burst-load,1788100471.361000,14.000419,request_duration_p99,all,0.24303849342347036
2026-08-30_14-34-17-360581_adaptiveTTL,adaptiveTTL,burst-load,1788100472.361000,15.000419,request_duration_p99,all,0.24124203503188132
2026-08-30_14-34-17-360581_adaptiveTTL,adaptiveTTL,burst-load,1788100473.361000,16.000419,request_duration_p99,all,0.24046416623343642
2026-08-30_14-34-17-360581_adaptiveTTL,adaptiveTTL,burst-load,1788100474.361000,17.000419,request_duration_p99,all,0.24210281459550612
2026-08-30_14-34-17-360581_adaptiveTTL,adaptiveTTL,burst-load,1788100475.361000,18.000419,request_duration_p99,all,0.24156249999999999
2026-08-30_14-34-17-360581_adaptiveTTL,adaptiveTTL,burst-load,1788100476.361000,19.000419,request_duration_p99,all,0.2430770272888377
2026-08-30_14-34-17-360581_adaptiveTTL,adaptiveTTL,burst-load,1788100477.361000,20.000419,request_duration_p99,all,0.24345121951219514
2026-08-30_14-34-17-360581_adaptiveTTL,adaptiveTTL,burst-load,1788100478.361000,21.000419,request_duration_p99,all,0.2440333535835469
2026-08-30_14-34-17-360581_adaptiveTTL,adaptiveTTL,burst-load,1788100479.361000,22.000419,request_duration_p99,all,0.2441629993622079
2026-08-30_14-34-17-360581_adaptiveTTL,adaptiveTTL,burst-load,1788100480.361000,23.000419,request_duration_p99,all,0.2447647058823529
2026-08-30_14-34-17-360581_adaptiveTTL,adaptiveTTL,burst-load,1788100481.361000,24.000419,request_duration_p99,all,0.24520535714285713
2026-08-30_14-34-17-360581_adaptiveTTL,adaptiveTTL,burst-load,1788100482.361000,25.000419,request_duration_p99,all,0.24523684210526311
2026-08-30_14-34-17-360581_adaptiveTTL,adaptiveTTL,burst-load,1788100483.361000,26.000419,request_duration_p99,all,0.24475
2026-08-30_14-34-17-360581_adaptiveTTL,adaptiveTTL,burst-load,1788100484.361000,27.000419,request_duration_p99,all,0.24434374999999994
2026-08-30_14-34-17-360581_adaptiveTTL,adaptiveTTL,burst-load,1788100485.361000,28.000419,request_duration_p99,all,0.24341464307107682
2026-08-30_14-34-17-360581_adaptiveTTL,adaptiveTTL,burst-load,1788100486.361000,29.000419,request_duration_p99,all,0.24334143634279023
2026-08-30_14-34-17-360581_adaptiveTTL,adaptiveTTL,burst-load,1788100487.361000,30.000419,request_duration_p99,all,0.24345115942500328
2026-08-30_14-34-17-360581_adaptiveTTL,adaptiveTTL,burst-load,1788100488.361000,31.000419,request_duration_p99,all,0.24310006833257403
2026-08-30_14-34-17-360581_adaptiveTTL,adaptiveTTL,burst-load,1788100489.361000,32.000419,request_duration_p99,all,0.4117897217769461
2026-08-30_14-34-17-360581_adaptiveTTL,adaptiveTTL,burst-load,1788100490.361000,33.000419,request_duration_p99,all,0.47424967292847753
2026-08-30_14-34-17-360581_adaptiveTTL,adaptiveTTL,burst-load,1788100491.361000,34.000419,request_duration_p99,all,0.47306610695344103
2026-08-30_14-34-17-360581_adaptiveTTL,adaptiveTTL,burst-load,1788100492.361000,35.000419,request_duration_p99,all,0.4681578947368419
2026-08-30_14-34-17-360581_adaptiveTTL,adaptiveTTL,burst-load,1788100493.361000,36.000419,request_duration_p99,all,0.4667164179104477
2026-08-30_14-34-17-360581_adaptiveTTL,adaptiveTTL,burst-load,1788100494.361000,37.000419,request_duration_p99,all,0.46181157739978707
2026-08-30_14-34-17-360581_adaptiveTTL,adaptiveTTL,burst-load,1788100495.361000,38.000419,request_duration_p99,all,0.4560507246376806
2026-08-30_14-34-17-360581_adaptiveTTL,adaptiveTTL,burst-load,1788100496.361000,39.000419,request_duration_p99,all,0.4501449275362316
2026-08-30_14-34-17-360581_adaptiveTTL,adaptiveTTL,burst-load,1788100497.361000,40.000419,request_duration_p99,all,0.4444564506752851
2026-08-30_14-34-17-360581_adaptiveTTL,adaptiveTTL,burst-load,1788100498.361000,41.000419,request_duration_p99,all,0.43431476725492923
2026-08-30_14-34-17-360581_adaptiveTTL,adaptiveTTL,burst-load,1788100499.361000,42.000419,request_duration_p99,all,0.3808823529411755
2026-08-30_14-34-17-360581_adaptiveTTL,adaptiveTTL,burst-load,1788100500.361000,43.000419,request_duration_p99,all,0.3842873832888337
2026-08-30_14-34-17-360581_adaptiveTTL,adaptiveTTL,burst-load,1788100501.361000,44.000419,request_duration_p99,all,0.36886491126826837
2026-08-30_14-34-17-360581_adaptiveTTL,adaptiveTTL,burst-load,1788100502.361000,45.000419,request_duration_p99,all,0.33819820230211983
2026-08-30_14-34-17-360581_adaptiveTTL,adaptiveTTL,burst-load,1788100503.361000,46.000419,request_duration_p99,all,0.3879173893988298
2026-08-30_14-34-17-360581_adaptiveTTL,adaptiveTTL,burst-load,1788100504.361000,47.000419,request_duration_p99,all,0.4099987776932731
2026-08-30_14-34-17-360581_adaptiveTTL,adaptiveTTL,burst-load,1788100505.361000,48.000419,request_duration_p99,all,0.4101111111111109
2026-08-30_14-34-17-360581_adaptiveTTL,adaptiveTTL,burst-load,1788100506.361000,49.000419,request_duration_p99,all,0.4101111111111116
2026-08-30_14-34-17-360581_adaptiveTTL,adaptiveTTL,burst-load,1788100507.361000,50.000419,request_duration_p99,all,0.4101111111111114
2026-08-30_14-34-17-360581_adaptiveTTL,adaptiveTTL,burst-load,1788100508.361000,51.000419,request_duration_p99,all,0.40109299022610595
2026-08-30_14-34-17-360581_adaptiveTTL,adaptiveTTL,burst-load,1788100509.361000,52.000419,request_duration_p99,all,0.3499074074074075
2026-08-30_14-34-17-360581_adaptiveTTL,adaptiveTTL,burst-load,1788100510.361000,53.000419,request_duration_p99,all,0.3500043424036729
2026-08-30_14-34-17-360581_adaptiveTTL,adaptiveTTL,burst-load,1788100511.361000,54.000419,request_duration_p99,all,0.32369947377830965
2026-08-30_14-34-17-360581_adaptiveTTL,adaptiveTTL,burst-load,1788100512.361000,55.000419,request_duration_p99,all,0.22819571375037145
2026-08-30_14-34-17-360581_adaptiveTTL,adaptiveTTL,burst-load,1788100513.361000,56.000419,request_duration_p99,all,0.19300052508459686
2026-08-30_14-34-17-360581_adaptiveTTL,adaptiveTTL,burst-load,1788100514.361000,57.000419,request_duration_p99,all,0.18666666666666704
2026-08-30_14-34-17-360581_adaptiveTTL,adaptiveTTL,burst-load,1788100515.361000,58.000419,request_duration_p99,all,0.17870236664605915
2026-08-30_14-34-17-360581_adaptiveTTL,adaptiveTTL,burst-load,1788100516.361000,59.000419,request_duration_p99,all,0.17640322580645174
2026-08-30_14-34-17-360581_adaptiveTTL,adaptiveTTL,burst-load,1788100517.361000,60.000419,request_duration_p99,all,0.16321531892265184
2026-08-30_14-34-17-360581_adaptiveTTL,adaptiveTTL,burst-load,1788100518.361000,61.000419,request_duration_p99,all,0.15267934456537732
2026-08-30_14-34-17-360581_adaptiveTTL,adaptiveTTL,burst-load,1788100519.361000,62.000419,request_duration_p99,all,0.10705882352940847
2026-08-30_14-34-17-360581_adaptiveTTL,adaptiveTTL,burst-load,1788100520.361000,63.000419,request_duration_p99,all,0.10697058823529382
2026-08-30_14-34-17-360581_adaptiveTTL,adaptiveTTL,burst-load,1788100521.361000,64.000419,request_duration_p99,all,0.0009998692969826774
2026-08-30_14-34-17-360581_adaptiveTTL,adaptiveTTL,burst-load,1788100522.361000,65.000419,request_duration_p99,all,0.13023684210526254
2026-08-30_14-34-17-360581_adaptiveTTL,adaptiveTTL,burst-load,1788100523.361000,66.000419,request_duration_p99,all,0.19150000000000156
2026-08-30_14-34-17-360581_adaptiveTTL,adaptiveTTL,burst-load,1788100524.361000,67.000419,request_duration_p99,all,0.19409090909090781
2026-08-30_14-34-17-360581_adaptiveTTL,adaptiveTTL,burst-load,1788100525.361000,68.000419,request_duration_p99,all,0.19881321436011484
2026-08-30_14-34-17-360581_adaptiveTTL,adaptiveTTL,burst-load,1788100526.361000,69.000419,request_duration_p99,all,0.19881131153840734
2026-08-30_14-34-17-360581_adaptiveTTL,adaptiveTTL,burst-load,1788100527.361000,70.000419,request_duration_p99,all,0.20275000000000115
2026-08-30_14-34-17-360581_adaptiveTTL,adaptiveTTL,burst-load,1788100528.361000,71.000419,request_duration_p99,all,0.21156249999999927
2026-08-30_14-34-17-360581_adaptiveTTL,adaptiveTTL,burst-load,1788100529.361000,72.000419,request_duration_p99,all,0.2138244752296648
2026-08-30_14-34-17-360581_adaptiveTTL,adaptiveTTL,burst-load,1788100530.361000,73.000419,request_duration_p99,all,0.2185775070792465
2026-08-30_14-34-17-360581_adaptiveTTL,adaptiveTTL,burst-load,1788100531.361000,74.000419,request_duration_p99,all,0.22728048780487806
2026-08-30_14-34-17-360581_adaptiveTTL,adaptiveTTL,burst-load,1788100532.361000,75.000419,request_duration_p99,all,0.20737209302325646
2026-08-30_14-34-17-360581_adaptiveTTL,adaptiveTTL,burst-load,1788100533.361000,76.000419,request_duration_p99,all,0.20751135341726656
2026-08-30_14-34-17-360581_adaptiveTTL,adaptiveTTL,burst-load,1788100534.361000,77.000419,request_duration_p99,all,0.2102824131892026
2026-08-30_14-34-17-360581_adaptiveTTL,adaptiveTTL,burst-load,1788100535.361000,78.000419,request_duration_p99,all,0.21190000000000053
2026-08-30_14-34-17-360581_adaptiveTTL,adaptiveTTL,burst-load,1788100536.361000,79.000419,request_duration_p99,all,0.21553474228509062
2026-08-30_14-34-17-360581_adaptiveTTL,adaptiveTTL,burst-load,1788100537.361000,80.000419,request_duration_p99,all,0.21550000000000047
2026-08-30_14-34-17-360581_adaptiveTTL,adaptiveTTL,burst-load,1788100538.361000,81.000419,request_duration_p99,all,0.22057339475025844
2026-08-30_14-34-17-360581_adaptiveTTL,adaptiveTTL,burst-load,1788100539.361000,82.000419,request_duration_p99,all,0.2244999555483112
2026-08-30_14-34-17-360581_adaptiveTTL,adaptiveTTL,burst-load,1788100540.361000,83.000419,request_duration_p99,all,0.20364254000677362
2026-08-30_14-34-17-360581_adaptiveTTL,adaptiveTTL,burst-load,1788100541.361000,84.000419,request_duration_p99,all,0.19820588235294143
2026-08-30_14-34-17-360581_adaptiveTTL,adaptiveTTL,burst-load,1788100542.361000,85.000419,request_duration_p99,all,0.20719999999999988
2026-08-30_14-34-17-360581_adaptiveTTL,adaptiveTTL,burst-load,1788100543.361000,86.000419,request_duration_p99,all,0.20980000000000004
2026-08-30_14-34-17-360581_adaptiveTTL,adaptiveTTL,burst-load,1788100544.361000,87.000419,request_duration_p99,all,0.22687499999999997
2026-08-30_14-34-17-360581_adaptiveTTL,adaptiveTTL,burst-load,1788100545.361000,88.000419,request_duration_p99,all,0.22559090909090895
2026-08-30_14-34-17-360581_adaptiveTTL,adaptiveTTL,burst-load,1788100546.361000,89.000419,request_duration_p99,all,0.23071428571428565
2026-08-30_14-34-17-360581_adaptiveTTL,adaptiveTTL,burst-load,1788100547.361000,90.000419,request_duration_p99,all,0.23321897267789912
2026-08-30_14-34-17-360581_adaptiveTTL,adaptiveTTL,burst-load,1788100548.361000,91.000419,request_duration_p99,all,0.23321875000000009
2026-08-30_14-34-17-360581_adaptiveTTL,adaptiveTTL,burst-load,1788100549.361000,92.000419,request_duration_p99,all,0.23578947368421058
2026-08-30_14-34-17-360581_adaptiveTTL,adaptiveTTL,burst-load,1788100550.361000,93.000419,request_duration_p99,all,0.23650000000000004
2026-08-30_14-34-17-360581_adaptiveTTL,adaptiveTTL,burst-load,1788100551.361000,94.000419,request_duration_p99,all,0.23707142857142863
2026-08-30_14-34-17-360581_adaptiveTTL,adaptiveTTL,burst-load,1788100552.361000,95.000419,request_duration_p99,all,0.23635000000000003
2026-08-30_14-34-17-360581_adaptiveTTL,adaptiveTTL,burst-load,1788100553.361000,96.000419,request_duration_p99,all,0.23321852211959174
2026-08-30_14-34-17-360581_adaptiveTTL,adaptiveTTL,burst-load,1788100554.361000,97.000419,request_duration_p99,all,0.2330310195408524
2026-08-30_14-34-17-360581_adaptiveTTL,adaptiveTTL,burst-load,1788100555.361000,98.000419,request_duration_p99,all,0.23071413264334242
2026-08-30_14-34-17-360581_adaptiveTTL,adaptiveTTL,burst-load,1788100556.361000,99.000419,request_duration_p99,all,0.2254544366446139
2026-08-30_14-34-17-360581_adaptiveTTL,adaptiveTTL,burst-load,1788100557.361000,100.000419,request_duration_p99,all,0.22285000000000016
2026-08-30_14-34-17-360581_adaptiveTTL,adaptiveTTL,burst-load,1788100558.361000,101.000419,request_duration_p99,all,0.2201666666666668
2026-08-30_14-34-17-360581_adaptiveTTL,adaptiveTTL,burst-load,1788100559.361000,102.000419,request_duration_p99,all,0.22934615384615392
2026-08-30_14-34-17-360581_adaptiveTTL,adaptiveTTL,burst-load,1788100560.361000,103.000419,request_duration_p99,all,0.23071413264334242
2026-08-30_14-34-17-360581_adaptiveTTL,adaptiveTTL,burst-load,1788100561.361000,104.000419,request_duration_p99,all,0.2321000000000001
2026-08-30_14-34-17-360581_adaptiveTTL,adaptiveTTL,burst-load,1788100562.361000,105.000419,request_duration_p99,all,0.23508350822829338
2026-08-30_14-34-17-360581_adaptiveTTL,adaptiveTTL,burst-load,1788100563.361000,106.000419,request_duration_p99,all,0.23714295917719516
2026-08-30_14-34-17-360581_adaptiveTTL,adaptiveTTL,burst-load,1788100564.361000,107.000419,request_duration_p99,all,0.23832608695652177
2026-08-30_14-34-17-360581_adaptiveTTL,adaptiveTTL,burst-load,1788100565.361000,108.000419,request_duration_p99,all,0.23913983438822317
2026-08-30_14-34-17-360581_adaptiveTTL,adaptiveTTL,burst-load,1788100566.361000,109.000419,request_duration_p99,all,0.23999989711256708
2026-08-30_14-34-17-360581_adaptiveTTL,adaptiveTTL,burst-load,1788100567.361000,110.000419,request_duration_p99,all,0.24100000000000002
2026-08-30_14-34-17-360581_adaptiveTTL,adaptiveTTL,burst-load,1788100568.361000,111.000419,request_duration_p99,all,0.2400554512902828
2026-08-30_14-34-17-360581_adaptiveTTL,adaptiveTTL,burst-load,1788100569.361000,112.000419,request_duration_p99,all,0.24000002057951933
2026-08-30_14-34-17-360581_adaptiveTTL,adaptiveTTL,burst-load,1788100570.361000,113.000419,request_duration_p99,all,0.23999999999999996
2026-08-30_14-34-17-360581_adaptiveTTL,adaptiveTTL,burst-load,1788100571.361000,114.000419,request_duration_p99,all,0.2398887516977404
2026-08-30_14-34-17-360581_adaptiveTTL,adaptiveTTL,burst-load,1788100572.361000,115.000419,request_duration_p99,all,0.2396153846153846
2026-08-30_14-34-17-360581_adaptiveTTL,adaptiveTTL,burst-load,1788100573.361000,116.000419,request_duration_p99,all,0.23868755585395782
2026-08-30_14-34-17-360581_adaptiveTTL,adaptiveTTL,burst-load,1788100574.361000,117.000419,request_duration_p99,all,0.24035714285714282
2026-08-30_14-34-17-360581_adaptiveTTL,adaptiveTTL,burst-load,1788100575.361000,118.000419,request_duration_p99,all,0.23973076923076916
2026-08-30_14-34-17-360581_adaptiveTTL,adaptiveTTL,burst-load,1788100576.361000,119.000419,request_duration_p99,all,0.23994446822522225
2026-08-30_14-34-17-360581_adaptiveTTL,adaptiveTTL,burst-load,1788100577.361000,120.000419,request_duration_p99,all,0.24030361883747978
2026-08-30_14-34-17-360581_adaptiveTTL,adaptiveTTL,burst-load,1788100578.361000,121.000419,request_duration_p99,all,0.23961529586216038
2026-08-30_14-34-17-360581_adaptiveTTL,adaptiveTTL,burst-load,1788100579.361000,122.000419,request_duration_p99,all,0.23955769230769236
2026-08-30_14-34-17-360581_adaptiveTTL,adaptiveTTL,burst-load,1788100457.361000,0.000419,adaptive_ttl_factor,all,1
2026-08-30_14-34-17-360581_adaptiveTTL,adaptiveTTL,burst-load,1788100458.361000,1.000419,adaptive_ttl_factor,all,1
2026-08-30_14-34-17-360581_adaptiveTTL,adaptiveTTL,burst-load,1788100459.361000,2.000419,adaptive_ttl_factor,all,1
2026-08-30_14-34-17-360581_adaptiveTTL,adaptiveTTL,burst-load,1788100460.361000,3.000419,adaptive_ttl_factor,all,0.9
2026-08-30_14-34-17-360581_adaptiveTTL,adaptiveTTL,burst-load,1788100461.361000,4.000419,adaptive_ttl_factor,all,0.8
2026-08-30_14-34-17-360581_adaptiveTTL,adaptiveTTL,burst-load,1788100462.361000,5.000419,adaptive_ttl_factor,all,0.8
2026-08-30_14-34-17-360581_adaptiveTTL,adaptiveTTL,burst-load,1788100463.361000,6.000419,adaptive_ttl_factor,all,0.8
2026-08-30_14-34-17-360581_adaptiveTTL,adaptiveTTL,burst-load,1788100464.361000,7.000419,adaptive_ttl_factor,all,0.8
2026-08-30_14-34-17-360581_adaptiveTTL,adaptiveTTL,burst-load,1788100465.361000,8.000419,adaptive_ttl_factor,all,0.8
2026-08-30_14-34-17-360581_adaptiveTTL,adaptiveTTL,burst-load,1788100466.361000,9.000419,adaptive_ttl_factor,all,0.8
2026-08-30_14-34-17-360581_adaptiveTTL,adaptiveTTL,burst-load,1788100467.361000,10.000419,adaptive_ttl_factor,all,0.8
2026-08-30_14-34-17-360581_adaptiveTTL,adaptiveTTL,burst-load,1788100468.361000,11.000419,adaptive_ttl_factor,all,0.8
2026-08-30_14-34-17-360581_adaptiveTTL,adaptiveTTL,burst-load,1788100469.361000,12.000419,adaptive_ttl_factor,all,0.8
2026-08-30_14-34-17-360581_adaptiveTTL,adaptiveTTL,burst-load,1788100470.361000,13.000419,adaptive_ttl_factor,all,0.8
2026-08-30_14-34-17-360581_adaptiveTTL,adaptiveTTL,burst-load,1788100471.361000,14.000419,adaptive_ttl_factor,all,0.8
2026-08-30_14-34-17-360581_adaptiveTTL,adaptiveTTL,burst-load,1788100472.361000,15.000419,adaptive_ttl_factor,all,0.8
2026-08-30_14-34-17-360581_adaptiveTTL,adaptiveTTL,burst-load,1788100473.361000,16.000419,adaptive_ttl_factor,all,0.8
2026-08-30_14-34-17-360581_adaptiveTTL,adaptiveTTL,burst-load,1788100474.361000,17.000419,adaptive_ttl_factor,all,0.8
2026-08-30_14-34-17-360581_adaptiveTTL,adaptiveTTL,burst-load,1788100475.361000,18.000419,adaptive_ttl_factor,all,0.8
2026-08-30_14-34-17-360581_adaptiveTTL,adaptiveTTL,burst-load,1788100476.361000,19.000419,adaptive_ttl_factor,all,0.8
2026-08-30_14-34-17-360581_adaptiveTTL,adaptiveTTL,burst-load,1788100477.361000,20.000419,adaptive_ttl_factor,all,0.8
2026-08-30_14-34-17-360581_adaptiveTTL,adaptiveTTL,burst-load,1788100478.361000,21.000419,adaptive_ttl_factor,all,0.8
2026-08-30_14-34-17-360581_adaptiveTTL,adaptiveTTL,burst-load,1788100479.361000,22.000419,adaptive_ttl_factor,all,0.8
2026-08-30_14-34-17-360581_adaptiveTTL,adaptiveTTL,burst-load,1788100480.361000,23.000419,adaptive_ttl_factor,all,0.8
2026-08-30_14-34-17-360581_adaptiveTTL,adaptiveTTL,burst-load,1788100481.361000,24.000419,adaptive_ttl_factor,all,0.8
2026-08-30_14-34-17-360581_adaptiveTTL,adaptiveTTL,burst-load,1788100482.361000,25.000419,adaptive_ttl_factor,all,0.8
2026-08-30_14-34-17-360581_adaptiveTTL,adaptiveTTL,burst-load,1788100483.361000,26.000419,adaptive_ttl_factor,all,0.8
2026-08-30_14-34-17-360581_adaptiveTTL,adaptiveTTL,burst-load,1788100484.361000,27.000419,adaptive_ttl_factor,all,0.8
2026-08-30_14-34-17-360581_adaptiveTTL,adaptiveTTL,burst-load,1788100485.361000,28.000419,adaptive_ttl_factor,all,0.8
2026-08-30_14-34-17-360581_adaptiveTTL,adaptiveTTL,burst-load,1788100486.361000,29.000419,adaptive_ttl_factor,all,0.8
2026-08-30_14-34-17-360581_adaptiveTTL,adaptiveTTL,burst-load,1788100487.361000,30.000419,adaptive_ttl_factor,all,0.8
2026-08-30_14-34-17-360581_adaptiveTTL,adaptiveTTL,burst-load,1788100488.361000,31.000419,adaptive_ttl_factor,all,0.8
2026-08-30_14-34-17-360581_adaptiveTTL,adaptiveTTL,burst-load,1788100489.361000,32.000419,adaptive_ttl_factor,all,0.8
2026-08-30_14-34-17-360581_adaptiveTTL,adaptiveTTL,burst-load,1788100490.361000,33.000419,adaptive_ttl_factor,all,0.925
2026-08-30_14-34-17-360581_adaptiveTTL,adaptiveTTL,burst-load,1788100491.361000,34.000419,adaptive_ttl_factor,all,0.925
2026-08-30_14-34-17-360581_adaptiveTTL,adaptiveTTL,burst-load,1788100492.361000,35.000419,adaptive_ttl_factor,all,1
2026-08-30_14-34-17-360581_adaptiveTTL,adaptiveTTL,burst-load,1788100493.361000,36.000419,adaptive_ttl_factor,all,1.125
2026-08-30_14-34-17-360581_adaptiveTTL,adaptiveTTL,burst-load,1788100494.361000,37.000419,adaptive_ttl_factor,all,1.2
2026-08-30_14-34-17-360581_adaptiveTTL,adaptiveTTL,burst-load,1788100495.361000,38.000419,adaptive_ttl_factor,all,1.275
2026-08-30_14-34-17-360581_adaptiveTTL,adaptiveTTL,burst-load,1788100496.361000,39.000419,adaptive_ttl_factor,all,1.3499999999999999
2026-08-30_14-34-17-360581_adaptiveTTL,adaptiveTTL,burst-load,1788100497.361000,40.000419,adaptive_ttl_factor,all,1.4249999999999998
2026-08-30_14-34-17-360581_adaptiveTTL,adaptiveTTL,burst-load,1788100498.361000,41.000419,adaptive_ttl_factor,all,1.4999999999999998
2026-08-30_14-34-17-360581_adaptiveTTL,adaptiveTTL,burst-load,1788100499.361000,42.000419,adaptive_ttl_factor,all,1.5749999999999997
2026-08-30_14-34-17-360581_adaptiveTTL,adaptiveTTL,burst-load,1788100500.361000,43.000419,adaptive_ttl_factor,all,1.6499999999999997
2026-08-30_14-34-17-360581_adaptiveTTL,adaptiveTTL,burst-load,1788100501.361000,44.000419,adaptive_ttl_factor,all,1.7249999999999996
2026-08-30_14-34-17-360581_adaptiveTTL,adaptiveTTL,burst-load,1788100502.361000,45.000419,adaptive_ttl_factor,all,1.7999999999999996
2026-08-30_14-34-17-360581_adaptiveTTL,adaptiveTTL,burst-load,1788100503.361000,46.000419,adaptive_ttl_factor,all,1.8749999999999996
2026-08-30_14-34-17-360581_adaptiveTTL,adaptiveTTL,burst-load,1788100504.361000,47.000419,adaptive_ttl_factor,all,1.9499999999999997
2026-08-30_14-34-17-360581_adaptiveTTL,adaptiveTTL,burst-load,1788100505.361000,48.000419,adaptive_ttl_factor,all,2.0249999999999995
2026-08-30_14-34-17-360581_adaptiveTTL,adaptiveTTL,burst-load,1788100506.361000,49.000419,adaptive_ttl_factor,all,2.0999999999999996
2026-08-30_14-34-17-360581_adaptiveTTL,adaptiveTTL,burst-load,1788100507.361000,50.000419,adaptive_ttl_factor,all,2.175
2026-08-30_14-34-17-360581_adaptiveTTL,adaptiveTTL,burst-load,1788100508.361000,51.000419,adaptive_ttl_factor,all,2.2499999999999996
2026-08-30_14-34-17-360581_adaptiveTTL,adaptiveTTL,burst-load,1788100509.361000,52.000419,adaptive_ttl_factor,all,2.3249999999999993
2026-08-30_14-34-17-360581_adaptiveTTL,adaptiveTTL,burst-load,1788100510.361000,53.000419,adaptive_ttl_factor,all,2.375
2026-08-30_14-34-17-360581_adaptiveTTL,adaptiveTTL,burst-load,1788100511.361000,54.000419,adaptive_ttl_factor,all,2.4499999999999997
2026-08-30_14-34-17-360581_adaptiveTTL,adaptiveTTL,burst-load,1788100512.361000,55.000419,adaptive_ttl_factor,all,2.4499999999999997
2026-08-30_14-34-17-360581_adaptiveTTL,adaptiveTTL,burst-load,1788100513.361000,56.000419,adaptive_ttl_factor,all,2.5
2026-08-30_14-34-17-360581_adaptiveTTL,adaptiveTTL,burst-load,1788100514.361000,57.000419,adaptive_ttl_factor,all,2.5
2026-08-30_14-34-17-360581_adaptiveTTL,adaptiveTTL,burst-load,1788100515.361000,58.000419,adaptive_ttl_factor,all,2.5
2026-08-30_14-34-17-360581_adaptiveTTL,adaptiveTTL,burst-load,1788100516.361000,59.000419,adaptive_ttl_factor,all,2.5
2026-08-30_14-34-17-360581_adaptiveTTL,adaptiveTTL,burst-load,1788100517.361000,60.000419,adaptive_ttl_factor,all,2.5
2026-08-30_14-34-17-360581_adaptiveTTL,adaptiveTTL,burst-load,1788100518.361000,61.000419,adaptive_ttl_factor,all,2.5
2026-08-30_14-34-17-360581_adaptiveTTL,adaptiveTTL,burst-load,1788100519.361000,62.000419,adaptive_ttl_factor,all,2.5
2026-08-30_14-34-17-360581_adaptiveTTL,adaptiveTTL,burst-load,1788100520.361000,63.000419,adaptive_ttl_factor,all,2.5
2026-08-30_14-34-17-360581_adaptiveTTL,adaptiveTTL,burst-load,1788100521.361000,64.000419,adaptive_ttl_factor,all,2.5
2026-08-30_14-34-17-360581_adaptiveTTL,adaptiveTTL,burst-load,1788100522.361000,65.000419,adaptive_ttl_factor,all,2.4
2026-08-30_14-34-17-360581_adaptiveTTL,adaptiveTTL,burst-load,1788100523.361000,66.000419,adaptive_ttl_factor,all,2.3
2026-08-30_14-34-17-360581_adaptiveTTL,adaptiveTTL,burst-load,1788100524.361000,67.000419,adaptive_ttl_factor,all,2.375
2026-08-30_14-34-17-360581_adaptiveTTL,adaptiveTTL,burst-load,1788100525.361000,68.000419,adaptive_ttl_factor,all,2.375
2026-08-30_14-34-17-360581_adaptiveTTL,adaptiveTTL,burst-load,1788100526.361000,69.000419,adaptive_ttl_factor,all,2.4
2026-08-30_14-34-17-360581_adaptiveTTL,adaptiveTTL,burst-load,1788100527.361000,70.000419,adaptive_ttl_factor,all,2.4749999999999996
2026-08-30_14-34-17-360581_adaptiveTTL,adaptiveTTL,burst-load,1788100528.361000,71.000419,adaptive_ttl_factor,all,2.4749999999999996
2026-08-30_14-34-17-360581_adaptiveTTL,adaptiveTTL,burst-load,1788100529.361000,72.000419,adaptive_ttl_factor,all,2.5
2026-08-30_14-34-17-360581_adaptiveTTL,adaptiveTTL,burst-load,1788100530.361000,73.000419,adaptive_ttl_factor,all,2.5
2026-08-30_14-34-17-360581_adaptiveTTL,adaptiveTTL,burst-load,1788100531.361000,74.000419,adaptive_ttl_factor,all,2.5
2026-08-30_14-34-17-360581_adaptiveTTL,adaptiveTTL,burst-load,1788100532.361000,75.000419,adaptive_ttl_factor,all,2.5
2026-08-30_14-34-17-360581_adaptiveTTL,adaptiveTTL,burst-load,1788100533.361000,76.000419,adaptive_ttl_factor,all,2.5
2026-08-30_14-34-17-360581_adaptiveTTL,adaptiveTTL,burst-load,1788100534.361000,77.000419,adaptive_ttl_factor,all,2.5
2026-08-30_14-34-17-360581_adaptiveTTL,adaptiveTTL,burst-load,1788100535.361000,78.000419,adaptive_ttl_factor,all,2.5
2026-08-30_14-34-17-360581_adaptiveTTL,adaptiveTTL,burst-load,1788100536.361000,79.000419,adaptive_ttl_factor,all,2.5
2026-08-30_14-34-17-360581_adaptiveTTL,adaptiveTTL,burst-load,1788100537.361000,80.000419,adaptive_ttl_factor,all,2.5
2026-08-30_14-34-17-360581_adaptiveTTL,adaptiveTTL,burst-load,1788100538.361000,81.000419,adaptive_ttl_factor,all,2.5
2026-08-30_14-34-17-360581_adaptiveTTL,adaptiveTTL,burst-load,1788100539.361000,82.000419,adaptive_ttl_factor,all,2.5
2026-08-30_14-34-17-360581_adaptiveTTL,adaptiveTTL,burst-load,1788100540.361000,83.000419,adaptive_ttl_factor,all,2.5
2026-08-30_14-34-17-360581_adaptiveTTL,adaptiveTTL,burst-load,1788100541.361000,84.000419,adaptive_ttl_factor,all,2.5
2026-08-30_14-34-17-360581_adaptiveTTL,adaptiveTTL,burst-load,1788100542.361000,85.000419,adaptive_ttl_factor,all,2.5
2026-08-30_14-34-17-360581_adaptiveTTL,adaptiveTTL,burst-load,1788100543.361000,86.000419,adaptive_ttl_factor,all,2.5
2026-08-30_14-34-17-360581_adaptiveTTL,adaptiveTTL,burst-load,1788100544.361000,87.000419,adaptive_ttl_factor,all,2.5
2026-08-30_14-34-17-360581_adaptiveTTL,adaptiveTTL,burst-load,1788100545.361000,88.000419,adaptive_ttl_factor,all,2.5
2026-08-30_14-34-17-360581_adaptiveTTL,adaptiveTTL,burst-load,1788100546.361000,89.000419,adaptive_ttl_factor,all,2.5
2026-08-30_14-34-17-360581_adaptiveTTL,adaptiveTTL,burst-load,1788100547.361000,90.000419,adaptive_ttl_factor,all,2.5
2026-08-30_14-34-17-360581_adaptiveTTL,adaptiveTTL,burst-load,1788100548.361000,91.000419,adaptive_ttl_factor,all,2.4
2026-08-30_14-34-17-360581_adaptiveTTL,adaptiveTTL,burst-load,1788100549.361000,92.000419,adaptive_ttl_factor,all,2.3
2026-08-30_14-34-17-360581_adaptiveTTL,adaptiveTTL,burst-load,1788100550.361000,93.000419,adaptive_ttl_factor,all,2.1999999999999997
2026-08-30_14-34-17-360581_adaptiveTTL,adaptiveTTL,burst-load,1788100551.361000,94.000419,adaptive_ttl_factor,all,2.1999999999999997
2026-08-30_14-34-17-360581_adaptiveTTL,adaptiveTTL,burst-load,1788100552.361000,95.000419,adaptive_ttl_factor,all,2.1999999999999997
2026-08-30_14-34-17-360581_adaptiveTTL,adaptiveTTL,burst-load,1788100553.361000,96.000419,adaptive_ttl_factor,all,2.0999999999999996
2026-08-30_14-34-17-360581_adaptiveTTL,adaptiveTTL,burst-load,1788100554.361000,97.000419,adaptive_ttl_factor,all,1.9999999999999996
2026-08-30_14-34-17-360581_adaptiveTTL,adaptiveTTL,burst-load,1788100555.361000,98.000419,adaptive_ttl_factor,all,1.8999999999999997
2026-08-30_14-34-17-360581_adaptiveTTL,adaptiveTTL,burst-load,1788100556.361000,99.000419,adaptive_ttl_factor,all,1.7999999999999998
2026-08-30_14-34-17-360581_adaptiveTTL,adaptiveTTL,burst-load,1788100557.361000,100.000419,adaptive_ttl_factor,all,1.7999999999999998
2026-08-30_14-34-17-360581_adaptiveTTL,adaptiveTTL,burst-load,1788100558.361000,101.000419,adaptive_ttl_factor,all,1.7999999999999998
2026-08-30_14-34-17-360581_adaptiveTTL,adaptiveTTL,burst-load,1788100559.361000,102.000419,adaptive_ttl_factor,all,1.6999999999999997
2026-08-30_14-34-17-360581_adaptiveTTL,adaptiveTTL,burst-load,1788100560.361000,103.000419,adaptive_ttl_factor,all,1.5999999999999996
2026-08-30_14-34-17-360581_adaptiveTTL,adaptiveTTL,burst-load,1788100561.361000,104.000419,adaptive_ttl_factor,all,1.4999999999999998
2026-08-30_14-34-17-360581_adaptiveTTL,adaptiveTTL,burst-load,1788100562.361000,105.000419,adaptive_ttl_factor,all,1.4
2026-08-30_14-34-17-360581_adaptiveTTL,adaptiveTTL,burst-load,1788100563.361000,106.000419,adaptive_ttl_factor,all,1.4
2026-08-30_14-34-17-360581_adaptiveTTL,adaptiveTTL,burst-load,1788100564.361000,107.000419,adaptive_ttl_factor,all,1.4
2026-08-30_14-34-17-360581_adaptiveTTL,adaptiveTTL,burst-load,1788100565.361000,108.000419,adaptive_ttl_factor,all,1.2999999999999998
2026-08-30_14-34-17-360581_adaptiveTTL,adaptiveTTL,burst-load,1788100566.361000,109.000419,adaptive_ttl_factor,all,1.1999999999999997
2026-08-30_14-34-17-360581_adaptiveTTL,adaptiveTTL,burst-load,1788100567.361000,110.000419,adaptive_ttl_factor,all,1.0999999999999999
2026-08-30_14-34-17-360581_adaptiveTTL,adaptiveTTL,burst-load,1788100568.361000,111.000419,adaptive_ttl_factor,all,0.9999999999999999
2026-08-30_14-34-17-360581_adaptiveTTL,adaptiveTTL,burst-load,1788100569.361000,112.000419,adaptive_ttl_factor,all,0.9999999999999999
2026-08-30_14-34-17-360581_adaptiveTTL,adaptiveTTL,burst-load,1788100570.361000,113.000419,adaptive_ttl_factor,all,0.9999999999999999
2026-08-30_14-34-17-360581_adaptiveTTL,adaptiveTTL,burst-load,1788100571.361000,114.000419,adaptive_ttl_factor,all,0.8999999999999999
2026-08-30_14-34-17-360581_adaptiveTTL,adaptiveTTL,burst-load,1788100572.361000,115.000419,adaptive_ttl_factor,all,0.85
2026-08-30_14-34-17-360581_adaptiveTTL,adaptiveTTL,burst-load,1788100573.361000,116.000419,adaptive_ttl_factor,all,0.8
2026-08-30_14-34-17-360581_adaptiveTTL,adaptiveTTL,burst-load,1788100574.361000,117.000419,adaptive_ttl_factor,all,0.8
2026-08-30_14-34-17-360581_adaptiveTTL,adaptiveTTL,burst-load,1788100575.361000,118.000419,adaptive_ttl_factor,all,0.8
2026-08-30_14-34-17-360581_adaptiveTTL,adaptiveTTL,burst-load,1788100576.361000,119.000419,adaptive_ttl_factor,all,0.8
2026-08-30_14-34-17-360581_adaptiveTTL,adaptiveTTL,burst-load,1788100577.361000,120.000419,adaptive_ttl_factor,all,0.8
2026-08-30_14-34-17-360581_adaptiveTTL,adaptiveTTL,burst-load,1788100578.361000,121.000419,adaptive_ttl_factor,all,0.8
2026-08-30_14-34-17-360581_adaptiveTTL,adaptiveTTL,burst-load,1788100579.361000,122.000419,adaptive_ttl_factor,all,0.8
2026-08-30_14-34-17-360581_adaptiveTTL,adaptiveTTL,burst-load,1788100457.361000,0.000419,adaptive_ttl_effective_seconds,level=l1,5
2026-08-30_14-34-17-360581_adaptiveTTL,adaptiveTTL,burst-load,1788100458.361000,1.000419,adaptive_ttl_effective_seconds,level=l1,5
2026-08-30_14-34-17-360581_adaptiveTTL,adaptiveTTL,burst-load,1788100459.361000,2.000419,adaptive_ttl_effective_seconds,level=l1,5
2026-08-30_14-34-17-360581_adaptiveTTL,adaptiveTTL,burst-load,1788100460.361000,3.000419,adaptive_ttl_effective_seconds,level=l1,4.5
2026-08-30_14-34-17-360581_adaptiveTTL,adaptiveTTL,burst-load,1788100461.361000,4.000419,adaptive_ttl_effective_seconds,level=l1,4
2026-08-30_14-34-17-360581_adaptiveTTL,adaptiveTTL,burst-load,1788100462.361000,5.000419,adaptive_ttl_effective_seconds,level=l1,4
2026-08-30_14-34-17-360581_adaptiveTTL,adaptiveTTL,burst-load,1788100463.361000,6.000419,adaptive_ttl_effective_seconds,level=l1,4
2026-08-30_14-34-17-360581_adaptiveTTL,adaptiveTTL,burst-load,1788100464.361000,7.000419,adaptive_ttl_effective_seconds,level=l1,4
2026-08-30_14-34-17-360581_adaptiveTTL,adaptiveTTL,burst-load,1788100465.361000,8.000419,adaptive_ttl_effective_seconds,level=l1,4
2026-08-30_14-34-17-360581_adaptiveTTL,adaptiveTTL,burst-load,1788100466.361000,9.000419,adaptive_ttl_effective_seconds,level=l1,4
2026-08-30_14-34-17-360581_adaptiveTTL,adaptiveTTL,burst-load,1788100467.361000,10.000419,adaptive_ttl_effective_seconds,level=l1,4
2026-08-30_14-34-17-360581_adaptiveTTL,adaptiveTTL,burst-load,1788100468.361000,11.000419,adaptive_ttl_effective_seconds,level=l1,4
2026-08-30_14-34-17-360581_adaptiveTTL,adaptiveTTL,burst-load,1788100469.361000,12.000419,adaptive_ttl_effective_seconds,level=l1,4
2026-08-30_14-34-17-360581_adaptiveTTL,adaptiveTTL,burst-load,1788100470.361000,13.000419,adaptive_ttl_effective_seconds,level=l1,4
2026-08-30_14-34-17-360581_adaptiveTTL,adaptiveTTL,burst-load,1788100471.361000,14.000419,adaptive_ttl_effective_seconds,level=l1,4
2026-08-30_14-34-17-360581_adaptiveTTL,adaptiveTTL,burst-load,1788100472.361000,15.000419,adaptive_ttl_effective_seconds,level=l1,4
2026-08-30_14-34-17-360581_adaptiveTTL,adaptiveTTL,burst-load,1788100473.361000,16.000419,adaptive_ttl_effective_seconds,level=l1,4
2026-08-30_14-34-17-360581_adaptiveTTL,adaptiveTTL,burst-load,1788100474.361000,17.000419,adaptive_ttl_effective_seconds,level=l1,4
2026-08-30_14-34-17-360581_adaptiveTTL,adaptiveTTL,burst-load,1788100475.361000,18.000419,adaptive_ttl_effective_seconds,level=l1,4
2026-08-30_14-34-17-360581_adaptiveTTL,adaptiveTTL,burst-load,1788100476.361000,19.000419,adaptive_ttl_effective_seconds,level=l1,4
2026-08-30_14-34-17-360581_adaptiveTTL,adaptiveTTL,burst-load,1788100477.361000,20.000419,adaptive_ttl_effective_seconds,level=l1,4
2026-08-30_14-34-17-360581_adaptiveTTL,adaptiveTTL,burst-load,1788100478.361000,21.000419,adaptive_ttl_effective_seconds,level=l1,4
2026-08-30_14-34-17-360581_adaptiveTTL,adaptiveTTL,burst-load,1788100479.361000,22.000419,adaptive_ttl_effective_seconds,level=l1,4
2026-08-30_14-34-17-360581_adaptiveTTL,adaptiveTTL,burst-load,1788100480.361000,23.000419,adaptive_ttl_effective_seconds,level=l1,4
2026-08-30_14-34-17-360581_adaptiveTTL,adaptiveTTL,burst-load,1788100481.361000,24.000419,adaptive_ttl_effective_seconds,level=l1,4
2026-08-30_14-34-17-360581_adaptiveTTL,adaptiveTTL,burst-load,1788100482.361000,25.000419,adaptive_ttl_effective_seconds,level=l1,4
2026-08-30_14-34-17-360581_adaptiveTTL,adaptiveTTL,burst-load,1788100483.361000,26.000419,adaptive_ttl_effective_seconds,level=l1,4
2026-08-30_14-34-17-360581_adaptiveTTL,adaptiveTTL,burst-load,1788100484.361000,27.000419,adaptive_ttl_effective_seconds,level=l1,4
2026-08-30_14-34-17-360581_adaptiveTTL,adaptiveTTL,burst-load,1788100485.361000,28.000419,adaptive_ttl_effective_seconds,level=l1,4
2026-08-30_14-34-17-360581_adaptiveTTL,adaptiveTTL,burst-load,1788100486.361000,29.000419,adaptive_ttl_effective_seconds,level=l1,4
2026-08-30_14-34-17-360581_adaptiveTTL,adaptiveTTL,burst-load,1788100487.361000,30.000419,adaptive_ttl_effective_seconds,level=l1,4
2026-08-30_14-34-17-360581_adaptiveTTL,adaptiveTTL,burst-load,1788100488.361000,31.000419,adaptive_ttl_effective_seconds,level=l1,4
2026-08-30_14-34-17-360581_adaptiveTTL,adaptiveTTL,burst-load,1788100489.361000,32.000419,adaptive_ttl_effective_seconds,level=l1,4
2026-08-30_14-34-17-360581_adaptiveTTL,adaptiveTTL,burst-load,1788100490.361000,33.000419,adaptive_ttl_effective_seconds,level=l1,4.625
2026-08-30_14-34-17-360581_adaptiveTTL,adaptiveTTL,burst-load,1788100491.361000,34.000419,adaptive_ttl_effective_seconds,level=l1,4.625
2026-08-30_14-34-17-360581_adaptiveTTL,adaptiveTTL,burst-load,1788100492.361000,35.000419,adaptive_ttl_effective_seconds,level=l1,5
2026-08-30_14-34-17-360581_adaptiveTTL,adaptiveTTL,burst-load,1788100493.361000,36.000419,adaptive_ttl_effective_seconds,level=l1,5.625
2026-08-30_14-34-17-360581_adaptiveTTL,adaptiveTTL,burst-load,1788100494.361000,37.000419,adaptive_ttl_effective_seconds,level=l1,5.9999999995
2026-08-30_14-34-17-360581_adaptiveTTL,adaptiveTTL,burst-load,1788100495.361000,38.000419,adaptive_ttl_effective_seconds,level=l1,6.3749999995
2026-08-30_14-34-17-360581_adaptiveTTL,adaptiveTTL,burst-load,1788100496.361000,39.000419,adaptive_ttl_effective_seconds,level=l1,6.7499999995
2026-08-30_14-34-17-360581_adaptiveTTL,adaptiveTTL,burst-load,1788100497.361000,40.000419,adaptive_ttl_effective_seconds,level=l1,7.124999999
2026-08-30_14-34-17-360581_adaptiveTTL,adaptiveTTL,burst-load,1788100498.361000,41.000419,adaptive_ttl_effective_seconds,level=l1,7.499999999
2026-08-30_14-34-17-360581_adaptiveTTL,adaptiveTTL,burst-load,1788100499.361000,42.000419,adaptive_ttl_effective_seconds,level=l1,7.874999999
2026-08-30_14-34-17-360581_adaptiveTTL,adaptiveTTL,burst-load,1788100500.361000,43.000419,adaptive_ttl_effective_seconds,level=l1,8.249999999
2026-08-30_14-34-17-360581_adaptiveTTL,adaptiveTTL,burst-load,1788100501.361000,44.000419,adaptive_ttl_effective_seconds,level=l1,8.624999999
2026-08-30_14-34-17-360581_adaptiveTTL,adaptiveTTL,burst-load,1788100502.361000,45.000419,adaptive_ttl_effective_seconds,level=l1,8.999999999
2026-08-30_14-34-17-360581_adaptiveTTL,adaptiveTTL,burst-load,1788100503.361000,46.000419,adaptive_ttl_effective_seconds,level=l1,9.374999999
2026-08-30_14-34-17-360581_adaptiveTTL,adaptiveTTL,burst-load,1788100504.361000,47.000419,adaptive_ttl_effective_seconds,level=l1,9.749999999
2026-08-30_14-34-17-360581_adaptiveTTL,adaptiveTTL,burst-load,1788100505.361000,48.000419,adaptive_ttl_effective_seconds,level=l1,10.124999999
2026-08-30_14-34-17-360581_adaptiveTTL,adaptiveTTL,burst-load,1788100506.361000,49.000419,adaptive_ttl_effective_seconds,level=l1,10.499999999
2026-08-30_14-34-17-360581_adaptiveTTL,adaptiveTTL,burst-load,1788100507.361000,50.000419,adaptive_ttl_effective_seconds,level=l1,10.874999999
2026-08-30_14-34-17-360581_adaptiveTTL,adaptiveTTL,burst-load,1788100508.361000,51.000419,adaptive_ttl_effective_seconds,level=l1,11.249999999
2026-08-30_14-34-17-360581_adaptiveTTL,adaptiveTTL,burst-load,1788100509.361000,52.000419,adaptive_ttl_effective_seconds,level=l1,11.624999999
2026-08-30_14-34-17-360581_adaptiveTTL,adaptiveTTL,burst-load,1788100510.361000,53.000419,adaptive_ttl_effective_seconds,level=l1,11.8749999995
2026-08-30_14-34-17-360581_adaptiveTTL,adaptiveTTL,burst-load,1788100511.361000,54.000419,adaptive_ttl_effective_seconds,level=l1,12.2499999995
2026-08-30_14-34-17-360581_adaptiveTTL,adaptiveTTL,burst-load,1788100512.361000,55.000419,adaptive_ttl_effective_seconds,level=l1,12.2499999995
2026-08-30_14-34-17-360581_adaptiveTTL,adaptiveTTL,burst-load,1788100513.361000,56.000419,adaptive_ttl_effective_seconds,level=l1,12.5
2026-08-30_14-34-17-360581_adaptiveTTL,adaptiveTTL,burst-load,1788100514.361000,57.000419,adaptive_ttl_effective_seconds,level=l1,12.5
2026-08-30_14-34-17-360581_adaptiveTTL,adaptiveTTL,burst-load,1788100515.361000,58.000419,adaptive_ttl_effective_seconds,level=l1,12.5
2026-08-30_14-34-17-360581_adaptiveTTL,adaptiveTTL,burst-load,1788100516.361000,59.000419,adaptive_ttl_effective_seconds,level=l1,12.5
2026-08-30_14-34-17-360581_adaptiveTTL,adaptiveTTL,burst-load,1788100517.361000,60.000419,adaptive_ttl_effective_seconds,level=l1,12.5
2026-08-30_14-34-17-360581_adaptiveTTL,adaptiveTTL,burst-load,1788100518.361000,61.000419,adaptive_ttl_effective_seconds,level=l1,12.5
2026-08-30_14-34-17-360581_adaptiveTTL,adaptiveTTL,burst-load,1788100519.361000,62.000419,adaptive_ttl_effective_seconds,level=l1,12.5
2026-08-30_14-34-17-360581_adaptiveTTL,adaptiveTTL,burst-load,1788100520.361000,63.000419,adaptive_ttl_effective_seconds,level=l1,12.5
2026-08-30_14-34-17-360581_adaptiveTTL,adaptiveTTL,burst-load,1788100521.361000,64.000419,adaptive_ttl_effective_seconds,level=l1,12.5
2026-08-30_14-34-17-360581_adaptiveTTL,adaptiveTTL,burst-load,1788100522.361000,65.000419,adaptive_ttl_effective_seconds,level=l1,12
2026-08-30_14-34-17-360581_adaptiveTTL,adaptiveTTL,burst-load,1788100523.361000,66.000419,adaptive_ttl_effective_seconds,level=l1,11.5
2026-08-30_14-34-17-360581_adaptiveTTL,adaptiveTTL,burst-load,1788100524.361000,67.000419,adaptive_ttl_effective_seconds,level=l1,11.8749999995
2026-08-30_14-34-17-360581_adaptiveTTL,adaptiveTTL,burst-load,1788100525.361000,68.000419,adaptive_ttl_effective_seconds,level=l1,11.8749999995
2026-08-30_14-34-17-360581_adaptiveTTL,adaptiveTTL,burst-load,1788100526.361000,69.000419,adaptive_ttl_effective_seconds,level=l1,12
2026-08-30_14-34-17-360581_adaptiveTTL,adaptiveTTL,burst-load,1788100527.361000,70.000419,adaptive_ttl_effective_seconds,level=l1,12.3749999995
2026-08-30_14-34-17-360581_adaptiveTTL,adaptiveTTL,burst-load,1788100528.361000,71.000419,adaptive_ttl_effective_seconds,level=l1,12.3749999995
2026-08-30_14-34-17-360581_adaptiveTTL,adaptiveTTL,burst-load,1788100529.361000,72.000419,adaptive_ttl_effective_seconds,level=l1,12.5
2026-08-30_14-34-17-360581_adaptiveTTL,adaptiveTTL,burst-load,1788100530.361000,73.000419,adaptive_ttl_effective_seconds,level=l1,12.5
2026-08-30_14-34-17-360581_adaptiveTTL,adaptiveTTL,burst-load,1788100531.361000,74.000419,adaptive_ttl_effective_seconds,level=l1,12.5
2026-08-30_14-34-17-360581_adaptiveTTL,adaptiveTTL,burst-load,1788100532.361000,75.000419,adaptive_ttl_effective_seconds,level=l1,12.5
2026-08-30_14-34-17-360581_adaptiveTTL,adaptiveTTL,burst-load,1788100533.361000,76.000419,adaptive_ttl_effective_seconds,level=l1,12.5
2026-08-30_14-34-17-360581_adaptiveTTL,adaptiveTTL,burst-load,1788100534.361000,77.000419,adaptive_ttl_effective_seconds,level=l1,12.5
2026-08-30_14-34-17-360581_adaptiveTTL,adaptiveTTL,burst-load,1788100535.361000,78.000419,adaptive_ttl_effective_seconds,level=l1,12.5
2026-08-30_14-34-17-360581_adaptiveTTL,adaptiveTTL,burst-load,1788100536.361000,79.000419,adaptive_ttl_effective_seconds,level=l1,12.5
2026-08-30_14-34-17-360581_adaptiveTTL,adaptiveTTL,burst-load,1788100537.361000,80.000419,adaptive_ttl_effective_seconds,level=l1,12.5
2026-08-30_14-34-17-360581_adaptiveTTL,adaptiveTTL,burst-load,1788100538.361000,81.000419,adaptive_ttl_effective_seconds,level=l1,12.5
2026-08-30_14-34-17-360581_adaptiveTTL,adaptiveTTL,burst-load,1788100539.361000,82.000419,adaptive_ttl_effective_seconds,level=l1,12.5
2026-08-30_14-34-17-360581_adaptiveTTL,adaptiveTTL,burst-load,1788100540.361000,83.000419,adaptive_ttl_effective_seconds,level=l1,12.5
2026-08-30_14-34-17-360581_adaptiveTTL,adaptiveTTL,burst-load,1788100541.361000,84.000419,adaptive_ttl_effective_seconds,level=l1,12.5
2026-08-30_14-34-17-360581_adaptiveTTL,adaptiveTTL,burst-load,1788100542.361000,85.000419,adaptive_ttl_effective_seconds,level=l1,12.5
2026-08-30_14-34-17-360581_adaptiveTTL,adaptiveTTL,burst-load,1788100543.361000,86.000419,adaptive_ttl_effective_seconds,level=l1,12.5
2026-08-30_14-34-17-360581_adaptiveTTL,adaptiveTTL,burst-load,1788100544.361000,87.000419,adaptive_ttl_effective_seconds,level=l1,12.5
2026-08-30_14-34-17-360581_adaptiveTTL,adaptiveTTL,burst-load,1788100545.361000,88.000419,adaptive_ttl_effective_seconds,level=l1,12.5
2026-08-30_14-34-17-360581_adaptiveTTL,adaptiveTTL,burst-load,1788100546.361000,89.000419,adaptive_ttl_effective_seconds,level=l1,12.5
2026-08-30_14-34-17-360581_adaptiveTTL,adaptiveTTL,burst-load,1788100547.361000,90.000419,adaptive_ttl_effective_seconds,level=l1,12.5
2026-08-30_14-34-17-360581_adaptiveTTL,adaptiveTTL,burst-load,1788100548.361000,91.000419,adaptive_ttl_effective_seconds,level=l1,12
2026-08-30_14-34-17-360581_adaptiveTTL,adaptiveTTL,burst-load,1788100549.361000,92.000419,adaptive_ttl_effective_seconds,level=l1,11.5
2026-08-30_14-34-17-360581_adaptiveTTL,adaptiveTTL,burst-load,1788100550.361000,93.000419,adaptive_ttl_effective_seconds,level=l1,10.9999999995
2026-08-30_14-34-17-360581_adaptiveTTL,adaptiveTTL,burst-load,1788100551.361000,94.000419,adaptive_ttl_effective_seconds,level=l1,10.9999999995
2026-08-30_14-34-17-360581_adaptiveTTL,adaptiveTTL,burst-load,1788100552.361000,95.000419,adaptive_ttl_effective_seconds,level=l1,10.9999999995
2026-08-30_14-34-17-360581_adaptiveTTL,adaptiveTTL,burst-load,1788100553.361000,96.000419,adaptive_ttl_effective_seconds,level=l1,10.499999999
2026-08-30_14-34-17-360581_adaptiveTTL,adaptiveTTL,burst-load,1788100554.361000,97.000419,adaptive_ttl_effective_seconds,level=l1,9.999999999
2026-08-30_14-34-17-360581_adaptiveTTL,adaptiveTTL,burst-load,1788100555.361000,98.000419,adaptive_ttl_effective_seconds,level=l1,9.499999999
2026-08-30_14-34-17-360581_adaptiveTTL,adaptiveTTL,burst-load,1788100556.361000,99.000419,adaptive_ttl_effective_seconds,level=l1,8.999999999
2026-08-30_14-34-17-360581_adaptiveTTL,adaptiveTTL,burst-load,1788100557.361000,100.000419,adaptive_ttl_effective_seconds,level=l1,8.999999999
2026-08-30_14-34-17-360581_adaptiveTTL,adaptiveTTL,burst-load,1788100558.361000,101.000419,adaptive_ttl_effective_seconds,level=l1,8.999999999
2026-08-30_14-34-17-360581_adaptiveTTL,adaptiveTTL,burst-load,1788100559.361000,102.000419,adaptive_ttl_effective_seconds,level=l1,8.499999999
2026-08-30_14-34-17-360581_adaptiveTTL,adaptiveTTL,burst-load,1788100560.361000,103.000419,adaptive_ttl_effective_seconds,level=l1,7.999999999
2026-08-30_14-34-17-360581_adaptiveTTL,adaptiveTTL,burst-load,1788100561.361000,104.000419,adaptive_ttl_effective_seconds,level=l1,7.499999999
2026-08-30_14-34-17-360581_adaptiveTTL,adaptiveTTL,burst-load,1788100562.361000,105.000419,adaptive_ttl_effective_seconds,level=l1,6.999999999
2026-08-30_14-34-17-360581_adaptiveTTL,adaptiveTTL,burst-load,1788100563.361000,106.000419,adaptive_ttl_effective_seconds,level=l1,6.999999999
2026-08-30_14-34-17-360581_adaptiveTTL,adaptiveTTL,burst-load,1788100564.361000,107.000419,adaptive_ttl_effective_seconds,level=l1,6.999999999
2026-08-30_14-34-17-360581_adaptiveTTL,adaptiveTTL,burst-load,1788100565.361000,108.000419,adaptive_ttl_effective_seconds,level=l1,6.499999999
2026-08-30_14-34-17-360581_adaptiveTTL,adaptiveTTL,burst-load,1788100566.361000,109.000419,adaptive_ttl_effective_seconds,level=l1,5.999999999
2026-08-30_14-34-17-360581_adaptiveTTL,adaptiveTTL,burst-load,1788100567.361000,110.000419,adaptive_ttl_effective_seconds,level=l1,5.499999999
2026-08-30_14-34-17-360581_adaptiveTTL,adaptiveTTL,burst-load,1788100568.361000,111.000419,adaptive_ttl_effective_seconds,level=l1,4.9999999995
2026-08-30_14-34-17-360581_adaptiveTTL,adaptiveTTL,burst-load,1788100569.361000,112.000419,adaptive_ttl_effective_seconds,level=l1,4.9999999995
2026-08-30_14-34-17-360581_adaptiveTTL,adaptiveTTL,burst-load,1788100570.361000,113.000419,adaptive_ttl_effective_seconds,level=l1,4.9999999995
2026-08-30_14-34-17-360581_adaptiveTTL,adaptiveTTL,burst-load,1788100571.361000,114.000419,adaptive_ttl_effective_seconds,level=l1,4.5
2026-08-30_14-34-17-360581_adaptiveTTL,adaptiveTTL,burst-load,1788100572.361000,115.000419,adaptive_ttl_effective_seconds,level=l1,4.25
2026-08-30_14-34-17-360581_adaptiveTTL,adaptiveTTL,burst-load,1788100573.361000,116.000419,adaptive_ttl_effective_seconds,level=l1,4
2026-08-30_14-34-17-360581_adaptiveTTL,adaptiveTTL,burst-load,1788100574.361000,117.000419,adaptive_ttl_effective_seconds,level=l1,4
2026-08-30_14-34-17-360581_adaptiveTTL,adaptiveTTL,burst-load,1788100575.361000,118.000419,adaptive_ttl_effective_seconds,level=l1,4
2026-08-30_14-34-17-360581_adaptiveTTL,adaptiveTTL,burst-load,1788100576.361000,119.000419,adaptive_ttl_effective_seconds,level=l1,4
2026-08-30_14-34-17-360581_adaptiveTTL,adaptiveTTL,burst-load,1788100577.361000,120.000419,adaptive_ttl_effective_seconds,level=l1,4
2026-08-30_14-34-17-360581_adaptiveTTL,adaptiveTTL,burst-load,1788100578.361000,121.000419,adaptive_ttl_effective_seconds,level=l1,4
2026-08-30_14-34-17-360581_adaptiveTTL,adaptiveTTL,burst-load,1788100579.361000,122.000419,adaptive_ttl_effective_seconds,level=l1,4
2026-08-30_14-34-17-360581_adaptiveTTL,adaptiveTTL,burst-load,1788100457.361000,0.000419,adaptive_ttl_effective_seconds,level=l2,15
2026-08-30_14-34-17-360581_adaptiveTTL,adaptiveTTL,burst-load,1788100458.361000,1.000419,adaptive_ttl_effective_seconds,level=l2,15
2026-08-30_14-34-17-360581_adaptiveTTL,adaptiveTTL,burst-load,1788100459.361000,2.000419,adaptive_ttl_effective_seconds,level=l2,15
2026-08-30_14-34-17-360581_adaptiveTTL,adaptiveTTL,burst-load,1788100460.361000,3.000419,adaptive_ttl_effective_seconds,level=l2,13.5
2026-08-30_14-34-17-360581_adaptiveTTL,adaptiveTTL,burst-load,1788100461.361000,4.000419,adaptive_ttl_effective_seconds,level=l2,12
2026-08-30_14-34-17-360581_adaptiveTTL,adaptiveTTL,burst-load,1788100462.361000,5.000419,adaptive_ttl_effective_seconds,level=l2,12
2026-08-30_14-34-17-360581_adaptiveTTL,adaptiveTTL,burst-load,1788100463.361000,6.000419,adaptive_ttl_effective_seconds,level=l2,12
2026-08-30_14-34-17-360581_adaptiveTTL,adaptiveTTL,burst-load,1788100464.361000,7.000419,adaptive_ttl_effective_seconds,level=l2,12
2026-08-30_14-34-17-360581_adaptiveTTL,adaptiveTTL,burst-load,1788100465.361000,8.000419,adaptive_ttl_effective_seconds,level=l2,12
2026-08-30_14-34-17-360581_adaptiveTTL,adaptiveTTL,burst-load,1788100466.361000,9.000419,adaptive_ttl_effective_seconds,level=l2,12
2026-08-30_14-34-17-360581_adaptiveTTL,adaptiveTTL,burst-load,1788100467.361000,10.000419,adaptive_ttl_effective_seconds,level=l2,12
2026-08-30_14-34-17-360581_adaptiveTTL,adaptiveTTL,burst-load,1788100468.361000,11.000419,adaptive_ttl_effective_seconds,level=l2,12
2026-08-30_14-34-17-360581_adaptiveTTL,adaptiveTTL,burst-load,1788100469.361000,12.000419,adaptive_ttl_effective_seconds,level=l2,12
2026-08-30_14-34-17-360581_adaptiveTTL,adaptiveTTL,burst-load,1788100470.361000,13.000419,adaptive_ttl_effective_seconds,level=l2,12
2026-08-30_14-34-17-360581_adaptiveTTL,adaptiveTTL,burst-load,1788100471.361000,14.000419,adaptive_ttl_effective_seconds,level=l2,12
2026-08-30_14-34-17-360581_adaptiveTTL,adaptiveTTL,burst-load,1788100472.361000,15.000419,adaptive_ttl_effective_seconds,level=l2,12
2026-08-30_14-34-17-360581_adaptiveTTL,adaptiveTTL,burst-load,1788100473.361000,16.000419,adaptive_ttl_effective_seconds,level=l2,12
2026-08-30_14-34-17-360581_adaptiveTTL,adaptiveTTL,burst-load,1788100474.361000,17.000419,adaptive_ttl_effective_seconds,level=l2,12
2026-08-30_14-34-17-360581_adaptiveTTL,adaptiveTTL,burst-load,1788100475.361000,18.000419,adaptive_ttl_effective_seconds,level=l2,12
2026-08-30_14-34-17-360581_adaptiveTTL,adaptiveTTL,burst-load,1788100476.361000,19.000419,adaptive_ttl_effective_seconds,level=l2,12
2026-08-30_14-34-17-360581_adaptiveTTL,adaptiveTTL,burst-load,1788100477.361000,20.000419,adaptive_ttl_effective_seconds,level=l2,12
2026-08-30_14-34-17-360581_adaptiveTTL,adaptiveTTL,burst-load,1788100478.361000,21.000419,adaptive_ttl_effective_seconds,level=l2,12
2026-08-30_14-34-17-360581_adaptiveTTL,adaptiveTTL,burst-load,1788100479.361000,22.000419,adaptive_ttl_effective_seconds,level=l2,12
2026-08-30_14-34-17-360581_adaptiveTTL,adaptiveTTL,burst-load,1788100480.361000,23.000419,adaptive_ttl_effective_seconds,level=l2,12
2026-08-30_14-34-17-360581_adaptiveTTL,adaptiveTTL,burst-load,1788100481.361000,24.000419,adaptive_ttl_effective_seconds,level=l2,12
2026-08-30_14-34-17-360581_adaptiveTTL,adaptiveTTL,burst-load,1788100482.361000,25.000419,adaptive_ttl_effective_seconds,level=l2,12
2026-08-30_14-34-17-360581_adaptiveTTL,adaptiveTTL,burst-load,1788100483.361000,26.000419,adaptive_ttl_effective_seconds,level=l2,12
2026-08-30_14-34-17-360581_adaptiveTTL,adaptiveTTL,burst-load,1788100484.361000,27.000419,adaptive_ttl_effective_seconds,level=l2,12
2026-08-30_14-34-17-360581_adaptiveTTL,adaptiveTTL,burst-load,1788100485.361000,28.000419,adaptive_ttl_effective_seconds,level=l2,12
2026-08-30_14-34-17-360581_adaptiveTTL,adaptiveTTL,burst-load,1788100486.361000,29.000419,adaptive_ttl_effective_seconds,level=l2,12
2026-08-30_14-34-17-360581_adaptiveTTL,adaptiveTTL,burst-load,1788100487.361000,30.000419,adaptive_ttl_effective_seconds,level=l2,12
2026-08-30_14-34-17-360581_adaptiveTTL,adaptiveTTL,burst-load,1788100488.361000,31.000419,adaptive_ttl_effective_seconds,level=l2,12
2026-08-30_14-34-17-360581_adaptiveTTL,adaptiveTTL,burst-load,1788100489.361000,32.000419,adaptive_ttl_effective_seconds,level=l2,12
2026-08-30_14-34-17-360581_adaptiveTTL,adaptiveTTL,burst-load,1788100490.361000,33.000419,adaptive_ttl_effective_seconds,level=l2,13.875
2026-08-30_14-34-17-360581_adaptiveTTL,adaptiveTTL,burst-load,1788100491.361000,34.000419,adaptive_ttl_effective_seconds,level=l2,13.875
2026-08-30_14-34-17-360581_adaptiveTTL,adaptiveTTL,burst-load,1788100492.361000,35.000419,adaptive_ttl_effective_seconds,level=l2,15
2026-08-30_14-34-17-360581_adaptiveTTL,adaptiveTTL,burst-load,1788100493.361000,36.000419,adaptive_ttl_effective_seconds,level=l2,16.875
2026-08-30_14-34-17-360581_adaptiveTTL,adaptiveTTL,burst-load,1788100494.361000,37.000419,adaptive_ttl_effective_seconds,level=l2,17.999999999499998
2026-08-30_14-34-17-360581_adaptiveTTL,adaptiveTTL,burst-load,1788100495.361000,38.000419,adaptive_ttl_effective_seconds,level=l2,19.124999999499998
2026-08-30_14-34-17-360581_adaptiveTTL,adaptiveTTL,burst-load,1788100496.361000,39.000419,adaptive_ttl_effective_seconds,level=l2,20.249999999499998
2026-08-30_14-34-17-360581_adaptiveTTL,adaptiveTTL,burst-load,1788100497.361000,40.000419,adaptive_ttl_effective_seconds,level=l2,21.374999999
2026-08-30_14-34-17-360581_adaptiveTTL,adaptiveTTL,burst-load,1788100498.361000,41.000419,adaptive_ttl_effective_seconds,level=l2,22.499999999
2026-08-30_14-34-17-360581_adaptiveTTL,adaptiveTTL,burst-load,1788100499.361000,42.000419,adaptive_ttl_effective_seconds,level=l2,23.624999999
2026-08-30_14-34-17-360581_adaptiveTTL,adaptiveTTL,burst-load,1788100500.361000,43.000419,adaptive_ttl_effective_seconds,level=l2,24.749999999
2026-08-30_14-34-17-360581_adaptiveTTL,adaptiveTTL,burst-load,1788100501.361000,44.000419,adaptive_ttl_effective_seconds,level=l2,25.874999999
2026-08-30_14-34-17-360581_adaptiveTTL,adaptiveTTL,burst-load,1788100502.361000,45.000419,adaptive_ttl_effective_seconds,level=l2,26.999999999
2026-08-30_14-34-17-360581_adaptiveTTL,adaptiveTTL,burst-load,1788100503.361000,46.000419,adaptive_ttl_effective_seconds,level=l2,28.124999999
2026-08-30_14-34-17-360581_adaptiveTTL,adaptiveTTL,burst-load,1788100504.361000,47.000419,adaptive_ttl_effective_seconds,level=l2,29.249999999
2026-08-30_14-34-17-360581_adaptiveTTL,adaptiveTTL,burst-load,1788100505.361000,48.000419,adaptive_ttl_effective_seconds,level=l2,30.374999999
2026-08-30_14-34-17-360581_adaptiveTTL,adaptiveTTL,burst-load,1788100506.361000,49.000419,adaptive_ttl_effective_seconds,level=l2,31.499999999000003
2026-08-30_14-34-17-360581_adaptiveTTL,adaptiveTTL,burst-load,1788100507.361000,50.000419,adaptive_ttl_effective_seconds,level=l2,32.624999999
2026-08-30_14-34-17-360581_adaptiveTTL,adaptiveTTL,burst-load,1788100508.361000,51.000419,adaptive_ttl_effective_seconds,level=l2,33.749999999
2026-08-30_14-34-17-360581_adaptiveTTL,adaptiveTTL,burst-load,1788100509.361000,52.000419,adaptive_ttl_effective_seconds,level=l2,34.874999999
2026-08-30_14-34-17-360581_adaptiveTTL,adaptiveTTL,burst-load,1788100510.361000,53.000419,adaptive_ttl_effective_seconds,level=l2,35.624999999500005
2026-08-30_14-34-17-360581_adaptiveTTL,adaptiveTTL,burst-load,1788100511.361000,54.000419,adaptive_ttl_effective_seconds,level=l2,36.749999999500005
2026-08-30_14-34-17-360581_adaptiveTTL,adaptiveTTL,burst-load,1788100512.361000,55.000419,adaptive_ttl_effective_seconds,level=l2,36.749999999500005
2026-08-30_14-34-17-360581_adaptiveTTL,adaptiveTTL,burst-load,1788100513.361000,56.000419,adaptive_ttl_effective_seconds,level=l2,37.5
2026-08-30_14-34-17-360581_adaptiveTTL,adaptiveTTL,burst-load,1788100514.361000,57.000419,adaptive_ttl_effective_seconds,level=l2,37.5
2026-08-30_14-34-17-360581_adaptiveTTL,adaptiveTTL,burst-load,1788100515.361000,58.000419,adaptive_ttl_effective_seconds,level=l2,37.5
2026-08-30_14-34-17-360581_adaptiveTTL,adaptiveTTL,burst-load,1788100516.361000,59.000419,adaptive_ttl_effective_seconds,level=l2,37.5
2026-08-30_14-34-17-360581_adaptiveTTL,adaptiveTTL,burst-load,1788100517.361000,60.000419,adaptive_ttl_effective_seconds,level=l2,37.5
2026-08-30_14-34-17-360581_adaptiveTTL,adaptiveTTL,burst-load,1788100518.361000,61.000419,adaptive_ttl_effective_seconds,level=l2,37.5
2026-08-30_14-34-17-360581_adaptiveTTL,adaptiveTTL,burst-load,1788100519.361000,62.000419,adaptive_ttl_effective_seconds,level=l2,37.5
2026-08-30_14-34-17-360581_adaptiveTTL,adaptiveTTL,burst-load,1788100520.361000,63.000419,adaptive_ttl_effective_seconds,level=l2,37.5
2026-08-30_14-34-17-360581_adaptiveTTL,adaptiveTTL,burst-load,1788100521.361000,64.000419,adaptive_ttl_effective_seconds,level=l2,37.5
2026-08-30_14-34-17-360581_adaptiveTTL,adaptiveTTL,burst-load,1788100522.361000,65.000419,adaptive_ttl_effective_seconds,level=l2,36
2026-08-30_14-34-17-360581_adaptiveTTL,adaptiveTTL,burst-load,1788100523.361000,66.000419,adaptive_ttl_effective_seconds,level=l2,34.5
2026-08-30_14-34-17-360581_adaptiveTTL,adaptiveTTL,burst-load,1788100524.361000,67.000419,adaptive_ttl_effective_seconds,level=l2,35.624999999500005
2026-08-30_14-34-17-360581_adaptiveTTL,adaptiveTTL,burst-load,1788100525.361000,68.000419,adaptive_ttl_effective_seconds,level=l2,35.624999999500005
2026-08-30_14-34-17-360581_adaptiveTTL,adaptiveTTL,burst-load,1788100526.361000,69.000419,adaptive_ttl_effective_seconds,level=l2,36
2026-08-30_14-34-17-360581_adaptiveTTL,adaptiveTTL,burst-load,1788100527.361000,70.000419,adaptive_ttl_effective_seconds,level=l2,37.124999999500005
2026-08-30_14-34-17-360581_adaptiveTTL,adaptiveTTL,burst-load,1788100528.361000,71.000419,adaptive_ttl_effective_seconds,level=l2,37.124999999500005
2026-08-30_14-34-17-360581_adaptiveTTL,adaptiveTTL,burst-load,1788100529.361000,72.000419,adaptive_ttl_effective_seconds,level=l2,37.5
2026-08-30_14-34-17-360581_adaptiveTTL,adaptiveTTL,burst-load,1788100530.361000,73.000419,adaptive_ttl_effective_seconds,level=l2,37.5
2026-08-30_14-34-17-360581_adaptiveTTL,adaptiveTTL,burst-load,1788100531.361000,74.000419,adaptive_ttl_effective_seconds,level=l2,37.5
2026-08-30_14-34-17-360581_adaptiveTTL,adaptiveTTL,burst-load,1788100532.361000,75.000419,adaptive_ttl_effective_seconds,level=l2,37.5
2026-08-30_14-34-17-360581_adaptiveTTL,adaptiveTTL,burst-load,1788100533.361000,76.000419,adaptive_ttl_effective_seconds,level=l2,37.5
2026-08-30_14-34-17-360581_adaptiveTTL,adaptiveTTL,burst-load,1788100534.361000,77.000419,adaptive_ttl_effective_seconds,level=l2,37.5
2026-08-30_14-34-17-360581_adaptiveTTL,adaptiveTTL,burst-load,1788100535.361000,78.000419,adaptive_ttl_effective_seconds,level=l2,37.5
2026-08-30_14-34-17-360581_adaptiveTTL,adaptiveTTL,burst-load,1788100536.361000,79.000419,adaptive_ttl_effective_seconds,level=l2,37.5
2026-08-30_14-34-17-360581_adaptiveTTL,adaptiveTTL,burst-load,1788100537.361000,80.000419,adaptive_ttl_effective_seconds,level=l2,37.5
2026-08-30_14-34-17-360581_adaptiveTTL,adaptiveTTL,burst-load,1788100538.361000,81.000419,adaptive_ttl_effective_seconds,level=l2,37.5
2026-08-30_14-34-17-360581_adaptiveTTL,adaptiveTTL,burst-load,1788100539.361000,82.000419,adaptive_ttl_effective_seconds,level=l2,37.5
2026-08-30_14-34-17-360581_adaptiveTTL,adaptiveTTL,burst-load,1788100540.361000,83.000419,adaptive_ttl_effective_seconds,level=l2,37.5
2026-08-30_14-34-17-360581_adaptiveTTL,adaptiveTTL,burst-load,1788100541.361000,84.000419,adaptive_ttl_effective_seconds,level=l2,37.5
2026-08-30_14-34-17-360581_adaptiveTTL,adaptiveTTL,burst-load,1788100542.361000,85.000419,adaptive_ttl_effective_seconds,level=l2,37.5
2026-08-30_14-34-17-360581_adaptiveTTL,adaptiveTTL,burst-load,1788100543.361000,86.000419,adaptive_ttl_effective_seconds,level=l2,37.5
2026-08-30_14-34-17-360581_adaptiveTTL,adaptiveTTL,burst-load,1788100544.361000,87.000419,adaptive_ttl_effective_seconds,level=l2,37.5
2026-08-30_14-34-17-360581_adaptiveTTL,adaptiveTTL,burst-load,1788100545.361000,88.000419,adaptive_ttl_effective_seconds,level=l2,37.5
2026-08-30_14-34-17-360581_adaptiveTTL,adaptiveTTL,burst-load,1788100546.361000,89.000419,adaptive_ttl_effective_seconds,level=l2,37.5
2026-08-30_14-34-17-360581_adaptiveTTL,adaptiveTTL,burst-load,1788100547.361000,90.000419,adaptive_ttl_effective_seconds,level=l2,37.5
2026-08-30_14-34-17-360581_adaptiveTTL,adaptiveTTL,burst-load,1788100548.361000,91.000419,adaptive_ttl_effective_seconds,level=l2,36
2026-08-30_14-34-17-360581_adaptiveTTL,adaptiveTTL,burst-load,1788100549.361000,92.000419,adaptive_ttl_effective_seconds,level=l2,34.5
2026-08-30_14-34-17-360581_adaptiveTTL,adaptiveTTL,burst-load,1788100550.361000,93.000419,adaptive_ttl_effective_seconds,level=l2,32.9999999995
2026-08-30_14-34-17-360581_adaptiveTTL,adaptiveTTL,burst-load,1788100551.361000,94.000419,adaptive_ttl_effective_seconds,level=l2,32.9999999995
2026-08-30_14-34-17-360581_adaptiveTTL,adaptiveTTL,burst-load,1788100552.361000,95.000419,adaptive_ttl_effective_seconds,level=l2,32.9999999995
2026-08-30_14-34-17-360581_adaptiveTTL,adaptiveTTL,burst-load,1788100553.361000,96.000419,adaptive_ttl_effective_seconds,level=l2,31.499999999
2026-08-30_14-34-17-360581_adaptiveTTL,adaptiveTTL,burst-load,1788100554.361000,97.000419,adaptive_ttl_effective_seconds,level=l2,29.999999999
2026-08-30_14-34-17-360581_adaptiveTTL,adaptiveTTL,burst-load,1788100555.361000,98.000419,adaptive_ttl_effective_seconds,level=l2,28.499999999
2026-08-30_14-34-17-360581_adaptiveTTL,adaptiveTTL,burst-load,1788100556.361000,99.000419,adaptive_ttl_effective_seconds,level=l2,26.999999999
2026-08-30_14-34-17-360581_adaptiveTTL,adaptiveTTL,burst-load,1788100557.361000,100.000419,adaptive_ttl_effective_seconds,level=l2,26.999999999
2026-08-30_14-34-17-360581_adaptiveTTL,adaptiveTTL,burst-load,1788100558.361000,101.000419,adaptive_ttl_effective_seconds,level=l2,26.999999999
2026-08-30_14-34-17-360581_adaptiveTTL,adaptiveTTL,burst-load,1788100559.361000,102.000419,adaptive_ttl_effective_seconds,level=l2,25.499999999
2026-08-30_14-34-17-360581_adaptiveTTL,adaptiveTTL,burst-load,1788100560.361000,103.000419,adaptive_ttl_effective_seconds,level=l2,23.999999999
2026-08-30_14-34-17-360581_adaptiveTTL,adaptiveTTL,burst-load,1788100561.361000,104.000419,adaptive_ttl_effective_seconds,level=l2,22.499999999
2026-08-30_14-34-17-360581_adaptiveTTL,adaptiveTTL,burst-load,1788100562.361000,105.000419,adaptive_ttl_effective_seconds,level=l2,20.999999999
2026-08-30_14-34-17-360581_adaptiveTTL,adaptiveTTL,burst-load,1788100563.361000,106.000419,adaptive_ttl_effective_seconds,level=l2,20.999999999
2026-08-30_14-34-17-360581_adaptiveTTL,adaptiveTTL,burst-load,1788100564.361000,107.000419,adaptive_ttl_effective_seconds,level=l2,20.999999999
2026-08-30_14-34-17-360581_adaptiveTTL,adaptiveTTL,burst-load,1788100565.361000,108.000419,adaptive_ttl_effective_seconds,level=l2,19.499999999
2026-08-30_14-34-17-360581_adaptiveTTL,adaptiveTTL,burst-load,1788100566.361000,109.000419,adaptive_ttl_effective_seconds,level=l2,17.999999999
2026-08-30_14-34-17-360581_adaptiveTTL,adaptiveTTL,burst-load,1788100567.361000,110.000419,adaptive_ttl_effective_seconds,level=l2,16.499999999
2026-08-30_14-34-17-360581_adaptiveTTL,adaptiveTTL,burst-load,1788100568.361000,111.000419,adaptive_ttl_effective_seconds,level=l2,14.999999999
2026-08-30_14-34-17-360581_adaptiveTTL,adaptiveTTL,burst-load,1788100569.361000,112.000419,adaptive_ttl_effective_seconds,level=l2,14.999999999
2026-08-30_14-34-17-360581_adaptiveTTL,adaptiveTTL,burst-load,1788100570.361000,113.000419,adaptive_ttl_effective_seconds,level=l2,14.999999999
2026-08-30_14-34-17-360581_adaptiveTTL,adaptiveTTL,burst-load,1788100571.361000,114.000419,adaptive_ttl_effective_seconds,level=l2,13.499999999
2026-08-30_14-34-17-360581_adaptiveTTL,adaptiveTTL,burst-load,1788100572.361000,115.000419,adaptive_ttl_effective_seconds,level=l2,12.7499999995
2026-08-30_14-34-17-360581_adaptiveTTL,adaptiveTTL,burst-load,1788100573.361000,116.000419,adaptive_ttl_effective_seconds,level=l2,12
2026-08-30_14-34-17-360581_adaptiveTTL,adaptiveTTL,burst-load,1788100574.361000,117.000419,adaptive_ttl_effective_seconds,level=l2,12
2026-08-30_14-34-17-360581_adaptiveTTL,adaptiveTTL,burst-load,1788100575.361000,118.000419,adaptive_ttl_effective_seconds,level=l2,12
2026-08-30_14-34-17-360581_adaptiveTTL,adaptiveTTL,burst-load,1788100576.361000,119.000419,adaptive_ttl_effective_seconds,level=l2,12
2026-08-30_14-34-17-360581_adaptiveTTL,adaptiveTTL,burst-load,1788100577.361000,120.000419,adaptive_ttl_effective_seconds,level=l2,12
2026-08-30_14-34-17-360581_adaptiveTTL,adaptiveTTL,burst-load,1788100578.361000,121.000419,adaptive_ttl_effective_seconds,level=l2,12
2026-08-30_14-34-17-360581_adaptiveTTL,adaptiveTTL,burst-load,1788100579.361000,122.000419,adaptive_ttl_effective_seconds,level=l2,12
2026-08-30_14-34-17-360581_adaptiveTTL,adaptiveTTL,burst-load,1788100457.361000,0.000419,adaptive_ttl_state,all,0
2026-08-30_14-34-17-360581_adaptiveTTL,adaptiveTTL,burst-load,1788100458.361000,1.000419,adaptive_ttl_state,all,0.5
2026-08-30_14-34-17-360581_adaptiveTTL,adaptiveTTL,burst-load,1788100459.361000,2.000419,adaptive_ttl_state,all,1
2026-08-30_14-34-17-360581_adaptiveTTL,adaptiveTTL,burst-load,1788100460.361000,3.000419,adaptive_ttl_state,all,1
2026-08-30_14-34-17-360581_adaptiveTTL,adaptiveTTL,burst-load,1788100461.361000,4.000419,adaptive_ttl_state,all,1
2026-08-30_14-34-17-360581_adaptiveTTL,adaptiveTTL,burst-load,1788100462.361000,5.000419,adaptive_ttl_state,all,1
2026-08-30_14-34-17-360581_adaptiveTTL,adaptiveTTL,burst-load,1788100463.361000,6.000419,adaptive_ttl_state,all,1
2026-08-30_14-34-17-360581_adaptiveTTL,adaptiveTTL,burst-load,1788100464.361000,7.000419,adaptive_ttl_state,all,1
2026-08-30_14-34-17-360581_adaptiveTTL,adaptiveTTL,burst-load,1788100465.361000,8.000419,adaptive_ttl_state,all,1
2026-08-30_14-34-17-360581_adaptiveTTL,adaptiveTTL,burst-load,1788100466.361000,9.000419,adaptive_ttl_state,all,1
2026-08-30_14-34-17-360581_adaptiveTTL,adaptiveTTL,burst-load,1788100467.361000,10.000419,adaptive_ttl_state,all,1
2026-08-30_14-34-17-360581_adaptiveTTL,adaptiveTTL,burst-load,1788100468.361000,11.000419,adaptive_ttl_state,all,1
2026-08-30_14-34-17-360581_adaptiveTTL,adaptiveTTL,burst-load,1788100469.361000,12.000419,adaptive_ttl_state,all,1
2026-08-30_14-34-17-360581_adaptiveTTL,adaptiveTTL,burst-load,1788100470.361000,13.000419,adaptive_ttl_state,all,1
2026-08-30_14-34-17-360581_adaptiveTTL,adaptiveTTL,burst-load,1788100471.361000,14.000419,adaptive_ttl_state,all,1
2026-08-30_14-34-17-360581_adaptiveTTL,adaptiveTTL,burst-load,1788100472.361000,15.000419,adaptive_ttl_state,all,1
2026-08-30_14-34-17-360581_adaptiveTTL,adaptiveTTL,burst-load,1788100473.361000,16.000419,adaptive_ttl_state,all,1
2026-08-30_14-34-17-360581_adaptiveTTL,adaptiveTTL,burst-load,1788100474.361000,17.000419,adaptive_ttl_state,all,1
2026-08-30_14-34-17-360581_adaptiveTTL,adaptiveTTL,burst-load,1788100475.361000,18.000419,adaptive_ttl_state,all,1
2026-08-30_14-34-17-360581_adaptiveTTL,adaptiveTTL,burst-load,1788100476.361000,19.000419,adaptive_ttl_state,all,1
2026-08-30_14-34-17-360581_adaptiveTTL,adaptiveTTL,burst-load,1788100477.361000,20.000419,adaptive_ttl_state,all,1
2026-08-30_14-34-17-360581_adaptiveTTL,adaptiveTTL,burst-load,1788100478.361000,21.000419,adaptive_ttl_state,all,1
2026-08-30_14-34-17-360581_adaptiveTTL,adaptiveTTL,burst-load,1788100479.361000,22.000419,adaptive_ttl_state,all,1
2026-08-30_14-34-17-360581_adaptiveTTL,adaptiveTTL,burst-load,1788100480.361000,23.000419,adaptive_ttl_state,all,1
2026-08-30_14-34-17-360581_adaptiveTTL,adaptiveTTL,burst-load,1788100481.361000,24.000419,adaptive_ttl_state,all,1
2026-08-30_14-34-17-360581_adaptiveTTL,adaptiveTTL,burst-load,1788100482.361000,25.000419,adaptive_ttl_state,all,1
2026-08-30_14-34-17-360581_adaptiveTTL,adaptiveTTL,burst-load,1788100483.361000,26.000419,adaptive_ttl_state,all,1
2026-08-30_14-34-17-360581_adaptiveTTL,adaptiveTTL,burst-load,1788100484.361000,27.000419,adaptive_ttl_state,all,1
2026-08-30_14-34-17-360581_adaptiveTTL,adaptiveTTL,burst-load,1788100485.361000,28.000419,adaptive_ttl_state,all,1
2026-08-30_14-34-17-360581_adaptiveTTL,adaptiveTTL,burst-load,1788100486.361000,29.000419,adaptive_ttl_state,all,1
2026-08-30_14-34-17-360581_adaptiveTTL,adaptiveTTL,burst-load,1788100487.361000,30.000419,adaptive_ttl_state,all,1
2026-08-30_14-34-17-360581_adaptiveTTL,adaptiveTTL,burst-load,1788100488.361000,31.000419,adaptive_ttl_state,all,1
2026-08-30_14-34-17-360581_adaptiveTTL,adaptiveTTL,burst-load,1788100489.361000,32.000419,adaptive_ttl_state,all,1
2026-08-30_14-34-17-360581_adaptiveTTL,adaptiveTTL,burst-load,1788100490.361000,33.000419,adaptive_ttl_state,all,2
2026-08-30_14-34-17-360581_adaptiveTTL,adaptiveTTL,burst-load,1788100491.361000,34.000419,adaptive_ttl_state,all,3
2026-08-30_14-34-17-360581_adaptiveTTL,adaptiveTTL,burst-load,1788100492.361000,35.000419,adaptive_ttl_state,all,3
2026-08-30_14-34-17-360581_adaptiveTTL,adaptiveTTL,burst-load,1788100493.361000,36.000419,adaptive_ttl_state,all,3
2026-08-30_14-34-17-360581_adaptiveTTL,adaptiveTTL,burst-load,1788100494.361000,37.000419,adaptive_ttl_state,all,3
2026-08-30_14-34-17-360581_adaptiveTTL,adaptiveTTL,burst-load,1788100495.361000,38.000419,adaptive_ttl_state,all,3
2026-08-30_14-34-17-360581_adaptiveTTL,adaptiveTTL,burst-load,1788100496.361000,39.000419,adaptive_ttl_state,all,3
2026-08-30_14-34-17-360581_adaptiveTTL,adaptiveTTL,burst-load,1788100497.361000,40.000419,adaptive_ttl_state,all,3
2026-08-30_14-34-17-360581_adaptiveTTL,adaptiveTTL,burst-load,1788100498.361000,41.000419,adaptive_ttl_state,all,3
2026-08-30_14-34-17-360581_adaptiveTTL,adaptiveTTL,burst-load,1788100499.361000,42.000419,adaptive_ttl_state,all,3
2026-08-30_14-34-17-360581_adaptiveTTL,adaptiveTTL,burst-load,1788100500.361000,43.000419,adaptive_ttl_state,all,3
2026-08-30_14-34-17-360581_adaptiveTTL,adaptiveTTL,burst-load,1788100501.361000,44.000419,adaptive_ttl_state,all,3
2026-08-30_14-34-17-360581_adaptiveTTL,adaptiveTTL,burst-load,1788100502.361000,45.000419,adaptive_ttl_state,all,3
2026-08-30_14-34-17-360581_adaptiveTTL,adaptiveTTL,burst-load,1788100503.361000,46.000419,adaptive_ttl_state,all,3
2026-08-30_14-34-17-360581_adaptiveTTL,adaptiveTTL,burst-load,1788100504.361000,47.000419,adaptive_ttl_state,all,3
2026-08-30_14-34-17-360581_adaptiveTTL,adaptiveTTL,burst-load,1788100505.361000,48.000419,adaptive_ttl_state,all,3
2026-08-30_14-34-17-360581_adaptiveTTL,adaptiveTTL,burst-load,1788100506.361000,49.000419,adaptive_ttl_state,all,3
2026-08-30_14-34-17-360581_adaptiveTTL,adaptiveTTL,burst-load,1788100507.361000,50.000419,adaptive_ttl_state,all,3
2026-08-30_14-34-17-360581_adaptiveTTL,adaptiveTTL,burst-load,1788100508.361000,51.000419,adaptive_ttl_state,all,3
2026-08-30_14-34-17-360581_adaptiveTTL,adaptiveTTL,burst-load,1788100509.361000,52.000419,adaptive_ttl_state,all,3
2026-08-30_14-34-17-360581_adaptiveTTL,adaptiveTTL,burst-load,1788100510.361000,53.000419,adaptive_ttl_state,all,3
2026-08-30_14-34-17-360581_adaptiveTTL,adaptiveTTL,burst-load,1788100511.361000,54.000419,adaptive_ttl_state,all,3
2026-08-30_14-34-17-360581_adaptiveTTL,adaptiveTTL,burst-load,1788100512.361000,55.000419,adaptive_ttl_state,all,3
2026-08-30_14-34-17-360581_adaptiveTTL,adaptiveTTL,burst-load,1788100513.361000,56.000419,adaptive_ttl_state,all,3
2026-08-30_14-34-17-360581_adaptiveTTL,adaptiveTTL,burst-load,1788100514.361000,57.000419,adaptive_ttl_state,all,3
2026-08-30_14-34-17-360581_adaptiveTTL,adaptiveTTL,burst-load,1788100515.361000,58.000419,adaptive_ttl_state,all,3
2026-08-30_14-34-17-360581_adaptiveTTL,adaptiveTTL,burst-load,1788100516.361000,59.000419,adaptive_ttl_state,all,3
2026-08-30_14-34-17-360581_adaptiveTTL,adaptiveTTL,burst-load,1788100517.361000,60.000419,adaptive_ttl_state,all,3
2026-08-30_14-34-17-360581_adaptiveTTL,adaptiveTTL,burst-load,1788100518.361000,61.000419,adaptive_ttl_state,all,2.5
2026-08-30_14-34-17-360581_adaptiveTTL,adaptiveTTL,burst-load,1788100519.361000,62.000419,adaptive_ttl_state,all,2.5
2026-08-30_14-34-17-360581_adaptiveTTL,adaptiveTTL,burst-load,1788100520.361000,63.000419,adaptive_ttl_state,all,2
2026-08-30_14-34-17-360581_adaptiveTTL,adaptiveTTL,burst-load,1788100521.361000,64.000419,adaptive_ttl_state,all,1
2026-08-30_14-34-17-360581_adaptiveTTL,adaptiveTTL,burst-load,1788100522.361000,65.000419,adaptive_ttl_state,all,1
2026-08-30_14-34-17-360581_adaptiveTTL,adaptiveTTL,burst-load,1788100523.361000,66.000419,adaptive_ttl_state,all,1
2026-08-30_14-34-17-360581_adaptiveTTL,adaptiveTTL,burst-load,1788100524.361000,67.000419,adaptive_ttl_state,all,2
2026-08-30_14-34-17-360581_adaptiveTTL,adaptiveTTL,burst-load,1788100525.361000,68.000419,adaptive_ttl_state,all,3
2026-08-30_14-34-17-360581_adaptiveTTL,adaptiveTTL,burst-load,1788100526.361000,69.000419,adaptive_ttl_state,all,3
2026-08-30_14-34-17-360581_adaptiveTTL,adaptiveTTL,burst-load,1788100527.361000,70.000419,adaptive_ttl_state,all,3
2026-08-30_14-34-17-360581_adaptiveTTL,adaptiveTTL,burst-load,1788100528.361000,71.000419,adaptive_ttl_state,all,3
2026-08-30_14-34-17-360581_adaptiveTTL,adaptiveTTL,burst-load,1788100529.361000,72.000419,adaptive_ttl_state,all,3
2026-08-30_14-34-17-360581_adaptiveTTL,adaptiveTTL,burst-load,1788100530.361000,73.000419,adaptive_ttl_state,all,3
2026-08-30_14-34-17-360581_adaptiveTTL,adaptiveTTL,burst-load,1788100531.361000,74.000419,adaptive_ttl_state,all,3
2026-08-30_14-34-17-360581_adaptiveTTL,adaptiveTTL,burst-load,1788100532.361000,75.000419,adaptive_ttl_state,all,3
2026-08-30_14-34-17-360581_adaptiveTTL,adaptiveTTL,burst-load,1788100533.361000,76.000419,adaptive_ttl_state,all,3
2026-08-30_14-34-17-360581_adaptiveTTL,adaptiveTTL,burst-load,1788100534.361000,77.000419,adaptive_ttl_state,all,3
2026-08-30_14-34-17-360581_adaptiveTTL,adaptiveTTL,burst-load,1788100535.361000,78.000419,adaptive_ttl_state,all,3
2026-08-30_14-34-17-360581_adaptiveTTL,adaptiveTTL,burst-load,1788100536.361000,79.000419,adaptive_ttl_state,all,3
2026-08-30_14-34-17-360581_adaptiveTTL,adaptiveTTL,burst-load,1788100537.361000,80.000419,adaptive_ttl_state,all,3
2026-08-30_14-34-17-360581_adaptiveTTL,adaptiveTTL,burst-load,1788100538.361000,81.000419,adaptive_ttl_state,all,2.5
2026-08-30_14-34-17-360581_adaptiveTTL,adaptiveTTL,burst-load,1788100539.361000,82.000419,adaptive_ttl_state,all,2
2026-08-30_14-34-17-360581_adaptiveTTL,adaptiveTTL,burst-load,1788100540.361000,83.000419,adaptive_ttl_state,all,2
2026-08-30_14-34-17-360581_adaptiveTTL,adaptiveTTL,burst-load,1788100541.361000,84.000419,adaptive_ttl_state,all,2
2026-08-30_14-34-17-360581_adaptiveTTL,adaptiveTTL,burst-load,1788100542.361000,85.000419,adaptive_ttl_state,all,2
2026-08-30_14-34-17-360581_adaptiveTTL,adaptiveTTL,burst-load,1788100543.361000,86.000419,adaptive_ttl_state,all,2
2026-08-30_14-34-17-360581_adaptiveTTL,adaptiveTTL,burst-load,1788100544.361000,87.000419,adaptive_ttl_state,all,2
2026-08-30_14-34-17-360581_adaptiveTTL,adaptiveTTL,burst-load,1788100545.361000,88.000419,adaptive_ttl_state,all,2
2026-08-30_14-34-17-360581_adaptiveTTL,adaptiveTTL,burst-load,1788100546.361000,89.000419,adaptive_ttl_state,all,1.5
2026-08-30_14-34-17-360581_adaptiveTTL,adaptiveTTL,burst-load,1788100547.361000,90.000419,adaptive_ttl_state,all,1
2026-08-30_14-34-17-360581_adaptiveTTL,adaptiveTTL,burst-load,1788100548.361000,91.000419,adaptive_ttl_state,all,1
2026-08-30_14-34-17-360581_adaptiveTTL,adaptiveTTL,burst-load,1788100549.361000,92.000419,adaptive_ttl_state,all,1
2026-08-30_14-34-17-360581_adaptiveTTL,adaptiveTTL,burst-load,1788100550.361000,93.000419,adaptive_ttl_state,all,1
2026-08-30_14-34-17-360581_adaptiveTTL,adaptiveTTL,burst-load,1788100551.361000,94.000419,adaptive_ttl_state,all,1
2026-08-30_14-34-17-360581_adaptiveTTL,adaptiveTTL,burst-load,1788100552.361000,95.000419,adaptive_ttl_state,all,1
2026-08-30_14-34-17-360581_adaptiveTTL,adaptiveTTL,burst-load,1788100553.361000,96.000419,adaptive_ttl_state,all,1
2026-08-30_14-34-17-360581_adaptiveTTL,adaptiveTTL,burst-load,1788100554.361000,97.000419,adaptive_ttl_state,all,1
2026-08-30_14-34-17-360581_adaptiveTTL,adaptiveTTL,burst-load,1788100555.361000,98.000419,adaptive_ttl_state,all,1
2026-08-30_14-34-17-360581_adaptiveTTL,adaptiveTTL,burst-load,1788100556.361000,99.000419,adaptive_ttl_state,all,1
2026-08-30_14-34-17-360581_adaptiveTTL,adaptiveTTL,burst-load,1788100557.361000,100.000419,adaptive_ttl_state,all,1
2026-08-30_14-34-17-360581_adaptiveTTL,adaptiveTTL,burst-load,1788100558.361000,101.000419,adaptive_ttl_state,all,1
2026-08-30_14-34-17-360581_adaptiveTTL,adaptiveTTL,burst-load,1788100559.361000,102.000419,adaptive_ttl_state,all,1
2026-08-30_14-34-17-360581_adaptiveTTL,adaptiveTTL,burst-load,1788100560.361000,103.000419,adaptive_ttl_state,all,1
2026-08-30_14-34-17-360581_adaptiveTTL,adaptiveTTL,burst-load,1788100561.361000,104.000419,adaptive_ttl_state,all,1
2026-08-30_14-34-17-360581_adaptiveTTL,adaptiveTTL,burst-load,1788100562.361000,105.000419,adaptive_ttl_state,all,1
2026-08-30_14-34-17-360581_adaptiveTTL,adaptiveTTL,burst-load,1788100563.361000,106.000419,adaptive_ttl_state,all,1
2026-08-30_14-34-17-360581_adaptiveTTL,adaptiveTTL,burst-load,1788100564.361000,107.000419,adaptive_ttl_state,all,1
2026-08-30_14-34-17-360581_adaptiveTTL,adaptiveTTL,burst-load,1788100565.361000,108.000419,adaptive_ttl_state,all,1
2026-08-30_14-34-17-360581_adaptiveTTL,adaptiveTTL,burst-load,1788100566.361000,109.000419,adaptive_ttl_state,all,1
2026-08-30_14-34-17-360581_adaptiveTTL,adaptiveTTL,burst-load,1788100567.361000,110.000419,adaptive_ttl_state,all,1
2026-08-30_14-34-17-360581_adaptiveTTL,adaptiveTTL,burst-load,1788100568.361000,111.000419,adaptive_ttl_state,all,1
2026-08-30_14-34-17-360581_adaptiveTTL,adaptiveTTL,burst-load,1788100569.361000,112.000419,adaptive_ttl_state,all,1
2026-08-30_14-34-17-360581_adaptiveTTL,adaptiveTTL,burst-load,1788100570.361000,113.000419,adaptive_ttl_state,all,1
2026-08-30_14-34-17-360581_adaptiveTTL,adaptiveTTL,burst-load,1788100571.361000,114.000419,adaptive_ttl_state,all,1
2026-08-30_14-34-17-360581_adaptiveTTL,adaptiveTTL,burst-load,1788100572.361000,115.000419,adaptive_ttl_state,all,1
2026-08-30_14-34-17-360581_adaptiveTTL,adaptiveTTL,burst-load,1788100573.361000,116.000419,adaptive_ttl_state,all,1
2026-08-30_14-34-17-360581_adaptiveTTL,adaptiveTTL,burst-load,1788100574.361000,117.000419,adaptive_ttl_state,all,1
2026-08-30_14-34-17-360581_adaptiveTTL,adaptiveTTL,burst-load,1788100575.361000,118.000419,adaptive_ttl_state,all,1
2026-08-30_14-34-17-360581_adaptiveTTL,adaptiveTTL,burst-load,1788100576.361000,119.000419,adaptive_ttl_state,all,1
2026-08-30_14-34-17-360581_adaptiveTTL,adaptiveTTL,burst-load,1788100577.361000,120.000419,adaptive_ttl_state,all,1
2026-08-30_14-34-17-360581_adaptiveTTL,adaptiveTTL,burst-load,1788100578.361000,121.000419,adaptive_ttl_state,all,1
2026-08-30_14-34-17-360581_adaptiveTTL,adaptiveTTL,burst-load,1788100579.361000,122.000419,adaptive_ttl_state,all,1
2026-08-30_14-34-17-360581_adaptiveTTL,adaptiveTTL,burst-load,1788100457.361000,0.000419,adaptive_ttl_backend_p99_milliseconds,all,0
2026-08-30_14-34-17-360581_adaptiveTTL,adaptiveTTL,burst-load,1788100458.361000,1.000419,adaptive_ttl_backend_p99_milliseconds,all,0
2026-08-30_14-34-17-360581_adaptiveTTL,adaptiveTTL,burst-load,1788100459.361000,2.000419,adaptive_ttl_backend_p99_milliseconds,all,0
2026-08-30_14-34-17-360581_adaptiveTTL,adaptiveTTL,burst-load,1788100460.361000,3.000419,adaptive_ttl_backend_p99_milliseconds,all,125.7300545
2026-08-30_14-34-17-360581_adaptiveTTL,adaptiveTTL,burst-load,1788100461.361000,4.000419,adaptive_ttl_backend_p99_milliseconds,all,251.460109
2026-08-30_14-34-17-360581_adaptiveTTL,adaptiveTTL,burst-load,1788100462.361000,5.000419,adaptive_ttl_backend_p99_milliseconds,all,251.72161799999998
2026-08-30_14-34-17-360581_adaptiveTTL,adaptiveTTL,burst-load,1788100463.361000,6.000419,adaptive_ttl_backend_p99_milliseconds,all,251.983127
2026-08-30_14-34-17-360581_adaptiveTTL,adaptiveTTL,burst-load,1788100464.361000,7.000419,adaptive_ttl_backend_p99_milliseconds,all,251.983127
2026-08-30_14-34-17-360581_adaptiveTTL,adaptiveTTL,burst-load,1788100465.361000,8.000419,adaptive_ttl_backend_p99_milliseconds,all,251.983127
2026-08-30_14-34-17-360581_adaptiveTTL,adaptiveTTL,burst-load,1788100466.361000,9.000419,adaptive_ttl_backend_p99_milliseconds,all,251.983127
2026-08-30_14-34-17-360581_adaptiveTTL,adaptiveTTL,burst-load,1788100467.361000,10.000419,adaptive_ttl_backend_p99_milliseconds,all,251.983127
2026-08-30_14-34-17-360581_adaptiveTTL,adaptiveTTL,burst-load,1788100468.361000,11.000419,adaptive_ttl_backend_p99_milliseconds,all,251.983127
2026-08-30_14-34-17-360581_adaptiveTTL,adaptiveTTL,burst-load,1788100469.361000,12.000419,adaptive_ttl_backend_p99_milliseconds,all,251.983127
2026-08-30_14-34-17-360581_adaptiveTTL,adaptiveTTL,burst-load,1788100470.361000,13.000419,adaptive_ttl_backend_p99_milliseconds,all,251.983127
2026-08-30_14-34-17-360581_adaptiveTTL,adaptiveTTL,burst-load,1788100471.361000,14.000419,adaptive_ttl_backend_p99_milliseconds,all,251.983127
2026-08-30_14-34-17-360581_adaptiveTTL,adaptiveTTL,burst-load,1788100472.361000,15.000419,adaptive_ttl_backend_p99_milliseconds,all,251.983127
2026-08-30_14-34-17-360581_adaptiveTTL,adaptiveTTL,burst-load,1788100473.361000,16.000419,adaptive_ttl_backend_p99_milliseconds,all,251.983127
2026-08-30_14-34-17-360581_adaptiveTTL,adaptiveTTL,burst-load,1788100474.361000,17.000419,adaptive_ttl_backend_p99_milliseconds,all,251.983127
2026-08-30_14-34-17-360581_adaptiveTTL,adaptiveTTL,burst-load,1788100475.361000,18.000419,adaptive_ttl_backend_p99_milliseconds,all,251.983127
2026-08-30_14-34-17-360581_adaptiveTTL,adaptiveTTL,burst-load,1788100476.361000,19.000419,adaptive_ttl_backend_p99_milliseconds,all,246.802176
2026-08-30_14-34-17-360581_adaptiveTTL,adaptiveTTL,burst-load,1788100477.361000,20.000419,adaptive_ttl_backend_p99_milliseconds,all,241.621225
2026-08-30_14-34-17-360581_adaptiveTTL,adaptiveTTL,burst-load,1788100478.361000,21.000419,adaptive_ttl_backend_p99_milliseconds,all,241.5713725
2026-08-30_14-34-17-360581_adaptiveTTL,adaptiveTTL,burst-load,1788100479.361000,22.000419,adaptive_ttl_backend_p99_milliseconds,all,241.52152
2026-08-30_14-34-17-360581_adaptiveTTL,adaptiveTTL,burst-load,1788100480.361000,23.000419,adaptive_ttl_backend_p99_milliseconds,all,241.52152
2026-08-30_14-34-17-360581_adaptiveTTL,adaptiveTTL,burst-load,1788100481.361000,24.000419,adaptive_ttl_backend_p99_milliseconds,all,241.52152
2026-08-30_14-34-17-360581_adaptiveTTL,adaptiveTTL,burst-load,1788100482.361000,25.000419,adaptive_ttl_backend_p99_milliseconds,all,241.52152
2026-08-30_14-34-17-360581_adaptiveTTL,adaptiveTTL,burst-load,1788100483.361000,26.000419,adaptive_ttl_backend_p99_milliseconds,all,241.52152
2026-08-30_14-34-17-360581_adaptiveTTL,adaptiveTTL,burst-load,1788100484.361000,27.000419,adaptive_ttl_backend_p99_milliseconds,all,241.52152
2026-08-30_14-34-17-360581_adaptiveTTL,adaptiveTTL,burst-load,1788100485.361000,28.000419,adaptive_ttl_backend_p99_milliseconds,all,241.52152
2026-08-30_14-34-17-360581_adaptiveTTL,adaptiveTTL,burst-load,1788100486.361000,29.000419,adaptive_ttl_backend_p99_milliseconds,all,241.52152
2026-08-30_14-34-17-360581_adaptiveTTL,adaptiveTTL,burst-load,1788100487.361000,30.000419,adaptive_ttl_backend_p99_milliseconds,all,241.52152
2026-08-30_14-34-17-360581_adaptiveTTL,adaptiveTTL,burst-load,1788100488.361000,31.000419,adaptive_ttl_backend_p99_milliseconds,all,241.52152
2026-08-30_14-34-17-360581_adaptiveTTL,adaptiveTTL,burst-load,1788100489.361000,32.000419,adaptive_ttl_backend_p99_milliseconds,all,241.52152
2026-08-30_14-34-17-360581_adaptiveTTL,adaptiveTTL,burst-load,1788100490.361000,33.000419,adaptive_ttl_backend_p99_milliseconds,all,305.43241550000005
2026-08-30_14-34-17-360581_adaptiveTTL,adaptiveTTL,burst-load,1788100491.361000,34.000419,adaptive_ttl_backend_p99_milliseconds,all,367.913644
2026-08-30_14-34-17-360581_adaptiveTTL,adaptiveTTL,burst-load,1788100492.361000,35.000419,adaptive_ttl_backend_p99_milliseconds,all,367.913644
2026-08-30_14-34-17-360581_adaptiveTTL,adaptiveTTL,burst-load,1788100493.361000,36.000419,adaptive_ttl_backend_p99_milliseconds,all,369.343311
2026-08-30_14-34-17-360581_adaptiveTTL,adaptiveTTL,burst-load,1788100494.361000,37.000419,adaptive_ttl_backend_p99_milliseconds,all,369.343311
2026-08-30_14-34-17-360581_adaptiveTTL,adaptiveTTL,burst-load,1788100495.361000,38.000419,adaptive_ttl_backend_p99_milliseconds,all,369.343311
2026-08-30_14-34-17-360581_adaptiveTTL,adaptiveTTL,burst-load,1788100496.361000,39.000419,adaptive_ttl_backend_p99_milliseconds,all,369.343311
2026-08-30_14-34-17-360581_adaptiveTTL,adaptiveTTL,burst-load,1788100497.361000,40.000419,adaptive_ttl_backend_p99_milliseconds,all,369.343311
2026-08-30_14-34-17-360581_adaptiveTTL,adaptiveTTL,burst-load,1788100498.361000,41.000419,adaptive_ttl_backend_p99_milliseconds,all,369.343311
2026-08-30_14-34-17-360581_adaptiveTTL,adaptiveTTL,burst-load,1788100499.361000,42.000419,adaptive_ttl_backend_p99_milliseconds,all,369.343311
2026-08-30_14-34-17-360581_adaptiveTTL,adaptiveTTL,burst-load,1788100500.361000,43.000419,adaptive_ttl_backend_p99_milliseconds,all,380.483884
2026-08-30_14-34-17-360581_adaptiveTTL,adaptiveTTL,burst-load,1788100501.361000,44.000419,adaptive_ttl_backend_p99_milliseconds,all,391.624457
2026-08-30_14-34-17-360581_adaptiveTTL,adaptiveTTL,burst-load,1788100502.361000,45.000419,adaptive_ttl_backend_p99_milliseconds,all,391.624457
2026-08-30_14-34-17-360581_adaptiveTTL,adaptiveTTL,burst-load,1788100503.361000,46.000419,adaptive_ttl_backend_p99_milliseconds,all,391.624457
2026-08-30_14-34-17-360581_adaptiveTTL,adaptiveTTL,burst-load,1788100504.361000,47.000419,adaptive_ttl_backend_p99_milliseconds,all,391.624457
2026-08-30_14-34-17-360581_adaptiveTTL,adaptiveTTL,burst-load,1788100505.361000,48.000419,adaptive_ttl_backend_p99_milliseconds,all,391.624457
2026-08-30_14-34-17-360581_adaptiveTTL,adaptiveTTL,burst-load,1788100506.361000,49.000419,adaptive_ttl_backend_p99_milliseconds,all,391.624457
2026-08-30_14-34-17-360581_adaptiveTTL,adaptiveTTL,burst-load,1788100507.361000,50.000419,adaptive_ttl_backend_p99_milliseconds,all,391.624457
2026-08-30_14-34-17-360581_adaptiveTTL,adaptiveTTL,burst-load,1788100508.361000,51.000419,adaptive_ttl_backend_p99_milliseconds,all,391.624457
2026-08-30_14-34-17-360581_adaptiveTTL,adaptiveTTL,burst-load,1788100509.361000,52.000419,adaptive_ttl_backend_p99_milliseconds,all,391.624457
2026-08-30_14-34-17-360581_adaptiveTTL,adaptiveTTL,burst-load,1788100510.361000,53.000419,adaptive_ttl_backend_p99_milliseconds,all,391.624457
2026-08-30_14-34-17-360581_adaptiveTTL,adaptiveTTL,burst-load,1788100511.361000,54.000419,adaptive_ttl_backend_p99_milliseconds,all,391.624457
2026-08-30_14-34-17-360581_adaptiveTTL,adaptiveTTL,burst-load,1788100512.361000,55.000419,adaptive_ttl_backend_p99_milliseconds,all,391.624457
2026-08-30_14-34-17-360581_adaptiveTTL,adaptiveTTL,burst-load,1788100513.361000,56.000419,adaptive_ttl_backend_p99_milliseconds,all,391.624457
2026-08-30_14-34-17-360581_adaptiveTTL,adaptiveTTL,burst-load,1788100514.361000,57.000419,adaptive_ttl_backend_p99_milliseconds,all,391.624457
2026-08-30_14-34-17-360581_adaptiveTTL,adaptiveTTL,burst-load,1788100515.361000,58.000419,adaptive_ttl_backend_p99_milliseconds,all,391.624457
2026-08-30_14-34-17-360581_adaptiveTTL,adaptiveTTL,burst-load,1788100516.361000,59.000419,adaptive_ttl_backend_p99_milliseconds,all,348.119857
2026-08-30_14-34-17-360581_adaptiveTTL,adaptiveTTL,burst-load,1788100517.361000,60.000419,adaptive_ttl_backend_p99_milliseconds,all,304.615257
2026-08-30_14-34-17-360581_adaptiveTTL,adaptiveTTL,burst-load,1788100518.361000,61.000419,adaptive_ttl_backend_p99_milliseconds,all,283.233108
2026-08-30_14-34-17-360581_adaptiveTTL,adaptiveTTL,burst-load,1788100519.361000,62.000419,adaptive_ttl_backend_p99_milliseconds,all,276.8080985
2026-08-30_14-34-17-360581_adaptiveTTL,adaptiveTTL,burst-load,1788100520.361000,63.000419,adaptive_ttl_backend_p99_milliseconds,all,271.4395025
2026-08-30_14-34-17-360581_adaptiveTTL,adaptiveTTL,burst-load,1788100521.361000,64.000419,adaptive_ttl_backend_p99_milliseconds,all,251.113767
2026-08-30_14-34-17-360581_adaptiveTTL,adaptiveTTL,burst-load,1788100522.361000,65.000419,adaptive_ttl_backend_p99_milliseconds,all,251.189179
2026-08-30_14-34-17-360581_adaptiveTTL,adaptiveTTL,burst-load,1788100523.361000,66.000419,adaptive_ttl_backend_p99_milliseconds,all,251.264591
2026-08-30_14-34-17-360581_adaptiveTTL,adaptiveTTL,burst-load,1788100524.361000,67.000419,adaptive_ttl_backend_p99_milliseconds,all,270.9598615
2026-08-30_14-34-17-360581_adaptiveTTL,adaptiveTTL,burst-load,1788100525.361000,68.000419,adaptive_ttl_backend_p99_milliseconds,all,290.655132
2026-08-30_14-34-17-360581_adaptiveTTL,adaptiveTTL,burst-load,1788100526.361000,69.000419,adaptive_ttl_backend_p99_milliseconds,all,290.655132
2026-08-30_14-34-17-360581_adaptiveTTL,adaptiveTTL,burst-load,1788100527.361000,70.000419,adaptive_ttl_backend_p99_milliseconds,all,290.655132
2026-08-30_14-34-17-360581_adaptiveTTL,adaptiveTTL,burst-load,1788100528.361000,71.000419,adaptive_ttl_backend_p99_milliseconds,all,290.655132
2026-08-30_14-34-17-360581_adaptiveTTL,adaptiveTTL,burst-load,1788100529.361000,72.000419,adaptive_ttl_backend_p99_milliseconds,all,290.655132
2026-08-30_14-34-17-360581_adaptiveTTL,adaptiveTTL,burst-load,1788100530.361000,73.000419,adaptive_ttl_backend_p99_milliseconds,all,290.655132
2026-08-30_14-34-17-360581_adaptiveTTL,adaptiveTTL,burst-load,1788100531.361000,74.000419,adaptive_ttl_backend_p99_milliseconds,all,290.655132
2026-08-30_14-34-17-360581_adaptiveTTL,adaptiveTTL,burst-load,1788100532.361000,75.000419,adaptive_ttl_backend_p99_milliseconds,all,290.655132
2026-08-30_14-34-17-360581_adaptiveTTL,adaptiveTTL,burst-load,1788100533.361000,76.000419,adaptive_ttl_backend_p99_milliseconds,all,290.655132
2026-08-30_14-34-17-360581_adaptiveTTL,adaptiveTTL,burst-load,1788100534.361000,77.000419,adaptive_ttl_backend_p99_milliseconds,all,290.655132
2026-08-30_14-34-17-360581_adaptiveTTL,adaptiveTTL,burst-load,1788100535.361000,78.000419,adaptive_ttl_backend_p99_milliseconds,all,290.655132
2026-08-30_14-34-17-360581_adaptiveTTL,adaptiveTTL,burst-load,1788100536.361000,79.000419,adaptive_ttl_backend_p99_milliseconds,all,290.655132
2026-08-30_14-34-17-360581_adaptiveTTL,adaptiveTTL,burst-load,1788100537.361000,80.000419,adaptive_ttl_backend_p99_milliseconds,all,290.655132
2026-08-30_14-34-17-360581_adaptiveTTL,adaptiveTTL,burst-load,1788100538.361000,81.000419,adaptive_ttl_backend_p99_milliseconds,all,275.97705099999996
2026-08-30_14-34-17-360581_adaptiveTTL,adaptiveTTL,burst-load,1788100539.361000,82.000419,adaptive_ttl_backend_p99_milliseconds,all,261.29897
2026-08-30_14-34-17-360581_adaptiveTTL,adaptiveTTL,burst-load,1788100540.361000,83.000419,adaptive_ttl_backend_p99_milliseconds,all,261.29897
2026-08-30_14-34-17-360581_adaptiveTTL,adaptiveTTL,burst-load,1788100541.361000,84.000419,adaptive_ttl_backend_p99_milliseconds,all,261.29897
2026-08-30_14-34-17-360581_adaptiveTTL,adaptiveTTL,burst-load,1788100542.361000,85.000419,adaptive_ttl_backend_p99_milliseconds,all,261.29897
2026-08-30_14-34-17-360581_adaptiveTTL,adaptiveTTL,burst-load,1788100543.361000,86.000419,adaptive_ttl_backend_p99_milliseconds,all,261.29897
2026-08-30_14-34-17-360581_adaptiveTTL,adaptiveTTL,burst-load,1788100544.361000,87.000419,adaptive_ttl_backend_p99_milliseconds,all,261.29897
2026-08-30_14-34-17-360581_adaptiveTTL,adaptiveTTL,burst-load,1788100545.361000,88.000419,adaptive_ttl_backend_p99_milliseconds,all,261.29897
2026-08-30_14-34-17-360581_adaptiveTTL,adaptiveTTL,burst-load,1788100546.361000,89.000419,adaptive_ttl_backend_p99_milliseconds,all,251.4309665
2026-08-30_14-34-17-360581_adaptiveTTL,adaptiveTTL,burst-load,1788100547.361000,90.000419,adaptive_ttl_backend_p99_milliseconds,all,246.313224
2026-08-30_14-34-17-360581_adaptiveTTL,adaptiveTTL,burst-load,1788100548.361000,91.000419,adaptive_ttl_backend_p99_milliseconds,all,246.313224
2026-08-30_14-34-17-360581_adaptiveTTL,adaptiveTTL,burst-load,1788100549.361000,92.000419,adaptive_ttl_backend_p99_milliseconds,all,241.562963
2026-08-30_14-34-17-360581_adaptiveTTL,adaptiveTTL,burst-load,1788100550.361000,93.000419,adaptive_ttl_backend_p99_milliseconds,all,231.51845500000002
2026-08-30_14-34-17-360581_adaptiveTTL,adaptiveTTL,burst-load,1788100551.361000,94.000419,adaptive_ttl_backend_p99_milliseconds,all,221.473947
2026-08-30_14-34-17-360581_adaptiveTTL,adaptiveTTL,burst-load,1788100552.361000,95.000419,adaptive_ttl_backend_p99_milliseconds,all,221.473947
2026-08-30_14-34-17-360581_adaptiveTTL,adaptiveTTL,burst-load,1788100553.361000,96.000419,adaptive_ttl_backend_p99_milliseconds,all,221.473947
2026-08-30_14-34-17-360581_adaptiveTTL,adaptiveTTL,burst-load,1788100554.361000,97.000419,adaptive_ttl_backend_p99_milliseconds,all,221.473947
2026-08-30_14-34-17-360581_adaptiveTTL,adaptiveTTL,burst-load,1788100555.361000,98.000419,adaptive_ttl_backend_p99_milliseconds,all,221.473947
2026-08-30_14-34-17-360581_adaptiveTTL,adaptiveTTL,burst-load,1788100556.361000,99.000419,adaptive_ttl_backend_p99_milliseconds,all,221.473947
2026-08-30_14-34-17-360581_adaptiveTTL,adaptiveTTL,burst-load,1788100557.361000,100.000419,adaptive_ttl_backend_p99_milliseconds,all,221.473947
2026-08-30_14-34-17-360581_adaptiveTTL,adaptiveTTL,burst-load,1788100558.361000,101.000419,adaptive_ttl_backend_p99_milliseconds,all,221.473947
2026-08-30_14-34-17-360581_adaptiveTTL,adaptiveTTL,burst-load,1788100559.361000,102.000419,adaptive_ttl_backend_p99_milliseconds,all,221.473947
2026-08-30_14-34-17-360581_adaptiveTTL,adaptiveTTL,burst-load,1788100560.361000,103.000419,adaptive_ttl_backend_p99_milliseconds,all,226.558255
2026-08-30_14-34-17-360581_adaptiveTTL,adaptiveTTL,burst-load,1788100561.361000,104.000419,adaptive_ttl_backend_p99_milliseconds,all,231.642563
2026-08-30_14-34-17-360581_adaptiveTTL,adaptiveTTL,burst-load,1788100562.361000,105.000419,adaptive_ttl_backend_p99_milliseconds,all,231.642563
2026-08-30_14-34-17-360581_adaptiveTTL,adaptiveTTL,burst-load,1788100563.361000,106.000419,adaptive_ttl_backend_p99_milliseconds,all,231.642563
2026-08-30_14-34-17-360581_adaptiveTTL,adaptiveTTL,burst-load,1788100564.361000,107.000419,adaptive_ttl_backend_p99_milliseconds,all,231.642563
2026-08-30_14-34-17-360581_adaptiveTTL,adaptiveTTL,burst-load,1788100565.361000,108.000419,adaptive_ttl_backend_p99_milliseconds,all,231.642563
2026-08-30_14-34-17-360581_adaptiveTTL,adaptiveTTL,burst-load,1788100566.361000,109.000419,adaptive_ttl_backend_p99_milliseconds,all,231.642563
2026-08-30_14-34-17-360581_adaptiveTTL,adaptiveTTL,burst-load,1788100567.361000,110.000419,adaptive_ttl_backend_p99_milliseconds,all,231.642563
2026-08-30_14-34-17-360581_adaptiveTTL,adaptiveTTL,burst-load,1788100568.361000,111.000419,adaptive_ttl_backend_p99_milliseconds,all,231.642563
2026-08-30_14-34-17-360581_adaptiveTTL,adaptiveTTL,burst-load,1788100569.361000,112.000419,adaptive_ttl_backend_p99_milliseconds,all,231.642563
2026-08-30_14-34-17-360581_adaptiveTTL,adaptiveTTL,burst-load,1788100570.361000,113.000419,adaptive_ttl_backend_p99_milliseconds,all,231.642563
2026-08-30_14-34-17-360581_adaptiveTTL,adaptiveTTL,burst-load,1788100571.361000,114.000419,adaptive_ttl_backend_p99_milliseconds,all,231.642563
2026-08-30_14-34-17-360581_adaptiveTTL,adaptiveTTL,burst-load,1788100572.361000,115.000419,adaptive_ttl_backend_p99_milliseconds,all,231.642563
2026-08-30_14-34-17-360581_adaptiveTTL,adaptiveTTL,burst-load,1788100573.361000,116.000419,adaptive_ttl_backend_p99_milliseconds,all,231.642563
2026-08-30_14-34-17-360581_adaptiveTTL,adaptiveTTL,burst-load,1788100574.361000,117.000419,adaptive_ttl_backend_p99_milliseconds,all,231.27302600000002
2026-08-30_14-34-17-360581_adaptiveTTL,adaptiveTTL,burst-load,1788100575.361000,118.000419,adaptive_ttl_backend_p99_milliseconds,all,230.903489
2026-08-30_14-34-17-360581_adaptiveTTL,adaptiveTTL,burst-load,1788100576.361000,119.000419,adaptive_ttl_backend_p99_milliseconds,all,231.1023365
2026-08-30_14-34-17-360581_adaptiveTTL,adaptiveTTL,burst-load,1788100577.361000,120.000419,adaptive_ttl_backend_p99_milliseconds,all,231.301184
2026-08-30_14-34-17-360581_adaptiveTTL,adaptiveTTL,burst-load,1788100578.361000,121.000419,adaptive_ttl_backend_p99_milliseconds,all,231.301184
2026-08-30_14-34-17-360581_adaptiveTTL,adaptiveTTL,burst-load,1788100579.361000,122.000419,adaptive_ttl_backend_p99_milliseconds,all,231.301184
