experiment_id,experiment_name,test_name,timestamp,relative_time_seconds,metric,series,value
2026-08-24_12-23-14-416053_earlyRefresh,earlyRefresh,high-skew-zipf,1787574194.416000,-0.000053,all_requests,all,0
2026-08-24_12-23-14-416053_earlyRefresh,earlyRefresh,high-skew-zipf,1787574195.416000,0.999947,all_requests,all,2
2026-08-24_12-23-14-416053_earlyRefresh,earlyRefresh,high-skew-zipf,1787574196.416000,1.999947,all_requests,all,11
2026-08-24_12-23-14-416053_earlyRefresh,earlyRefresh,high-skew-zipf,1787574197.416000,2.999947,all_requests,all,25
2026-08-24_12-23-14-416053_earlyRefresh,earlyRefresh,high-skew-zipf,1787574198.416000,3.999947,all_requests,all,45
2026-08-24_12-23-14-416053_earlyRefresh,earlyRefresh,high-skew-zipf,1787574199.416000,4.999947,all_requests,all,69
2026-08-24_12-23-14-416053_earlyRefresh,earlyRefresh,high-skew-zipf,1787574200.416000,5.999947,all_requests,all,98
2026-08-24_12-23-14-416053_earlyRefresh,earlyRefresh,high-skew-zipf,1787574201.416000,6.999947,all_requests,all,132
2026-08-24_12-23-14-416053_earlyRefresh,earlyRefresh,high-skew-zipf,1787574202.416000,7.999947,all_requests,all,170
2026-08-24_12-23-14-416053_earlyRefresh,earlyRefresh,high-skew-zipf,1787574203.416000,8.999947,all_requests,all,213
2026-08-24_12-23-14-416053_earlyRefresh,earlyRefresh,high-skew-zipf,1787574204.416000,9.999947,all_requests,all,261
2026-08-24_12-23-14-416053_earlyRefresh,earlyRefresh,high-skew-zipf,1787574205.416000,10.999947,all_requests,all,315
2026-08-24_12-23-14-416053_earlyRefresh,earlyRefresh,high-skew-zipf,1787574206.416000,11.999947,all_requests,all,372
2026-08-24_12-23-14-416053_earlyRefresh,earlyRefresh,high-skew-zipf,1787574207.416000,12.999947,all_requests,all,436
2026-08-24_12-23-14-416053_earlyRefresh,earlyRefresh,high-skew-zipf,1787574208.416000,13.999947,all_requests,all,503
2026-08-24_12-23-14-416053_earlyRefresh,earlyRefresh,high-skew-zipf,1787574209.416000,14.999947,all_requests,all,576
2026-08-24_12-23-14-416053_earlyRefresh,earlyRefresh,high-skew-zipf,1787574210.416000,15.999947,all_requests,all,653
2026-08-24_12-23-14-416053_earlyRefresh,earlyRefresh,high-skew-zipf,1787574211.416000,16.999947,all_requests,all,731
2026-08-24_12-23-14-416053_earlyRefresh,earlyRefresh,high-skew-zipf,1787574212.416000,17.999947,all_requests,all,809
2026-08-24_12-23-14-416053_earlyRefresh,earlyRefresh,high-skew-zipf,1787574213.416000,18.999947,all_requests,all,887
2026-08-24_12-23-14-416053_earlyRefresh,earlyRefresh,high-skew-zipf,1787574214.416000,19.999947,all_requests,all,965
2026-08-24_12-23-14-416053_earlyRefresh,earlyRefresh,high-skew-zipf,1787574215.416000,20.999947,all_requests,all,1043
2026-08-24_12-23-14-416053_earlyRefresh,earlyRefresh,high-skew-zipf,1787574216.416000,21.999947,all_requests,all,1121
2026-08-24_12-23-14-416053_earlyRefresh,earlyRefresh,high-skew-zipf,1787574217.416000,22.999947,all_requests,all,1199
2026-08-24_12-23-14-416053_earlyRefresh,earlyRefresh,high-skew-zipf,1787574218.416000,23.999947,all_requests,all,1277
2026-08-24_12-23-14-416053_earlyRefresh,earlyRefresh,high-skew-zipf,1787574219.416000,24.999947,all_requests,all,1355
2026-08-24_12-23-14-416053_earlyRefresh,earlyRefresh,high-skew-zipf,1787574220.416000,25.999947,all_requests,all,1433
2026-08-24_12-23-14-416053_earlyRefresh,earlyRefresh,high-skew-zipf,1787574221.416000,26.999947,all_requests,all,1511
2026-08-24_12-23-14-416053_earlyRefresh,earlyRefresh,high-skew-zipf,1787574222.416000,27.999947,all_requests,all,1589
2026-08-24_12-23-14-416053_earlyRefresh,earlyRefresh,high-skew-zipf,1787574223.416000,28.999947,all_requests,all,1667
2026-08-24_12-23-14-416053_earlyRefresh,earlyRefresh,high-skew-zipf,1787574224.416000,29.999947,all_requests,all,1745
2026-08-24_12-23-14-416053_earlyRefresh,earlyRefresh,high-skew-zipf,1787574225.416000,30.999947,all_requests,all,1823
2026-08-24_12-23-14-416053_earlyRefresh,earlyRefresh,high-skew-zipf,1787574226.416000,31.999947,all_requests,all,1901
2026-08-24_12-23-14-416053_earlyRefresh,earlyRefresh,high-skew-zipf,1787574227.416000,32.999947,all_requests,all,1979
2026-08-24_12-23-14-416053_earlyRefresh,earlyRefresh,high-skew-zipf,1787574228.416000,33.999947,all_requests,all,2057
2026-08-24_12-23-14-416053_earlyRefresh,earlyRefresh,high-skew-zipf,1787574229.416000,34.999947,all_requests,all,2135
2026-08-24_12-23-14-416053_earlyRefresh,earlyRefresh,high-skew-zipf,1787574230.416000,35.999947,all_requests,all,2213
2026-08-24_12-23-14-416053_earlyRefresh,earlyRefresh,high-skew-zipf,1787574231.416000,36.999947,all_requests,all,2291
2026-08-24_12-23-14-416053_earlyRefresh,earlyRefresh,high-skew-zipf,1787574232.416000,37.999947,all_requests,all,2369
2026-08-24_12-23-14-416053_earlyRefresh,earlyRefresh,high-skew-zipf,1787574233.416000,38.999947,all_requests,all,2447
2026-08-24_12-23-14-416053_earlyRefresh,earlyRefresh,high-skew-zipf,1787574234.416000,39.999947,all_requests,all,2525
2026-08-24_12-23-14-416053_earlyRefresh,earlyRefresh,high-skew-zipf,1787574235.416000,40.999947,all_requests,all,2603
2026-08-24_12-23-14-416053_earlyRefresh,earlyRefresh,high-skew-zipf,1787574236.416000,41.999947,all_requests,all,2681
2026-08-24_12-23-14-416053_earlyRefresh,earlyRefresh,high-skew-zipf,1787574237.416000,42.999947,all_requests,all,2759
2026-08-24_12-23-14-416053_earlyRefresh,earlyRefresh,high-skew-zipf,1787574238.416000,43.999947,all_requests,all,2837
2026-08-24_12-23-14-416053_earlyRefresh,earlyRefresh,high-skew-zipf,1787574239.416000,44.999947,all_requests,all,2915
2026-08-24_12-23-14-416053_earlyRefresh,earlyRefresh,high-skew-zipf,1787574240.416000,45.999947,all_requests,all,2993
2026-08-24_12-23-14-416053_earlyRefresh,earlyRefresh,high-skew-zipf,1787574241.416000,46.999947,all_requests,all,3071
2026-08-24_12-23-14-416053_earlyRefresh,earlyRefresh,high-skew-zipf,1787574242.416000,47.999947,all_requests,all,3149
2026-08-24_12-23-14-416053_earlyRefresh,earlyRefresh,high-skew-zipf,1787574243.416000,48.999947,all_requests,all,3227
2026-08-24_12-23-14-416053_earlyRefresh,earlyRefresh,high-skew-zipf,1787574244.416000,49.999947,all_requests,all,3305
2026-08-24_12-23-14-416053_earlyRefresh,earlyRefresh,high-skew-zipf,1787574245.416000,50.999947,all_requests,all,3383
2026-08-24_12-23-14-416053_earlyRefresh,earlyRefresh,high-skew-zipf,1787574246.416000,51.999947,all_requests,all,3461
2026-08-24_12-23-14-416053_earlyRefresh,earlyRefresh,high-skew-zipf,1787574247.416000,52.999947,all_requests,all,3539
2026-08-24_12-23-14-416053_earlyRefresh,earlyRefresh,high-skew-zipf,1787574248.416000,53.999947,all_requests,all,3617
2026-08-24_12-23-14-416053_earlyRefresh,earlyRefresh,high-skew-zipf,1787574249.416000,54.999947,all_requests,all,3695
2026-08-24_12-23-14-416053_earlyRefresh,earlyRefresh,high-skew-zipf,1787574250.416000,55.999947,all_requests,all,3773
2026-08-24_12-23-14-416053_earlyRefresh,earlyRefresh,high-skew-zipf,1787574251.416000,56.999947,all_requests,all,3851
2026-08-24_12-23-14-416053_earlyRefresh,earlyRefresh,high-skew-zipf,1787574252.416000,57.999947,all_requests,all,3929
2026-08-24_12-23-14-416053_earlyRefresh,earlyRefresh,high-skew-zipf,1787574253.416000,58.999947,all_requests,all,4007
2026-08-24_12-23-14-416053_earlyRefresh,earlyRefresh,high-skew-zipf,1787574254.416000,59.999947,all_requests,all,4085
2026-08-24_12-23-14-416053_earlyRefresh,earlyRefresh,high-skew-zipf,1787574255.416000,60.999947,all_requests,all,4163
2026-08-24_12-23-14-416053_earlyRefresh,earlyRefresh,high-skew-zipf,1787574256.416000,61.999947,all_requests,all,4241
2026-08-24_12-23-14-416053_earlyRefresh,earlyRefresh,high-skew-zipf,1787574257.416000,62.999947,all_requests,all,4319
2026-08-24_12-23-14-416053_earlyRefresh,earlyRefresh,high-skew-zipf,1787574258.416000,63.999947,all_requests,all,4397
2026-08-24_12-23-14-416053_earlyRefresh,earlyRefresh,high-skew-zipf,1787574259.416000,64.999947,all_requests,all,4475
2026-08-24_12-23-14-416053_earlyRefresh,earlyRefresh,high-skew-zipf,1787574260.416000,65.999947,all_requests,all,4553
2026-08-24_12-23-14-416053_earlyRefresh,earlyRefresh,high-skew-zipf,1787574261.416000,66.999947,all_requests,all,4631
2026-08-24_12-23-14-416053_earlyRefresh,earlyRefresh,high-skew-zipf,1787574262.416000,67.999947,all_requests,all,4709
2026-08-24_12-23-14-416053_earlyRefresh,earlyRefresh,high-skew-zipf,1787574263.416000,68.999947,all_requests,all,4787
2026-08-24_12-23-14-416053_earlyRefresh,earlyRefresh,high-skew-zipf,1787574264.416000,69.999947,all_requests,all,4865
2026-08-24_12-23-14-416053_earlyRefresh,earlyRefresh,high-skew-zipf,1787574265.416000,70.999947,all_requests,all,4943
2026-08-24_12-23-14-416053_earlyRefresh,earlyRefresh,high-skew-zipf,1787574266.416000,71.999947,all_requests,all,5021
2026-08-24_12-23-14-416053_earlyRefresh,earlyRefresh,high-skew-zipf,1787574267.416000,72.999947,all_requests,all,5099
2026-08-24_12-23-14-416053_earlyRefresh,earlyRefresh,high-skew-zipf,1787574268.416000,73.999947,all_requests,all,5177
2026-08-24_12-23-14-416053_earlyRefresh,earlyRefresh,high-skew-zipf,1787574269.416000,74.999947,all_requests,all,5255
2026-08-24_12-23-14-416053_earlyRefresh,earlyRefresh,high-skew-zipf,1787574270.416000,75.999947,all_requests,all,5333
2026-08-24_12-23-14-416053_earlyRefresh,earlyRefresh,high-skew-zipf,1787574271.416000,76.999947,all_requests,all,5411
2026-08-24_12-23-14-416053_earlyRefresh,earlyRefresh,high-skew-zipf,1787574272.416000,77.999947,all_requests,all,5489
2026-08-24_12-23-14-416053_earlyRefresh,earlyRefresh,high-skew-zipf,1787574273.416000,78.999947,all_requests,all,5567
2026-08-24_12-23-14-416053_earlyRefresh,earlyRefresh,high-skew-zipf,1787574274.416000,79.999947,all_requests,all,5645
2026-08-24_12-23-14-416053_earlyRefresh,earlyRefresh,high-skew-zipf,1787574275.416000,80.999947,all_requests,all,5723
2026-08-24_12-23-14-416053_earlyRefresh,earlyRefresh,high-skew-zipf,1787574276.416000,81.999947,all_requests,all,5801
2026-08-24_12-23-14-416053_earlyRefresh,earlyRefresh,high-skew-zipf,1787574277.416000,82.999947,all_requests,all,5879
2026-08-24_12-23-14-416053_earlyRefresh,earlyRefresh,high-skew-zipf,1787574278.416000,83.999947,all_requests,all,5957
2026-08-24_12-23-14-416053_earlyRefresh,earlyRefresh,high-skew-zipf,1787574279.416000,84.999947,all_requests,all,6035
2026-08-24_12-23-14-416053_earlyRefresh,earlyRefresh,high-skew-zipf,1787574280.416000,85.999947,all_requests,all,6113
2026-08-24_12-23-14-416053_earlyRefresh,earlyRefresh,high-skew-zipf,1787574281.416000,86.999947,all_requests,all,6191
2026-08-24_12-23-14-416053_earlyRefresh,earlyRefresh,high-skew-zipf,1787574282.416000,87.999947,all_requests,all,6269
2026-08-24_12-23-14-416053_earlyRefresh,earlyRefresh,high-skew-zipf,1787574283.416000,88.999947,all_requests,all,6347
2026-08-24_12-23-14-416053_earlyRefresh,earlyRefresh,high-skew-zipf,1787574284.416000,89.999947,all_requests,all,6425
2026-08-24_12-23-14-416053_earlyRefresh,earlyRefresh,high-skew-zipf,1787574285.416000,90.999947,all_requests,all,6503
2026-08-24_12-23-14-416053_earlyRefresh,earlyRefresh,high-skew-zipf,1787574286.416000,91.999947,all_requests,all,6581
2026-08-24_12-23-14-416053_earlyRefresh,earlyRefresh,high-skew-zipf,1787574287.416000,92.999947,all_requests,all,6659
2026-08-24_12-23-14-416053_earlyRefresh,earlyRefresh,high-skew-zipf,1787574288.416000,93.999947,all_requests,all,6737
2026-08-24_12-23-14-416053_earlyRefresh,earlyRefresh,high-skew-zipf,1787574289.416000,94.999947,all_requests,all,6815
2026-08-24_12-23-14-416053_earlyRefresh,earlyRefresh,high-skew-zipf,1787574290.416000,95.999947,all_requests,all,6893
2026-08-24_12-23-14-416053_earlyRefresh,earlyRefresh,high-skew-zipf,1787574291.416000,96.999947,all_requests,all,6971
2026-08-24_12-23-14-416053_earlyRefresh,earlyRefresh,high-skew-zipf,1787574292.416000,97.999947,all_requests,all,7049
2026-08-24_12-23-14-416053_earlyRefresh,earlyRefresh,high-skew-zipf,1787574293.416000,98.999947,all_requests,all,7127
2026-08-24_12-23-14-416053_earlyRefresh,earlyRefresh,high-skew-zipf,1787574294.416000,99.999947,all_requests,all,7205
2026-08-24_12-23-14-416053_earlyRefresh,earlyRefresh,high-skew-zipf,1787574295.416000,100.999947,all_requests,all,7283
2026-08-24_12-23-14-416053_earlyRefresh,earlyRefresh,high-skew-zipf,1787574296.416000,101.999947,all_requests,all,7361
2026-08-24_12-23-14-416053_earlyRefresh,earlyRefresh,high-skew-zipf,1787574297.416000,102.999947,all_requests,all,7439
2026-08-24_12-23-14-416053_earlyRefresh,earlyRefresh,high-skew-zipf,1787574298.416000,103.999947,all_requests,all,7517
2026-08-24_12-23-14-416053_earlyRefresh,earlyRefresh,high-skew-zipf,1787574299.416000,104.999947,all_requests,all,7595
2026-08-24_12-23-14-416053_earlyRefresh,earlyRefresh,high-skew-zipf,1787574300.416000,105.999947,all_requests,all,7673
2026-08-24_12-23-14-416053_earlyRefresh,earlyRefresh,high-skew-zipf,1787574301.416000,106.999947,all_requests,all,7751
2026-08-24_12-23-14-416053_earlyRefresh,earlyRefresh,high-skew-zipf,1787574302.416000,107.999947,all_requests,all,7829
2026-08-24_12-23-14-416053_earlyRefresh,earlyRefresh,high-skew-zipf,1787574303.416000,108.999947,all_requests,all,7907
2026-08-24_12-23-14-416053_earlyRefresh,earlyRefresh,high-skew-zipf,1787574304.416000,109.999947,all_requests,all,7985
2026-08-24_12-23-14-416053_earlyRefresh,earlyRefresh,high-skew-zipf,1787574305.416000,110.999947,all_requests,all,8063
2026-08-24_12-23-14-416053_earlyRefresh,earlyRefresh,high-skew-zipf,1787574306.416000,111.999947,all_requests,all,8141
2026-08-24_12-23-14-416053_earlyRefresh,earlyRefresh,high-skew-zipf,1787574307.416000,112.999947,all_requests,all,8219
2026-08-24_12-23-14-416053_earlyRefresh,earlyRefresh,high-skew-zipf,1787574308.416000,113.999947,all_requests,all,8297
2026-08-24_12-23-14-416053_earlyRefresh,earlyRefresh,high-skew-zipf,1787574309.416000,114.999947,all_requests,all,8375
2026-08-24_12-23-14-416053_earlyRefresh,earlyRefresh,high-skew-zipf,1787574310.416000,115.999947,all_requests,all,8453
2026-08-24_12-23-14-416053_earlyRefresh,earlyRefresh,high-skew-zipf,1787574311.416000,116.999947,all_requests,all,8531
2026-08-24_12-23-14-416053_earlyRefresh,earlyRefresh,high-skew-zipf,1787574312.416000,117.999947,all_requests,all,8609
2026-08-24_12-23-14-416053_earlyRefresh,earlyRefresh,high-skew-zipf,1787574313.416000,118.999947,all_requests,all,8687
2026-08-24_12-23-14-416053_earlyRefresh,earlyRefresh,high-skew-zipf,1787574314.416000,119.999947,all_requests,all,8765
2026-08-24_12-23-14-416053_earlyRefresh,earlyRefresh,high-skew-zipf,1787574315.416000,120.999947,all_requests,all,8843
2026-08-24_12-23-14-416053_earlyRefresh,earlyRefresh,high-skew-zipf,1787574316.416000,121.999947,all_requests,all,8921
2026-08-24_12-23-14-416053_earlyRefresh,earlyRefresh,high-skew-zipf,1787574317.416000,122.999947,all_requests,all,8999
2026-08-24_12-23-14-416053_earlyRefresh,earlyRefresh,high-skew-zipf,1787574318.416000,123.999947,all_requests,all,9077
2026-08-24_12-23-14-416053_earlyRefresh,earlyRefresh,high-skew-zipf,1787574319.416000,124.999947,all_requests,all,9155
2026-08-24_12-23-14-416053_earlyRefresh,earlyRefresh,high-skew-zipf,1787574320.416000,125.999947,all_requests,all,9233
2026-08-24_12-23-14-416053_earlyRefresh,earlyRefresh,high-skew-zipf,1787574321.416000,126.999947,all_requests,all,9311
2026-08-24_12-23-14-416053_earlyRefresh,earlyRefresh,high-skew-zipf,1787574322.416000,127.999947,all_requests,all,9389
2026-08-24_12-23-14-416053_earlyRefresh,earlyRefresh,high-skew-zipf,1787574323.416000,128.999947,all_requests,all,9467
2026-08-24_12-23-14-416053_earlyRefresh,earlyRefresh,high-skew-zipf,1787574324.416000,129.999947,all_requests,all,9545
2026-08-24_12-23-14-416053_earlyRefresh,earlyRefresh,high-skew-zipf,1787574325.416000,130.999947,all_requests,all,9623
2026-08-24_12-23-14-416053_earlyRefresh,earlyRefresh,high-skew-zipf,1787574326.416000,131.999947,all_requests,all,9701
2026-08-24_12-23-14-416053_earlyRefresh,earlyRefresh,high-skew-zipf,1787574327.416000,132.999947,all_requests,all,9779
2026-08-24_12-23-14-416053_earlyRefresh,earlyRefresh,high-skew-zipf,1787574328.416000,133.999947,all_requests,all,9857
2026-08-24_12-23-14-416053_earlyRefresh,earlyRefresh,high-skew-zipf,1787574329.416000,134.999947,all_requests,all,9935
2026-08-24_12-23-14-416053_earlyRefresh,earlyRefresh,high-skew-zipf,1787574330.416000,135.999947,all_requests,all,10013
2026-08-24_12-23-14-416053_earlyRefresh,earlyRefresh,high-skew-zipf,1787574331.416000,136.999947,all_requests,all,10091
2026-08-24_12-23-14-416053_earlyRefresh,earlyRefresh,high-skew-zipf,1787574332.416000,137.999947,all_requests,all,10169
2026-08-24_12-23-14-416053_earlyRefresh,earlyRefresh,high-skew-zipf,1787574333.416000,138.999947,all_requests,all,10247
2026-08-24_12-23-14-416053_earlyRefresh,earlyRefresh,high-skew-zipf,1787574334.416000,139.999947,all_requests,all,10325
2026-08-24_12-23-14-416053_earlyRefresh,earlyRefresh,high-skew-zipf,1787574335.416000,140.999947,all_requests,all,10403
2026-08-24_12-23-14-416053_earlyRefresh,earlyRefresh,high-skew-zipf,1787574336.416000,141.999947,all_requests,all,10481
2026-08-24_12-23-14-416053_earlyRefresh,earlyRefresh,high-skew-zipf,1787574337.416000,142.999947,all_requests,all,10559
2026-08-24_12-23-14-416053_earlyRefresh,earlyRefresh,high-skew-zipf,1787574338.416000,143.999947,all_requests,all,10637
2026-08-24_12-23-14-416053_earlyRefresh,earlyRefresh,high-skew-zipf,1787574339.416000,144.999947,all_requests,all,10715
2026-08-24_12-23-14-416053_earlyRefresh,earlyRefresh,high-skew-zipf,1787574340.416000,145.999947,all_requests,all,10793
2026-08-24_12-23-14-416053_earlyRefresh,earlyRefresh,high-skew-zipf,1787574341.416000,146.999947,all_requests,all,10871
2026-08-24_12-23-14-416053_earlyRefresh,earlyRefresh,high-skew-zipf,1787574342.416000,147.999947,all_requests,all,10949
2026-08-24_12-23-14-416053_earlyRefresh,earlyRefresh,high-skew-zipf,1787574343.416000,148.999947,all_requests,all,11027
2026-08-24_12-23-14-416053_earlyRefresh,earlyRefresh,high-skew-zipf,1787574344.416000,149.999947,all_requests,all,11105
2026-08-24_12-23-14-416053_earlyRefresh,earlyRefresh,high-skew-zipf,1787574345.416000,150.999947,all_requests,all,11183
2026-08-24_12-23-14-416053_earlyRefresh,earlyRefresh,high-skew-zipf,1787574346.416000,151.999947,all_requests,all,11261
2026-08-24_12-23-14-416053_earlyRefresh,earlyRefresh,high-skew-zipf,1787574347.416000,152.999947,all_requests,all,11339
2026-08-24_12-23-14-416053_earlyRefresh,earlyRefresh,high-skew-zipf,1787574348.416000,153.999947,all_requests,all,11417
2026-08-24_12-23-14-416053_earlyRefresh,earlyRefresh,high-skew-zipf,1787574349.416000,154.999947,all_requests,all,11495
2026-08-24_12-23-14-416053_earlyRefresh,earlyRefresh,high-skew-zipf,1787574350.416000,155.999947,all_requests,all,11573
2026-08-24_12-23-14-416053_earlyRefresh,earlyRefresh,high-skew-zipf,1787574351.416000,156.999947,all_requests,all,11651
2026-08-24_12-23-14-416053_earlyRefresh,earlyRefresh,high-skew-zipf,1787574352.416000,157.999947,all_requests,all,11729
2026-08-24_12-23-14-416053_earlyRefresh,earlyRefresh,high-skew-zipf,1787574353.416000,158.999947,all_requests,all,11807
2026-08-24_12-23-14-416053_earlyRefresh,earlyRefresh,high-skew-zipf,1787574354.416000,159.999947,all_requests,all,11885
2026-08-24_12-23-14-416053_earlyRefresh,earlyRefresh,high-skew-zipf,1787574355.416000,160.999947,all_requests,all,11963
2026-08-24_12-23-14-416053_earlyRefresh,earlyRefresh,high-skew-zipf,1787574356.416000,161.999947,all_requests,all,12041
2026-08-24_12-23-14-416053_earlyRefresh,earlyRefresh,high-skew-zipf,1787574357.416000,162.999947,all_requests,all,12119
2026-08-24_12-23-14-416053_earlyRefresh,earlyRefresh,high-skew-zipf,1787574358.416000,163.999947,all_requests,all,12197
2026-08-24_12-23-14-416053_earlyRefresh,earlyRefresh,high-skew-zipf,1787574359.416000,164.999947,all_requests,all,12275
2026-08-24_12-23-14-416053_earlyRefresh,earlyRefresh,high-skew-zipf,1787574360.416000,165.999947,all_requests,all,12353
2026-08-24_12-23-14-416053_earlyRefresh,earlyRefresh,high-skew-zipf,1787574361.416000,166.999947,all_requests,all,12431
2026-08-24_12-23-14-416053_earlyRefresh,earlyRefresh,high-skew-zipf,1787574362.416000,167.999947,all_requests,all,12509
2026-08-24_12-23-14-416053_earlyRefresh,earlyRefresh,high-skew-zipf,1787574363.416000,168.999947,all_requests,all,12587
2026-08-24_12-23-14-416053_earlyRefresh,earlyRefresh,high-skew-zipf,1787574364.416000,169.999947,all_requests,all,12665
2026-08-24_12-23-14-416053_earlyRefresh,earlyRefresh,high-skew-zipf,1787574365.416000,170.999947,all_requests,all,12743
2026-08-24_12-23-14-416053_earlyRefresh,earlyRefresh,high-skew-zipf,1787574366.416000,171.999947,all_requests,all,12821
2026-08-24_12-23-14-416053_earlyRefresh,earlyRefresh,high-skew-zipf,1787574367.416000,172.999947,all_requests,all,12899
2026-08-24_12-23-14-416053_earlyRefresh,earlyRefresh,high-skew-zipf,1787574368.416000,173.999947,all_requests,all,12977
2026-08-24_12-23-14-416053_earlyRefresh,earlyRefresh,high-skew-zipf,1787574369.416000,174.999947,all_requests,all,13055
2026-08-24_12-23-14-416053_earlyRefresh,earlyRefresh,high-skew-zipf,1787574370.416000,175.999947,all_requests,all,13133
2026-08-24_12-23-14-416053_earlyRefresh,earlyRefresh,high-skew-zipf,1787574371.416000,176.999947,all_requests,all,13211
2026-08-24_12-23-14-416053_earlyRefresh,earlyRefresh,high-skew-zipf,1787574372.416000,177.999947,all_requests,all,13289
2026-08-24_12-23-14-416053_earlyRefresh,earlyRefresh,high-skew-zipf,1787574373.416000,178.999947,all_requests,all,13367
2026-08-24_12-23-14-416053_earlyRefresh,earlyRefresh,high-skew-zipf,1787574374.416000,179.999947,all_requests,all,13445
2026-08-24_12-23-14-416053_earlyRefresh,earlyRefresh,high-skew-zipf,1787574375.416000,180.999947,all_requests,all,13523
2026-08-24_12-23-14-416053_earlyRefresh,earlyRefresh,high-skew-zipf,1787574376.416000,181.999947,all_requests,all,13601
2026-08-24_12-23-14-416053_earlyRefresh,earlyRefresh,high-skew-zipf,1787574377.416000,182.999947,all_requests,all,13679
2026-08-24_12-23-14-416053_earlyRefresh,earlyRefresh,high-skew-zipf,1787574378.416000,183.999947,all_requests,all,13757
2026-08-24_12-23-14-416053_earlyRefresh,earlyRefresh,high-skew-zipf,1787574379.416000,184.999947,all_requests,all,13835
2026-08-24_12-23-14-416053_earlyRefresh,earlyRefresh,high-skew-zipf,1787574380.416000,185.999947,all_requests,all,13913
2026-08-24_12-23-14-416053_earlyRefresh,earlyRefresh,high-skew-zipf,1787574381.416000,186.999947,all_requests,all,13991
2026-08-24_12-23-14-416053_earlyRefresh,earlyRefresh,high-skew-zipf,1787574382.416000,187.999947,all_requests,all,14069
2026-08-24_12-23-14-416053_earlyRefresh,earlyRefresh,high-skew-zipf,1787574383.416000,188.999947,all_requests,all,14147
2026-08-24_12-23-14-416053_earlyRefresh,earlyRefresh,high-skew-zipf,1787574384.416000,189.999947,all_requests,all,14225
2026-08-24_12-23-14-416053_earlyRefresh,earlyRefresh,high-skew-zipf,1787574385.416000,190.999947,all_requests,all,14303
2026-08-24_12-23-14-416053_earlyRefresh,earlyRefresh,high-skew-zipf,1787574386.416000,191.999947,all_requests,all,14381
2026-08-24_12-23-14-416053_earlyRefresh,earlyRefresh,high-skew-zipf,1787574387.416000,192.999947,all_requests,all,14459
2026-08-24_12-23-14-416053_earlyRefresh,earlyRefresh,high-skew-zipf,1787574388.416000,193.999947,all_requests,all,14537
2026-08-24_12-23-14-416053_earlyRefresh,earlyRefresh,high-skew-zipf,1787574389.416000,194.999947,all_requests,all,14615
2026-08-24_12-23-14-416053_earlyRefresh,earlyRefresh,high-skew-zipf,1787574390.416000,195.999947,all_requests,all,14693
2026-08-24_12-23-14-416053_earlyRefresh,earlyRefresh,high-skew-zipf,1787574391.416000,196.999947,all_requests,all,14771
2026-08-24_12-23-14-416053_earlyRefresh,earlyRefresh,high-skew-zipf,1787574392.416000,197.999947,all_requests,all,14849
2026-08-24_12-23-14-416053_earlyRefresh,earlyRefresh,high-skew-zipf,1787574393.416000,198.999947,all_requests,all,14927
2026-08-24_12-23-14-416053_earlyRefresh,earlyRefresh,high-skew-zipf,1787574394.416000,199.999947,all_requests,all,15005
2026-08-24_12-23-14-416053_earlyRefresh,earlyRefresh,high-skew-zipf,1787574395.416000,200.999947,all_requests,all,15083
2026-08-24_12-23-14-416053_earlyRefresh,earlyRefresh,high-skew-zipf,1787574396.416000,201.999947,all_requests,all,15161
2026-08-24_12-23-14-416053_earlyRefresh,earlyRefresh,high-skew-zipf,1787574397.416000,202.999947,all_requests,all,15239
2026-08-24_12-23-14-416053_earlyRefresh,earlyRefresh,high-skew-zipf,1787574398.416000,203.999947,all_requests,all,15317
2026-08-24_12-23-14-416053_earlyRefresh,earlyRefresh,high-skew-zipf,1787574399.416000,204.999947,all_requests,all,15395
2026-08-24_12-23-14-416053_earlyRefresh,earlyRefresh,high-skew-zipf,1787574400.416000,205.999947,all_requests,all,15473
2026-08-24_12-23-14-416053_earlyRefresh,earlyRefresh,high-skew-zipf,1787574401.416000,206.999947,all_requests,all,15551
2026-08-24_12-23-14-416053_earlyRefresh,earlyRefresh,high-skew-zipf,1787574402.416000,207.999947,all_requests,all,15629
2026-08-24_12-23-14-416053_earlyRefresh,earlyRefresh,high-skew-zipf,1787574403.416000,208.999947,all_requests,all,15707
2026-08-24_12-23-14-416053_earlyRefresh,earlyRefresh,high-skew-zipf,1787574404.416000,209.999947,all_requests,all,15785
2026-08-24_12-23-14-416053_earlyRefresh,earlyRefresh,high-skew-zipf,1787574405.416000,210.999947,all_requests,all,15863
2026-08-24_12-23-14-416053_earlyRefresh,earlyRefresh,high-skew-zipf,1787574406.416000,211.999947,all_requests,all,15941
2026-08-24_12-23-14-416053_earlyRefresh,earlyRefresh,high-skew-zipf,1787574407.416000,212.999947,all_requests,all,16019
2026-08-24_12-23-14-416053_earlyRefresh,earlyRefresh,high-skew-zipf,1787574408.416000,213.999947,all_requests,all,16097
2026-08-24_12-23-14-416053_earlyRefresh,earlyRefresh,high-skew-zipf,1787574409.416000,214.999947,all_requests,all,16175
2026-08-24_12-23-14-416053_earlyRefresh,earlyRefresh,high-skew-zipf,1787574410.416000,215.999947,all_requests,all,16253
2026-08-24_12-23-14-416053_earlyRefresh,earlyRefresh,high-skew-zipf,1787574411.416000,216.999947,all_requests,all,16331
2026-08-24_12-23-14-416053_earlyRefresh,earlyRefresh,high-skew-zipf,1787574412.416000,217.999947,all_requests,all,16409
2026-08-24_12-23-14-416053_earlyRefresh,earlyRefresh,high-skew-zipf,1787574413.416000,218.999947,all_requests,all,16487
2026-08-24_12-23-14-416053_earlyRefresh,earlyRefresh,high-skew-zipf,1787574414.416000,219.999947,all_requests,all,16565
2026-08-24_12-23-14-416053_earlyRefresh,earlyRefresh,high-skew-zipf,1787574415.416000,220.999947,all_requests,all,16643
2026-08-24_12-23-14-416053_earlyRefresh,earlyRefresh,high-skew-zipf,1787574416.416000,221.999947,all_requests,all,16721
2026-08-24_12-23-14-416053_earlyRefresh,earlyRefresh,high-skew-zipf,1787574417.416000,222.999947,all_requests,all,16799
2026-08-24_12-23-14-416053_earlyRefresh,earlyRefresh,high-skew-zipf,1787574418.416000,223.999947,all_requests,all,16877
2026-08-24_12-23-14-416053_earlyRefresh,earlyRefresh,high-skew-zipf,1787574419.416000,224.999947,all_requests,all,16955
2026-08-24_12-23-14-416053_earlyRefresh,earlyRefresh,high-skew-zipf,1787574420.416000,225.999947,all_requests,all,17033
2026-08-24_12-23-14-416053_earlyRefresh,earlyRefresh,high-skew-zipf,1787574421.416000,226.999947,all_requests,all,17111
2026-08-24_12-23-14-416053_earlyRefresh,earlyRefresh,high-skew-zipf,1787574422.416000,227.999947,all_requests,all,17189
2026-08-24_12-23-14-416053_earlyRefresh,earlyRefresh,high-skew-zipf,1787574423.416000,228.999947,all_requests,all,17267
2026-08-24_12-23-14-416053_earlyRefresh,earlyRefresh,high-skew-zipf,1787574424.416000,229.999947,all_requests,all,17345
2026-08-24_12-23-14-416053_earlyRefresh,earlyRefresh,high-skew-zipf,1787574425.416000,230.999947,all_requests,all,17423
2026-08-24_12-23-14-416053_earlyRefresh,earlyRefresh,high-skew-zipf,1787574426.416000,231.999947,all_requests,all,17501
2026-08-24_12-23-14-416053_earlyRefresh,earlyRefresh,high-skew-zipf,1787574427.416000,232.999947,all_requests,all,17579
2026-08-24_12-23-14-416053_earlyRefresh,earlyRefresh,high-skew-zipf,1787574428.416000,233.999947,all_requests,all,17657
2026-08-24_12-23-14-416053_earlyRefresh,earlyRefresh,high-skew-zipf,1787574429.416000,234.999947,all_requests,all,17735
2026-08-24_12-23-14-416053_earlyRefresh,earlyRefresh,high-skew-zipf,1787574430.416000,235.999947,all_requests,all,17813
2026-08-24_12-23-14-416053_earlyRefresh,earlyRefresh,high-skew-zipf,1787574431.416000,236.999947,all_requests,all,17891
2026-08-24_12-23-14-416053_earlyRefresh,earlyRefresh,high-skew-zipf,1787574432.416000,237.999947,all_requests,all,17969
2026-08-24_12-23-14-416053_earlyRefresh,earlyRefresh,high-skew-zipf,1787574433.416000,238.999947,all_requests,all,18047
2026-08-24_12-23-14-416053_earlyRefresh,earlyRefresh,high-skew-zipf,1787574434.416000,239.999947,all_requests,all,18125
2026-08-24_12-23-14-416053_earlyRefresh,earlyRefresh,high-skew-zipf,1787574194.416000,-0.000053,l1_hits,all,0
2026-08-24_12-23-14-416053_earlyRefresh,earlyRefresh,high-skew-zipf,1787574195.416000,0.999947,l1_hits,all,0
2026-08-24_12-23-14-416053_earlyRefresh,earlyRefresh,high-skew-zipf,1787574196.416000,1.999947,l1_hits,all,2
2026-08-24_12-23-14-416053_earlyRefresh,earlyRefresh,high-skew-zipf,1787574197.416000,2.999947,l1_hits,all,8
2026-08-24_12-23-14-416053_earlyRefresh,earlyRefresh,high-skew-zipf,1787574198.416000,3.999947,l1_hits,all,21
2026-08-24_12-23-14-416053_earlyRefresh,earlyRefresh,high-skew-zipf,1787574199.416000,4.999947,l1_hits,all,36
2026-08-24_12-23-14-416053_earlyRefresh,earlyRefresh,high-skew-zipf,1787574200.416000,5.999947,l1_hits,all,60
2026-08-24_12-23-14-416053_earlyRefresh,earlyRefresh,high-skew-zipf,1787574201.416000,6.999947,l1_hits,all,75
2026-08-24_12-23-14-416053_earlyRefresh,earlyRefresh,high-skew-zipf,1787574202.416000,7.999947,l1_hits,all,104
2026-08-24_12-23-14-416053_earlyRefresh,earlyRefresh,high-skew-zipf,1787574203.416000,8.999947,l1_hits,all,136
2026-08-24_12-23-14-416053_earlyRefresh,earlyRefresh,high-skew-zipf,1787574204.416000,9.999947,l1_hits,all,176
2026-08-24_12-23-14-416053_earlyRefresh,earlyRefresh,high-skew-zipf,1787574205.416000,10.999947,l1_hits,all,219
2026-08-24_12-23-14-416053_earlyRefresh,earlyRefresh,high-skew-zipf,1787574206.416000,11.999947,l1_hits,all,262
2026-08-24_12-23-14-416053_earlyRefresh,earlyRefresh,high-skew-zipf,1787574207.416000,12.999947,l1_hits,all,303
2026-08-24_12-23-14-416053_earlyRefresh,earlyRefresh,high-skew-zipf,1787574208.416000,13.999947,l1_hits,all,353
2026-08-24_12-23-14-416053_earlyRefresh,earlyRefresh,high-skew-zipf,1787574209.416000,14.999947,l1_hits,all,410
2026-08-24_12-23-14-416053_earlyRefresh,earlyRefresh,high-skew-zipf,1787574210.416000,15.999947,l1_hits,all,469
2026-08-24_12-23-14-416053_earlyRefresh,earlyRefresh,high-skew-zipf,1787574211.416000,16.999947,l1_hits,all,517
2026-08-24_12-23-14-416053_earlyRefresh,earlyRefresh,high-skew-zipf,1787574212.416000,17.999947,l1_hits,all,576
2026-08-24_12-23-14-416053_earlyRefresh,earlyRefresh,high-skew-zipf,1787574213.416000,18.999947,l1_hits,all,630
2026-08-24_12-23-14-416053_earlyRefresh,earlyRefresh,high-skew-zipf,1787574214.416000,19.999947,l1_hits,all,683
2026-08-24_12-23-14-416053_earlyRefresh,earlyRefresh,high-skew-zipf,1787574215.416000,20.999947,l1_hits,all,742
2026-08-24_12-23-14-416053_earlyRefresh,earlyRefresh,high-skew-zipf,1787574216.416000,21.999947,l1_hits,all,802
2026-08-24_12-23-14-416053_earlyRefresh,earlyRefresh,high-skew-zipf,1787574217.416000,22.999947,l1_hits,all,852
2026-08-24_12-23-14-416053_earlyRefresh,earlyRefresh,high-skew-zipf,1787574218.416000,23.999947,l1_hits,all,919
2026-08-24_12-23-14-416053_earlyRefresh,earlyRefresh,high-skew-zipf,1787574219.416000,24.999947,l1_hits,all,983
2026-08-24_12-23-14-416053_earlyRefresh,earlyRefresh,high-skew-zipf,1787574220.416000,25.999947,l1_hits,all,1041
2026-08-24_12-23-14-416053_earlyRefresh,earlyRefresh,high-skew-zipf,1787574221.416000,26.999947,l1_hits,all,1102
2026-08-24_12-23-14-416053_earlyRefresh,earlyRefresh,high-skew-zipf,1787574222.416000,27.999947,l1_hits,all,1160
2026-08-24_12-23-14-416053_earlyRefresh,earlyRefresh,high-skew-zipf,1787574223.416000,28.999947,l1_hits,all,1221
2026-08-24_12-23-14-416053_earlyRefresh,earlyRefresh,high-skew-zipf,1787574224.416000,29.999947,l1_hits,all,1280
2026-08-24_12-23-14-416053_earlyRefresh,earlyRefresh,high-skew-zipf,1787574225.416000,30.999947,l1_hits,all,1337
2026-08-24_12-23-14-416053_earlyRefresh,earlyRefresh,high-skew-zipf,1787574226.416000,31.999947,l1_hits,all,1388
2026-08-24_12-23-14-416053_earlyRefresh,earlyRefresh,high-skew-zipf,1787574227.416000,32.999947,l1_hits,all,1434
2026-08-24_12-23-14-416053_earlyRefresh,earlyRefresh,high-skew-zipf,1787574228.416000,33.999947,l1_hits,all,1489
2026-08-24_12-23-14-416053_earlyRefresh,earlyRefresh,high-skew-zipf,1787574229.416000,34.999947,l1_hits,all,1546
2026-08-24_12-23-14-416053_earlyRefresh,earlyRefresh,high-skew-zipf,1787574230.416000,35.999947,l1_hits,all,1605
2026-08-24_12-23-14-416053_earlyRefresh,earlyRefresh,high-skew-zipf,1787574231.416000,36.999947,l1_hits,all,1668
2026-08-24_12-23-14-416053_earlyRefresh,earlyRefresh,high-skew-zipf,1787574232.416000,37.999947,l1_hits,all,1725
2026-08-24_12-23-14-416053_earlyRefresh,earlyRefresh,high-skew-zipf,1787574233.416000,38.999947,l1_hits,all,1774
2026-08-24_12-23-14-416053_earlyRefresh,earlyRefresh,high-skew-zipf,1787574234.416000,39.999947,l1_hits,all,1828
2026-08-24_12-23-14-416053_earlyRefresh,earlyRefresh,high-skew-zipf,1787574235.416000,40.999947,l1_hits,all,1889
2026-08-24_12-23-14-416053_earlyRefresh,earlyRefresh,high-skew-zipf,1787574236.416000,41.999947,l1_hits,all,1956
2026-08-24_12-23-14-416053_earlyRefresh,earlyRefresh,high-skew-zipf,1787574237.416000,42.999947,l1_hits,all,2016
2026-08-24_12-23-14-416053_earlyRefresh,earlyRefresh,high-skew-zipf,1787574238.416000,43.999947,l1_hits,all,2071
2026-08-24_12-23-14-416053_earlyRefresh,earlyRefresh,high-skew-zipf,1787574239.416000,44.999947,l1_hits,all,2132
2026-08-24_12-23-14-416053_earlyRefresh,earlyRefresh,high-skew-zipf,1787574240.416000,45.999947,l1_hits,all,2195
2026-08-24_12-23-14-416053_earlyRefresh,earlyRefresh,high-skew-zipf,1787574241.416000,46.999947,l1_hits,all,2262
2026-08-24_12-23-14-416053_earlyRefresh,earlyRefresh,high-skew-zipf,1787574242.416000,47.999947,l1_hits,all,2320
2026-08-24_12-23-14-416053_earlyRefresh,earlyRefresh,high-skew-zipf,1787574243.416000,48.999947,l1_hits,all,2374
2026-08-24_12-23-14-416053_earlyRefresh,earlyRefresh,high-skew-zipf,1787574244.416000,49.999947,l1_hits,all,2408
2026-08-24_12-23-14-416053_earlyRefresh,earlyRefresh,high-skew-zipf,1787574245.416000,50.999947,l1_hits,all,2470
2026-08-24_12-23-14-416053_earlyRefresh,earlyRefresh,high-skew-zipf,1787574246.416000,51.999947,l1_hits,all,2538
2026-08-24_12-23-14-416053_earlyRefresh,earlyRefresh,high-skew-zipf,1787574247.416000,52.999947,l1_hits,all,2602
2026-08-24_12-23-14-416053_earlyRefresh,earlyRefresh,high-skew-zipf,1787574248.416000,53.999947,l1_hits,all,2667
2026-08-24_12-23-14-416053_earlyRefresh,earlyRefresh,high-skew-zipf,1787574249.416000,54.999947,l1_hits,all,2716
2026-08-24_12-23-14-416053_earlyRefresh,earlyRefresh,high-skew-zipf,1787574250.416000,55.999947,l1_hits,all,2767
2026-08-24_12-23-14-416053_earlyRefresh,earlyRefresh,high-skew-zipf,1787574251.416000,56.999947,l1_hits,all,2827
2026-08-24_12-23-14-416053_earlyRefresh,earlyRefresh,high-skew-zipf,1787574252.416000,57.999947,l1_hits,all,2886
2026-08-24_12-23-14-416053_earlyRefresh,earlyRefresh,high-skew-zipf,1787574253.416000,58.999947,l1_hits,all,2943
2026-08-24_12-23-14-416053_earlyRefresh,earlyRefresh,high-skew-zipf,1787574254.416000,59.999947,l1_hits,all,2996
2026-08-24_12-23-14-416053_earlyRefresh,earlyRefresh,high-skew-zipf,1787574255.416000,60.999947,l1_hits,all,3050
2026-08-24_12-23-14-416053_earlyRefresh,earlyRefresh,high-skew-zipf,1787574256.416000,61.999947,l1_hits,all,3104
2026-08-24_12-23-14-416053_earlyRefresh,earlyRefresh,high-skew-zipf,1787574257.416000,62.999947,l1_hits,all,3160
2026-08-24_12-23-14-416053_earlyRefresh,earlyRefresh,high-skew-zipf,1787574258.416000,63.999947,l1_hits,all,3221
2026-08-24_12-23-14-416053_earlyRefresh,earlyRefresh,high-skew-zipf,1787574259.416000,64.999947,l1_hits,all,3279
2026-08-24_12-23-14-416053_earlyRefresh,earlyRefresh,high-skew-zipf,1787574260.416000,65.999947,l1_hits,all,3336
2026-08-24_12-23-14-416053_earlyRefresh,earlyRefresh,high-skew-zipf,1787574261.416000,66.999947,l1_hits,all,3396
2026-08-24_12-23-14-416053_earlyRefresh,earlyRefresh,high-skew-zipf,1787574262.416000,67.999947,l1_hits,all,3457
2026-08-24_12-23-14-416053_earlyRefresh,earlyRefresh,high-skew-zipf,1787574263.416000,68.999947,l1_hits,all,3509
2026-08-24_12-23-14-416053_earlyRefresh,earlyRefresh,high-skew-zipf,1787574264.416000,69.999947,l1_hits,all,3568
2026-08-24_12-23-14-416053_earlyRefresh,earlyRefresh,high-skew-zipf,1787574265.416000,70.999947,l1_hits,all,3621
2026-08-24_12-23-14-416053_earlyRefresh,earlyRefresh,high-skew-zipf,1787574266.416000,71.999947,l1_hits,all,3683
2026-08-24_12-23-14-416053_earlyRefresh,earlyRefresh,high-skew-zipf,1787574267.416000,72.999947,l1_hits,all,3740
2026-08-24_12-23-14-416053_earlyRefresh,earlyRefresh,high-skew-zipf,1787574268.416000,73.999947,l1_hits,all,3801
2026-08-24_12-23-14-416053_earlyRefresh,earlyRefresh,high-skew-zipf,1787574269.416000,74.999947,l1_hits,all,3864
2026-08-24_12-23-14-416053_earlyRefresh,earlyRefresh,high-skew-zipf,1787574270.416000,75.999947,l1_hits,all,3915
2026-08-24_12-23-14-416053_earlyRefresh,earlyRefresh,high-skew-zipf,1787574271.416000,76.999947,l1_hits,all,3975
2026-08-24_12-23-14-416053_earlyRefresh,earlyRefresh,high-skew-zipf,1787574272.416000,77.999947,l1_hits,all,4031
2026-08-24_12-23-14-416053_earlyRefresh,earlyRefresh,high-skew-zipf,1787574273.416000,78.999947,l1_hits,all,4096
2026-08-24_12-23-14-416053_earlyRefresh,earlyRefresh,high-skew-zipf,1787574274.416000,79.999947,l1_hits,all,4152
2026-08-24_12-23-14-416053_earlyRefresh,earlyRefresh,high-skew-zipf,1787574275.416000,80.999947,l1_hits,all,4210
2026-08-24_12-23-14-416053_earlyRefresh,earlyRefresh,high-skew-zipf,1787574276.416000,81.999947,l1_hits,all,4267
2026-08-24_12-23-14-416053_earlyRefresh,earlyRefresh,high-skew-zipf,1787574277.416000,82.999947,l1_hits,all,4318
2026-08-24_12-23-14-416053_earlyRefresh,earlyRefresh,high-skew-zipf,1787574278.416000,83.999947,l1_hits,all,4380
2026-08-24_12-23-14-416053_earlyRefresh,earlyRefresh,high-skew-zipf,1787574279.416000,84.999947,l1_hits,all,4436
2026-08-24_12-23-14-416053_earlyRefresh,earlyRefresh,high-skew-zipf,1787574280.416000,85.999947,l1_hits,all,4496
2026-08-24_12-23-14-416053_earlyRefresh,earlyRefresh,high-skew-zipf,1787574281.416000,86.999947,l1_hits,all,4548
2026-08-24_12-23-14-416053_earlyRefresh,earlyRefresh,high-skew-zipf,1787574282.416000,87.999947,l1_hits,all,4602
2026-08-24_12-23-14-416053_earlyRefresh,earlyRefresh,high-skew-zipf,1787574283.416000,88.999947,l1_hits,all,4658
2026-08-24_12-23-14-416053_earlyRefresh,earlyRefresh,high-skew-zipf,1787574284.416000,89.999947,l1_hits,all,4719
2026-08-24_12-23-14-416053_earlyRefresh,earlyRefresh,high-skew-zipf,1787574285.416000,90.999947,l1_hits,all,4777
2026-08-24_12-23-14-416053_earlyRefresh,earlyRefresh,high-skew-zipf,1787574286.416000,91.999947,l1_hits,all,4832
2026-08-24_12-23-14-416053_earlyRefresh,earlyRefresh,high-skew-zipf,1787574287.416000,92.999947,l1_hits,all,4883
2026-08-24_12-23-14-416053_earlyRefresh,earlyRefresh,high-skew-zipf,1787574288.416000,93.999947,l1_hits,all,4939
2026-08-24_12-23-14-416053_earlyRefresh,earlyRefresh,high-skew-zipf,1787574289.416000,94.999947,l1_hits,all,4999
2026-08-24_12-23-14-416053_earlyRefresh,earlyRefresh,high-skew-zipf,1787574290.416000,95.999947,l1_hits,all,5064
2026-08-24_12-23-14-416053_earlyRefresh,earlyRefresh,high-skew-zipf,1787574291.416000,96.999947,l1_hits,all,5127
2026-08-24_12-23-14-416053_earlyRefresh,earlyRefresh,high-skew-zipf,1787574292.416000,97.999947,l1_hits,all,5190
2026-08-24_12-23-14-416053_earlyRefresh,earlyRefresh,high-skew-zipf,1787574293.416000,98.999947,l1_hits,all,5243
2026-08-24_12-23-14-416053_earlyRefresh,earlyRefresh,high-skew-zipf,1787574294.416000,99.999947,l1_hits,all,5301
2026-08-24_12-23-14-416053_earlyRefresh,earlyRefresh,high-skew-zipf,1787574295.416000,100.999947,l1_hits,all,5364
2026-08-24_12-23-14-416053_earlyRefresh,earlyRefresh,high-skew-zipf,1787574296.416000,101.999947,l1_hits,all,5420
2026-08-24_12-23-14-416053_earlyRefresh,earlyRefresh,high-skew-zipf,1787574297.416000,102.999947,l1_hits,all,5478
2026-08-24_12-23-14-416053_earlyRefresh,earlyRefresh,high-skew-zipf,1787574298.416000,103.999947,l1_hits,all,5532
2026-08-24_12-23-14-416053_earlyRefresh,earlyRefresh,high-skew-zipf,1787574299.416000,104.999947,l1_hits,all,5587
2026-08-24_12-23-14-416053_earlyRefresh,earlyRefresh,high-skew-zipf,1787574300.416000,105.999947,l1_hits,all,5643
2026-08-24_12-23-14-416053_earlyRefresh,earlyRefresh,high-skew-zipf,1787574301.416000,106.999947,l1_hits,all,5697
2026-08-24_12-23-14-416053_earlyRefresh,earlyRefresh,high-skew-zipf,1787574302.416000,107.999947,l1_hits,all,5750
2026-08-24_12-23-14-416053_earlyRefresh,earlyRefresh,high-skew-zipf,1787574303.416000,108.999947,l1_hits,all,5797
2026-08-24_12-23-14-416053_earlyRefresh,earlyRefresh,high-skew-zipf,1787574304.416000,109.999947,l1_hits,all,5852
2026-08-24_12-23-14-416053_earlyRefresh,earlyRefresh,high-skew-zipf,1787574305.416000,110.999947,l1_hits,all,5905
2026-08-24_12-23-14-416053_earlyRefresh,earlyRefresh,high-skew-zipf,1787574306.416000,111.999947,l1_hits,all,5967
2026-08-24_12-23-14-416053_earlyRefresh,earlyRefresh,high-skew-zipf,1787574307.416000,112.999947,l1_hits,all,6026
2026-08-24_12-23-14-416053_earlyRefresh,earlyRefresh,high-skew-zipf,1787574308.416000,113.999947,l1_hits,all,6081
2026-08-24_12-23-14-416053_earlyRefresh,earlyRefresh,high-skew-zipf,1787574309.416000,114.999947,l1_hits,all,6129
2026-08-24_12-23-14-416053_earlyRefresh,earlyRefresh,high-skew-zipf,1787574310.416000,115.999947,l1_hits,all,6186
2026-08-24_12-23-14-416053_earlyRefresh,earlyRefresh,high-skew-zipf,1787574311.416000,116.999947,l1_hits,all,6249
2026-08-24_12-23-14-416053_earlyRefresh,earlyRefresh,high-skew-zipf,1787574312.416000,117.999947,l1_hits,all,6301
2026-08-24_12-23-14-416053_earlyRefresh,earlyRefresh,high-skew-zipf,1787574313.416000,118.999947,l1_hits,all,6362
2026-08-24_12-23-14-416053_earlyRefresh,earlyRefresh,high-skew-zipf,1787574314.416000,119.999947,l1_hits,all,6415
2026-08-24_12-23-14-416053_earlyRefresh,earlyRefresh,high-skew-zipf,1787574315.416000,120.999947,l1_hits,all,6464
2026-08-24_12-23-14-416053_earlyRefresh,earlyRefresh,high-skew-zipf,1787574316.416000,121.999947,l1_hits,all,6527
2026-08-24_12-23-14-416053_earlyRefresh,earlyRefresh,high-skew-zipf,1787574317.416000,122.999947,l1_hits,all,6582
2026-08-24_12-23-14-416053_earlyRefresh,earlyRefresh,high-skew-zipf,1787574318.416000,123.999947,l1_hits,all,6638
2026-08-24_12-23-14-416053_earlyRefresh,earlyRefresh,high-skew-zipf,1787574319.416000,124.999947,l1_hits,all,6696
2026-08-24_12-23-14-416053_earlyRefresh,earlyRefresh,high-skew-zipf,1787574320.416000,125.999947,l1_hits,all,6755
2026-08-24_12-23-14-416053_earlyRefresh,earlyRefresh,high-skew-zipf,1787574321.416000,126.999947,l1_hits,all,6816
2026-08-24_12-23-14-416053_earlyRefresh,earlyRefresh,high-skew-zipf,1787574322.416000,127.999947,l1_hits,all,6877
2026-08-24_12-23-14-416053_earlyRefresh,earlyRefresh,high-skew-zipf,1787574323.416000,128.999947,l1_hits,all,6934
2026-08-24_12-23-14-416053_earlyRefresh,earlyRefresh,high-skew-zipf,1787574324.416000,129.999947,l1_hits,all,6998
2026-08-24_12-23-14-416053_earlyRefresh,earlyRefresh,high-skew-zipf,1787574325.416000,130.999947,l1_hits,all,7055
2026-08-24_12-23-14-416053_earlyRefresh,earlyRefresh,high-skew-zipf,1787574326.416000,131.999947,l1_hits,all,7114
2026-08-24_12-23-14-416053_earlyRefresh,earlyRefresh,high-skew-zipf,1787574327.416000,132.999947,l1_hits,all,7179
2026-08-24_12-23-14-416053_earlyRefresh,earlyRefresh,high-skew-zipf,1787574328.416000,133.999947,l1_hits,all,7234
2026-08-24_12-23-14-416053_earlyRefresh,earlyRefresh,high-skew-zipf,1787574329.416000,134.999947,l1_hits,all,7290
2026-08-24_12-23-14-416053_earlyRefresh,earlyRefresh,high-skew-zipf,1787574330.416000,135.999947,l1_hits,all,7342
2026-08-24_12-23-14-416053_earlyRefresh,earlyRefresh,high-skew-zipf,1787574331.416000,136.999947,l1_hits,all,7402
2026-08-24_12-23-14-416053_earlyRefresh,earlyRefresh,high-skew-zipf,1787574332.416000,137.999947,l1_hits,all,7457
2026-08-24_12-23-14-416053_earlyRefresh,earlyRefresh,high-skew-zipf,1787574333.416000,138.999947,l1_hits,all,7507
2026-08-24_12-23-14-416053_earlyRefresh,earlyRefresh,high-skew-zipf,1787574334.416000,139.999947,l1_hits,all,7569
2026-08-24_12-23-14-416053_earlyRefresh,earlyRefresh,high-skew-zipf,1787574335.416000,140.999947,l1_hits,all,7617
2026-08-24_12-23-14-416053_earlyRefresh,earlyRefresh,high-skew-zipf,1787574336.416000,141.999947,l1_hits,all,7678
2026-08-24_12-23-14-416053_earlyRefresh,earlyRefresh,high-skew-zipf,1787574337.416000,142.999947,l1_hits,all,7734
2026-08-24_12-23-14-416053_earlyRefresh,earlyRefresh,high-skew-zipf,1787574338.416000,143.999947,l1_hits,all,7788
2026-08-24_12-23-14-416053_earlyRefresh,earlyRefresh,high-skew-zipf,1787574339.416000,144.999947,l1_hits,all,7840
2026-08-24_12-23-14-416053_earlyRefresh,earlyRefresh,high-skew-zipf,1787574340.416000,145.999947,l1_hits,all,7906
2026-08-24_12-23-14-416053_earlyRefresh,earlyRefresh,high-skew-zipf,1787574341.416000,146.999947,l1_hits,all,7966
2026-08-24_12-23-14-416053_earlyRefresh,earlyRefresh,high-skew-zipf,1787574342.416000,147.999947,l1_hits,all,8030
2026-08-24_12-23-14-416053_earlyRefresh,earlyRefresh,high-skew-zipf,1787574343.416000,148.999947,l1_hits,all,8089
2026-08-24_12-23-14-416053_earlyRefresh,earlyRefresh,high-skew-zipf,1787574344.416000,149.999947,l1_hits,all,8148
2026-08-24_12-23-14-416053_earlyRefresh,earlyRefresh,high-skew-zipf,1787574345.416000,150.999947,l1_hits,all,8202
2026-08-24_12-23-14-416053_earlyRefresh,earlyRefresh,high-skew-zipf,1787574346.416000,151.999947,l1_hits,all,8252
2026-08-24_12-23-14-416053_earlyRefresh,earlyRefresh,high-skew-zipf,1787574347.416000,152.999947,l1_hits,all,8313
2026-08-24_12-23-14-416053_earlyRefresh,earlyRefresh,high-skew-zipf,1787574348.416000,153.999947,l1_hits,all,8375
2026-08-24_12-23-14-416053_earlyRefresh,earlyRefresh,high-skew-zipf,1787574349.416000,154.999947,l1_hits,all,8431
2026-08-24_12-23-14-416053_earlyRefresh,earlyRefresh,high-skew-zipf,1787574350.416000,155.999947,l1_hits,all,8490
2026-08-24_12-23-14-416053_earlyRefresh,earlyRefresh,high-skew-zipf,1787574351.416000,156.999947,l1_hits,all,8546
2026-08-24_12-23-14-416053_earlyRefresh,earlyRefresh,high-skew-zipf,1787574352.416000,157.999947,l1_hits,all,8602
2026-08-24_12-23-14-416053_earlyRefresh,earlyRefresh,high-skew-zipf,1787574353.416000,158.999947,l1_hits,all,8658
2026-08-24_12-23-14-416053_earlyRefresh,earlyRefresh,high-skew-zipf,1787574354.416000,159.999947,l1_hits,all,8707
2026-08-24_12-23-14-416053_earlyRefresh,earlyRefresh,high-skew-zipf,1787574355.416000,160.999947,l1_hits,all,8763
2026-08-24_12-23-14-416053_earlyRefresh,earlyRefresh,high-skew-zipf,1787574356.416000,161.999947,l1_hits,all,8816
2026-08-24_12-23-14-416053_earlyRefresh,earlyRefresh,high-skew-zipf,1787574357.416000,162.999947,l1_hits,all,8867
2026-08-24_12-23-14-416053_earlyRefresh,earlyRefresh,high-skew-zipf,1787574358.416000,163.999947,l1_hits,all,8925
2026-08-24_12-23-14-416053_earlyRefresh,earlyRefresh,high-skew-zipf,1787574359.416000,164.999947,l1_hits,all,8987
2026-08-24_12-23-14-416053_earlyRefresh,earlyRefresh,high-skew-zipf,1787574360.416000,165.999947,l1_hits,all,9042
2026-08-24_12-23-14-416053_earlyRefresh,earlyRefresh,high-skew-zipf,1787574361.416000,166.999947,l1_hits,all,9100
2026-08-24_12-23-14-416053_earlyRefresh,earlyRefresh,high-skew-zipf,1787574362.416000,167.999947,l1_hits,all,9159
2026-08-24_12-23-14-416053_earlyRefresh,earlyRefresh,high-skew-zipf,1787574363.416000,168.999947,l1_hits,all,9213
2026-08-24_12-23-14-416053_earlyRefresh,earlyRefresh,high-skew-zipf,1787574364.416000,169.999947,l1_hits,all,9273
2026-08-24_12-23-14-416053_earlyRefresh,earlyRefresh,high-skew-zipf,1787574365.416000,170.999947,l1_hits,all,9331
2026-08-24_12-23-14-416053_earlyRefresh,earlyRefresh,high-skew-zipf,1787574366.416000,171.999947,l1_hits,all,9388
2026-08-24_12-23-14-416053_earlyRefresh,earlyRefresh,high-skew-zipf,1787574367.416000,172.999947,l1_hits,all,9437
2026-08-24_12-23-14-416053_earlyRefresh,earlyRefresh,high-skew-zipf,1787574368.416000,173.999947,l1_hits,all,9497
2026-08-24_12-23-14-416053_earlyRefresh,earlyRefresh,high-skew-zipf,1787574369.416000,174.999947,l1_hits,all,9558
2026-08-24_12-23-14-416053_earlyRefresh,earlyRefresh,high-skew-zipf,1787574370.416000,175.999947,l1_hits,all,9621
2026-08-24_12-23-14-416053_earlyRefresh,earlyRefresh,high-skew-zipf,1787574371.416000,176.999947,l1_hits,all,9673
2026-08-24_12-23-14-416053_earlyRefresh,earlyRefresh,high-skew-zipf,1787574372.416000,177.999947,l1_hits,all,9735
2026-08-24_12-23-14-416053_earlyRefresh,earlyRefresh,high-skew-zipf,1787574373.416000,178.999947,l1_hits,all,9789
2026-08-24_12-23-14-416053_earlyRefresh,earlyRefresh,high-skew-zipf,1787574374.416000,179.999947,l1_hits,all,9850
2026-08-24_12-23-14-416053_earlyRefresh,earlyRefresh,high-skew-zipf,1787574375.416000,180.999947,l1_hits,all,9905
2026-08-24_12-23-14-416053_earlyRefresh,earlyRefresh,high-skew-zipf,1787574376.416000,181.999947,l1_hits,all,9961
2026-08-24_12-23-14-416053_earlyRefresh,earlyRefresh,high-skew-zipf,1787574377.416000,182.999947,l1_hits,all,10023
2026-08-24_12-23-14-416053_earlyRefresh,earlyRefresh,high-skew-zipf,1787574378.416000,183.999947,l1_hits,all,10068
2026-08-24_12-23-14-416053_earlyRefresh,earlyRefresh,high-skew-zipf,1787574379.416000,184.999947,l1_hits,all,10122
2026-08-24_12-23-14-416053_earlyRefresh,earlyRefresh,high-skew-zipf,1787574380.416000,185.999947,l1_hits,all,10179
2026-08-24_12-23-14-416053_earlyRefresh,earlyRefresh,high-skew-zipf,1787574381.416000,186.999947,l1_hits,all,10240
2026-08-24_12-23-14-416053_earlyRefresh,earlyRefresh,high-skew-zipf,1787574382.416000,187.999947,l1_hits,all,10302
2026-08-24_12-23-14-416053_earlyRefresh,earlyRefresh,high-skew-zipf,1787574383.416000,188.999947,l1_hits,all,10354
2026-08-24_12-23-14-416053_earlyRefresh,earlyRefresh,high-skew-zipf,1787574384.416000,189.999947,l1_hits,all,10410
2026-08-24_12-23-14-416053_earlyRefresh,earlyRefresh,high-skew-zipf,1787574385.416000,190.999947,l1_hits,all,10474
2026-08-24_12-23-14-416053_earlyRefresh,earlyRefresh,high-skew-zipf,1787574386.416000,191.999947,l1_hits,all,10528
2026-08-24_12-23-14-416053_earlyRefresh,earlyRefresh,high-skew-zipf,1787574387.416000,192.999947,l1_hits,all,10584
2026-08-24_12-23-14-416053_earlyRefresh,earlyRefresh,high-skew-zipf,1787574388.416000,193.999947,l1_hits,all,10644
2026-08-24_12-23-14-416053_earlyRefresh,earlyRefresh,high-skew-zipf,1787574389.416000,194.999947,l1_hits,all,10695
2026-08-24_12-23-14-416053_earlyRefresh,earlyRefresh,high-skew-zipf,1787574390.416000,195.999947,l1_hits,all,10746
2026-08-24_12-23-14-416053_earlyRefresh,earlyRefresh,high-skew-zipf,1787574391.416000,196.999947,l1_hits,all,10805
2026-08-24_12-23-14-416053_earlyRefresh,earlyRefresh,high-skew-zipf,1787574392.416000,197.999947,l1_hits,all,10852
2026-08-24_12-23-14-416053_earlyRefresh,earlyRefresh,high-skew-zipf,1787574393.416000,198.999947,l1_hits,all,10908
2026-08-24_12-23-14-416053_earlyRefresh,earlyRefresh,high-skew-zipf,1787574394.416000,199.999947,l1_hits,all,10957
2026-08-24_12-23-14-416053_earlyRefresh,earlyRefresh,high-skew-zipf,1787574395.416000,200.999947,l1_hits,all,11015
2026-08-24_12-23-14-416053_earlyRefresh,earlyRefresh,high-skew-zipf,1787574396.416000,201.999947,l1_hits,all,11071
2026-08-24_12-23-14-416053_earlyRefresh,earlyRefresh,high-skew-zipf,1787574397.416000,202.999947,l1_hits,all,11127
2026-08-24_12-23-14-416053_earlyRefresh,earlyRefresh,high-skew-zipf,1787574398.416000,203.999947,l1_hits,all,11184
2026-08-24_12-23-14-416053_earlyRefresh,earlyRefresh,high-skew-zipf,1787574399.416000,204.999947,l1_hits,all,11245
2026-08-24_12-23-14-416053_earlyRefresh,earlyRefresh,high-skew-zipf,1787574400.416000,205.999947,l1_hits,all,11304
2026-08-24_12-23-14-416053_earlyRefresh,earlyRefresh,high-skew-zipf,1787574401.416000,206.999947,l1_hits,all,11358
2026-08-24_12-23-14-416053_earlyRefresh,earlyRefresh,high-skew-zipf,1787574402.416000,207.999947,l1_hits,all,11421
2026-08-24_12-23-14-416053_earlyRefresh,earlyRefresh,high-skew-zipf,1787574403.416000,208.999947,l1_hits,all,11473
2026-08-24_12-23-14-416053_earlyRefresh,earlyRefresh,high-skew-zipf,1787574404.416000,209.999947,l1_hits,all,11532
2026-08-24_12-23-14-416053_earlyRefresh,earlyRefresh,high-skew-zipf,1787574405.416000,210.999947,l1_hits,all,11589
2026-08-24_12-23-14-416053_earlyRefresh,earlyRefresh,high-skew-zipf,1787574406.416000,211.999947,l1_hits,all,11642
2026-08-24_12-23-14-416053_earlyRefresh,earlyRefresh,high-skew-zipf,1787574407.416000,212.999947,l1_hits,all,11701
2026-08-24_12-23-14-416053_earlyRefresh,earlyRefresh,high-skew-zipf,1787574408.416000,213.999947,l1_hits,all,11758
2026-08-24_12-23-14-416053_earlyRefresh,earlyRefresh,high-skew-zipf,1787574409.416000,214.999947,l1_hits,all,11816
2026-08-24_12-23-14-416053_earlyRefresh,earlyRefresh,high-skew-zipf,1787574410.416000,215.999947,l1_hits,all,11875
2026-08-24_12-23-14-416053_earlyRefresh,earlyRefresh,high-skew-zipf,1787574411.416000,216.999947,l1_hits,all,11927
2026-08-24_12-23-14-416053_earlyRefresh,earlyRefresh,high-skew-zipf,1787574412.416000,217.999947,l1_hits,all,11980
2026-08-24_12-23-14-416053_earlyRefresh,earlyRefresh,high-skew-zipf,1787574413.416000,218.999947,l1_hits,all,12035
2026-08-24_12-23-14-416053_earlyRefresh,earlyRefresh,high-skew-zipf,1787574414.416000,219.999947,l1_hits,all,12087
2026-08-24_12-23-14-416053_earlyRefresh,earlyRefresh,high-skew-zipf,1787574415.416000,220.999947,l1_hits,all,12136
2026-08-24_12-23-14-416053_earlyRefresh,earlyRefresh,high-skew-zipf,1787574416.416000,221.999947,l1_hits,all,12196
2026-08-24_12-23-14-416053_earlyRefresh,earlyRefresh,high-skew-zipf,1787574417.416000,222.999947,l1_hits,all,12253
2026-08-24_12-23-14-416053_earlyRefresh,earlyRefresh,high-skew-zipf,1787574418.416000,223.999947,l1_hits,all,12302
2026-08-24_12-23-14-416053_earlyRefresh,earlyRefresh,high-skew-zipf,1787574419.416000,224.999947,l1_hits,all,12357
2026-08-24_12-23-14-416053_earlyRefresh,earlyRefresh,high-skew-zipf,1787574420.416000,225.999947,l1_hits,all,12410
2026-08-24_12-23-14-416053_earlyRefresh,earlyRefresh,high-skew-zipf,1787574421.416000,226.999947,l1_hits,all,12462
2026-08-24_12-23-14-416053_earlyRefresh,earlyRefresh,high-skew-zipf,1787574422.416000,227.999947,l1_hits,all,12524
2026-08-24_12-23-14-416053_earlyRefresh,earlyRefresh,high-skew-zipf,1787574423.416000,228.999947,l1_hits,all,12588
2026-08-24_12-23-14-416053_earlyRefresh,earlyRefresh,high-skew-zipf,1787574424.416000,229.999947,l1_hits,all,12649
2026-08-24_12-23-14-416053_earlyRefresh,earlyRefresh,high-skew-zipf,1787574425.416000,230.999947,l1_hits,all,12709
2026-08-24_12-23-14-416053_earlyRefresh,earlyRefresh,high-skew-zipf,1787574426.416000,231.999947,l1_hits,all,12762
2026-08-24_12-23-14-416053_earlyRefresh,earlyRefresh,high-skew-zipf,1787574427.416000,232.999947,l1_hits,all,12817
2026-08-24_12-23-14-416053_earlyRefresh,earlyRefresh,high-skew-zipf,1787574428.416000,233.999947,l1_hits,all,12878
2026-08-24_12-23-14-416053_earlyRefresh,earlyRefresh,high-skew-zipf,1787574429.416000,234.999947,l1_hits,all,12936
2026-08-24_12-23-14-416053_earlyRefresh,earlyRefresh,high-skew-zipf,1787574430.416000,235.999947,l1_hits,all,12993
2026-08-24_12-23-14-416053_earlyRefresh,earlyRefresh,high-skew-zipf,1787574431.416000,236.999947,l1_hits,all,13049
2026-08-24_12-23-14-416053_earlyRefresh,earlyRefresh,high-skew-zipf,1787574432.416000,237.999947,l1_hits,all,13098
2026-08-24_12-23-14-416053_earlyRefresh,earlyRefresh,high-skew-zipf,1787574433.416000,238.999947,l1_hits,all,13163
2026-08-24_12-23-14-416053_earlyRefresh,earlyRefresh,high-skew-zipf,1787574434.416000,239.999947,l1_hits,all,13222
2026-08-24_12-23-14-416053_earlyRefresh,earlyRefresh,high-skew-zipf,1787574194.416000,-0.000053,l2_hits,all,0
2026-08-24_12-23-14-416053_earlyRefresh,earlyRefresh,high-skew-zipf,1787574195.416000,0.999947,l2_hits,all,0
2026-08-24_12-23-14-416053_earlyRefresh,earlyRefresh,high-skew-zipf,1787574196.416000,1.999947,l2_hits,all,1
2026-08-24_12-23-14-416053_earlyRefresh,earlyRefresh,high-skew-zipf,1787574197.416000,2.999947,l2_hits,all,3
2026-08-24_12-23-14-416053_earlyRefresh,earlyRefresh,high-skew-zipf,1787574198.416000,3.999947,l2_hits,all,5
2026-08-24_12-23-14-416053_earlyRefresh,earlyRefresh,high-skew-zipf,1787574199.416000,4.999947,l2_hits,all,5
2026-08-24_12-23-14-416053_earlyRefresh,earlyRefresh,high-skew-zipf,1787574200.416000,5.999947,l2_hits,all,5
2026-08-24_12-23-14-416053_earlyRefresh,earlyRefresh,high-skew-zipf,1787574201.416000,6.999947,l2_hits,all,11
2026-08-24_12-23-14-416053_earlyRefresh,earlyRefresh,high-skew-zipf,1787574202.416000,7.999947,l2_hits,all,17
2026-08-24_12-23-14-416053_earlyRefresh,earlyRefresh,high-skew-zipf,1787574203.416000,8.999947,l2_hits,all,24
2026-08-24_12-23-14-416053_earlyRefresh,earlyRefresh,high-skew-zipf,1787574204.416000,9.999947,l2_hits,all,27
2026-08-24_12-23-14-416053_earlyRefresh,earlyRefresh,high-skew-zipf,1787574205.416000,10.999947,l2_hits,all,31
2026-08-24_12-23-14-416053_earlyRefresh,earlyRefresh,high-skew-zipf,1787574206.416000,11.999947,l2_hits,all,41
2026-08-24_12-23-14-416053_earlyRefresh,earlyRefresh,high-skew-zipf,1787574207.416000,12.999947,l2_hits,all,60
2026-08-24_12-23-14-416053_earlyRefresh,earlyRefresh,high-skew-zipf,1787574208.416000,13.999947,l2_hits,all,74
2026-08-24_12-23-14-416053_earlyRefresh,earlyRefresh,high-skew-zipf,1787574209.416000,14.999947,l2_hits,all,85
2026-08-24_12-23-14-416053_earlyRefresh,earlyRefresh,high-skew-zipf,1787574210.416000,15.999947,l2_hits,all,92
2026-08-24_12-23-14-416053_earlyRefresh,earlyRefresh,high-skew-zipf,1787574211.416000,16.999947,l2_hits,all,102
2026-08-24_12-23-14-416053_earlyRefresh,earlyRefresh,high-skew-zipf,1787574212.416000,17.999947,l2_hits,all,110
2026-08-24_12-23-14-416053_earlyRefresh,earlyRefresh,high-skew-zipf,1787574213.416000,18.999947,l2_hits,all,123
2026-08-24_12-23-14-416053_earlyRefresh,earlyRefresh,high-skew-zipf,1787574214.416000,19.999947,l2_hits,all,138
2026-08-24_12-23-14-416053_earlyRefresh,earlyRefresh,high-skew-zipf,1787574215.416000,20.999947,l2_hits,all,148
2026-08-24_12-23-14-416053_earlyRefresh,earlyRefresh,high-skew-zipf,1787574216.416000,21.999947,l2_hits,all,161
2026-08-24_12-23-14-416053_earlyRefresh,earlyRefresh,high-skew-zipf,1787574217.416000,22.999947,l2_hits,all,175
2026-08-24_12-23-14-416053_earlyRefresh,earlyRefresh,high-skew-zipf,1787574218.416000,23.999947,l2_hits,all,184
2026-08-24_12-23-14-416053_earlyRefresh,earlyRefresh,high-skew-zipf,1787574219.416000,24.999947,l2_hits,all,191
2026-08-24_12-23-14-416053_earlyRefresh,earlyRefresh,high-skew-zipf,1787574220.416000,25.999947,l2_hits,all,202
2026-08-24_12-23-14-416053_earlyRefresh,earlyRefresh,high-skew-zipf,1787574221.416000,26.999947,l2_hits,all,216
2026-08-24_12-23-14-416053_earlyRefresh,earlyRefresh,high-skew-zipf,1787574222.416000,27.999947,l2_hits,all,233
2026-08-24_12-23-14-416053_earlyRefresh,earlyRefresh,high-skew-zipf,1787574223.416000,28.999947,l2_hits,all,245
2026-08-24_12-23-14-416053_earlyRefresh,earlyRefresh,high-skew-zipf,1787574224.416000,29.999947,l2_hits,all,258
2026-08-24_12-23-14-416053_earlyRefresh,earlyRefresh,high-skew-zipf,1787574225.416000,30.999947,l2_hits,all,269
2026-08-24_12-23-14-416053_earlyRefresh,earlyRefresh,high-skew-zipf,1787574226.416000,31.999947,l2_hits,all,286
2026-08-24_12-23-14-416053_earlyRefresh,earlyRefresh,high-skew-zipf,1787574227.416000,32.999947,l2_hits,all,298
2026-08-24_12-23-14-416053_earlyRefresh,earlyRefresh,high-skew-zipf,1787574228.416000,33.999947,l2_hits,all,312
2026-08-24_12-23-14-416053_earlyRefresh,earlyRefresh,high-skew-zipf,1787574229.416000,34.999947,l2_hits,all,323
2026-08-24_12-23-14-416053_earlyRefresh,earlyRefresh,high-skew-zipf,1787574230.416000,35.999947,l2_hits,all,333
2026-08-24_12-23-14-416053_earlyRefresh,earlyRefresh,high-skew-zipf,1787574231.416000,36.999947,l2_hits,all,344
2026-08-24_12-23-14-416053_earlyRefresh,earlyRefresh,high-skew-zipf,1787574232.416000,37.999947,l2_hits,all,356
2026-08-24_12-23-14-416053_earlyRefresh,earlyRefresh,high-skew-zipf,1787574233.416000,38.999947,l2_hits,all,365
2026-08-24_12-23-14-416053_earlyRefresh,earlyRefresh,high-skew-zipf,1787574234.416000,39.999947,l2_hits,all,376
2026-08-24_12-23-14-416053_earlyRefresh,earlyRefresh,high-skew-zipf,1787574235.416000,40.999947,l2_hits,all,386
2026-08-24_12-23-14-416053_earlyRefresh,earlyRefresh,high-skew-zipf,1787574236.416000,41.999947,l2_hits,all,388
2026-08-24_12-23-14-416053_earlyRefresh,earlyRefresh,high-skew-zipf,1787574237.416000,42.999947,l2_hits,all,400
2026-08-24_12-23-14-416053_earlyRefresh,earlyRefresh,high-skew-zipf,1787574238.416000,43.999947,l2_hits,all,408
2026-08-24_12-23-14-416053_earlyRefresh,earlyRefresh,high-skew-zipf,1787574239.416000,44.999947,l2_hits,all,419
2026-08-24_12-23-14-416053_earlyRefresh,earlyRefresh,high-skew-zipf,1787574240.416000,45.999947,l2_hits,all,425
2026-08-24_12-23-14-416053_earlyRefresh,earlyRefresh,high-skew-zipf,1787574241.416000,46.999947,l2_hits,all,432
2026-08-24_12-23-14-416053_earlyRefresh,earlyRefresh,high-skew-zipf,1787574242.416000,47.999947,l2_hits,all,437
2026-08-24_12-23-14-416053_earlyRefresh,earlyRefresh,high-skew-zipf,1787574243.416000,48.999947,l2_hits,all,449
2026-08-24_12-23-14-416053_earlyRefresh,earlyRefresh,high-skew-zipf,1787574244.416000,49.999947,l2_hits,all,464
2026-08-24_12-23-14-416053_earlyRefresh,earlyRefresh,high-skew-zipf,1787574245.416000,50.999947,l2_hits,all,473
2026-08-24_12-23-14-416053_earlyRefresh,earlyRefresh,high-skew-zipf,1787574246.416000,51.999947,l2_hits,all,479
2026-08-24_12-23-14-416053_earlyRefresh,earlyRefresh,high-skew-zipf,1787574247.416000,52.999947,l2_hits,all,486
2026-08-24_12-23-14-416053_earlyRefresh,earlyRefresh,high-skew-zipf,1787574248.416000,53.999947,l2_hits,all,492
2026-08-24_12-23-14-416053_earlyRefresh,earlyRefresh,high-skew-zipf,1787574249.416000,54.999947,l2_hits,all,508
2026-08-24_12-23-14-416053_earlyRefresh,earlyRefresh,high-skew-zipf,1787574250.416000,55.999947,l2_hits,all,518
2026-08-24_12-23-14-416053_earlyRefresh,earlyRefresh,high-skew-zipf,1787574251.416000,56.999947,l2_hits,all,527
2026-08-24_12-23-14-416053_earlyRefresh,earlyRefresh,high-skew-zipf,1787574252.416000,57.999947,l2_hits,all,539
2026-08-24_12-23-14-416053_earlyRefresh,earlyRefresh,high-skew-zipf,1787574253.416000,58.999947,l2_hits,all,551
2026-08-24_12-23-14-416053_earlyRefresh,earlyRefresh,high-skew-zipf,1787574254.416000,59.999947,l2_hits,all,565
2026-08-24_12-23-14-416053_earlyRefresh,earlyRefresh,high-skew-zipf,1787574255.416000,60.999947,l2_hits,all,575
2026-08-24_12-23-14-416053_earlyRefresh,earlyRefresh,high-skew-zipf,1787574256.416000,61.999947,l2_hits,all,584
2026-08-24_12-23-14-416053_earlyRefresh,earlyRefresh,high-skew-zipf,1787574257.416000,62.999947,l2_hits,all,597
2026-08-24_12-23-14-416053_earlyRefresh,earlyRefresh,high-skew-zipf,1787574258.416000,63.999947,l2_hits,all,608
2026-08-24_12-23-14-416053_earlyRefresh,earlyRefresh,high-skew-zipf,1787574259.416000,64.999947,l2_hits,all,621
2026-08-24_12-23-14-416053_earlyRefresh,earlyRefresh,high-skew-zipf,1787574260.416000,65.999947,l2_hits,all,632
2026-08-24_12-23-14-416053_earlyRefresh,earlyRefresh,high-skew-zipf,1787574261.416000,66.999947,l2_hits,all,643
2026-08-24_12-23-14-416053_earlyRefresh,earlyRefresh,high-skew-zipf,1787574262.416000,67.999947,l2_hits,all,654
2026-08-24_12-23-14-416053_earlyRefresh,earlyRefresh,high-skew-zipf,1787574263.416000,68.999947,l2_hits,all,669
2026-08-24_12-23-14-416053_earlyRefresh,earlyRefresh,high-skew-zipf,1787574264.416000,69.999947,l2_hits,all,678
2026-08-24_12-23-14-416053_earlyRefresh,earlyRefresh,high-skew-zipf,1787574265.416000,70.999947,l2_hits,all,689
2026-08-24_12-23-14-416053_earlyRefresh,earlyRefresh,high-skew-zipf,1787574266.416000,71.999947,l2_hits,all,701
2026-08-24_12-23-14-416053_earlyRefresh,earlyRefresh,high-skew-zipf,1787574267.416000,72.999947,l2_hits,all,715
2026-08-24_12-23-14-416053_earlyRefresh,earlyRefresh,high-skew-zipf,1787574268.416000,73.999947,l2_hits,all,728
2026-08-24_12-23-14-416053_earlyRefresh,earlyRefresh,high-skew-zipf,1787574269.416000,74.999947,l2_hits,all,732
2026-08-24_12-23-14-416053_earlyRefresh,earlyRefresh,high-skew-zipf,1787574270.416000,75.999947,l2_hits,all,746
2026-08-24_12-23-14-416053_earlyRefresh,earlyRefresh,high-skew-zipf,1787574271.416000,76.999947,l2_hits,all,757
2026-08-24_12-23-14-416053_earlyRefresh,earlyRefresh,high-skew-zipf,1787574272.416000,77.999947,l2_hits,all,768
2026-08-24_12-23-14-416053_earlyRefresh,earlyRefresh,high-skew-zipf,1787574273.416000,78.999947,l2_hits,all,774
2026-08-24_12-23-14-416053_earlyRefresh,earlyRefresh,high-skew-zipf,1787574274.416000,79.999947,l2_hits,all,790
2026-08-24_12-23-14-416053_earlyRefresh,earlyRefresh,high-skew-zipf,1787574275.416000,80.999947,l2_hits,all,806
2026-08-24_12-23-14-416053_earlyRefresh,earlyRefresh,high-skew-zipf,1787574276.416000,81.999947,l2_hits,all,819
2026-08-24_12-23-14-416053_earlyRefresh,earlyRefresh,high-skew-zipf,1787574277.416000,82.999947,l2_hits,all,832
2026-08-24_12-23-14-416053_earlyRefresh,earlyRefresh,high-skew-zipf,1787574278.416000,83.999947,l2_hits,all,842
2026-08-24_12-23-14-416053_earlyRefresh,earlyRefresh,high-skew-zipf,1787574279.416000,84.999947,l2_hits,all,855
2026-08-24_12-23-14-416053_earlyRefresh,earlyRefresh,high-skew-zipf,1787574280.416000,85.999947,l2_hits,all,869
2026-08-24_12-23-14-416053_earlyRefresh,earlyRefresh,high-skew-zipf,1787574281.416000,86.999947,l2_hits,all,883
2026-08-24_12-23-14-416053_earlyRefresh,earlyRefresh,high-skew-zipf,1787574282.416000,87.999947,l2_hits,all,896
2026-08-24_12-23-14-416053_earlyRefresh,earlyRefresh,high-skew-zipf,1787574283.416000,88.999947,l2_hits,all,909
2026-08-24_12-23-14-416053_earlyRefresh,earlyRefresh,high-skew-zipf,1787574284.416000,89.999947,l2_hits,all,920
2026-08-24_12-23-14-416053_earlyRefresh,earlyRefresh,high-skew-zipf,1787574285.416000,90.999947,l2_hits,all,933
2026-08-24_12-23-14-416053_earlyRefresh,earlyRefresh,high-skew-zipf,1787574286.416000,91.999947,l2_hits,all,944
2026-08-24_12-23-14-416053_earlyRefresh,earlyRefresh,high-skew-zipf,1787574287.416000,92.999947,l2_hits,all,954
2026-08-24_12-23-14-416053_earlyRefresh,earlyRefresh,high-skew-zipf,1787574288.416000,93.999947,l2_hits,all,967
2026-08-24_12-23-14-416053_earlyRefresh,earlyRefresh,high-skew-zipf,1787574289.416000,94.999947,l2_hits,all,982
2026-08-24_12-23-14-416053_earlyRefresh,earlyRefresh,high-skew-zipf,1787574290.416000,95.999947,l2_hits,all,991
2026-08-24_12-23-14-416053_earlyRefresh,earlyRefresh,high-skew-zipf,1787574291.416000,96.999947,l2_hits,all,1002
2026-08-24_12-23-14-416053_earlyRefresh,earlyRefresh,high-skew-zipf,1787574292.416000,97.999947,l2_hits,all,1007
2026-08-24_12-23-14-416053_earlyRefresh,earlyRefresh,high-skew-zipf,1787574293.416000,98.999947,l2_hits,all,1023
2026-08-24_12-23-14-416053_earlyRefresh,earlyRefresh,high-skew-zipf,1787574294.416000,99.999947,l2_hits,all,1039
2026-08-24_12-23-14-416053_earlyRefresh,earlyRefresh,high-skew-zipf,1787574295.416000,100.999947,l2_hits,all,1044
2026-08-24_12-23-14-416053_earlyRefresh,earlyRefresh,high-skew-zipf,1787574296.416000,101.999947,l2_hits,all,1060
2026-08-24_12-23-14-416053_earlyRefresh,earlyRefresh,high-skew-zipf,1787574297.416000,102.999947,l2_hits,all,1074
2026-08-24_12-23-14-416053_earlyRefresh,earlyRefresh,high-skew-zipf,1787574298.416000,103.999947,l2_hits,all,1083
2026-08-24_12-23-14-416053_earlyRefresh,earlyRefresh,high-skew-zipf,1787574299.416000,104.999947,l2_hits,all,1098
2026-08-24_12-23-14-416053_earlyRefresh,earlyRefresh,high-skew-zipf,1787574300.416000,105.999947,l2_hits,all,1110
2026-08-24_12-23-14-416053_earlyRefresh,earlyRefresh,high-skew-zipf,1787574301.416000,106.999947,l2_hits,all,1120
2026-08-24_12-23-14-416053_earlyRefresh,earlyRefresh,high-skew-zipf,1787574302.416000,107.999947,l2_hits,all,1137
2026-08-24_12-23-14-416053_earlyRefresh,earlyRefresh,high-skew-zipf,1787574303.416000,108.999947,l2_hits,all,1151
2026-08-24_12-23-14-416053_earlyRefresh,earlyRefresh,high-skew-zipf,1787574304.416000,109.999947,l2_hits,all,1165
2026-08-24_12-23-14-416053_earlyRefresh,earlyRefresh,high-skew-zipf,1787574305.416000,110.999947,l2_hits,all,1181
2026-08-24_12-23-14-416053_earlyRefresh,earlyRefresh,high-skew-zipf,1787574306.416000,111.999947,l2_hits,all,1195
2026-08-24_12-23-14-416053_earlyRefresh,earlyRefresh,high-skew-zipf,1787574307.416000,112.999947,l2_hits,all,1206
2026-08-24_12-23-14-416053_earlyRefresh,earlyRefresh,high-skew-zipf,1787574308.416000,113.999947,l2_hits,all,1224
2026-08-24_12-23-14-416053_earlyRefresh,earlyRefresh,high-skew-zipf,1787574309.416000,114.999947,l2_hits,all,1239
2026-08-24_12-23-14-416053_earlyRefresh,earlyRefresh,high-skew-zipf,1787574310.416000,115.999947,l2_hits,all,1249
2026-08-24_12-23-14-416053_earlyRefresh,earlyRefresh,high-skew-zipf,1787574311.416000,116.999947,l2_hits,all,1257
2026-08-24_12-23-14-416053_earlyRefresh,earlyRefresh,high-skew-zipf,1787574312.416000,117.999947,l2_hits,all,1267
2026-08-24_12-23-14-416053_earlyRefresh,earlyRefresh,high-skew-zipf,1787574313.416000,118.999947,l2_hits,all,1278
2026-08-24_12-23-14-416053_earlyRefresh,earlyRefresh,high-skew-zipf,1787574314.416000,119.999947,l2_hits,all,1290
2026-08-24_12-23-14-416053_earlyRefresh,earlyRefresh,high-skew-zipf,1787574315.416000,120.999947,l2_hits,all,1303
2026-08-24_12-23-14-416053_earlyRefresh,earlyRefresh,high-skew-zipf,1787574316.416000,121.999947,l2_hits,all,1313
2026-08-24_12-23-14-416053_earlyRefresh,earlyRefresh,high-skew-zipf,1787574317.416000,122.999947,l2_hits,all,1323
2026-08-24_12-23-14-416053_earlyRefresh,earlyRefresh,high-skew-zipf,1787574318.416000,123.999947,l2_hits,all,1336
2026-08-24_12-23-14-416053_earlyRefresh,earlyRefresh,high-skew-zipf,1787574319.416000,124.999947,l2_hits,all,1344
2026-08-24_12-23-14-416053_earlyRefresh,earlyRefresh,high-skew-zipf,1787574320.416000,125.999947,l2_hits,all,1357
2026-08-24_12-23-14-416053_earlyRefresh,earlyRefresh,high-skew-zipf,1787574321.416000,126.999947,l2_hits,all,1368
2026-08-24_12-23-14-416053_earlyRefresh,earlyRefresh,high-skew-zipf,1787574322.416000,127.999947,l2_hits,all,1379
2026-08-24_12-23-14-416053_earlyRefresh,earlyRefresh,high-skew-zipf,1787574323.416000,128.999947,l2_hits,all,1399
2026-08-24_12-23-14-416053_earlyRefresh,earlyRefresh,high-skew-zipf,1787574324.416000,129.999947,l2_hits,all,1407
2026-08-24_12-23-14-416053_earlyRefresh,earlyRefresh,high-skew-zipf,1787574325.416000,130.999947,l2_hits,all,1421
2026-08-24_12-23-14-416053_earlyRefresh,earlyRefresh,high-skew-zipf,1787574326.416000,131.999947,l2_hits,all,1432
2026-08-24_12-23-14-416053_earlyRefresh,earlyRefresh,high-skew-zipf,1787574327.416000,132.999947,l2_hits,all,1440
2026-08-24_12-23-14-416053_earlyRefresh,earlyRefresh,high-skew-zipf,1787574328.416000,133.999947,l2_hits,all,1452
2026-08-24_12-23-14-416053_earlyRefresh,earlyRefresh,high-skew-zipf,1787574329.416000,134.999947,l2_hits,all,1466
2026-08-24_12-23-14-416053_earlyRefresh,earlyRefresh,high-skew-zipf,1787574330.416000,135.999947,l2_hits,all,1479
2026-08-24_12-23-14-416053_earlyRefresh,earlyRefresh,high-skew-zipf,1787574331.416000,136.999947,l2_hits,all,1485
2026-08-24_12-23-14-416053_earlyRefresh,earlyRefresh,high-skew-zipf,1787574332.416000,137.999947,l2_hits,all,1494
2026-08-24_12-23-14-416053_earlyRefresh,earlyRefresh,high-skew-zipf,1787574333.416000,138.999947,l2_hits,all,1508
2026-08-24_12-23-14-416053_earlyRefresh,earlyRefresh,high-skew-zipf,1787574334.416000,139.999947,l2_hits,all,1514
2026-08-24_12-23-14-416053_earlyRefresh,earlyRefresh,high-skew-zipf,1787574335.416000,140.999947,l2_hits,all,1522
2026-08-24_12-23-14-416053_earlyRefresh,earlyRefresh,high-skew-zipf,1787574336.416000,141.999947,l2_hits,all,1534
2026-08-24_12-23-14-416053_earlyRefresh,earlyRefresh,high-skew-zipf,1787574337.416000,142.999947,l2_hits,all,1546
2026-08-24_12-23-14-416053_earlyRefresh,earlyRefresh,high-skew-zipf,1787574338.416000,143.999947,l2_hits,all,1558
2026-08-24_12-23-14-416053_earlyRefresh,earlyRefresh,high-skew-zipf,1787574339.416000,144.999947,l2_hits,all,1574
2026-08-24_12-23-14-416053_earlyRefresh,earlyRefresh,high-skew-zipf,1787574340.416000,145.999947,l2_hits,all,1579
2026-08-24_12-23-14-416053_earlyRefresh,earlyRefresh,high-skew-zipf,1787574341.416000,146.999947,l2_hits,all,1587
2026-08-24_12-23-14-416053_earlyRefresh,earlyRefresh,high-skew-zipf,1787574342.416000,147.999947,l2_hits,all,1597
2026-08-24_12-23-14-416053_earlyRefresh,earlyRefresh,high-skew-zipf,1787574343.416000,148.999947,l2_hits,all,1608
2026-08-24_12-23-14-416053_earlyRefresh,earlyRefresh,high-skew-zipf,1787574344.416000,149.999947,l2_hits,all,1613
2026-08-24_12-23-14-416053_earlyRefresh,earlyRefresh,high-skew-zipf,1787574345.416000,150.999947,l2_hits,all,1625
2026-08-24_12-23-14-416053_earlyRefresh,earlyRefresh,high-skew-zipf,1787574346.416000,151.999947,l2_hits,all,1634
2026-08-24_12-23-14-416053_earlyRefresh,earlyRefresh,high-skew-zipf,1787574347.416000,152.999947,l2_hits,all,1646
2026-08-24_12-23-14-416053_earlyRefresh,earlyRefresh,high-skew-zipf,1787574348.416000,153.999947,l2_hits,all,1650
2026-08-24_12-23-14-416053_earlyRefresh,earlyRefresh,high-skew-zipf,1787574349.416000,154.999947,l2_hits,all,1658
2026-08-24_12-23-14-416053_earlyRefresh,earlyRefresh,high-skew-zipf,1787574350.416000,155.999947,l2_hits,all,1668
2026-08-24_12-23-14-416053_earlyRefresh,earlyRefresh,high-skew-zipf,1787574351.416000,156.999947,l2_hits,all,1684
2026-08-24_12-23-14-416053_earlyRefresh,earlyRefresh,high-skew-zipf,1787574352.416000,157.999947,l2_hits,all,1695
2026-08-24_12-23-14-416053_earlyRefresh,earlyRefresh,high-skew-zipf,1787574353.416000,158.999947,l2_hits,all,1705
2026-08-24_12-23-14-416053_earlyRefresh,earlyRefresh,high-skew-zipf,1787574354.416000,159.999947,l2_hits,all,1716
2026-08-24_12-23-14-416053_earlyRefresh,earlyRefresh,high-skew-zipf,1787574355.416000,160.999947,l2_hits,all,1732
2026-08-24_12-23-14-416053_earlyRefresh,earlyRefresh,high-skew-zipf,1787574356.416000,161.999947,l2_hits,all,1744
2026-08-24_12-23-14-416053_earlyRefresh,earlyRefresh,high-skew-zipf,1787574357.416000,162.999947,l2_hits,all,1761
2026-08-24_12-23-14-416053_earlyRefresh,earlyRefresh,high-skew-zipf,1787574358.416000,163.999947,l2_hits,all,1771
2026-08-24_12-23-14-416053_earlyRefresh,earlyRefresh,high-skew-zipf,1787574359.416000,164.999947,l2_hits,all,1779
2026-08-24_12-23-14-416053_earlyRefresh,earlyRefresh,high-skew-zipf,1787574360.416000,165.999947,l2_hits,all,1793
2026-08-24_12-23-14-416053_earlyRefresh,earlyRefresh,high-skew-zipf,1787574361.416000,166.999947,l2_hits,all,1804
2026-08-24_12-23-14-416053_earlyRefresh,earlyRefresh,high-skew-zipf,1787574362.416000,167.999947,l2_hits,all,1812
2026-08-24_12-23-14-416053_earlyRefresh,earlyRefresh,high-skew-zipf,1787574363.416000,168.999947,l2_hits,all,1826
2026-08-24_12-23-14-416053_earlyRefresh,earlyRefresh,high-skew-zipf,1787574364.416000,169.999947,l2_hits,all,1842
2026-08-24_12-23-14-416053_earlyRefresh,earlyRefresh,high-skew-zipf,1787574365.416000,170.999947,l2_hits,all,1858
2026-08-24_12-23-14-416053_earlyRefresh,earlyRefresh,high-skew-zipf,1787574366.416000,171.999947,l2_hits,all,1871
2026-08-24_12-23-14-416053_earlyRefresh,earlyRefresh,high-skew-zipf,1787574367.416000,172.999947,l2_hits,all,1889
2026-08-24_12-23-14-416053_earlyRefresh,earlyRefresh,high-skew-zipf,1787574368.416000,173.999947,l2_hits,all,1900
2026-08-24_12-23-14-416053_earlyRefresh,earlyRefresh,high-skew-zipf,1787574369.416000,174.999947,l2_hits,all,1911
2026-08-24_12-23-14-416053_earlyRefresh,earlyRefresh,high-skew-zipf,1787574370.416000,175.999947,l2_hits,all,1919
2026-08-24_12-23-14-416053_earlyRefresh,earlyRefresh,high-skew-zipf,1787574371.416000,176.999947,l2_hits,all,1934
2026-08-24_12-23-14-416053_earlyRefresh,earlyRefresh,high-skew-zipf,1787574372.416000,177.999947,l2_hits,all,1941
2026-08-24_12-23-14-416053_earlyRefresh,earlyRefresh,high-skew-zipf,1787574373.416000,178.999947,l2_hits,all,1957
2026-08-24_12-23-14-416053_earlyRefresh,earlyRefresh,high-skew-zipf,1787574374.416000,179.999947,l2_hits,all,1969
2026-08-24_12-23-14-416053_earlyRefresh,earlyRefresh,high-skew-zipf,1787574375.416000,180.999947,l2_hits,all,1980
2026-08-24_12-23-14-416053_earlyRefresh,earlyRefresh,high-skew-zipf,1787574376.416000,181.999947,l2_hits,all,1988
2026-08-24_12-23-14-416053_earlyRefresh,earlyRefresh,high-skew-zipf,1787574377.416000,182.999947,l2_hits,all,1999
2026-08-24_12-23-14-416053_earlyRefresh,earlyRefresh,high-skew-zipf,1787574378.416000,183.999947,l2_hits,all,2009
2026-08-24_12-23-14-416053_earlyRefresh,earlyRefresh,high-skew-zipf,1787574379.416000,184.999947,l2_hits,all,2026
2026-08-24_12-23-14-416053_earlyRefresh,earlyRefresh,high-skew-zipf,1787574380.416000,185.999947,l2_hits,all,2037
2026-08-24_12-23-14-416053_earlyRefresh,earlyRefresh,high-skew-zipf,1787574381.416000,186.999947,l2_hits,all,2048
2026-08-24_12-23-14-416053_earlyRefresh,earlyRefresh,high-skew-zipf,1787574382.416000,187.999947,l2_hits,all,2057
2026-08-24_12-23-14-416053_earlyRefresh,earlyRefresh,high-skew-zipf,1787574383.416000,188.999947,l2_hits,all,2072
2026-08-24_12-23-14-416053_earlyRefresh,earlyRefresh,high-skew-zipf,1787574384.416000,189.999947,l2_hits,all,2079
2026-08-24_12-23-14-416053_earlyRefresh,earlyRefresh,high-skew-zipf,1787574385.416000,190.999947,l2_hits,all,2085
2026-08-24_12-23-14-416053_earlyRefresh,earlyRefresh,high-skew-zipf,1787574386.416000,191.999947,l2_hits,all,2096
2026-08-24_12-23-14-416053_earlyRefresh,earlyRefresh,high-skew-zipf,1787574387.416000,192.999947,l2_hits,all,2110
2026-08-24_12-23-14-416053_earlyRefresh,earlyRefresh,high-skew-zipf,1787574388.416000,193.999947,l2_hits,all,2120
2026-08-24_12-23-14-416053_earlyRefresh,earlyRefresh,high-skew-zipf,1787574389.416000,194.999947,l2_hits,all,2135
2026-08-24_12-23-14-416053_earlyRefresh,earlyRefresh,high-skew-zipf,1787574390.416000,195.999947,l2_hits,all,2147
2026-08-24_12-23-14-416053_earlyRefresh,earlyRefresh,high-skew-zipf,1787574391.416000,196.999947,l2_hits,all,2159
2026-08-24_12-23-14-416053_earlyRefresh,earlyRefresh,high-skew-zipf,1787574392.416000,197.999947,l2_hits,all,2170
2026-08-24_12-23-14-416053_earlyRefresh,earlyRefresh,high-skew-zipf,1787574393.416000,198.999947,l2_hits,all,2183
2026-08-24_12-23-14-416053_earlyRefresh,earlyRefresh,high-skew-zipf,1787574394.416000,199.999947,l2_hits,all,2198
2026-08-24_12-23-14-416053_earlyRefresh,earlyRefresh,high-skew-zipf,1787574395.416000,200.999947,l2_hits,all,2210
2026-08-24_12-23-14-416053_earlyRefresh,earlyRefresh,high-skew-zipf,1787574396.416000,201.999947,l2_hits,all,2225
2026-08-24_12-23-14-416053_earlyRefresh,earlyRefresh,high-skew-zipf,1787574397.416000,202.999947,l2_hits,all,2238
2026-08-24_12-23-14-416053_earlyRefresh,earlyRefresh,high-skew-zipf,1787574398.416000,203.999947,l2_hits,all,2247
2026-08-24_12-23-14-416053_earlyRefresh,earlyRefresh,high-skew-zipf,1787574399.416000,204.999947,l2_hits,all,2256
2026-08-24_12-23-14-416053_earlyRefresh,earlyRefresh,high-skew-zipf,1787574400.416000,205.999947,l2_hits,all,2264
2026-08-24_12-23-14-416053_earlyRefresh,earlyRefresh,high-skew-zipf,1787574401.416000,206.999947,l2_hits,all,2274
2026-08-24_12-23-14-416053_earlyRefresh,earlyRefresh,high-skew-zipf,1787574402.416000,207.999947,l2_hits,all,2284
2026-08-24_12-23-14-416053_earlyRefresh,earlyRefresh,high-skew-zipf,1787574403.416000,208.999947,l2_hits,all,2294
2026-08-24_12-23-14-416053_earlyRefresh,earlyRefresh,high-skew-zipf,1787574404.416000,209.999947,l2_hits,all,2304
2026-08-24_12-23-14-416053_earlyRefresh,earlyRefresh,high-skew-zipf,1787574405.416000,210.999947,l2_hits,all,2315
2026-08-24_12-23-14-416053_earlyRefresh,earlyRefresh,high-skew-zipf,1787574406.416000,211.999947,l2_hits,all,2334
2026-08-24_12-23-14-416053_earlyRefresh,earlyRefresh,high-skew-zipf,1787574407.416000,212.999947,l2_hits,all,2348
2026-08-24_12-23-14-416053_earlyRefresh,earlyRefresh,high-skew-zipf,1787574408.416000,213.999947,l2_hits,all,2363
2026-08-24_12-23-14-416053_earlyRefresh,earlyRefresh,high-skew-zipf,1787574409.416000,214.999947,l2_hits,all,2374
2026-08-24_12-23-14-416053_earlyRefresh,earlyRefresh,high-skew-zipf,1787574410.416000,215.999947,l2_hits,all,2380
2026-08-24_12-23-14-416053_earlyRefresh,earlyRefresh,high-skew-zipf,1787574411.416000,216.999947,l2_hits,all,2394
2026-08-24_12-23-14-416053_earlyRefresh,earlyRefresh,high-skew-zipf,1787574412.416000,217.999947,l2_hits,all,2408
2026-08-24_12-23-14-416053_earlyRefresh,earlyRefresh,high-skew-zipf,1787574413.416000,218.999947,l2_hits,all,2419
2026-08-24_12-23-14-416053_earlyRefresh,earlyRefresh,high-skew-zipf,1787574414.416000,219.999947,l2_hits,all,2431
2026-08-24_12-23-14-416053_earlyRefresh,earlyRefresh,high-skew-zipf,1787574415.416000,220.999947,l2_hits,all,2446
2026-08-24_12-23-14-416053_earlyRefresh,earlyRefresh,high-skew-zipf,1787574416.416000,221.999947,l2_hits,all,2459
2026-08-24_12-23-14-416053_earlyRefresh,earlyRefresh,high-skew-zipf,1787574417.416000,222.999947,l2_hits,all,2467
2026-08-24_12-23-14-416053_earlyRefresh,earlyRefresh,high-skew-zipf,1787574418.416000,223.999947,l2_hits,all,2481
2026-08-24_12-23-14-416053_earlyRefresh,earlyRefresh,high-skew-zipf,1787574419.416000,224.999947,l2_hits,all,2492
2026-08-24_12-23-14-416053_earlyRefresh,earlyRefresh,high-skew-zipf,1787574420.416000,225.999947,l2_hits,all,2503
2026-08-24_12-23-14-416053_earlyRefresh,earlyRefresh,high-skew-zipf,1787574421.416000,226.999947,l2_hits,all,2515
2026-08-24_12-23-14-416053_earlyRefresh,earlyRefresh,high-skew-zipf,1787574422.416000,227.999947,l2_hits,all,2529
2026-08-24_12-23-14-416053_earlyRefresh,earlyRefresh,high-skew-zipf,1787574423.416000,228.999947,l2_hits,all,2538
2026-08-24_12-23-14-416053_earlyRefresh,earlyRefresh,high-skew-zipf,1787574424.416000,229.999947,l2_hits,all,2549
2026-08-24_12-23-14-416053_earlyRefresh,earlyRefresh,high-skew-zipf,1787574425.416000,230.999947,l2_hits,all,2562
2026-08-24_12-23-14-416053_earlyRefresh,earlyRefresh,high-skew-zipf,1787574426.416000,231.999947,l2_hits,all,2574
2026-08-24_12-23-14-416053_earlyRefresh,earlyRefresh,high-skew-zipf,1787574427.416000,232.999947,l2_hits,all,2585
2026-08-24_12-23-14-416053_earlyRefresh,earlyRefresh,high-skew-zipf,1787574428.416000,233.999947,l2_hits,all,2595
2026-08-24_12-23-14-416053_earlyRefresh,earlyRefresh,high-skew-zipf,1787574429.416000,234.999947,l2_hits,all,2603
2026-08-24_12-23-14-416053_earlyRefresh,earlyRefresh,high-skew-zipf,1787574430.416000,235.999947,l2_hits,all,2610
2026-08-24_12-23-14-416053_earlyRefresh,earlyRefresh,high-skew-zipf,1787574431.416000,236.999947,l2_hits,all,2622
2026-08-24_12-23-14-416053_earlyRefresh,earlyRefresh,high-skew-zipf,1787574432.416000,237.999947,l2_hits,all,2638
2026-08-24_12-23-14-416053_earlyRefresh,earlyRefresh,high-skew-zipf,1787574433.416000,238.999947,l2_hits,all,2645
2026-08-24_12-23-14-416053_earlyRefresh,earlyRefresh,high-skew-zipf,1787574434.416000,239.999947,l2_hits,all,2653
2026-08-24_12-23-14-416053_earlyRefresh,earlyRefresh,high-skew-zipf,1787574194.416000,-0.000053,backend_calls,all,0
2026-08-24_12-23-14-416053_earlyRefresh,earlyRefresh,high-skew-zipf,1787574195.416000,0.999947,backend_calls,all,1
2026-08-24_12-23-14-416053_earlyRefresh,earlyRefresh,high-skew-zipf,1787574196.416000,1.999947,backend_calls,all,7
2026-08-24_12-23-14-416053_earlyRefresh,earlyRefresh,high-skew-zipf,1787574197.416000,2.999947,backend_calls,all,14
2026-08-24_12-23-14-416053_earlyRefresh,earlyRefresh,high-skew-zipf,1787574198.416000,3.999947,backend_calls,all,18
2026-08-24_12-23-14-416053_earlyRefresh,earlyRefresh,high-skew-zipf,1787574199.416000,4.999947,backend_calls,all,26
2026-08-24_12-23-14-416053_earlyRefresh,earlyRefresh,high-skew-zipf,1787574200.416000,5.999947,backend_calls,all,33
2026-08-24_12-23-14-416053_earlyRefresh,earlyRefresh,high-skew-zipf,1787574201.416000,6.999947,backend_calls,all,44
2026-08-24_12-23-14-416053_earlyRefresh,earlyRefresh,high-skew-zipf,1787574202.416000,7.999947,backend_calls,all,49
2026-08-24_12-23-14-416053_earlyRefresh,earlyRefresh,high-skew-zipf,1787574203.416000,8.999947,backend_calls,all,53
2026-08-24_12-23-14-416053_earlyRefresh,earlyRefresh,high-skew-zipf,1787574204.416000,9.999947,backend_calls,all,57
2026-08-24_12-23-14-416053_earlyRefresh,earlyRefresh,high-skew-zipf,1787574205.416000,10.999947,backend_calls,all,65
2026-08-24_12-23-14-416053_earlyRefresh,earlyRefresh,high-skew-zipf,1787574206.416000,11.999947,backend_calls,all,68
2026-08-24_12-23-14-416053_earlyRefresh,earlyRefresh,high-skew-zipf,1787574207.416000,12.999947,backend_calls,all,73
2026-08-24_12-23-14-416053_earlyRefresh,earlyRefresh,high-skew-zipf,1787574208.416000,13.999947,backend_calls,all,75
2026-08-24_12-23-14-416053_earlyRefresh,earlyRefresh,high-skew-zipf,1787574209.416000,14.999947,backend_calls,all,81
2026-08-24_12-23-14-416053_earlyRefresh,earlyRefresh,high-skew-zipf,1787574210.416000,15.999947,backend_calls,all,90
2026-08-24_12-23-14-416053_earlyRefresh,earlyRefresh,high-skew-zipf,1787574211.416000,16.999947,backend_calls,all,113
2026-08-24_12-23-14-416053_earlyRefresh,earlyRefresh,high-skew-zipf,1787574212.416000,17.999947,backend_calls,all,123
2026-08-24_12-23-14-416053_earlyRefresh,earlyRefresh,high-skew-zipf,1787574213.416000,18.999947,backend_calls,all,134
2026-08-24_12-23-14-416053_earlyRefresh,earlyRefresh,high-skew-zipf,1787574214.416000,19.999947,backend_calls,all,144
2026-08-24_12-23-14-416053_earlyRefresh,earlyRefresh,high-skew-zipf,1787574215.416000,20.999947,backend_calls,all,155
2026-08-24_12-23-14-416053_earlyRefresh,earlyRefresh,high-skew-zipf,1787574216.416000,21.999947,backend_calls,all,160
2026-08-24_12-23-14-416053_earlyRefresh,earlyRefresh,high-skew-zipf,1787574217.416000,22.999947,backend_calls,all,173
2026-08-24_12-23-14-416053_earlyRefresh,earlyRefresh,high-skew-zipf,1787574218.416000,23.999947,backend_calls,all,176
2026-08-24_12-23-14-416053_earlyRefresh,earlyRefresh,high-skew-zipf,1787574219.416000,24.999947,backend_calls,all,183
2026-08-24_12-23-14-416053_earlyRefresh,earlyRefresh,high-skew-zipf,1787574220.416000,25.999947,backend_calls,all,191
2026-08-24_12-23-14-416053_earlyRefresh,earlyRefresh,high-skew-zipf,1787574221.416000,26.999947,backend_calls,all,194
2026-08-24_12-23-14-416053_earlyRefresh,earlyRefresh,high-skew-zipf,1787574222.416000,27.999947,backend_calls,all,198
2026-08-24_12-23-14-416053_earlyRefresh,earlyRefresh,high-skew-zipf,1787574223.416000,28.999947,backend_calls,all,203
2026-08-24_12-23-14-416053_earlyRefresh,earlyRefresh,high-skew-zipf,1787574224.416000,29.999947,backend_calls,all,209
2026-08-24_12-23-14-416053_earlyRefresh,earlyRefresh,high-skew-zipf,1787574225.416000,30.999947,backend_calls,all,219
2026-08-24_12-23-14-416053_earlyRefresh,earlyRefresh,high-skew-zipf,1787574226.416000,31.999947,backend_calls,all,228
2026-08-24_12-23-14-416053_earlyRefresh,earlyRefresh,high-skew-zipf,1787574227.416000,32.999947,backend_calls,all,249
2026-08-24_12-23-14-416053_earlyRefresh,earlyRefresh,high-skew-zipf,1787574228.416000,33.999947,backend_calls,all,259
2026-08-24_12-23-14-416053_earlyRefresh,earlyRefresh,high-skew-zipf,1787574229.416000,34.999947,backend_calls,all,269
2026-08-24_12-23-14-416053_earlyRefresh,earlyRefresh,high-skew-zipf,1787574230.416000,35.999947,backend_calls,all,276
2026-08-24_12-23-14-416053_earlyRefresh,earlyRefresh,high-skew-zipf,1787574231.416000,36.999947,backend_calls,all,282
2026-08-24_12-23-14-416053_earlyRefresh,earlyRefresh,high-skew-zipf,1787574232.416000,37.999947,backend_calls,all,291
2026-08-24_12-23-14-416053_earlyRefresh,earlyRefresh,high-skew-zipf,1787574233.416000,38.999947,backend_calls,all,309
2026-08-24_12-23-14-416053_earlyRefresh,earlyRefresh,high-skew-zipf,1787574234.416000,39.999947,backend_calls,all,322
2026-08-24_12-23-14-416053_earlyRefresh,earlyRefresh,high-skew-zipf,1787574235.416000,40.999947,backend_calls,all,331
2026-08-24_12-23-14-416053_earlyRefresh,earlyRefresh,high-skew-zipf,1787574236.416000,41.999947,backend_calls,all,340
2026-08-24_12-23-14-416053_earlyRefresh,earlyRefresh,high-skew-zipf,1787574237.416000,42.999947,backend_calls,all,346
2026-08-24_12-23-14-416053_earlyRefresh,earlyRefresh,high-skew-zipf,1787574238.416000,43.999947,backend_calls,all,359
2026-08-24_12-23-14-416053_earlyRefresh,earlyRefresh,high-skew-zipf,1787574239.416000,44.999947,backend_calls,all,367
2026-08-24_12-23-14-416053_earlyRefresh,earlyRefresh,high-skew-zipf,1787574240.416000,45.999947,backend_calls,all,373
2026-08-24_12-23-14-416053_earlyRefresh,earlyRefresh,high-skew-zipf,1787574241.416000,46.999947,backend_calls,all,380
2026-08-24_12-23-14-416053_earlyRefresh,earlyRefresh,high-skew-zipf,1787574242.416000,47.999947,backend_calls,all,395
2026-08-24_12-23-14-416053_earlyRefresh,earlyRefresh,high-skew-zipf,1787574243.416000,48.999947,backend_calls,all,405
2026-08-24_12-23-14-416053_earlyRefresh,earlyRefresh,high-skew-zipf,1787574244.416000,49.999947,backend_calls,all,434
2026-08-24_12-23-14-416053_earlyRefresh,earlyRefresh,high-skew-zipf,1787574245.416000,50.999947,backend_calls,all,442
2026-08-24_12-23-14-416053_earlyRefresh,earlyRefresh,high-skew-zipf,1787574246.416000,51.999947,backend_calls,all,447
2026-08-24_12-23-14-416053_earlyRefresh,earlyRefresh,high-skew-zipf,1787574247.416000,52.999947,backend_calls,all,454
2026-08-24_12-23-14-416053_earlyRefresh,earlyRefresh,high-skew-zipf,1787574248.416000,53.999947,backend_calls,all,459
2026-08-24_12-23-14-416053_earlyRefresh,earlyRefresh,high-skew-zipf,1787574249.416000,54.999947,backend_calls,all,474
2026-08-24_12-23-14-416053_earlyRefresh,earlyRefresh,high-skew-zipf,1787574250.416000,55.999947,backend_calls,all,491
2026-08-24_12-23-14-416053_earlyRefresh,earlyRefresh,high-skew-zipf,1787574251.416000,56.999947,backend_calls,all,500
2026-08-24_12-23-14-416053_earlyRefresh,earlyRefresh,high-skew-zipf,1787574252.416000,57.999947,backend_calls,all,507
2026-08-24_12-23-14-416053_earlyRefresh,earlyRefresh,high-skew-zipf,1787574253.416000,58.999947,backend_calls,all,515
2026-08-24_12-23-14-416053_earlyRefresh,earlyRefresh,high-skew-zipf,1787574254.416000,59.999947,backend_calls,all,527
2026-08-24_12-23-14-416053_earlyRefresh,earlyRefresh,high-skew-zipf,1787574255.416000,60.999947,backend_calls,all,538
2026-08-24_12-23-14-416053_earlyRefresh,earlyRefresh,high-skew-zipf,1787574256.416000,61.999947,backend_calls,all,555
2026-08-24_12-23-14-416053_earlyRefresh,earlyRefresh,high-skew-zipf,1787574257.416000,62.999947,backend_calls,all,565
2026-08-24_12-23-14-416053_earlyRefresh,earlyRefresh,high-skew-zipf,1787574258.416000,63.999947,backend_calls,all,571
2026-08-24_12-23-14-416053_earlyRefresh,earlyRefresh,high-skew-zipf,1787574259.416000,64.999947,backend_calls,all,577
2026-08-24_12-23-14-416053_earlyRefresh,earlyRefresh,high-skew-zipf,1787574260.416000,65.999947,backend_calls,all,588
2026-08-24_12-23-14-416053_earlyRefresh,earlyRefresh,high-skew-zipf,1787574261.416000,66.999947,backend_calls,all,595
2026-08-24_12-23-14-416053_earlyRefresh,earlyRefresh,high-skew-zipf,1787574262.416000,67.999947,backend_calls,all,600
2026-08-24_12-23-14-416053_earlyRefresh,earlyRefresh,high-skew-zipf,1787574263.416000,68.999947,backend_calls,all,611
2026-08-24_12-23-14-416053_earlyRefresh,earlyRefresh,high-skew-zipf,1787574264.416000,69.999947,backend_calls,all,620
2026-08-24_12-23-14-416053_earlyRefresh,earlyRefresh,high-skew-zipf,1787574265.416000,70.999947,backend_calls,all,637
2026-08-24_12-23-14-416053_earlyRefresh,earlyRefresh,high-skew-zipf,1787574266.416000,71.999947,backend_calls,all,639
2026-08-24_12-23-14-416053_earlyRefresh,earlyRefresh,high-skew-zipf,1787574267.416000,72.999947,backend_calls,all,647
2026-08-24_12-23-14-416053_earlyRefresh,earlyRefresh,high-skew-zipf,1787574268.416000,73.999947,backend_calls,all,651
2026-08-24_12-23-14-416053_earlyRefresh,earlyRefresh,high-skew-zipf,1787574269.416000,74.999947,backend_calls,all,662
2026-08-24_12-23-14-416053_earlyRefresh,earlyRefresh,high-skew-zipf,1787574270.416000,75.999947,backend_calls,all,676
2026-08-24_12-23-14-416053_earlyRefresh,earlyRefresh,high-skew-zipf,1787574271.416000,76.999947,backend_calls,all,683
2026-08-24_12-23-14-416053_earlyRefresh,earlyRefresh,high-skew-zipf,1787574272.416000,77.999947,backend_calls,all,693
2026-08-24_12-23-14-416053_earlyRefresh,earlyRefresh,high-skew-zipf,1787574273.416000,78.999947,backend_calls,all,701
2026-08-24_12-23-14-416053_earlyRefresh,earlyRefresh,high-skew-zipf,1787574274.416000,79.999947,backend_calls,all,706
2026-08-24_12-23-14-416053_earlyRefresh,earlyRefresh,high-skew-zipf,1787574275.416000,80.999947,backend_calls,all,710
2026-08-24_12-23-14-416053_earlyRefresh,earlyRefresh,high-skew-zipf,1787574276.416000,81.999947,backend_calls,all,717
2026-08-24_12-23-14-416053_earlyRefresh,earlyRefresh,high-skew-zipf,1787574277.416000,82.999947,backend_calls,all,732
2026-08-24_12-23-14-416053_earlyRefresh,earlyRefresh,high-skew-zipf,1787574278.416000,83.999947,backend_calls,all,739
2026-08-24_12-23-14-416053_earlyRefresh,earlyRefresh,high-skew-zipf,1787574279.416000,84.999947,backend_calls,all,747
2026-08-24_12-23-14-416053_earlyRefresh,earlyRefresh,high-skew-zipf,1787574280.416000,85.999947,backend_calls,all,753
2026-08-24_12-23-14-416053_earlyRefresh,earlyRefresh,high-skew-zipf,1787574281.416000,86.999947,backend_calls,all,765
2026-08-24_12-23-14-416053_earlyRefresh,earlyRefresh,high-skew-zipf,1787574282.416000,87.999947,backend_calls,all,775
2026-08-24_12-23-14-416053_earlyRefresh,earlyRefresh,high-skew-zipf,1787574283.416000,88.999947,backend_calls,all,784
2026-08-24_12-23-14-416053_earlyRefresh,earlyRefresh,high-skew-zipf,1787574284.416000,89.999947,backend_calls,all,790
2026-08-24_12-23-14-416053_earlyRefresh,earlyRefresh,high-skew-zipf,1787574285.416000,90.999947,backend_calls,all,799
2026-08-24_12-23-14-416053_earlyRefresh,earlyRefresh,high-skew-zipf,1787574286.416000,91.999947,backend_calls,all,810
2026-08-24_12-23-14-416053_earlyRefresh,earlyRefresh,high-skew-zipf,1787574287.416000,92.999947,backend_calls,all,827
2026-08-24_12-23-14-416053_earlyRefresh,earlyRefresh,high-skew-zipf,1787574288.416000,93.999947,backend_calls,all,836
2026-08-24_12-23-14-416053_earlyRefresh,earlyRefresh,high-skew-zipf,1787574289.416000,94.999947,backend_calls,all,840
2026-08-24_12-23-14-416053_earlyRefresh,earlyRefresh,high-skew-zipf,1787574290.416000,95.999947,backend_calls,all,844
2026-08-24_12-23-14-416053_earlyRefresh,earlyRefresh,high-skew-zipf,1787574291.416000,96.999947,backend_calls,all,848
2026-08-24_12-23-14-416053_earlyRefresh,earlyRefresh,high-skew-zipf,1787574292.416000,97.999947,backend_calls,all,858
2026-08-24_12-23-14-416053_earlyRefresh,earlyRefresh,high-skew-zipf,1787574293.416000,98.999947,backend_calls,all,865
2026-08-24_12-23-14-416053_earlyRefresh,earlyRefresh,high-skew-zipf,1787574294.416000,99.999947,backend_calls,all,870
2026-08-24_12-23-14-416053_earlyRefresh,earlyRefresh,high-skew-zipf,1787574295.416000,100.999947,backend_calls,all,879
2026-08-24_12-23-14-416053_earlyRefresh,earlyRefresh,high-skew-zipf,1787574296.416000,101.999947,backend_calls,all,887
2026-08-24_12-23-14-416053_earlyRefresh,earlyRefresh,high-skew-zipf,1787574297.416000,102.999947,backend_calls,all,893
2026-08-24_12-23-14-416053_earlyRefresh,earlyRefresh,high-skew-zipf,1787574298.416000,103.999947,backend_calls,all,908
2026-08-24_12-23-14-416053_earlyRefresh,earlyRefresh,high-skew-zipf,1787574299.416000,104.999947,backend_calls,all,916
2026-08-24_12-23-14-416053_earlyRefresh,earlyRefresh,high-skew-zipf,1787574300.416000,105.999947,backend_calls,all,925
2026-08-24_12-23-14-416053_earlyRefresh,earlyRefresh,high-skew-zipf,1787574301.416000,106.999947,backend_calls,all,939
2026-08-24_12-23-14-416053_earlyRefresh,earlyRefresh,high-skew-zipf,1787574302.416000,107.999947,backend_calls,all,948
2026-08-24_12-23-14-416053_earlyRefresh,earlyRefresh,high-skew-zipf,1787574303.416000,108.999947,backend_calls,all,967
2026-08-24_12-23-14-416053_earlyRefresh,earlyRefresh,high-skew-zipf,1787574304.416000,109.999947,backend_calls,all,976
2026-08-24_12-23-14-416053_earlyRefresh,earlyRefresh,high-skew-zipf,1787574305.416000,110.999947,backend_calls,all,985
2026-08-24_12-23-14-416053_earlyRefresh,earlyRefresh,high-skew-zipf,1787574306.416000,111.999947,backend_calls,all,986
2026-08-24_12-23-14-416053_earlyRefresh,earlyRefresh,high-skew-zipf,1787574307.416000,112.999947,backend_calls,all,996
2026-08-24_12-23-14-416053_earlyRefresh,earlyRefresh,high-skew-zipf,1787574308.416000,113.999947,backend_calls,all,1000
2026-08-24_12-23-14-416053_earlyRefresh,earlyRefresh,high-skew-zipf,1787574309.416000,114.999947,backend_calls,all,1016
2026-08-24_12-23-14-416053_earlyRefresh,earlyRefresh,high-skew-zipf,1787574310.416000,115.999947,backend_calls,all,1027
2026-08-24_12-23-14-416053_earlyRefresh,earlyRefresh,high-skew-zipf,1787574311.416000,116.999947,backend_calls,all,1034
2026-08-24_12-23-14-416053_earlyRefresh,earlyRefresh,high-skew-zipf,1787574312.416000,117.999947,backend_calls,all,1049
2026-08-24_12-23-14-416053_earlyRefresh,earlyRefresh,high-skew-zipf,1787574313.416000,118.999947,backend_calls,all,1055
2026-08-24_12-23-14-416053_earlyRefresh,earlyRefresh,high-skew-zipf,1787574314.416000,119.999947,backend_calls,all,1068
2026-08-24_12-23-14-416053_earlyRefresh,earlyRefresh,high-skew-zipf,1787574315.416000,120.999947,backend_calls,all,1086
2026-08-24_12-23-14-416053_earlyRefresh,earlyRefresh,high-skew-zipf,1787574316.416000,121.999947,backend_calls,all,1091
2026-08-24_12-23-14-416053_earlyRefresh,earlyRefresh,high-skew-zipf,1787574317.416000,122.999947,backend_calls,all,1104
2026-08-24_12-23-14-416053_earlyRefresh,earlyRefresh,high-skew-zipf,1787574318.416000,123.999947,backend_calls,all,1114
2026-08-24_12-23-14-416053_earlyRefresh,earlyRefresh,high-skew-zipf,1787574319.416000,124.999947,backend_calls,all,1124
2026-08-24_12-23-14-416053_earlyRefresh,earlyRefresh,high-skew-zipf,1787574320.416000,125.999947,backend_calls,all,1132
2026-08-24_12-23-14-416053_earlyRefresh,earlyRefresh,high-skew-zipf,1787574321.416000,126.999947,backend_calls,all,1138
2026-08-24_12-23-14-416053_earlyRefresh,earlyRefresh,high-skew-zipf,1787574322.416000,127.999947,backend_calls,all,1143
2026-08-24_12-23-14-416053_earlyRefresh,earlyRefresh,high-skew-zipf,1787574323.416000,128.999947,backend_calls,all,1146
2026-08-24_12-23-14-416053_earlyRefresh,earlyRefresh,high-skew-zipf,1787574324.416000,129.999947,backend_calls,all,1151
2026-08-24_12-23-14-416053_earlyRefresh,earlyRefresh,high-skew-zipf,1787574325.416000,130.999947,backend_calls,all,1159
2026-08-24_12-23-14-416053_earlyRefresh,earlyRefresh,high-skew-zipf,1787574326.416000,131.999947,backend_calls,all,1166
2026-08-24_12-23-14-416053_earlyRefresh,earlyRefresh,high-skew-zipf,1787574327.416000,132.999947,backend_calls,all,1172
2026-08-24_12-23-14-416053_earlyRefresh,earlyRefresh,high-skew-zipf,1787574328.416000,133.999947,backend_calls,all,1181
2026-08-24_12-23-14-416053_earlyRefresh,earlyRefresh,high-skew-zipf,1787574329.416000,134.999947,backend_calls,all,1191
2026-08-24_12-23-14-416053_earlyRefresh,earlyRefresh,high-skew-zipf,1787574330.416000,135.999947,backend_calls,all,1203
2026-08-24_12-23-14-416053_earlyRefresh,earlyRefresh,high-skew-zipf,1787574331.416000,136.999947,backend_calls,all,1216
2026-08-24_12-23-14-416053_earlyRefresh,earlyRefresh,high-skew-zipf,1787574332.416000,137.999947,backend_calls,all,1229
2026-08-24_12-23-14-416053_earlyRefresh,earlyRefresh,high-skew-zipf,1787574333.416000,138.999947,backend_calls,all,1242
2026-08-24_12-23-14-416053_earlyRefresh,earlyRefresh,high-skew-zipf,1787574334.416000,139.999947,backend_calls,all,1254
2026-08-24_12-23-14-416053_earlyRefresh,earlyRefresh,high-skew-zipf,1787574335.416000,140.999947,backend_calls,all,1274
2026-08-24_12-23-14-416053_earlyRefresh,earlyRefresh,high-skew-zipf,1787574336.416000,141.999947,backend_calls,all,1281
2026-08-24_12-23-14-416053_earlyRefresh,earlyRefresh,high-skew-zipf,1787574337.416000,142.999947,backend_calls,all,1289
2026-08-24_12-23-14-416053_earlyRefresh,earlyRefresh,high-skew-zipf,1787574338.416000,143.999947,backend_calls,all,1302
2026-08-24_12-23-14-416053_earlyRefresh,earlyRefresh,high-skew-zipf,1787574339.416000,144.999947,backend_calls,all,1313
2026-08-24_12-23-14-416053_earlyRefresh,earlyRefresh,high-skew-zipf,1787574340.416000,145.999947,backend_calls,all,1320
2026-08-24_12-23-14-416053_earlyRefresh,earlyRefresh,high-skew-zipf,1787574341.416000,146.999947,backend_calls,all,1329
2026-08-24_12-23-14-416053_earlyRefresh,earlyRefresh,high-skew-zipf,1787574342.416000,147.999947,backend_calls,all,1334
2026-08-24_12-23-14-416053_earlyRefresh,earlyRefresh,high-skew-zipf,1787574343.416000,148.999947,backend_calls,all,1342
2026-08-24_12-23-14-416053_earlyRefresh,earlyRefresh,high-skew-zipf,1787574344.416000,149.999947,backend_calls,all,1356
2026-08-24_12-23-14-416053_earlyRefresh,earlyRefresh,high-skew-zipf,1787574345.416000,150.999947,backend_calls,all,1365
2026-08-24_12-23-14-416053_earlyRefresh,earlyRefresh,high-skew-zipf,1787574346.416000,151.999947,backend_calls,all,1386
2026-08-24_12-23-14-416053_earlyRefresh,earlyRefresh,high-skew-zipf,1787574347.416000,152.999947,backend_calls,all,1392
2026-08-24_12-23-14-416053_earlyRefresh,earlyRefresh,high-skew-zipf,1787574348.416000,153.999947,backend_calls,all,1403
2026-08-24_12-23-14-416053_earlyRefresh,earlyRefresh,high-skew-zipf,1787574349.416000,154.999947,backend_calls,all,1416
2026-08-24_12-23-14-416053_earlyRefresh,earlyRefresh,high-skew-zipf,1787574350.416000,155.999947,backend_calls,all,1427
2026-08-24_12-23-14-416053_earlyRefresh,earlyRefresh,high-skew-zipf,1787574351.416000,156.999947,backend_calls,all,1432
2026-08-24_12-23-14-416053_earlyRefresh,earlyRefresh,high-skew-zipf,1787574352.416000,157.999947,backend_calls,all,1444
2026-08-24_12-23-14-416053_earlyRefresh,earlyRefresh,high-skew-zipf,1787574353.416000,158.999947,backend_calls,all,1456
2026-08-24_12-23-14-416053_earlyRefresh,earlyRefresh,high-skew-zipf,1787574354.416000,159.999947,backend_calls,all,1472
2026-08-24_12-23-14-416053_earlyRefresh,earlyRefresh,high-skew-zipf,1787574355.416000,160.999947,backend_calls,all,1481
2026-08-24_12-23-14-416053_earlyRefresh,earlyRefresh,high-skew-zipf,1787574356.416000,161.999947,backend_calls,all,1494
2026-08-24_12-23-14-416053_earlyRefresh,earlyRefresh,high-skew-zipf,1787574357.416000,162.999947,backend_calls,all,1504
2026-08-24_12-23-14-416053_earlyRefresh,earlyRefresh,high-skew-zipf,1787574358.416000,163.999947,backend_calls,all,1513
2026-08-24_12-23-14-416053_earlyRefresh,earlyRefresh,high-skew-zipf,1787574359.416000,164.999947,backend_calls,all,1521
2026-08-24_12-23-14-416053_earlyRefresh,earlyRefresh,high-skew-zipf,1787574360.416000,165.999947,backend_calls,all,1531
2026-08-24_12-23-14-416053_earlyRefresh,earlyRefresh,high-skew-zipf,1787574361.416000,166.999947,backend_calls,all,1539
2026-08-24_12-23-14-416053_earlyRefresh,earlyRefresh,high-skew-zipf,1787574362.416000,167.999947,backend_calls,all,1551
2026-08-24_12-23-14-416053_earlyRefresh,earlyRefresh,high-skew-zipf,1787574363.416000,168.999947,backend_calls,all,1561
2026-08-24_12-23-14-416053_earlyRefresh,earlyRefresh,high-skew-zipf,1787574364.416000,169.999947,backend_calls,all,1563
2026-08-24_12-23-14-416053_earlyRefresh,earlyRefresh,high-skew-zipf,1787574365.416000,170.999947,backend_calls,all,1567
2026-08-24_12-23-14-416053_earlyRefresh,earlyRefresh,high-skew-zipf,1787574366.416000,171.999947,backend_calls,all,1575
2026-08-24_12-23-14-416053_earlyRefresh,earlyRefresh,high-skew-zipf,1787574367.416000,172.999947,backend_calls,all,1585
2026-08-24_12-23-14-416053_earlyRefresh,earlyRefresh,high-skew-zipf,1787574368.416000,173.999947,backend_calls,all,1592
2026-08-24_12-23-14-416053_earlyRefresh,earlyRefresh,high-skew-zipf,1787574369.416000,174.999947,backend_calls,all,1598
2026-08-24_12-23-14-416053_earlyRefresh,earlyRefresh,high-skew-zipf,1787574370.416000,175.999947,backend_calls,all,1605
2026-08-24_12-23-14-416053_earlyRefresh,earlyRefresh,high-skew-zipf,1787574371.416000,176.999947,backend_calls,all,1617
2026-08-24_12-23-14-416053_earlyRefresh,earlyRefresh,high-skew-zipf,1787574372.416000,177.999947,backend_calls,all,1625
2026-08-24_12-23-14-416053_earlyRefresh,earlyRefresh,high-skew-zipf,1787574373.416000,178.999947,backend_calls,all,1634
2026-08-24_12-23-14-416053_earlyRefresh,earlyRefresh,high-skew-zipf,1787574374.416000,179.999947,backend_calls,all,1638
2026-08-24_12-23-14-416053_earlyRefresh,earlyRefresh,high-skew-zipf,1787574375.416000,180.999947,backend_calls,all,1650
2026-08-24_12-23-14-416053_earlyRefresh,earlyRefresh,high-skew-zipf,1787574376.416000,181.999947,backend_calls,all,1664
2026-08-24_12-23-14-416053_earlyRefresh,earlyRefresh,high-skew-zipf,1787574377.416000,182.999947,backend_calls,all,1671
2026-08-24_12-23-14-416053_earlyRefresh,earlyRefresh,high-skew-zipf,1787574378.416000,183.999947,backend_calls,all,1693
2026-08-24_12-23-14-416053_earlyRefresh,earlyRefresh,high-skew-zipf,1787574379.416000,184.999947,backend_calls,all,1702
2026-08-24_12-23-14-416053_earlyRefresh,earlyRefresh,high-skew-zipf,1787574380.416000,185.999947,backend_calls,all,1709
2026-08-24_12-23-14-416053_earlyRefresh,earlyRefresh,high-skew-zipf,1787574381.416000,186.999947,backend_calls,all,1718
2026-08-24_12-23-14-416053_earlyRefresh,earlyRefresh,high-skew-zipf,1787574382.416000,187.999947,backend_calls,all,1724
2026-08-24_12-23-14-416053_earlyRefresh,earlyRefresh,high-skew-zipf,1787574383.416000,188.999947,backend_calls,all,1735
2026-08-24_12-23-14-416053_earlyRefresh,earlyRefresh,high-skew-zipf,1787574384.416000,189.999947,backend_calls,all,1749
2026-08-24_12-23-14-416053_earlyRefresh,earlyRefresh,high-skew-zipf,1787574385.416000,190.999947,backend_calls,all,1759
2026-08-24_12-23-14-416053_earlyRefresh,earlyRefresh,high-skew-zipf,1787574386.416000,191.999947,backend_calls,all,1771
2026-08-24_12-23-14-416053_earlyRefresh,earlyRefresh,high-skew-zipf,1787574387.416000,192.999947,backend_calls,all,1781
2026-08-24_12-23-14-416053_earlyRefresh,earlyRefresh,high-skew-zipf,1787574388.416000,193.999947,backend_calls,all,1789
2026-08-24_12-23-14-416053_earlyRefresh,earlyRefresh,high-skew-zipf,1787574389.416000,194.999947,backend_calls,all,1802
2026-08-24_12-23-14-416053_earlyRefresh,earlyRefresh,high-skew-zipf,1787574390.416000,195.999947,backend_calls,all,1817
2026-08-24_12-23-14-416053_earlyRefresh,earlyRefresh,high-skew-zipf,1787574391.416000,196.999947,backend_calls,all,1824
2026-08-24_12-23-14-416053_earlyRefresh,earlyRefresh,high-skew-zipf,1787574392.416000,197.999947,backend_calls,all,1843
2026-08-24_12-23-14-416053_earlyRefresh,earlyRefresh,high-skew-zipf,1787574393.416000,198.999947,backend_calls,all,1853
2026-08-24_12-23-14-416053_earlyRefresh,earlyRefresh,high-skew-zipf,1787574394.416000,199.999947,backend_calls,all,1865
2026-08-24_12-23-14-416053_earlyRefresh,earlyRefresh,high-skew-zipf,1787574395.416000,200.999947,backend_calls,all,1874
2026-08-24_12-23-14-416053_earlyRefresh,earlyRefresh,high-skew-zipf,1787574396.416000,201.999947,backend_calls,all,1882
2026-08-24_12-23-14-416053_earlyRefresh,earlyRefresh,high-skew-zipf,1787574397.416000,202.999947,backend_calls,all,1888
2026-08-24_12-23-14-416053_earlyRefresh,earlyRefresh,high-skew-zipf,1787574398.416000,203.999947,backend_calls,all,1903
2026-08-24_12-23-14-416053_earlyRefresh,earlyRefresh,high-skew-zipf,1787574399.416000,204.999947,backend_calls,all,1911
2026-08-24_12-23-14-416053_earlyRefresh,earlyRefresh,high-skew-zipf,1787574400.416000,205.999947,backend_calls,all,1920
2026-08-24_12-23-14-416053_earlyRefresh,earlyRefresh,high-skew-zipf,1787574401.416000,206.999947,backend_calls,all,1934
2026-08-24_12-23-14-416053_earlyRefresh,earlyRefresh,high-skew-zipf,1787574402.416000,207.999947,backend_calls,all,1941
2026-08-24_12-23-14-416053_earlyRefresh,earlyRefresh,high-skew-zipf,1787574403.416000,208.999947,backend_calls,all,1956
2026-08-24_12-23-14-416053_earlyRefresh,earlyRefresh,high-skew-zipf,1787574404.416000,209.999947,backend_calls,all,1966
2026-08-24_12-23-14-416053_earlyRefresh,earlyRefresh,high-skew-zipf,1787574405.416000,210.999947,backend_calls,all,1975
2026-08-24_12-23-14-416053_earlyRefresh,earlyRefresh,high-skew-zipf,1787574406.416000,211.999947,backend_calls,all,1982
2026-08-24_12-23-14-416053_earlyRefresh,earlyRefresh,high-skew-zipf,1787574407.416000,212.999947,backend_calls,all,1986
2026-08-24_12-23-14-416053_earlyRefresh,earlyRefresh,high-skew-zipf,1787574408.416000,213.999947,backend_calls,all,1992
2026-08-24_12-23-14-416053_earlyRefresh,earlyRefresh,high-skew-zipf,1787574409.416000,214.999947,backend_calls,all,2000
2026-08-24_12-23-14-416053_earlyRefresh,earlyRefresh,high-skew-zipf,1787574410.416000,215.999947,backend_calls,all,2015
2026-08-24_12-23-14-416053_earlyRefresh,earlyRefresh,high-skew-zipf,1787574411.416000,216.999947,backend_calls,all,2027
2026-08-24_12-23-14-416053_earlyRefresh,earlyRefresh,high-skew-zipf,1787574412.416000,217.999947,backend_calls,all,2038
2026-08-24_12-23-14-416053_earlyRefresh,earlyRefresh,high-skew-zipf,1787574413.416000,218.999947,backend_calls,all,2049
2026-08-24_12-23-14-416053_earlyRefresh,earlyRefresh,high-skew-zipf,1787574414.416000,219.999947,backend_calls,all,2064
2026-08-24_12-23-14-416053_earlyRefresh,earlyRefresh,high-skew-zipf,1787574415.416000,220.999947,backend_calls,all,2077
2026-08-24_12-23-14-416053_earlyRefresh,earlyRefresh,high-skew-zipf,1787574416.416000,221.999947,backend_calls,all,2083
2026-08-24_12-23-14-416053_earlyRefresh,earlyRefresh,high-skew-zipf,1787574417.416000,222.999947,backend_calls,all,2094
2026-08-24_12-23-14-416053_earlyRefresh,earlyRefresh,high-skew-zipf,1787574418.416000,223.999947,backend_calls,all,2111
2026-08-24_12-23-14-416053_earlyRefresh,earlyRefresh,high-skew-zipf,1787574419.416000,224.999947,backend_calls,all,2123
2026-08-24_12-23-14-416053_earlyRefresh,earlyRefresh,high-skew-zipf,1787574420.416000,225.999947,backend_calls,all,2135
2026-08-24_12-23-14-416053_earlyRefresh,earlyRefresh,high-skew-zipf,1787574421.416000,226.999947,backend_calls,all,2150
2026-08-24_12-23-14-416053_earlyRefresh,earlyRefresh,high-skew-zipf,1787574422.416000,227.999947,backend_calls,all,2151
2026-08-24_12-23-14-416053_earlyRefresh,earlyRefresh,high-skew-zipf,1787574423.416000,228.999947,backend_calls,all,2158
2026-08-24_12-23-14-416053_earlyRefresh,earlyRefresh,high-skew-zipf,1787574424.416000,229.999947,backend_calls,all,2164
2026-08-24_12-23-14-416053_earlyRefresh,earlyRefresh,high-skew-zipf,1787574425.416000,230.999947,backend_calls,all,2169
2026-08-24_12-23-14-416053_earlyRefresh,earlyRefresh,high-skew-zipf,1787574426.416000,231.999947,backend_calls,all,2180
2026-08-24_12-23-14-416053_earlyRefresh,earlyRefresh,high-skew-zipf,1787574427.416000,232.999947,backend_calls,all,2193
2026-08-24_12-23-14-416053_earlyRefresh,earlyRefresh,high-skew-zipf,1787574428.416000,233.999947,backend_calls,all,2200
2026-08-24_12-23-14-416053_earlyRefresh,earlyRefresh,high-skew-zipf,1787574429.416000,234.999947,backend_calls,all,2213
2026-08-24_12-23-14-416053_earlyRefresh,earlyRefresh,high-skew-zipf,1787574430.416000,235.999947,backend_calls,all,2227
2026-08-24_12-23-14-416053_earlyRefresh,earlyRefresh,high-skew-zipf,1787574431.416000,236.999947,backend_calls,all,2237
2026-08-24_12-23-14-416053_earlyRefresh,earlyRefresh,high-skew-zipf,1787574432.416000,237.999947,backend_calls,all,2250
2026-08-24_12-23-14-416053_earlyRefresh,earlyRefresh,high-skew-zipf,1787574433.416000,238.999947,backend_calls,all,2255
2026-08-24_12-23-14-416053_earlyRefresh,earlyRefresh,high-skew-zipf,1787574434.416000,239.999947,backend_calls,all,2267
2026-08-24_12-23-14-416053_earlyRefresh,earlyRefresh,high-skew-zipf,1787574194.416000,-0.000053,cache_misses,all,0
2026-08-24_12-23-14-416053_earlyRefresh,earlyRefresh,high-skew-zipf,1787574195.416000,0.999947,cache_misses,all,2
2026-08-24_12-23-14-416053_earlyRefresh,earlyRefresh,high-skew-zipf,1787574196.416000,1.999947,cache_misses,all,8
2026-08-24_12-23-14-416053_earlyRefresh,earlyRefresh,high-skew-zipf,1787574197.416000,2.999947,cache_misses,all,14
2026-08-24_12-23-14-416053_earlyRefresh,earlyRefresh,high-skew-zipf,1787574198.416000,3.999947,cache_misses,all,19
2026-08-24_12-23-14-416053_earlyRefresh,earlyRefresh,high-skew-zipf,1787574199.416000,4.999947,cache_misses,all,28
2026-08-24_12-23-14-416053_earlyRefresh,earlyRefresh,high-skew-zipf,1787574200.416000,5.999947,cache_misses,all,33
2026-08-24_12-23-14-416053_earlyRefresh,earlyRefresh,high-skew-zipf,1787574201.416000,6.999947,cache_misses,all,46
2026-08-24_12-23-14-416053_earlyRefresh,earlyRefresh,high-skew-zipf,1787574202.416000,7.999947,cache_misses,all,49
2026-08-24_12-23-14-416053_earlyRefresh,earlyRefresh,high-skew-zipf,1787574203.416000,8.999947,cache_misses,all,53
2026-08-24_12-23-14-416053_earlyRefresh,earlyRefresh,high-skew-zipf,1787574204.416000,9.999947,cache_misses,all,58
2026-08-24_12-23-14-416053_earlyRefresh,earlyRefresh,high-skew-zipf,1787574205.416000,10.999947,cache_misses,all,65
2026-08-24_12-23-14-416053_earlyRefresh,earlyRefresh,high-skew-zipf,1787574206.416000,11.999947,cache_misses,all,69
2026-08-24_12-23-14-416053_earlyRefresh,earlyRefresh,high-skew-zipf,1787574207.416000,12.999947,cache_misses,all,73
2026-08-24_12-23-14-416053_earlyRefresh,earlyRefresh,high-skew-zipf,1787574208.416000,13.999947,cache_misses,all,76
2026-08-24_12-23-14-416053_earlyRefresh,earlyRefresh,high-skew-zipf,1787574209.416000,14.999947,cache_misses,all,81
2026-08-24_12-23-14-416053_earlyRefresh,earlyRefresh,high-skew-zipf,1787574210.416000,15.999947,cache_misses,all,92
2026-08-24_12-23-14-416053_earlyRefresh,earlyRefresh,high-skew-zipf,1787574211.416000,16.999947,cache_misses,all,112
2026-08-24_12-23-14-416053_earlyRefresh,earlyRefresh,high-skew-zipf,1787574212.416000,17.999947,cache_misses,all,123
2026-08-24_12-23-14-416053_earlyRefresh,earlyRefresh,high-skew-zipf,1787574213.416000,18.999947,cache_misses,all,134
2026-08-24_12-23-14-416053_earlyRefresh,earlyRefresh,high-skew-zipf,1787574214.416000,19.999947,cache_misses,all,144
2026-08-24_12-23-14-416053_earlyRefresh,earlyRefresh,high-skew-zipf,1787574215.416000,20.999947,cache_misses,all,153
2026-08-24_12-23-14-416053_earlyRefresh,earlyRefresh,high-skew-zipf,1787574216.416000,21.999947,cache_misses,all,158
2026-08-24_12-23-14-416053_earlyRefresh,earlyRefresh,high-skew-zipf,1787574217.416000,22.999947,cache_misses,all,172
2026-08-24_12-23-14-416053_earlyRefresh,earlyRefresh,high-skew-zipf,1787574218.416000,23.999947,cache_misses,all,174
2026-08-24_12-23-14-416053_earlyRefresh,earlyRefresh,high-skew-zipf,1787574219.416000,24.999947,cache_misses,all,181
2026-08-24_12-23-14-416053_earlyRefresh,earlyRefresh,high-skew-zipf,1787574220.416000,25.999947,cache_misses,all,190
2026-08-24_12-23-14-416053_earlyRefresh,earlyRefresh,high-skew-zipf,1787574221.416000,26.999947,cache_misses,all,193
2026-08-24_12-23-14-416053_earlyRefresh,earlyRefresh,high-skew-zipf,1787574222.416000,27.999947,cache_misses,all,196
2026-08-24_12-23-14-416053_earlyRefresh,earlyRefresh,high-skew-zipf,1787574223.416000,28.999947,cache_misses,all,201
2026-08-24_12-23-14-416053_earlyRefresh,earlyRefresh,high-skew-zipf,1787574224.416000,29.999947,cache_misses,all,207
2026-08-24_12-23-14-416053_earlyRefresh,earlyRefresh,high-skew-zipf,1787574225.416000,30.999947,cache_misses,all,217
2026-08-24_12-23-14-416053_earlyRefresh,earlyRefresh,high-skew-zipf,1787574226.416000,31.999947,cache_misses,all,227
2026-08-24_12-23-14-416053_earlyRefresh,earlyRefresh,high-skew-zipf,1787574227.416000,32.999947,cache_misses,all,247
2026-08-24_12-23-14-416053_earlyRefresh,earlyRefresh,high-skew-zipf,1787574228.416000,33.999947,cache_misses,all,256
2026-08-24_12-23-14-416053_earlyRefresh,earlyRefresh,high-skew-zipf,1787574229.416000,34.999947,cache_misses,all,266
2026-08-24_12-23-14-416053_earlyRefresh,earlyRefresh,high-skew-zipf,1787574230.416000,35.999947,cache_misses,all,275
2026-08-24_12-23-14-416053_earlyRefresh,earlyRefresh,high-skew-zipf,1787574231.416000,36.999947,cache_misses,all,279
2026-08-24_12-23-14-416053_earlyRefresh,earlyRefresh,high-skew-zipf,1787574232.416000,37.999947,cache_misses,all,288
2026-08-24_12-23-14-416053_earlyRefresh,earlyRefresh,high-skew-zipf,1787574233.416000,38.999947,cache_misses,all,308
2026-08-24_12-23-14-416053_earlyRefresh,earlyRefresh,high-skew-zipf,1787574234.416000,39.999947,cache_misses,all,321
2026-08-24_12-23-14-416053_earlyRefresh,earlyRefresh,high-skew-zipf,1787574235.416000,40.999947,cache_misses,all,328
2026-08-24_12-23-14-416053_earlyRefresh,earlyRefresh,high-skew-zipf,1787574236.416000,41.999947,cache_misses,all,337
2026-08-24_12-23-14-416053_earlyRefresh,earlyRefresh,high-skew-zipf,1787574237.416000,42.999947,cache_misses,all,343
2026-08-24_12-23-14-416053_earlyRefresh,earlyRefresh,high-skew-zipf,1787574238.416000,43.999947,cache_misses,all,358
2026-08-24_12-23-14-416053_earlyRefresh,earlyRefresh,high-skew-zipf,1787574239.416000,44.999947,cache_misses,all,364
2026-08-24_12-23-14-416053_earlyRefresh,earlyRefresh,high-skew-zipf,1787574240.416000,45.999947,cache_misses,all,373
2026-08-24_12-23-14-416053_earlyRefresh,earlyRefresh,high-skew-zipf,1787574241.416000,46.999947,cache_misses,all,377
2026-08-24_12-23-14-416053_earlyRefresh,earlyRefresh,high-skew-zipf,1787574242.416000,47.999947,cache_misses,all,392
2026-08-24_12-23-14-416053_earlyRefresh,earlyRefresh,high-skew-zipf,1787574243.416000,48.999947,cache_misses,all,404
2026-08-24_12-23-14-416053_earlyRefresh,earlyRefresh,high-skew-zipf,1787574244.416000,49.999947,cache_misses,all,433
2026-08-24_12-23-14-416053_earlyRefresh,earlyRefresh,high-skew-zipf,1787574245.416000,50.999947,cache_misses,all,440
2026-08-24_12-23-14-416053_earlyRefresh,earlyRefresh,high-skew-zipf,1787574246.416000,51.999947,cache_misses,all,444
2026-08-24_12-23-14-416053_earlyRefresh,earlyRefresh,high-skew-zipf,1787574247.416000,52.999947,cache_misses,all,451
2026-08-24_12-23-14-416053_earlyRefresh,earlyRefresh,high-skew-zipf,1787574248.416000,53.999947,cache_misses,all,458
2026-08-24_12-23-14-416053_earlyRefresh,earlyRefresh,high-skew-zipf,1787574249.416000,54.999947,cache_misses,all,471
2026-08-24_12-23-14-416053_earlyRefresh,earlyRefresh,high-skew-zipf,1787574250.416000,55.999947,cache_misses,all,488
2026-08-24_12-23-14-416053_earlyRefresh,earlyRefresh,high-skew-zipf,1787574251.416000,56.999947,cache_misses,all,497
2026-08-24_12-23-14-416053_earlyRefresh,earlyRefresh,high-skew-zipf,1787574252.416000,57.999947,cache_misses,all,504
2026-08-24_12-23-14-416053_earlyRefresh,earlyRefresh,high-skew-zipf,1787574253.416000,58.999947,cache_misses,all,513
2026-08-24_12-23-14-416053_earlyRefresh,earlyRefresh,high-skew-zipf,1787574254.416000,59.999947,cache_misses,all,524
2026-08-24_12-23-14-416053_earlyRefresh,earlyRefresh,high-skew-zipf,1787574255.416000,60.999947,cache_misses,all,538
2026-08-24_12-23-14-416053_earlyRefresh,earlyRefresh,high-skew-zipf,1787574256.416000,61.999947,cache_misses,all,553
2026-08-24_12-23-14-416053_earlyRefresh,earlyRefresh,high-skew-zipf,1787574257.416000,62.999947,cache_misses,all,562
2026-08-24_12-23-14-416053_earlyRefresh,earlyRefresh,high-skew-zipf,1787574258.416000,63.999947,cache_misses,all,568
2026-08-24_12-23-14-416053_earlyRefresh,earlyRefresh,high-skew-zipf,1787574259.416000,64.999947,cache_misses,all,575
2026-08-24_12-23-14-416053_earlyRefresh,earlyRefresh,high-skew-zipf,1787574260.416000,65.999947,cache_misses,all,585
2026-08-24_12-23-14-416053_earlyRefresh,earlyRefresh,high-skew-zipf,1787574261.416000,66.999947,cache_misses,all,592
2026-08-24_12-23-14-416053_earlyRefresh,earlyRefresh,high-skew-zipf,1787574262.416000,67.999947,cache_misses,all,598
2026-08-24_12-23-14-416053_earlyRefresh,earlyRefresh,high-skew-zipf,1787574263.416000,68.999947,cache_misses,all,609
2026-08-24_12-23-14-416053_earlyRefresh,earlyRefresh,high-skew-zipf,1787574264.416000,69.999947,cache_misses,all,619
2026-08-24_12-23-14-416053_earlyRefresh,earlyRefresh,high-skew-zipf,1787574265.416000,70.999947,cache_misses,all,633
2026-08-24_12-23-14-416053_earlyRefresh,earlyRefresh,high-skew-zipf,1787574266.416000,71.999947,cache_misses,all,637
2026-08-24_12-23-14-416053_earlyRefresh,earlyRefresh,high-skew-zipf,1787574267.416000,72.999947,cache_misses,all,644
2026-08-24_12-23-14-416053_earlyRefresh,earlyRefresh,high-skew-zipf,1787574268.416000,73.999947,cache_misses,all,648
2026-08-24_12-23-14-416053_earlyRefresh,earlyRefresh,high-skew-zipf,1787574269.416000,74.999947,cache_misses,all,659
2026-08-24_12-23-14-416053_earlyRefresh,earlyRefresh,high-skew-zipf,1787574270.416000,75.999947,cache_misses,all,672
2026-08-24_12-23-14-416053_earlyRefresh,earlyRefresh,high-skew-zipf,1787574271.416000,76.999947,cache_misses,all,679
2026-08-24_12-23-14-416053_earlyRefresh,earlyRefresh,high-skew-zipf,1787574272.416000,77.999947,cache_misses,all,690
2026-08-24_12-23-14-416053_earlyRefresh,earlyRefresh,high-skew-zipf,1787574273.416000,78.999947,cache_misses,all,697
2026-08-24_12-23-14-416053_earlyRefresh,earlyRefresh,high-skew-zipf,1787574274.416000,79.999947,cache_misses,all,703
2026-08-24_12-23-14-416053_earlyRefresh,earlyRefresh,high-skew-zipf,1787574275.416000,80.999947,cache_misses,all,707
2026-08-24_12-23-14-416053_earlyRefresh,earlyRefresh,high-skew-zipf,1787574276.416000,81.999947,cache_misses,all,715
2026-08-24_12-23-14-416053_earlyRefresh,earlyRefresh,high-skew-zipf,1787574277.416000,82.999947,cache_misses,all,729
2026-08-24_12-23-14-416053_earlyRefresh,earlyRefresh,high-skew-zipf,1787574278.416000,83.999947,cache_misses,all,735
2026-08-24_12-23-14-416053_earlyRefresh,earlyRefresh,high-skew-zipf,1787574279.416000,84.999947,cache_misses,all,744
2026-08-24_12-23-14-416053_earlyRefresh,earlyRefresh,high-skew-zipf,1787574280.416000,85.999947,cache_misses,all,748
2026-08-24_12-23-14-416053_earlyRefresh,earlyRefresh,high-skew-zipf,1787574281.416000,86.999947,cache_misses,all,760
2026-08-24_12-23-14-416053_earlyRefresh,earlyRefresh,high-skew-zipf,1787574282.416000,87.999947,cache_misses,all,771
2026-08-24_12-23-14-416053_earlyRefresh,earlyRefresh,high-skew-zipf,1787574283.416000,88.999947,cache_misses,all,780
2026-08-24_12-23-14-416053_earlyRefresh,earlyRefresh,high-skew-zipf,1787574284.416000,89.999947,cache_misses,all,786
2026-08-24_12-23-14-416053_earlyRefresh,earlyRefresh,high-skew-zipf,1787574285.416000,90.999947,cache_misses,all,793
2026-08-24_12-23-14-416053_earlyRefresh,earlyRefresh,high-skew-zipf,1787574286.416000,91.999947,cache_misses,all,805
2026-08-24_12-23-14-416053_earlyRefresh,earlyRefresh,high-skew-zipf,1787574287.416000,92.999947,cache_misses,all,822
2026-08-24_12-23-14-416053_earlyRefresh,earlyRefresh,high-skew-zipf,1787574288.416000,93.999947,cache_misses,all,831
2026-08-24_12-23-14-416053_earlyRefresh,earlyRefresh,high-skew-zipf,1787574289.416000,94.999947,cache_misses,all,834
2026-08-24_12-23-14-416053_earlyRefresh,earlyRefresh,high-skew-zipf,1787574290.416000,95.999947,cache_misses,all,838
2026-08-24_12-23-14-416053_earlyRefresh,earlyRefresh,high-skew-zipf,1787574291.416000,96.999947,cache_misses,all,842
2026-08-24_12-23-14-416053_earlyRefresh,earlyRefresh,high-skew-zipf,1787574292.416000,97.999947,cache_misses,all,852
2026-08-24_12-23-14-416053_earlyRefresh,earlyRefresh,high-skew-zipf,1787574293.416000,98.999947,cache_misses,all,861
2026-08-24_12-23-14-416053_earlyRefresh,earlyRefresh,high-skew-zipf,1787574294.416000,99.999947,cache_misses,all,865
2026-08-24_12-23-14-416053_earlyRefresh,earlyRefresh,high-skew-zipf,1787574295.416000,100.999947,cache_misses,all,875
2026-08-24_12-23-14-416053_earlyRefresh,earlyRefresh,high-skew-zipf,1787574296.416000,101.999947,cache_misses,all,881
2026-08-24_12-23-14-416053_earlyRefresh,earlyRefresh,high-skew-zipf,1787574297.416000,102.999947,cache_misses,all,887
2026-08-24_12-23-14-416053_earlyRefresh,earlyRefresh,high-skew-zipf,1787574298.416000,103.999947,cache_misses,all,902
2026-08-24_12-23-14-416053_earlyRefresh,earlyRefresh,high-skew-zipf,1787574299.416000,104.999947,cache_misses,all,910
2026-08-24_12-23-14-416053_earlyRefresh,earlyRefresh,high-skew-zipf,1787574300.416000,105.999947,cache_misses,all,920
2026-08-24_12-23-14-416053_earlyRefresh,earlyRefresh,high-skew-zipf,1787574301.416000,106.999947,cache_misses,all,934
2026-08-24_12-23-14-416053_earlyRefresh,earlyRefresh,high-skew-zipf,1787574302.416000,107.999947,cache_misses,all,941
2026-08-24_12-23-14-416053_earlyRefresh,earlyRefresh,high-skew-zipf,1787574303.416000,108.999947,cache_misses,all,959
2026-08-24_12-23-14-416053_earlyRefresh,earlyRefresh,high-skew-zipf,1787574304.416000,109.999947,cache_misses,all,968
2026-08-24_12-23-14-416053_earlyRefresh,earlyRefresh,high-skew-zipf,1787574305.416000,110.999947,cache_misses,all,977
2026-08-24_12-23-14-416053_earlyRefresh,earlyRefresh,high-skew-zipf,1787574306.416000,111.999947,cache_misses,all,979
2026-08-24_12-23-14-416053_earlyRefresh,earlyRefresh,high-skew-zipf,1787574307.416000,112.999947,cache_misses,all,987
2026-08-24_12-23-14-416053_earlyRefresh,earlyRefresh,high-skew-zipf,1787574308.416000,113.999947,cache_misses,all,992
2026-08-24_12-23-14-416053_earlyRefresh,earlyRefresh,high-skew-zipf,1787574309.416000,114.999947,cache_misses,all,1007
2026-08-24_12-23-14-416053_earlyRefresh,earlyRefresh,high-skew-zipf,1787574310.416000,115.999947,cache_misses,all,1018
2026-08-24_12-23-14-416053_earlyRefresh,earlyRefresh,high-skew-zipf,1787574311.416000,116.999947,cache_misses,all,1025
2026-08-24_12-23-14-416053_earlyRefresh,earlyRefresh,high-skew-zipf,1787574312.416000,117.999947,cache_misses,all,1041
2026-08-24_12-23-14-416053_earlyRefresh,earlyRefresh,high-skew-zipf,1787574313.416000,118.999947,cache_misses,all,1047
2026-08-24_12-23-14-416053_earlyRefresh,earlyRefresh,high-skew-zipf,1787574314.416000,119.999947,cache_misses,all,1060
2026-08-24_12-23-14-416053_earlyRefresh,earlyRefresh,high-skew-zipf,1787574315.416000,120.999947,cache_misses,all,1076
2026-08-24_12-23-14-416053_earlyRefresh,earlyRefresh,high-skew-zipf,1787574316.416000,121.999947,cache_misses,all,1081
2026-08-24_12-23-14-416053_earlyRefresh,earlyRefresh,high-skew-zipf,1787574317.416000,122.999947,cache_misses,all,1094
2026-08-24_12-23-14-416053_earlyRefresh,earlyRefresh,high-skew-zipf,1787574318.416000,123.999947,cache_misses,all,1103
2026-08-24_12-23-14-416053_earlyRefresh,earlyRefresh,high-skew-zipf,1787574319.416000,124.999947,cache_misses,all,1115
2026-08-24_12-23-14-416053_earlyRefresh,earlyRefresh,high-skew-zipf,1787574320.416000,125.999947,cache_misses,all,1121
2026-08-24_12-23-14-416053_earlyRefresh,earlyRefresh,high-skew-zipf,1787574321.416000,126.999947,cache_misses,all,1127
2026-08-24_12-23-14-416053_earlyRefresh,earlyRefresh,high-skew-zipf,1787574322.416000,127.999947,cache_misses,all,1132
2026-08-24_12-23-14-416053_earlyRefresh,earlyRefresh,high-skew-zipf,1787574323.416000,128.999947,cache_misses,all,1134
2026-08-24_12-23-14-416053_earlyRefresh,earlyRefresh,high-skew-zipf,1787574324.416000,129.999947,cache_misses,all,1140
2026-08-24_12-23-14-416053_earlyRefresh,earlyRefresh,high-skew-zipf,1787574325.416000,130.999947,cache_misses,all,1147
2026-08-24_12-23-14-416053_earlyRefresh,earlyRefresh,high-skew-zipf,1787574326.416000,131.999947,cache_misses,all,1155
2026-08-24_12-23-14-416053_earlyRefresh,earlyRefresh,high-skew-zipf,1787574327.416000,132.999947,cache_misses,all,1160
2026-08-24_12-23-14-416053_earlyRefresh,earlyRefresh,high-skew-zipf,1787574328.416000,133.999947,cache_misses,all,1171
2026-08-24_12-23-14-416053_earlyRefresh,earlyRefresh,high-skew-zipf,1787574329.416000,134.999947,cache_misses,all,1179
2026-08-24_12-23-14-416053_earlyRefresh,earlyRefresh,high-skew-zipf,1787574330.416000,135.999947,cache_misses,all,1192
2026-08-24_12-23-14-416053_earlyRefresh,earlyRefresh,high-skew-zipf,1787574331.416000,136.999947,cache_misses,all,1204
2026-08-24_12-23-14-416053_earlyRefresh,earlyRefresh,high-skew-zipf,1787574332.416000,137.999947,cache_misses,all,1218
2026-08-24_12-23-14-416053_earlyRefresh,earlyRefresh,high-skew-zipf,1787574333.416000,138.999947,cache_misses,all,1232
2026-08-24_12-23-14-416053_earlyRefresh,earlyRefresh,high-skew-zipf,1787574334.416000,139.999947,cache_misses,all,1242
2026-08-24_12-23-14-416053_earlyRefresh,earlyRefresh,high-skew-zipf,1787574335.416000,140.999947,cache_misses,all,1264
2026-08-24_12-23-14-416053_earlyRefresh,earlyRefresh,high-skew-zipf,1787574336.416000,141.999947,cache_misses,all,1269
2026-08-24_12-23-14-416053_earlyRefresh,earlyRefresh,high-skew-zipf,1787574337.416000,142.999947,cache_misses,all,1279
2026-08-24_12-23-14-416053_earlyRefresh,earlyRefresh,high-skew-zipf,1787574338.416000,143.999947,cache_misses,all,1291
2026-08-24_12-23-14-416053_earlyRefresh,earlyRefresh,high-skew-zipf,1787574339.416000,144.999947,cache_misses,all,1301
2026-08-24_12-23-14-416053_earlyRefresh,earlyRefresh,high-skew-zipf,1787574340.416000,145.999947,cache_misses,all,1308
2026-08-24_12-23-14-416053_earlyRefresh,earlyRefresh,high-skew-zipf,1787574341.416000,146.999947,cache_misses,all,1318
2026-08-24_12-23-14-416053_earlyRefresh,earlyRefresh,high-skew-zipf,1787574342.416000,147.999947,cache_misses,all,1322
2026-08-24_12-23-14-416053_earlyRefresh,earlyRefresh,high-skew-zipf,1787574343.416000,148.999947,cache_misses,all,1330
2026-08-24_12-23-14-416053_earlyRefresh,earlyRefresh,high-skew-zipf,1787574344.416000,149.999947,cache_misses,all,1344
2026-08-24_12-23-14-416053_earlyRefresh,earlyRefresh,high-skew-zipf,1787574345.416000,150.999947,cache_misses,all,1356
2026-08-24_12-23-14-416053_earlyRefresh,earlyRefresh,high-skew-zipf,1787574346.416000,151.999947,cache_misses,all,1375
2026-08-24_12-23-14-416053_earlyRefresh,earlyRefresh,high-skew-zipf,1787574347.416000,152.999947,cache_misses,all,1380
2026-08-24_12-23-14-416053_earlyRefresh,earlyRefresh,high-skew-zipf,1787574348.416000,153.999947,cache_misses,all,1392
2026-08-24_12-23-14-416053_earlyRefresh,earlyRefresh,high-skew-zipf,1787574349.416000,154.999947,cache_misses,all,1406
2026-08-24_12-23-14-416053_earlyRefresh,earlyRefresh,high-skew-zipf,1787574350.416000,155.999947,cache_misses,all,1415
2026-08-24_12-23-14-416053_earlyRefresh,earlyRefresh,high-skew-zipf,1787574351.416000,156.999947,cache_misses,all,1421
2026-08-24_12-23-14-416053_earlyRefresh,earlyRefresh,high-skew-zipf,1787574352.416000,157.999947,cache_misses,all,1432
2026-08-24_12-23-14-416053_earlyRefresh,earlyRefresh,high-skew-zipf,1787574353.416000,158.999947,cache_misses,all,1444
2026-08-24_12-23-14-416053_earlyRefresh,earlyRefresh,high-skew-zipf,1787574354.416000,159.999947,cache_misses,all,1461
2026-08-24_12-23-14-416053_earlyRefresh,earlyRefresh,high-skew-zipf,1787574355.416000,160.999947,cache_misses,all,1468
2026-08-24_12-23-14-416053_earlyRefresh,earlyRefresh,high-skew-zipf,1787574356.416000,161.999947,cache_misses,all,1481
2026-08-24_12-23-14-416053_earlyRefresh,earlyRefresh,high-skew-zipf,1787574357.416000,162.999947,cache_misses,all,1491
2026-08-24_12-23-14-416053_earlyRefresh,earlyRefresh,high-skew-zipf,1787574358.416000,163.999947,cache_misses,all,1501
2026-08-24_12-23-14-416053_earlyRefresh,earlyRefresh,high-skew-zipf,1787574359.416000,164.999947,cache_misses,all,1509
2026-08-24_12-23-14-416053_earlyRefresh,earlyRefresh,high-skew-zipf,1787574360.416000,165.999947,cache_misses,all,1518
2026-08-24_12-23-14-416053_earlyRefresh,earlyRefresh,high-skew-zipf,1787574361.416000,166.999947,cache_misses,all,1527
2026-08-24_12-23-14-416053_earlyRefresh,earlyRefresh,high-skew-zipf,1787574362.416000,167.999947,cache_misses,all,1538
2026-08-24_12-23-14-416053_earlyRefresh,earlyRefresh,high-skew-zipf,1787574363.416000,168.999947,cache_misses,all,1548
2026-08-24_12-23-14-416053_earlyRefresh,earlyRefresh,high-skew-zipf,1787574364.416000,169.999947,cache_misses,all,1550
2026-08-24_12-23-14-416053_earlyRefresh,earlyRefresh,high-skew-zipf,1787574365.416000,170.999947,cache_misses,all,1554
2026-08-24_12-23-14-416053_earlyRefresh,earlyRefresh,high-skew-zipf,1787574366.416000,171.999947,cache_misses,all,1562
2026-08-24_12-23-14-416053_earlyRefresh,earlyRefresh,high-skew-zipf,1787574367.416000,172.999947,cache_misses,all,1573
2026-08-24_12-23-14-416053_earlyRefresh,earlyRefresh,high-skew-zipf,1787574368.416000,173.999947,cache_misses,all,1580
2026-08-24_12-23-14-416053_earlyRefresh,earlyRefresh,high-skew-zipf,1787574369.416000,174.999947,cache_misses,all,1586
2026-08-24_12-23-14-416053_earlyRefresh,earlyRefresh,high-skew-zipf,1787574370.416000,175.999947,cache_misses,all,1593
2026-08-24_12-23-14-416053_earlyRefresh,earlyRefresh,high-skew-zipf,1787574371.416000,176.999947,cache_misses,all,1604
2026-08-24_12-23-14-416053_earlyRefresh,earlyRefresh,high-skew-zipf,1787574372.416000,177.999947,cache_misses,all,1613
2026-08-24_12-23-14-416053_earlyRefresh,earlyRefresh,high-skew-zipf,1787574373.416000,178.999947,cache_misses,all,1621
2026-08-24_12-23-14-416053_earlyRefresh,earlyRefresh,high-skew-zipf,1787574374.416000,179.999947,cache_misses,all,1626
2026-08-24_12-23-14-416053_earlyRefresh,earlyRefresh,high-skew-zipf,1787574375.416000,180.999947,cache_misses,all,1638
2026-08-24_12-23-14-416053_earlyRefresh,earlyRefresh,high-skew-zipf,1787574376.416000,181.999947,cache_misses,all,1652
2026-08-24_12-23-14-416053_earlyRefresh,earlyRefresh,high-skew-zipf,1787574377.416000,182.999947,cache_misses,all,1657
2026-08-24_12-23-14-416053_earlyRefresh,earlyRefresh,high-skew-zipf,1787574378.416000,183.999947,cache_misses,all,1679
2026-08-24_12-23-14-416053_earlyRefresh,earlyRefresh,high-skew-zipf,1787574379.416000,184.999947,cache_misses,all,1687
2026-08-24_12-23-14-416053_earlyRefresh,earlyRefresh,high-skew-zipf,1787574380.416000,185.999947,cache_misses,all,1697
2026-08-24_12-23-14-416053_earlyRefresh,earlyRefresh,high-skew-zipf,1787574381.416000,186.999947,cache_misses,all,1703
2026-08-24_12-23-14-416053_earlyRefresh,earlyRefresh,high-skew-zipf,1787574382.416000,187.999947,cache_misses,all,1710
2026-08-24_12-23-14-416053_earlyRefresh,earlyRefresh,high-skew-zipf,1787574383.416000,188.999947,cache_misses,all,1721
2026-08-24_12-23-14-416053_earlyRefresh,earlyRefresh,high-skew-zipf,1787574384.416000,189.999947,cache_misses,all,1736
2026-08-24_12-23-14-416053_earlyRefresh,earlyRefresh,high-skew-zipf,1787574385.416000,190.999947,cache_misses,all,1744
2026-08-24_12-23-14-416053_earlyRefresh,earlyRefresh,high-skew-zipf,1787574386.416000,191.999947,cache_misses,all,1757
2026-08-24_12-23-14-416053_earlyRefresh,earlyRefresh,high-skew-zipf,1787574387.416000,192.999947,cache_misses,all,1765
2026-08-24_12-23-14-416053_earlyRefresh,earlyRefresh,high-skew-zipf,1787574388.416000,193.999947,cache_misses,all,1773
2026-08-24_12-23-14-416053_earlyRefresh,earlyRefresh,high-skew-zipf,1787574389.416000,194.999947,cache_misses,all,1785
2026-08-24_12-23-14-416053_earlyRefresh,earlyRefresh,high-skew-zipf,1787574390.416000,195.999947,cache_misses,all,1800
2026-08-24_12-23-14-416053_earlyRefresh,earlyRefresh,high-skew-zipf,1787574391.416000,196.999947,cache_misses,all,1807
2026-08-24_12-23-14-416053_earlyRefresh,earlyRefresh,high-skew-zipf,1787574392.416000,197.999947,cache_misses,all,1827
2026-08-24_12-23-14-416053_earlyRefresh,earlyRefresh,high-skew-zipf,1787574393.416000,198.999947,cache_misses,all,1836
2026-08-24_12-23-14-416053_earlyRefresh,earlyRefresh,high-skew-zipf,1787574394.416000,199.999947,cache_misses,all,1850
2026-08-24_12-23-14-416053_earlyRefresh,earlyRefresh,high-skew-zipf,1787574395.416000,200.999947,cache_misses,all,1858
2026-08-24_12-23-14-416053_earlyRefresh,earlyRefresh,high-skew-zipf,1787574396.416000,201.999947,cache_misses,all,1865
2026-08-24_12-23-14-416053_earlyRefresh,earlyRefresh,high-skew-zipf,1787574397.416000,202.999947,cache_misses,all,1874
2026-08-24_12-23-14-416053_earlyRefresh,earlyRefresh,high-skew-zipf,1787574398.416000,203.999947,cache_misses,all,1886
2026-08-24_12-23-14-416053_earlyRefresh,earlyRefresh,high-skew-zipf,1787574399.416000,204.999947,cache_misses,all,1894
2026-08-24_12-23-14-416053_earlyRefresh,earlyRefresh,high-skew-zipf,1787574400.416000,205.999947,cache_misses,all,1905
2026-08-24_12-23-14-416053_earlyRefresh,earlyRefresh,high-skew-zipf,1787574401.416000,206.999947,cache_misses,all,1919
2026-08-24_12-23-14-416053_earlyRefresh,earlyRefresh,high-skew-zipf,1787574402.416000,207.999947,cache_misses,all,1924
2026-08-24_12-23-14-416053_earlyRefresh,earlyRefresh,high-skew-zipf,1787574403.416000,208.999947,cache_misses,all,1940
2026-08-24_12-23-14-416053_earlyRefresh,earlyRefresh,high-skew-zipf,1787574404.416000,209.999947,cache_misses,all,1949
2026-08-24_12-23-14-416053_earlyRefresh,earlyRefresh,high-skew-zipf,1787574405.416000,210.999947,cache_misses,all,1959
2026-08-24_12-23-14-416053_earlyRefresh,earlyRefresh,high-skew-zipf,1787574406.416000,211.999947,cache_misses,all,1965
2026-08-24_12-23-14-416053_earlyRefresh,earlyRefresh,high-skew-zipf,1787574407.416000,212.999947,cache_misses,all,1970
2026-08-24_12-23-14-416053_earlyRefresh,earlyRefresh,high-skew-zipf,1787574408.416000,213.999947,cache_misses,all,1976
2026-08-24_12-23-14-416053_earlyRefresh,earlyRefresh,high-skew-zipf,1787574409.416000,214.999947,cache_misses,all,1985
2026-08-24_12-23-14-416053_earlyRefresh,earlyRefresh,high-skew-zipf,1787574410.416000,215.999947,cache_misses,all,1998
2026-08-24_12-23-14-416053_earlyRefresh,earlyRefresh,high-skew-zipf,1787574411.416000,216.999947,cache_misses,all,2010
2026-08-24_12-23-14-416053_earlyRefresh,earlyRefresh,high-skew-zipf,1787574412.416000,217.999947,cache_misses,all,2021
2026-08-24_12-23-14-416053_earlyRefresh,earlyRefresh,high-skew-zipf,1787574413.416000,218.999947,cache_misses,all,2033
2026-08-24_12-23-14-416053_earlyRefresh,earlyRefresh,high-skew-zipf,1787574414.416000,219.999947,cache_misses,all,2047
2026-08-24_12-23-14-416053_earlyRefresh,earlyRefresh,high-skew-zipf,1787574415.416000,220.999947,cache_misses,all,2061
2026-08-24_12-23-14-416053_earlyRefresh,earlyRefresh,high-skew-zipf,1787574416.416000,221.999947,cache_misses,all,2066
2026-08-24_12-23-14-416053_earlyRefresh,earlyRefresh,high-skew-zipf,1787574417.416000,222.999947,cache_misses,all,2079
2026-08-24_12-23-14-416053_earlyRefresh,earlyRefresh,high-skew-zipf,1787574418.416000,223.999947,cache_misses,all,2094
2026-08-24_12-23-14-416053_earlyRefresh,earlyRefresh,high-skew-zipf,1787574419.416000,224.999947,cache_misses,all,2106
2026-08-24_12-23-14-416053_earlyRefresh,earlyRefresh,high-skew-zipf,1787574420.416000,225.999947,cache_misses,all,2120
2026-08-24_12-23-14-416053_earlyRefresh,earlyRefresh,high-skew-zipf,1787574421.416000,226.999947,cache_misses,all,2134
2026-08-24_12-23-14-416053_earlyRefresh,earlyRefresh,high-skew-zipf,1787574422.416000,227.999947,cache_misses,all,2136
2026-08-24_12-23-14-416053_earlyRefresh,earlyRefresh,high-skew-zipf,1787574423.416000,228.999947,cache_misses,all,2141
2026-08-24_12-23-14-416053_earlyRefresh,earlyRefresh,high-skew-zipf,1787574424.416000,229.999947,cache_misses,all,2147
2026-08-24_12-23-14-416053_earlyRefresh,earlyRefresh,high-skew-zipf,1787574425.416000,230.999947,cache_misses,all,2152
2026-08-24_12-23-14-416053_earlyRefresh,earlyRefresh,high-skew-zipf,1787574426.416000,231.999947,cache_misses,all,2165
2026-08-24_12-23-14-416053_earlyRefresh,earlyRefresh,high-skew-zipf,1787574427.416000,232.999947,cache_misses,all,2177
2026-08-24_12-23-14-416053_earlyRefresh,earlyRefresh,high-skew-zipf,1787574428.416000,233.999947,cache_misses,all,2184
2026-08-24_12-23-14-416053_earlyRefresh,earlyRefresh,high-skew-zipf,1787574429.416000,234.999947,cache_misses,all,2196
2026-08-24_12-23-14-416053_earlyRefresh,earlyRefresh,high-skew-zipf,1787574430.416000,235.999947,cache_misses,all,2210
2026-08-24_12-23-14-416053_earlyRefresh,earlyRefresh,high-skew-zipf,1787574431.416000,236.999947,cache_misses,all,2220
2026-08-24_12-23-14-416053_earlyRefresh,earlyRefresh,high-skew-zipf,1787574432.416000,237.999947,cache_misses,all,2233
2026-08-24_12-23-14-416053_earlyRefresh,earlyRefresh,high-skew-zipf,1787574433.416000,238.999947,cache_misses,all,2239
2026-08-24_12-23-14-416053_earlyRefresh,earlyRefresh,high-skew-zipf,1787574434.416000,239.999947,cache_misses,all,2250
2026-08-24_12-23-14-416053_earlyRefresh,earlyRefresh,high-skew-zipf,1787574194.416000,-0.000053,backend_throughput,all,0
2026-08-24_12-23-14-416053_earlyRefresh,earlyRefresh,high-skew-zipf,1787574195.416000,0.999947,backend_throughput,all,0.10324480497833093
2026-08-24_12-23-14-416053_earlyRefresh,earlyRefresh,high-skew-zipf,1787574196.416000,1.999947,backend_throughput,all,0.7227136348483165
2026-08-24_12-23-14-416053_earlyRefresh,earlyRefresh,high-skew-zipf,1787574197.416000,2.999947,backend_throughput,all,1.445427269696633
2026-08-24_12-23-14-416053_earlyRefresh,earlyRefresh,high-skew-zipf,1787574198.416000,3.999947,backend_throughput,all,1.8584064896099566
2026-08-24_12-23-14-416053_earlyRefresh,earlyRefresh,high-skew-zipf,1787574199.416000,4.999947,backend_throughput,all,2.6846632585018892
2026-08-24_12-23-14-416053_earlyRefresh,earlyRefresh,high-skew-zipf,1787574200.416000,5.999947,backend_throughput,all,3.4070785642849204
2026-08-24_12-23-14-416053_earlyRefresh,earlyRefresh,high-skew-zipf,1787574201.416000,6.999947,backend_throughput,all,4.542755555555556
2026-08-24_12-23-14-416053_earlyRefresh,earlyRefresh,high-skew-zipf,1787574202.416000,7.999947,backend_throughput,all,5.0595399488832085
2026-08-24_12-23-14-416053_earlyRefresh,earlyRefresh,high-skew-zipf,1787574203.416000,8.999947,backend_throughput,all,5.471955555555556
2026-08-24_12-23-14-416053_earlyRefresh,earlyRefresh,high-skew-zipf,1787574204.416000,9.999947,backend_throughput,all,5.881688888888888
2026-08-24_12-23-14-416053_earlyRefresh,earlyRefresh,high-skew-zipf,1787574205.416000,10.999947,backend_throughput,all,6.445160573397043
2026-08-24_12-23-14-416053_earlyRefresh,earlyRefresh,high-skew-zipf,1787574206.416000,11.999947,backend_throughput,all,6
2026-08-24_12-23-14-416053_earlyRefresh,earlyRefresh,high-skew-zipf,1787574207.416000,12.999947,backend_throughput,all,6.111111111111112
2026-08-24_12-23-14-416053_earlyRefresh,earlyRefresh,high-skew-zipf,1787574208.416000,13.999947,backend_throughput,all,5.443839573380736
2026-08-24_12-23-14-416053_earlyRefresh,earlyRefresh,high-skew-zipf,1787574209.416000,14.999947,backend_throughput,all,5.333333333333334
2026-08-24_12-23-14-416053_earlyRefresh,earlyRefresh,high-skew-zipf,1787574210.416000,15.999947,backend_throughput,all,5.111111111111112
2026-08-24_12-23-14-416053_earlyRefresh,earlyRefresh,high-skew-zipf,1787574211.416000,16.999947,backend_throughput,all,7.1103210754360635
2026-08-24_12-23-14-416053_earlyRefresh,earlyRefresh,high-skew-zipf,1787574212.416000,17.999947,backend_throughput,all,7.777777777777779
2026-08-24_12-23-14-416053_earlyRefresh,earlyRefresh,high-skew-zipf,1787574213.416000,18.999947,backend_throughput,all,8.555555555555555
2026-08-24_12-23-14-416053_earlyRefresh,earlyRefresh,high-skew-zipf,1787574214.416000,19.999947,backend_throughput,all,8.776802577491392
2026-08-24_12-23-14-416053_earlyRefresh,earlyRefresh,high-skew-zipf,1787574215.416000,20.999947,backend_throughput,all,9.666666666666668
2026-08-24_12-23-14-416053_earlyRefresh,earlyRefresh,high-skew-zipf,1787574216.416000,21.999947,backend_throughput,all,9.666666666666668
2026-08-24_12-23-14-416053_earlyRefresh,earlyRefresh,high-skew-zipf,1787574217.416000,22.999947,backend_throughput,all,10.890098899877763
2026-08-24_12-23-14-416053_earlyRefresh,earlyRefresh,high-skew-zipf,1787574218.416000,23.999947,backend_throughput,all,10.555555555555557
2026-08-24_12-23-14-416053_earlyRefresh,earlyRefresh,high-skew-zipf,1787574219.416000,24.999947,backend_throughput,all,10.333333333333334
2026-08-24_12-23-14-416053_earlyRefresh,earlyRefresh,high-skew-zipf,1787574220.416000,25.999947,backend_throughput,all,8.666666666666668
2026-08-24_12-23-14-416053_earlyRefresh,earlyRefresh,high-skew-zipf,1787574221.416000,26.999947,backend_throughput,all,7.888888888888889
2026-08-24_12-23-14-416053_earlyRefresh,earlyRefresh,high-skew-zipf,1787574222.416000,27.999947,backend_throughput,all,7.112691709268726
2026-08-24_12-23-14-416053_earlyRefresh,earlyRefresh,high-skew-zipf,1787574223.416000,28.999947,backend_throughput,all,6.557012669482107
2026-08-24_12-23-14-416053_earlyRefresh,earlyRefresh,high-skew-zipf,1787574224.416000,29.999947,backend_throughput,all,6.001333629695488
2026-08-24_12-23-14-416053_earlyRefresh,earlyRefresh,high-skew-zipf,1787574225.416000,30.999947,backend_throughput,all,6.557012669482107
2026-08-24_12-23-14-416053_earlyRefresh,earlyRefresh,high-skew-zipf,1787574226.416000,31.999947,backend_throughput,all,6.11179019891099
2026-08-24_12-23-14-416053_earlyRefresh,earlyRefresh,high-skew-zipf,1787574227.416000,32.999947,backend_throughput,all,8.112913980884642
2026-08-24_12-23-14-416053_earlyRefresh,earlyRefresh,high-skew-zipf,1787574228.416000,33.999947,backend_throughput,all,8.446321404756613
2026-08-24_12-23-14-416053_earlyRefresh,earlyRefresh,high-skew-zipf,1787574229.416000,34.999947,backend_throughput,all,8.66859302067126
2026-08-24_12-23-14-416053_earlyRefresh,earlyRefresh,high-skew-zipf,1787574230.416000,35.999947,backend_throughput,all,9.113136252500556
2026-08-24_12-23-14-416053_earlyRefresh,earlyRefresh,high-skew-zipf,1787574231.416000,36.999947,backend_throughput,all,9.333333333333334
2026-08-24_12-23-14-416053_earlyRefresh,earlyRefresh,high-skew-zipf,1787574232.416000,37.999947,backend_throughput,all,9.777777777777779
2026-08-24_12-23-14-416053_earlyRefresh,earlyRefresh,high-skew-zipf,1787574233.416000,38.999947,backend_throughput,all,11.109876680368846
2026-08-24_12-23-14-416053_earlyRefresh,earlyRefresh,high-skew-zipf,1787574234.416000,39.999947,backend_throughput,all,11.444444444444445
2026-08-24_12-23-14-416053_earlyRefresh,earlyRefresh,high-skew-zipf,1787574235.416000,40.999947,backend_throughput,all,11.444444444444445
2026-08-24_12-23-14-416053_earlyRefresh,earlyRefresh,high-skew-zipf,1787574236.416000,41.999947,backend_throughput,all,10.10998777913565
2026-08-24_12-23-14-416053_earlyRefresh,earlyRefresh,high-skew-zipf,1787574237.416000,42.999947,backend_throughput,all,9.665592711920896
2026-08-24_12-23-14-416053_earlyRefresh,earlyRefresh,high-skew-zipf,1787574238.416000,43.999947,backend_throughput,all,10
2026-08-24_12-23-14-416053_earlyRefresh,earlyRefresh,high-skew-zipf,1787574239.416000,44.999947,backend_throughput,all,10.111111111111112
2026-08-24_12-23-14-416053_earlyRefresh,earlyRefresh,high-skew-zipf,1787574240.416000,45.999947,backend_throughput,all,10.111111111111112
2026-08-24_12-23-14-416053_earlyRefresh,earlyRefresh,high-skew-zipf,1787574241.416000,46.999947,backend_throughput,all,9.88888888888889
2026-08-24_12-23-14-416053_earlyRefresh,earlyRefresh,high-skew-zipf,1787574242.416000,47.999947,backend_throughput,all,9.556617401933549
2026-08-24_12-23-14-416053_earlyRefresh,earlyRefresh,high-skew-zipf,1787574243.416000,48.999947,backend_throughput,all,9.222222222222223
2026-08-24_12-23-14-416053_earlyRefresh,earlyRefresh,high-skew-zipf,1787574244.416000,49.999947,backend_throughput,all,11.444444444444445
2026-08-24_12-23-14-416053_earlyRefresh,earlyRefresh,high-skew-zipf,1787574245.416000,50.999947,backend_throughput,all,11.334592732525836
2026-08-24_12-23-14-416053_earlyRefresh,earlyRefresh,high-skew-zipf,1787574246.416000,51.999947,backend_throughput,all,11.222222222222223
2026-08-24_12-23-14-416053_earlyRefresh,earlyRefresh,high-skew-zipf,1787574247.416000,52.999947,backend_throughput,all,10.555555555555557
2026-08-24_12-23-14-416053_earlyRefresh,earlyRefresh,high-skew-zipf,1787574248.416000,53.999947,backend_throughput,all,10.222222222222223
2026-08-24_12-23-14-416053_earlyRefresh,earlyRefresh,high-skew-zipf,1787574249.416000,54.999947,backend_throughput,all,11.222222222222223
2026-08-24_12-23-14-416053_earlyRefresh,earlyRefresh,high-skew-zipf,1787574250.416000,55.999947,backend_throughput,all,12.333333333333334
2026-08-24_12-23-14-416053_earlyRefresh,earlyRefresh,high-skew-zipf,1787574251.416000,56.999947,backend_throughput,all,11.666666666666668
2026-08-24_12-23-14-416053_earlyRefresh,earlyRefresh,high-skew-zipf,1787574252.416000,57.999947,backend_throughput,all,11.334592732525834
2026-08-24_12-23-14-416053_earlyRefresh,earlyRefresh,high-skew-zipf,1787574253.416000,58.999947,backend_throughput,all,9.002000444543231
2026-08-24_12-23-14-416053_earlyRefresh,earlyRefresh,high-skew-zipf,1787574254.416000,59.999947,backend_throughput,all,9.446543676372526
2026-08-24_12-23-14-416053_earlyRefresh,earlyRefresh,high-skew-zipf,1787574255.416000,60.999947,backend_throughput,all,10.113358524116471
2026-08-24_12-23-14-416053_earlyRefresh,earlyRefresh,high-skew-zipf,1787574256.416000,61.999947,backend_throughput,all,11.223469274363817
2026-08-24_12-23-14-416053_earlyRefresh,earlyRefresh,high-skew-zipf,1787574257.416000,62.999947,backend_throughput,all,11.779086565173907
2026-08-24_12-23-14-416053_earlyRefresh,earlyRefresh,high-skew-zipf,1787574258.416000,63.999947,backend_throughput,all,10.780173371860412
2026-08-24_12-23-14-416053_earlyRefresh,earlyRefresh,high-skew-zipf,1787574259.416000,64.999947,backend_throughput,all,9.556617401933547
2026-08-24_12-23-14-416053_earlyRefresh,earlyRefresh,high-skew-zipf,1787574260.416000,65.999947,backend_throughput,all,9.778864318257583
2026-08-24_12-23-14-416053_earlyRefresh,earlyRefresh,high-skew-zipf,1787574261.416000,66.999947,backend_throughput,all,9.778864318257583
2026-08-24_12-23-14-416053_earlyRefresh,earlyRefresh,high-skew-zipf,1787574262.416000,67.999947,backend_throughput,all,9.443395178313521
2026-08-24_12-23-14-416053_earlyRefresh,earlyRefresh,high-skew-zipf,1787574263.416000,68.999947,backend_throughput,all,9.333333333333334
2026-08-24_12-23-14-416053_earlyRefresh,earlyRefresh,high-skew-zipf,1787574264.416000,69.999947,backend_throughput,all,9.112123569285476
2026-08-24_12-23-14-416053_earlyRefresh,earlyRefresh,high-skew-zipf,1787574265.416000,70.999947,backend_throughput,all,9.112123569285476
2026-08-24_12-23-14-416053_earlyRefresh,earlyRefresh,high-skew-zipf,1787574266.416000,71.999947,backend_throughput,all,8.222222222222223
2026-08-24_12-23-14-416053_earlyRefresh,earlyRefresh,high-skew-zipf,1787574267.416000,72.999947,backend_throughput,all,8.444444444444445
2026-08-24_12-23-14-416053_earlyRefresh,earlyRefresh,high-skew-zipf,1787574268.416000,73.999947,backend_throughput,all,8.22313590398933
2026-08-24_12-23-14-416053_earlyRefresh,earlyRefresh,high-skew-zipf,1787574269.416000,74.999947,backend_throughput,all,8.22313590398933
2026-08-24_12-23-14-416053_earlyRefresh,earlyRefresh,high-skew-zipf,1787574270.416000,75.999947,backend_throughput,all,8.999000111098768
2026-08-24_12-23-14-416053_earlyRefresh,earlyRefresh,high-skew-zipf,1787574271.416000,76.999947,backend_throughput,all,9.222222222222223
2026-08-24_12-23-14-416053_earlyRefresh,earlyRefresh,high-skew-zipf,1787574272.416000,77.999947,backend_throughput,all,9.110098877902457
2026-08-24_12-23-14-416053_earlyRefresh,earlyRefresh,high-skew-zipf,1787574273.416000,78.999947,backend_throughput,all,8.999000111098768
2026-08-24_12-23-14-416053_earlyRefresh,earlyRefresh,high-skew-zipf,1787574274.416000,79.999947,backend_throughput,all,7.666666666666667
2026-08-24_12-23-14-416053_earlyRefresh,earlyRefresh,high-skew-zipf,1787574275.416000,80.999947,backend_throughput,all,7.888888888888889
2026-08-24_12-23-14-416053_earlyRefresh,earlyRefresh,high-skew-zipf,1787574276.416000,81.999947,backend_throughput,all,7.776913676258195
2026-08-24_12-23-14-416053_earlyRefresh,earlyRefresh,high-skew-zipf,1787574277.416000,82.999947,backend_throughput,all,9
2026-08-24_12-23-14-416053_earlyRefresh,earlyRefresh,high-skew-zipf,1787574278.416000,83.999947,backend_throughput,all,8.554605043884013
2026-08-24_12-23-14-416053_earlyRefresh,earlyRefresh,high-skew-zipf,1787574279.416000,84.999947,backend_throughput,all,7.888888888888889
2026-08-24_12-23-14-416053_earlyRefresh,earlyRefresh,high-skew-zipf,1787574280.416000,85.999947,backend_throughput,all,7.777777777777779
2026-08-24_12-23-14-416053_earlyRefresh,earlyRefresh,high-skew-zipf,1787574281.416000,86.999947,backend_throughput,all,8
2026-08-24_12-23-14-416053_earlyRefresh,earlyRefresh,high-skew-zipf,1787574282.416000,87.999947,backend_throughput,all,8.224049788841965
2026-08-24_12-23-14-416053_earlyRefresh,earlyRefresh,high-skew-zipf,1787574283.416000,88.999947,backend_throughput,all,8.667629736637405
2026-08-24_12-23-14-416053_earlyRefresh,earlyRefresh,high-skew-zipf,1787574284.416000,89.999947,backend_throughput,all,8.890864636585908
2026-08-24_12-23-14-416053_earlyRefresh,earlyRefresh,high-skew-zipf,1787574285.416000,90.999947,backend_throughput,all,9.113136252500556
2026-08-24_12-23-14-416053_earlyRefresh,earlyRefresh,high-skew-zipf,1787574286.416000,91.999947,backend_throughput,all,8.667629736637405
2026-08-24_12-23-14-416053_earlyRefresh,earlyRefresh,high-skew-zipf,1787574287.416000,92.999947,backend_throughput,all,9.7799511002445
2026-08-24_12-23-14-416053_earlyRefresh,earlyRefresh,high-skew-zipf,1787574288.416000,93.999947,backend_throughput,all,9.891086908201823
2026-08-24_12-23-14-416053_earlyRefresh,earlyRefresh,high-skew-zipf,1787574289.416000,94.999947,backend_throughput,all,9.668815292287174
2026-08-24_12-23-14-416053_earlyRefresh,earlyRefresh,high-skew-zipf,1787574290.416000,95.999947,backend_throughput,all,8.779728828628585
2026-08-24_12-23-14-416053_earlyRefresh,earlyRefresh,high-skew-zipf,1787574291.416000,96.999947,backend_throughput,all,8.111111111111112
2026-08-24_12-23-14-416053_earlyRefresh,earlyRefresh,high-skew-zipf,1787574292.416000,97.999947,backend_throughput,all,8.222222222222223
2026-08-24_12-23-14-416053_earlyRefresh,earlyRefresh,high-skew-zipf,1787574293.416000,98.999947,backend_throughput,all,8.333333333333334
2026-08-24_12-23-14-416053_earlyRefresh,earlyRefresh,high-skew-zipf,1787574294.416000,99.999947,backend_throughput,all,7.888888888888889
2026-08-24_12-23-14-416053_earlyRefresh,earlyRefresh,high-skew-zipf,1787574295.416000,100.999947,backend_throughput,all,7.666666666666667
2026-08-24_12-23-14-416053_earlyRefresh,earlyRefresh,high-skew-zipf,1787574296.416000,101.999947,backend_throughput,all,6.666666666666667
2026-08-24_12-23-14-416053_earlyRefresh,earlyRefresh,high-skew-zipf,1787574297.416000,102.999947,backend_throughput,all,6.333333333333334
2026-08-24_12-23-14-416053_earlyRefresh,earlyRefresh,high-skew-zipf,1787574298.416000,103.999947,backend_throughput,all,7.555555555555556
2026-08-24_12-23-14-416053_earlyRefresh,earlyRefresh,high-skew-zipf,1787574299.416000,104.999947,backend_throughput,all,8
2026-08-24_12-23-14-416053_earlyRefresh,earlyRefresh,high-skew-zipf,1787574300.416000,105.999947,backend_throughput,all,8.555555555555555
2026-08-24_12-23-14-416053_earlyRefresh,earlyRefresh,high-skew-zipf,1787574301.416000,106.999947,backend_throughput,all,9
2026-08-24_12-23-14-416053_earlyRefresh,earlyRefresh,high-skew-zipf,1787574302.416000,107.999947,backend_throughput,all,9.222222222222223
2026-08-24_12-23-14-416053_earlyRefresh,earlyRefresh,high-skew-zipf,1787574303.416000,108.999947,backend_throughput,all,10.777777777777779
2026-08-24_12-23-14-416053_earlyRefresh,earlyRefresh,high-skew-zipf,1787574304.416000,109.999947,backend_throughput,all,10.777777777777779
2026-08-24_12-23-14-416053_earlyRefresh,earlyRefresh,high-skew-zipf,1787574305.416000,110.999947,backend_throughput,all,10.88888888888889
2026-08-24_12-23-14-416053_earlyRefresh,earlyRefresh,high-skew-zipf,1787574306.416000,111.999947,backend_throughput,all,10.333333333333334
2026-08-24_12-23-14-416053_earlyRefresh,earlyRefresh,high-skew-zipf,1787574307.416000,112.999947,backend_throughput,all,9.777777777777779
2026-08-24_12-23-14-416053_earlyRefresh,earlyRefresh,high-skew-zipf,1787574308.416000,113.999947,backend_throughput,all,9.333333333333334
2026-08-24_12-23-14-416053_earlyRefresh,earlyRefresh,high-skew-zipf,1787574309.416000,114.999947,backend_throughput,all,10.111111111111112
2026-08-24_12-23-14-416053_earlyRefresh,earlyRefresh,high-skew-zipf,1787574310.416000,115.999947,backend_throughput,all,9.777777777777779
2026-08-24_12-23-14-416053_earlyRefresh,earlyRefresh,high-skew-zipf,1787574311.416000,116.999947,backend_throughput,all,9.555555555555555
2026-08-24_12-23-14-416053_earlyRefresh,earlyRefresh,high-skew-zipf,1787574312.416000,117.999947,backend_throughput,all,9.113136252500555
2026-08-24_12-23-14-416053_earlyRefresh,earlyRefresh,high-skew-zipf,1787574313.416000,118.999947,backend_throughput,all,8.778753194799421
2026-08-24_12-23-14-416053_earlyRefresh,earlyRefresh,high-skew-zipf,1787574314.416000,119.999947,backend_throughput,all,9.223247027447494
2026-08-24_12-23-14-416053_earlyRefresh,earlyRefresh,high-skew-zipf,1787574315.416000,120.999947,backend_throughput,all,11.113580795732384
2026-08-24_12-23-14-416053_earlyRefresh,earlyRefresh,high-skew-zipf,1787574316.416000,121.999947,backend_throughput,all,10.557901755945764
2026-08-24_12-23-14-416053_earlyRefresh,earlyRefresh,high-skew-zipf,1787574317.416000,122.999947,backend_throughput,all,11.556839648849872
2026-08-24_12-23-14-416053_earlyRefresh,earlyRefresh,high-skew-zipf,1787574318.416000,123.999947,backend_throughput,all,10.890098899877763
2026-08-24_12-23-14-416053_earlyRefresh,earlyRefresh,high-skew-zipf,1787574319.416000,124.999947,backend_throughput,all,10.780173371860412
2026-08-24_12-23-14-416053_earlyRefresh,earlyRefresh,high-skew-zipf,1787574320.416000,125.999947,backend_throughput,all,10.891309179817735
2026-08-24_12-23-14-416053_earlyRefresh,earlyRefresh,high-skew-zipf,1787574321.416000,126.999947,backend_throughput,all,9.88888888888889
2026-08-24_12-23-14-416053_earlyRefresh,earlyRefresh,high-skew-zipf,1787574322.416000,127.999947,backend_throughput,all,9.777777777777779
2026-08-24_12-23-14-416053_earlyRefresh,earlyRefresh,high-skew-zipf,1787574323.416000,128.999947,backend_throughput,all,8.667629736637403
2026-08-24_12-23-14-416053_earlyRefresh,earlyRefresh,high-skew-zipf,1787574324.416000,129.999947,backend_throughput,all,7.221419842239752
2026-08-24_12-23-14-416053_earlyRefresh,earlyRefresh,high-skew-zipf,1787574325.416000,130.999947,backend_throughput,all,7.555555555555556
2026-08-24_12-23-14-416053_earlyRefresh,earlyRefresh,high-skew-zipf,1787574326.416000,131.999947,backend_throughput,all,6.888888888888889
2026-08-24_12-23-14-416053_earlyRefresh,earlyRefresh,high-skew-zipf,1787574327.416000,132.999947,backend_throughput,all,6.445160573397043
2026-08-24_12-23-14-416053_earlyRefresh,earlyRefresh,high-skew-zipf,1787574328.416000,133.999947,backend_throughput,all,6.333333333333334
2026-08-24_12-23-14-416053_earlyRefresh,earlyRefresh,high-skew-zipf,1787574329.416000,134.999947,backend_throughput,all,6.554827241417621
2026-08-24_12-23-14-416053_earlyRefresh,earlyRefresh,high-skew-zipf,1787574330.416000,135.999947,backend_throughput,all,7.222222222222222
2026-08-24_12-23-14-416053_earlyRefresh,earlyRefresh,high-skew-zipf,1787574331.416000,136.999947,backend_throughput,all,8.111111111111112
2026-08-24_12-23-14-416053_earlyRefresh,earlyRefresh,high-skew-zipf,1787574332.416000,137.999947,backend_throughput,all,9.221197644706145
2026-08-24_12-23-14-416053_earlyRefresh,earlyRefresh,high-skew-zipf,1787574333.416000,138.999947,backend_throughput,all,10.112234692743638
2026-08-24_12-23-14-416053_earlyRefresh,earlyRefresh,high-skew-zipf,1787574334.416000,139.999947,backend_throughput,all,10.554382846350407
2026-08-24_12-23-14-416053_earlyRefresh,earlyRefresh,high-skew-zipf,1787574335.416000,140.999947,backend_throughput,all,12
2026-08-24_12-23-14-416053_earlyRefresh,earlyRefresh,high-skew-zipf,1787574336.416000,141.999947,backend_throughput,all,12.109765581602046
2026-08-24_12-23-14-416053_earlyRefresh,earlyRefresh,high-skew-zipf,1787574337.416000,142.999947,backend_throughput,all,11.998666814798357
2026-08-24_12-23-14-416053_earlyRefresh,earlyRefresh,high-skew-zipf,1787574338.416000,143.999947,backend_throughput,all,12.333333333333334
2026-08-24_12-23-14-416053_earlyRefresh,earlyRefresh,high-skew-zipf,1787574339.416000,144.999947,backend_throughput,all,12.220864348405733
2026-08-24_12-23-14-416053_earlyRefresh,earlyRefresh,high-skew-zipf,1787574340.416000,145.999947,backend_throughput,all,11.556839648849872
2026-08-24_12-23-14-416053_earlyRefresh,earlyRefresh,high-skew-zipf,1787574341.416000,146.999947,backend_throughput,all,11.112345816201799
2026-08-24_12-23-14-416053_earlyRefresh,earlyRefresh,high-skew-zipf,1787574342.416000,147.999947,backend_throughput,all,10.223358150905657
2026-08-24_12-23-14-416053_earlyRefresh,earlyRefresh,high-skew-zipf,1787574343.416000,148.999947,backend_throughput,all,9.7799511002445
2026-08-24_12-23-14-416053_earlyRefresh,earlyRefresh,high-skew-zipf,1787574344.416000,149.999947,backend_throughput,all,9.113136252500556
2026-08-24_12-23-14-416053_earlyRefresh,earlyRefresh,high-skew-zipf,1787574345.416000,150.999947,backend_throughput,all,9.334370485609512
2026-08-24_12-23-14-416053_earlyRefresh,earlyRefresh,high-skew-zipf,1787574346.416000,151.999947,backend_throughput,all,10.780173371860414
2026-08-24_12-23-14-416053_earlyRefresh,earlyRefresh,high-skew-zipf,1787574347.416000,152.999947,backend_throughput,all,10.00111123458162
2026-08-24_12-23-14-416053_earlyRefresh,earlyRefresh,high-skew-zipf,1787574348.416000,153.999947,backend_throughput,all,10.002222716159146
2026-08-24_12-23-14-416053_earlyRefresh,earlyRefresh,high-skew-zipf,1787574349.416000,154.999947,backend_throughput,all,10.667851983553728
2026-08-24_12-23-14-416053_earlyRefresh,earlyRefresh,high-skew-zipf,1787574350.416000,155.999947,backend_throughput,all,10.890098899877765
2026-08-24_12-23-14-416053_earlyRefresh,earlyRefresh,high-skew-zipf,1787574351.416000,156.999947,backend_throughput,all,10.88888888888889
2026-08-24_12-23-14-416053_earlyRefresh,earlyRefresh,high-skew-zipf,1787574352.416000,157.999947,backend_throughput,all,11.333333333333334
2026-08-24_12-23-14-416053_earlyRefresh,earlyRefresh,high-skew-zipf,1787574353.416000,158.999947,backend_throughput,all,11.111111111111112
2026-08-24_12-23-14-416053_earlyRefresh,earlyRefresh,high-skew-zipf,1787574354.416000,159.999947,backend_throughput,all,11.88888888888889
2026-08-24_12-23-14-416053_earlyRefresh,earlyRefresh,high-skew-zipf,1787574355.416000,160.999947,backend_throughput,all,10.554382846350403
2026-08-24_12-23-14-416053_earlyRefresh,earlyRefresh,high-skew-zipf,1787574356.416000,161.999947,backend_throughput,all,11.334592732525836
2026-08-24_12-23-14-416053_earlyRefresh,earlyRefresh,high-skew-zipf,1787574357.416000,162.999947,backend_throughput,all,11.222222222222223
2026-08-24_12-23-14-416053_earlyRefresh,earlyRefresh,high-skew-zipf,1787574358.416000,163.999947,backend_throughput,all,10.777777777777779
2026-08-24_12-23-14-416053_earlyRefresh,earlyRefresh,high-skew-zipf,1787574359.416000,164.999947,backend_throughput,all,10.444444444444445
2026-08-24_12-23-14-416053_earlyRefresh,earlyRefresh,high-skew-zipf,1787574360.416000,165.999947,backend_throughput,all,11
2026-08-24_12-23-14-416053_earlyRefresh,earlyRefresh,high-skew-zipf,1787574361.416000,166.999947,backend_throughput,all,10.555555555555557
2026-08-24_12-23-14-416053_earlyRefresh,earlyRefresh,high-skew-zipf,1787574362.416000,167.999947,backend_throughput,all,10.555555555555557
2026-08-24_12-23-14-416053_earlyRefresh,earlyRefresh,high-skew-zipf,1787574363.416000,168.999947,backend_throughput,all,9.889987776419602
2026-08-24_12-23-14-416053_earlyRefresh,earlyRefresh,high-skew-zipf,1787574364.416000,169.999947,backend_throughput,all,9.112123569285476
2026-08-24_12-23-14-416053_earlyRefresh,earlyRefresh,high-skew-zipf,1787574365.416000,170.999947,backend_throughput,all,8.111111111111112
2026-08-24_12-23-14-416053_earlyRefresh,earlyRefresh,high-skew-zipf,1787574366.416000,171.999947,backend_throughput,all,7.888012443061881
2026-08-24_12-23-14-416053_earlyRefresh,earlyRefresh,high-skew-zipf,1787574367.416000,172.999947,backend_throughput,all,8
2026-08-24_12-23-14-416053_earlyRefresh,earlyRefresh,high-skew-zipf,1787574368.416000,173.999947,backend_throughput,all,7.888888888888889
2026-08-24_12-23-14-416053_earlyRefresh,earlyRefresh,high-skew-zipf,1787574369.416000,174.999947,backend_throughput,all,7.444444444444445
2026-08-24_12-23-14-416053_earlyRefresh,earlyRefresh,high-skew-zipf,1787574370.416000,175.999947,backend_throughput,all,7.333333333333334
2026-08-24_12-23-14-416053_earlyRefresh,earlyRefresh,high-skew-zipf,1787574371.416000,176.999947,backend_throughput,all,7.333333333333334
2026-08-24_12-23-14-416053_earlyRefresh,earlyRefresh,high-skew-zipf,1787574372.416000,177.999947,backend_throughput,all,7.111901322369151
2026-08-24_12-23-14-416053_earlyRefresh,earlyRefresh,high-skew-zipf,1787574373.416000,178.999947,backend_throughput,all,7.889765529503277
2026-08-24_12-23-14-416053_earlyRefresh,earlyRefresh,high-skew-zipf,1787574374.416000,179.999947,backend_throughput,all,7.889765529503277
2026-08-24_12-23-14-416053_earlyRefresh,earlyRefresh,high-skew-zipf,1787574375.416000,180.999947,backend_throughput,all,8.335185596799288
2026-08-24_12-23-14-416053_earlyRefresh,earlyRefresh,high-skew-zipf,1787574376.416000,181.999947,backend_throughput,all,8.778753194799421
2026-08-24_12-23-14-416053_earlyRefresh,earlyRefresh,high-skew-zipf,1787574377.416000,182.999947,backend_throughput,all,8.778753194799421
2026-08-24_12-23-14-416053_earlyRefresh,earlyRefresh,high-skew-zipf,1787574378.416000,183.999947,backend_throughput,all,10.556728525391708
2026-08-24_12-23-14-416053_earlyRefresh,earlyRefresh,high-skew-zipf,1787574379.416000,184.999947,backend_throughput,all,10.778975441715746
2026-08-24_12-23-14-416053_earlyRefresh,earlyRefresh,high-skew-zipf,1787574380.416000,185.999947,backend_throughput,all,10.223358150905655
2026-08-24_12-23-14-416053_earlyRefresh,earlyRefresh,high-skew-zipf,1787574381.416000,186.999947,backend_throughput,all,10.333333333333334
2026-08-24_12-23-14-416053_earlyRefresh,earlyRefresh,high-skew-zipf,1787574382.416000,187.999947,backend_throughput,all,10
2026-08-24_12-23-14-416053_earlyRefresh,earlyRefresh,high-skew-zipf,1787574383.416000,188.999947,backend_throughput,all,10.777777777777779
2026-08-24_12-23-14-416053_earlyRefresh,earlyRefresh,high-skew-zipf,1787574384.416000,189.999947,backend_throughput,all,11
2026-08-24_12-23-14-416053_earlyRefresh,earlyRefresh,high-skew-zipf,1787574385.416000,190.999947,backend_throughput,all,10.555555555555557
2026-08-24_12-23-14-416053_earlyRefresh,earlyRefresh,high-skew-zipf,1787574386.416000,191.999947,backend_throughput,all,11.111111111111112
2026-08-24_12-23-14-416053_earlyRefresh,earlyRefresh,high-skew-zipf,1787574387.416000,192.999947,backend_throughput,all,9.777777777777779
2026-08-24_12-23-14-416053_earlyRefresh,earlyRefresh,high-skew-zipf,1787574388.416000,193.999947,backend_throughput,all,9.666666666666668
2026-08-24_12-23-14-416053_earlyRefresh,earlyRefresh,high-skew-zipf,1787574389.416000,194.999947,backend_throughput,all,10.333333333333334
2026-08-24_12-23-14-416053_earlyRefresh,earlyRefresh,high-skew-zipf,1787574390.416000,195.999947,backend_throughput,all,11
2026-08-24_12-23-14-416053_earlyRefresh,earlyRefresh,high-skew-zipf,1787574391.416000,196.999947,backend_throughput,all,11.111111111111112
2026-08-24_12-23-14-416053_earlyRefresh,earlyRefresh,high-skew-zipf,1787574392.416000,197.999947,backend_throughput,all,12
2026-08-24_12-23-14-416053_earlyRefresh,earlyRefresh,high-skew-zipf,1787574393.416000,198.999947,backend_throughput,all,11.555555555555557
2026-08-24_12-23-14-416053_earlyRefresh,earlyRefresh,high-skew-zipf,1787574394.416000,199.999947,backend_throughput,all,11.777777777777779
2026-08-24_12-23-14-416053_earlyRefresh,earlyRefresh,high-skew-zipf,1787574395.416000,200.999947,backend_throughput,all,11.444444444444445
2026-08-24_12-23-14-416053_earlyRefresh,earlyRefresh,high-skew-zipf,1787574396.416000,201.999947,backend_throughput,all,11.222222222222223
2026-08-24_12-23-14-416053_earlyRefresh,earlyRefresh,high-skew-zipf,1787574397.416000,202.999947,backend_throughput,all,11
2026-08-24_12-23-14-416053_earlyRefresh,earlyRefresh,high-skew-zipf,1787574398.416000,203.999947,backend_throughput,all,11.222222222222223
2026-08-24_12-23-14-416053_earlyRefresh,earlyRefresh,high-skew-zipf,1787574399.416000,204.999947,backend_throughput,all,10.444444444444445
2026-08-24_12-23-14-416053_earlyRefresh,earlyRefresh,high-skew-zipf,1787574400.416000,205.999947,backend_throughput,all,10.666666666666668
2026-08-24_12-23-14-416053_earlyRefresh,earlyRefresh,high-skew-zipf,1787574401.416000,206.999947,backend_throughput,all,10.111111111111112
2026-08-24_12-23-14-416053_earlyRefresh,earlyRefresh,high-skew-zipf,1787574402.416000,207.999947,backend_throughput,all,9.778864318257583
2026-08-24_12-23-14-416053_earlyRefresh,earlyRefresh,high-skew-zipf,1787574403.416000,208.999947,backend_throughput,all,10.113358524116471
2026-08-24_12-23-14-416053_earlyRefresh,earlyRefresh,high-skew-zipf,1787574404.416000,209.999947,backend_throughput,all,10.224494332073794
2026-08-24_12-23-14-416053_earlyRefresh,earlyRefresh,high-skew-zipf,1787574405.416000,210.999947,backend_throughput,all,10.334481609067673
2026-08-24_12-23-14-416053_earlyRefresh,earlyRefresh,high-skew-zipf,1787574406.416000,211.999947,backend_throughput,all,10.44560506722969
2026-08-24_12-23-14-416053_earlyRefresh,earlyRefresh,high-skew-zipf,1787574407.416000,212.999947,backend_throughput,all,9.22427206045788
2026-08-24_12-23-14-416053_earlyRefresh,earlyRefresh,high-skew-zipf,1787574408.416000,213.999947,backend_throughput,all,9.002000444543231
2026-08-24_12-23-14-416053_earlyRefresh,earlyRefresh,high-skew-zipf,1787574409.416000,214.999947,backend_throughput,all,8.890864636585908
2026-08-24_12-23-14-416053_earlyRefresh,earlyRefresh,high-skew-zipf,1787574410.416000,215.999947,backend_throughput,all,9.001000111123457
2026-08-24_12-23-14-416053_earlyRefresh,earlyRefresh,high-skew-zipf,1787574411.416000,216.999947,backend_throughput,all,9.556617401933549
2026-08-24_12-23-14-416053_earlyRefresh,earlyRefresh,high-skew-zipf,1787574412.416000,217.999947,backend_throughput,all,9.111111111111112
2026-08-24_12-23-14-416053_earlyRefresh,earlyRefresh,high-skew-zipf,1787574413.416000,218.999947,backend_throughput,all,9.221197644706143
2026-08-24_12-23-14-416053_earlyRefresh,earlyRefresh,high-skew-zipf,1787574414.416000,219.999947,backend_throughput,all,9.889987776419602
2026-08-24_12-23-14-416053_earlyRefresh,earlyRefresh,high-skew-zipf,1787574415.416000,220.999947,backend_throughput,all,10.555555555555557
2026-08-24_12-23-14-416053_earlyRefresh,earlyRefresh,high-skew-zipf,1787574416.416000,221.999947,backend_throughput,all,10.777777777777779
2026-08-24_12-23-14-416053_earlyRefresh,earlyRefresh,high-skew-zipf,1787574417.416000,222.999947,backend_throughput,all,11.332074213976224
2026-08-24_12-23-14-416053_earlyRefresh,earlyRefresh,high-skew-zipf,1787574418.416000,223.999947,backend_throughput,all,12.331963115209419
2026-08-24_12-23-14-416053_earlyRefresh,earlyRefresh,high-skew-zipf,1787574419.416000,224.999947,backend_throughput,all,12
2026-08-24_12-23-14-416053_earlyRefresh,earlyRefresh,high-skew-zipf,1787574420.416000,225.999947,backend_throughput,all,12
2026-08-24_12-23-14-416053_earlyRefresh,earlyRefresh,high-skew-zipf,1787574421.416000,226.999947,backend_throughput,all,12.443061882013108
2026-08-24_12-23-14-416053_earlyRefresh,earlyRefresh,high-skew-zipf,1787574422.416000,227.999947,backend_throughput,all,11.333333333333334
2026-08-24_12-23-14-416053_earlyRefresh,earlyRefresh,high-skew-zipf,1787574423.416000,228.999947,backend_throughput,all,10.444444444444445
2026-08-24_12-23-14-416053_earlyRefresh,earlyRefresh,high-skew-zipf,1787574424.416000,229.999947,backend_throughput,all,9.667740860095567
2026-08-24_12-23-14-416053_earlyRefresh,earlyRefresh,high-skew-zipf,1787574425.416000,230.999947,backend_throughput,all,9.555555555555555
2026-08-24_12-23-14-416053_earlyRefresh,earlyRefresh,high-skew-zipf,1787574426.416000,231.999947,backend_throughput,all,9.555555555555555
2026-08-24_12-23-14-416053_earlyRefresh,earlyRefresh,high-skew-zipf,1787574427.416000,232.999947,backend_throughput,all,9.111111111111112
2026-08-24_12-23-14-416053_earlyRefresh,earlyRefresh,high-skew-zipf,1787574428.416000,233.999947,backend_throughput,all,8.556506278475386
2026-08-24_12-23-14-416053_earlyRefresh,earlyRefresh,high-skew-zipf,1787574429.416000,234.999947,backend_throughput,all,8.6657038106877
2026-08-24_12-23-14-416053_earlyRefresh,earlyRefresh,high-skew-zipf,1787574430.416000,235.999947,backend_throughput,all,8.555555555555555
2026-08-24_12-23-14-416053_earlyRefresh,earlyRefresh,high-skew-zipf,1787574431.416000,236.999947,backend_throughput,all,9.556617401933549
2026-08-24_12-23-14-416053_earlyRefresh,earlyRefresh,high-skew-zipf,1787574432.416000,237.999947,backend_throughput,all,10.223358150905655
2026-08-24_12-23-14-416053_earlyRefresh,earlyRefresh,high-skew-zipf,1787574433.416000,238.999947,backend_throughput,all,10.112234692743638
2026-08-24_12-23-14-416053_earlyRefresh,earlyRefresh,high-skew-zipf,1787574434.416000,239.999947,backend_throughput,all,10.890098899877763
2026-08-24_12-23-14-416053_earlyRefresh,earlyRefresh,high-skew-zipf,1787574194.416000,-0.000053,active_backend_requests,all,0
2026-08-24_12-23-14-416053_earlyRefresh,earlyRefresh,high-skew-zipf,1787574195.416000,0.999947,active_backend_requests,all,1
2026-08-24_12-23-14-416053_earlyRefresh,earlyRefresh,high-skew-zipf,1787574196.416000,1.999947,active_backend_requests,all,1
2026-08-24_12-23-14-416053_earlyRefresh,earlyRefresh,high-skew-zipf,1787574197.416000,2.999947,active_backend_requests,all,1
2026-08-24_12-23-14-416053_earlyRefresh,earlyRefresh,high-skew-zipf,1787574198.416000,3.999947,active_backend_requests,all,1
2026-08-24_12-23-14-416053_earlyRefresh,earlyRefresh,high-skew-zipf,1787574199.416000,4.999947,active_backend_requests,all,3
2026-08-24_12-23-14-416053_earlyRefresh,earlyRefresh,high-skew-zipf,1787574200.416000,5.999947,active_backend_requests,all,2
2026-08-24_12-23-14-416053_earlyRefresh,earlyRefresh,high-skew-zipf,1787574201.416000,6.999947,active_backend_requests,all,4
2026-08-24_12-23-14-416053_earlyRefresh,earlyRefresh,high-skew-zipf,1787574202.416000,7.999947,active_backend_requests,all,1
2026-08-24_12-23-14-416053_earlyRefresh,earlyRefresh,high-skew-zipf,1787574203.416000,8.999947,active_backend_requests,all,2
2026-08-24_12-23-14-416053_earlyRefresh,earlyRefresh,high-skew-zipf,1787574204.416000,9.999947,active_backend_requests,all,1
2026-08-24_12-23-14-416053_earlyRefresh,earlyRefresh,high-skew-zipf,1787574205.416000,10.999947,active_backend_requests,all,1
2026-08-24_12-23-14-416053_earlyRefresh,earlyRefresh,high-skew-zipf,1787574206.416000,11.999947,active_backend_requests,all,0
2026-08-24_12-23-14-416053_earlyRefresh,earlyRefresh,high-skew-zipf,1787574207.416000,12.999947,active_backend_requests,all,2
2026-08-24_12-23-14-416053_earlyRefresh,earlyRefresh,high-skew-zipf,1787574208.416000,13.999947,active_backend_requests,all,0
2026-08-24_12-23-14-416053_earlyRefresh,earlyRefresh,high-skew-zipf,1787574209.416000,14.999947,active_backend_requests,all,2
2026-08-24_12-23-14-416053_earlyRefresh,earlyRefresh,high-skew-zipf,1787574210.416000,15.999947,active_backend_requests,all,1
2026-08-24_12-23-14-416053_earlyRefresh,earlyRefresh,high-skew-zipf,1787574211.416000,16.999947,active_backend_requests,all,10
2026-08-24_12-23-14-416053_earlyRefresh,earlyRefresh,high-skew-zipf,1787574212.416000,17.999947,active_backend_requests,all,4
2026-08-24_12-23-14-416053_earlyRefresh,earlyRefresh,high-skew-zipf,1787574213.416000,18.999947,active_backend_requests,all,2
2026-08-24_12-23-14-416053_earlyRefresh,earlyRefresh,high-skew-zipf,1787574214.416000,19.999947,active_backend_requests,all,2
2026-08-24_12-23-14-416053_earlyRefresh,earlyRefresh,high-skew-zipf,1787574215.416000,20.999947,active_backend_requests,all,1
2026-08-24_12-23-14-416053_earlyRefresh,earlyRefresh,high-skew-zipf,1787574216.416000,21.999947,active_backend_requests,all,0
2026-08-24_12-23-14-416053_earlyRefresh,earlyRefresh,high-skew-zipf,1787574217.416000,22.999947,active_backend_requests,all,4
2026-08-24_12-23-14-416053_earlyRefresh,earlyRefresh,high-skew-zipf,1787574218.416000,23.999947,active_backend_requests,all,1
2026-08-24_12-23-14-416053_earlyRefresh,earlyRefresh,high-skew-zipf,1787574219.416000,24.999947,active_backend_requests,all,2
2026-08-24_12-23-14-416053_earlyRefresh,earlyRefresh,high-skew-zipf,1787574220.416000,25.999947,active_backend_requests,all,2
2026-08-24_12-23-14-416053_earlyRefresh,earlyRefresh,high-skew-zipf,1787574221.416000,26.999947,active_backend_requests,all,0
2026-08-24_12-23-14-416053_earlyRefresh,earlyRefresh,high-skew-zipf,1787574222.416000,27.999947,active_backend_requests,all,1
2026-08-24_12-23-14-416053_earlyRefresh,earlyRefresh,high-skew-zipf,1787574223.416000,28.999947,active_backend_requests,all,3
2026-08-24_12-23-14-416053_earlyRefresh,earlyRefresh,high-skew-zipf,1787574224.416000,29.999947,active_backend_requests,all,2
2026-08-24_12-23-14-416053_earlyRefresh,earlyRefresh,high-skew-zipf,1787574225.416000,30.999947,active_backend_requests,all,4
2026-08-24_12-23-14-416053_earlyRefresh,earlyRefresh,high-skew-zipf,1787574226.416000,31.999947,active_backend_requests,all,4
2026-08-24_12-23-14-416053_earlyRefresh,earlyRefresh,high-skew-zipf,1787574227.416000,32.999947,active_backend_requests,all,7
2026-08-24_12-23-14-416053_earlyRefresh,earlyRefresh,high-skew-zipf,1787574228.416000,33.999947,active_backend_requests,all,0
2026-08-24_12-23-14-416053_earlyRefresh,earlyRefresh,high-skew-zipf,1787574229.416000,34.999947,active_backend_requests,all,3
2026-08-24_12-23-14-416053_earlyRefresh,earlyRefresh,high-skew-zipf,1787574230.416000,35.999947,active_backend_requests,all,0
2026-08-24_12-23-14-416053_earlyRefresh,earlyRefresh,high-skew-zipf,1787574231.416000,36.999947,active_backend_requests,all,0
2026-08-24_12-23-14-416053_earlyRefresh,earlyRefresh,high-skew-zipf,1787574232.416000,37.999947,active_backend_requests,all,5
2026-08-24_12-23-14-416053_earlyRefresh,earlyRefresh,high-skew-zipf,1787574233.416000,38.999947,active_backend_requests,all,4
2026-08-24_12-23-14-416053_earlyRefresh,earlyRefresh,high-skew-zipf,1787574234.416000,39.999947,active_backend_requests,all,3
2026-08-24_12-23-14-416053_earlyRefresh,earlyRefresh,high-skew-zipf,1787574235.416000,40.999947,active_backend_requests,all,1
2026-08-24_12-23-14-416053_earlyRefresh,earlyRefresh,high-skew-zipf,1787574236.416000,41.999947,active_backend_requests,all,4
2026-08-24_12-23-14-416053_earlyRefresh,earlyRefresh,high-skew-zipf,1787574237.416000,42.999947,active_backend_requests,all,1
2026-08-24_12-23-14-416053_earlyRefresh,earlyRefresh,high-skew-zipf,1787574238.416000,43.999947,active_backend_requests,all,4
2026-08-24_12-23-14-416053_earlyRefresh,earlyRefresh,high-skew-zipf,1787574239.416000,44.999947,active_backend_requests,all,0
2026-08-24_12-23-14-416053_earlyRefresh,earlyRefresh,high-skew-zipf,1787574240.416000,45.999947,active_backend_requests,all,1
2026-08-24_12-23-14-416053_earlyRefresh,earlyRefresh,high-skew-zipf,1787574241.416000,46.999947,active_backend_requests,all,1
2026-08-24_12-23-14-416053_earlyRefresh,earlyRefresh,high-skew-zipf,1787574242.416000,47.999947,active_backend_requests,all,5
2026-08-24_12-23-14-416053_earlyRefresh,earlyRefresh,high-skew-zipf,1787574243.416000,48.999947,active_backend_requests,all,2
2026-08-24_12-23-14-416053_earlyRefresh,earlyRefresh,high-skew-zipf,1787574244.416000,49.999947,active_backend_requests,all,14
2026-08-24_12-23-14-416053_earlyRefresh,earlyRefresh,high-skew-zipf,1787574245.416000,50.999947,active_backend_requests,all,2
2026-08-24_12-23-14-416053_earlyRefresh,earlyRefresh,high-skew-zipf,1787574246.416000,51.999947,active_backend_requests,all,0
2026-08-24_12-23-14-416053_earlyRefresh,earlyRefresh,high-skew-zipf,1787574247.416000,52.999947,active_backend_requests,all,1
2026-08-24_12-23-14-416053_earlyRefresh,earlyRefresh,high-skew-zipf,1787574248.416000,53.999947,active_backend_requests,all,0
2026-08-24_12-23-14-416053_earlyRefresh,earlyRefresh,high-skew-zipf,1787574249.416000,54.999947,active_backend_requests,all,5
2026-08-24_12-23-14-416053_earlyRefresh,earlyRefresh,high-skew-zipf,1787574250.416000,55.999947,active_backend_requests,all,6
2026-08-24_12-23-14-416053_earlyRefresh,earlyRefresh,high-skew-zipf,1787574251.416000,56.999947,active_backend_requests,all,4
2026-08-24_12-23-14-416053_earlyRefresh,earlyRefresh,high-skew-zipf,1787574252.416000,57.999947,active_backend_requests,all,0
2026-08-24_12-23-14-416053_earlyRefresh,earlyRefresh,high-skew-zipf,1787574253.416000,58.999947,active_backend_requests,all,1
2026-08-24_12-23-14-416053_earlyRefresh,earlyRefresh,high-skew-zipf,1787574254.416000,59.999947,active_backend_requests,all,2
2026-08-24_12-23-14-416053_earlyRefresh,earlyRefresh,high-skew-zipf,1787574255.416000,60.999947,active_backend_requests,all,5
2026-08-24_12-23-14-416053_earlyRefresh,earlyRefresh,high-skew-zipf,1787574256.416000,61.999947,active_backend_requests,all,2
2026-08-24_12-23-14-416053_earlyRefresh,earlyRefresh,high-skew-zipf,1787574257.416000,62.999947,active_backend_requests,all,1
2026-08-24_12-23-14-416053_earlyRefresh,earlyRefresh,high-skew-zipf,1787574258.416000,63.999947,active_backend_requests,all,1
2026-08-24_12-23-14-416053_earlyRefresh,earlyRefresh,high-skew-zipf,1787574259.416000,64.999947,active_backend_requests,all,4
2026-08-24_12-23-14-416053_earlyRefresh,earlyRefresh,high-skew-zipf,1787574260.416000,65.999947,active_backend_requests,all,1
2026-08-24_12-23-14-416053_earlyRefresh,earlyRefresh,high-skew-zipf,1787574261.416000,66.999947,active_backend_requests,all,3
2026-08-24_12-23-14-416053_earlyRefresh,earlyRefresh,high-skew-zipf,1787574262.416000,67.999947,active_backend_requests,all,1
2026-08-24_12-23-14-416053_earlyRefresh,earlyRefresh,high-skew-zipf,1787574263.416000,68.999947,active_backend_requests,all,2
2026-08-24_12-23-14-416053_earlyRefresh,earlyRefresh,high-skew-zipf,1787574264.416000,69.999947,active_backend_requests,all,2
2026-08-24_12-23-14-416053_earlyRefresh,earlyRefresh,high-skew-zipf,1787574265.416000,70.999947,active_backend_requests,all,2
2026-08-24_12-23-14-416053_earlyRefresh,earlyRefresh,high-skew-zipf,1787574266.416000,71.999947,active_backend_requests,all,1
2026-08-24_12-23-14-416053_earlyRefresh,earlyRefresh,high-skew-zipf,1787574267.416000,72.999947,active_backend_requests,all,1
2026-08-24_12-23-14-416053_earlyRefresh,earlyRefresh,high-skew-zipf,1787574268.416000,73.999947,active_backend_requests,all,0
2026-08-24_12-23-14-416053_earlyRefresh,earlyRefresh,high-skew-zipf,1787574269.416000,74.999947,active_backend_requests,all,3
2026-08-24_12-23-14-416053_earlyRefresh,earlyRefresh,high-skew-zipf,1787574270.416000,75.999947,active_backend_requests,all,2
2026-08-24_12-23-14-416053_earlyRefresh,earlyRefresh,high-skew-zipf,1787574271.416000,76.999947,active_backend_requests,all,0
2026-08-24_12-23-14-416053_earlyRefresh,earlyRefresh,high-skew-zipf,1787574272.416000,77.999947,active_backend_requests,all,0
2026-08-24_12-23-14-416053_earlyRefresh,earlyRefresh,high-skew-zipf,1787574273.416000,78.999947,active_backend_requests,all,3
2026-08-24_12-23-14-416053_earlyRefresh,earlyRefresh,high-skew-zipf,1787574274.416000,79.999947,active_backend_requests,all,2
2026-08-24_12-23-14-416053_earlyRefresh,earlyRefresh,high-skew-zipf,1787574275.416000,80.999947,active_backend_requests,all,0
2026-08-24_12-23-14-416053_earlyRefresh,earlyRefresh,high-skew-zipf,1787574276.416000,81.999947,active_backend_requests,all,2
2026-08-24_12-23-14-416053_earlyRefresh,earlyRefresh,high-skew-zipf,1787574277.416000,82.999947,active_backend_requests,all,0
2026-08-24_12-23-14-416053_earlyRefresh,earlyRefresh,high-skew-zipf,1787574278.416000,83.999947,active_backend_requests,all,3
2026-08-24_12-23-14-416053_earlyRefresh,earlyRefresh,high-skew-zipf,1787574279.416000,84.999947,active_backend_requests,all,2
2026-08-24_12-23-14-416053_earlyRefresh,earlyRefresh,high-skew-zipf,1787574280.416000,85.999947,active_backend_requests,all,0
2026-08-24_12-23-14-416053_earlyRefresh,earlyRefresh,high-skew-zipf,1787574281.416000,86.999947,active_backend_requests,all,5
2026-08-24_12-23-14-416053_earlyRefresh,earlyRefresh,high-skew-zipf,1787574282.416000,87.999947,active_backend_requests,all,1
2026-08-24_12-23-14-416053_earlyRefresh,earlyRefresh,high-skew-zipf,1787574283.416000,88.999947,active_backend_requests,all,1
2026-08-24_12-23-14-416053_earlyRefresh,earlyRefresh,high-skew-zipf,1787574284.416000,89.999947,active_backend_requests,all,1
2026-08-24_12-23-14-416053_earlyRefresh,earlyRefresh,high-skew-zipf,1787574285.416000,90.999947,active_backend_requests,all,4
2026-08-24_12-23-14-416053_earlyRefresh,earlyRefresh,high-skew-zipf,1787574286.416000,91.999947,active_backend_requests,all,2
2026-08-24_12-23-14-416053_earlyRefresh,earlyRefresh,high-skew-zipf,1787574287.416000,92.999947,active_backend_requests,all,7
2026-08-24_12-23-14-416053_earlyRefresh,earlyRefresh,high-skew-zipf,1787574288.416000,93.999947,active_backend_requests,all,1
2026-08-24_12-23-14-416053_earlyRefresh,earlyRefresh,high-skew-zipf,1787574289.416000,94.999947,active_backend_requests,all,2
2026-08-24_12-23-14-416053_earlyRefresh,earlyRefresh,high-skew-zipf,1787574290.416000,95.999947,active_backend_requests,all,1
2026-08-24_12-23-14-416053_earlyRefresh,earlyRefresh,high-skew-zipf,1787574291.416000,96.999947,active_backend_requests,all,1
2026-08-24_12-23-14-416053_earlyRefresh,earlyRefresh,high-skew-zipf,1787574292.416000,97.999947,active_backend_requests,all,4
2026-08-24_12-23-14-416053_earlyRefresh,earlyRefresh,high-skew-zipf,1787574293.416000,98.999947,active_backend_requests,all,2
2026-08-24_12-23-14-416053_earlyRefresh,earlyRefresh,high-skew-zipf,1787574294.416000,99.999947,active_backend_requests,all,1
2026-08-24_12-23-14-416053_earlyRefresh,earlyRefresh,high-skew-zipf,1787574295.416000,100.999947,active_backend_requests,all,1
2026-08-24_12-23-14-416053_earlyRefresh,earlyRefresh,high-skew-zipf,1787574296.416000,101.999947,active_backend_requests,all,1
2026-08-24_12-23-14-416053_earlyRefresh,earlyRefresh,high-skew-zipf,1787574297.416000,102.999947,active_backend_requests,all,1
2026-08-24_12-23-14-416053_earlyRefresh,earlyRefresh,high-skew-zipf,1787574298.416000,103.999947,active_backend_requests,all,2
2026-08-24_12-23-14-416053_earlyRefresh,earlyRefresh,high-skew-zipf,1787574299.416000,104.999947,active_backend_requests,all,1
2026-08-24_12-23-14-416053_earlyRefresh,earlyRefresh,high-skew-zipf,1787574300.416000,105.999947,active_backend_requests,all,2
2026-08-24_12-23-14-416053_earlyRefresh,earlyRefresh,high-skew-zipf,1787574301.416000,106.999947,active_backend_requests,all,3
2026-08-24_12-23-14-416053_earlyRefresh,earlyRefresh,high-skew-zipf,1787574302.416000,107.999947,active_backend_requests,all,4
2026-08-24_12-23-14-416053_earlyRefresh,earlyRefresh,high-skew-zipf,1787574303.416000,108.999947,active_backend_requests,all,9
2026-08-24_12-23-14-416053_earlyRefresh,earlyRefresh,high-skew-zipf,1787574304.416000,109.999947,active_backend_requests,all,5
2026-08-24_12-23-14-416053_earlyRefresh,earlyRefresh,high-skew-zipf,1787574305.416000,110.999947,active_backend_requests,all,1
2026-08-24_12-23-14-416053_earlyRefresh,earlyRefresh,high-skew-zipf,1787574306.416000,111.999947,active_backend_requests,all,0
2026-08-24_12-23-14-416053_earlyRefresh,earlyRefresh,high-skew-zipf,1787574307.416000,112.999947,active_backend_requests,all,2
2026-08-24_12-23-14-416053_earlyRefresh,earlyRefresh,high-skew-zipf,1787574308.416000,113.999947,active_backend_requests,all,2
2026-08-24_12-23-14-416053_earlyRefresh,earlyRefresh,high-skew-zipf,1787574309.416000,114.999947,active_backend_requests,all,5
2026-08-24_12-23-14-416053_earlyRefresh,earlyRefresh,high-skew-zipf,1787574310.416000,115.999947,active_backend_requests,all,2
2026-08-24_12-23-14-416053_earlyRefresh,earlyRefresh,high-skew-zipf,1787574311.416000,116.999947,active_backend_requests,all,3
2026-08-24_12-23-14-416053_earlyRefresh,earlyRefresh,high-skew-zipf,1787574312.416000,117.999947,active_backend_requests,all,7
2026-08-24_12-23-14-416053_earlyRefresh,earlyRefresh,high-skew-zipf,1787574313.416000,118.999947,active_backend_requests,all,1
2026-08-24_12-23-14-416053_earlyRefresh,earlyRefresh,high-skew-zipf,1787574314.416000,119.999947,active_backend_requests,all,3
2026-08-24_12-23-14-416053_earlyRefresh,earlyRefresh,high-skew-zipf,1787574315.416000,120.999947,active_backend_requests,all,4
2026-08-24_12-23-14-416053_earlyRefresh,earlyRefresh,high-skew-zipf,1787574316.416000,121.999947,active_backend_requests,all,1
2026-08-24_12-23-14-416053_earlyRefresh,earlyRefresh,high-skew-zipf,1787574317.416000,122.999947,active_backend_requests,all,3
2026-08-24_12-23-14-416053_earlyRefresh,earlyRefresh,high-skew-zipf,1787574318.416000,123.999947,active_backend_requests,all,1
2026-08-24_12-23-14-416053_earlyRefresh,earlyRefresh,high-skew-zipf,1787574319.416000,124.999947,active_backend_requests,all,2
2026-08-24_12-23-14-416053_earlyRefresh,earlyRefresh,high-skew-zipf,1787574320.416000,125.999947,active_backend_requests,all,0
2026-08-24_12-23-14-416053_earlyRefresh,earlyRefresh,high-skew-zipf,1787574321.416000,126.999947,active_backend_requests,all,2
2026-08-24_12-23-14-416053_earlyRefresh,earlyRefresh,high-skew-zipf,1787574322.416000,127.999947,active_backend_requests,all,2
2026-08-24_12-23-14-416053_earlyRefresh,earlyRefresh,high-skew-zipf,1787574323.416000,128.999947,active_backend_requests,all,0
2026-08-24_12-23-14-416053_earlyRefresh,earlyRefresh,high-skew-zipf,1787574324.416000,129.999947,active_backend_requests,all,1
2026-08-24_12-23-14-416053_earlyRefresh,earlyRefresh,high-skew-zipf,1787574325.416000,130.999947,active_backend_requests,all,0
2026-08-24_12-23-14-416053_earlyRefresh,earlyRefresh,high-skew-zipf,1787574326.416000,131.999947,active_backend_requests,all,2
2026-08-24_12-23-14-416053_earlyRefresh,earlyRefresh,high-skew-zipf,1787574327.416000,132.999947,active_backend_requests,all,1
2026-08-24_12-23-14-416053_earlyRefresh,earlyRefresh,high-skew-zipf,1787574328.416000,133.999947,active_backend_requests,all,3
2026-08-24_12-23-14-416053_earlyRefresh,earlyRefresh,high-skew-zipf,1787574329.416000,134.999947,active_backend_requests,all,4
2026-08-24_12-23-14-416053_earlyRefresh,earlyRefresh,high-skew-zipf,1787574330.416000,135.999947,active_backend_requests,all,2
2026-08-24_12-23-14-416053_earlyRefresh,earlyRefresh,high-skew-zipf,1787574331.416000,136.999947,active_backend_requests,all,4
2026-08-24_12-23-14-416053_earlyRefresh,earlyRefresh,high-skew-zipf,1787574332.416000,137.999947,active_backend_requests,all,3
2026-08-24_12-23-14-416053_earlyRefresh,earlyRefresh,high-skew-zipf,1787574333.416000,138.999947,active_backend_requests,all,4
2026-08-24_12-23-14-416053_earlyRefresh,earlyRefresh,high-skew-zipf,1787574334.416000,139.999947,active_backend_requests,all,3
2026-08-24_12-23-14-416053_earlyRefresh,earlyRefresh,high-skew-zipf,1787574335.416000,140.999947,active_backend_requests,all,7
2026-08-24_12-23-14-416053_earlyRefresh,earlyRefresh,high-skew-zipf,1787574336.416000,141.999947,active_backend_requests,all,2
2026-08-24_12-23-14-416053_earlyRefresh,earlyRefresh,high-skew-zipf,1787574337.416000,142.999947,active_backend_requests,all,1
2026-08-24_12-23-14-416053_earlyRefresh,earlyRefresh,high-skew-zipf,1787574338.416000,143.999947,active_backend_requests,all,2
2026-08-24_12-23-14-416053_earlyRefresh,earlyRefresh,high-skew-zipf,1787574339.416000,144.999947,active_backend_requests,all,1
2026-08-24_12-23-14-416053_earlyRefresh,earlyRefresh,high-skew-zipf,1787574340.416000,145.999947,active_backend_requests,all,1
2026-08-24_12-23-14-416053_earlyRefresh,earlyRefresh,high-skew-zipf,1787574341.416000,146.999947,active_backend_requests,all,3
2026-08-24_12-23-14-416053_earlyRefresh,earlyRefresh,high-skew-zipf,1787574342.416000,147.999947,active_backend_requests,all,0
2026-08-24_12-23-14-416053_earlyRefresh,earlyRefresh,high-skew-zipf,1787574343.416000,148.999947,active_backend_requests,all,2
2026-08-24_12-23-14-416053_earlyRefresh,earlyRefresh,high-skew-zipf,1787574344.416000,149.999947,active_backend_requests,all,4
2026-08-24_12-23-14-416053_earlyRefresh,earlyRefresh,high-skew-zipf,1787574345.416000,150.999947,active_backend_requests,all,4
2026-08-24_12-23-14-416053_earlyRefresh,earlyRefresh,high-skew-zipf,1787574346.416000,151.999947,active_backend_requests,all,6
2026-08-24_12-23-14-416053_earlyRefresh,earlyRefresh,high-skew-zipf,1787574347.416000,152.999947,active_backend_requests,all,2
2026-08-24_12-23-14-416053_earlyRefresh,earlyRefresh,high-skew-zipf,1787574348.416000,153.999947,active_backend_requests,all,3
2026-08-24_12-23-14-416053_earlyRefresh,earlyRefresh,high-skew-zipf,1787574349.416000,154.999947,active_backend_requests,all,4
2026-08-24_12-23-14-416053_earlyRefresh,earlyRefresh,high-skew-zipf,1787574350.416000,155.999947,active_backend_requests,all,4
2026-08-24_12-23-14-416053_earlyRefresh,earlyRefresh,high-skew-zipf,1787574351.416000,156.999947,active_backend_requests,all,2
2026-08-24_12-23-14-416053_earlyRefresh,earlyRefresh,high-skew-zipf,1787574352.416000,157.999947,active_backend_requests,all,1
2026-08-24_12-23-14-416053_earlyRefresh,earlyRefresh,high-skew-zipf,1787574353.416000,158.999947,active_backend_requests,all,5
2026-08-24_12-23-14-416053_earlyRefresh,earlyRefresh,high-skew-zipf,1787574354.416000,159.999947,active_backend_requests,all,5
2026-08-24_12-23-14-416053_earlyRefresh,earlyRefresh,high-skew-zipf,1787574355.416000,160.999947,active_backend_requests,all,4
2026-08-24_12-23-14-416053_earlyRefresh,earlyRefresh,high-skew-zipf,1787574356.416000,161.999947,active_backend_requests,all,3
2026-08-24_12-23-14-416053_earlyRefresh,earlyRefresh,high-skew-zipf,1787574357.416000,162.999947,active_backend_requests,all,0
2026-08-24_12-23-14-416053_earlyRefresh,earlyRefresh,high-skew-zipf,1787574358.416000,163.999947,active_backend_requests,all,1
2026-08-24_12-23-14-416053_earlyRefresh,earlyRefresh,high-skew-zipf,1787574359.416000,164.999947,active_backend_requests,all,3
2026-08-24_12-23-14-416053_earlyRefresh,earlyRefresh,high-skew-zipf,1787574360.416000,165.999947,active_backend_requests,all,5
2026-08-24_12-23-14-416053_earlyRefresh,earlyRefresh,high-skew-zipf,1787574361.416000,166.999947,active_backend_requests,all,2
2026-08-24_12-23-14-416053_earlyRefresh,earlyRefresh,high-skew-zipf,1787574362.416000,167.999947,active_backend_requests,all,3
2026-08-24_12-23-14-416053_earlyRefresh,earlyRefresh,high-skew-zipf,1787574363.416000,168.999947,active_backend_requests,all,5
2026-08-24_12-23-14-416053_earlyRefresh,earlyRefresh,high-skew-zipf,1787574364.416000,169.999947,active_backend_requests,all,0
2026-08-24_12-23-14-416053_earlyRefresh,earlyRefresh,high-skew-zipf,1787574365.416000,170.999947,active_backend_requests,all,1
2026-08-24_12-23-14-416053_earlyRefresh,earlyRefresh,high-skew-zipf,1787574366.416000,171.999947,active_backend_requests,all,2
2026-08-24_12-23-14-416053_earlyRefresh,earlyRefresh,high-skew-zipf,1787574367.416000,172.999947,active_backend_requests,all,3
2026-08-24_12-23-14-416053_earlyRefresh,earlyRefresh,high-skew-zipf,1787574368.416000,173.999947,active_backend_requests,all,2
2026-08-24_12-23-14-416053_earlyRefresh,earlyRefresh,high-skew-zipf,1787574369.416000,174.999947,active_backend_requests,all,2
2026-08-24_12-23-14-416053_earlyRefresh,earlyRefresh,high-skew-zipf,1787574370.416000,175.999947,active_backend_requests,all,1
2026-08-24_12-23-14-416053_earlyRefresh,earlyRefresh,high-skew-zipf,1787574371.416000,176.999947,active_backend_requests,all,2
2026-08-24_12-23-14-416053_earlyRefresh,earlyRefresh,high-skew-zipf,1787574372.416000,177.999947,active_backend_requests,all,2
2026-08-24_12-23-14-416053_earlyRefresh,earlyRefresh,high-skew-zipf,1787574373.416000,178.999947,active_backend_requests,all,4
2026-08-24_12-23-14-416053_earlyRefresh,earlyRefresh,high-skew-zipf,1787574374.416000,179.999947,active_backend_requests,all,1
2026-08-24_12-23-14-416053_earlyRefresh,earlyRefresh,high-skew-zipf,1787574375.416000,180.999947,active_backend_requests,all,5
2026-08-24_12-23-14-416053_earlyRefresh,earlyRefresh,high-skew-zipf,1787574376.416000,181.999947,active_backend_requests,all,3
2026-08-24_12-23-14-416053_earlyRefresh,earlyRefresh,high-skew-zipf,1787574377.416000,182.999947,active_backend_requests,all,2
2026-08-24_12-23-14-416053_earlyRefresh,earlyRefresh,high-skew-zipf,1787574378.416000,183.999947,active_backend_requests,all,9
2026-08-24_12-23-14-416053_earlyRefresh,earlyRefresh,high-skew-zipf,1787574379.416000,184.999947,active_backend_requests,all,1
2026-08-24_12-23-14-416053_earlyRefresh,earlyRefresh,high-skew-zipf,1787574380.416000,185.999947,active_backend_requests,all,1
2026-08-24_12-23-14-416053_earlyRefresh,earlyRefresh,high-skew-zipf,1787574381.416000,186.999947,active_backend_requests,all,3
2026-08-24_12-23-14-416053_earlyRefresh,earlyRefresh,high-skew-zipf,1787574382.416000,187.999947,active_backend_requests,all,1
2026-08-24_12-23-14-416053_earlyRefresh,earlyRefresh,high-skew-zipf,1787574383.416000,188.999947,active_backend_requests,all,6
2026-08-24_12-23-14-416053_earlyRefresh,earlyRefresh,high-skew-zipf,1787574384.416000,189.999947,active_backend_requests,all,3
2026-08-24_12-23-14-416053_earlyRefresh,earlyRefresh,high-skew-zipf,1787574385.416000,190.999947,active_backend_requests,all,2
2026-08-24_12-23-14-416053_earlyRefresh,earlyRefresh,high-skew-zipf,1787574386.416000,191.999947,active_backend_requests,all,1
2026-08-24_12-23-14-416053_earlyRefresh,earlyRefresh,high-skew-zipf,1787574387.416000,192.999947,active_backend_requests,all,1
2026-08-24_12-23-14-416053_earlyRefresh,earlyRefresh,high-skew-zipf,1787574388.416000,193.999947,active_backend_requests,all,3
2026-08-24_12-23-14-416053_earlyRefresh,earlyRefresh,high-skew-zipf,1787574389.416000,194.999947,active_backend_requests,all,2
2026-08-24_12-23-14-416053_earlyRefresh,earlyRefresh,high-skew-zipf,1787574390.416000,195.999947,active_backend_requests,all,3
2026-08-24_12-23-14-416053_earlyRefresh,earlyRefresh,high-skew-zipf,1787574391.416000,196.999947,active_backend_requests,all,3
2026-08-24_12-23-14-416053_earlyRefresh,earlyRefresh,high-skew-zipf,1787574392.416000,197.999947,active_backend_requests,all,6
2026-08-24_12-23-14-416053_earlyRefresh,earlyRefresh,high-skew-zipf,1787574393.416000,198.999947,active_backend_requests,all,3
2026-08-24_12-23-14-416053_earlyRefresh,earlyRefresh,high-skew-zipf,1787574394.416000,199.999947,active_backend_requests,all,6
2026-08-24_12-23-14-416053_earlyRefresh,earlyRefresh,high-skew-zipf,1787574395.416000,200.999947,active_backend_requests,all,2
2026-08-24_12-23-14-416053_earlyRefresh,earlyRefresh,high-skew-zipf,1787574396.416000,201.999947,active_backend_requests,all,1
2026-08-24_12-23-14-416053_earlyRefresh,earlyRefresh,high-skew-zipf,1787574397.416000,202.999947,active_backend_requests,all,2
2026-08-24_12-23-14-416053_earlyRefresh,earlyRefresh,high-skew-zipf,1787574398.416000,203.999947,active_backend_requests,all,1
2026-08-24_12-23-14-416053_earlyRefresh,earlyRefresh,high-skew-zipf,1787574399.416000,204.999947,active_backend_requests,all,1
2026-08-24_12-23-14-416053_earlyRefresh,earlyRefresh,high-skew-zipf,1787574400.416000,205.999947,active_backend_requests,all,3
2026-08-24_12-23-14-416053_earlyRefresh,earlyRefresh,high-skew-zipf,1787574401.416000,206.999947,active_backend_requests,all,4
2026-08-24_12-23-14-416053_earlyRefresh,earlyRefresh,high-skew-zipf,1787574402.416000,207.999947,active_backend_requests,all,0
2026-08-24_12-23-14-416053_earlyRefresh,earlyRefresh,high-skew-zipf,1787574403.416000,208.999947,active_backend_requests,all,5
2026-08-24_12-23-14-416053_earlyRefresh,earlyRefresh,high-skew-zipf,1787574404.416000,209.999947,active_backend_requests,all,2
2026-08-24_12-23-14-416053_earlyRefresh,earlyRefresh,high-skew-zipf,1787574405.416000,210.999947,active_backend_requests,all,0
2026-08-24_12-23-14-416053_earlyRefresh,earlyRefresh,high-skew-zipf,1787574406.416000,211.999947,active_backend_requests,all,1
2026-08-24_12-23-14-416053_earlyRefresh,earlyRefresh,high-skew-zipf,1787574407.416000,212.999947,active_backend_requests,all,1
2026-08-24_12-23-14-416053_earlyRefresh,earlyRefresh,high-skew-zipf,1787574408.416000,213.999947,active_backend_requests,all,1
2026-08-24_12-23-14-416053_earlyRefresh,earlyRefresh,high-skew-zipf,1787574409.416000,214.999947,active_backend_requests,all,2
2026-08-24_12-23-14-416053_earlyRefresh,earlyRefresh,high-skew-zipf,1787574410.416000,215.999947,active_backend_requests,all,5
2026-08-24_12-23-14-416053_earlyRefresh,earlyRefresh,high-skew-zipf,1787574411.416000,216.999947,active_backend_requests,all,3
2026-08-24_12-23-14-416053_earlyRefresh,earlyRefresh,high-skew-zipf,1787574412.416000,217.999947,active_backend_requests,all,2
2026-08-24_12-23-14-416053_earlyRefresh,earlyRefresh,high-skew-zipf,1787574413.416000,218.999947,active_backend_requests,all,3
2026-08-24_12-23-14-416053_earlyRefresh,earlyRefresh,high-skew-zipf,1787574414.416000,219.999947,active_backend_requests,all,2
2026-08-24_12-23-14-416053_earlyRefresh,earlyRefresh,high-skew-zipf,1787574415.416000,220.999947,active_backend_requests,all,3
2026-08-24_12-23-14-416053_earlyRefresh,earlyRefresh,high-skew-zipf,1787574416.416000,221.999947,active_backend_requests,all,0
2026-08-24_12-23-14-416053_earlyRefresh,earlyRefresh,high-skew-zipf,1787574417.416000,222.999947,active_backend_requests,all,2
2026-08-24_12-23-14-416053_earlyRefresh,earlyRefresh,high-skew-zipf,1787574418.416000,223.999947,active_backend_requests,all,3
2026-08-24_12-23-14-416053_earlyRefresh,earlyRefresh,high-skew-zipf,1787574419.416000,224.999947,active_backend_requests,all,2
2026-08-24_12-23-14-416053_earlyRefresh,earlyRefresh,high-skew-zipf,1787574420.416000,225.999947,active_backend_requests,all,3
2026-08-24_12-23-14-416053_earlyRefresh,earlyRefresh,high-skew-zipf,1787574421.416000,226.999947,active_backend_requests,all,5
2026-08-24_12-23-14-416053_earlyRefresh,earlyRefresh,high-skew-zipf,1787574422.416000,227.999947,active_backend_requests,all,0
2026-08-24_12-23-14-416053_earlyRefresh,earlyRefresh,high-skew-zipf,1787574423.416000,228.999947,active_backend_requests,all,1
2026-08-24_12-23-14-416053_earlyRefresh,earlyRefresh,high-skew-zipf,1787574424.416000,229.999947,active_backend_requests,all,2
2026-08-24_12-23-14-416053_earlyRefresh,earlyRefresh,high-skew-zipf,1787574425.416000,230.999947,active_backend_requests,all,1
2026-08-24_12-23-14-416053_earlyRefresh,earlyRefresh,high-skew-zipf,1787574426.416000,231.999947,active_backend_requests,all,2
2026-08-24_12-23-14-416053_earlyRefresh,earlyRefresh,high-skew-zipf,1787574427.416000,232.999947,active_backend_requests,all,2
2026-08-24_12-23-14-416053_earlyRefresh,earlyRefresh,high-skew-zipf,1787574428.416000,233.999947,active_backend_requests,all,1
2026-08-24_12-23-14-416053_earlyRefresh,earlyRefresh,high-skew-zipf,1787574429.416000,234.999947,active_backend_requests,all,5
2026-08-24_12-23-14-416053_earlyRefresh,earlyRefresh,high-skew-zipf,1787574430.416000,235.999947,active_backend_requests,all,3
2026-08-24_12-23-14-416053_earlyRefresh,earlyRefresh,high-skew-zipf,1787574431.416000,236.999947,active_backend_requests,all,1
2026-08-24_12-23-14-416053_earlyRefresh,earlyRefresh,high-skew-zipf,1787574432.416000,237.999947,active_backend_requests,all,1
2026-08-24_12-23-14-416053_earlyRefresh,earlyRefresh,high-skew-zipf,1787574433.416000,238.999947,active_backend_requests,all,2
2026-08-24_12-23-14-416053_earlyRefresh,earlyRefresh,high-skew-zipf,1787574434.416000,239.999947,active_backend_requests,all,4
2026-08-24_12-23-14-416053_earlyRefresh,earlyRefresh,high-skew-zipf,1787574194.416000,-0.000053,failed_request_ratio,all,0
2026-08-24_12-23-14-416053_earlyRefresh,earlyRefresh,high-skew-zipf,1787574195.416000,0.999947,failed_request_ratio,all,0
2026-08-24_12-23-14-416053_earlyRefresh,earlyRefresh,high-skew-zipf,1787574196.416000,1.999947,failed_request_ratio,all,0
2026-08-24_12-23-14-416053_earlyRefresh,earlyRefresh,high-skew-zipf,1787574197.416000,2.999947,failed_request_ratio,all,0
2026-08-24_12-23-14-416053_earlyRefresh,earlyRefresh,high-skew-zipf,1787574198.416000,3.999947,failed_request_ratio,all,0
2026-08-24_12-23-14-416053_earlyRefresh,earlyRefresh,high-skew-zipf,1787574199.416000,4.999947,failed_request_ratio,all,0
2026-08-24_12-23-14-416053_earlyRefresh,earlyRefresh,high-skew-zipf,1787574200.416000,5.999947,failed_request_ratio,all,0
2026-08-24_12-23-14-416053_earlyRefresh,earlyRefresh,high-skew-zipf,1787574201.416000,6.999947,failed_request_ratio,all,0
2026-08-24_12-23-14-416053_earlyRefresh,earlyRefresh,high-skew-zipf,1787574202.416000,7.999947,failed_request_ratio,all,0
2026-08-24_12-23-14-416053_earlyRefresh,earlyRefresh,high-skew-zipf,1787574203.416000,8.999947,failed_request_ratio,all,0
2026-08-24_12-23-14-416053_earlyRefresh,earlyRefresh,high-skew-zipf,1787574204.416000,9.999947,failed_request_ratio,all,0
2026-08-24_12-23-14-416053_earlyRefresh,earlyRefresh,high-skew-zipf,1787574205.416000,10.999947,failed_request_ratio,all,0
2026-08-24_12-23-14-416053_earlyRefresh,earlyRefresh,high-skew-zipf,1787574206.416000,11.999947,failed_request_ratio,all,0
2026-08-24_12-23-14-416053_earlyRefresh,earlyRefresh,high-skew-zipf,1787574207.416000,12.999947,failed_request_ratio,all,0
2026-08-24_12-23-14-416053_earlyRefresh,earlyRefresh,high-skew-zipf,1787574208.416000,13.999947,failed_request_ratio,all,0
2026-08-24_12-23-14-416053_earlyRefresh,earlyRefresh,high-skew-zipf,1787574209.416000,14.999947,failed_request_ratio,all,0
2026-08-24_12-23-14-416053_earlyRefresh,earlyRefresh,high-skew-zipf,1787574210.416000,15.999947,failed_request_ratio,all,0
2026-08-24_12-23-14-416053_earlyRefresh,earlyRefresh,high-skew-zipf,1787574211.416000,16.999947,failed_request_ratio,all,0
2026-08-24_12-23-14-416053_earlyRefresh,earlyRefresh,high-skew-zipf,1787574212.416000,17.999947,failed_request_ratio,all,0
2026-08-24_12-23-14-416053_earlyRefresh,earlyRefresh,high-skew-zipf,1787574213.416000,18.999947,failed_request_ratio,all,0
2026-08-24_12-23-14-416053_earlyRefresh,earlyRefresh,high-skew-zipf,1787574214.416000,19.999947,failed_request_ratio,all,0
2026-08-24_12-23-14-416053_earlyRefresh,earlyRefresh,high-skew-zipf,1787574215.416000,20.999947,failed_request_ratio,all,0
2026-08-24_12-23-14-416053_earlyRefresh,earlyRefresh,high-skew-zipf,1787574216.416000,21.999947,failed_request_ratio,all,0
2026-08-24_12-23-14-416053_earlyRefresh,earlyRefresh,high-skew-zipf,1787574217.416000,22.999947,failed_request_ratio,all,0
2026-08-24_12-23-14-416053_earlyRefresh,earlyRefresh,high-skew-zipf,1787574218.416000,23.999947,failed_request_ratio,all,0
2026-08-24_12-23-14-416053_earlyRefresh,earlyRefresh,high-skew-zipf,1787574219.416000,24.999947,failed_request_ratio,all,0
2026-08-24_12-23-14-416053_earlyRefresh,earlyRefresh,high-skew-zipf,1787574220.416000,25.999947,failed_request_ratio,all,0
2026-08-24_12-23-14-416053_earlyRefresh,earlyRefresh,high-skew-zipf,1787574221.416000,26.999947,failed_request_ratio,all,0
2026-08-24_12-23-14-416053_earlyRefresh,earlyRefresh,high-skew-zipf,1787574222.416000,27.999947,failed_request_ratio,all,0
2026-08-24_12-23-14-416053_earlyRefresh,earlyRefresh,high-skew-zipf,1787574223.416000,28.999947,failed_request_ratio,all,0
2026-08-24_12-23-14-416053_earlyRefresh,earlyRefresh,high-skew-zipf,1787574224.416000,29.999947,failed_request_ratio,all,0
2026-08-24_12-23-14-416053_earlyRefresh,earlyRefresh,high-skew-zipf,1787574225.416000,30.999947,failed_request_ratio,all,0
2026-08-24_12-23-14-416053_earlyRefresh,earlyRefresh,high-skew-zipf,1787574226.416000,31.999947,failed_request_ratio,all,0
2026-08-24_12-23-14-416053_earlyRefresh,earlyRefresh,high-skew-zipf,1787574227.416000,32.999947,failed_request_ratio,all,0
2026-08-24_12-23-14-416053_earlyRefresh,earlyRefresh,high-skew-zipf,1787574228.416000,33.999947,failed_request_ratio,all,0
2026-08-24_12-23-14-416053_earlyRefresh,earlyRefresh,high-skew-zipf,1787574229.416000,34.999947,failed_request_ratio,all,0
2026-08-24_12-23-14-416053_earlyRefresh,earlyRefresh,high-skew-zipf,1787574230.416000,35.999947,failed_request_ratio,all,0
2026-08-24_12-23-14-416053_earlyRefresh,earlyRefresh,high-skew-zipf,1787574231.416000,36.999947,failed_request_ratio,all,0
2026-08-24_12-23-14-416053_earlyRefresh,earlyRefresh,high-skew-zipf,1787574232.416000,37.999947,failed_request_ratio,all,0
2026-08-24_12-23-14-416053_earlyRefresh,earlyRefresh,high-skew-zipf,1787574233.416000,38.999947,failed_request_ratio,all,0
2026-08-24_12-23-14-416053_earlyRefresh,earlyRefresh,high-skew-zipf,1787574234.416000,39.999947,failed_request_ratio,all,0
2026-08-24_12-23-14-416053_earlyRefresh,earlyRefresh,high-skew-zipf,1787574235.416000,40.999947,failed_request_ratio,all,0
2026-08-24_12-23-14-416053_earlyRefresh,earlyRefresh,high-skew-zipf,1787574236.416000,41.999947,failed_request_ratio,all,0
2026-08-24_12-23-14-416053_earlyRefresh,earlyRefresh,high-skew-zipf,1787574237.416000,42.999947,failed_request_ratio,all,0
2026-08-24_12-23-14-416053_earlyRefresh,earlyRefresh,high-skew-zipf,1787574238.416000,43.999947,failed_request_ratio,all,0
2026-08-24_12-23-14-416053_earlyRefresh,earlyRefresh,high-skew-zipf,1787574239.416000,44.999947,failed_request_ratio,all,0
2026-08-24_12-23-14-416053_earlyRefresh,earlyRefresh,high-skew-zipf,1787574240.416000,45.999947,failed_request_ratio,all,0
2026-08-24_12-23-14-416053_earlyRefresh,earlyRefresh,high-skew-zipf,1787574241.416000,46.999947,failed_request_ratio,all,0
2026-08-24_12-23-14-416053_earlyRefresh,earlyRefresh,high-skew-zipf,1787574242.416000,47.999947,failed_request_ratio,all,0
2026-08-24_12-23-14-416053_earlyRefresh,earlyRefresh,high-skew-zipf,1787574243.416000,48.999947,failed_request_ratio,all,0
2026-08-24_12-23-14-416053_earlyRefresh,earlyRefresh,high-skew-zipf,1787574244.416000,49.999947,failed_request_ratio,all,0
2026-08-24_12-23-14-416053_earlyRefresh,earlyRefresh,high-skew-zipf,1787574245.416000,50.999947,failed_request_ratio,all,0
2026-08-24_12-23-14-416053_earlyRefresh,earlyRefresh,high-skew-zipf,1787574246.416000,51.999947,failed_request_ratio,all,0
2026-08-24_12-23-14-416053_earlyRefresh,earlyRefresh,high-skew-zipf,1787574247.416000,52.999947,failed_request_ratio,all,0
2026-08-24_12-23-14-416053_earlyRefresh,earlyRefresh,high-skew-zipf,1787574248.416000,53.999947,failed_request_ratio,all,0
2026-08-24_12-23-14-416053_earlyRefresh,earlyRefresh,high-skew-zipf,1787574249.416000,54.999947,failed_request_ratio,all,0
2026-08-24_12-23-14-416053_earlyRefresh,earlyRefresh,high-skew-zipf,1787574250.416000,55.999947,failed_request_ratio,all,0
2026-08-24_12-23-14-416053_earlyRefresh,earlyRefresh,high-skew-zipf,1787574251.416000,56.999947,failed_request_ratio,all,0
2026-08-24_12-23-14-416053_earlyRefresh,earlyRefresh,high-skew-zipf,1787574252.416000,57.999947,failed_request_ratio,all,0
2026-08-24_12-23-14-416053_earlyRefresh,earlyRefresh,high-skew-zipf,1787574253.416000,58.999947,failed_request_ratio,all,0
2026-08-24_12-23-14-416053_earlyRefresh,earlyRefresh,high-skew-zipf,1787574254.416000,59.999947,failed_request_ratio,all,0
2026-08-24_12-23-14-416053_earlyRefresh,earlyRefresh,high-skew-zipf,1787574255.416000,60.999947,failed_request_ratio,all,0
2026-08-24_12-23-14-416053_earlyRefresh,earlyRefresh,high-skew-zipf,1787574256.416000,61.999947,failed_request_ratio,all,0
2026-08-24_12-23-14-416053_earlyRefresh,earlyRefresh,high-skew-zipf,1787574257.416000,62.999947,failed_request_ratio,all,0
2026-08-24_12-23-14-416053_earlyRefresh,earlyRefresh,high-skew-zipf,1787574258.416000,63.999947,failed_request_ratio,all,0
2026-08-24_12-23-14-416053_earlyRefresh,earlyRefresh,high-skew-zipf,1787574259.416000,64.999947,failed_request_ratio,all,0
2026-08-24_12-23-14-416053_earlyRefresh,earlyRefresh,high-skew-zipf,1787574260.416000,65.999947,failed_request_ratio,all,0
2026-08-24_12-23-14-416053_earlyRefresh,earlyRefresh,high-skew-zipf,1787574261.416000,66.999947,failed_request_ratio,all,0
2026-08-24_12-23-14-416053_earlyRefresh,earlyRefresh,high-skew-zipf,1787574262.416000,67.999947,failed_request_ratio,all,0
2026-08-24_12-23-14-416053_earlyRefresh,earlyRefresh,high-skew-zipf,1787574263.416000,68.999947,failed_request_ratio,all,0
2026-08-24_12-23-14-416053_earlyRefresh,earlyRefresh,high-skew-zipf,1787574264.416000,69.999947,failed_request_ratio,all,0
2026-08-24_12-23-14-416053_earlyRefresh,earlyRefresh,high-skew-zipf,1787574265.416000,70.999947,failed_request_ratio,all,0
2026-08-24_12-23-14-416053_earlyRefresh,earlyRefresh,high-skew-zipf,1787574266.416000,71.999947,failed_request_ratio,all,0
2026-08-24_12-23-14-416053_earlyRefresh,earlyRefresh,high-skew-zipf,1787574267.416000,72.999947,failed_request_ratio,all,0
2026-08-24_12-23-14-416053_earlyRefresh,earlyRefresh,high-skew-zipf,1787574268.416000,73.999947,failed_request_ratio,all,0
2026-08-24_12-23-14-416053_earlyRefresh,earlyRefresh,high-skew-zipf,1787574269.416000,74.999947,failed_request_ratio,all,0
2026-08-24_12-23-14-416053_earlyRefresh,earlyRefresh,high-skew-zipf,1787574270.416000,75.999947,failed_request_ratio,all,0
2026-08-24_12-23-14-416053_earlyRefresh,earlyRefresh,high-skew-zipf,1787574271.416000,76.999947,failed_request_ratio,all,0
2026-08-24_12-23-14-416053_earlyRefresh,earlyRefresh,high-skew-zipf,1787574272.416000,77.999947,failed_request_ratio,all,0
2026-08-24_12-23-14-416053_earlyRefresh,earlyRefresh,high-skew-zipf,1787574273.416000,78.999947,failed_request_ratio,all,0
2026-08-24_12-23-14-416053_earlyRefresh,earlyRefresh,high-skew-zipf,1787574274.416000,79.999947,failed_request_ratio,all,0
2026-08-24_12-23-14-416053_earlyRefresh,earlyRefresh,high-skew-zipf,1787574275.416000,80.999947,failed_request_ratio,all,0
2026-08-24_12-23-14-416053_earlyRefresh,earlyRefresh,high-skew-zipf,1787574276.416000,81.999947,failed_request_ratio,all,0
2026-08-24_12-23-14-416053_earlyRefresh,earlyRefresh,high-skew-zipf,1787574277.416000,82.999947,failed_request_ratio,all,0
2026-08-24_12-23-14-416053_earlyRefresh,earlyRefresh,high-skew-zipf,1787574278.416000,83.999947,failed_request_ratio,all,0
2026-08-24_12-23-14-416053_earlyRefresh,earlyRefresh,high-skew-zipf,1787574279.416000,84.999947,failed_request_ratio,all,0
2026-08-24_12-23-14-416053_earlyRefresh,earlyRefresh,high-skew-zipf,1787574280.416000,85.999947,failed_request_ratio,all,0
2026-08-24_12-23-14-416053_earlyRefresh,earlyRefresh,high-skew-zipf,1787574281.416000,86.999947,failed_request_ratio,all,0
2026-08-24_12-23-14-416053_earlyRefresh,earlyRefresh,high-skew-zipf,1787574282.416000,87.999947,failed_request_ratio,all,0
2026-08-24_12-23-14-416053_earlyRefresh,earlyRefresh,high-skew-zipf,1787574283.416000,88.999947,failed_request_ratio,all,0
2026-08-24_12-23-14-416053_earlyRefresh,earlyRefresh,high-skew-zipf,1787574284.416000,89.999947,failed_request_ratio,all,0
2026-08-24_12-23-14-416053_earlyRefresh,earlyRefresh,high-skew-zipf,1787574285.416000,90.999947,failed_request_ratio,all,0
2026-08-24_12-23-14-416053_earlyRefresh,earlyRefresh,high-skew-zipf,1787574286.416000,91.999947,failed_request_ratio,all,0
2026-08-24_12-23-14-416053_earlyRefresh,earlyRefresh,high-skew-zipf,1787574287.416000,92.999947,failed_request_ratio,all,0
2026-08-24_12-23-14-416053_earlyRefresh,earlyRefresh,high-skew-zipf,1787574288.416000,93.999947,failed_request_ratio,all,0
2026-08-24_12-23-14-416053_earlyRefresh,earlyRefresh,high-skew-zipf,1787574289.416000,94.999947,failed_request_ratio,all,0
2026-08-24_12-23-14-416053_earlyRefresh,earlyRefresh,high-skew-zipf,1787574290.416000,95.999947,failed_request_ratio,all,0
2026-08-24_12-23-14-416053_earlyRefresh,earlyRefresh,high-skew-zipf,1787574291.416000,96.999947,failed_request_ratio,all,0
2026-08-24_12-23-14-416053_earlyRefresh,earlyRefresh,high-skew-zipf,1787574292.416000,97.999947,failed_request_ratio,all,0
2026-08-24_12-23-14-416053_earlyRefresh,earlyRefresh,high-skew-zipf,1787574293.416000,98.999947,failed_request_ratio,all,0
2026-08-24_12-23-14-416053_earlyRefresh,earlyRefresh,high-skew-zipf,1787574294.416000,99.999947,failed_request_ratio,all,0
2026-08-24_12-23-14-416053_earlyRefresh,earlyRefresh,high-skew-zipf,1787574295.416000,100.999947,failed_request_ratio,all,0
2026-08-24_12-23-14-416053_earlyRefresh,earlyRefresh,high-skew-zipf,1787574296.416000,101.999947,failed_request_ratio,all,0
2026-08-24_12-23-14-416053_earlyRefresh,earlyRefresh,high-skew-zipf,1787574297.416000,102.999947,failed_request_ratio,all,0
2026-08-24_12-23-14-416053_earlyRefresh,earlyRefresh,high-skew-zipf,1787574298.416000,103.999947,failed_request_ratio,all,0
2026-08-24_12-23-14-416053_earlyRefresh,earlyRefresh,high-skew-zipf,1787574299.416000,104.999947,failed_request_ratio,all,0
2026-08-24_12-23-14-416053_earlyRefresh,earlyRefresh,high-skew-zipf,1787574300.416000,105.999947,failed_request_ratio,all,0
2026-08-24_12-23-14-416053_earlyRefresh,earlyRefresh,high-skew-zipf,1787574301.416000,106.999947,failed_request_ratio,all,0
2026-08-24_12-23-14-416053_earlyRefresh,earlyRefresh,high-skew-zipf,1787574302.416000,107.999947,failed_request_ratio,all,0
2026-08-24_12-23-14-416053_earlyRefresh,earlyRefresh,high-skew-zipf,1787574303.416000,108.999947,failed_request_ratio,all,0
2026-08-24_12-23-14-416053_earlyRefresh,earlyRefresh,high-skew-zipf,1787574304.416000,109.999947,failed_request_ratio,all,0
2026-08-24_12-23-14-416053_earlyRefresh,earlyRefresh,high-skew-zipf,1787574305.416000,110.999947,failed_request_ratio,all,0
2026-08-24_12-23-14-416053_earlyRefresh,earlyRefresh,high-skew-zipf,1787574306.416000,111.999947,failed_request_ratio,all,0
2026-08-24_12-23-14-416053_earlyRefresh,earlyRefresh,high-skew-zipf,1787574307.416000,112.999947,failed_request_ratio,all,0
2026-08-24_12-23-14-416053_earlyRefresh,earlyRefresh,high-skew-zipf,1787574308.416000,113.999947,failed_request_ratio,all,0
2026-08-24_12-23-14-416053_earlyRefresh,earlyRefresh,high-skew-zipf,1787574309.416000,114.999947,failed_request_ratio,all,0
2026-08-24_12-23-14-416053_earlyRefresh,earlyRefresh,high-skew-zipf,1787574310.416000,115.999947,failed_request_ratio,all,0
2026-08-24_12-23-14-416053_earlyRefresh,earlyRefresh,high-skew-zipf,1787574311.416000,116.999947,failed_request_ratio,all,0
2026-08-24_12-23-14-416053_earlyRefresh,earlyRefresh,high-skew-zipf,1787574312.416000,117.999947,failed_request_ratio,all,0
2026-08-24_12-23-14-416053_earlyRefresh,earlyRefresh,high-skew-zipf,1787574313.416000,118.999947,failed_request_ratio,all,0
2026-08-24_12-23-14-416053_earlyRefresh,earlyRefresh,high-skew-zipf,1787574314.416000,119.999947,failed_request_ratio,all,0
2026-08-24_12-23-14-416053_earlyRefresh,earlyRefresh,high-skew-zipf,1787574315.416000,120.999947,failed_request_ratio,all,0
2026-08-24_12-23-14-416053_earlyRefresh,earlyRefresh,high-skew-zipf,1787574316.416000,121.999947,failed_request_ratio,all,0
2026-08-24_12-23-14-416053_earlyRefresh,earlyRefresh,high-skew-zipf,1787574317.416000,122.999947,failed_request_ratio,all,0
2026-08-24_12-23-14-416053_earlyRefresh,earlyRefresh,high-skew-zipf,1787574318.416000,123.999947,failed_request_ratio,all,0
2026-08-24_12-23-14-416053_earlyRefresh,earlyRefresh,high-skew-zipf,1787574319.416000,124.999947,failed_request_ratio,all,0
2026-08-24_12-23-14-416053_earlyRefresh,earlyRefresh,high-skew-zipf,1787574320.416000,125.999947,failed_request_ratio,all,0
2026-08-24_12-23-14-416053_earlyRefresh,earlyRefresh,high-skew-zipf,1787574321.416000,126.999947,failed_request_ratio,all,0
2026-08-24_12-23-14-416053_earlyRefresh,earlyRefresh,high-skew-zipf,1787574322.416000,127.999947,failed_request_ratio,all,0
2026-08-24_12-23-14-416053_earlyRefresh,earlyRefresh,high-skew-zipf,1787574323.416000,128.999947,failed_request_ratio,all,0
2026-08-24_12-23-14-416053_earlyRefresh,earlyRefresh,high-skew-zipf,1787574324.416000,129.999947,failed_request_ratio,all,0
2026-08-24_12-23-14-416053_earlyRefresh,earlyRefresh,high-skew-zipf,1787574325.416000,130.999947,failed_request_ratio,all,0
2026-08-24_12-23-14-416053_earlyRefresh,earlyRefresh,high-skew-zipf,1787574326.416000,131.999947,failed_request_ratio,all,0
2026-08-24_12-23-14-416053_earlyRefresh,earlyRefresh,high-skew-zipf,1787574327.416000,132.999947,failed_request_ratio,all,0
2026-08-24_12-23-14-416053_earlyRefresh,earlyRefresh,high-skew-zipf,1787574328.416000,133.999947,failed_request_ratio,all,0
2026-08-24_12-23-14-416053_earlyRefresh,earlyRefresh,high-skew-zipf,1787574329.416000,134.999947,failed_request_ratio,all,0
2026-08-24_12-23-14-416053_earlyRefresh,earlyRefresh,high-skew-zipf,1787574330.416000,135.999947,failed_request_ratio,all,0
2026-08-24_12-23-14-416053_earlyRefresh,earlyRefresh,high-skew-zipf,1787574331.416000,136.999947,failed_request_ratio,all,0
2026-08-24_12-23-14-416053_earlyRefresh,earlyRefresh,high-skew-zipf,1787574332.416000,137.999947,failed_request_ratio,all,0
2026-08-24_12-23-14-416053_earlyRefresh,earlyRefresh,high-skew-zipf,1787574333.416000,138.999947,failed_request_ratio,all,0
2026-08-24_12-23-14-416053_earlyRefresh,earlyRefresh,high-skew-zipf,1787574334.416000,139.999947,failed_request_ratio,all,0
2026-08-24_12-23-14-416053_earlyRefresh,earlyRefresh,high-skew-zipf,1787574335.416000,140.999947,failed_request_ratio,all,0
2026-08-24_12-23-14-416053_earlyRefresh,earlyRefresh,high-skew-zipf,1787574336.416000,141.999947,failed_request_ratio,all,0
2026-08-24_12-23-14-416053_earlyRefresh,earlyRefresh,high-skew-zipf,1787574337.416000,142.999947,failed_request_ratio,all,0
2026-08-24_12-23-14-416053_earlyRefresh,earlyRefresh,high-skew-zipf,1787574338.416000,143.999947,failed_request_ratio,all,0
2026-08-24_12-23-14-416053_earlyRefresh,earlyRefresh,high-skew-zipf,1787574339.416000,144.999947,failed_request_ratio,all,0
2026-08-24_12-23-14-416053_earlyRefresh,earlyRefresh,high-skew-zipf,1787574340.416000,145.999947,failed_request_ratio,all,0
2026-08-24_12-23-14-416053_earlyRefresh,earlyRefresh,high-skew-zipf,1787574341.416000,146.999947,failed_request_ratio,all,0
2026-08-24_12-23-14-416053_earlyRefresh,earlyRefresh,high-skew-zipf,1787574342.416000,147.999947,failed_request_ratio,all,0
2026-08-24_12-23-14-416053_earlyRefresh,earlyRefresh,high-skew-zipf,1787574343.416000,148.999947,failed_request_ratio,all,0
2026-08-24_12-23-14-416053_earlyRefresh,earlyRefresh,high-skew-zipf,1787574344.416000,149.999947,failed_request_ratio,all,0
2026-08-24_12-23-14-416053_earlyRefresh,earlyRefresh,high-skew-zipf,1787574345.416000,150.999947,failed_request_ratio,all,0
2026-08-24_12-23-14-416053_earlyRefresh,earlyRefresh,high-skew-zipf,1787574346.416000,151.999947,failed_request_ratio,all,0
2026-08-24_12-23-14-416053_earlyRefresh,earlyRefresh,high-skew-zipf,1787574347.416000,152.999947,failed_request_ratio,all,0
2026-08-24_12-23-14-416053_earlyRefresh,earlyRefresh,high-skew-zipf,1787574348.416000,153.999947,failed_request_ratio,all,0
2026-08-24_12-23-14-416053_earlyRefresh,earlyRefresh,high-skew-zipf,1787574349.416000,154.999947,failed_request_ratio,all,0
2026-08-24_12-23-14-416053_earlyRefresh,earlyRefresh,high-skew-zipf,1787574350.416000,155.999947,failed_request_ratio,all,0
2026-08-24_12-23-14-416053_earlyRefresh,earlyRefresh,high-skew-zipf,1787574351.416000,156.999947,failed_request_ratio,all,0
2026-08-24_12-23-14-416053_earlyRefresh,earlyRefresh,high-skew-zipf,1787574352.416000,157.999947,failed_request_ratio,all,0
2026-08-24_12-23-14-416053_earlyRefresh,earlyRefresh,high-skew-zipf,1787574353.416000,158.999947,failed_request_ratio,all,0
2026-08-24_12-23-14-416053_earlyRefresh,earlyRefresh,high-skew-zipf,1787574354.416000,159.999947,failed_request_ratio,all,0
2026-08-24_12-23-14-416053_earlyRefresh,earlyRefresh,high-skew-zipf,1787574355.416000,160.999947,failed_request_ratio,all,0
2026-08-24_12-23-14-416053_earlyRefresh,earlyRefresh,high-skew-zipf,1787574356.416000,161.999947,failed_request_ratio,all,0
2026-08-24_12-23-14-416053_earlyRefresh,earlyRefresh,high-skew-zipf,1787574357.416000,162.999947,failed_request_ratio,all,0
2026-08-24_12-23-14-416053_earlyRefresh,earlyRefresh,high-skew-zipf,1787574358.416000,163.999947,failed_request_ratio,all,0
2026-08-24_12-23-14-416053_earlyRefresh,earlyRefresh,high-skew-zipf,1787574359.416000,164.999947,failed_request_ratio,all,0
2026-08-24_12-23-14-416053_earlyRefresh,earlyRefresh,high-skew-zipf,1787574360.416000,165.999947,failed_request_ratio,all,0
2026-08-24_12-23-14-416053_earlyRefresh,earlyRefresh,high-skew-zipf,1787574361.416000,166.999947,failed_request_ratio,all,0
2026-08-24_12-23-14-416053_earlyRefresh,earlyRefresh,high-skew-zipf,1787574362.416000,167.999947,failed_request_ratio,all,0
2026-08-24_12-23-14-416053_earlyRefresh,earlyRefresh,high-skew-zipf,1787574363.416000,168.999947,failed_request_ratio,all,0
2026-08-24_12-23-14-416053_earlyRefresh,earlyRefresh,high-skew-zipf,1787574364.416000,169.999947,failed_request_ratio,all,0
2026-08-24_12-23-14-416053_earlyRefresh,earlyRefresh,high-skew-zipf,1787574365.416000,170.999947,failed_request_ratio,all,0
2026-08-24_12-23-14-416053_earlyRefresh,earlyRefresh,high-skew-zipf,1787574366.416000,171.999947,failed_request_ratio,all,0
2026-08-24_12-23-14-416053_earlyRefresh,earlyRefresh,high-skew-zipf,1787574367.416000,172.999947,failed_request_ratio,all,0
2026-08-24_12-23-14-416053_earlyRefresh,earlyRefresh,high-skew-zipf,1787574368.416000,173.999947,failed_request_ratio,all,0
2026-08-24_12-23-14-416053_earlyRefresh,earlyRefresh,high-skew-zipf,1787574369.416000,174.999947,failed_request_ratio,all,0
2026-08-24_12-23-14-416053_earlyRefresh,earlyRefresh,high-skew-zipf,1787574370.416000,175.999947,failed_request_ratio,all,0
2026-08-24_12-23-14-416053_earlyRefresh,earlyRefresh,high-skew-zipf,1787574371.416000,176.999947,failed_request_ratio,all,0
2026-08-24_12-23-14-416053_earlyRefresh,earlyRefresh,high-skew-zipf,1787574372.416000,177.999947,failed_request_ratio,all,0
2026-08-24_12-23-14-416053_earlyRefresh,earlyRefresh,high-skew-zipf,1787574373.416000,178.999947,failed_request_ratio,all,0
2026-08-24_12-23-14-416053_earlyRefresh,earlyRefresh,high-skew-zipf,1787574374.416000,179.999947,failed_request_ratio,all,0
2026-08-24_12-23-14-416053_earlyRefresh,earlyRefresh,high-skew-zipf,1787574375.416000,180.999947,failed_request_ratio,all,0
2026-08-24_12-23-14-416053_earlyRefresh,earlyRefresh,high-skew-zipf,1787574376.416000,181.999947,failed_request_ratio,all,0
2026-08-24_12-23-14-416053_earlyRefresh,earlyRefresh,high-skew-zipf,1787574377.416000,182.999947,failed_request_ratio,all,0
2026-08-24_12-23-14-416053_earlyRefresh,earlyRefresh,high-skew-zipf,1787574378.416000,183.999947,failed_request_ratio,all,0
2026-08-24_12-23-14-416053_earlyRefresh,earlyRefresh,high-skew-zipf,1787574379.416000,184.999947,failed_request_ratio,all,0
2026-08-24_12-23-14-416053_earlyRefresh,earlyRefresh,high-skew-zipf,1787574380.416000,185.999947,failed_request_ratio,all,0
2026-08-24_12-23-14-416053_earlyRefresh,earlyRefresh,high-skew-zipf,1787574381.416000,186.999947,failed_request_ratio,all,0
2026-08-24_12-23-14-416053_earlyRefresh,earlyRefresh,high-skew-zipf,1787574382.416000,187.999947,failed_request_ratio,all,0
2026-08-24_12-23-14-416053_earlyRefresh,earlyRefresh,high-skew-zipf,1787574383.416000,188.999947,failed_request_ratio,all,0
2026-08-24_12-23-14-416053_earlyRefresh,earlyRefresh,high-skew-zipf,1787574384.416000,189.999947,failed_request_ratio,all,0
2026-08-24_12-23-14-416053_earlyRefresh,earlyRefresh,high-skew-zipf,1787574385.416000,190.999947,failed_request_ratio,all,0
2026-08-24_12-23-14-416053_earlyRefresh,earlyRefresh,high-skew-zipf,1787574386.416000,191.999947,failed_request_ratio,all,0
2026-08-24_12-23-14-416053_earlyRefresh,earlyRefresh,high-skew-zipf,1787574387.416000,192.999947,failed_request_ratio,all,0
2026-08-24_12-23-14-416053_earlyRefresh,earlyRefresh,high-skew-zipf,1787574388.416000,193.999947,failed_request_ratio,all,0
2026-08-24_12-23-14-416053_earlyRefresh,earlyRefresh,high-skew-zipf,1787574389.416000,194.999947,failed_request_ratio,all,0
2026-08-24_12-23-14-416053_earlyRefresh,earlyRefresh,high-skew-zipf,1787574390.416000,195.999947,failed_request_ratio,all,0
2026-08-24_12-23-14-416053_earlyRefresh,earlyRefresh,high-skew-zipf,1787574391.416000,196.999947,failed_request_ratio,all,0
2026-08-24_12-23-14-416053_earlyRefresh,earlyRefresh,high-skew-zipf,1787574392.416000,197.999947,failed_request_ratio,all,0
2026-08-24_12-23-14-416053_earlyRefresh,earlyRefresh,high-skew-zipf,1787574393.416000,198.999947,failed_request_ratio,all,0
2026-08-24_12-23-14-416053_earlyRefresh,earlyRefresh,high-skew-zipf,1787574394.416000,199.999947,failed_request_ratio,all,0
2026-08-24_12-23-14-416053_earlyRefresh,earlyRefresh,high-skew-zipf,1787574395.416000,200.999947,failed_request_ratio,all,0
2026-08-24_12-23-14-416053_earlyRefresh,earlyRefresh,high-skew-zipf,1787574396.416000,201.999947,failed_request_ratio,all,0
2026-08-24_12-23-14-416053_earlyRefresh,earlyRefresh,high-skew-zipf,1787574397.416000,202.999947,failed_request_ratio,all,0
2026-08-24_12-23-14-416053_earlyRefresh,earlyRefresh,high-skew-zipf,1787574398.416000,203.999947,failed_request_ratio,all,0
2026-08-24_12-23-14-416053_earlyRefresh,earlyRefresh,high-skew-zipf,1787574399.416000,204.999947,failed_request_ratio,all,0
2026-08-24_12-23-14-416053_earlyRefresh,earlyRefresh,high-skew-zipf,1787574400.416000,205.999947,failed_request_ratio,all,0
2026-08-24_12-23-14-416053_earlyRefresh,earlyRefresh,high-skew-zipf,1787574401.416000,206.999947,failed_request_ratio,all,0
2026-08-24_12-23-14-416053_earlyRefresh,earlyRefresh,high-skew-zipf,1787574402.416000,207.999947,failed_request_ratio,all,0
2026-08-24_12-23-14-416053_earlyRefresh,earlyRefresh,high-skew-zipf,1787574403.416000,208.999947,failed_request_ratio,all,0
2026-08-24_12-23-14-416053_earlyRefresh,earlyRefresh,high-skew-zipf,1787574404.416000,209.999947,failed_request_ratio,all,0
2026-08-24_12-23-14-416053_earlyRefresh,earlyRefresh,high-skew-zipf,1787574405.416000,210.999947,failed_request_ratio,all,0
2026-08-24_12-23-14-416053_earlyRefresh,earlyRefresh,high-skew-zipf,1787574406.416000,211.999947,failed_request_ratio,all,0
2026-08-24_12-23-14-416053_earlyRefresh,earlyRefresh,high-skew-zipf,1787574407.416000,212.999947,failed_request_ratio,all,0
2026-08-24_12-23-14-416053_earlyRefresh,earlyRefresh,high-skew-zipf,1787574408.416000,213.999947,failed_request_ratio,all,0
2026-08-24_12-23-14-416053_earlyRefresh,earlyRefresh,high-skew-zipf,1787574409.416000,214.999947,failed_request_ratio,all,0
2026-08-24_12-23-14-416053_earlyRefresh,earlyRefresh,high-skew-zipf,1787574410.416000,215.999947,failed_request_ratio,all,0
2026-08-24_12-23-14-416053_earlyRefresh,earlyRefresh,high-skew-zipf,1787574411.416000,216.999947,failed_request_ratio,all,0
2026-08-24_12-23-14-416053_earlyRefresh,earlyRefresh,high-skew-zipf,1787574412.416000,217.999947,failed_request_ratio,all,0
2026-08-24_12-23-14-416053_earlyRefresh,earlyRefresh,high-skew-zipf,1787574413.416000,218.999947,failed_request_ratio,all,0
2026-08-24_12-23-14-416053_earlyRefresh,earlyRefresh,high-skew-zipf,1787574414.416000,219.999947,failed_request_ratio,all,0
2026-08-24_12-23-14-416053_earlyRefresh,earlyRefresh,high-skew-zipf,1787574415.416000,220.999947,failed_request_ratio,all,0
2026-08-24_12-23-14-416053_earlyRefresh,earlyRefresh,high-skew-zipf,1787574416.416000,221.999947,failed_request_ratio,all,0
2026-08-24_12-23-14-416053_earlyRefresh,earlyRefresh,high-skew-zipf,1787574417.416000,222.999947,failed_request_ratio,all,0
2026-08-24_12-23-14-416053_earlyRefresh,earlyRefresh,high-skew-zipf,1787574418.416000,223.999947,failed_request_ratio,all,0
2026-08-24_12-23-14-416053_earlyRefresh,earlyRefresh,high-skew-zipf,1787574419.416000,224.999947,failed_request_ratio,all,0
2026-08-24_12-23-14-416053_earlyRefresh,earlyRefresh,high-skew-zipf,1787574420.416000,225.999947,failed_request_ratio,all,0
2026-08-24_12-23-14-416053_earlyRefresh,earlyRefresh,high-skew-zipf,1787574421.416000,226.999947,failed_request_ratio,all,0
2026-08-24_12-23-14-416053_earlyRefresh,earlyRefresh,high-skew-zipf,1787574422.416000,227.999947,failed_request_ratio,all,0
2026-08-24_12-23-14-416053_earlyRefresh,earlyRefresh,high-skew-zipf,1787574423.416000,228.999947,failed_request_ratio,all,0
2026-08-24_12-23-14-416053_earlyRefresh,earlyRefresh,high-skew-zipf,1787574424.416000,229.999947,failed_request_ratio,all,0
2026-08-24_12-23-14-416053_earlyRefresh,earlyRefresh,high-skew-zipf,1787574425.416000,230.999947,failed_request_ratio,all,0
2026-08-24_12-23-14-416053_earlyRefresh,earlyRefresh,high-skew-zipf,1787574426.416000,231.999947,failed_request_ratio,all,0
2026-08-24_12-23-14-416053_earlyRefresh,earlyRefresh,high-skew-zipf,1787574427.416000,232.999947,failed_request_ratio,all,0
2026-08-24_12-23-14-416053_earlyRefresh,earlyRefresh,high-skew-zipf,1787574428.416000,233.999947,failed_request_ratio,all,0
2026-08-24_12-23-14-416053_earlyRefresh,earlyRefresh,high-skew-zipf,1787574429.416000,234.999947,failed_request_ratio,all,0
2026-08-24_12-23-14-416053_earlyRefresh,earlyRefresh,high-skew-zipf,1787574430.416000,235.999947,failed_request_ratio,all,0
2026-08-24_12-23-14-416053_earlyRefresh,earlyRefresh,high-skew-zipf,1787574431.416000,236.999947,failed_request_ratio,all,0
2026-08-24_12-23-14-416053_earlyRefresh,earlyRefresh,high-skew-zipf,1787574432.416000,237.999947,failed_request_ratio,all,0
2026-08-24_12-23-14-416053_earlyRefresh,earlyRefresh,high-skew-zipf,1787574433.416000,238.999947,failed_request_ratio,all,0
2026-08-24_12-23-14-416053_earlyRefresh,earlyRefresh,high-skew-zipf,1787574434.416000,239.999947,failed_request_ratio,all,0
2026-08-24_12-23-14-416053_earlyRefresh,earlyRefresh,high-skew-zipf,1787574194.416000,-0.000053,singleflight_waiting_requests,all,0
2026-08-24_12-23-14-416053_earlyRefresh,earlyRefresh,high-skew-zipf,1787574195.416000,0.999947,singleflight_waiting_requests,all,0
2026-08-24_12-23-14-416053_earlyRefresh,earlyRefresh,high-skew-zipf,1787574196.416000,1.999947,singleflight_waiting_requests,all,0
2026-08-24_12-23-14-416053_earlyRefresh,earlyRefresh,high-skew-zipf,1787574197.416000,2.999947,singleflight_waiting_requests,all,0
2026-08-24_12-23-14-416053_earlyRefresh,earlyRefresh,high-skew-zipf,1787574198.416000,3.999947,singleflight_waiting_requests,all,0
2026-08-24_12-23-14-416053_earlyRefresh,earlyRefresh,high-skew-zipf,1787574199.416000,4.999947,singleflight_waiting_requests,all,0
2026-08-24_12-23-14-416053_earlyRefresh,earlyRefresh,high-skew-zipf,1787574200.416000,5.999947,singleflight_waiting_requests,all,0
2026-08-24_12-23-14-416053_earlyRefresh,earlyRefresh,high-skew-zipf,1787574201.416000,6.999947,singleflight_waiting_requests,all,0
2026-08-24_12-23-14-416053_earlyRefresh,earlyRefresh,high-skew-zipf,1787574202.416000,7.999947,singleflight_waiting_requests,all,0
2026-08-24_12-23-14-416053_earlyRefresh,earlyRefresh,high-skew-zipf,1787574203.416000,8.999947,singleflight_waiting_requests,all,0
2026-08-24_12-23-14-416053_earlyRefresh,earlyRefresh,high-skew-zipf,1787574204.416000,9.999947,singleflight_waiting_requests,all,0
2026-08-24_12-23-14-416053_earlyRefresh,earlyRefresh,high-skew-zipf,1787574205.416000,10.999947,singleflight_waiting_requests,all,0
2026-08-24_12-23-14-416053_earlyRefresh,earlyRefresh,high-skew-zipf,1787574206.416000,11.999947,singleflight_waiting_requests,all,0
2026-08-24_12-23-14-416053_earlyRefresh,earlyRefresh,high-skew-zipf,1787574207.416000,12.999947,singleflight_waiting_requests,all,0
2026-08-24_12-23-14-416053_earlyRefresh,earlyRefresh,high-skew-zipf,1787574208.416000,13.999947,singleflight_waiting_requests,all,0
2026-08-24_12-23-14-416053_earlyRefresh,earlyRefresh,high-skew-zipf,1787574209.416000,14.999947,singleflight_waiting_requests,all,0
2026-08-24_12-23-14-416053_earlyRefresh,earlyRefresh,high-skew-zipf,1787574210.416000,15.999947,singleflight_waiting_requests,all,0
2026-08-24_12-23-14-416053_earlyRefresh,earlyRefresh,high-skew-zipf,1787574211.416000,16.999947,singleflight_waiting_requests,all,0
2026-08-24_12-23-14-416053_earlyRefresh,earlyRefresh,high-skew-zipf,1787574212.416000,17.999947,singleflight_waiting_requests,all,0
2026-08-24_12-23-14-416053_earlyRefresh,earlyRefresh,high-skew-zipf,1787574213.416000,18.999947,singleflight_waiting_requests,all,0
2026-08-24_12-23-14-416053_earlyRefresh,earlyRefresh,high-skew-zipf,1787574214.416000,19.999947,singleflight_waiting_requests,all,0
2026-08-24_12-23-14-416053_earlyRefresh,earlyRefresh,high-skew-zipf,1787574215.416000,20.999947,singleflight_waiting_requests,all,0
2026-08-24_12-23-14-416053_earlyRefresh,earlyRefresh,high-skew-zipf,1787574216.416000,21.999947,singleflight_waiting_requests,all,0
2026-08-24_12-23-14-416053_earlyRefresh,earlyRefresh,high-skew-zipf,1787574217.416000,22.999947,singleflight_waiting_requests,all,0
2026-08-24_12-23-14-416053_earlyRefresh,earlyRefresh,high-skew-zipf,1787574218.416000,23.999947,singleflight_waiting_requests,all,0
2026-08-24_12-23-14-416053_earlyRefresh,earlyRefresh,high-skew-zipf,1787574219.416000,24.999947,singleflight_waiting_requests,all,0
2026-08-24_12-23-14-416053_earlyRefresh,earlyRefresh,high-skew-zipf,1787574220.416000,25.999947,singleflight_waiting_requests,all,0
2026-08-24_12-23-14-416053_earlyRefresh,earlyRefresh,high-skew-zipf,1787574221.416000,26.999947,singleflight_waiting_requests,all,0
2026-08-24_12-23-14-416053_earlyRefresh,earlyRefresh,high-skew-zipf,1787574222.416000,27.999947,singleflight_waiting_requests,all,0
2026-08-24_12-23-14-416053_earlyRefresh,earlyRefresh,high-skew-zipf,1787574223.416000,28.999947,singleflight_waiting_requests,all,0
2026-08-24_12-23-14-416053_earlyRefresh,earlyRefresh,high-skew-zipf,1787574224.416000,29.999947,singleflight_waiting_requests,all,0
2026-08-24_12-23-14-416053_earlyRefresh,earlyRefresh,high-skew-zipf,1787574225.416000,30.999947,singleflight_waiting_requests,all,0
2026-08-24_12-23-14-416053_earlyRefresh,earlyRefresh,high-skew-zipf,1787574226.416000,31.999947,singleflight_waiting_requests,all,0
2026-08-24_12-23-14-416053_earlyRefresh,earlyRefresh,high-skew-zipf,1787574227.416000,32.999947,singleflight_waiting_requests,all,0
2026-08-24_12-23-14-416053_earlyRefresh,earlyRefresh,high-skew-zipf,1787574228.416000,33.999947,singleflight_waiting_requests,all,0
2026-08-24_12-23-14-416053_earlyRefresh,earlyRefresh,high-skew-zipf,1787574229.416000,34.999947,singleflight_waiting_requests,all,0
2026-08-24_12-23-14-416053_earlyRefresh,earlyRefresh,high-skew-zipf,1787574230.416000,35.999947,singleflight_waiting_requests,all,0
2026-08-24_12-23-14-416053_earlyRefresh,earlyRefresh,high-skew-zipf,1787574231.416000,36.999947,singleflight_waiting_requests,all,0
2026-08-24_12-23-14-416053_earlyRefresh,earlyRefresh,high-skew-zipf,1787574232.416000,37.999947,singleflight_waiting_requests,all,0
2026-08-24_12-23-14-416053_earlyRefresh,earlyRefresh,high-skew-zipf,1787574233.416000,38.999947,singleflight_waiting_requests,all,0
2026-08-24_12-23-14-416053_earlyRefresh,earlyRefresh,high-skew-zipf,1787574234.416000,39.999947,singleflight_waiting_requests,all,0
2026-08-24_12-23-14-416053_earlyRefresh,earlyRefresh,high-skew-zipf,1787574235.416000,40.999947,singleflight_waiting_requests,all,0
2026-08-24_12-23-14-416053_earlyRefresh,earlyRefresh,high-skew-zipf,1787574236.416000,41.999947,singleflight_waiting_requests,all,0
2026-08-24_12-23-14-416053_earlyRefresh,earlyRefresh,high-skew-zipf,1787574237.416000,42.999947,singleflight_waiting_requests,all,0
2026-08-24_12-23-14-416053_earlyRefresh,earlyRefresh,high-skew-zipf,1787574238.416000,43.999947,singleflight_waiting_requests,all,0
2026-08-24_12-23-14-416053_earlyRefresh,earlyRefresh,high-skew-zipf,1787574239.416000,44.999947,singleflight_waiting_requests,all,0
2026-08-24_12-23-14-416053_earlyRefresh,earlyRefresh,high-skew-zipf,1787574240.416000,45.999947,singleflight_waiting_requests,all,0
2026-08-24_12-23-14-416053_earlyRefresh,earlyRefresh,high-skew-zipf,1787574241.416000,46.999947,singleflight_waiting_requests,all,0
2026-08-24_12-23-14-416053_earlyRefresh,earlyRefresh,high-skew-zipf,1787574242.416000,47.999947,singleflight_waiting_requests,all,0
2026-08-24_12-23-14-416053_earlyRefresh,earlyRefresh,high-skew-zipf,1787574243.416000,48.999947,singleflight_waiting_requests,all,0
2026-08-24_12-23-14-416053_earlyRefresh,earlyRefresh,high-skew-zipf,1787574244.416000,49.999947,singleflight_waiting_requests,all,0
2026-08-24_12-23-14-416053_earlyRefresh,earlyRefresh,high-skew-zipf,1787574245.416000,50.999947,singleflight_waiting_requests,all,0
2026-08-24_12-23-14-416053_earlyRefresh,earlyRefresh,high-skew-zipf,1787574246.416000,51.999947,singleflight_waiting_requests,all,0
2026-08-24_12-23-14-416053_earlyRefresh,earlyRefresh,high-skew-zipf,1787574247.416000,52.999947,singleflight_waiting_requests,all,0
2026-08-24_12-23-14-416053_earlyRefresh,earlyRefresh,high-skew-zipf,1787574248.416000,53.999947,singleflight_waiting_requests,all,0
2026-08-24_12-23-14-416053_earlyRefresh,earlyRefresh,high-skew-zipf,1787574249.416000,54.999947,singleflight_waiting_requests,all,0
2026-08-24_12-23-14-416053_earlyRefresh,earlyRefresh,high-skew-zipf,1787574250.416000,55.999947,singleflight_waiting_requests,all,0
2026-08-24_12-23-14-416053_earlyRefresh,earlyRefresh,high-skew-zipf,1787574251.416000,56.999947,singleflight_waiting_requests,all,0
2026-08-24_12-23-14-416053_earlyRefresh,earlyRefresh,high-skew-zipf,1787574252.416000,57.999947,singleflight_waiting_requests,all,0
2026-08-24_12-23-14-416053_earlyRefresh,earlyRefresh,high-skew-zipf,1787574253.416000,58.999947,singleflight_waiting_requests,all,0
2026-08-24_12-23-14-416053_earlyRefresh,earlyRefresh,high-skew-zipf,1787574254.416000,59.999947,singleflight_waiting_requests,all,0
2026-08-24_12-23-14-416053_earlyRefresh,earlyRefresh,high-skew-zipf,1787574255.416000,60.999947,singleflight_waiting_requests,all,0
2026-08-24_12-23-14-416053_earlyRefresh,earlyRefresh,high-skew-zipf,1787574256.416000,61.999947,singleflight_waiting_requests,all,0
2026-08-24_12-23-14-416053_earlyRefresh,earlyRefresh,high-skew-zipf,1787574257.416000,62.999947,singleflight_waiting_requests,all,0
2026-08-24_12-23-14-416053_earlyRefresh,earlyRefresh,high-skew-zipf,1787574258.416000,63.999947,singleflight_waiting_requests,all,0
2026-08-24_12-23-14-416053_earlyRefresh,earlyRefresh,high-skew-zipf,1787574259.416000,64.999947,singleflight_waiting_requests,all,0
2026-08-24_12-23-14-416053_earlyRefresh,earlyRefresh,high-skew-zipf,1787574260.416000,65.999947,singleflight_waiting_requests,all,0
2026-08-24_12-23-14-416053_earlyRefresh,earlyRefresh,high-skew-zipf,1787574261.416000,66.999947,singleflight_waiting_requests,all,0
2026-08-24_12-23-14-416053_earlyRefresh,earlyRefresh,high-skew-zipf,1787574262.416000,67.999947,singleflight_waiting_requests,all,0
2026-08-24_12-23-14-416053_earlyRefresh,earlyRefresh,high-skew-zipf,1787574263.416000,68.999947,singleflight_waiting_requests,all,0
2026-08-24_12-23-14-416053_earlyRefresh,earlyRefresh,high-skew-zipf,1787574264.416000,69.999947,singleflight_waiting_requests,all,0
2026-08-24_12-23-14-416053_earlyRefresh,earlyRefresh,high-skew-zipf,1787574265.416000,70.999947,singleflight_waiting_requests,all,0
2026-08-24_12-23-14-416053_earlyRefresh,earlyRefresh,high-skew-zipf,1787574266.416000,71.999947,singleflight_waiting_requests,all,0
2026-08-24_12-23-14-416053_earlyRefresh,earlyRefresh,high-skew-zipf,1787574267.416000,72.999947,singleflight_waiting_requests,all,0
2026-08-24_12-23-14-416053_earlyRefresh,earlyRefresh,high-skew-zipf,1787574268.416000,73.999947,singleflight_waiting_requests,all,0
2026-08-24_12-23-14-416053_earlyRefresh,earlyRefresh,high-skew-zipf,1787574269.416000,74.999947,singleflight_waiting_requests,all,0
2026-08-24_12-23-14-416053_earlyRefresh,earlyRefresh,high-skew-zipf,1787574270.416000,75.999947,singleflight_waiting_requests,all,0
2026-08-24_12-23-14-416053_earlyRefresh,earlyRefresh,high-skew-zipf,1787574271.416000,76.999947,singleflight_waiting_requests,all,0
2026-08-24_12-23-14-416053_earlyRefresh,earlyRefresh,high-skew-zipf,1787574272.416000,77.999947,singleflight_waiting_requests,all,0
2026-08-24_12-23-14-416053_earlyRefresh,earlyRefresh,high-skew-zipf,1787574273.416000,78.999947,singleflight_waiting_requests,all,0
2026-08-24_12-23-14-416053_earlyRefresh,earlyRefresh,high-skew-zipf,1787574274.416000,79.999947,singleflight_waiting_requests,all,0
2026-08-24_12-23-14-416053_earlyRefresh,earlyRefresh,high-skew-zipf,1787574275.416000,80.999947,singleflight_waiting_requests,all,0
2026-08-24_12-23-14-416053_earlyRefresh,earlyRefresh,high-skew-zipf,1787574276.416000,81.999947,singleflight_waiting_requests,all,0
2026-08-24_12-23-14-416053_earlyRefresh,earlyRefresh,high-skew-zipf,1787574277.416000,82.999947,singleflight_waiting_requests,all,0
2026-08-24_12-23-14-416053_earlyRefresh,earlyRefresh,high-skew-zipf,1787574278.416000,83.999947,singleflight_waiting_requests,all,0
2026-08-24_12-23-14-416053_earlyRefresh,earlyRefresh,high-skew-zipf,1787574279.416000,84.999947,singleflight_waiting_requests,all,0
2026-08-24_12-23-14-416053_earlyRefresh,earlyRefresh,high-skew-zipf,1787574280.416000,85.999947,singleflight_waiting_requests,all,0
2026-08-24_12-23-14-416053_earlyRefresh,earlyRefresh,high-skew-zipf,1787574281.416000,86.999947,singleflight_waiting_requests,all,0
2026-08-24_12-23-14-416053_earlyRefresh,earlyRefresh,high-skew-zipf,1787574282.416000,87.999947,singleflight_waiting_requests,all,0
2026-08-24_12-23-14-416053_earlyRefresh,earlyRefresh,high-skew-zipf,1787574283.416000,88.999947,singleflight_waiting_requests,all,0
2026-08-24_12-23-14-416053_earlyRefresh,earlyRefresh,high-skew-zipf,1787574284.416000,89.999947,singleflight_waiting_requests,all,0
2026-08-24_12-23-14-416053_earlyRefresh,earlyRefresh,high-skew-zipf,1787574285.416000,90.999947,singleflight_waiting_requests,all,0
2026-08-24_12-23-14-416053_earlyRefresh,earlyRefresh,high-skew-zipf,1787574286.416000,91.999947,singleflight_waiting_requests,all,0
2026-08-24_12-23-14-416053_earlyRefresh,earlyRefresh,high-skew-zipf,1787574287.416000,92.999947,singleflight_waiting_requests,all,0
2026-08-24_12-23-14-416053_earlyRefresh,earlyRefresh,high-skew-zipf,1787574288.416000,93.999947,singleflight_waiting_requests,all,0
2026-08-24_12-23-14-416053_earlyRefresh,earlyRefresh,high-skew-zipf,1787574289.416000,94.999947,singleflight_waiting_requests,all,0
2026-08-24_12-23-14-416053_earlyRefresh,earlyRefresh,high-skew-zipf,1787574290.416000,95.999947,singleflight_waiting_requests,all,0
2026-08-24_12-23-14-416053_earlyRefresh,earlyRefresh,high-skew-zipf,1787574291.416000,96.999947,singleflight_waiting_requests,all,0
2026-08-24_12-23-14-416053_earlyRefresh,earlyRefresh,high-skew-zipf,1787574292.416000,97.999947,singleflight_waiting_requests,all,0
2026-08-24_12-23-14-416053_earlyRefresh,earlyRefresh,high-skew-zipf,1787574293.416000,98.999947,singleflight_waiting_requests,all,0
2026-08-24_12-23-14-416053_earlyRefresh,earlyRefresh,high-skew-zipf,1787574294.416000,99.999947,singleflight_waiting_requests,all,0
2026-08-24_12-23-14-416053_earlyRefresh,earlyRefresh,high-skew-zipf,1787574295.416000,100.999947,singleflight_waiting_requests,all,0
2026-08-24_12-23-14-416053_earlyRefresh,earlyRefresh,high-skew-zipf,1787574296.416000,101.999947,singleflight_waiting_requests,all,0
2026-08-24_12-23-14-416053_earlyRefresh,earlyRefresh,high-skew-zipf,1787574297.416000,102.999947,singleflight_waiting_requests,all,0
2026-08-24_12-23-14-416053_earlyRefresh,earlyRefresh,high-skew-zipf,1787574298.416000,103.999947,singleflight_waiting_requests,all,0
2026-08-24_12-23-14-416053_earlyRefresh,earlyRefresh,high-skew-zipf,1787574299.416000,104.999947,singleflight_waiting_requests,all,0
2026-08-24_12-23-14-416053_earlyRefresh,earlyRefresh,high-skew-zipf,1787574300.416000,105.999947,singleflight_waiting_requests,all,0
2026-08-24_12-23-14-416053_earlyRefresh,earlyRefresh,high-skew-zipf,1787574301.416000,106.999947,singleflight_waiting_requests,all,0
2026-08-24_12-23-14-416053_earlyRefresh,earlyRefresh,high-skew-zipf,1787574302.416000,107.999947,singleflight_waiting_requests,all,0
2026-08-24_12-23-14-416053_earlyRefresh,earlyRefresh,high-skew-zipf,1787574303.416000,108.999947,singleflight_waiting_requests,all,0
2026-08-24_12-23-14-416053_earlyRefresh,earlyRefresh,high-skew-zipf,1787574304.416000,109.999947,singleflight_waiting_requests,all,0
2026-08-24_12-23-14-416053_earlyRefresh,earlyRefresh,high-skew-zipf,1787574305.416000,110.999947,singleflight_waiting_requests,all,0
2026-08-24_12-23-14-416053_earlyRefresh,earlyRefresh,high-skew-zipf,1787574306.416000,111.999947,singleflight_waiting_requests,all,0
2026-08-24_12-23-14-416053_earlyRefresh,earlyRefresh,high-skew-zipf,1787574307.416000,112.999947,singleflight_waiting_requests,all,0
2026-08-24_12-23-14-416053_earlyRefresh,earlyRefresh,high-skew-zipf,1787574308.416000,113.999947,singleflight_waiting_requests,all,0
2026-08-24_12-23-14-416053_earlyRefresh,earlyRefresh,high-skew-zipf,1787574309.416000,114.999947,singleflight_waiting_requests,all,0
2026-08-24_12-23-14-416053_earlyRefresh,earlyRefresh,high-skew-zipf,1787574310.416000,115.999947,singleflight_waiting_requests,all,0
2026-08-24_12-23-14-416053_earlyRefresh,earlyRefresh,high-skew-zipf,1787574311.416000,116.999947,singleflight_waiting_requests,all,0
2026-08-24_12-23-14-416053_earlyRefresh,earlyRefresh,high-skew-zipf,1787574312.416000,117.999947,singleflight_waiting_requests,all,0
2026-08-24_12-23-14-416053_earlyRefresh,earlyRefresh,high-skew-zipf,1787574313.416000,118.999947,singleflight_waiting_requests,all,0
2026-08-24_12-23-14-416053_earlyRefresh,earlyRefresh,high-skew-zipf,1787574314.416000,119.999947,singleflight_waiting_requests,all,0
2026-08-24_12-23-14-416053_earlyRefresh,earlyRefresh,high-skew-zipf,1787574315.416000,120.999947,singleflight_waiting_requests,all,0
2026-08-24_12-23-14-416053_earlyRefresh,earlyRefresh,high-skew-zipf,1787574316.416000,121.999947,singleflight_waiting_requests,all,0
2026-08-24_12-23-14-416053_earlyRefresh,earlyRefresh,high-skew-zipf,1787574317.416000,122.999947,singleflight_waiting_requests,all,0
2026-08-24_12-23-14-416053_earlyRefresh,earlyRefresh,high-skew-zipf,1787574318.416000,123.999947,singleflight_waiting_requests,all,0
2026-08-24_12-23-14-416053_earlyRefresh,earlyRefresh,high-skew-zipf,1787574319.416000,124.999947,singleflight_waiting_requests,all,0
2026-08-24_12-23-14-416053_earlyRefresh,earlyRefresh,high-skew-zipf,1787574320.416000,125.999947,singleflight_waiting_requests,all,0
2026-08-24_12-23-14-416053_earlyRefresh,earlyRefresh,high-skew-zipf,1787574321.416000,126.999947,singleflight_waiting_requests,all,0
2026-08-24_12-23-14-416053_earlyRefresh,earlyRefresh,high-skew-zipf,1787574322.416000,127.999947,singleflight_waiting_requests,all,0
2026-08-24_12-23-14-416053_earlyRefresh,earlyRefresh,high-skew-zipf,1787574323.416000,128.999947,singleflight_waiting_requests,all,0
2026-08-24_12-23-14-416053_earlyRefresh,earlyRefresh,high-skew-zipf,1787574324.416000,129.999947,singleflight_waiting_requests,all,0
2026-08-24_12-23-14-416053_earlyRefresh,earlyRefresh,high-skew-zipf,1787574325.416000,130.999947,singleflight_waiting_requests,all,0
2026-08-24_12-23-14-416053_earlyRefresh,earlyRefresh,high-skew-zipf,1787574326.416000,131.999947,singleflight_waiting_requests,all,0
2026-08-24_12-23-14-416053_earlyRefresh,earlyRefresh,high-skew-zipf,1787574327.416000,132.999947,singleflight_waiting_requests,all,0
2026-08-24_12-23-14-416053_earlyRefresh,earlyRefresh,high-skew-zipf,1787574328.416000,133.999947,singleflight_waiting_requests,all,0
2026-08-24_12-23-14-416053_earlyRefresh,earlyRefresh,high-skew-zipf,1787574329.416000,134.999947,singleflight_waiting_requests,all,0
2026-08-24_12-23-14-416053_earlyRefresh,earlyRefresh,high-skew-zipf,1787574330.416000,135.999947,singleflight_waiting_requests,all,0
2026-08-24_12-23-14-416053_earlyRefresh,earlyRefresh,high-skew-zipf,1787574331.416000,136.999947,singleflight_waiting_requests,all,0
2026-08-24_12-23-14-416053_earlyRefresh,earlyRefresh,high-skew-zipf,1787574332.416000,137.999947,singleflight_waiting_requests,all,0
2026-08-24_12-23-14-416053_earlyRefresh,earlyRefresh,high-skew-zipf,1787574333.416000,138.999947,singleflight_waiting_requests,all,0
2026-08-24_12-23-14-416053_earlyRefresh,earlyRefresh,high-skew-zipf,1787574334.416000,139.999947,singleflight_waiting_requests,all,0
2026-08-24_12-23-14-416053_earlyRefresh,earlyRefresh,high-skew-zipf,1787574335.416000,140.999947,singleflight_waiting_requests,all,0
2026-08-24_12-23-14-416053_earlyRefresh,earlyRefresh,high-skew-zipf,1787574336.416000,141.999947,singleflight_waiting_requests,all,0
2026-08-24_12-23-14-416053_earlyRefresh,earlyRefresh,high-skew-zipf,1787574337.416000,142.999947,singleflight_waiting_requests,all,0
2026-08-24_12-23-14-416053_earlyRefresh,earlyRefresh,high-skew-zipf,1787574338.416000,143.999947,singleflight_waiting_requests,all,0
2026-08-24_12-23-14-416053_earlyRefresh,earlyRefresh,high-skew-zipf,1787574339.416000,144.999947,singleflight_waiting_requests,all,0
2026-08-24_12-23-14-416053_earlyRefresh,earlyRefresh,high-skew-zipf,1787574340.416000,145.999947,singleflight_waiting_requests,all,0
2026-08-24_12-23-14-416053_earlyRefresh,earlyRefresh,high-skew-zipf,1787574341.416000,146.999947,singleflight_waiting_requests,all,0
2026-08-24_12-23-14-416053_earlyRefresh,earlyRefresh,high-skew-zipf,1787574342.416000,147.999947,singleflight_waiting_requests,all,0
2026-08-24_12-23-14-416053_earlyRefresh,earlyRefresh,high-skew-zipf,1787574343.416000,148.999947,singleflight_waiting_requests,all,0
2026-08-24_12-23-14-416053_earlyRefresh,earlyRefresh,high-skew-zipf,1787574344.416000,149.999947,singleflight_waiting_requests,all,0
2026-08-24_12-23-14-416053_earlyRefresh,earlyRefresh,high-skew-zipf,1787574345.416000,150.999947,singleflight_waiting_requests,all,0
2026-08-24_12-23-14-416053_earlyRefresh,earlyRefresh,high-skew-zipf,1787574346.416000,151.999947,singleflight_waiting_requests,all,0
2026-08-24_12-23-14-416053_earlyRefresh,earlyRefresh,high-skew-zipf,1787574347.416000,152.999947,singleflight_waiting_requests,all,0
2026-08-24_12-23-14-416053_earlyRefresh,earlyRefresh,high-skew-zipf,1787574348.416000,153.999947,singleflight_waiting_requests,all,0
2026-08-24_12-23-14-416053_earlyRefresh,earlyRefresh,high-skew-zipf,1787574349.416000,154.999947,singleflight_waiting_requests,all,0
2026-08-24_12-23-14-416053_earlyRefresh,earlyRefresh,high-skew-zipf,1787574350.416000,155.999947,singleflight_waiting_requests,all,0
2026-08-24_12-23-14-416053_earlyRefresh,earlyRefresh,high-skew-zipf,1787574351.416000,156.999947,singleflight_waiting_requests,all,0
2026-08-24_12-23-14-416053_earlyRefresh,earlyRefresh,high-skew-zipf,1787574352.416000,157.999947,singleflight_waiting_requests,all,0
2026-08-24_12-23-14-416053_earlyRefresh,earlyRefresh,high-skew-zipf,1787574353.416000,158.999947,singleflight_waiting_requests,all,0
2026-08-24_12-23-14-416053_earlyRefresh,earlyRefresh,high-skew-zipf,1787574354.416000,159.999947,singleflight_waiting_requests,all,0
2026-08-24_12-23-14-416053_earlyRefresh,earlyRefresh,high-skew-zipf,1787574355.416000,160.999947,singleflight_waiting_requests,all,0
2026-08-24_12-23-14-416053_earlyRefresh,earlyRefresh,high-skew-zipf,1787574356.416000,161.999947,singleflight_waiting_requests,all,0
2026-08-24_12-23-14-416053_earlyRefresh,earlyRefresh,high-skew-zipf,1787574357.416000,162.999947,singleflight_waiting_requests,all,0
2026-08-24_12-23-14-416053_earlyRefresh,earlyRefresh,high-skew-zipf,1787574358.416000,163.999947,singleflight_waiting_requests,all,0
2026-08-24_12-23-14-416053_earlyRefresh,earlyRefresh,high-skew-zipf,1787574359.416000,164.999947,singleflight_waiting_requests,all,0
2026-08-24_12-23-14-416053_earlyRefresh,earlyRefresh,high-skew-zipf,1787574360.416000,165.999947,singleflight_waiting_requests,all,0
2026-08-24_12-23-14-416053_earlyRefresh,earlyRefresh,high-skew-zipf,1787574361.416000,166.999947,singleflight_waiting_requests,all,0
2026-08-24_12-23-14-416053_earlyRefresh,earlyRefresh,high-skew-zipf,1787574362.416000,167.999947,singleflight_waiting_requests,all,0
2026-08-24_12-23-14-416053_earlyRefresh,earlyRefresh,high-skew-zipf,1787574363.416000,168.999947,singleflight_waiting_requests,all,0
2026-08-24_12-23-14-416053_earlyRefresh,earlyRefresh,high-skew-zipf,1787574364.416000,169.999947,singleflight_waiting_requests,all,0
2026-08-24_12-23-14-416053_earlyRefresh,earlyRefresh,high-skew-zipf,1787574365.416000,170.999947,singleflight_waiting_requests,all,0
2026-08-24_12-23-14-416053_earlyRefresh,earlyRefresh,high-skew-zipf,1787574366.416000,171.999947,singleflight_waiting_requests,all,0
2026-08-24_12-23-14-416053_earlyRefresh,earlyRefresh,high-skew-zipf,1787574367.416000,172.999947,singleflight_waiting_requests,all,0
2026-08-24_12-23-14-416053_earlyRefresh,earlyRefresh,high-skew-zipf,1787574368.416000,173.999947,singleflight_waiting_requests,all,0
2026-08-24_12-23-14-416053_earlyRefresh,earlyRefresh,high-skew-zipf,1787574369.416000,174.999947,singleflight_waiting_requests,all,0
2026-08-24_12-23-14-416053_earlyRefresh,earlyRefresh,high-skew-zipf,1787574370.416000,175.999947,singleflight_waiting_requests,all,0
2026-08-24_12-23-14-416053_earlyRefresh,earlyRefresh,high-skew-zipf,1787574371.416000,176.999947,singleflight_waiting_requests,all,0
2026-08-24_12-23-14-416053_earlyRefresh,earlyRefresh,high-skew-zipf,1787574372.416000,177.999947,singleflight_waiting_requests,all,0
2026-08-24_12-23-14-416053_earlyRefresh,earlyRefresh,high-skew-zipf,1787574373.416000,178.999947,singleflight_waiting_requests,all,0
2026-08-24_12-23-14-416053_earlyRefresh,earlyRefresh,high-skew-zipf,1787574374.416000,179.999947,singleflight_waiting_requests,all,0
2026-08-24_12-23-14-416053_earlyRefresh,earlyRefresh,high-skew-zipf,1787574375.416000,180.999947,singleflight_waiting_requests,all,0
2026-08-24_12-23-14-416053_earlyRefresh,earlyRefresh,high-skew-zipf,1787574376.416000,181.999947,singleflight_waiting_requests,all,0
2026-08-24_12-23-14-416053_earlyRefresh,earlyRefresh,high-skew-zipf,1787574377.416000,182.999947,singleflight_waiting_requests,all,0
2026-08-24_12-23-14-416053_earlyRefresh,earlyRefresh,high-skew-zipf,1787574378.416000,183.999947,singleflight_waiting_requests,all,0
2026-08-24_12-23-14-416053_earlyRefresh,earlyRefresh,high-skew-zipf,1787574379.416000,184.999947,singleflight_waiting_requests,all,0
2026-08-24_12-23-14-416053_earlyRefresh,earlyRefresh,high-skew-zipf,1787574380.416000,185.999947,singleflight_waiting_requests,all,0
2026-08-24_12-23-14-416053_earlyRefresh,earlyRefresh,high-skew-zipf,1787574381.416000,186.999947,singleflight_waiting_requests,all,0
2026-08-24_12-23-14-416053_earlyRefresh,earlyRefresh,high-skew-zipf,1787574382.416000,187.999947,singleflight_waiting_requests,all,0
2026-08-24_12-23-14-416053_earlyRefresh,earlyRefresh,high-skew-zipf,1787574383.416000,188.999947,singleflight_waiting_requests,all,0
2026-08-24_12-23-14-416053_earlyRefresh,earlyRefresh,high-skew-zipf,1787574384.416000,189.999947,singleflight_waiting_requests,all,0
2026-08-24_12-23-14-416053_earlyRefresh,earlyRefresh,high-skew-zipf,1787574385.416000,190.999947,singleflight_waiting_requests,all,0
2026-08-24_12-23-14-416053_earlyRefresh,earlyRefresh,high-skew-zipf,1787574386.416000,191.999947,singleflight_waiting_requests,all,0
2026-08-24_12-23-14-416053_earlyRefresh,earlyRefresh,high-skew-zipf,1787574387.416000,192.999947,singleflight_waiting_requests,all,0
2026-08-24_12-23-14-416053_earlyRefresh,earlyRefresh,high-skew-zipf,1787574388.416000,193.999947,singleflight_waiting_requests,all,0
2026-08-24_12-23-14-416053_earlyRefresh,earlyRefresh,high-skew-zipf,1787574389.416000,194.999947,singleflight_waiting_requests,all,0
2026-08-24_12-23-14-416053_earlyRefresh,earlyRefresh,high-skew-zipf,1787574390.416000,195.999947,singleflight_waiting_requests,all,0
2026-08-24_12-23-14-416053_earlyRefresh,earlyRefresh,high-skew-zipf,1787574391.416000,196.999947,singleflight_waiting_requests,all,0
2026-08-24_12-23-14-416053_earlyRefresh,earlyRefresh,high-skew-zipf,1787574392.416000,197.999947,singleflight_waiting_requests,all,0
2026-08-24_12-23-14-416053_earlyRefresh,earlyRefresh,high-skew-zipf,1787574393.416000,198.999947,singleflight_waiting_requests,all,0
2026-08-24_12-23-14-416053_earlyRefresh,earlyRefresh,high-skew-zipf,1787574394.416000,199.999947,singleflight_waiting_requests,all,0
2026-08-24_12-23-14-416053_earlyRefresh,earlyRefresh,high-skew-zipf,1787574395.416000,200.999947,singleflight_waiting_requests,all,0
2026-08-24_12-23-14-416053_earlyRefresh,earlyRefresh,high-skew-zipf,1787574396.416000,201.999947,singleflight_waiting_requests,all,0
2026-08-24_12-23-14-416053_earlyRefresh,earlyRefresh,high-skew-zipf,1787574397.416000,202.999947,singleflight_waiting_requests,all,0
2026-08-24_12-23-14-416053_earlyRefresh,earlyRefresh,high-skew-zipf,1787574398.416000,203.999947,singleflight_waiting_requests,all,0
2026-08-24_12-23-14-416053_earlyRefresh,earlyRefresh,high-skew-zipf,1787574399.416000,204.999947,singleflight_waiting_requests,all,0
2026-08-24_12-23-14-416053_earlyRefresh,earlyRefresh,high-skew-zipf,1787574400.416000,205.999947,singleflight_waiting_requests,all,0
2026-08-24_12-23-14-416053_earlyRefresh,earlyRefresh,high-skew-zipf,1787574401.416000,206.999947,singleflight_waiting_requests,all,0
2026-08-24_12-23-14-416053_earlyRefresh,earlyRefresh,high-skew-zipf,1787574402.416000,207.999947,singleflight_waiting_requests,all,0
2026-08-24_12-23-14-416053_earlyRefresh,earlyRefresh,high-skew-zipf,1787574403.416000,208.999947,singleflight_waiting_requests,all,0
2026-08-24_12-23-14-416053_earlyRefresh,earlyRefresh,high-skew-zipf,1787574404.416000,209.999947,singleflight_waiting_requests,all,0
2026-08-24_12-23-14-416053_earlyRefresh,earlyRefresh,high-skew-zipf,1787574405.416000,210.999947,singleflight_waiting_requests,all,0
2026-08-24_12-23-14-416053_earlyRefresh,earlyRefresh,high-skew-zipf,1787574406.416000,211.999947,singleflight_waiting_requests,all,0
2026-08-24_12-23-14-416053_earlyRefresh,earlyRefresh,high-skew-zipf,1787574407.416000,212.999947,singleflight_waiting_requests,all,0
2026-08-24_12-23-14-416053_earlyRefresh,earlyRefresh,high-skew-zipf,1787574408.416000,213.999947,singleflight_waiting_requests,all,0
2026-08-24_12-23-14-416053_earlyRefresh,earlyRefresh,high-skew-zipf,1787574409.416000,214.999947,singleflight_waiting_requests,all,0
2026-08-24_12-23-14-416053_earlyRefresh,earlyRefresh,high-skew-zipf,1787574410.416000,215.999947,singleflight_waiting_requests,all,0
2026-08-24_12-23-14-416053_earlyRefresh,earlyRefresh,high-skew-zipf,1787574411.416000,216.999947,singleflight_waiting_requests,all,0
2026-08-24_12-23-14-416053_earlyRefresh,earlyRefresh,high-skew-zipf,1787574412.416000,217.999947,singleflight_waiting_requests,all,0
2026-08-24_12-23-14-416053_earlyRefresh,earlyRefresh,high-skew-zipf,1787574413.416000,218.999947,singleflight_waiting_requests,all,0
2026-08-24_12-23-14-416053_earlyRefresh,earlyRefresh,high-skew-zipf,1787574414.416000,219.999947,singleflight_waiting_requests,all,0
2026-08-24_12-23-14-416053_earlyRefresh,earlyRefresh,high-skew-zipf,1787574415.416000,220.999947,singleflight_waiting_requests,all,0
2026-08-24_12-23-14-416053_earlyRefresh,earlyRefresh,high-skew-zipf,1787574416.416000,221.999947,singleflight_waiting_requests,all,0
2026-08-24_12-23-14-416053_earlyRefresh,earlyRefresh,high-skew-zipf,1787574417.416000,222.999947,singleflight_waiting_requests,all,0
2026-08-24_12-23-14-416053_earlyRefresh,earlyRefresh,high-skew-zipf,1787574418.416000,223.999947,singleflight_waiting_requests,all,0
2026-08-24_12-23-14-416053_earlyRefresh,earlyRefresh,high-skew-zipf,1787574419.416000,224.999947,singleflight_waiting_requests,all,0
2026-08-24_12-23-14-416053_earlyRefresh,earlyRefresh,high-skew-zipf,1787574420.416000,225.999947,singleflight_waiting_requests,all,0
2026-08-24_12-23-14-416053_earlyRefresh,earlyRefresh,high-skew-zipf,1787574421.416000,226.999947,singleflight_waiting_requests,all,0
2026-08-24_12-23-14-416053_earlyRefresh,earlyRefresh,high-skew-zipf,1787574422.416000,227.999947,singleflight_waiting_requests,all,0
2026-08-24_12-23-14-416053_earlyRefresh,earlyRefresh,high-skew-zipf,1787574423.416000,228.999947,singleflight_waiting_requests,all,0
2026-08-24_12-23-14-416053_earlyRefresh,earlyRefresh,high-skew-zipf,1787574424.416000,229.999947,singleflight_waiting_requests,all,0
2026-08-24_12-23-14-416053_earlyRefresh,earlyRefresh,high-skew-zipf,1787574425.416000,230.999947,singleflight_waiting_requests,all,0
2026-08-24_12-23-14-416053_earlyRefresh,earlyRefresh,high-skew-zipf,1787574426.416000,231.999947,singleflight_waiting_requests,all,0
2026-08-24_12-23-14-416053_earlyRefresh,earlyRefresh,high-skew-zipf,1787574427.416000,232.999947,singleflight_waiting_requests,all,0
2026-08-24_12-23-14-416053_earlyRefresh,earlyRefresh,high-skew-zipf,1787574428.416000,233.999947,singleflight_waiting_requests,all,0
2026-08-24_12-23-14-416053_earlyRefresh,earlyRefresh,high-skew-zipf,1787574429.416000,234.999947,singleflight_waiting_requests,all,0
2026-08-24_12-23-14-416053_earlyRefresh,earlyRefresh,high-skew-zipf,1787574430.416000,235.999947,singleflight_waiting_requests,all,0
2026-08-24_12-23-14-416053_earlyRefresh,earlyRefresh,high-skew-zipf,1787574431.416000,236.999947,singleflight_waiting_requests,all,0
2026-08-24_12-23-14-416053_earlyRefresh,earlyRefresh,high-skew-zipf,1787574432.416000,237.999947,singleflight_waiting_requests,all,0
2026-08-24_12-23-14-416053_earlyRefresh,earlyRefresh,high-skew-zipf,1787574433.416000,238.999947,singleflight_waiting_requests,all,0
2026-08-24_12-23-14-416053_earlyRefresh,earlyRefresh,high-skew-zipf,1787574434.416000,239.999947,singleflight_waiting_requests,all,0
2026-08-24_12-23-14-416053_earlyRefresh,earlyRefresh,high-skew-zipf,1787574211.416000,16.999947,faf_by_key,key=/api/backend/1,8.999444444444444
2026-08-24_12-23-14-416053_earlyRefresh,earlyRefresh,high-skew-zipf,1787574212.416000,17.999947,faf_by_key,key=/api/backend/1,9
2026-08-24_12-23-14-416053_earlyRefresh,earlyRefresh,high-skew-zipf,1787574213.416000,18.999947,faf_by_key,key=/api/backend/1,9
2026-08-24_12-23-14-416053_earlyRefresh,earlyRefresh,high-skew-zipf,1787574214.416000,19.999947,faf_by_key,key=/api/backend/1,9.000555617290809
2026-08-24_12-23-14-416053_earlyRefresh,earlyRefresh,high-skew-zipf,1787574215.416000,20.999947,faf_by_key,key=/api/backend/1,8.99944450616598
2026-08-24_12-23-14-416053_earlyRefresh,earlyRefresh,high-skew-zipf,1787574216.416000,21.999947,faf_by_key,key=/api/backend/1,9.000555555555554
2026-08-24_12-23-14-416053_earlyRefresh,earlyRefresh,high-skew-zipf,1787574217.416000,22.999947,faf_by_key,key=/api/backend/1,9.000555617290809
2026-08-24_12-23-14-416053_earlyRefresh,earlyRefresh,high-skew-zipf,1787574218.416000,23.999947,faf_by_key,key=/api/backend/1,9.000555555555554
2026-08-24_12-23-14-416053_earlyRefresh,earlyRefresh,high-skew-zipf,1787574219.416000,24.999947,faf_by_key,key=/api/backend/1,9.000555555555554
2026-08-24_12-23-14-416053_earlyRefresh,earlyRefresh,high-skew-zipf,1787574233.416000,38.999947,faf_by_key,key=/api/backend/1,16.00055561729081
2026-08-24_12-23-14-416053_earlyRefresh,earlyRefresh,high-skew-zipf,1787574234.416000,39.999947,faf_by_key,key=/api/backend/1,15.999444506165984
2026-08-24_12-23-14-416053_earlyRefresh,earlyRefresh,high-skew-zipf,1787574235.416000,40.999947,faf_by_key,key=/api/backend/1,16.00055561729081
2026-08-24_12-23-14-416053_earlyRefresh,earlyRefresh,high-skew-zipf,1787574236.416000,41.999947,faf_by_key,key=/api/backend/1,8.999666666666666
2026-08-24_12-23-14-416053_earlyRefresh,earlyRefresh,high-skew-zipf,1787574237.416000,42.999947,faf_by_key,key=/api/backend/1,9
2026-08-24_12-23-14-416053_earlyRefresh,earlyRefresh,high-skew-zipf,1787574238.416000,43.999947,faf_by_key,key=/api/backend/1,6
2026-08-24_12-23-14-416053_earlyRefresh,earlyRefresh,high-skew-zipf,1787574239.416000,44.999947,faf_by_key,key=/api/backend/1,7.000333333333335
2026-08-24_12-23-14-416053_earlyRefresh,earlyRefresh,high-skew-zipf,1787574240.416000,45.999947,faf_by_key,key=/api/backend/1,6.999666703699589
2026-08-24_12-23-14-416053_earlyRefresh,earlyRefresh,high-skew-zipf,1787574241.416000,46.999947,faf_by_key,key=/api/backend/1,7
2026-08-24_12-23-14-416053_earlyRefresh,earlyRefresh,high-skew-zipf,1787574242.416000,47.999947,faf_by_key,key=/api/backend/1,5
2026-08-24_12-23-14-416053_earlyRefresh,earlyRefresh,high-skew-zipf,1787574243.416000,48.999947,faf_by_key,key=/api/backend/1,5.000333370374485
2026-08-24_12-23-14-416053_earlyRefresh,earlyRefresh,high-skew-zipf,1787574244.416000,49.999947,faf_by_key,key=/api/backend/1,7
2026-08-24_12-23-14-416053_earlyRefresh,earlyRefresh,high-skew-zipf,1787574245.416000,50.999947,faf_by_key,key=/api/backend/1,7.00038888888889
2026-08-24_12-23-14-416053_earlyRefresh,earlyRefresh,high-skew-zipf,1787574246.416000,51.999947,faf_by_key,key=/api/backend/1,6.999611111111111
2026-08-24_12-23-14-416053_earlyRefresh,earlyRefresh,high-skew-zipf,1787574247.416000,52.999947,faf_by_key,key=/api/backend/1,10.999999999999998
2026-08-24_12-23-14-416053_earlyRefresh,earlyRefresh,high-skew-zipf,1787574248.416000,53.999947,faf_by_key,key=/api/backend/1,9
2026-08-24_12-23-14-416053_earlyRefresh,earlyRefresh,high-skew-zipf,1787574249.416000,54.999947,faf_by_key,key=/api/backend/1,9
2026-08-24_12-23-14-416053_earlyRefresh,earlyRefresh,high-skew-zipf,1787574250.416000,55.999947,faf_by_key,key=/api/backend/1,8.500388932103567
2026-08-24_12-23-14-416053_earlyRefresh,earlyRefresh,high-skew-zipf,1787574251.416000,56.999947,faf_by_key,key=/api/backend/1,8.5
2026-08-24_12-23-14-416053_earlyRefresh,earlyRefresh,high-skew-zipf,1787574252.416000,57.999947,faf_by_key,key=/api/backend/1,8.499611067896433
2026-08-24_12-23-14-416053_earlyRefresh,earlyRefresh,high-skew-zipf,1787574253.416000,58.999947,faf_by_key,key=/api/backend/1,8
2026-08-24_12-23-14-416053_earlyRefresh,earlyRefresh,high-skew-zipf,1787574254.416000,59.999947,faf_by_key,key=/api/backend/1,8
2026-08-24_12-23-14-416053_earlyRefresh,earlyRefresh,high-skew-zipf,1787574255.416000,60.999947,faf_by_key,key=/api/backend/1,5.500055561729081
2026-08-24_12-23-14-416053_earlyRefresh,earlyRefresh,high-skew-zipf,1787574256.416000,61.999947,faf_by_key,key=/api/backend/1,7.499999999999999
2026-08-24_12-23-14-416053_earlyRefresh,earlyRefresh,high-skew-zipf,1787574257.416000,62.999947,faf_by_key,key=/api/backend/1,7.5
2026-08-24_12-23-14-416053_earlyRefresh,earlyRefresh,high-skew-zipf,1787574258.416000,63.999947,faf_by_key,key=/api/backend/1,7.500055567903979
2026-08-24_12-23-14-416053_earlyRefresh,earlyRefresh,high-skew-zipf,1787574259.416000,64.999947,faf_by_key,key=/api/backend/1,7.000000000000001
2026-08-24_12-23-14-416053_earlyRefresh,earlyRefresh,high-skew-zipf,1787574260.416000,65.999947,faf_by_key,key=/api/backend/1,7.000000000000001
2026-08-24_12-23-14-416053_earlyRefresh,earlyRefresh,high-skew-zipf,1787574261.416000,66.999947,faf_by_key,key=/api/backend/1,5.499777777777778
2026-08-24_12-23-14-416053_earlyRefresh,earlyRefresh,high-skew-zipf,1787574262.416000,67.999947,faf_by_key,key=/api/backend/1,5.5
2026-08-24_12-23-14-416053_earlyRefresh,earlyRefresh,high-skew-zipf,1787574263.416000,68.999947,faf_by_key,key=/api/backend/1,5.500222222222223
2026-08-24_12-23-14-416053_earlyRefresh,earlyRefresh,high-skew-zipf,1787574264.416000,69.999947,faf_by_key,key=/api/backend/1,8.000444493832646
2026-08-24_12-23-14-416053_earlyRefresh,earlyRefresh,high-skew-zipf,1787574265.416000,70.999947,faf_by_key,key=/api/backend/1,4.000222222222223
2026-08-24_12-23-14-416053_earlyRefresh,earlyRefresh,high-skew-zipf,1787574266.416000,71.999947,faf_by_key,key=/api/backend/1,4.000222246916323
2026-08-24_12-23-14-416053_earlyRefresh,earlyRefresh,high-skew-zipf,1787574267.416000,72.999947,faf_by_key,key=/api/backend/1,4.0004444938326476
2026-08-24_12-23-14-416053_earlyRefresh,earlyRefresh,high-skew-zipf,1787574268.416000,73.999947,faf_by_key,key=/api/backend/1,4.000222222222223
2026-08-24_12-23-14-416053_earlyRefresh,earlyRefresh,high-skew-zipf,1787574269.416000,74.999947,faf_by_key,key=/api/backend/1,4.000222222222223
2026-08-24_12-23-14-416053_earlyRefresh,earlyRefresh,high-skew-zipf,1787574276.416000,81.999947,faf_by_key,key=/api/backend/1,2
2026-08-24_12-23-14-416053_earlyRefresh,earlyRefresh,high-skew-zipf,1787574277.416000,82.999947,faf_by_key,key=/api/backend/1,10
2026-08-24_12-23-14-416053_earlyRefresh,earlyRefresh,high-skew-zipf,1787574278.416000,83.999947,faf_by_key,key=/api/backend/1,10
2026-08-24_12-23-14-416053_earlyRefresh,earlyRefresh,high-skew-zipf,1787574279.416000,84.999947,faf_by_key,key=/api/backend/1,9.999444444444443
2026-08-24_12-23-14-416053_earlyRefresh,earlyRefresh,high-skew-zipf,1787574280.416000,85.999947,faf_by_key,key=/api/backend/1,9.998889012331965
2026-08-24_12-23-14-416053_earlyRefresh,earlyRefresh,high-skew-zipf,1787574281.416000,86.999947,faf_by_key,key=/api/backend/1,9.999444444444443
2026-08-24_12-23-14-416053_earlyRefresh,earlyRefresh,high-skew-zipf,1787574282.416000,87.999947,faf_by_key,key=/api/backend/1,9.99944438270919
2026-08-24_12-23-14-416053_earlyRefresh,earlyRefresh,high-skew-zipf,1787574283.416000,88.999947,faf_by_key,key=/api/backend/1,9.999444320960214
2026-08-24_12-23-14-416053_earlyRefresh,earlyRefresh,high-skew-zipf,1787574284.416000,89.999947,faf_by_key,key=/api/backend/1,9.99944438270919
2026-08-24_12-23-14-416053_earlyRefresh,earlyRefresh,high-skew-zipf,1787574287.416000,92.999947,faf_by_key,key=/api/backend/1,3
2026-08-24_12-23-14-416053_earlyRefresh,earlyRefresh,high-skew-zipf,1787574288.416000,93.999947,faf_by_key,key=/api/backend/1,3
2026-08-24_12-23-14-416053_earlyRefresh,earlyRefresh,high-skew-zipf,1787574289.416000,94.999947,faf_by_key,key=/api/backend/1,3
2026-08-24_12-23-14-416053_earlyRefresh,earlyRefresh,high-skew-zipf,1787574290.416000,95.999947,faf_by_key,key=/api/backend/1,3
2026-08-24_12-23-14-416053_earlyRefresh,earlyRefresh,high-skew-zipf,1787574291.416000,96.999947,faf_by_key,key=/api/backend/1,3
2026-08-24_12-23-14-416053_earlyRefresh,earlyRefresh,high-skew-zipf,1787574292.416000,97.999947,faf_by_key,key=/api/backend/1,3
2026-08-24_12-23-14-416053_earlyRefresh,earlyRefresh,high-skew-zipf,1787574293.416000,98.999947,faf_by_key,key=/api/backend/1,3
2026-08-24_12-23-14-416053_earlyRefresh,earlyRefresh,high-skew-zipf,1787574294.416000,99.999947,faf_by_key,key=/api/backend/1,3
2026-08-24_12-23-14-416053_earlyRefresh,earlyRefresh,high-skew-zipf,1787574295.416000,100.999947,faf_by_key,key=/api/backend/1,3
2026-08-24_12-23-14-416053_earlyRefresh,earlyRefresh,high-skew-zipf,1787574298.416000,103.999947,faf_by_key,key=/api/backend/1,7
2026-08-24_12-23-14-416053_earlyRefresh,earlyRefresh,high-skew-zipf,1787574299.416000,104.999947,faf_by_key,key=/api/backend/1,6.999777777777778
2026-08-24_12-23-14-416053_earlyRefresh,earlyRefresh,high-skew-zipf,1787574300.416000,105.999947,faf_by_key,key=/api/backend/1,7
2026-08-24_12-23-14-416053_earlyRefresh,earlyRefresh,high-skew-zipf,1787574301.416000,106.999947,faf_by_key,key=/api/backend/1,7
2026-08-24_12-23-14-416053_earlyRefresh,earlyRefresh,high-skew-zipf,1787574302.416000,107.999947,faf_by_key,key=/api/backend/1,7
2026-08-24_12-23-14-416053_earlyRefresh,earlyRefresh,high-skew-zipf,1787574303.416000,108.999947,faf_by_key,key=/api/backend/1,6.500000000000001
2026-08-24_12-23-14-416053_earlyRefresh,earlyRefresh,high-skew-zipf,1787574304.416000,109.999947,faf_by_key,key=/api/backend/1,7
2026-08-24_12-23-14-416053_earlyRefresh,earlyRefresh,high-skew-zipf,1787574305.416000,110.999947,faf_by_key,key=/api/backend/1,7.000333333333335
2026-08-24_12-23-14-416053_earlyRefresh,earlyRefresh,high-skew-zipf,1787574306.416000,111.999947,faf_by_key,key=/api/backend/1,7
2026-08-24_12-23-14-416053_earlyRefresh,earlyRefresh,high-skew-zipf,1787574307.416000,112.999947,faf_by_key,key=/api/backend/1,6.999555555555555
2026-08-24_12-23-14-416053_earlyRefresh,earlyRefresh,high-skew-zipf,1787574308.416000,113.999947,faf_by_key,key=/api/backend/1,7
2026-08-24_12-23-14-416053_earlyRefresh,earlyRefresh,high-skew-zipf,1787574309.416000,114.999947,faf_by_key,key=/api/backend/1,5.499999999999999
2026-08-24_12-23-14-416053_earlyRefresh,earlyRefresh,high-skew-zipf,1787574310.416000,115.999947,faf_by_key,key=/api/backend/1,5.499999999999999
2026-08-24_12-23-14-416053_earlyRefresh,earlyRefresh,high-skew-zipf,1787574311.416000,116.999947,faf_by_key,key=/api/backend/1,5.499972220678926
2026-08-24_12-23-14-416053_earlyRefresh,earlyRefresh,high-skew-zipf,1787574312.416000,117.999947,faf_by_key,key=/api/backend/1,5.000333407423873
2026-08-24_12-23-14-416053_earlyRefresh,earlyRefresh,high-skew-zipf,1787574313.416000,118.999947,faf_by_key,key=/api/backend/1,4.000222271615915
2026-08-24_12-23-14-416053_earlyRefresh,earlyRefresh,high-skew-zipf,1787574314.416000,119.999947,faf_by_key,key=/api/backend/1,3
2026-08-24_12-23-14-416053_earlyRefresh,earlyRefresh,high-skew-zipf,1787574315.416000,120.999947,faf_by_key,key=/api/backend/1,4.000222271615915
2026-08-24_12-23-14-416053_earlyRefresh,earlyRefresh,high-skew-zipf,1787574316.416000,121.999947,faf_by_key,key=/api/backend/1,4
2026-08-24_12-23-14-416053_earlyRefresh,earlyRefresh,high-skew-zipf,1787574317.416000,122.999947,faf_by_key,key=/api/backend/1,4
2026-08-24_12-23-14-416053_earlyRefresh,earlyRefresh,high-skew-zipf,1787574318.416000,123.999947,faf_by_key,key=/api/backend/1,4.000222271615915
2026-08-24_12-23-14-416053_earlyRefresh,earlyRefresh,high-skew-zipf,1787574319.416000,124.999947,faf_by_key,key=/api/backend/1,4.000000000000001
2026-08-24_12-23-14-416053_earlyRefresh,earlyRefresh,high-skew-zipf,1787574320.416000,125.999947,faf_by_key,key=/api/backend/1,3.999777753083676
2026-08-24_12-23-14-416053_earlyRefresh,earlyRefresh,high-skew-zipf,1787574321.416000,126.999947,faf_by_key,key=/api/backend/1,4
2026-08-24_12-23-14-416053_earlyRefresh,earlyRefresh,high-skew-zipf,1787574322.416000,127.999947,faf_by_key,key=/api/backend/1,4
2026-08-24_12-23-14-416053_earlyRefresh,earlyRefresh,high-skew-zipf,1787574330.416000,135.999947,faf_by_key,key=/api/backend/1,5
2026-08-24_12-23-14-416053_earlyRefresh,earlyRefresh,high-skew-zipf,1787574331.416000,136.999947,faf_by_key,key=/api/backend/1,5.000222222222222
2026-08-24_12-23-14-416053_earlyRefresh,earlyRefresh,high-skew-zipf,1787574332.416000,137.999947,faf_by_key,key=/api/backend/1,4.999777777777778
2026-08-24_12-23-14-416053_earlyRefresh,earlyRefresh,high-skew-zipf,1787574333.416000,138.999947,faf_by_key,key=/api/backend/1,5.000222246916325
2026-08-24_12-23-14-416053_earlyRefresh,earlyRefresh,high-skew-zipf,1787574334.416000,139.999947,faf_by_key,key=/api/backend/1,5.000222246916325
2026-08-24_12-23-14-416053_earlyRefresh,earlyRefresh,high-skew-zipf,1787574335.416000,140.999947,faf_by_key,key=/api/backend/1,5.499944444444445
2026-08-24_12-23-14-416053_earlyRefresh,earlyRefresh,high-skew-zipf,1787574336.416000,141.999947,faf_by_key,key=/api/backend/1,6.500000000000001
2026-08-24_12-23-14-416053_earlyRefresh,earlyRefresh,high-skew-zipf,1787574337.416000,142.999947,faf_by_key,key=/api/backend/1,6.499944444444444
2026-08-24_12-23-14-416053_earlyRefresh,earlyRefresh,high-skew-zipf,1787574338.416000,143.999947,faf_by_key,key=/api/backend/1,6.500000000000001
2026-08-24_12-23-14-416053_earlyRefresh,earlyRefresh,high-skew-zipf,1787574339.416000,144.999947,faf_by_key,key=/api/backend/1,8
2026-08-24_12-23-14-416053_earlyRefresh,earlyRefresh,high-skew-zipf,1787574340.416000,145.999947,faf_by_key,key=/api/backend/1,8.000444493832646
2026-08-24_12-23-14-416053_earlyRefresh,earlyRefresh,high-skew-zipf,1787574341.416000,146.999947,faf_by_key,key=/api/backend/1,8
2026-08-24_12-23-14-416053_earlyRefresh,earlyRefresh,high-skew-zipf,1787574342.416000,147.999947,faf_by_key,key=/api/backend/1,8.000444493832646
2026-08-24_12-23-14-416053_earlyRefresh,earlyRefresh,high-skew-zipf,1787574343.416000,148.999947,faf_by_key,key=/api/backend/1,8
2026-08-24_12-23-14-416053_earlyRefresh,earlyRefresh,high-skew-zipf,1787574346.416000,151.999947,faf_by_key,key=/api/backend/1,6
2026-08-24_12-23-14-416053_earlyRefresh,earlyRefresh,high-skew-zipf,1787574347.416000,152.999947,faf_by_key,key=/api/backend/1,6
2026-08-24_12-23-14-416053_earlyRefresh,earlyRefresh,high-skew-zipf,1787574348.416000,153.999947,faf_by_key,key=/api/backend/1,6
2026-08-24_12-23-14-416053_earlyRefresh,earlyRefresh,high-skew-zipf,1787574349.416000,154.999947,faf_by_key,key=/api/backend/1,6
2026-08-24_12-23-14-416053_earlyRefresh,earlyRefresh,high-skew-zipf,1787574350.416000,155.999947,faf_by_key,key=/api/backend/1,6
2026-08-24_12-23-14-416053_earlyRefresh,earlyRefresh,high-skew-zipf,1787574351.416000,156.999947,faf_by_key,key=/api/backend/1,6
2026-08-24_12-23-14-416053_earlyRefresh,earlyRefresh,high-skew-zipf,1787574352.416000,157.999947,faf_by_key,key=/api/backend/1,6
2026-08-24_12-23-14-416053_earlyRefresh,earlyRefresh,high-skew-zipf,1787574353.416000,158.999947,faf_by_key,key=/api/backend/1,6
2026-08-24_12-23-14-416053_earlyRefresh,earlyRefresh,high-skew-zipf,1787574354.416000,159.999947,faf_by_key,key=/api/backend/1,6
2026-08-24_12-23-14-416053_earlyRefresh,earlyRefresh,high-skew-zipf,1787574356.416000,161.999947,faf_by_key,key=/api/backend/1,2
2026-08-24_12-23-14-416053_earlyRefresh,earlyRefresh,high-skew-zipf,1787574357.416000,162.999947,faf_by_key,key=/api/backend/1,3
2026-08-24_12-23-14-416053_earlyRefresh,earlyRefresh,high-skew-zipf,1787574358.416000,163.999947,faf_by_key,key=/api/backend/1,3
2026-08-24_12-23-14-416053_earlyRefresh,earlyRefresh,high-skew-zipf,1787574359.416000,164.999947,faf_by_key,key=/api/backend/1,3
2026-08-24_12-23-14-416053_earlyRefresh,earlyRefresh,high-skew-zipf,1787574360.416000,165.999947,faf_by_key,key=/api/backend/1,3
2026-08-24_12-23-14-416053_earlyRefresh,earlyRefresh,high-skew-zipf,1787574361.416000,166.999947,faf_by_key,key=/api/backend/1,3
2026-08-24_12-23-14-416053_earlyRefresh,earlyRefresh,high-skew-zipf,1787574362.416000,167.999947,faf_by_key,key=/api/backend/1,3.999944450616598
2026-08-24_12-23-14-416053_earlyRefresh,earlyRefresh,high-skew-zipf,1787574363.416000,168.999947,faf_by_key,key=/api/backend/1,3.999944450616598
2026-08-24_12-23-14-416053_earlyRefresh,earlyRefresh,high-skew-zipf,1787574364.416000,169.999947,faf_by_key,key=/api/backend/1,3.999944450616598
2026-08-24_12-23-14-416053_earlyRefresh,earlyRefresh,high-skew-zipf,1787574365.416000,170.999947,faf_by_key,key=/api/backend/1,5.999888901233196
2026-08-24_12-23-14-416053_earlyRefresh,earlyRefresh,high-skew-zipf,1787574366.416000,171.999947,faf_by_key,key=/api/backend/1,5.000111111111111
2026-08-24_12-23-14-416053_earlyRefresh,earlyRefresh,high-skew-zipf,1787574367.416000,172.999947,faf_by_key,key=/api/backend/1,4
2026-08-24_12-23-14-416053_earlyRefresh,earlyRefresh,high-skew-zipf,1787574368.416000,173.999947,faf_by_key,key=/api/backend/1,4.5
2026-08-24_12-23-14-416053_earlyRefresh,earlyRefresh,high-skew-zipf,1787574369.416000,174.999947,faf_by_key,key=/api/backend/1,4.499972220678926
2026-08-24_12-23-14-416053_earlyRefresh,earlyRefresh,high-skew-zipf,1787574370.416000,175.999947,faf_by_key,key=/api/backend/1,4.5
2026-08-24_12-23-14-416053_earlyRefresh,earlyRefresh,high-skew-zipf,1787574371.416000,176.999947,faf_by_key,key=/api/backend/1,3.9998888888888886
2026-08-24_12-23-14-416053_earlyRefresh,earlyRefresh,high-skew-zipf,1787574372.416000,177.999947,faf_by_key,key=/api/backend/1,4
2026-08-24_12-23-14-416053_earlyRefresh,earlyRefresh,high-skew-zipf,1787574373.416000,178.999947,faf_by_key,key=/api/backend/1,4
2026-08-24_12-23-14-416053_earlyRefresh,earlyRefresh,high-skew-zipf,1787574374.416000,179.999947,faf_by_key,key=/api/backend/1,3.9998888765418377
2026-08-24_12-23-14-416053_earlyRefresh,earlyRefresh,high-skew-zipf,1787574375.416000,180.999947,faf_by_key,key=/api/backend/1,4
2026-08-24_12-23-14-416053_earlyRefresh,earlyRefresh,high-skew-zipf,1787574378.416000,183.999947,faf_by_key,key=/api/backend/1,5.999777753083675
2026-08-24_12-23-14-416053_earlyRefresh,earlyRefresh,high-skew-zipf,1787574379.416000,184.999947,faf_by_key,key=/api/backend/1,6.000222271615915
2026-08-24_12-23-14-416053_earlyRefresh,earlyRefresh,high-skew-zipf,1787574380.416000,185.999947,faf_by_key,key=/api/backend/1,6.000222271615915
2026-08-24_12-23-14-416053_earlyRefresh,earlyRefresh,high-skew-zipf,1787574381.416000,186.999947,faf_by_key,key=/api/backend/1,6.000222222222222
2026-08-24_12-23-14-416053_earlyRefresh,earlyRefresh,high-skew-zipf,1787574382.416000,187.999947,faf_by_key,key=/api/backend/1,6.000222222222222
2026-08-24_12-23-14-416053_earlyRefresh,earlyRefresh,high-skew-zipf,1787574383.416000,188.999947,faf_by_key,key=/api/backend/1,5.499999999999999
2026-08-24_12-23-14-416053_earlyRefresh,earlyRefresh,high-skew-zipf,1787574384.416000,189.999947,faf_by_key,key=/api/backend/1,5.499999999999999
2026-08-24_12-23-14-416053_earlyRefresh,earlyRefresh,high-skew-zipf,1787574385.416000,190.999947,faf_by_key,key=/api/backend/1,5.499972220678927
2026-08-24_12-23-14-416053_earlyRefresh,earlyRefresh,high-skew-zipf,1787574386.416000,191.999947,faf_by_key,key=/api/backend/1,5.499972220678927
2026-08-24_12-23-14-416053_earlyRefresh,earlyRefresh,high-skew-zipf,1787574387.416000,192.999947,faf_by_key,key=/api/backend/1,4.999777802466393
2026-08-24_12-23-14-416053_earlyRefresh,earlyRefresh,high-skew-zipf,1787574388.416000,193.999947,faf_by_key,key=/api/backend/1,4.999888888888888
2026-08-24_12-23-14-416053_earlyRefresh,earlyRefresh,high-skew-zipf,1787574389.416000,194.999947,faf_by_key,key=/api/backend/1,4.500111111111111
2026-08-24_12-23-14-416053_earlyRefresh,earlyRefresh,high-skew-zipf,1787574390.416000,195.999947,faf_by_key,key=/api/backend/1,4.5
2026-08-24_12-23-14-416053_earlyRefresh,earlyRefresh,high-skew-zipf,1787574391.416000,196.999947,faf_by_key,key=/api/backend/1,4.500111123458162
2026-08-24_12-23-14-416053_earlyRefresh,earlyRefresh,high-skew-zipf,1787574392.416000,197.999947,faf_by_key,key=/api/backend/1,4
2026-08-24_12-23-14-416053_earlyRefresh,earlyRefresh,high-skew-zipf,1787574393.416000,198.999947,faf_by_key,key=/api/backend/1,3.999888901233196
2026-08-24_12-23-14-416053_earlyRefresh,earlyRefresh,high-skew-zipf,1787574394.416000,199.999947,faf_by_key,key=/api/backend/1,4.000055552469307
2026-08-24_12-23-14-416053_earlyRefresh,earlyRefresh,high-skew-zipf,1787574395.416000,200.999947,faf_by_key,key=/api/backend/1,4.000055552469307
2026-08-24_12-23-14-416053_earlyRefresh,earlyRefresh,high-skew-zipf,1787574396.416000,201.999947,faf_by_key,key=/api/backend/1,3.9999444475306927
2026-08-24_12-23-14-416053_earlyRefresh,earlyRefresh,high-skew-zipf,1787574397.416000,202.999947,faf_by_key,key=/api/backend/1,3.999888888888889
2026-08-24_12-23-14-416053_earlyRefresh,earlyRefresh,high-skew-zipf,1787574398.416000,203.999947,faf_by_key,key=/api/backend/1,4.000222246916324
2026-08-24_12-23-14-416053_earlyRefresh,earlyRefresh,high-skew-zipf,1787574399.416000,204.999947,faf_by_key,key=/api/backend/1,3.9997777777777777
2026-08-24_12-23-14-416053_earlyRefresh,earlyRefresh,high-skew-zipf,1787574400.416000,205.999947,faf_by_key,key=/api/backend/1,4.000222222222222
2026-08-24_12-23-14-416053_earlyRefresh,earlyRefresh,high-skew-zipf,1787574401.416000,206.999947,faf_by_key,key=/api/backend/1,3.9997777777777777
2026-08-24_12-23-14-416053_earlyRefresh,earlyRefresh,high-skew-zipf,1787574402.416000,207.999947,faf_by_key,key=/api/backend/1,4.000222271615915
2026-08-24_12-23-14-416053_earlyRefresh,earlyRefresh,high-skew-zipf,1787574405.416000,210.999947,faf_by_key,key=/api/backend/1,3.9997777530836762
2026-08-24_12-23-14-416053_earlyRefresh,earlyRefresh,high-skew-zipf,1787574406.416000,211.999947,faf_by_key,key=/api/backend/1,4.000000000000001
2026-08-24_12-23-14-416053_earlyRefresh,earlyRefresh,high-skew-zipf,1787574407.416000,212.999947,faf_by_key,key=/api/backend/1,3.999777753083676
2026-08-24_12-23-14-416053_earlyRefresh,earlyRefresh,high-skew-zipf,1787574408.416000,213.999947,faf_by_key,key=/api/backend/1,4.000000000000001
2026-08-24_12-23-14-416053_earlyRefresh,earlyRefresh,high-skew-zipf,1787574409.416000,214.999947,faf_by_key,key=/api/backend/1,3.9997777530836762
2026-08-24_12-23-14-416053_earlyRefresh,earlyRefresh,high-skew-zipf,1787574410.416000,215.999947,faf_by_key,key=/api/backend/1,3.4999999999999996
2026-08-24_12-23-14-416053_earlyRefresh,earlyRefresh,high-skew-zipf,1787574411.416000,216.999947,faf_by_key,key=/api/backend/1,4.500166666666666
2026-08-24_12-23-14-416053_earlyRefresh,earlyRefresh,high-skew-zipf,1787574412.416000,217.999947,faf_by_key,key=/api/backend/1,4.5
2026-08-24_12-23-14-416053_earlyRefresh,earlyRefresh,high-skew-zipf,1787574413.416000,218.999947,faf_by_key,key=/api/backend/1,4.5
2026-08-24_12-23-14-416053_earlyRefresh,earlyRefresh,high-skew-zipf,1787574414.416000,219.999947,faf_by_key,key=/api/backend/1,5
2026-08-24_12-23-14-416053_earlyRefresh,earlyRefresh,high-skew-zipf,1787574415.416000,220.999947,faf_by_key,key=/api/backend/1,4.999111209865571
2026-08-24_12-23-14-416053_earlyRefresh,earlyRefresh,high-skew-zipf,1787574416.416000,221.999947,faf_by_key,key=/api/backend/1,4.000277777777778
2026-08-24_12-23-14-416053_earlyRefresh,earlyRefresh,high-skew-zipf,1787574417.416000,222.999947,faf_by_key,key=/api/backend/1,3.9997222222222226
2026-08-24_12-23-14-416053_earlyRefresh,earlyRefresh,high-skew-zipf,1787574418.416000,223.999947,faf_by_key,key=/api/backend/1,3.999444506165982
2026-08-24_12-23-14-416053_earlyRefresh,earlyRefresh,high-skew-zipf,1787574419.416000,224.999947,faf_by_key,key=/api/backend/1,4.999333407399178
2026-08-24_12-23-14-416053_earlyRefresh,earlyRefresh,high-skew-zipf,1787574420.416000,225.999947,faf_by_key,key=/api/backend/1,2.999777802466393
2026-08-24_12-23-14-416053_earlyRefresh,earlyRefresh,high-skew-zipf,1787574421.416000,226.999947,faf_by_key,key=/api/backend/1,3
2026-08-24_12-23-14-416053_earlyRefresh,earlyRefresh,high-skew-zipf,1787574422.416000,227.999947,faf_by_key,key=/api/backend/1,3
2026-08-24_12-23-14-416053_earlyRefresh,earlyRefresh,high-skew-zipf,1787574423.416000,228.999947,faf_by_key,key=/api/backend/1,3
2026-08-24_12-23-14-416053_earlyRefresh,earlyRefresh,high-skew-zipf,1787574424.416000,229.999947,faf_by_key,key=/api/backend/1,3.000111123458162
2026-08-24_12-23-14-416053_earlyRefresh,earlyRefresh,high-skew-zipf,1787574425.416000,230.999947,faf_by_key,key=/api/backend/1,2.999888888888889
2026-08-24_12-23-14-416053_earlyRefresh,earlyRefresh,high-skew-zipf,1787574426.416000,231.999947,faf_by_key,key=/api/backend/1,2.500055555555556
2026-08-24_12-23-14-416053_earlyRefresh,earlyRefresh,high-skew-zipf,1787574427.416000,232.999947,faf_by_key,key=/api/backend/1,4.500222246916323
2026-08-24_12-23-14-416053_earlyRefresh,earlyRefresh,high-skew-zipf,1787574428.416000,233.999947,faf_by_key,key=/api/backend/1,4.500222246916323
2026-08-24_12-23-14-416053_earlyRefresh,earlyRefresh,high-skew-zipf,1787574429.416000,234.999947,faf_by_key,key=/api/backend/1,4.5
2026-08-24_12-23-14-416053_earlyRefresh,earlyRefresh,high-skew-zipf,1787574430.416000,235.999947,faf_by_key,key=/api/backend/1,6
2026-08-24_12-23-14-416053_earlyRefresh,earlyRefresh,high-skew-zipf,1787574431.416000,236.999947,faf_by_key,key=/api/backend/1,5.99966670369959
2026-08-24_12-23-14-416053_earlyRefresh,earlyRefresh,high-skew-zipf,1787574432.416000,237.999947,faf_by_key,key=/api/backend/1,4.999833314812757
2026-08-24_12-23-14-416053_earlyRefresh,earlyRefresh,high-skew-zipf,1787574433.416000,238.999947,faf_by_key,key=/api/backend/1,5
2026-08-24_12-23-14-416053_earlyRefresh,earlyRefresh,high-skew-zipf,1787574434.416000,239.999947,faf_by_key,key=/api/backend/1,5
2026-08-24_12-23-14-416053_earlyRefresh,earlyRefresh,high-skew-zipf,1787574216.416000,21.999947,faf_by_key,key=/api/backend/2,5.005828652437085
2026-08-24_12-23-14-416053_earlyRefresh,earlyRefresh,high-skew-zipf,1787574217.416000,22.999947,faf_by_key,key=/api/backend/2,5.048913280195131
2026-08-24_12-23-14-416053_earlyRefresh,earlyRefresh,high-skew-zipf,1787574218.416000,23.999947,faf_by_key,key=/api/backend/2,5.081803349494974
2026-08-24_12-23-14-416053_earlyRefresh,earlyRefresh,high-skew-zipf,1787574219.416000,24.999947,faf_by_key,key=/api/backend/2,4.999666703699589
2026-08-24_12-23-14-416053_earlyRefresh,earlyRefresh,high-skew-zipf,1787574220.416000,25.999947,faf_by_key,key=/api/backend/2,1.9997778024663928
2026-08-24_12-23-14-416053_earlyRefresh,earlyRefresh,high-skew-zipf,1787574221.416000,26.999947,faf_by_key,key=/api/backend/2,1.9998889012331962
2026-08-24_12-23-14-416053_earlyRefresh,earlyRefresh,high-skew-zipf,1787574222.416000,27.999947,faf_by_key,key=/api/backend/2,1.999888876541838
2026-08-24_12-23-14-416053_earlyRefresh,earlyRefresh,high-skew-zipf,1787574223.416000,28.999947,faf_by_key,key=/api/backend/2,2
2026-08-24_12-23-14-416053_earlyRefresh,earlyRefresh,high-skew-zipf,1787574224.416000,29.999947,faf_by_key,key=/api/backend/2,2
2026-08-24_12-23-14-416053_earlyRefresh,earlyRefresh,high-skew-zipf,1787574227.416000,32.999947,faf_by_key,key=/api/backend/2,6.000000000000001
2026-08-24_12-23-14-416053_earlyRefresh,earlyRefresh,high-skew-zipf,1787574228.416000,33.999947,faf_by_key,key=/api/backend/2,5.999666629625514
2026-08-24_12-23-14-416053_earlyRefresh,earlyRefresh,high-skew-zipf,1787574229.416000,34.999947,faf_by_key,key=/api/backend/2,5.999666629625514
2026-08-24_12-23-14-416053_earlyRefresh,earlyRefresh,high-skew-zipf,1787574230.416000,35.999947,faf_by_key,key=/api/backend/2,5.999666592576128
2026-08-24_12-23-14-416053_earlyRefresh,earlyRefresh,high-skew-zipf,1787574231.416000,36.999947,faf_by_key,key=/api/backend/2,6
2026-08-24_12-23-14-416053_earlyRefresh,earlyRefresh,high-skew-zipf,1787574232.416000,37.999947,faf_by_key,key=/api/backend/2,5.99966670369959
2026-08-24_12-23-14-416053_earlyRefresh,earlyRefresh,high-skew-zipf,1787574233.416000,38.999947,faf_by_key,key=/api/backend/2,6.000333370374485
2026-08-24_12-23-14-416053_earlyRefresh,earlyRefresh,high-skew-zipf,1787574234.416000,39.999947,faf_by_key,key=/api/backend/2,5.99966670369959
2026-08-24_12-23-14-416053_earlyRefresh,earlyRefresh,high-skew-zipf,1787574235.416000,40.999947,faf_by_key,key=/api/backend/2,6.000333370374485
2026-08-24_12-23-14-416053_earlyRefresh,earlyRefresh,high-skew-zipf,1787574237.416000,42.999947,faf_by_key,key=/api/backend/2,1
2026-08-24_12-23-14-416053_earlyRefresh,earlyRefresh,high-skew-zipf,1787574238.416000,43.999947,faf_by_key,key=/api/backend/2,2
2026-08-24_12-23-14-416053_earlyRefresh,earlyRefresh,high-skew-zipf,1787574239.416000,44.999947,faf_by_key,key=/api/backend/2,2
2026-08-24_12-23-14-416053_earlyRefresh,earlyRefresh,high-skew-zipf,1787574240.416000,45.999947,faf_by_key,key=/api/backend/2,2
2026-08-24_12-23-14-416053_earlyRefresh,earlyRefresh,high-skew-zipf,1787574241.416000,46.999947,faf_by_key,key=/api/backend/2,2
2026-08-24_12-23-14-416053_earlyRefresh,earlyRefresh,high-skew-zipf,1787574242.416000,47.999947,faf_by_key,key=/api/backend/2,2
2026-08-24_12-23-14-416053_earlyRefresh,earlyRefresh,high-skew-zipf,1787574243.416000,48.999947,faf_by_key,key=/api/backend/2,1.5000277793210735
2026-08-24_12-23-14-416053_earlyRefresh,earlyRefresh,high-skew-zipf,1787574244.416000,49.999947,faf_by_key,key=/api/backend/2,1.5
2026-08-24_12-23-14-416053_earlyRefresh,earlyRefresh,high-skew-zipf,1787574245.416000,50.999947,faf_by_key,key=/api/backend/2,1.5000277762346537
2026-08-24_12-23-14-416053_earlyRefresh,earlyRefresh,high-skew-zipf,1787574246.416000,51.999947,faf_by_key,key=/api/backend/2,1.9998888888888888
2026-08-24_12-23-14-416053_earlyRefresh,earlyRefresh,high-skew-zipf,1787574247.416000,52.999947,faf_by_key,key=/api/backend/2,1
2026-08-24_12-23-14-416053_earlyRefresh,earlyRefresh,high-skew-zipf,1787574248.416000,53.999947,faf_by_key,key=/api/backend/2,1
2026-08-24_12-23-14-416053_earlyRefresh,earlyRefresh,high-skew-zipf,1787574249.416000,54.999947,faf_by_key,key=/api/backend/2,1
2026-08-24_12-23-14-416053_earlyRefresh,earlyRefresh,high-skew-zipf,1787574250.416000,55.999947,faf_by_key,key=/api/backend/2,1
2026-08-24_12-23-14-416053_earlyRefresh,earlyRefresh,high-skew-zipf,1787574251.416000,56.999947,faf_by_key,key=/api/backend/2,1
2026-08-24_12-23-14-416053_earlyRefresh,earlyRefresh,high-skew-zipf,1787574254.416000,59.999947,faf_by_key,key=/api/backend/2,3
2026-08-24_12-23-14-416053_earlyRefresh,earlyRefresh,high-skew-zipf,1787574255.416000,60.999947,faf_by_key,key=/api/backend/2,3
2026-08-24_12-23-14-416053_earlyRefresh,earlyRefresh,high-skew-zipf,1787574256.416000,61.999947,faf_by_key,key=/api/backend/2,3
2026-08-24_12-23-14-416053_earlyRefresh,earlyRefresh,high-skew-zipf,1787574257.416000,62.999947,faf_by_key,key=/api/backend/2,3
2026-08-24_12-23-14-416053_earlyRefresh,earlyRefresh,high-skew-zipf,1787574258.416000,63.999947,faf_by_key,key=/api/backend/2,3
2026-08-24_12-23-14-416053_earlyRefresh,earlyRefresh,high-skew-zipf,1787574259.416000,64.999947,faf_by_key,key=/api/backend/2,2.5
2026-08-24_12-23-14-416053_earlyRefresh,earlyRefresh,high-skew-zipf,1787574260.416000,65.999947,faf_by_key,key=/api/backend/2,2.5
2026-08-24_12-23-14-416053_earlyRefresh,earlyRefresh,high-skew-zipf,1787574261.416000,66.999947,faf_by_key,key=/api/backend/2,2.500055561729081
2026-08-24_12-23-14-416053_earlyRefresh,earlyRefresh,high-skew-zipf,1787574262.416000,67.999947,faf_by_key,key=/api/backend/2,2.5
2026-08-24_12-23-14-416053_earlyRefresh,earlyRefresh,high-skew-zipf,1787574263.416000,68.999947,faf_by_key,key=/api/backend/2,1.9998889012331962
2026-08-24_12-23-14-416053_earlyRefresh,earlyRefresh,high-skew-zipf,1787574264.416000,69.999947,faf_by_key,key=/api/backend/2,1.9998888888888888
2026-08-24_12-23-14-416053_earlyRefresh,earlyRefresh,high-skew-zipf,1787574265.416000,70.999947,faf_by_key,key=/api/backend/2,3.4999722237653463
2026-08-24_12-23-14-416053_earlyRefresh,earlyRefresh,high-skew-zipf,1787574266.416000,71.999947,faf_by_key,key=/api/backend/2,3.4999722206789268
2026-08-24_12-23-14-416053_earlyRefresh,earlyRefresh,high-skew-zipf,1787574267.416000,72.999947,faf_by_key,key=/api/backend/2,3.4999444444444445
2026-08-24_12-23-14-416053_earlyRefresh,earlyRefresh,high-skew-zipf,1787574268.416000,73.999947,faf_by_key,key=/api/backend/2,5.000222222222222
2026-08-24_12-23-14-416053_earlyRefresh,earlyRefresh,high-skew-zipf,1787574269.416000,74.999947,faf_by_key,key=/api/backend/2,5.000222222222222
2026-08-24_12-23-14-416053_earlyRefresh,earlyRefresh,high-skew-zipf,1787574270.416000,75.999947,faf_by_key,key=/api/backend/2,5.000222222222222
2026-08-24_12-23-14-416053_earlyRefresh,earlyRefresh,high-skew-zipf,1787574271.416000,76.999947,faf_by_key,key=/api/backend/2,5.000222222222222
2026-08-24_12-23-14-416053_earlyRefresh,earlyRefresh,high-skew-zipf,1787574272.416000,77.999947,faf_by_key,key=/api/backend/2,5
2026-08-24_12-23-14-416053_earlyRefresh,earlyRefresh,high-skew-zipf,1787574273.416000,78.999947,faf_by_key,key=/api/backend/2,5.000222222222222
2026-08-24_12-23-14-416053_earlyRefresh,earlyRefresh,high-skew-zipf,1787574281.416000,86.999947,faf_by_key,key=/api/backend/2,4.000111123458161
2026-08-24_12-23-14-416053_earlyRefresh,earlyRefresh,high-skew-zipf,1787574282.416000,87.999947,faf_by_key,key=/api/backend/2,4.000111135807957
2026-08-24_12-23-14-416053_earlyRefresh,earlyRefresh,high-skew-zipf,1787574283.416000,88.999947,faf_by_key,key=/api/backend/2,4.000111148160498
2026-08-24_12-23-14-416053_earlyRefresh,earlyRefresh,high-skew-zipf,1787574284.416000,89.999947,faf_by_key,key=/api/backend/2,4.000111135807957
2026-08-24_12-23-14-416053_earlyRefresh,earlyRefresh,high-skew-zipf,1787574285.416000,90.999947,faf_by_key,key=/api/backend/2,4
2026-08-24_12-23-14-416053_earlyRefresh,earlyRefresh,high-skew-zipf,1787574286.416000,91.999947,faf_by_key,key=/api/backend/2,3.000055567903979
2026-08-24_12-23-14-416053_earlyRefresh,earlyRefresh,high-skew-zipf,1787574287.416000,92.999947,faf_by_key,key=/api/backend/2,3.000055567903979
2026-08-24_12-23-14-416053_earlyRefresh,earlyRefresh,high-skew-zipf,1787574288.416000,93.999947,faf_by_key,key=/api/backend/2,3
2026-08-24_12-23-14-416053_earlyRefresh,earlyRefresh,high-skew-zipf,1787574289.416000,94.999947,faf_by_key,key=/api/backend/2,2.999944438270919
2026-08-24_12-23-14-416053_earlyRefresh,earlyRefresh,high-skew-zipf,1787574290.416000,95.999947,faf_by_key,key=/api/backend/2,2
2026-08-24_12-23-14-416053_earlyRefresh,earlyRefresh,high-skew-zipf,1787574291.416000,96.999947,faf_by_key,key=/api/backend/2,2
2026-08-24_12-23-14-416053_earlyRefresh,earlyRefresh,high-skew-zipf,1787574292.416000,97.999947,faf_by_key,key=/api/backend/2,2
2026-08-24_12-23-14-416053_earlyRefresh,earlyRefresh,high-skew-zipf,1787574293.416000,98.999947,faf_by_key,key=/api/backend/2,2
2026-08-24_12-23-14-416053_earlyRefresh,earlyRefresh,high-skew-zipf,1787574294.416000,99.999947,faf_by_key,key=/api/backend/2,2
2026-08-24_12-23-14-416053_earlyRefresh,earlyRefresh,high-skew-zipf,1787574301.416000,106.999947,faf_by_key,key=/api/backend/2,1
2026-08-24_12-23-14-416053_earlyRefresh,earlyRefresh,high-skew-zipf,1787574302.416000,107.999947,faf_by_key,key=/api/backend/2,1
2026-08-24_12-23-14-416053_earlyRefresh,earlyRefresh,high-skew-zipf,1787574303.416000,108.999947,faf_by_key,key=/api/backend/2,1
2026-08-24_12-23-14-416053_earlyRefresh,earlyRefresh,high-skew-zipf,1787574304.416000,109.999947,faf_by_key,key=/api/backend/2,1
2026-08-24_12-23-14-416053_earlyRefresh,earlyRefresh,high-skew-zipf,1787574305.416000,110.999947,faf_by_key,key=/api/backend/2,1
2026-08-24_12-23-14-416053_earlyRefresh,earlyRefresh,high-skew-zipf,1787574306.416000,111.999947,faf_by_key,key=/api/backend/2,1
2026-08-24_12-23-14-416053_earlyRefresh,earlyRefresh,high-skew-zipf,1787574307.416000,112.999947,faf_by_key,key=/api/backend/2,1.5
2026-08-24_12-23-14-416053_earlyRefresh,earlyRefresh,high-skew-zipf,1787574308.416000,113.999947,faf_by_key,key=/api/backend/2,1.5
2026-08-24_12-23-14-416053_earlyRefresh,earlyRefresh,high-skew-zipf,1787574309.416000,114.999947,faf_by_key,key=/api/backend/2,1.5
2026-08-24_12-23-14-416053_earlyRefresh,earlyRefresh,high-skew-zipf,1787574310.416000,115.999947,faf_by_key,key=/api/backend/2,2
2026-08-24_12-23-14-416053_earlyRefresh,earlyRefresh,high-skew-zipf,1787574311.416000,116.999947,faf_by_key,key=/api/backend/2,2
2026-08-24_12-23-14-416053_earlyRefresh,earlyRefresh,high-skew-zipf,1787574312.416000,117.999947,faf_by_key,key=/api/backend/2,4.499861087959104
2026-08-24_12-23-14-416053_earlyRefresh,earlyRefresh,high-skew-zipf,1787574313.416000,118.999947,faf_by_key,key=/api/backend/2,4.499861087959104
2026-08-24_12-23-14-416053_earlyRefresh,earlyRefresh,high-skew-zipf,1787574314.416000,119.999947,faf_by_key,key=/api/backend/2,4.499999999999999
2026-08-24_12-23-14-416053_earlyRefresh,earlyRefresh,high-skew-zipf,1787574315.416000,120.999947,faf_by_key,key=/api/backend/2,4.499861087959104
2026-08-24_12-23-14-416053_earlyRefresh,earlyRefresh,high-skew-zipf,1787574316.416000,121.999947,faf_by_key,key=/api/backend/2,7.000000000000001
2026-08-24_12-23-14-416053_earlyRefresh,earlyRefresh,high-skew-zipf,1787574317.416000,122.999947,faf_by_key,key=/api/backend/2,7.000000000000001
2026-08-24_12-23-14-416053_earlyRefresh,earlyRefresh,high-skew-zipf,1787574318.416000,123.999947,faf_by_key,key=/api/backend/2,5.499861087959104
2026-08-24_12-23-14-416053_earlyRefresh,earlyRefresh,high-skew-zipf,1787574319.416000,124.999947,faf_by_key,key=/api/backend/2,5.5
2026-08-24_12-23-14-416053_earlyRefresh,earlyRefresh,high-skew-zipf,1787574320.416000,125.999947,faf_by_key,key=/api/backend/2,5.500138912040896
2026-08-24_12-23-14-416053_earlyRefresh,earlyRefresh,high-skew-zipf,1787574321.416000,126.999947,faf_by_key,key=/api/backend/2,4
2026-08-24_12-23-14-416053_earlyRefresh,earlyRefresh,high-skew-zipf,1787574322.416000,127.999947,faf_by_key,key=/api/backend/2,4
2026-08-24_12-23-14-416053_earlyRefresh,earlyRefresh,high-skew-zipf,1787574323.416000,128.999947,faf_by_key,key=/api/backend/2,4
2026-08-24_12-23-14-416053_earlyRefresh,earlyRefresh,high-skew-zipf,1787574324.416000,129.999947,faf_by_key,key=/api/backend/2,4
2026-08-24_12-23-14-416053_earlyRefresh,earlyRefresh,high-skew-zipf,1787574325.416000,130.999947,faf_by_key,key=/api/backend/2,4
2026-08-24_12-23-14-416053_earlyRefresh,earlyRefresh,high-skew-zipf,1787574326.416000,131.999947,faf_by_key,key=/api/backend/2,3.999777802466393
2026-08-24_12-23-14-416053_earlyRefresh,earlyRefresh,high-skew-zipf,1787574333.416000,138.999947,faf_by_key,key=/api/backend/2,2
2026-08-24_12-23-14-416053_earlyRefresh,earlyRefresh,high-skew-zipf,1787574334.416000,139.999947,faf_by_key,key=/api/backend/2,2
2026-08-24_12-23-14-416053_earlyRefresh,earlyRefresh,high-skew-zipf,1787574335.416000,140.999947,faf_by_key,key=/api/backend/2,2
2026-08-24_12-23-14-416053_earlyRefresh,earlyRefresh,high-skew-zipf,1787574336.416000,141.999947,faf_by_key,key=/api/backend/2,2
2026-08-24_12-23-14-416053_earlyRefresh,earlyRefresh,high-skew-zipf,1787574337.416000,142.999947,faf_by_key,key=/api/backend/2,2
2026-08-24_12-23-14-416053_earlyRefresh,earlyRefresh,high-skew-zipf,1787574338.416000,143.999947,faf_by_key,key=/api/backend/2,2
2026-08-24_12-23-14-416053_earlyRefresh,earlyRefresh,high-skew-zipf,1787574339.416000,144.999947,faf_by_key,key=/api/backend/2,1.5
2026-08-24_12-23-14-416053_earlyRefresh,earlyRefresh,high-skew-zipf,1787574340.416000,145.999947,faf_by_key,key=/api/backend/2,1.5
2026-08-24_12-23-14-416053_earlyRefresh,earlyRefresh,high-skew-zipf,1787574341.416000,146.999947,faf_by_key,key=/api/backend/2,1.5
2026-08-24_12-23-14-416053_earlyRefresh,earlyRefresh,high-skew-zipf,1787574342.416000,147.999947,faf_by_key,key=/api/backend/2,1
2026-08-24_12-23-14-416053_earlyRefresh,earlyRefresh,high-skew-zipf,1787574343.416000,148.999947,faf_by_key,key=/api/backend/2,1
2026-08-24_12-23-14-416053_earlyRefresh,earlyRefresh,high-skew-zipf,1787574344.416000,149.999947,faf_by_key,key=/api/backend/2,1
2026-08-24_12-23-14-416053_earlyRefresh,earlyRefresh,high-skew-zipf,1787574345.416000,150.999947,faf_by_key,key=/api/backend/2,1
2026-08-24_12-23-14-416053_earlyRefresh,earlyRefresh,high-skew-zipf,1787574346.416000,151.999947,faf_by_key,key=/api/backend/2,1
2026-08-24_12-23-14-416053_earlyRefresh,earlyRefresh,high-skew-zipf,1787574347.416000,152.999947,faf_by_key,key=/api/backend/2,1
2026-08-24_12-23-14-416053_earlyRefresh,earlyRefresh,high-skew-zipf,1787574349.416000,154.999947,faf_by_key,key=/api/backend/2,1
2026-08-24_12-23-14-416053_earlyRefresh,earlyRefresh,high-skew-zipf,1787574350.416000,155.999947,faf_by_key,key=/api/backend/2,1
2026-08-24_12-23-14-416053_earlyRefresh,earlyRefresh,high-skew-zipf,1787574351.416000,156.999947,faf_by_key,key=/api/backend/2,1
2026-08-24_12-23-14-416053_earlyRefresh,earlyRefresh,high-skew-zipf,1787574352.416000,157.999947,faf_by_key,key=/api/backend/2,1
2026-08-24_12-23-14-416053_earlyRefresh,earlyRefresh,high-skew-zipf,1787574353.416000,158.999947,faf_by_key,key=/api/backend/2,1
2026-08-24_12-23-14-416053_earlyRefresh,earlyRefresh,high-skew-zipf,1787574354.416000,159.999947,faf_by_key,key=/api/backend/2,1
2026-08-24_12-23-14-416053_earlyRefresh,earlyRefresh,high-skew-zipf,1787574355.416000,160.999947,faf_by_key,key=/api/backend/2,1.5
2026-08-24_12-23-14-416053_earlyRefresh,earlyRefresh,high-skew-zipf,1787574356.416000,161.999947,faf_by_key,key=/api/backend/2,1.5
2026-08-24_12-23-14-416053_earlyRefresh,earlyRefresh,high-skew-zipf,1787574357.416000,162.999947,faf_by_key,key=/api/backend/2,1.5
2026-08-24_12-23-14-416053_earlyRefresh,earlyRefresh,high-skew-zipf,1787574358.416000,163.999947,faf_by_key,key=/api/backend/2,2
2026-08-24_12-23-14-416053_earlyRefresh,earlyRefresh,high-skew-zipf,1787574359.416000,164.999947,faf_by_key,key=/api/backend/2,2
2026-08-24_12-23-14-416053_earlyRefresh,earlyRefresh,high-skew-zipf,1787574360.416000,165.999947,faf_by_key,key=/api/backend/2,2.5000277762346537
2026-08-24_12-23-14-416053_earlyRefresh,earlyRefresh,high-skew-zipf,1787574361.416000,166.999947,faf_by_key,key=/api/backend/2,2.5
2026-08-24_12-23-14-416053_earlyRefresh,earlyRefresh,high-skew-zipf,1787574362.416000,167.999947,faf_by_key,key=/api/backend/2,2.5000277762346537
2026-08-24_12-23-14-416053_earlyRefresh,earlyRefresh,high-skew-zipf,1787574363.416000,168.999947,faf_by_key,key=/api/backend/2,4.000222222222222
2026-08-24_12-23-14-416053_earlyRefresh,earlyRefresh,high-skew-zipf,1787574364.416000,169.999947,faf_by_key,key=/api/backend/2,3.000111111111111
2026-08-24_12-23-14-416053_earlyRefresh,earlyRefresh,high-skew-zipf,1787574365.416000,170.999947,faf_by_key,key=/api/backend/2,3.000111111111111
2026-08-24_12-23-14-416053_earlyRefresh,earlyRefresh,high-skew-zipf,1787574366.416000,171.999947,faf_by_key,key=/api/backend/2,2.999888901233196
2026-08-24_12-23-14-416053_earlyRefresh,earlyRefresh,high-skew-zipf,1787574367.416000,172.999947,faf_by_key,key=/api/backend/2,3
2026-08-24_12-23-14-416053_earlyRefresh,earlyRefresh,high-skew-zipf,1787574368.416000,173.999947,faf_by_key,key=/api/backend/2,3
2026-08-24_12-23-14-416053_earlyRefresh,earlyRefresh,high-skew-zipf,1787574376.416000,181.999947,faf_by_key,key=/api/backend/2,2
2026-08-24_12-23-14-416053_earlyRefresh,earlyRefresh,high-skew-zipf,1787574377.416000,182.999947,faf_by_key,key=/api/backend/2,2
2026-08-24_12-23-14-416053_earlyRefresh,earlyRefresh,high-skew-zipf,1787574378.416000,183.999947,faf_by_key,key=/api/backend/2,1.999888876541838
2026-08-24_12-23-14-416053_earlyRefresh,earlyRefresh,high-skew-zipf,1787574379.416000,184.999947,faf_by_key,key=/api/backend/2,2.0001111358079573
2026-08-24_12-23-14-416053_earlyRefresh,earlyRefresh,high-skew-zipf,1787574380.416000,185.999947,faf_by_key,key=/api/backend/2,2.0001111358079573
2026-08-24_12-23-14-416053_earlyRefresh,earlyRefresh,high-skew-zipf,1787574381.416000,186.999947,faf_by_key,key=/api/backend/2,2.000111111111111
2026-08-24_12-23-14-416053_earlyRefresh,earlyRefresh,high-skew-zipf,1787574382.416000,187.999947,faf_by_key,key=/api/backend/2,2.000111111111111
2026-08-24_12-23-14-416053_earlyRefresh,earlyRefresh,high-skew-zipf,1787574383.416000,188.999947,faf_by_key,key=/api/backend/2,2
2026-08-24_12-23-14-416053_earlyRefresh,earlyRefresh,high-skew-zipf,1787574384.416000,189.999947,faf_by_key,key=/api/backend/2,2
2026-08-24_12-23-14-416053_earlyRefresh,earlyRefresh,high-skew-zipf,1787574385.416000,190.999947,faf_by_key,key=/api/backend/2,1.9998888888888888
2026-08-24_12-23-14-416053_earlyRefresh,earlyRefresh,high-skew-zipf,1787574386.416000,191.999947,faf_by_key,key=/api/backend/2,1.4999444444444445
2026-08-24_12-23-14-416053_earlyRefresh,earlyRefresh,high-skew-zipf,1787574387.416000,192.999947,faf_by_key,key=/api/backend/2,2.000111123458162
2026-08-24_12-23-14-416053_earlyRefresh,earlyRefresh,high-skew-zipf,1787574388.416000,193.999947,faf_by_key,key=/api/backend/2,2.0000555617290807
2026-08-24_12-23-14-416053_earlyRefresh,earlyRefresh,high-skew-zipf,1787574389.416000,194.999947,faf_by_key,key=/api/backend/2,1.999944450616598
2026-08-24_12-23-14-416053_earlyRefresh,earlyRefresh,high-skew-zipf,1787574390.416000,195.999947,faf_by_key,key=/api/backend/2,2
2026-08-24_12-23-14-416053_earlyRefresh,earlyRefresh,high-skew-zipf,1787574391.416000,196.999947,faf_by_key,key=/api/backend/2,2
2026-08-24_12-23-14-416053_earlyRefresh,earlyRefresh,high-skew-zipf,1787574392.416000,197.999947,faf_by_key,key=/api/backend/2,4
2026-08-24_12-23-14-416053_earlyRefresh,earlyRefresh,high-skew-zipf,1787574393.416000,198.999947,faf_by_key,key=/api/backend/2,4.00011111111111
2026-08-24_12-23-14-416053_earlyRefresh,earlyRefresh,high-skew-zipf,1787574394.416000,199.999947,faf_by_key,key=/api/backend/2,4.00011111111111
2026-08-24_12-23-14-416053_earlyRefresh,earlyRefresh,high-skew-zipf,1787574395.416000,200.999947,faf_by_key,key=/api/backend/2,7.000222222222223
2026-08-24_12-23-14-416053_earlyRefresh,earlyRefresh,high-skew-zipf,1787574396.416000,201.999947,faf_by_key,key=/api/backend/2,5.999777802466392
2026-08-24_12-23-14-416053_earlyRefresh,earlyRefresh,high-skew-zipf,1787574397.416000,202.999947,faf_by_key,key=/api/backend/2,4
2026-08-24_12-23-14-416053_earlyRefresh,earlyRefresh,high-skew-zipf,1787574398.416000,203.999947,faf_by_key,key=/api/backend/2,4.999999999999999
2026-08-24_12-23-14-416053_earlyRefresh,earlyRefresh,high-skew-zipf,1787574399.416000,204.999947,faf_by_key,key=/api/backend/2,5
2026-08-24_12-23-14-416053_earlyRefresh,earlyRefresh,high-skew-zipf,1787574400.416000,205.999947,faf_by_key,key=/api/backend/2,5
2026-08-24_12-23-14-416053_earlyRefresh,earlyRefresh,high-skew-zipf,1787574401.416000,206.999947,faf_by_key,key=/api/backend/2,4.000111123458161
2026-08-24_12-23-14-416053_earlyRefresh,earlyRefresh,high-skew-zipf,1787574402.416000,207.999947,faf_by_key,key=/api/backend/2,3.9998888765418377
2026-08-24_12-23-14-416053_earlyRefresh,earlyRefresh,high-skew-zipf,1787574403.416000,208.999947,faf_by_key,key=/api/backend/2,3.500166703711936
2026-08-24_12-23-14-416053_earlyRefresh,earlyRefresh,high-skew-zipf,1787574404.416000,209.999947,faf_by_key,key=/api/backend/2,3.500166703711936
2026-08-24_12-23-14-416053_earlyRefresh,earlyRefresh,high-skew-zipf,1787574405.416000,210.999947,faf_by_key,key=/api/backend/2,3.500166703711936
2026-08-24_12-23-14-416053_earlyRefresh,earlyRefresh,high-skew-zipf,1787574406.416000,211.999947,faf_by_key,key=/api/backend/2,4.999999999999999
2026-08-24_12-23-14-416053_earlyRefresh,earlyRefresh,high-skew-zipf,1787574407.416000,212.999947,faf_by_key,key=/api/backend/2,3.0002222716159146
2026-08-24_12-23-14-416053_earlyRefresh,earlyRefresh,high-skew-zipf,1787574408.416000,213.999947,faf_by_key,key=/api/backend/2,2.9999999999999996
2026-08-24_12-23-14-416053_earlyRefresh,earlyRefresh,high-skew-zipf,1787574409.416000,214.999947,faf_by_key,key=/api/backend/2,2.000055564816358
2026-08-24_12-23-14-416053_earlyRefresh,earlyRefresh,high-skew-zipf,1787574410.416000,215.999947,faf_by_key,key=/api/backend/2,1.9999999999999996
2026-08-24_12-23-14-416053_earlyRefresh,earlyRefresh,high-skew-zipf,1787574411.416000,216.999947,faf_by_key,key=/api/backend/2,2.000111111111111
2026-08-24_12-23-14-416053_earlyRefresh,earlyRefresh,high-skew-zipf,1787574412.416000,217.999947,faf_by_key,key=/api/backend/2,1
2026-08-24_12-23-14-416053_earlyRefresh,earlyRefresh,high-skew-zipf,1787574413.416000,218.999947,faf_by_key,key=/api/backend/2,1
2026-08-24_12-23-14-416053_earlyRefresh,earlyRefresh,high-skew-zipf,1787574414.416000,219.999947,faf_by_key,key=/api/backend/2,1
2026-08-24_12-23-14-416053_earlyRefresh,earlyRefresh,high-skew-zipf,1787574415.416000,220.999947,faf_by_key,key=/api/backend/2,1
2026-08-24_12-23-14-416053_earlyRefresh,earlyRefresh,high-skew-zipf,1787574416.416000,221.999947,faf_by_key,key=/api/backend/2,1
2026-08-24_12-23-14-416053_earlyRefresh,earlyRefresh,high-skew-zipf,1787574417.416000,222.999947,faf_by_key,key=/api/backend/2,1
2026-08-24_12-23-14-416053_earlyRefresh,earlyRefresh,high-skew-zipf,1787574418.416000,223.999947,faf_by_key,key=/api/backend/2,1
2026-08-24_12-23-14-416053_earlyRefresh,earlyRefresh,high-skew-zipf,1787574419.416000,224.999947,faf_by_key,key=/api/backend/2,1
2026-08-24_12-23-14-416053_earlyRefresh,earlyRefresh,high-skew-zipf,1787574420.416000,225.999947,faf_by_key,key=/api/backend/2,1
2026-08-24_12-23-14-416053_earlyRefresh,earlyRefresh,high-skew-zipf,1787574421.416000,226.999947,faf_by_key,key=/api/backend/2,1
2026-08-24_12-23-14-416053_earlyRefresh,earlyRefresh,high-skew-zipf,1787574422.416000,227.999947,faf_by_key,key=/api/backend/2,1
2026-08-24_12-23-14-416053_earlyRefresh,earlyRefresh,high-skew-zipf,1787574423.416000,228.999947,faf_by_key,key=/api/backend/2,1
2026-08-24_12-23-14-416053_earlyRefresh,earlyRefresh,high-skew-zipf,1787574424.416000,229.999947,faf_by_key,key=/api/backend/2,1
2026-08-24_12-23-14-416053_earlyRefresh,earlyRefresh,high-skew-zipf,1787574425.416000,230.999947,faf_by_key,key=/api/backend/2,1
2026-08-24_12-23-14-416053_earlyRefresh,earlyRefresh,high-skew-zipf,1787574426.416000,231.999947,faf_by_key,key=/api/backend/2,1
2026-08-24_12-23-14-416053_earlyRefresh,earlyRefresh,high-skew-zipf,1787574427.416000,232.999947,faf_by_key,key=/api/backend/2,1
2026-08-24_12-23-14-416053_earlyRefresh,earlyRefresh,high-skew-zipf,1787574428.416000,233.999947,faf_by_key,key=/api/backend/2,1
2026-08-24_12-23-14-416053_earlyRefresh,earlyRefresh,high-skew-zipf,1787574429.416000,234.999947,faf_by_key,key=/api/backend/2,1
2026-08-24_12-23-14-416053_earlyRefresh,earlyRefresh,high-skew-zipf,1787574430.416000,235.999947,faf_by_key,key=/api/backend/2,2
2026-08-24_12-23-14-416053_earlyRefresh,earlyRefresh,high-skew-zipf,1787574431.416000,236.999947,faf_by_key,key=/api/backend/2,2.000055555555555
2026-08-24_12-23-14-416053_earlyRefresh,earlyRefresh,high-skew-zipf,1787574432.416000,237.999947,faf_by_key,key=/api/backend/2,2.000055567903978
2026-08-24_12-23-14-416053_earlyRefresh,earlyRefresh,high-skew-zipf,1787574433.416000,238.999947,faf_by_key,key=/api/backend/2,3
2026-08-24_12-23-14-416053_earlyRefresh,earlyRefresh,high-skew-zipf,1787574434.416000,239.999947,faf_by_key,key=/api/backend/2,3
2026-08-24_12-23-14-416053_earlyRefresh,earlyRefresh,high-skew-zipf,1787574211.416000,16.999947,faf_by_key,key=/api/backend/3,1
2026-08-24_12-23-14-416053_earlyRefresh,earlyRefresh,high-skew-zipf,1787574212.416000,17.999947,faf_by_key,key=/api/backend/3,2.4867999999999997
2026-08-24_12-23-14-416053_earlyRefresh,earlyRefresh,high-skew-zipf,1787574213.416000,18.999947,faf_by_key,key=/api/backend/3,2.1934
2026-08-24_12-23-14-416053_earlyRefresh,earlyRefresh,high-skew-zipf,1787574214.416000,19.999947,faf_by_key,key=/api/backend/3,2.0959153051017005
2026-08-24_12-23-14-416053_earlyRefresh,earlyRefresh,high-skew-zipf,1787574215.416000,20.999947,faf_by_key,key=/api/backend/3,2.0467
2026-08-24_12-23-14-416053_earlyRefresh,earlyRefresh,high-skew-zipf,1787574216.416000,21.999947,faf_by_key,key=/api/backend/3,2.0176585697139426
2026-08-24_12-23-14-416053_earlyRefresh,earlyRefresh,high-skew-zipf,1787574217.416000,22.999947,faf_by_key,key=/api/backend/3,1.498976912818803
2026-08-24_12-23-14-416053_earlyRefresh,earlyRefresh,high-skew-zipf,1787574218.416000,23.999947,faf_by_key,key=/api/backend/3,1.4919689428571428
2026-08-24_12-23-14-416053_earlyRefresh,earlyRefresh,high-skew-zipf,1787574219.416000,24.999947,faf_by_key,key=/api/backend/3,1.4867864072852857
2026-08-24_12-23-14-416053_earlyRefresh,earlyRefresh,high-skew-zipf,1787574220.416000,25.999947,faf_by_key,key=/api/backend/3,2.000222246916324
2026-08-24_12-23-14-416053_earlyRefresh,earlyRefresh,high-skew-zipf,1787574221.416000,26.999947,faf_by_key,key=/api/backend/3,1
2026-08-24_12-23-14-416053_earlyRefresh,earlyRefresh,high-skew-zipf,1787574222.416000,27.999947,faf_by_key,key=/api/backend/3,1
2026-08-24_12-23-14-416053_earlyRefresh,earlyRefresh,high-skew-zipf,1787574223.416000,28.999947,faf_by_key,key=/api/backend/3,1
2026-08-24_12-23-14-416053_earlyRefresh,earlyRefresh,high-skew-zipf,1787574224.416000,29.999947,faf_by_key,key=/api/backend/3,1
2026-08-24_12-23-14-416053_earlyRefresh,earlyRefresh,high-skew-zipf,1787574225.416000,30.999947,faf_by_key,key=/api/backend/3,1
2026-08-24_12-23-14-416053_earlyRefresh,earlyRefresh,high-skew-zipf,1787574243.416000,48.999947,faf_by_key,key=/api/backend/3,1
2026-08-24_12-23-14-416053_earlyRefresh,earlyRefresh,high-skew-zipf,1787574244.416000,49.999947,faf_by_key,key=/api/backend/3,3
2026-08-24_12-23-14-416053_earlyRefresh,earlyRefresh,high-skew-zipf,1787574245.416000,50.999947,faf_by_key,key=/api/backend/3,2.9997778024663924
2026-08-24_12-23-14-416053_earlyRefresh,earlyRefresh,high-skew-zipf,1787574246.416000,51.999947,faf_by_key,key=/api/backend/3,3.000222246916324
2026-08-24_12-23-14-416053_earlyRefresh,earlyRefresh,high-skew-zipf,1787574247.416000,52.999947,faf_by_key,key=/api/backend/3,3
2026-08-24_12-23-14-416053_earlyRefresh,earlyRefresh,high-skew-zipf,1787574248.416000,53.999947,faf_by_key,key=/api/backend/3,3
2026-08-24_12-23-14-416053_earlyRefresh,earlyRefresh,high-skew-zipf,1787574249.416000,54.999947,faf_by_key,key=/api/backend/3,3
2026-08-24_12-23-14-416053_earlyRefresh,earlyRefresh,high-skew-zipf,1787574250.416000,55.999947,faf_by_key,key=/api/backend/3,2.9997777777777785
2026-08-24_12-23-14-416053_earlyRefresh,earlyRefresh,high-skew-zipf,1787574251.416000,56.999947,faf_by_key,key=/api/backend/3,3
2026-08-24_12-23-14-416053_earlyRefresh,earlyRefresh,high-skew-zipf,1787574254.416000,59.999947,faf_by_key,key=/api/backend/3,1
2026-08-24_12-23-14-416053_earlyRefresh,earlyRefresh,high-skew-zipf,1787574255.416000,60.999947,faf_by_key,key=/api/backend/3,2
2026-08-24_12-23-14-416053_earlyRefresh,earlyRefresh,high-skew-zipf,1787574256.416000,61.999947,faf_by_key,key=/api/backend/3,2
2026-08-24_12-23-14-416053_earlyRefresh,earlyRefresh,high-skew-zipf,1787574257.416000,62.999947,faf_by_key,key=/api/backend/3,2
2026-08-24_12-23-14-416053_earlyRefresh,earlyRefresh,high-skew-zipf,1787574258.416000,63.999947,faf_by_key,key=/api/backend/3,2
2026-08-24_12-23-14-416053_earlyRefresh,earlyRefresh,high-skew-zipf,1787574259.416000,64.999947,faf_by_key,key=/api/backend/3,2
2026-08-24_12-23-14-416053_earlyRefresh,earlyRefresh,high-skew-zipf,1787574260.416000,65.999947,faf_by_key,key=/api/backend/3,2
2026-08-24_12-23-14-416053_earlyRefresh,earlyRefresh,high-skew-zipf,1787574261.416000,66.999947,faf_by_key,key=/api/backend/3,2
2026-08-24_12-23-14-416053_earlyRefresh,earlyRefresh,high-skew-zipf,1787574262.416000,67.999947,faf_by_key,key=/api/backend/3,2
2026-08-24_12-23-14-416053_earlyRefresh,earlyRefresh,high-skew-zipf,1787574270.416000,75.999947,faf_by_key,key=/api/backend/3,6.000333333333334
2026-08-24_12-23-14-416053_earlyRefresh,earlyRefresh,high-skew-zipf,1787574271.416000,76.999947,faf_by_key,key=/api/backend/3,6.000333333333334
2026-08-24_12-23-14-416053_earlyRefresh,earlyRefresh,high-skew-zipf,1787574272.416000,77.999947,faf_by_key,key=/api/backend/3,6
2026-08-24_12-23-14-416053_earlyRefresh,earlyRefresh,high-skew-zipf,1787574273.416000,78.999947,faf_by_key,key=/api/backend/3,6.000333333333334
2026-08-24_12-23-14-416053_earlyRefresh,earlyRefresh,high-skew-zipf,1787574274.416000,79.999947,faf_by_key,key=/api/backend/3,6
2026-08-24_12-23-14-416053_earlyRefresh,earlyRefresh,high-skew-zipf,1787574275.416000,80.999947,faf_by_key,key=/api/backend/3,6
2026-08-24_12-23-14-416053_earlyRefresh,earlyRefresh,high-skew-zipf,1787574276.416000,81.999947,faf_by_key,key=/api/backend/3,6
2026-08-24_12-23-14-416053_earlyRefresh,earlyRefresh,high-skew-zipf,1787574277.416000,82.999947,faf_by_key,key=/api/backend/3,6
2026-08-24_12-23-14-416053_earlyRefresh,earlyRefresh,high-skew-zipf,1787574278.416000,83.999947,faf_by_key,key=/api/backend/3,6
2026-08-24_12-23-14-416053_earlyRefresh,earlyRefresh,high-skew-zipf,1787574286.416000,91.999947,faf_by_key,key=/api/backend/3,2
2026-08-24_12-23-14-416053_earlyRefresh,earlyRefresh,high-skew-zipf,1787574287.416000,92.999947,faf_by_key,key=/api/backend/3,2
2026-08-24_12-23-14-416053_earlyRefresh,earlyRefresh,high-skew-zipf,1787574288.416000,93.999947,faf_by_key,key=/api/backend/3,2
2026-08-24_12-23-14-416053_earlyRefresh,earlyRefresh,high-skew-zipf,1787574289.416000,94.999947,faf_by_key,key=/api/backend/3,2
2026-08-24_12-23-14-416053_earlyRefresh,earlyRefresh,high-skew-zipf,1787574290.416000,95.999947,faf_by_key,key=/api/backend/3,2
2026-08-24_12-23-14-416053_earlyRefresh,earlyRefresh,high-skew-zipf,1787574291.416000,96.999947,faf_by_key,key=/api/backend/3,2
2026-08-24_12-23-14-416053_earlyRefresh,earlyRefresh,high-skew-zipf,1787574292.416000,97.999947,faf_by_key,key=/api/backend/3,2.4999999999999996
2026-08-24_12-23-14-416053_earlyRefresh,earlyRefresh,high-skew-zipf,1787574293.416000,98.999947,faf_by_key,key=/api/backend/3,2.5
2026-08-24_12-23-14-416053_earlyRefresh,earlyRefresh,high-skew-zipf,1787574294.416000,99.999947,faf_by_key,key=/api/backend/3,2.499888888888889
2026-08-24_12-23-14-416053_earlyRefresh,earlyRefresh,high-skew-zipf,1787574295.416000,100.999947,faf_by_key,key=/api/backend/3,3
2026-08-24_12-23-14-416053_earlyRefresh,earlyRefresh,high-skew-zipf,1787574296.416000,101.999947,faf_by_key,key=/api/backend/3,3.000222246916324
2026-08-24_12-23-14-416053_earlyRefresh,earlyRefresh,high-skew-zipf,1787574297.416000,102.999947,faf_by_key,key=/api/backend/3,2
2026-08-24_12-23-14-416053_earlyRefresh,earlyRefresh,high-skew-zipf,1787574298.416000,103.999947,faf_by_key,key=/api/backend/3,2
2026-08-24_12-23-14-416053_earlyRefresh,earlyRefresh,high-skew-zipf,1787574299.416000,104.999947,faf_by_key,key=/api/backend/3,2.000111123458162
2026-08-24_12-23-14-416053_earlyRefresh,earlyRefresh,high-skew-zipf,1787574300.416000,105.999947,faf_by_key,key=/api/backend/3,2
2026-08-24_12-23-14-416053_earlyRefresh,earlyRefresh,high-skew-zipf,1787574301.416000,106.999947,faf_by_key,key=/api/backend/3,1
2026-08-24_12-23-14-416053_earlyRefresh,earlyRefresh,high-skew-zipf,1787574302.416000,107.999947,faf_by_key,key=/api/backend/3,1
2026-08-24_12-23-14-416053_earlyRefresh,earlyRefresh,high-skew-zipf,1787574303.416000,108.999947,faf_by_key,key=/api/backend/3,1.5
2026-08-24_12-23-14-416053_earlyRefresh,earlyRefresh,high-skew-zipf,1787574304.416000,109.999947,faf_by_key,key=/api/backend/3,1.5
2026-08-24_12-23-14-416053_earlyRefresh,earlyRefresh,high-skew-zipf,1787574305.416000,110.999947,faf_by_key,key=/api/backend/3,1.5000277762346537
2026-08-24_12-23-14-416053_earlyRefresh,earlyRefresh,high-skew-zipf,1787574306.416000,111.999947,faf_by_key,key=/api/backend/3,2
2026-08-24_12-23-14-416053_earlyRefresh,earlyRefresh,high-skew-zipf,1787574307.416000,112.999947,faf_by_key,key=/api/backend/3,1.9998888888888888
2026-08-24_12-23-14-416053_earlyRefresh,earlyRefresh,high-skew-zipf,1787574308.416000,113.999947,faf_by_key,key=/api/backend/3,2
2026-08-24_12-23-14-416053_earlyRefresh,earlyRefresh,high-skew-zipf,1787574309.416000,114.999947,faf_by_key,key=/api/backend/3,2
2026-08-24_12-23-14-416053_earlyRefresh,earlyRefresh,high-skew-zipf,1787574310.416000,115.999947,faf_by_key,key=/api/backend/3,2
2026-08-24_12-23-14-416053_earlyRefresh,earlyRefresh,high-skew-zipf,1787574311.416000,116.999947,faf_by_key,key=/api/backend/3,1.9998888888888888
2026-08-24_12-23-14-416053_earlyRefresh,earlyRefresh,high-skew-zipf,1787574313.416000,118.999947,faf_by_key,key=/api/backend/3,2
2026-08-24_12-23-14-416053_earlyRefresh,earlyRefresh,high-skew-zipf,1787574314.416000,119.999947,faf_by_key,key=/api/backend/3,5
2026-08-24_12-23-14-416053_earlyRefresh,earlyRefresh,high-skew-zipf,1787574315.416000,120.999947,faf_by_key,key=/api/backend/3,5.0002222716159155
2026-08-24_12-23-14-416053_earlyRefresh,earlyRefresh,high-skew-zipf,1787574316.416000,121.999947,faf_by_key,key=/api/backend/3,5
2026-08-24_12-23-14-416053_earlyRefresh,earlyRefresh,high-skew-zipf,1787574317.416000,122.999947,faf_by_key,key=/api/backend/3,5
2026-08-24_12-23-14-416053_earlyRefresh,earlyRefresh,high-skew-zipf,1787574318.416000,123.999947,faf_by_key,key=/api/backend/3,5.0002222716159155
2026-08-24_12-23-14-416053_earlyRefresh,earlyRefresh,high-skew-zipf,1787574319.416000,124.999947,faf_by_key,key=/api/backend/3,4.000000000000001
2026-08-24_12-23-14-416053_earlyRefresh,earlyRefresh,high-skew-zipf,1787574320.416000,125.999947,faf_by_key,key=/api/backend/3,3.999833314812757
2026-08-24_12-23-14-416053_earlyRefresh,earlyRefresh,high-skew-zipf,1787574321.416000,126.999947,faf_by_key,key=/api/backend/3,4
2026-08-24_12-23-14-416053_earlyRefresh,earlyRefresh,high-skew-zipf,1787574322.416000,127.999947,faf_by_key,key=/api/backend/3,6
2026-08-24_12-23-14-416053_earlyRefresh,earlyRefresh,high-skew-zipf,1787574323.416000,128.999947,faf_by_key,key=/api/backend/3,3
2026-08-24_12-23-14-416053_earlyRefresh,earlyRefresh,high-skew-zipf,1787574324.416000,129.999947,faf_by_key,key=/api/backend/3,3
2026-08-24_12-23-14-416053_earlyRefresh,earlyRefresh,high-skew-zipf,1787574325.416000,130.999947,faf_by_key,key=/api/backend/3,3
2026-08-24_12-23-14-416053_earlyRefresh,earlyRefresh,high-skew-zipf,1787574326.416000,131.999947,faf_by_key,key=/api/backend/3,2.999777802466393
2026-08-24_12-23-14-416053_earlyRefresh,earlyRefresh,high-skew-zipf,1787574327.416000,132.999947,faf_by_key,key=/api/backend/3,2.9998889012331964
2026-08-24_12-23-14-416053_earlyRefresh,earlyRefresh,high-skew-zipf,1787574335.416000,140.999947,faf_by_key,key=/api/backend/3,5.000444493832648
2026-08-24_12-23-14-416053_earlyRefresh,earlyRefresh,high-skew-zipf,1787574336.416000,141.999947,faf_by_key,key=/api/backend/3,5
2026-08-24_12-23-14-416053_earlyRefresh,earlyRefresh,high-skew-zipf,1787574337.416000,142.999947,faf_by_key,key=/api/backend/3,4.999555604932785
2026-08-24_12-23-14-416053_earlyRefresh,earlyRefresh,high-skew-zipf,1787574338.416000,143.999947,faf_by_key,key=/api/backend/3,5
2026-08-24_12-23-14-416053_earlyRefresh,earlyRefresh,high-skew-zipf,1787574339.416000,144.999947,faf_by_key,key=/api/backend/3,5
2026-08-24_12-23-14-416053_earlyRefresh,earlyRefresh,high-skew-zipf,1787574340.416000,145.999947,faf_by_key,key=/api/backend/3,3.000111123458162
2026-08-24_12-23-14-416053_earlyRefresh,earlyRefresh,high-skew-zipf,1787574341.416000,146.999947,faf_by_key,key=/api/backend/3,3
2026-08-24_12-23-14-416053_earlyRefresh,earlyRefresh,high-skew-zipf,1787574342.416000,147.999947,faf_by_key,key=/api/backend/3,3.000111123458162
2026-08-24_12-23-14-416053_earlyRefresh,earlyRefresh,high-skew-zipf,1787574343.416000,148.999947,faf_by_key,key=/api/backend/3,3
2026-08-24_12-23-14-416053_earlyRefresh,earlyRefresh,high-skew-zipf,1787574344.416000,149.999947,faf_by_key,key=/api/backend/3,1
2026-08-24_12-23-14-416053_earlyRefresh,earlyRefresh,high-skew-zipf,1787574345.416000,150.999947,faf_by_key,key=/api/backend/3,1
2026-08-24_12-23-14-416053_earlyRefresh,earlyRefresh,high-skew-zipf,1787574346.416000,151.999947,faf_by_key,key=/api/backend/3,1
2026-08-24_12-23-14-416053_earlyRefresh,earlyRefresh,high-skew-zipf,1787574347.416000,152.999947,faf_by_key,key=/api/backend/3,1
2026-08-24_12-23-14-416053_earlyRefresh,earlyRefresh,high-skew-zipf,1787574348.416000,153.999947,faf_by_key,key=/api/backend/3,1
2026-08-24_12-23-14-416053_earlyRefresh,earlyRefresh,high-skew-zipf,1787574349.416000,154.999947,faf_by_key,key=/api/backend/3,1
2026-08-24_12-23-14-416053_earlyRefresh,earlyRefresh,high-skew-zipf,1787574350.416000,155.999947,faf_by_key,key=/api/backend/3,1
2026-08-24_12-23-14-416053_earlyRefresh,earlyRefresh,high-skew-zipf,1787574351.416000,156.999947,faf_by_key,key=/api/backend/3,1
2026-08-24_12-23-14-416053_earlyRefresh,earlyRefresh,high-skew-zipf,1787574352.416000,157.999947,faf_by_key,key=/api/backend/3,1
2026-08-24_12-23-14-416053_earlyRefresh,earlyRefresh,high-skew-zipf,1787574353.416000,158.999947,faf_by_key,key=/api/backend/3,1
2026-08-24_12-23-14-416053_earlyRefresh,earlyRefresh,high-skew-zipf,1787574362.416000,167.999947,faf_by_key,key=/api/backend/3,2
2026-08-24_12-23-14-416053_earlyRefresh,earlyRefresh,high-skew-zipf,1787574363.416000,168.999947,faf_by_key,key=/api/backend/3,2
2026-08-24_12-23-14-416053_earlyRefresh,earlyRefresh,high-skew-zipf,1787574364.416000,169.999947,faf_by_key,key=/api/backend/3,2
2026-08-24_12-23-14-416053_earlyRefresh,earlyRefresh,high-skew-zipf,1787574365.416000,170.999947,faf_by_key,key=/api/backend/3,2
2026-08-24_12-23-14-416053_earlyRefresh,earlyRefresh,high-skew-zipf,1787574366.416000,171.999947,faf_by_key,key=/api/backend/3,2
2026-08-24_12-23-14-416053_earlyRefresh,earlyRefresh,high-skew-zipf,1787574367.416000,172.999947,faf_by_key,key=/api/backend/3,2.5
2026-08-24_12-23-14-416053_earlyRefresh,earlyRefresh,high-skew-zipf,1787574368.416000,173.999947,faf_by_key,key=/api/backend/3,2.5
2026-08-24_12-23-14-416053_earlyRefresh,earlyRefresh,high-skew-zipf,1787574369.416000,174.999947,faf_by_key,key=/api/backend/3,2.5
2026-08-24_12-23-14-416053_earlyRefresh,earlyRefresh,high-skew-zipf,1787574370.416000,175.999947,faf_by_key,key=/api/backend/3,2.5
2026-08-24_12-23-14-416053_earlyRefresh,earlyRefresh,high-skew-zipf,1787574371.416000,176.999947,faf_by_key,key=/api/backend/3,3
2026-08-24_12-23-14-416053_earlyRefresh,earlyRefresh,high-skew-zipf,1787574372.416000,177.999947,faf_by_key,key=/api/backend/3,3
2026-08-24_12-23-14-416053_earlyRefresh,earlyRefresh,high-skew-zipf,1787574373.416000,178.999947,faf_by_key,key=/api/backend/3,3
2026-08-24_12-23-14-416053_earlyRefresh,earlyRefresh,high-skew-zipf,1787574374.416000,179.999947,faf_by_key,key=/api/backend/3,3
2026-08-24_12-23-14-416053_earlyRefresh,earlyRefresh,high-skew-zipf,1787574375.416000,180.999947,faf_by_key,key=/api/backend/3,3
2026-08-24_12-23-14-416053_earlyRefresh,earlyRefresh,high-skew-zipf,1787574378.416000,183.999947,faf_by_key,key=/api/backend/3,4.999777753083676
2026-08-24_12-23-14-416053_earlyRefresh,earlyRefresh,high-skew-zipf,1787574379.416000,184.999947,faf_by_key,key=/api/backend/3,5.000222271615915
2026-08-24_12-23-14-416053_earlyRefresh,earlyRefresh,high-skew-zipf,1787574380.416000,185.999947,faf_by_key,key=/api/backend/3,5.000222271615915
2026-08-24_12-23-14-416053_earlyRefresh,earlyRefresh,high-skew-zipf,1787574381.416000,186.999947,faf_by_key,key=/api/backend/3,5.000222222222222
2026-08-24_12-23-14-416053_earlyRefresh,earlyRefresh,high-skew-zipf,1787574382.416000,187.999947,faf_by_key,key=/api/backend/3,5.000222222222222
2026-08-24_12-23-14-416053_earlyRefresh,earlyRefresh,high-skew-zipf,1787574383.416000,188.999947,faf_by_key,key=/api/backend/3,5
2026-08-24_12-23-14-416053_earlyRefresh,earlyRefresh,high-skew-zipf,1787574384.416000,189.999947,faf_by_key,key=/api/backend/3,3.5
2026-08-24_12-23-14-416053_earlyRefresh,earlyRefresh,high-skew-zipf,1787574385.416000,190.999947,faf_by_key,key=/api/backend/3,3.4998333333333336
2026-08-24_12-23-14-416053_earlyRefresh,earlyRefresh,high-skew-zipf,1787574386.416000,191.999947,faf_by_key,key=/api/backend/3,3.4998333333333336
2026-08-24_12-23-14-416053_earlyRefresh,earlyRefresh,high-skew-zipf,1787574387.416000,192.999947,faf_by_key,key=/api/backend/3,2.000222246916324
2026-08-24_12-23-14-416053_earlyRefresh,earlyRefresh,high-skew-zipf,1787574388.416000,193.999947,faf_by_key,key=/api/backend/3,2.000111123458162
2026-08-24_12-23-14-416053_earlyRefresh,earlyRefresh,high-skew-zipf,1787574389.416000,194.999947,faf_by_key,key=/api/backend/3,2.499944450616598
2026-08-24_12-23-14-416053_earlyRefresh,earlyRefresh,high-skew-zipf,1787574390.416000,195.999947,faf_by_key,key=/api/backend/3,2.5
2026-08-24_12-23-14-416053_earlyRefresh,earlyRefresh,high-skew-zipf,1787574391.416000,196.999947,faf_by_key,key=/api/backend/3,2.4999444444444445
2026-08-24_12-23-14-416053_earlyRefresh,earlyRefresh,high-skew-zipf,1787574392.416000,197.999947,faf_by_key,key=/api/backend/3,2.5
2026-08-24_12-23-14-416053_earlyRefresh,earlyRefresh,high-skew-zipf,1787574393.416000,198.999947,faf_by_key,key=/api/backend/3,3
2026-08-24_12-23-14-416053_earlyRefresh,earlyRefresh,high-skew-zipf,1787574394.416000,199.999947,faf_by_key,key=/api/backend/3,3
2026-08-24_12-23-14-416053_earlyRefresh,earlyRefresh,high-skew-zipf,1787574395.416000,200.999947,faf_by_key,key=/api/backend/3,2.5
2026-08-24_12-23-14-416053_earlyRefresh,earlyRefresh,high-skew-zipf,1787574396.416000,201.999947,faf_by_key,key=/api/backend/3,2.5
2026-08-24_12-23-14-416053_earlyRefresh,earlyRefresh,high-skew-zipf,1787574397.416000,202.999947,faf_by_key,key=/api/backend/3,2.5
2026-08-24_12-23-14-416053_earlyRefresh,earlyRefresh,high-skew-zipf,1787574398.416000,203.999947,faf_by_key,key=/api/backend/3,2
2026-08-24_12-23-14-416053_earlyRefresh,earlyRefresh,high-skew-zipf,1787574399.416000,204.999947,faf_by_key,key=/api/backend/3,2
2026-08-24_12-23-14-416053_earlyRefresh,earlyRefresh,high-skew-zipf,1787574400.416000,205.999947,faf_by_key,key=/api/backend/3,1.5
2026-08-24_12-23-14-416053_earlyRefresh,earlyRefresh,high-skew-zipf,1787574401.416000,206.999947,faf_by_key,key=/api/backend/3,2
2026-08-24_12-23-14-416053_earlyRefresh,earlyRefresh,high-skew-zipf,1787574402.416000,207.999947,faf_by_key,key=/api/backend/3,2
2026-08-24_12-23-14-416053_earlyRefresh,earlyRefresh,high-skew-zipf,1787574403.416000,208.999947,faf_by_key,key=/api/backend/3,2
2026-08-24_12-23-14-416053_earlyRefresh,earlyRefresh,high-skew-zipf,1787574404.416000,209.999947,faf_by_key,key=/api/backend/3,2
2026-08-24_12-23-14-416053_earlyRefresh,earlyRefresh,high-skew-zipf,1787574405.416000,210.999947,faf_by_key,key=/api/backend/3,2
2026-08-24_12-23-14-416053_earlyRefresh,earlyRefresh,high-skew-zipf,1787574406.416000,211.999947,faf_by_key,key=/api/backend/3,1.5
2026-08-24_12-23-14-416053_earlyRefresh,earlyRefresh,high-skew-zipf,1787574407.416000,212.999947,faf_by_key,key=/api/backend/3,1.5
2026-08-24_12-23-14-416053_earlyRefresh,earlyRefresh,high-skew-zipf,1787574408.416000,213.999947,faf_by_key,key=/api/backend/3,1.5
2026-08-24_12-23-14-416053_earlyRefresh,earlyRefresh,high-skew-zipf,1787574409.416000,214.999947,faf_by_key,key=/api/backend/3,2
2026-08-24_12-23-14-416053_earlyRefresh,earlyRefresh,high-skew-zipf,1787574410.416000,215.999947,faf_by_key,key=/api/backend/3,1
2026-08-24_12-23-14-416053_earlyRefresh,earlyRefresh,high-skew-zipf,1787574411.416000,216.999947,faf_by_key,key=/api/backend/3,1.5000555555555555
2026-08-24_12-23-14-416053_earlyRefresh,earlyRefresh,high-skew-zipf,1787574412.416000,217.999947,faf_by_key,key=/api/backend/3,1.5
2026-08-24_12-23-14-416053_earlyRefresh,earlyRefresh,high-skew-zipf,1787574413.416000,218.999947,faf_by_key,key=/api/backend/3,1.5
2026-08-24_12-23-14-416053_earlyRefresh,earlyRefresh,high-skew-zipf,1787574414.416000,219.999947,faf_by_key,key=/api/backend/3,1.5
2026-08-24_12-23-14-416053_earlyRefresh,earlyRefresh,high-skew-zipf,1787574415.416000,220.999947,faf_by_key,key=/api/backend/3,1.9997778024663928
2026-08-24_12-23-14-416053_earlyRefresh,earlyRefresh,high-skew-zipf,1787574416.416000,221.999947,faf_by_key,key=/api/backend/3,2.000111111111111
2026-08-24_12-23-14-416053_earlyRefresh,earlyRefresh,high-skew-zipf,1787574417.416000,222.999947,faf_by_key,key=/api/backend/3,1.9998888888888888
2026-08-24_12-23-14-416053_earlyRefresh,earlyRefresh,high-skew-zipf,1787574418.416000,223.999947,faf_by_key,key=/api/backend/3,3
2026-08-24_12-23-14-416053_earlyRefresh,earlyRefresh,high-skew-zipf,1787574419.416000,224.999947,faf_by_key,key=/api/backend/3,3
2026-08-24_12-23-14-416053_earlyRefresh,earlyRefresh,high-skew-zipf,1787574420.416000,225.999947,faf_by_key,key=/api/backend/3,4.0004444938326476
2026-08-24_12-23-14-416053_earlyRefresh,earlyRefresh,high-skew-zipf,1787574421.416000,226.999947,faf_by_key,key=/api/backend/3,4
2026-08-24_12-23-14-416053_earlyRefresh,earlyRefresh,high-skew-zipf,1787574422.416000,227.999947,faf_by_key,key=/api/backend/3,4
2026-08-24_12-23-14-416053_earlyRefresh,earlyRefresh,high-skew-zipf,1787574423.416000,228.999947,faf_by_key,key=/api/backend/3,2.5
2026-08-24_12-23-14-416053_earlyRefresh,earlyRefresh,high-skew-zipf,1787574424.416000,229.999947,faf_by_key,key=/api/backend/3,2.499888888888889
2026-08-24_12-23-14-416053_earlyRefresh,earlyRefresh,high-skew-zipf,1787574425.416000,230.999947,faf_by_key,key=/api/backend/3,2.500111123458162
2026-08-24_12-23-14-416053_earlyRefresh,earlyRefresh,high-skew-zipf,1787574426.416000,231.999947,faf_by_key,key=/api/backend/3,2.4998889012331964
2026-08-24_12-23-14-416053_earlyRefresh,earlyRefresh,high-skew-zipf,1787574427.416000,232.999947,faf_by_key,key=/api/backend/3,1
2026-08-24_12-23-14-416053_earlyRefresh,earlyRefresh,high-skew-zipf,1787574428.416000,233.999947,faf_by_key,key=/api/backend/3,1
2026-08-24_12-23-14-416053_earlyRefresh,earlyRefresh,high-skew-zipf,1787574429.416000,234.999947,faf_by_key,key=/api/backend/3,1
2026-08-24_12-23-14-416053_earlyRefresh,earlyRefresh,high-skew-zipf,1787574430.416000,235.999947,faf_by_key,key=/api/backend/3,1.5
2026-08-24_12-23-14-416053_earlyRefresh,earlyRefresh,high-skew-zipf,1787574431.416000,236.999947,faf_by_key,key=/api/backend/3,1.5
2026-08-24_12-23-14-416053_earlyRefresh,earlyRefresh,high-skew-zipf,1787574432.416000,237.999947,faf_by_key,key=/api/backend/3,2
2026-08-24_12-23-14-416053_earlyRefresh,earlyRefresh,high-skew-zipf,1787574433.416000,238.999947,faf_by_key,key=/api/backend/3,2
2026-08-24_12-23-14-416053_earlyRefresh,earlyRefresh,high-skew-zipf,1787574434.416000,239.999947,faf_by_key,key=/api/backend/3,2
2026-08-24_12-23-14-416053_earlyRefresh,earlyRefresh,high-skew-zipf,1787574227.416000,32.999947,faf_by_key,key=/api/backend/4,1
2026-08-24_12-23-14-416053_earlyRefresh,earlyRefresh,high-skew-zipf,1787574228.416000,33.999947,faf_by_key,key=/api/backend/4,2.0001111358079573
2026-08-24_12-23-14-416053_earlyRefresh,earlyRefresh,high-skew-zipf,1787574229.416000,34.999947,faf_by_key,key=/api/backend/4,2.0001111358079573
2026-08-24_12-23-14-416053_earlyRefresh,earlyRefresh,high-skew-zipf,1787574230.416000,35.999947,faf_by_key,key=/api/backend/4,2.000111148160498
2026-08-24_12-23-14-416053_earlyRefresh,earlyRefresh,high-skew-zipf,1787574231.416000,36.999947,faf_by_key,key=/api/backend/4,2
2026-08-24_12-23-14-416053_earlyRefresh,earlyRefresh,high-skew-zipf,1787574232.416000,37.999947,faf_by_key,key=/api/backend/4,2.000111111111111
2026-08-24_12-23-14-416053_earlyRefresh,earlyRefresh,high-skew-zipf,1787574233.416000,38.999947,faf_by_key,key=/api/backend/4,1.499972220678927
2026-08-24_12-23-14-416053_earlyRefresh,earlyRefresh,high-skew-zipf,1787574234.416000,39.999947,faf_by_key,key=/api/backend/4,1.5000277762346539
2026-08-24_12-23-14-416053_earlyRefresh,earlyRefresh,high-skew-zipf,1787574235.416000,40.999947,faf_by_key,key=/api/backend/4,1.499972220678927
2026-08-24_12-23-14-416053_earlyRefresh,earlyRefresh,high-skew-zipf,1787574236.416000,41.999947,faf_by_key,key=/api/backend/4,2
2026-08-24_12-23-14-416053_earlyRefresh,earlyRefresh,high-skew-zipf,1787574237.416000,42.999947,faf_by_key,key=/api/backend/4,1
2026-08-24_12-23-14-416053_earlyRefresh,earlyRefresh,high-skew-zipf,1787574238.416000,43.999947,faf_by_key,key=/api/backend/4,1
2026-08-24_12-23-14-416053_earlyRefresh,earlyRefresh,high-skew-zipf,1787574239.416000,44.999947,faf_by_key,key=/api/backend/4,1
2026-08-24_12-23-14-416053_earlyRefresh,earlyRefresh,high-skew-zipf,1787574240.416000,45.999947,faf_by_key,key=/api/backend/4,1
2026-08-24_12-23-14-416053_earlyRefresh,earlyRefresh,high-skew-zipf,1787574241.416000,46.999947,faf_by_key,key=/api/backend/4,1
2026-08-24_12-23-14-416053_earlyRefresh,earlyRefresh,high-skew-zipf,1787574249.416000,54.999947,faf_by_key,key=/api/backend/4,1
2026-08-24_12-23-14-416053_earlyRefresh,earlyRefresh,high-skew-zipf,1787574250.416000,55.999947,faf_by_key,key=/api/backend/4,1
2026-08-24_12-23-14-416053_earlyRefresh,earlyRefresh,high-skew-zipf,1787574251.416000,56.999947,faf_by_key,key=/api/backend/4,1
2026-08-24_12-23-14-416053_earlyRefresh,earlyRefresh,high-skew-zipf,1787574252.416000,57.999947,faf_by_key,key=/api/backend/4,1
2026-08-24_12-23-14-416053_earlyRefresh,earlyRefresh,high-skew-zipf,1787574253.416000,58.999947,faf_by_key,key=/api/backend/4,1
2026-08-24_12-23-14-416053_earlyRefresh,earlyRefresh,high-skew-zipf,1787574254.416000,59.999947,faf_by_key,key=/api/backend/4,1
2026-08-24_12-23-14-416053_earlyRefresh,earlyRefresh,high-skew-zipf,1787574255.416000,60.999947,faf_by_key,key=/api/backend/4,1
2026-08-24_12-23-14-416053_earlyRefresh,earlyRefresh,high-skew-zipf,1787574256.416000,61.999947,faf_by_key,key=/api/backend/4,1
2026-08-24_12-23-14-416053_earlyRefresh,earlyRefresh,high-skew-zipf,1787574257.416000,62.999947,faf_by_key,key=/api/backend/4,1
2026-08-24_12-23-14-416053_earlyRefresh,earlyRefresh,high-skew-zipf,1787574264.416000,69.999947,faf_by_key,key=/api/backend/4,2.9997777777777785
2026-08-24_12-23-14-416053_earlyRefresh,earlyRefresh,high-skew-zipf,1787574265.416000,70.999947,faf_by_key,key=/api/backend/4,3.9997778024663924
2026-08-24_12-23-14-416053_earlyRefresh,earlyRefresh,high-skew-zipf,1787574266.416000,71.999947,faf_by_key,key=/api/backend/4,3.9997777777777777
2026-08-24_12-23-14-416053_earlyRefresh,earlyRefresh,high-skew-zipf,1787574267.416000,72.999947,faf_by_key,key=/api/backend/4,3.9995556049327847
2026-08-24_12-23-14-416053_earlyRefresh,earlyRefresh,high-skew-zipf,1787574268.416000,73.999947,faf_by_key,key=/api/backend/4,3.9997778024663924
2026-08-24_12-23-14-416053_earlyRefresh,earlyRefresh,high-skew-zipf,1787574269.416000,74.999947,faf_by_key,key=/api/backend/4,3.9997778024663924
2026-08-24_12-23-14-416053_earlyRefresh,earlyRefresh,high-skew-zipf,1787574270.416000,75.999947,faf_by_key,key=/api/backend/4,3.9997778024663924
2026-08-24_12-23-14-416053_earlyRefresh,earlyRefresh,high-skew-zipf,1787574271.416000,76.999947,faf_by_key,key=/api/backend/4,3.9997778024663924
2026-08-24_12-23-14-416053_earlyRefresh,earlyRefresh,high-skew-zipf,1787574272.416000,77.999947,faf_by_key,key=/api/backend/4,4
2026-08-24_12-23-14-416053_earlyRefresh,earlyRefresh,high-skew-zipf,1787574276.416000,81.999947,faf_by_key,key=/api/backend/4,1
2026-08-24_12-23-14-416053_earlyRefresh,earlyRefresh,high-skew-zipf,1787574277.416000,82.999947,faf_by_key,key=/api/backend/4,1
2026-08-24_12-23-14-416053_earlyRefresh,earlyRefresh,high-skew-zipf,1787574278.416000,83.999947,faf_by_key,key=/api/backend/4,1
2026-08-24_12-23-14-416053_earlyRefresh,earlyRefresh,high-skew-zipf,1787574279.416000,84.999947,faf_by_key,key=/api/backend/4,1
2026-08-24_12-23-14-416053_earlyRefresh,earlyRefresh,high-skew-zipf,1787574280.416000,85.999947,faf_by_key,key=/api/backend/4,1
2026-08-24_12-23-14-416053_earlyRefresh,earlyRefresh,high-skew-zipf,1787574281.416000,86.999947,faf_by_key,key=/api/backend/4,1
2026-08-24_12-23-14-416053_earlyRefresh,earlyRefresh,high-skew-zipf,1787574282.416000,87.999947,faf_by_key,key=/api/backend/4,1
2026-08-24_12-23-14-416053_earlyRefresh,earlyRefresh,high-skew-zipf,1787574283.416000,88.999947,faf_by_key,key=/api/backend/4,1
2026-08-24_12-23-14-416053_earlyRefresh,earlyRefresh,high-skew-zipf,1787574284.416000,89.999947,faf_by_key,key=/api/backend/4,1
2026-08-24_12-23-14-416053_earlyRefresh,earlyRefresh,high-skew-zipf,1787574287.416000,92.999947,faf_by_key,key=/api/backend/4,1.999888876541838
2026-08-24_12-23-14-416053_earlyRefresh,earlyRefresh,high-skew-zipf,1787574288.416000,93.999947,faf_by_key,key=/api/backend/4,2
2026-08-24_12-23-14-416053_earlyRefresh,earlyRefresh,high-skew-zipf,1787574289.416000,94.999947,faf_by_key,key=/api/backend/4,2.0001111358079573
2026-08-24_12-23-14-416053_earlyRefresh,earlyRefresh,high-skew-zipf,1787574290.416000,95.999947,faf_by_key,key=/api/backend/4,2
2026-08-24_12-23-14-416053_earlyRefresh,earlyRefresh,high-skew-zipf,1787574291.416000,96.999947,faf_by_key,key=/api/backend/4,2
2026-08-24_12-23-14-416053_earlyRefresh,earlyRefresh,high-skew-zipf,1787574292.416000,97.999947,faf_by_key,key=/api/backend/4,1.9999999999999996
2026-08-24_12-23-14-416053_earlyRefresh,earlyRefresh,high-skew-zipf,1787574293.416000,98.999947,faf_by_key,key=/api/backend/4,1.5
2026-08-24_12-23-14-416053_earlyRefresh,earlyRefresh,high-skew-zipf,1787574294.416000,99.999947,faf_by_key,key=/api/backend/4,1.499972220678927
2026-08-24_12-23-14-416053_earlyRefresh,earlyRefresh,high-skew-zipf,1787574295.416000,100.999947,faf_by_key,key=/api/backend/4,1.5
2026-08-24_12-23-14-416053_earlyRefresh,earlyRefresh,high-skew-zipf,1787574296.416000,101.999947,faf_by_key,key=/api/backend/4,1
2026-08-24_12-23-14-416053_earlyRefresh,earlyRefresh,high-skew-zipf,1787574297.416000,102.999947,faf_by_key,key=/api/backend/4,1
2026-08-24_12-23-14-416053_earlyRefresh,earlyRefresh,high-skew-zipf,1787574298.416000,103.999947,faf_by_key,key=/api/backend/4,1
2026-08-24_12-23-14-416053_earlyRefresh,earlyRefresh,high-skew-zipf,1787574299.416000,104.999947,faf_by_key,key=/api/backend/4,1.5
2026-08-24_12-23-14-416053_earlyRefresh,earlyRefresh,high-skew-zipf,1787574300.416000,105.999947,faf_by_key,key=/api/backend/4,1.5
2026-08-24_12-23-14-416053_earlyRefresh,earlyRefresh,high-skew-zipf,1787574301.416000,106.999947,faf_by_key,key=/api/backend/4,1.5
2026-08-24_12-23-14-416053_earlyRefresh,earlyRefresh,high-skew-zipf,1787574302.416000,107.999947,faf_by_key,key=/api/backend/4,2
2026-08-24_12-23-14-416053_earlyRefresh,earlyRefresh,high-skew-zipf,1787574303.416000,108.999947,faf_by_key,key=/api/backend/4,2
2026-08-24_12-23-14-416053_earlyRefresh,earlyRefresh,high-skew-zipf,1787574304.416000,109.999947,faf_by_key,key=/api/backend/4,2
2026-08-24_12-23-14-416053_earlyRefresh,earlyRefresh,high-skew-zipf,1787574305.416000,110.999947,faf_by_key,key=/api/backend/4,2
2026-08-24_12-23-14-416053_earlyRefresh,earlyRefresh,high-skew-zipf,1787574306.416000,111.999947,faf_by_key,key=/api/backend/4,2
2026-08-24_12-23-14-416053_earlyRefresh,earlyRefresh,high-skew-zipf,1787574307.416000,112.999947,faf_by_key,key=/api/backend/4,2
2026-08-24_12-23-14-416053_earlyRefresh,earlyRefresh,high-skew-zipf,1787574308.416000,113.999947,faf_by_key,key=/api/backend/4,2
2026-08-24_12-23-14-416053_earlyRefresh,earlyRefresh,high-skew-zipf,1787574309.416000,114.999947,faf_by_key,key=/api/backend/4,2
2026-08-24_12-23-14-416053_earlyRefresh,earlyRefresh,high-skew-zipf,1787574310.416000,115.999947,faf_by_key,key=/api/backend/4,2.5
2026-08-24_12-23-14-416053_earlyRefresh,earlyRefresh,high-skew-zipf,1787574311.416000,116.999947,faf_by_key,key=/api/backend/4,2.5
2026-08-24_12-23-14-416053_earlyRefresh,earlyRefresh,high-skew-zipf,1787574312.416000,117.999947,faf_by_key,key=/api/backend/4,2.5
2026-08-24_12-23-14-416053_earlyRefresh,earlyRefresh,high-skew-zipf,1787574313.416000,118.999947,faf_by_key,key=/api/backend/4,3
2026-08-24_12-23-14-416053_earlyRefresh,earlyRefresh,high-skew-zipf,1787574314.416000,119.999947,faf_by_key,key=/api/backend/4,3
2026-08-24_12-23-14-416053_earlyRefresh,earlyRefresh,high-skew-zipf,1787574315.416000,120.999947,faf_by_key,key=/api/backend/4,2
2026-08-24_12-23-14-416053_earlyRefresh,earlyRefresh,high-skew-zipf,1787574316.416000,121.999947,faf_by_key,key=/api/backend/4,2
2026-08-24_12-23-14-416053_earlyRefresh,earlyRefresh,high-skew-zipf,1787574317.416000,122.999947,faf_by_key,key=/api/backend/4,2
2026-08-24_12-23-14-416053_earlyRefresh,earlyRefresh,high-skew-zipf,1787574318.416000,123.999947,faf_by_key,key=/api/backend/4,2
2026-08-24_12-23-14-416053_earlyRefresh,earlyRefresh,high-skew-zipf,1787574319.416000,124.999947,faf_by_key,key=/api/backend/4,1
2026-08-24_12-23-14-416053_earlyRefresh,earlyRefresh,high-skew-zipf,1787574320.416000,125.999947,faf_by_key,key=/api/backend/4,1
2026-08-24_12-23-14-416053_earlyRefresh,earlyRefresh,high-skew-zipf,1787574321.416000,126.999947,faf_by_key,key=/api/backend/4,1.5
2026-08-24_12-23-14-416053_earlyRefresh,earlyRefresh,high-skew-zipf,1787574322.416000,127.999947,faf_by_key,key=/api/backend/4,1.5
2026-08-24_12-23-14-416053_earlyRefresh,earlyRefresh,high-skew-zipf,1787574323.416000,128.999947,faf_by_key,key=/api/backend/4,1.5
2026-08-24_12-23-14-416053_earlyRefresh,earlyRefresh,high-skew-zipf,1787574324.416000,129.999947,faf_by_key,key=/api/backend/4,2
2026-08-24_12-23-14-416053_earlyRefresh,earlyRefresh,high-skew-zipf,1787574325.416000,130.999947,faf_by_key,key=/api/backend/4,2
2026-08-24_12-23-14-416053_earlyRefresh,earlyRefresh,high-skew-zipf,1787574326.416000,131.999947,faf_by_key,key=/api/backend/4,2
2026-08-24_12-23-14-416053_earlyRefresh,earlyRefresh,high-skew-zipf,1787574327.416000,132.999947,faf_by_key,key=/api/backend/4,2
2026-08-24_12-23-14-416053_earlyRefresh,earlyRefresh,high-skew-zipf,1787574328.416000,133.999947,faf_by_key,key=/api/backend/4,2
2026-08-24_12-23-14-416053_earlyRefresh,earlyRefresh,high-skew-zipf,1787574329.416000,134.999947,faf_by_key,key=/api/backend/4,2
2026-08-24_12-23-14-416053_earlyRefresh,earlyRefresh,high-skew-zipf,1787574332.416000,137.999947,faf_by_key,key=/api/backend/4,3.000111123458162
2026-08-24_12-23-14-416053_earlyRefresh,earlyRefresh,high-skew-zipf,1787574333.416000,138.999947,faf_by_key,key=/api/backend/4,2.999888888888889
2026-08-24_12-23-14-416053_earlyRefresh,earlyRefresh,high-skew-zipf,1787574334.416000,139.999947,faf_by_key,key=/api/backend/4,2.999888888888889
2026-08-24_12-23-14-416053_earlyRefresh,earlyRefresh,high-skew-zipf,1787574335.416000,140.999947,faf_by_key,key=/api/backend/4,3.000222246916324
2026-08-24_12-23-14-416053_earlyRefresh,earlyRefresh,high-skew-zipf,1787574336.416000,141.999947,faf_by_key,key=/api/backend/4,3
2026-08-24_12-23-14-416053_earlyRefresh,earlyRefresh,high-skew-zipf,1787574337.416000,142.999947,faf_by_key,key=/api/backend/4,2.999777802466393
2026-08-24_12-23-14-416053_earlyRefresh,earlyRefresh,high-skew-zipf,1787574338.416000,143.999947,faf_by_key,key=/api/backend/4,2
2026-08-24_12-23-14-416053_earlyRefresh,earlyRefresh,high-skew-zipf,1787574339.416000,144.999947,faf_by_key,key=/api/backend/4,2
2026-08-24_12-23-14-416053_earlyRefresh,earlyRefresh,high-skew-zipf,1787574340.416000,145.999947,faf_by_key,key=/api/backend/4,2
2026-08-24_12-23-14-416053_earlyRefresh,earlyRefresh,high-skew-zipf,1787574341.416000,146.999947,faf_by_key,key=/api/backend/4,1
2026-08-24_12-23-14-416053_earlyRefresh,earlyRefresh,high-skew-zipf,1787574342.416000,147.999947,faf_by_key,key=/api/backend/4,1
2026-08-24_12-23-14-416053_earlyRefresh,earlyRefresh,high-skew-zipf,1787574343.416000,148.999947,faf_by_key,key=/api/backend/4,1
2026-08-24_12-23-14-416053_earlyRefresh,earlyRefresh,high-skew-zipf,1787574344.416000,149.999947,faf_by_key,key=/api/backend/4,1
2026-08-24_12-23-14-416053_earlyRefresh,earlyRefresh,high-skew-zipf,1787574345.416000,150.999947,faf_by_key,key=/api/backend/4,1
2026-08-24_12-23-14-416053_earlyRefresh,earlyRefresh,high-skew-zipf,1787574346.416000,151.999947,faf_by_key,key=/api/backend/4,1
2026-08-24_12-23-14-416053_earlyRefresh,earlyRefresh,high-skew-zipf,1787574347.416000,152.999947,faf_by_key,key=/api/backend/4,1
2026-08-24_12-23-14-416053_earlyRefresh,earlyRefresh,high-skew-zipf,1787574348.416000,153.999947,faf_by_key,key=/api/backend/4,1
2026-08-24_12-23-14-416053_earlyRefresh,earlyRefresh,high-skew-zipf,1787574349.416000,154.999947,faf_by_key,key=/api/backend/4,1.5
2026-08-24_12-23-14-416053_earlyRefresh,earlyRefresh,high-skew-zipf,1787574350.416000,155.999947,faf_by_key,key=/api/backend/4,1.4999444382709193
2026-08-24_12-23-14-416053_earlyRefresh,earlyRefresh,high-skew-zipf,1787574351.416000,156.999947,faf_by_key,key=/api/backend/4,1.499972220678927
2026-08-24_12-23-14-416053_earlyRefresh,earlyRefresh,high-skew-zipf,1787574352.416000,157.999947,faf_by_key,key=/api/backend/4,2.000111111111111
2026-08-24_12-23-14-416053_earlyRefresh,earlyRefresh,high-skew-zipf,1787574353.416000,158.999947,faf_by_key,key=/api/backend/4,2
2026-08-24_12-23-14-416053_earlyRefresh,earlyRefresh,high-skew-zipf,1787574354.416000,159.999947,faf_by_key,key=/api/backend/4,1.9999444413578533
2026-08-24_12-23-14-416053_earlyRefresh,earlyRefresh,high-skew-zipf,1787574355.416000,160.999947,faf_by_key,key=/api/backend/4,2
2026-08-24_12-23-14-416053_earlyRefresh,earlyRefresh,high-skew-zipf,1787574356.416000,161.999947,faf_by_key,key=/api/backend/4,1.9999444413578533
2026-08-24_12-23-14-416053_earlyRefresh,earlyRefresh,high-skew-zipf,1787574357.416000,162.999947,faf_by_key,key=/api/backend/4,2.000055558642147
2026-08-24_12-23-14-416053_earlyRefresh,earlyRefresh,high-skew-zipf,1787574358.416000,163.999947,faf_by_key,key=/api/backend/4,2
2026-08-24_12-23-14-416053_earlyRefresh,earlyRefresh,high-skew-zipf,1787574359.416000,164.999947,faf_by_key,key=/api/backend/4,1.5
2026-08-24_12-23-14-416053_earlyRefresh,earlyRefresh,high-skew-zipf,1787574360.416000,165.999947,faf_by_key,key=/api/backend/4,1.5
2026-08-24_12-23-14-416053_earlyRefresh,earlyRefresh,high-skew-zipf,1787574361.416000,166.999947,faf_by_key,key=/api/backend/4,1.5
2026-08-24_12-23-14-416053_earlyRefresh,earlyRefresh,high-skew-zipf,1787574362.416000,167.999947,faf_by_key,key=/api/backend/4,1.5
2026-08-24_12-23-14-416053_earlyRefresh,earlyRefresh,high-skew-zipf,1787574363.416000,168.999947,faf_by_key,key=/api/backend/4,1
2026-08-24_12-23-14-416053_earlyRefresh,earlyRefresh,high-skew-zipf,1787574364.416000,169.999947,faf_by_key,key=/api/backend/4,1
2026-08-24_12-23-14-416053_earlyRefresh,earlyRefresh,high-skew-zipf,1787574365.416000,170.999947,faf_by_key,key=/api/backend/4,1
2026-08-24_12-23-14-416053_earlyRefresh,earlyRefresh,high-skew-zipf,1787574366.416000,171.999947,faf_by_key,key=/api/backend/4,1
2026-08-24_12-23-14-416053_earlyRefresh,earlyRefresh,high-skew-zipf,1787574367.416000,172.999947,faf_by_key,key=/api/backend/4,1
2026-08-24_12-23-14-416053_earlyRefresh,earlyRefresh,high-skew-zipf,1787574375.416000,180.999947,faf_by_key,key=/api/backend/4,3.0000000000000004
2026-08-24_12-23-14-416053_earlyRefresh,earlyRefresh,high-skew-zipf,1787574376.416000,181.999947,faf_by_key,key=/api/backend/4,3.0000000000000004
2026-08-24_12-23-14-416053_earlyRefresh,earlyRefresh,high-skew-zipf,1787574377.416000,182.999947,faf_by_key,key=/api/backend/4,3.0000000000000004
2026-08-24_12-23-14-416053_earlyRefresh,earlyRefresh,high-skew-zipf,1787574378.416000,183.999947,faf_by_key,key=/api/backend/4,3.0002222716159146
2026-08-24_12-23-14-416053_earlyRefresh,earlyRefresh,high-skew-zipf,1787574379.416000,184.999947,faf_by_key,key=/api/backend/4,2.9997777530836762
2026-08-24_12-23-14-416053_earlyRefresh,earlyRefresh,high-skew-zipf,1787574380.416000,185.999947,faf_by_key,key=/api/backend/4,3.499888876541838
2026-08-24_12-23-14-416053_earlyRefresh,earlyRefresh,high-skew-zipf,1787574381.416000,186.999947,faf_by_key,key=/api/backend/4,3.4998889012331964
2026-08-24_12-23-14-416053_earlyRefresh,earlyRefresh,high-skew-zipf,1787574382.416000,187.999947,faf_by_key,key=/api/backend/4,3.4998889012331964
2026-08-24_12-23-14-416053_earlyRefresh,earlyRefresh,high-skew-zipf,1787574383.416000,188.999947,faf_by_key,key=/api/backend/4,3.5
2026-08-24_12-23-14-416053_earlyRefresh,earlyRefresh,high-skew-zipf,1787574384.416000,189.999947,faf_by_key,key=/api/backend/4,4
2026-08-24_12-23-14-416053_earlyRefresh,earlyRefresh,high-skew-zipf,1787574385.416000,190.999947,faf_by_key,key=/api/backend/4,4
2026-08-24_12-23-14-416053_earlyRefresh,earlyRefresh,high-skew-zipf,1787574386.416000,191.999947,faf_by_key,key=/api/backend/4,3
2026-08-24_12-23-14-416053_earlyRefresh,earlyRefresh,high-skew-zipf,1787574387.416000,192.999947,faf_by_key,key=/api/backend/4,3
2026-08-24_12-23-14-416053_earlyRefresh,earlyRefresh,high-skew-zipf,1787574388.416000,193.999947,faf_by_key,key=/api/backend/4,3
2026-08-24_12-23-14-416053_earlyRefresh,earlyRefresh,high-skew-zipf,1787574389.416000,194.999947,faf_by_key,key=/api/backend/4,2
2026-08-24_12-23-14-416053_earlyRefresh,earlyRefresh,high-skew-zipf,1787574390.416000,195.999947,faf_by_key,key=/api/backend/4,2
2026-08-24_12-23-14-416053_earlyRefresh,earlyRefresh,high-skew-zipf,1787574391.416000,196.999947,faf_by_key,key=/api/backend/4,2
2026-08-24_12-23-14-416053_earlyRefresh,earlyRefresh,high-skew-zipf,1787574392.416000,197.999947,faf_by_key,key=/api/backend/4,2.5
2026-08-24_12-23-14-416053_earlyRefresh,earlyRefresh,high-skew-zipf,1787574393.416000,198.999947,faf_by_key,key=/api/backend/4,2.5
2026-08-24_12-23-14-416053_earlyRefresh,earlyRefresh,high-skew-zipf,1787574394.416000,199.999947,faf_by_key,key=/api/backend/4,2.5
2026-08-24_12-23-14-416053_earlyRefresh,earlyRefresh,high-skew-zipf,1787574395.416000,200.999947,faf_by_key,key=/api/backend/4,3
2026-08-24_12-23-14-416053_earlyRefresh,earlyRefresh,high-skew-zipf,1787574396.416000,201.999947,faf_by_key,key=/api/backend/4,3
2026-08-24_12-23-14-416053_earlyRefresh,earlyRefresh,high-skew-zipf,1787574397.416000,202.999947,faf_by_key,key=/api/backend/4,2
2026-08-24_12-23-14-416053_earlyRefresh,earlyRefresh,high-skew-zipf,1787574398.416000,203.999947,faf_by_key,key=/api/backend/4,2
2026-08-24_12-23-14-416053_earlyRefresh,earlyRefresh,high-skew-zipf,1787574399.416000,204.999947,faf_by_key,key=/api/backend/4,2
2026-08-24_12-23-14-416053_earlyRefresh,earlyRefresh,high-skew-zipf,1787574400.416000,205.999947,faf_by_key,key=/api/backend/4,2
2026-08-24_12-23-14-416053_earlyRefresh,earlyRefresh,high-skew-zipf,1787574401.416000,206.999947,faf_by_key,key=/api/backend/4,1
2026-08-24_12-23-14-416053_earlyRefresh,earlyRefresh,high-skew-zipf,1787574402.416000,207.999947,faf_by_key,key=/api/backend/4,1
2026-08-24_12-23-14-416053_earlyRefresh,earlyRefresh,high-skew-zipf,1787574403.416000,208.999947,faf_by_key,key=/api/backend/4,1
2026-08-24_12-23-14-416053_earlyRefresh,earlyRefresh,high-skew-zipf,1787574404.416000,209.999947,faf_by_key,key=/api/backend/4,1
2026-08-24_12-23-14-416053_earlyRefresh,earlyRefresh,high-skew-zipf,1787574405.416000,210.999947,faf_by_key,key=/api/backend/4,1
2026-08-24_12-23-14-416053_earlyRefresh,earlyRefresh,high-skew-zipf,1787574406.416000,211.999947,faf_by_key,key=/api/backend/4,1
2026-08-24_12-23-14-416053_earlyRefresh,earlyRefresh,high-skew-zipf,1787574407.416000,212.999947,faf_by_key,key=/api/backend/4,1
2026-08-24_12-23-14-416053_earlyRefresh,earlyRefresh,high-skew-zipf,1787574408.416000,213.999947,faf_by_key,key=/api/backend/4,1
2026-08-24_12-23-14-416053_earlyRefresh,earlyRefresh,high-skew-zipf,1787574409.416000,214.999947,faf_by_key,key=/api/backend/4,1
2026-08-24_12-23-14-416053_earlyRefresh,earlyRefresh,high-skew-zipf,1787574410.416000,215.999947,faf_by_key,key=/api/backend/4,1
2026-08-24_12-23-14-416053_earlyRefresh,earlyRefresh,high-skew-zipf,1787574411.416000,216.999947,faf_by_key,key=/api/backend/4,1
2026-08-24_12-23-14-416053_earlyRefresh,earlyRefresh,high-skew-zipf,1787574413.416000,218.999947,faf_by_key,key=/api/backend/4,1
2026-08-24_12-23-14-416053_earlyRefresh,earlyRefresh,high-skew-zipf,1787574414.416000,219.999947,faf_by_key,key=/api/backend/4,4
2026-08-24_12-23-14-416053_earlyRefresh,earlyRefresh,high-skew-zipf,1787574415.416000,220.999947,faf_by_key,key=/api/backend/4,3.999777802466393
2026-08-24_12-23-14-416053_earlyRefresh,earlyRefresh,high-skew-zipf,1787574416.416000,221.999947,faf_by_key,key=/api/backend/4,4.00011111111111
2026-08-24_12-23-14-416053_earlyRefresh,earlyRefresh,high-skew-zipf,1787574417.416000,222.999947,faf_by_key,key=/api/backend/4,3.9998888888888886
2026-08-24_12-23-14-416053_earlyRefresh,earlyRefresh,high-skew-zipf,1787574418.416000,223.999947,faf_by_key,key=/api/backend/4,3.999777802466393
2026-08-24_12-23-14-416053_earlyRefresh,earlyRefresh,high-skew-zipf,1787574419.416000,224.999947,faf_by_key,key=/api/backend/4,3.4999444444444445
2026-08-24_12-23-14-416053_earlyRefresh,earlyRefresh,high-skew-zipf,1787574420.416000,225.999947,faf_by_key,key=/api/backend/4,3.4999444444444445
2026-08-24_12-23-14-416053_earlyRefresh,earlyRefresh,high-skew-zipf,1787574421.416000,226.999947,faf_by_key,key=/api/backend/4,3.5
2026-08-24_12-23-14-416053_earlyRefresh,earlyRefresh,high-skew-zipf,1787574422.416000,227.999947,faf_by_key,key=/api/backend/4,6
2026-08-24_12-23-14-416053_earlyRefresh,earlyRefresh,high-skew-zipf,1787574423.416000,228.999947,faf_by_key,key=/api/backend/4,3
2026-08-24_12-23-14-416053_earlyRefresh,earlyRefresh,high-skew-zipf,1787574424.416000,229.999947,faf_by_key,key=/api/backend/4,2
2026-08-24_12-23-14-416053_earlyRefresh,earlyRefresh,high-skew-zipf,1787574425.416000,230.999947,faf_by_key,key=/api/backend/4,2
2026-08-24_12-23-14-416053_earlyRefresh,earlyRefresh,high-skew-zipf,1787574426.416000,231.999947,faf_by_key,key=/api/backend/4,2
2026-08-24_12-23-14-416053_earlyRefresh,earlyRefresh,high-skew-zipf,1787574427.416000,232.999947,faf_by_key,key=/api/backend/4,2
2026-08-24_12-23-14-416053_earlyRefresh,earlyRefresh,high-skew-zipf,1787574428.416000,233.999947,faf_by_key,key=/api/backend/4,1
2026-08-24_12-23-14-416053_earlyRefresh,earlyRefresh,high-skew-zipf,1787574429.416000,234.999947,faf_by_key,key=/api/backend/4,1
2026-08-24_12-23-14-416053_earlyRefresh,earlyRefresh,high-skew-zipf,1787574430.416000,235.999947,faf_by_key,key=/api/backend/4,1
2026-08-24_12-23-14-416053_earlyRefresh,earlyRefresh,high-skew-zipf,1787574431.416000,236.999947,faf_by_key,key=/api/backend/4,1
2026-08-24_12-23-14-416053_earlyRefresh,earlyRefresh,high-skew-zipf,1787574432.416000,237.999947,faf_by_key,key=/api/backend/4,1
2026-08-24_12-23-14-416053_earlyRefresh,earlyRefresh,high-skew-zipf,1787574433.416000,238.999947,faf_by_key,key=/api/backend/4,1
2026-08-24_12-23-14-416053_earlyRefresh,earlyRefresh,high-skew-zipf,1787574434.416000,239.999947,faf_by_key,key=/api/backend/4,1
2026-08-24_12-23-14-416053_earlyRefresh,earlyRefresh,high-skew-zipf,1787574211.416000,16.999947,faf_by_key,key=/api/backend/5,2
2026-08-24_12-23-14-416053_earlyRefresh,earlyRefresh,high-skew-zipf,1787574212.416000,17.999947,faf_by_key,key=/api/backend/5,2
2026-08-24_12-23-14-416053_earlyRefresh,earlyRefresh,high-skew-zipf,1787574213.416000,18.999947,faf_by_key,key=/api/backend/5,2
2026-08-24_12-23-14-416053_earlyRefresh,earlyRefresh,high-skew-zipf,1787574214.416000,19.999947,faf_by_key,key=/api/backend/5,2
2026-08-24_12-23-14-416053_earlyRefresh,earlyRefresh,high-skew-zipf,1787574215.416000,20.999947,faf_by_key,key=/api/backend/5,2
2026-08-24_12-23-14-416053_earlyRefresh,earlyRefresh,high-skew-zipf,1787574216.416000,21.999947,faf_by_key,key=/api/backend/5,2
2026-08-24_12-23-14-416053_earlyRefresh,earlyRefresh,high-skew-zipf,1787574217.416000,22.999947,faf_by_key,key=/api/backend/5,4.038273500000001
2026-08-24_12-23-14-416053_earlyRefresh,earlyRefresh,high-skew-zipf,1787574218.416000,23.999947,faf_by_key,key=/api/backend/5,4.004160630114065
2026-08-24_12-23-14-416053_earlyRefresh,earlyRefresh,high-skew-zipf,1787574219.416000,24.999947,faf_by_key,key=/api/backend/5,3.9786417322834646
2026-08-24_12-23-14-416053_earlyRefresh,earlyRefresh,high-skew-zipf,1787574232.416000,37.999947,faf_by_key,key=/api/backend/5,1
2026-08-24_12-23-14-416053_earlyRefresh,earlyRefresh,high-skew-zipf,1787574233.416000,38.999947,faf_by_key,key=/api/backend/5,1
2026-08-24_12-23-14-416053_earlyRefresh,earlyRefresh,high-skew-zipf,1787574234.416000,39.999947,faf_by_key,key=/api/backend/5,1
2026-08-24_12-23-14-416053_earlyRefresh,earlyRefresh,high-skew-zipf,1787574235.416000,40.999947,faf_by_key,key=/api/backend/5,1
2026-08-24_12-23-14-416053_earlyRefresh,earlyRefresh,high-skew-zipf,1787574236.416000,41.999947,faf_by_key,key=/api/backend/5,1
2026-08-24_12-23-14-416053_earlyRefresh,earlyRefresh,high-skew-zipf,1787574237.416000,42.999947,faf_by_key,key=/api/backend/5,1
2026-08-24_12-23-14-416053_earlyRefresh,earlyRefresh,high-skew-zipf,1787574238.416000,43.999947,faf_by_key,key=/api/backend/5,1
2026-08-24_12-23-14-416053_earlyRefresh,earlyRefresh,high-skew-zipf,1787574239.416000,44.999947,faf_by_key,key=/api/backend/5,1
2026-08-24_12-23-14-416053_earlyRefresh,earlyRefresh,high-skew-zipf,1787574240.416000,45.999947,faf_by_key,key=/api/backend/5,1
2026-08-24_12-23-14-416053_earlyRefresh,earlyRefresh,high-skew-zipf,1787574248.416000,53.999947,faf_by_key,key=/api/backend/5,1
2026-08-24_12-23-14-416053_earlyRefresh,earlyRefresh,high-skew-zipf,1787574249.416000,54.999947,faf_by_key,key=/api/backend/5,1
2026-08-24_12-23-14-416053_earlyRefresh,earlyRefresh,high-skew-zipf,1787574250.416000,55.999947,faf_by_key,key=/api/backend/5,1
2026-08-24_12-23-14-416053_earlyRefresh,earlyRefresh,high-skew-zipf,1787574251.416000,56.999947,faf_by_key,key=/api/backend/5,1
2026-08-24_12-23-14-416053_earlyRefresh,earlyRefresh,high-skew-zipf,1787574252.416000,57.999947,faf_by_key,key=/api/backend/5,1
2026-08-24_12-23-14-416053_earlyRefresh,earlyRefresh,high-skew-zipf,1787574253.416000,58.999947,faf_by_key,key=/api/backend/5,1
2026-08-24_12-23-14-416053_earlyRefresh,earlyRefresh,high-skew-zipf,1787574254.416000,59.999947,faf_by_key,key=/api/backend/5,1
2026-08-24_12-23-14-416053_earlyRefresh,earlyRefresh,high-skew-zipf,1787574255.416000,60.999947,faf_by_key,key=/api/backend/5,1
2026-08-24_12-23-14-416053_earlyRefresh,earlyRefresh,high-skew-zipf,1787574256.416000,61.999947,faf_by_key,key=/api/backend/5,1
2026-08-24_12-23-14-416053_earlyRefresh,earlyRefresh,high-skew-zipf,1787574263.416000,68.999947,faf_by_key,key=/api/backend/5,2.0001111111111114
2026-08-24_12-23-14-416053_earlyRefresh,earlyRefresh,high-skew-zipf,1787574264.416000,69.999947,faf_by_key,key=/api/backend/5,2.0001111234581614
2026-08-24_12-23-14-416053_earlyRefresh,earlyRefresh,high-skew-zipf,1787574265.416000,70.999947,faf_by_key,key=/api/backend/5,2.0001111111111114
2026-08-24_12-23-14-416053_earlyRefresh,earlyRefresh,high-skew-zipf,1787574266.416000,71.999947,faf_by_key,key=/api/backend/5,2.0001111234581614
2026-08-24_12-23-14-416053_earlyRefresh,earlyRefresh,high-skew-zipf,1787574267.416000,72.999947,faf_by_key,key=/api/backend/5,2.0002222469163238
2026-08-24_12-23-14-416053_earlyRefresh,earlyRefresh,high-skew-zipf,1787574268.416000,73.999947,faf_by_key,key=/api/backend/5,2.0001111111111114
2026-08-24_12-23-14-416053_earlyRefresh,earlyRefresh,high-skew-zipf,1787574269.416000,74.999947,faf_by_key,key=/api/backend/5,2.0001111111111114
2026-08-24_12-23-14-416053_earlyRefresh,earlyRefresh,high-skew-zipf,1787574270.416000,75.999947,faf_by_key,key=/api/backend/5,2.0001111111111114
2026-08-24_12-23-14-416053_earlyRefresh,earlyRefresh,high-skew-zipf,1787574271.416000,76.999947,faf_by_key,key=/api/backend/5,2.0001111111111114
2026-08-24_12-23-14-416053_earlyRefresh,earlyRefresh,high-skew-zipf,1787574272.416000,77.999947,faf_by_key,key=/api/backend/5,2
2026-08-24_12-23-14-416053_earlyRefresh,earlyRefresh,high-skew-zipf,1787574273.416000,78.999947,faf_by_key,key=/api/backend/5,2.0001111111111114
2026-08-24_12-23-14-416053_earlyRefresh,earlyRefresh,high-skew-zipf,1787574274.416000,79.999947,faf_by_key,key=/api/backend/5,2
2026-08-24_12-23-14-416053_earlyRefresh,earlyRefresh,high-skew-zipf,1787574275.416000,80.999947,faf_by_key,key=/api/backend/5,2
2026-08-24_12-23-14-416053_earlyRefresh,earlyRefresh,high-skew-zipf,1787574276.416000,81.999947,faf_by_key,key=/api/backend/5,2
2026-08-24_12-23-14-416053_earlyRefresh,earlyRefresh,high-skew-zipf,1787574277.416000,82.999947,faf_by_key,key=/api/backend/5,2
2026-08-24_12-23-14-416053_earlyRefresh,earlyRefresh,high-skew-zipf,1787574284.416000,89.999947,faf_by_key,key=/api/backend/5,1
2026-08-24_12-23-14-416053_earlyRefresh,earlyRefresh,high-skew-zipf,1787574285.416000,90.999947,faf_by_key,key=/api/backend/5,1
2026-08-24_12-23-14-416053_earlyRefresh,earlyRefresh,high-skew-zipf,1787574286.416000,91.999947,faf_by_key,key=/api/backend/5,1
2026-08-24_12-23-14-416053_earlyRefresh,earlyRefresh,high-skew-zipf,1787574287.416000,92.999947,faf_by_key,key=/api/backend/5,1
2026-08-24_12-23-14-416053_earlyRefresh,earlyRefresh,high-skew-zipf,1787574288.416000,93.999947,faf_by_key,key=/api/backend/5,1
2026-08-24_12-23-14-416053_earlyRefresh,earlyRefresh,high-skew-zipf,1787574289.416000,94.999947,faf_by_key,key=/api/backend/5,1
2026-08-24_12-23-14-416053_earlyRefresh,earlyRefresh,high-skew-zipf,1787574290.416000,95.999947,faf_by_key,key=/api/backend/5,1
2026-08-24_12-23-14-416053_earlyRefresh,earlyRefresh,high-skew-zipf,1787574291.416000,96.999947,faf_by_key,key=/api/backend/5,1
2026-08-24_12-23-14-416053_earlyRefresh,earlyRefresh,high-skew-zipf,1787574292.416000,97.999947,faf_by_key,key=/api/backend/5,1
2026-08-24_12-23-14-416053_earlyRefresh,earlyRefresh,high-skew-zipf,1787574293.416000,98.999947,faf_by_key,key=/api/backend/5,1
2026-08-24_12-23-14-416053_earlyRefresh,earlyRefresh,high-skew-zipf,1787574294.416000,99.999947,faf_by_key,key=/api/backend/5,1
2026-08-24_12-23-14-416053_earlyRefresh,earlyRefresh,high-skew-zipf,1787574295.416000,100.999947,faf_by_key,key=/api/backend/5,1
2026-08-24_12-23-14-416053_earlyRefresh,earlyRefresh,high-skew-zipf,1787574296.416000,101.999947,faf_by_key,key=/api/backend/5,1
2026-08-24_12-23-14-416053_earlyRefresh,earlyRefresh,high-skew-zipf,1787574297.416000,102.999947,faf_by_key,key=/api/backend/5,1
2026-08-24_12-23-14-416053_earlyRefresh,earlyRefresh,high-skew-zipf,1787574298.416000,103.999947,faf_by_key,key=/api/backend/5,1
2026-08-24_12-23-14-416053_earlyRefresh,earlyRefresh,high-skew-zipf,1787574301.416000,106.999947,faf_by_key,key=/api/backend/5,3
2026-08-24_12-23-14-416053_earlyRefresh,earlyRefresh,high-skew-zipf,1787574302.416000,107.999947,faf_by_key,key=/api/backend/5,3
2026-08-24_12-23-14-416053_earlyRefresh,earlyRefresh,high-skew-zipf,1787574303.416000,108.999947,faf_by_key,key=/api/backend/5,3
2026-08-24_12-23-14-416053_earlyRefresh,earlyRefresh,high-skew-zipf,1787574304.416000,109.999947,faf_by_key,key=/api/backend/5,3
2026-08-24_12-23-14-416053_earlyRefresh,earlyRefresh,high-skew-zipf,1787574305.416000,110.999947,faf_by_key,key=/api/backend/5,3
2026-08-24_12-23-14-416053_earlyRefresh,earlyRefresh,high-skew-zipf,1787574306.416000,111.999947,faf_by_key,key=/api/backend/5,3
2026-08-24_12-23-14-416053_earlyRefresh,earlyRefresh,high-skew-zipf,1787574307.416000,112.999947,faf_by_key,key=/api/backend/5,3
2026-08-24_12-23-14-416053_earlyRefresh,earlyRefresh,high-skew-zipf,1787574308.416000,113.999947,faf_by_key,key=/api/backend/5,3
2026-08-24_12-23-14-416053_earlyRefresh,earlyRefresh,high-skew-zipf,1787574309.416000,114.999947,faf_by_key,key=/api/backend/5,3
2026-08-24_12-23-14-416053_earlyRefresh,earlyRefresh,high-skew-zipf,1787574317.416000,122.999947,faf_by_key,key=/api/backend/5,1
2026-08-24_12-23-14-416053_earlyRefresh,earlyRefresh,high-skew-zipf,1787574318.416000,123.999947,faf_by_key,key=/api/backend/5,1
2026-08-24_12-23-14-416053_earlyRefresh,earlyRefresh,high-skew-zipf,1787574319.416000,124.999947,faf_by_key,key=/api/backend/5,1
2026-08-24_12-23-14-416053_earlyRefresh,earlyRefresh,high-skew-zipf,1787574320.416000,125.999947,faf_by_key,key=/api/backend/5,1
2026-08-24_12-23-14-416053_earlyRefresh,earlyRefresh,high-skew-zipf,1787574321.416000,126.999947,faf_by_key,key=/api/backend/5,1
2026-08-24_12-23-14-416053_earlyRefresh,earlyRefresh,high-skew-zipf,1787574322.416000,127.999947,faf_by_key,key=/api/backend/5,1
2026-08-24_12-23-14-416053_earlyRefresh,earlyRefresh,high-skew-zipf,1787574323.416000,128.999947,faf_by_key,key=/api/backend/5,1
2026-08-24_12-23-14-416053_earlyRefresh,earlyRefresh,high-skew-zipf,1787574324.416000,129.999947,faf_by_key,key=/api/backend/5,1
2026-08-24_12-23-14-416053_earlyRefresh,earlyRefresh,high-skew-zipf,1787574325.416000,130.999947,faf_by_key,key=/api/backend/5,1
2026-08-24_12-23-14-416053_earlyRefresh,earlyRefresh,high-skew-zipf,1787574332.416000,137.999947,faf_by_key,key=/api/backend/5,1
2026-08-24_12-23-14-416053_earlyRefresh,earlyRefresh,high-skew-zipf,1787574333.416000,138.999947,faf_by_key,key=/api/backend/5,1
2026-08-24_12-23-14-416053_earlyRefresh,earlyRefresh,high-skew-zipf,1787574334.416000,139.999947,faf_by_key,key=/api/backend/5,1
2026-08-24_12-23-14-416053_earlyRefresh,earlyRefresh,high-skew-zipf,1787574335.416000,140.999947,faf_by_key,key=/api/backend/5,1
2026-08-24_12-23-14-416053_earlyRefresh,earlyRefresh,high-skew-zipf,1787574336.416000,141.999947,faf_by_key,key=/api/backend/5,1
2026-08-24_12-23-14-416053_earlyRefresh,earlyRefresh,high-skew-zipf,1787574337.416000,142.999947,faf_by_key,key=/api/backend/5,1
2026-08-24_12-23-14-416053_earlyRefresh,earlyRefresh,high-skew-zipf,1787574338.416000,143.999947,faf_by_key,key=/api/backend/5,2
2026-08-24_12-23-14-416053_earlyRefresh,earlyRefresh,high-skew-zipf,1787574339.416000,144.999947,faf_by_key,key=/api/backend/5,2
2026-08-24_12-23-14-416053_earlyRefresh,earlyRefresh,high-skew-zipf,1787574340.416000,145.999947,faf_by_key,key=/api/backend/5,1.9999444444444443
2026-08-24_12-23-14-416053_earlyRefresh,earlyRefresh,high-skew-zipf,1787574341.416000,146.999947,faf_by_key,key=/api/backend/5,3
2026-08-24_12-23-14-416053_earlyRefresh,earlyRefresh,high-skew-zipf,1787574342.416000,147.999947,faf_by_key,key=/api/backend/5,2.999888888888889
2026-08-24_12-23-14-416053_earlyRefresh,earlyRefresh,high-skew-zipf,1787574343.416000,148.999947,faf_by_key,key=/api/backend/5,3
2026-08-24_12-23-14-416053_earlyRefresh,earlyRefresh,high-skew-zipf,1787574344.416000,149.999947,faf_by_key,key=/api/backend/5,3.0001111358079573
2026-08-24_12-23-14-416053_earlyRefresh,earlyRefresh,high-skew-zipf,1787574345.416000,150.999947,faf_by_key,key=/api/backend/5,2.999888876541838
2026-08-24_12-23-14-416053_earlyRefresh,earlyRefresh,high-skew-zipf,1787574346.416000,151.999947,faf_by_key,key=/api/backend/5,2.999888876541838
2026-08-24_12-23-14-416053_earlyRefresh,earlyRefresh,high-skew-zipf,1787574354.416000,159.999947,faf_by_key,key=/api/backend/5,2.0001111234581614
2026-08-24_12-23-14-416053_earlyRefresh,earlyRefresh,high-skew-zipf,1787574355.416000,160.999947,faf_by_key,key=/api/backend/5,2
2026-08-24_12-23-14-416053_earlyRefresh,earlyRefresh,high-skew-zipf,1787574356.416000,161.999947,faf_by_key,key=/api/backend/5,2.0001111234581614
2026-08-24_12-23-14-416053_earlyRefresh,earlyRefresh,high-skew-zipf,1787574357.416000,162.999947,faf_by_key,key=/api/backend/5,1.9998888888888888
2026-08-24_12-23-14-416053_earlyRefresh,earlyRefresh,high-skew-zipf,1787574358.416000,163.999947,faf_by_key,key=/api/backend/5,2.0001111111111114
2026-08-24_12-23-14-416053_earlyRefresh,earlyRefresh,high-skew-zipf,1787574359.416000,164.999947,faf_by_key,key=/api/backend/5,1.9998888888888888
2026-08-24_12-23-14-416053_earlyRefresh,earlyRefresh,high-skew-zipf,1787574360.416000,165.999947,faf_by_key,key=/api/backend/5,1.9998889012331962
2026-08-24_12-23-14-416053_earlyRefresh,earlyRefresh,high-skew-zipf,1787574361.416000,166.999947,faf_by_key,key=/api/backend/5,2
2026-08-24_12-23-14-416053_earlyRefresh,earlyRefresh,high-skew-zipf,1787574362.416000,167.999947,faf_by_key,key=/api/backend/5,1.999944450616598
2026-08-24_12-23-14-416053_earlyRefresh,earlyRefresh,high-skew-zipf,1787574363.416000,168.999947,faf_by_key,key=/api/backend/5,2
2026-08-24_12-23-14-416053_earlyRefresh,earlyRefresh,high-skew-zipf,1787574364.416000,169.999947,faf_by_key,key=/api/backend/5,2
2026-08-24_12-23-14-416053_earlyRefresh,earlyRefresh,high-skew-zipf,1787574365.416000,170.999947,faf_by_key,key=/api/backend/5,2
2026-08-24_12-23-14-416053_earlyRefresh,earlyRefresh,high-skew-zipf,1787574366.416000,171.999947,faf_by_key,key=/api/backend/5,2
2026-08-24_12-23-14-416053_earlyRefresh,earlyRefresh,high-skew-zipf,1787574367.416000,172.999947,faf_by_key,key=/api/backend/5,2
2026-08-24_12-23-14-416053_earlyRefresh,earlyRefresh,high-skew-zipf,1787574368.416000,173.999947,faf_by_key,key=/api/backend/5,2
2026-08-24_12-23-14-416053_earlyRefresh,earlyRefresh,high-skew-zipf,1787574369.416000,174.999947,faf_by_key,key=/api/backend/5,2
2026-08-24_12-23-14-416053_earlyRefresh,earlyRefresh,high-skew-zipf,1787574370.416000,175.999947,faf_by_key,key=/api/backend/5,2
2026-08-24_12-23-14-416053_earlyRefresh,earlyRefresh,high-skew-zipf,1787574377.416000,182.999947,faf_by_key,key=/api/backend/5,1
2026-08-24_12-23-14-416053_earlyRefresh,earlyRefresh,high-skew-zipf,1787574378.416000,183.999947,faf_by_key,key=/api/backend/5,1
2026-08-24_12-23-14-416053_earlyRefresh,earlyRefresh,high-skew-zipf,1787574379.416000,184.999947,faf_by_key,key=/api/backend/5,1
2026-08-24_12-23-14-416053_earlyRefresh,earlyRefresh,high-skew-zipf,1787574380.416000,185.999947,faf_by_key,key=/api/backend/5,1
2026-08-24_12-23-14-416053_earlyRefresh,earlyRefresh,high-skew-zipf,1787574381.416000,186.999947,faf_by_key,key=/api/backend/5,1
2026-08-24_12-23-14-416053_earlyRefresh,earlyRefresh,high-skew-zipf,1787574382.416000,187.999947,faf_by_key,key=/api/backend/5,1
2026-08-24_12-23-14-416053_earlyRefresh,earlyRefresh,high-skew-zipf,1787574383.416000,188.999947,faf_by_key,key=/api/backend/5,1
2026-08-24_12-23-14-416053_earlyRefresh,earlyRefresh,high-skew-zipf,1787574384.416000,189.999947,faf_by_key,key=/api/backend/5,1
2026-08-24_12-23-14-416053_earlyRefresh,earlyRefresh,high-skew-zipf,1787574385.416000,190.999947,faf_by_key,key=/api/backend/5,1
2026-08-24_12-23-14-416053_earlyRefresh,earlyRefresh,high-skew-zipf,1787574392.416000,197.999947,faf_by_key,key=/api/backend/5,1
2026-08-24_12-23-14-416053_earlyRefresh,earlyRefresh,high-skew-zipf,1787574393.416000,198.999947,faf_by_key,key=/api/backend/5,1
2026-08-24_12-23-14-416053_earlyRefresh,earlyRefresh,high-skew-zipf,1787574394.416000,199.999947,faf_by_key,key=/api/backend/5,1
2026-08-24_12-23-14-416053_earlyRefresh,earlyRefresh,high-skew-zipf,1787574395.416000,200.999947,faf_by_key,key=/api/backend/5,1
2026-08-24_12-23-14-416053_earlyRefresh,earlyRefresh,high-skew-zipf,1787574396.416000,201.999947,faf_by_key,key=/api/backend/5,1
2026-08-24_12-23-14-416053_earlyRefresh,earlyRefresh,high-skew-zipf,1787574397.416000,202.999947,faf_by_key,key=/api/backend/5,1
2026-08-24_12-23-14-416053_earlyRefresh,earlyRefresh,high-skew-zipf,1787574398.416000,203.999947,faf_by_key,key=/api/backend/5,1.5
2026-08-24_12-23-14-416053_earlyRefresh,earlyRefresh,high-skew-zipf,1787574399.416000,204.999947,faf_by_key,key=/api/backend/5,1.5
2026-08-24_12-23-14-416053_earlyRefresh,earlyRefresh,high-skew-zipf,1787574400.416000,205.999947,faf_by_key,key=/api/backend/5,1.5
2026-08-24_12-23-14-416053_earlyRefresh,earlyRefresh,high-skew-zipf,1787574401.416000,206.999947,faf_by_key,key=/api/backend/5,2
2026-08-24_12-23-14-416053_earlyRefresh,earlyRefresh,high-skew-zipf,1787574402.416000,207.999947,faf_by_key,key=/api/backend/5,2
2026-08-24_12-23-14-416053_earlyRefresh,earlyRefresh,high-skew-zipf,1787574403.416000,208.999947,faf_by_key,key=/api/backend/5,2
2026-08-24_12-23-14-416053_earlyRefresh,earlyRefresh,high-skew-zipf,1787574404.416000,209.999947,faf_by_key,key=/api/backend/5,1.5000277824081791
2026-08-24_12-23-14-416053_earlyRefresh,earlyRefresh,high-skew-zipf,1787574405.416000,210.999947,faf_by_key,key=/api/backend/5,1.5000277824081791
2026-08-24_12-23-14-416053_earlyRefresh,earlyRefresh,high-skew-zipf,1787574406.416000,211.999947,faf_by_key,key=/api/backend/5,1.4999999999999998
2026-08-24_12-23-14-416053_earlyRefresh,earlyRefresh,high-skew-zipf,1787574407.416000,212.999947,faf_by_key,key=/api/backend/5,1
2026-08-24_12-23-14-416053_earlyRefresh,earlyRefresh,high-skew-zipf,1787574408.416000,213.999947,faf_by_key,key=/api/backend/5,1
2026-08-24_12-23-14-416053_earlyRefresh,earlyRefresh,high-skew-zipf,1787574409.416000,214.999947,faf_by_key,key=/api/backend/5,1.5
2026-08-24_12-23-14-416053_earlyRefresh,earlyRefresh,high-skew-zipf,1787574410.416000,215.999947,faf_by_key,key=/api/backend/5,2
2026-08-24_12-23-14-416053_earlyRefresh,earlyRefresh,high-skew-zipf,1787574411.416000,216.999947,faf_by_key,key=/api/backend/5,2.000111123458162
2026-08-24_12-23-14-416053_earlyRefresh,earlyRefresh,high-skew-zipf,1787574412.416000,217.999947,faf_by_key,key=/api/backend/5,2
2026-08-24_12-23-14-416053_earlyRefresh,earlyRefresh,high-skew-zipf,1787574413.416000,218.999947,faf_by_key,key=/api/backend/5,3
2026-08-24_12-23-14-416053_earlyRefresh,earlyRefresh,high-skew-zipf,1787574414.416000,219.999947,faf_by_key,key=/api/backend/5,3
2026-08-24_12-23-14-416053_earlyRefresh,earlyRefresh,high-skew-zipf,1787574415.416000,220.999947,faf_by_key,key=/api/backend/5,2.9998889012331964
2026-08-24_12-23-14-416053_earlyRefresh,earlyRefresh,high-skew-zipf,1787574416.416000,221.999947,faf_by_key,key=/api/backend/5,3.0000555555555555
2026-08-24_12-23-14-416053_earlyRefresh,earlyRefresh,high-skew-zipf,1787574417.416000,222.999947,faf_by_key,key=/api/backend/5,2.9999444444444445
2026-08-24_12-23-14-416053_earlyRefresh,earlyRefresh,high-skew-zipf,1787574418.416000,223.999947,faf_by_key,key=/api/backend/5,3.999777802466393
2026-08-24_12-23-14-416053_earlyRefresh,earlyRefresh,high-skew-zipf,1787574419.416000,224.999947,faf_by_key,key=/api/backend/5,3
2026-08-24_12-23-14-416053_earlyRefresh,earlyRefresh,high-skew-zipf,1787574420.416000,225.999947,faf_by_key,key=/api/backend/5,2
2026-08-24_12-23-14-416053_earlyRefresh,earlyRefresh,high-skew-zipf,1787574421.416000,226.999947,faf_by_key,key=/api/backend/5,2
2026-08-24_12-23-14-416053_earlyRefresh,earlyRefresh,high-skew-zipf,1787574422.416000,227.999947,faf_by_key,key=/api/backend/5,2
2026-08-24_12-23-14-416053_earlyRefresh,earlyRefresh,high-skew-zipf,1787574423.416000,228.999947,faf_by_key,key=/api/backend/5,2
2026-08-24_12-23-14-416053_earlyRefresh,earlyRefresh,high-skew-zipf,1787574424.416000,229.999947,faf_by_key,key=/api/backend/5,1
2026-08-24_12-23-14-416053_earlyRefresh,earlyRefresh,high-skew-zipf,1787574425.416000,230.999947,faf_by_key,key=/api/backend/5,1
2026-08-24_12-23-14-416053_earlyRefresh,earlyRefresh,high-skew-zipf,1787574426.416000,231.999947,faf_by_key,key=/api/backend/5,1
2026-08-24_12-23-14-416053_earlyRefresh,earlyRefresh,high-skew-zipf,1787574427.416000,232.999947,faf_by_key,key=/api/backend/5,1
2026-08-24_12-23-14-416053_earlyRefresh,earlyRefresh,high-skew-zipf,1787574428.416000,233.999947,faf_by_key,key=/api/backend/5,1
2026-08-24_12-23-14-416053_earlyRefresh,earlyRefresh,high-skew-zipf,1787574431.416000,236.999947,faf_by_key,key=/api/backend/5,1
2026-08-24_12-23-14-416053_earlyRefresh,earlyRefresh,high-skew-zipf,1787574432.416000,237.999947,faf_by_key,key=/api/backend/5,1
2026-08-24_12-23-14-416053_earlyRefresh,earlyRefresh,high-skew-zipf,1787574433.416000,238.999947,faf_by_key,key=/api/backend/5,1
2026-08-24_12-23-14-416053_earlyRefresh,earlyRefresh,high-skew-zipf,1787574434.416000,239.999947,faf_by_key,key=/api/backend/5,1
2026-08-24_12-23-14-416053_earlyRefresh,earlyRefresh,high-skew-zipf,1787574217.416000,22.999947,faf_by_key,key=/api/backend/6,1
2026-08-24_12-23-14-416053_earlyRefresh,earlyRefresh,high-skew-zipf,1787574218.416000,23.999947,faf_by_key,key=/api/backend/6,1
2026-08-24_12-23-14-416053_earlyRefresh,earlyRefresh,high-skew-zipf,1787574219.416000,24.999947,faf_by_key,key=/api/backend/6,1
2026-08-24_12-23-14-416053_earlyRefresh,earlyRefresh,high-skew-zipf,1787574220.416000,25.999947,faf_by_key,key=/api/backend/6,1
2026-08-24_12-23-14-416053_earlyRefresh,earlyRefresh,high-skew-zipf,1787574221.416000,26.999947,faf_by_key,key=/api/backend/6,1
2026-08-24_12-23-14-416053_earlyRefresh,earlyRefresh,high-skew-zipf,1787574222.416000,27.999947,faf_by_key,key=/api/backend/6,1
2026-08-24_12-23-14-416053_earlyRefresh,earlyRefresh,high-skew-zipf,1787574223.416000,28.999947,faf_by_key,key=/api/backend/6,1
2026-08-24_12-23-14-416053_earlyRefresh,earlyRefresh,high-skew-zipf,1787574224.416000,29.999947,faf_by_key,key=/api/backend/6,1
2026-08-24_12-23-14-416053_earlyRefresh,earlyRefresh,high-skew-zipf,1787574225.416000,30.999947,faf_by_key,key=/api/backend/6,1
2026-08-24_12-23-14-416053_earlyRefresh,earlyRefresh,high-skew-zipf,1787574234.416000,39.999947,faf_by_key,key=/api/backend/6,2
2026-08-24_12-23-14-416053_earlyRefresh,earlyRefresh,high-skew-zipf,1787574235.416000,40.999947,faf_by_key,key=/api/backend/6,2
2026-08-24_12-23-14-416053_earlyRefresh,earlyRefresh,high-skew-zipf,1787574236.416000,41.999947,faf_by_key,key=/api/backend/6,2
2026-08-24_12-23-14-416053_earlyRefresh,earlyRefresh,high-skew-zipf,1787574237.416000,42.999947,faf_by_key,key=/api/backend/6,2
2026-08-24_12-23-14-416053_earlyRefresh,earlyRefresh,high-skew-zipf,1787574238.416000,43.999947,faf_by_key,key=/api/backend/6,2
2026-08-24_12-23-14-416053_earlyRefresh,earlyRefresh,high-skew-zipf,1787574239.416000,44.999947,faf_by_key,key=/api/backend/6,2
2026-08-24_12-23-14-416053_earlyRefresh,earlyRefresh,high-skew-zipf,1787574240.416000,45.999947,faf_by_key,key=/api/backend/6,1.5
2026-08-24_12-23-14-416053_earlyRefresh,earlyRefresh,high-skew-zipf,1787574241.416000,46.999947,faf_by_key,key=/api/backend/6,1.5
2026-08-24_12-23-14-416053_earlyRefresh,earlyRefresh,high-skew-zipf,1787574242.416000,47.999947,faf_by_key,key=/api/backend/6,1.5
2026-08-24_12-23-14-416053_earlyRefresh,earlyRefresh,high-skew-zipf,1787574243.416000,48.999947,faf_by_key,key=/api/backend/6,1
2026-08-24_12-23-14-416053_earlyRefresh,earlyRefresh,high-skew-zipf,1787574244.416000,49.999947,faf_by_key,key=/api/backend/6,1
2026-08-24_12-23-14-416053_earlyRefresh,earlyRefresh,high-skew-zipf,1787574245.416000,50.999947,faf_by_key,key=/api/backend/6,1
2026-08-24_12-23-14-416053_earlyRefresh,earlyRefresh,high-skew-zipf,1787574246.416000,51.999947,faf_by_key,key=/api/backend/6,1
2026-08-24_12-23-14-416053_earlyRefresh,earlyRefresh,high-skew-zipf,1787574247.416000,52.999947,faf_by_key,key=/api/backend/6,2
2026-08-24_12-23-14-416053_earlyRefresh,earlyRefresh,high-skew-zipf,1787574248.416000,53.999947,faf_by_key,key=/api/backend/6,2
2026-08-24_12-23-14-416053_earlyRefresh,earlyRefresh,high-skew-zipf,1787574263.416000,68.999947,faf_by_key,key=/api/backend/6,2
2026-08-24_12-23-14-416053_earlyRefresh,earlyRefresh,high-skew-zipf,1787574264.416000,69.999947,faf_by_key,key=/api/backend/6,2
2026-08-24_12-23-14-416053_earlyRefresh,earlyRefresh,high-skew-zipf,1787574265.416000,70.999947,faf_by_key,key=/api/backend/6,2
2026-08-24_12-23-14-416053_earlyRefresh,earlyRefresh,high-skew-zipf,1787574266.416000,71.999947,faf_by_key,key=/api/backend/6,2
2026-08-24_12-23-14-416053_earlyRefresh,earlyRefresh,high-skew-zipf,1787574267.416000,72.999947,faf_by_key,key=/api/backend/6,2
2026-08-24_12-23-14-416053_earlyRefresh,earlyRefresh,high-skew-zipf,1787574268.416000,73.999947,faf_by_key,key=/api/backend/6,2
2026-08-24_12-23-14-416053_earlyRefresh,earlyRefresh,high-skew-zipf,1787574269.416000,74.999947,faf_by_key,key=/api/backend/6,2
2026-08-24_12-23-14-416053_earlyRefresh,earlyRefresh,high-skew-zipf,1787574270.416000,75.999947,faf_by_key,key=/api/backend/6,1.5
2026-08-24_12-23-14-416053_earlyRefresh,earlyRefresh,high-skew-zipf,1787574271.416000,76.999947,faf_by_key,key=/api/backend/6,1.5
2026-08-24_12-23-14-416053_earlyRefresh,earlyRefresh,high-skew-zipf,1787574272.416000,77.999947,faf_by_key,key=/api/backend/6,1
2026-08-24_12-23-14-416053_earlyRefresh,earlyRefresh,high-skew-zipf,1787574273.416000,78.999947,faf_by_key,key=/api/backend/6,1
2026-08-24_12-23-14-416053_earlyRefresh,earlyRefresh,high-skew-zipf,1787574274.416000,79.999947,faf_by_key,key=/api/backend/6,1
2026-08-24_12-23-14-416053_earlyRefresh,earlyRefresh,high-skew-zipf,1787574275.416000,80.999947,faf_by_key,key=/api/backend/6,1
2026-08-24_12-23-14-416053_earlyRefresh,earlyRefresh,high-skew-zipf,1787574276.416000,81.999947,faf_by_key,key=/api/backend/6,1
2026-08-24_12-23-14-416053_earlyRefresh,earlyRefresh,high-skew-zipf,1787574277.416000,82.999947,faf_by_key,key=/api/backend/6,1
2026-08-24_12-23-14-416053_earlyRefresh,earlyRefresh,high-skew-zipf,1787574278.416000,83.999947,faf_by_key,key=/api/backend/6,1
2026-08-24_12-23-14-416053_earlyRefresh,earlyRefresh,high-skew-zipf,1787574285.416000,90.999947,faf_by_key,key=/api/backend/6,1
2026-08-24_12-23-14-416053_earlyRefresh,earlyRefresh,high-skew-zipf,1787574286.416000,91.999947,faf_by_key,key=/api/backend/6,1
2026-08-24_12-23-14-416053_earlyRefresh,earlyRefresh,high-skew-zipf,1787574287.416000,92.999947,faf_by_key,key=/api/backend/6,1
2026-08-24_12-23-14-416053_earlyRefresh,earlyRefresh,high-skew-zipf,1787574288.416000,93.999947,faf_by_key,key=/api/backend/6,1
2026-08-24_12-23-14-416053_earlyRefresh,earlyRefresh,high-skew-zipf,1787574289.416000,94.999947,faf_by_key,key=/api/backend/6,1
2026-08-24_12-23-14-416053_earlyRefresh,earlyRefresh,high-skew-zipf,1787574290.416000,95.999947,faf_by_key,key=/api/backend/6,1
2026-08-24_12-23-14-416053_earlyRefresh,earlyRefresh,high-skew-zipf,1787574291.416000,96.999947,faf_by_key,key=/api/backend/6,1
2026-08-24_12-23-14-416053_earlyRefresh,earlyRefresh,high-skew-zipf,1787574292.416000,97.999947,faf_by_key,key=/api/backend/6,1
2026-08-24_12-23-14-416053_earlyRefresh,earlyRefresh,high-skew-zipf,1787574293.416000,98.999947,faf_by_key,key=/api/backend/6,1
2026-08-24_12-23-14-416053_earlyRefresh,earlyRefresh,high-skew-zipf,1787574301.416000,106.999947,faf_by_key,key=/api/backend/6,1
2026-08-24_12-23-14-416053_earlyRefresh,earlyRefresh,high-skew-zipf,1787574302.416000,107.999947,faf_by_key,key=/api/backend/6,1
2026-08-24_12-23-14-416053_earlyRefresh,earlyRefresh,high-skew-zipf,1787574303.416000,108.999947,faf_by_key,key=/api/backend/6,1
2026-08-24_12-23-14-416053_earlyRefresh,earlyRefresh,high-skew-zipf,1787574304.416000,109.999947,faf_by_key,key=/api/backend/6,1
2026-08-24_12-23-14-416053_earlyRefresh,earlyRefresh,high-skew-zipf,1787574305.416000,110.999947,faf_by_key,key=/api/backend/6,1
2026-08-24_12-23-14-416053_earlyRefresh,earlyRefresh,high-skew-zipf,1787574306.416000,111.999947,faf_by_key,key=/api/backend/6,1
2026-08-24_12-23-14-416053_earlyRefresh,earlyRefresh,high-skew-zipf,1787574307.416000,112.999947,faf_by_key,key=/api/backend/6,1.500055561729081
2026-08-24_12-23-14-416053_earlyRefresh,earlyRefresh,high-skew-zipf,1787574308.416000,113.999947,faf_by_key,key=/api/backend/6,1.5
2026-08-24_12-23-14-416053_earlyRefresh,earlyRefresh,high-skew-zipf,1787574309.416000,114.999947,faf_by_key,key=/api/backend/6,1.5
2026-08-24_12-23-14-416053_earlyRefresh,earlyRefresh,high-skew-zipf,1787574310.416000,115.999947,faf_by_key,key=/api/backend/6,2
2026-08-24_12-23-14-416053_earlyRefresh,earlyRefresh,high-skew-zipf,1787574311.416000,116.999947,faf_by_key,key=/api/backend/6,2.000111123458162
2026-08-24_12-23-14-416053_earlyRefresh,earlyRefresh,high-skew-zipf,1787574312.416000,117.999947,faf_by_key,key=/api/backend/6,2.0001111358079573
2026-08-24_12-23-14-416053_earlyRefresh,earlyRefresh,high-skew-zipf,1787574313.416000,118.999947,faf_by_key,key=/api/backend/6,2.0001111358079573
2026-08-24_12-23-14-416053_earlyRefresh,earlyRefresh,high-skew-zipf,1787574314.416000,119.999947,faf_by_key,key=/api/backend/6,2.0000000000000004
2026-08-24_12-23-14-416053_earlyRefresh,earlyRefresh,high-skew-zipf,1787574315.416000,120.999947,faf_by_key,key=/api/backend/6,2.0001111358079573
2026-08-24_12-23-14-416053_earlyRefresh,earlyRefresh,high-skew-zipf,1787574323.416000,128.999947,faf_by_key,key=/api/backend/6,1
2026-08-24_12-23-14-416053_earlyRefresh,earlyRefresh,high-skew-zipf,1787574324.416000,129.999947,faf_by_key,key=/api/backend/6,1
2026-08-24_12-23-14-416053_earlyRefresh,earlyRefresh,high-skew-zipf,1787574325.416000,130.999947,faf_by_key,key=/api/backend/6,1
2026-08-24_12-23-14-416053_earlyRefresh,earlyRefresh,high-skew-zipf,1787574326.416000,131.999947,faf_by_key,key=/api/backend/6,1
2026-08-24_12-23-14-416053_earlyRefresh,earlyRefresh,high-skew-zipf,1787574327.416000,132.999947,faf_by_key,key=/api/backend/6,1
2026-08-24_12-23-14-416053_earlyRefresh,earlyRefresh,high-skew-zipf,1787574328.416000,133.999947,faf_by_key,key=/api/backend/6,1
2026-08-24_12-23-14-416053_earlyRefresh,earlyRefresh,high-skew-zipf,1787574329.416000,134.999947,faf_by_key,key=/api/backend/6,1
2026-08-24_12-23-14-416053_earlyRefresh,earlyRefresh,high-skew-zipf,1787574330.416000,135.999947,faf_by_key,key=/api/backend/6,1
2026-08-24_12-23-14-416053_earlyRefresh,earlyRefresh,high-skew-zipf,1787574331.416000,136.999947,faf_by_key,key=/api/backend/6,1
2026-08-24_12-23-14-416053_earlyRefresh,earlyRefresh,high-skew-zipf,1787574339.416000,144.999947,faf_by_key,key=/api/backend/6,1
2026-08-24_12-23-14-416053_earlyRefresh,earlyRefresh,high-skew-zipf,1787574340.416000,145.999947,faf_by_key,key=/api/backend/6,1
2026-08-24_12-23-14-416053_earlyRefresh,earlyRefresh,high-skew-zipf,1787574341.416000,146.999947,faf_by_key,key=/api/backend/6,1
2026-08-24_12-23-14-416053_earlyRefresh,earlyRefresh,high-skew-zipf,1787574342.416000,147.999947,faf_by_key,key=/api/backend/6,1
2026-08-24_12-23-14-416053_earlyRefresh,earlyRefresh,high-skew-zipf,1787574343.416000,148.999947,faf_by_key,key=/api/backend/6,1
2026-08-24_12-23-14-416053_earlyRefresh,earlyRefresh,high-skew-zipf,1787574344.416000,149.999947,faf_by_key,key=/api/backend/6,1
2026-08-24_12-23-14-416053_earlyRefresh,earlyRefresh,high-skew-zipf,1787574345.416000,150.999947,faf_by_key,key=/api/backend/6,1
2026-08-24_12-23-14-416053_earlyRefresh,earlyRefresh,high-skew-zipf,1787574346.416000,151.999947,faf_by_key,key=/api/backend/6,1
2026-08-24_12-23-14-416053_earlyRefresh,earlyRefresh,high-skew-zipf,1787574347.416000,152.999947,faf_by_key,key=/api/backend/6,1
2026-08-24_12-23-14-416053_earlyRefresh,earlyRefresh,high-skew-zipf,1787574348.416000,153.999947,faf_by_key,key=/api/backend/6,1
2026-08-24_12-23-14-416053_earlyRefresh,earlyRefresh,high-skew-zipf,1787574349.416000,154.999947,faf_by_key,key=/api/backend/6,1
2026-08-24_12-23-14-416053_earlyRefresh,earlyRefresh,high-skew-zipf,1787574350.416000,155.999947,faf_by_key,key=/api/backend/6,1.4999444382709193
2026-08-24_12-23-14-416053_earlyRefresh,earlyRefresh,high-skew-zipf,1787574351.416000,156.999947,faf_by_key,key=/api/backend/6,1.499972220678927
2026-08-24_12-23-14-416053_earlyRefresh,earlyRefresh,high-skew-zipf,1787574352.416000,157.999947,faf_by_key,key=/api/backend/6,1.5000277762346539
2026-08-24_12-23-14-416053_earlyRefresh,earlyRefresh,high-skew-zipf,1787574353.416000,158.999947,faf_by_key,key=/api/backend/6,2
2026-08-24_12-23-14-416053_earlyRefresh,earlyRefresh,high-skew-zipf,1787574354.416000,159.999947,faf_by_key,key=/api/backend/6,2
2026-08-24_12-23-14-416053_earlyRefresh,earlyRefresh,high-skew-zipf,1787574355.416000,160.999947,faf_by_key,key=/api/backend/6,2
2026-08-24_12-23-14-416053_earlyRefresh,earlyRefresh,high-skew-zipf,1787574356.416000,161.999947,faf_by_key,key=/api/backend/6,2
2026-08-24_12-23-14-416053_earlyRefresh,earlyRefresh,high-skew-zipf,1787574357.416000,162.999947,faf_by_key,key=/api/backend/6,2
2026-08-24_12-23-14-416053_earlyRefresh,earlyRefresh,high-skew-zipf,1787574358.416000,163.999947,faf_by_key,key=/api/backend/6,2
2026-08-24_12-23-14-416053_earlyRefresh,earlyRefresh,high-skew-zipf,1787574359.416000,164.999947,faf_by_key,key=/api/backend/6,2
2026-08-24_12-23-14-416053_earlyRefresh,earlyRefresh,high-skew-zipf,1787574360.416000,165.999947,faf_by_key,key=/api/backend/6,2
2026-08-24_12-23-14-416053_earlyRefresh,earlyRefresh,high-skew-zipf,1787574361.416000,166.999947,faf_by_key,key=/api/backend/6,2
2026-08-24_12-23-14-416053_earlyRefresh,earlyRefresh,high-skew-zipf,1787574362.416000,167.999947,faf_by_key,key=/api/backend/6,2
2026-08-24_12-23-14-416053_earlyRefresh,earlyRefresh,high-skew-zipf,1787574363.416000,168.999947,faf_by_key,key=/api/backend/6,2
2026-08-24_12-23-14-416053_earlyRefresh,earlyRefresh,high-skew-zipf,1787574371.416000,176.999947,faf_by_key,key=/api/backend/6,3
2026-08-24_12-23-14-416053_earlyRefresh,earlyRefresh,high-skew-zipf,1787574372.416000,177.999947,faf_by_key,key=/api/backend/6,3
2026-08-24_12-23-14-416053_earlyRefresh,earlyRefresh,high-skew-zipf,1787574373.416000,178.999947,faf_by_key,key=/api/backend/6,3
2026-08-24_12-23-14-416053_earlyRefresh,earlyRefresh,high-skew-zipf,1787574374.416000,179.999947,faf_by_key,key=/api/backend/6,3
2026-08-24_12-23-14-416053_earlyRefresh,earlyRefresh,high-skew-zipf,1787574375.416000,180.999947,faf_by_key,key=/api/backend/6,3
2026-08-24_12-23-14-416053_earlyRefresh,earlyRefresh,high-skew-zipf,1787574376.416000,181.999947,faf_by_key,key=/api/backend/6,3
2026-08-24_12-23-14-416053_earlyRefresh,earlyRefresh,high-skew-zipf,1787574377.416000,182.999947,faf_by_key,key=/api/backend/6,3
2026-08-24_12-23-14-416053_earlyRefresh,earlyRefresh,high-skew-zipf,1787574378.416000,183.999947,faf_by_key,key=/api/backend/6,3
2026-08-24_12-23-14-416053_earlyRefresh,earlyRefresh,high-skew-zipf,1787574379.416000,184.999947,faf_by_key,key=/api/backend/6,3
2026-08-24_12-23-14-416053_earlyRefresh,earlyRefresh,high-skew-zipf,1787574386.416000,191.999947,faf_by_key,key=/api/backend/6,1
2026-08-24_12-23-14-416053_earlyRefresh,earlyRefresh,high-skew-zipf,1787574387.416000,192.999947,faf_by_key,key=/api/backend/6,1
2026-08-24_12-23-14-416053_earlyRefresh,earlyRefresh,high-skew-zipf,1787574388.416000,193.999947,faf_by_key,key=/api/backend/6,1
2026-08-24_12-23-14-416053_earlyRefresh,earlyRefresh,high-skew-zipf,1787574389.416000,194.999947,faf_by_key,key=/api/backend/6,1
2026-08-24_12-23-14-416053_earlyRefresh,earlyRefresh,high-skew-zipf,1787574390.416000,195.999947,faf_by_key,key=/api/backend/6,1
2026-08-24_12-23-14-416053_earlyRefresh,earlyRefresh,high-skew-zipf,1787574391.416000,196.999947,faf_by_key,key=/api/backend/6,1
2026-08-24_12-23-14-416053_earlyRefresh,earlyRefresh,high-skew-zipf,1787574392.416000,197.999947,faf_by_key,key=/api/backend/6,1
2026-08-24_12-23-14-416053_earlyRefresh,earlyRefresh,high-skew-zipf,1787574393.416000,198.999947,faf_by_key,key=/api/backend/6,1
2026-08-24_12-23-14-416053_earlyRefresh,earlyRefresh,high-skew-zipf,1787574394.416000,199.999947,faf_by_key,key=/api/backend/6,1
2026-08-24_12-23-14-416053_earlyRefresh,earlyRefresh,high-skew-zipf,1787574396.416000,201.999947,faf_by_key,key=/api/backend/6,4
2026-08-24_12-23-14-416053_earlyRefresh,earlyRefresh,high-skew-zipf,1787574397.416000,202.999947,faf_by_key,key=/api/backend/6,4
2026-08-24_12-23-14-416053_earlyRefresh,earlyRefresh,high-skew-zipf,1787574398.416000,203.999947,faf_by_key,key=/api/backend/6,4
2026-08-24_12-23-14-416053_earlyRefresh,earlyRefresh,high-skew-zipf,1787574399.416000,204.999947,faf_by_key,key=/api/backend/6,4
2026-08-24_12-23-14-416053_earlyRefresh,earlyRefresh,high-skew-zipf,1787574400.416000,205.999947,faf_by_key,key=/api/backend/6,4
2026-08-24_12-23-14-416053_earlyRefresh,earlyRefresh,high-skew-zipf,1787574401.416000,206.999947,faf_by_key,key=/api/backend/6,2.5
2026-08-24_12-23-14-416053_earlyRefresh,earlyRefresh,high-skew-zipf,1787574402.416000,207.999947,faf_by_key,key=/api/backend/6,3
2026-08-24_12-23-14-416053_earlyRefresh,earlyRefresh,high-skew-zipf,1787574403.416000,208.999947,faf_by_key,key=/api/backend/6,3
2026-08-24_12-23-14-416053_earlyRefresh,earlyRefresh,high-skew-zipf,1787574404.416000,209.999947,faf_by_key,key=/api/backend/6,3
2026-08-24_12-23-14-416053_earlyRefresh,earlyRefresh,high-skew-zipf,1787574405.416000,210.999947,faf_by_key,key=/api/backend/6,2
2026-08-24_12-23-14-416053_earlyRefresh,earlyRefresh,high-skew-zipf,1787574406.416000,211.999947,faf_by_key,key=/api/backend/6,2
2026-08-24_12-23-14-416053_earlyRefresh,earlyRefresh,high-skew-zipf,1787574407.416000,212.999947,faf_by_key,key=/api/backend/6,2
2026-08-24_12-23-14-416053_earlyRefresh,earlyRefresh,high-skew-zipf,1787574408.416000,213.999947,faf_by_key,key=/api/backend/6,2
2026-08-24_12-23-14-416053_earlyRefresh,earlyRefresh,high-skew-zipf,1787574409.416000,214.999947,faf_by_key,key=/api/backend/6,2
2026-08-24_12-23-14-416053_earlyRefresh,earlyRefresh,high-skew-zipf,1787574417.416000,222.999947,faf_by_key,key=/api/backend/6,1
2026-08-24_12-23-14-416053_earlyRefresh,earlyRefresh,high-skew-zipf,1787574418.416000,223.999947,faf_by_key,key=/api/backend/6,1
2026-08-24_12-23-14-416053_earlyRefresh,earlyRefresh,high-skew-zipf,1787574419.416000,224.999947,faf_by_key,key=/api/backend/6,1
2026-08-24_12-23-14-416053_earlyRefresh,earlyRefresh,high-skew-zipf,1787574420.416000,225.999947,faf_by_key,key=/api/backend/6,1
2026-08-24_12-23-14-416053_earlyRefresh,earlyRefresh,high-skew-zipf,1787574421.416000,226.999947,faf_by_key,key=/api/backend/6,1
2026-08-24_12-23-14-416053_earlyRefresh,earlyRefresh,high-skew-zipf,1787574422.416000,227.999947,faf_by_key,key=/api/backend/6,1
2026-08-24_12-23-14-416053_earlyRefresh,earlyRefresh,high-skew-zipf,1787574423.416000,228.999947,faf_by_key,key=/api/backend/6,1
2026-08-24_12-23-14-416053_earlyRefresh,earlyRefresh,high-skew-zipf,1787574424.416000,229.999947,faf_by_key,key=/api/backend/6,1
2026-08-24_12-23-14-416053_earlyRefresh,earlyRefresh,high-skew-zipf,1787574425.416000,230.999947,faf_by_key,key=/api/backend/6,1
2026-08-24_12-23-14-416053_earlyRefresh,earlyRefresh,high-skew-zipf,1787574431.416000,236.999947,faf_by_key,key=/api/backend/6,1
2026-08-24_12-23-14-416053_earlyRefresh,earlyRefresh,high-skew-zipf,1787574432.416000,237.999947,faf_by_key,key=/api/backend/6,1
2026-08-24_12-23-14-416053_earlyRefresh,earlyRefresh,high-skew-zipf,1787574433.416000,238.999947,faf_by_key,key=/api/backend/6,1
2026-08-24_12-23-14-416053_earlyRefresh,earlyRefresh,high-skew-zipf,1787574434.416000,239.999947,faf_by_key,key=/api/backend/6,1
2026-08-24_12-23-14-416053_earlyRefresh,earlyRefresh,high-skew-zipf,1787574194.416000,-0.000053,average_request_duration,all,0
2026-08-24_12-23-14-416053_earlyRefresh,earlyRefresh,high-skew-zipf,1787574195.416000,0.999947,average_request_duration,all,0
2026-08-24_12-23-14-416053_earlyRefresh,earlyRefresh,high-skew-zipf,1787574196.416000,1.999947,average_request_duration,all,0.1465795206114976
2026-08-24_12-23-14-416053_earlyRefresh,earlyRefresh,high-skew-zipf,1787574197.416000,2.999947,average_request_duration,all,0.12080146401320771
2026-08-24_12-23-14-416053_earlyRefresh,earlyRefresh,high-skew-zipf,1787574198.416000,3.999947,average_request_duration,all,0.08455537716293199
2026-08-24_12-23-14-416053_earlyRefresh,earlyRefresh,high-skew-zipf,1787574199.416000,4.999947,average_request_duration,all,0.0803898774747869
2026-08-24_12-23-14-416053_earlyRefresh,earlyRefresh,high-skew-zipf,1787574200.416000,5.999947,average_request_duration,all,0.07274054154382065
2026-08-24_12-23-14-416053_earlyRefresh,earlyRefresh,high-skew-zipf,1787574201.416000,6.999947,average_request_duration,all,0.07288249834574122
2026-08-24_12-23-14-416053_earlyRefresh,earlyRefresh,high-skew-zipf,1787574202.416000,7.999947,average_request_duration,all,0.06575061329593355
2026-08-24_12-23-14-416053_earlyRefresh,earlyRefresh,high-skew-zipf,1787574203.416000,8.999947,average_request_duration,all,0.05584315691185765
2026-08-24_12-23-14-416053_earlyRefresh,earlyRefresh,high-skew-zipf,1787574204.416000,9.999947,average_request_duration,all,0.04975082725281895
2026-08-24_12-23-14-416053_earlyRefresh,earlyRefresh,high-skew-zipf,1787574205.416000,10.999947,average_request_duration,all,0.04569208164540049
2026-08-24_12-23-14-416053_earlyRefresh,earlyRefresh,high-skew-zipf,1787574206.416000,11.999947,average_request_duration,all,0.03663602957258051
2026-08-24_12-23-14-416053_earlyRefresh,earlyRefresh,high-skew-zipf,1787574207.416000,12.999947,average_request_duration,all,0.0319471377640129
2026-08-24_12-23-14-416053_earlyRefresh,earlyRefresh,high-skew-zipf,1787574208.416000,13.999947,average_request_duration,all,0.026940147943622938
2026-08-24_12-23-14-416053_earlyRefresh,earlyRefresh,high-skew-zipf,1787574209.416000,14.999947,average_request_duration,all,0.022664106420502095
2026-08-24_12-23-14-416053_earlyRefresh,earlyRefresh,high-skew-zipf,1787574210.416000,15.999947,average_request_duration,all,0.020734085906260975
2026-08-24_12-23-14-416053_earlyRefresh,earlyRefresh,high-skew-zipf,1787574211.416000,16.999947,average_request_duration,all,0.0237113424935403
2026-08-24_12-23-14-416053_earlyRefresh,earlyRefresh,high-skew-zipf,1787574212.416000,17.999947,average_request_duration,all,0.031980751628571426
2026-08-24_12-23-14-416053_earlyRefresh,earlyRefresh,high-skew-zipf,1787574213.416000,18.999947,average_request_duration,all,0.03290083788799997
2026-08-24_12-23-14-416053_earlyRefresh,earlyRefresh,high-skew-zipf,1787574214.416000,19.999947,average_request_duration,all,0.032926416892813136
2026-08-24_12-23-14-416053_earlyRefresh,earlyRefresh,high-skew-zipf,1787574215.416000,20.999947,average_request_duration,all,0.03439606406626276
2026-08-24_12-23-14-416053_earlyRefresh,earlyRefresh,high-skew-zipf,1787574216.416000,21.999947,average_request_duration,all,0.034592510485629856
2026-08-24_12-23-14-416053_earlyRefresh,earlyRefresh,high-skew-zipf,1787574217.416000,22.999947,average_request_duration,all,0.03643143939203147
2026-08-24_12-23-14-416053_earlyRefresh,earlyRefresh,high-skew-zipf,1787574218.416000,23.999947,average_request_duration,all,0.03645129847477665
2026-08-24_12-23-14-416053_earlyRefresh,earlyRefresh,high-skew-zipf,1787574219.416000,24.999947,average_request_duration,all,0.035117686477742265
2026-08-24_12-23-14-416053_earlyRefresh,earlyRefresh,high-skew-zipf,1787574220.416000,25.999947,average_request_duration,all,0.03181501423174518
2026-08-24_12-23-14-416053_earlyRefresh,earlyRefresh,high-skew-zipf,1787574221.416000,26.999947,average_request_duration,all,0.0239590406578687
2026-08-24_12-23-14-416053_earlyRefresh,earlyRefresh,high-skew-zipf,1787574222.416000,27.999947,average_request_duration,all,0.021440025530872618
2026-08-24_12-23-14-416053_earlyRefresh,earlyRefresh,high-skew-zipf,1787574223.416000,28.999947,average_request_duration,all,0.018729870638176632
2026-08-24_12-23-14-416053_earlyRefresh,earlyRefresh,high-skew-zipf,1787574224.416000,29.999947,average_request_duration,all,0.017224117760342363
2026-08-24_12-23-14-416053_earlyRefresh,earlyRefresh,high-skew-zipf,1787574225.416000,30.999947,average_request_duration,all,0.018335065125045638
2026-08-24_12-23-14-416053_earlyRefresh,earlyRefresh,high-skew-zipf,1787574226.416000,31.999947,average_request_duration,all,0.0179126856059826
2026-08-24_12-23-14-416053_earlyRefresh,earlyRefresh,high-skew-zipf,1787574227.416000,32.999947,average_request_duration,all,0.024649569328057553
2026-08-24_12-23-14-416053_earlyRefresh,earlyRefresh,high-skew-zipf,1787574228.416000,33.999947,average_request_duration,all,0.032264642693227506
2026-08-24_12-23-14-416053_earlyRefresh,earlyRefresh,high-skew-zipf,1787574229.416000,34.999947,average_request_duration,all,0.03177009515814216
2026-08-24_12-23-14-416053_earlyRefresh,earlyRefresh,high-skew-zipf,1787574230.416000,35.999947,average_request_duration,all,0.03382613732052226
2026-08-24_12-23-14-416053_earlyRefresh,earlyRefresh,high-skew-zipf,1787574231.416000,36.999947,average_request_duration,all,0.034435707290598375
2026-08-24_12-23-14-416053_earlyRefresh,earlyRefresh,high-skew-zipf,1787574232.416000,37.999947,average_request_duration,all,0.035439152012134115
2026-08-24_12-23-14-416053_earlyRefresh,earlyRefresh,high-skew-zipf,1787574233.416000,38.999947,average_request_duration,all,0.04293580034044663
2026-08-24_12-23-14-416053_earlyRefresh,earlyRefresh,high-skew-zipf,1787574234.416000,39.999947,average_request_duration,all,0.04489440312881212
2026-08-24_12-23-14-416053_earlyRefresh,earlyRefresh,high-skew-zipf,1787574235.416000,40.999947,average_request_duration,all,0.04472551832359645
2026-08-24_12-23-14-416053_earlyRefresh,earlyRefresh,high-skew-zipf,1787574236.416000,41.999947,average_request_duration,all,0.03894383068263869
2026-08-24_12-23-14-416053_earlyRefresh,earlyRefresh,high-skew-zipf,1787574237.416000,42.999947,average_request_duration,all,0.03170385664051357
2026-08-24_12-23-14-416053_earlyRefresh,earlyRefresh,high-skew-zipf,1787574238.416000,43.999947,average_request_duration,all,0.03285367559084405
2026-08-24_12-23-14-416053_earlyRefresh,earlyRefresh,high-skew-zipf,1787574239.416000,44.999947,average_request_duration,all,0.03368499640032586
2026-08-24_12-23-14-416053_earlyRefresh,earlyRefresh,high-skew-zipf,1787574240.416000,45.999947,average_request_duration,all,0.03364073061321823
2026-08-24_12-23-14-416053_earlyRefresh,earlyRefresh,high-skew-zipf,1787574241.416000,46.999947,average_request_duration,all,0.03404109699007095
2026-08-24_12-23-14-416053_earlyRefresh,earlyRefresh,high-skew-zipf,1787574242.416000,47.999947,average_request_duration,all,0.028258364465049986
2026-08-24_12-23-14-416053_earlyRefresh,earlyRefresh,high-skew-zipf,1787574243.416000,48.999947,average_request_duration,all,0.027696664526508423
2026-08-24_12-23-14-416053_earlyRefresh,earlyRefresh,high-skew-zipf,1787574244.416000,49.999947,average_request_duration,all,0.0325744170828489
2026-08-24_12-23-14-416053_earlyRefresh,earlyRefresh,high-skew-zipf,1787574245.416000,50.999947,average_request_duration,all,0.04641108915853405
2026-08-24_12-23-14-416053_earlyRefresh,earlyRefresh,high-skew-zipf,1787574246.416000,51.999947,average_request_duration,all,0.04602408639758014
2026-08-24_12-23-14-416053_earlyRefresh,earlyRefresh,high-skew-zipf,1787574247.416000,52.999947,average_request_duration,all,0.04445642878642158
2026-08-24_12-23-14-416053_earlyRefresh,earlyRefresh,high-skew-zipf,1787574248.416000,53.999947,average_request_duration,all,0.04243173121285725
2026-08-24_12-23-14-416053_earlyRefresh,earlyRefresh,high-skew-zipf,1787574249.416000,54.999947,average_request_duration,all,0.044681780120910536
2026-08-24_12-23-14-416053_earlyRefresh,earlyRefresh,high-skew-zipf,1787574250.416000,55.999947,average_request_duration,all,0.0495692783576735
2026-08-24_12-23-14-416053_earlyRefresh,earlyRefresh,high-skew-zipf,1787574251.416000,56.999947,average_request_duration,all,0.04987442441418443
2026-08-24_12-23-14-416053_earlyRefresh,earlyRefresh,high-skew-zipf,1787574252.416000,57.999947,average_request_duration,all,0.04833842449831065
2026-08-24_12-23-14-416053_earlyRefresh,earlyRefresh,high-skew-zipf,1787574253.416000,58.999947,average_request_duration,all,0.042805723651748236
2026-08-24_12-23-14-416053_earlyRefresh,earlyRefresh,high-skew-zipf,1787574254.416000,59.999947,average_request_duration,all,0.030263978445868915
2026-08-24_12-23-14-416053_earlyRefresh,earlyRefresh,high-skew-zipf,1787574255.416000,60.999947,average_request_duration,all,0.0315235529729651
2026-08-24_12-23-14-416053_earlyRefresh,earlyRefresh,high-skew-zipf,1787574256.416000,61.999947,average_request_duration,all,0.03908056371082622
2026-08-24_12-23-14-416053_earlyRefresh,earlyRefresh,high-skew-zipf,1787574257.416000,62.999947,average_request_duration,all,0.04035835536505678
2026-08-24_12-23-14-416053_earlyRefresh,earlyRefresh,high-skew-zipf,1787574258.416000,63.999947,average_request_duration,all,0.03797395459835169
2026-08-24_12-23-14-416053_earlyRefresh,earlyRefresh,high-skew-zipf,1787574259.416000,64.999947,average_request_duration,all,0.032145237743223885
2026-08-24_12-23-14-416053_earlyRefresh,earlyRefresh,high-skew-zipf,1787574260.416000,65.999947,average_request_duration,all,0.032512791638691314
2026-08-24_12-23-14-416053_earlyRefresh,earlyRefresh,high-skew-zipf,1787574261.416000,66.999947,average_request_duration,all,0.03156239913176322
2026-08-24_12-23-14-416053_earlyRefresh,earlyRefresh,high-skew-zipf,1787574262.416000,67.999947,average_request_duration,all,0.03138037872119497
2026-08-24_12-23-14-416053_earlyRefresh,earlyRefresh,high-skew-zipf,1787574263.416000,68.999947,average_request_duration,all,0.030683405954970225
2026-08-24_12-23-14-416053_earlyRefresh,earlyRefresh,high-skew-zipf,1787574264.416000,69.999947,average_request_duration,all,0.030861565753620854
2026-08-24_12-23-14-416053_earlyRefresh,earlyRefresh,high-skew-zipf,1787574265.416000,70.999947,average_request_duration,all,0.02841946260742611
2026-08-24_12-23-14-416053_earlyRefresh,earlyRefresh,high-skew-zipf,1787574266.416000,71.999947,average_request_duration,all,0.025906789802178185
2026-08-24_12-23-14-416053_earlyRefresh,earlyRefresh,high-skew-zipf,1787574267.416000,72.999947,average_request_duration,all,0.027094826053939626
2026-08-24_12-23-14-416053_earlyRefresh,earlyRefresh,high-skew-zipf,1787574268.416000,73.999947,average_request_duration,all,0.027269654356013154
2026-08-24_12-23-14-416053_earlyRefresh,earlyRefresh,high-skew-zipf,1787574269.416000,74.999947,average_request_duration,all,0.02528414013734438
2026-08-24_12-23-14-416053_earlyRefresh,earlyRefresh,high-skew-zipf,1787574270.416000,75.999947,average_request_duration,all,0.028796010949956492
2026-08-24_12-23-14-416053_earlyRefresh,earlyRefresh,high-skew-zipf,1787574271.416000,76.999947,average_request_duration,all,0.029929206508155427
2026-08-24_12-23-14-416053_earlyRefresh,earlyRefresh,high-skew-zipf,1787574272.416000,77.999947,average_request_duration,all,0.03055070510795481
2026-08-24_12-23-14-416053_earlyRefresh,earlyRefresh,high-skew-zipf,1787574273.416000,78.999947,average_request_duration,all,0.0289045662504682
2026-08-24_12-23-14-416053_earlyRefresh,earlyRefresh,high-skew-zipf,1787574274.416000,79.999947,average_request_duration,all,0.02362295926428593
2026-08-24_12-23-14-416053_earlyRefresh,earlyRefresh,high-skew-zipf,1787574275.416000,80.999947,average_request_duration,all,0.024694659446022952
2026-08-24_12-23-14-416053_earlyRefresh,earlyRefresh,high-skew-zipf,1787574276.416000,81.999947,average_request_duration,all,0.023828302892857332
2026-08-24_12-23-14-416053_earlyRefresh,earlyRefresh,high-skew-zipf,1787574277.416000,82.999947,average_request_duration,all,0.030526001226495944
2026-08-24_12-23-14-416053_earlyRefresh,earlyRefresh,high-skew-zipf,1787574278.416000,83.999947,average_request_duration,all,0.029435177031250082
2026-08-24_12-23-14-416053_earlyRefresh,earlyRefresh,high-skew-zipf,1787574279.416000,84.999947,average_request_duration,all,0.026949530103133737
2026-08-24_12-23-14-416053_earlyRefresh,earlyRefresh,high-skew-zipf,1787574280.416000,85.999947,average_request_duration,all,0.025796974900631063
2026-08-24_12-23-14-416053_earlyRefresh,earlyRefresh,high-skew-zipf,1787574281.416000,86.999947,average_request_duration,all,0.025233166187537827
2026-08-24_12-23-14-416053_earlyRefresh,earlyRefresh,high-skew-zipf,1787574282.416000,87.999947,average_request_duration,all,0.02769278869359595
2026-08-24_12-23-14-416053_earlyRefresh,earlyRefresh,high-skew-zipf,1787574283.416000,88.999947,average_request_duration,all,0.029082153874610325
2026-08-24_12-23-14-416053_earlyRefresh,earlyRefresh,high-skew-zipf,1787574284.416000,89.999947,average_request_duration,all,0.029177081839825775
2026-08-24_12-23-14-416053_earlyRefresh,earlyRefresh,high-skew-zipf,1787574285.416000,90.999947,average_request_duration,all,0.029157390613960103
2026-08-24_12-23-14-416053_earlyRefresh,earlyRefresh,high-skew-zipf,1787574286.416000,91.999947,average_request_duration,all,0.02585882854824504
2026-08-24_12-23-14-416053_earlyRefresh,earlyRefresh,high-skew-zipf,1787574287.416000,92.999947,average_request_duration,all,0.028143571783052233
2026-08-24_12-23-14-416053_earlyRefresh,earlyRefresh,high-skew-zipf,1787574288.416000,93.999947,average_request_duration,all,0.031323947826704626
2026-08-24_12-23-14-416053_earlyRefresh,earlyRefresh,high-skew-zipf,1787574289.416000,94.999947,average_request_duration,all,0.03009897185069541
2026-08-24_12-23-14-416053_earlyRefresh,earlyRefresh,high-skew-zipf,1787574290.416000,95.999947,average_request_duration,all,0.02826708810653411
2026-08-24_12-23-14-416053_earlyRefresh,earlyRefresh,high-skew-zipf,1787574291.416000,96.999947,average_request_duration,all,0.025438987937411006
2026-08-24_12-23-14-416053_earlyRefresh,earlyRefresh,high-skew-zipf,1787574292.416000,97.999947,average_request_duration,all,0.024557003145922605
2026-08-24_12-23-14-416053_earlyRefresh,earlyRefresh,high-skew-zipf,1787574293.416000,98.999947,average_request_duration,all,0.025874136808571254
2026-08-24_12-23-14-416053_earlyRefresh,earlyRefresh,high-skew-zipf,1787574294.416000,99.999947,average_request_duration,all,0.02549276331650148
2026-08-24_12-23-14-416053_earlyRefresh,earlyRefresh,high-skew-zipf,1787574295.416000,100.999947,average_request_duration,all,0.023831521549999922
2026-08-24_12-23-14-416053_earlyRefresh,earlyRefresh,high-skew-zipf,1787574296.416000,101.999947,average_request_duration,all,0.022770873132376114
2026-08-24_12-23-14-416053_earlyRefresh,earlyRefresh,high-skew-zipf,1787574297.416000,102.999947,average_request_duration,all,0.01847605984352759
2026-08-24_12-23-14-416053_earlyRefresh,earlyRefresh,high-skew-zipf,1787574298.416000,103.999947,average_request_duration,all,0.022800210669515503
2026-08-24_12-23-14-416053_earlyRefresh,earlyRefresh,high-skew-zipf,1787574299.416000,104.999947,average_request_duration,all,0.02450429512273421
2026-08-24_12-23-14-416053_earlyRefresh,earlyRefresh,high-skew-zipf,1787574300.416000,105.999947,average_request_duration,all,0.025886440703280944
2026-08-24_12-23-14-416053_earlyRefresh,earlyRefresh,high-skew-zipf,1787574301.416000,106.999947,average_request_duration,all,0.027661332693732093
2026-08-24_12-23-14-416053_earlyRefresh,earlyRefresh,high-skew-zipf,1787574302.416000,107.999947,average_request_duration,all,0.027501170195434934
2026-08-24_12-23-14-416053_earlyRefresh,earlyRefresh,high-skew-zipf,1787574303.416000,108.999947,average_request_duration,all,0.03155197888108876
2026-08-24_12-23-14-416053_earlyRefresh,earlyRefresh,high-skew-zipf,1787574304.416000,109.999947,average_request_duration,all,0.033805924473609014
2026-08-24_12-23-14-416053_earlyRefresh,earlyRefresh,high-skew-zipf,1787574305.416000,110.999947,average_request_duration,all,0.03530618727434308
2026-08-24_12-23-14-416053_earlyRefresh,earlyRefresh,high-skew-zipf,1787574306.416000,111.999947,average_request_duration,all,0.033750442232524845
2026-08-24_12-23-14-416053_earlyRefresh,earlyRefresh,high-skew-zipf,1787574307.416000,112.999947,average_request_duration,all,0.03142398994037944
2026-08-24_12-23-14-416053_earlyRefresh,earlyRefresh,high-skew-zipf,1787574308.416000,113.999947,average_request_duration,all,0.029790365429999945
2026-08-24_12-23-14-416053_earlyRefresh,earlyRefresh,high-skew-zipf,1787574309.416000,114.999947,average_request_duration,all,0.03263541788285699
2026-08-24_12-23-14-416053_earlyRefresh,earlyRefresh,high-skew-zipf,1787574310.416000,115.999947,average_request_duration,all,0.03391640126524809
2026-08-24_12-23-14-416053_earlyRefresh,earlyRefresh,high-skew-zipf,1787574311.416000,116.999947,average_request_duration,all,0.03313123281160598
2026-08-24_12-23-14-416053_earlyRefresh,earlyRefresh,high-skew-zipf,1787574312.416000,117.999947,average_request_duration,all,0.0314816166809709
2026-08-24_12-23-14-416053_earlyRefresh,earlyRefresh,high-skew-zipf,1787574313.416000,118.999947,average_request_duration,all,0.03038509517304221
2026-08-24_12-23-14-416053_earlyRefresh,earlyRefresh,high-skew-zipf,1787574314.416000,119.999947,average_request_duration,all,0.03029838615879849
2026-08-24_12-23-14-416053_earlyRefresh,earlyRefresh,high-skew-zipf,1787574315.416000,120.999947,average_request_duration,all,0.03626037017846338
2026-08-24_12-23-14-416053_earlyRefresh,earlyRefresh,high-skew-zipf,1787574316.416000,121.999947,average_request_duration,all,0.03563623245584073
2026-08-24_12-23-14-416053_earlyRefresh,earlyRefresh,high-skew-zipf,1787574317.416000,122.999947,average_request_duration,all,0.038165096815977316
2026-08-24_12-23-14-416053_earlyRefresh,earlyRefresh,high-skew-zipf,1787574318.416000,123.999947,average_request_duration,all,0.036623926159598835
2026-08-24_12-23-14-416053_earlyRefresh,earlyRefresh,high-skew-zipf,1787574319.416000,124.999947,average_request_duration,all,0.03427742806008591
2026-08-24_12-23-14-416053_earlyRefresh,earlyRefresh,high-skew-zipf,1787574320.416000,125.999947,average_request_duration,all,0.03509259829974577
2026-08-24_12-23-14-416053_earlyRefresh,earlyRefresh,high-skew-zipf,1787574321.416000,126.999947,average_request_duration,all,0.03248857357365453
2026-08-24_12-23-14-416053_earlyRefresh,earlyRefresh,high-skew-zipf,1787574322.416000,127.999947,average_request_duration,all,0.030189123766381824
2026-08-24_12-23-14-416053_earlyRefresh,earlyRefresh,high-skew-zipf,1787574323.416000,128.999947,average_request_duration,all,0.02718276150780142
2026-08-24_12-23-14-416053_earlyRefresh,earlyRefresh,high-skew-zipf,1787574324.416000,129.999947,average_request_duration,all,0.022228956122332694
2026-08-24_12-23-14-416053_earlyRefresh,earlyRefresh,high-skew-zipf,1787574325.416000,130.999947,average_request_duration,all,0.022750551504978574
2026-08-24_12-23-14-416053_earlyRefresh,earlyRefresh,high-skew-zipf,1787574326.416000,131.999947,average_request_duration,all,0.02091068946861538
2026-08-24_12-23-14-416053_earlyRefresh,earlyRefresh,high-skew-zipf,1787574327.416000,132.999947,average_request_duration,all,0.018741597641405098
2026-08-24_12-23-14-416053_earlyRefresh,earlyRefresh,high-skew-zipf,1787574328.416000,133.999947,average_request_duration,all,0.018396639850886142
2026-08-24_12-23-14-416053_earlyRefresh,earlyRefresh,high-skew-zipf,1787574329.416000,134.999947,average_request_duration,all,0.018803202249643266
2026-08-24_12-23-14-416053_earlyRefresh,earlyRefresh,high-skew-zipf,1787574330.416000,135.999947,average_request_duration,all,0.02228591572753175
2026-08-24_12-23-14-416053_earlyRefresh,earlyRefresh,high-skew-zipf,1787574331.416000,136.999947,average_request_duration,all,0.024134356470768045
2026-08-24_12-23-14-416053_earlyRefresh,earlyRefresh,high-skew-zipf,1787574332.416000,137.999947,average_request_duration,all,0.02816165295690731
2026-08-24_12-23-14-416053_earlyRefresh,earlyRefresh,high-skew-zipf,1787574333.416000,138.999947,average_request_duration,all,0.030734026624595064
2026-08-24_12-23-14-416053_earlyRefresh,earlyRefresh,high-skew-zipf,1787574334.416000,139.999947,average_request_duration,all,0.032772478082470524
2026-08-24_12-23-14-416053_earlyRefresh,earlyRefresh,high-skew-zipf,1787574335.416000,140.999947,average_request_duration,all,0.037679643573441696
2026-08-24_12-23-14-416053_earlyRefresh,earlyRefresh,high-skew-zipf,1787574336.416000,141.999947,average_request_duration,all,0.040808515725462374
2026-08-24_12-23-14-416053_earlyRefresh,earlyRefresh,high-skew-zipf,1787574337.416000,142.999947,average_request_duration,all,0.04041793860515574
2026-08-24_12-23-14-416053_earlyRefresh,earlyRefresh,high-skew-zipf,1787574338.416000,143.999947,average_request_duration,all,0.041509100599144026
2026-08-24_12-23-14-416053_earlyRefresh,earlyRefresh,high-skew-zipf,1787574339.416000,144.999947,average_request_duration,all,0.04032600760937485
2026-08-24_12-23-14-416053_earlyRefresh,earlyRefresh,high-skew-zipf,1787574340.416000,145.999947,average_request_duration,all,0.03883583460062567
2026-08-24_12-23-14-416053_earlyRefresh,earlyRefresh,high-skew-zipf,1787574341.416000,146.999947,average_request_duration,all,0.03664815997155
2026-08-24_12-23-14-416053_earlyRefresh,earlyRefresh,high-skew-zipf,1787574342.416000,147.999947,average_request_duration,all,0.034558103698176953
2026-08-24_12-23-14-416053_earlyRefresh,earlyRefresh,high-skew-zipf,1787574343.416000,148.999947,average_request_duration,all,0.03167703077603358
2026-08-24_12-23-14-416053_earlyRefresh,earlyRefresh,high-skew-zipf,1787574344.416000,149.999947,average_request_duration,all,0.029593197201750764
2026-08-24_12-23-14-416053_earlyRefresh,earlyRefresh,high-skew-zipf,1787574345.416000,150.999947,average_request_duration,all,0.027029150234879753
2026-08-24_12-23-14-416053_earlyRefresh,earlyRefresh,high-skew-zipf,1787574346.416000,151.999947,average_request_duration,all,0.0334205888817727
2026-08-24_12-23-14-416053_earlyRefresh,earlyRefresh,high-skew-zipf,1787574347.416000,152.999947,average_request_duration,all,0.032884719146881895
2026-08-24_12-23-14-416053_earlyRefresh,earlyRefresh,high-skew-zipf,1787574348.416000,153.999947,average_request_duration,all,0.032861385325713886
2026-08-24_12-23-14-416053_earlyRefresh,earlyRefresh,high-skew-zipf,1787574349.416000,154.999947,average_request_duration,all,0.0347691841074495
2026-08-24_12-23-14-416053_earlyRefresh,earlyRefresh,high-skew-zipf,1787574350.416000,155.999947,average_request_duration,all,0.035443669762240046
2026-08-24_12-23-14-416053_earlyRefresh,earlyRefresh,high-skew-zipf,1787574351.416000,156.999947,average_request_duration,all,0.03580961667799209
2026-08-24_12-23-14-416053_earlyRefresh,earlyRefresh,high-skew-zipf,1787574352.416000,157.999947,average_request_duration,all,0.037894710338728155
2026-08-24_12-23-14-416053_earlyRefresh,earlyRefresh,high-skew-zipf,1787574353.416000,158.999947,average_request_duration,all,0.03623471076142835
2026-08-24_12-23-14-416053_earlyRefresh,earlyRefresh,high-skew-zipf,1787574354.416000,159.999947,average_request_duration,all,0.039328709185932516
2026-08-24_12-23-14-416053_earlyRefresh,earlyRefresh,high-skew-zipf,1787574355.416000,160.999947,average_request_duration,all,0.034194651956028145
2026-08-24_12-23-14-416053_earlyRefresh,earlyRefresh,high-skew-zipf,1787574356.416000,161.999947,average_request_duration,all,0.034569036346026275
2026-08-24_12-23-14-416053_earlyRefresh,earlyRefresh,high-skew-zipf,1787574357.416000,162.999947,average_request_duration,all,0.03510249924386805
2026-08-24_12-23-14-416053_earlyRefresh,earlyRefresh,high-skew-zipf,1787574358.416000,163.999947,average_request_duration,all,0.033665884487916936
2026-08-24_12-23-14-416053_earlyRefresh,earlyRefresh,high-skew-zipf,1787574359.416000,164.999947,average_request_duration,all,0.03230223711186046
2026-08-24_12-23-14-416053_earlyRefresh,earlyRefresh,high-skew-zipf,1787574360.416000,165.999947,average_request_duration,all,0.03280232515694162
2026-08-24_12-23-14-416053_earlyRefresh,earlyRefresh,high-skew-zipf,1787574361.416000,166.999947,average_request_duration,all,0.03239736360342387
2026-08-24_12-23-14-416053_earlyRefresh,earlyRefresh,high-skew-zipf,1787574362.416000,167.999947,average_request_duration,all,0.032690750522172206
2026-08-24_12-23-14-416053_earlyRefresh,earlyRefresh,high-skew-zipf,1787574363.416000,168.999947,average_request_duration,all,0.030019967083272796
2026-08-24_12-23-14-416053_earlyRefresh,earlyRefresh,high-skew-zipf,1787574364.416000,169.999947,average_request_duration,all,0.02825520263687567
2026-08-24_12-23-14-416053_earlyRefresh,earlyRefresh,high-skew-zipf,1787574365.416000,170.999947,average_request_duration,all,0.024797676044413578
2026-08-24_12-23-14-416053_earlyRefresh,earlyRefresh,high-skew-zipf,1787574366.416000,171.999947,average_request_duration,all,0.023116550257614173
2026-08-24_12-23-14-416053_earlyRefresh,earlyRefresh,high-skew-zipf,1787574367.416000,172.999947,average_request_duration,all,0.02376895896438728
2026-08-24_12-23-14-416053_earlyRefresh,earlyRefresh,high-skew-zipf,1787574368.416000,173.999947,average_request_duration,all,0.023839832820768007
2026-08-24_12-23-14-416053_earlyRefresh,earlyRefresh,high-skew-zipf,1787574369.416000,174.999947,average_request_duration,all,0.022526002248449646
2026-08-24_12-23-14-416053_earlyRefresh,earlyRefresh,high-skew-zipf,1787574370.416000,175.999947,average_request_duration,all,0.021651815264957464
2026-08-24_12-23-14-416053_earlyRefresh,earlyRefresh,high-skew-zipf,1787574371.416000,176.999947,average_request_duration,all,0.022293532047095246
2026-08-24_12-23-14-416053_earlyRefresh,earlyRefresh,high-skew-zipf,1787574372.416000,177.999947,average_request_duration,all,0.022055647136364234
2026-08-24_12-23-14-416053_earlyRefresh,earlyRefresh,high-skew-zipf,1787574373.416000,178.999947,average_request_duration,all,0.022771313774286452
2026-08-24_12-23-14-416053_earlyRefresh,earlyRefresh,high-skew-zipf,1787574374.416000,179.999947,average_request_duration,all,0.02344533468237651
2026-08-24_12-23-14-416053_earlyRefresh,earlyRefresh,high-skew-zipf,1787574375.416000,180.999947,average_request_duration,all,0.024210520467811983
2026-08-24_12-23-14-416053_earlyRefresh,earlyRefresh,high-skew-zipf,1787574376.416000,181.999947,average_request_duration,all,0.026091040353780907
2026-08-24_12-23-14-416053_earlyRefresh,earlyRefresh,high-skew-zipf,1787574377.416000,182.999947,average_request_duration,all,0.0259953041880344
2026-08-24_12-23-14-416053_earlyRefresh,earlyRefresh,high-skew-zipf,1787574378.416000,183.999947,average_request_duration,all,0.03157273644029492
2026-08-24_12-23-14-416053_earlyRefresh,earlyRefresh,high-skew-zipf,1787574379.416000,184.999947,average_request_duration,all,0.037397983801641915
2026-08-24_12-23-14-416053_earlyRefresh,earlyRefresh,high-skew-zipf,1787574380.416000,185.999947,average_request_duration,all,0.035861264439194074
2026-08-24_12-23-14-416053_earlyRefresh,earlyRefresh,high-skew-zipf,1787574381.416000,186.999947,average_request_duration,all,0.03587836460712146
2026-08-24_12-23-14-416053_earlyRefresh,earlyRefresh,high-skew-zipf,1787574382.416000,187.999947,average_request_duration,all,0.03553118996185652
2026-08-24_12-23-14-416053_earlyRefresh,earlyRefresh,high-skew-zipf,1787574383.416000,188.999947,average_request_duration,all,0.036613032639999536
2026-08-24_12-23-14-416053_earlyRefresh,earlyRefresh,high-skew-zipf,1787574384.416000,189.999947,average_request_duration,all,0.03909767061450885
2026-08-24_12-23-14-416053_earlyRefresh,earlyRefresh,high-skew-zipf,1787574385.416000,190.999947,average_request_duration,all,0.03688825240744236
2026-08-24_12-23-14-416053_earlyRefresh,earlyRefresh,high-skew-zipf,1787574386.416000,191.999947,average_request_duration,all,0.039194756287821084
2026-08-24_12-23-14-416053_earlyRefresh,earlyRefresh,high-skew-zipf,1787574387.416000,192.999947,average_request_duration,all,0.035721625999048184
2026-08-24_12-23-14-416053_earlyRefresh,earlyRefresh,high-skew-zipf,1787574388.416000,193.999947,average_request_duration,all,0.029425471073242563
2026-08-24_12-23-14-416053_earlyRefresh,earlyRefresh,high-skew-zipf,1787574389.416000,194.999947,average_request_duration,all,0.031243227819579472
2026-08-24_12-23-14-416053_earlyRefresh,earlyRefresh,high-skew-zipf,1787574390.416000,195.999947,average_request_duration,all,0.033660143379457316
2026-08-24_12-23-14-416053_earlyRefresh,earlyRefresh,high-skew-zipf,1787574391.416000,196.999947,average_request_duration,all,0.03370253020154699
2026-08-24_12-23-14-416053_earlyRefresh,earlyRefresh,high-skew-zipf,1787574392.416000,197.999947,average_request_duration,all,0.03778601899427702
2026-08-24_12-23-14-416053_earlyRefresh,earlyRefresh,high-skew-zipf,1787574393.416000,198.999947,average_request_duration,all,0.03690586669005874
2026-08-24_12-23-14-416053_earlyRefresh,earlyRefresh,high-skew-zipf,1787574394.416000,199.999947,average_request_duration,all,0.037972950533216594
2026-08-24_12-23-14-416053_earlyRefresh,earlyRefresh,high-skew-zipf,1787574395.416000,200.999947,average_request_duration,all,0.03765810467352534
2026-08-24_12-23-14-416053_earlyRefresh,earlyRefresh,high-skew-zipf,1787574396.416000,201.999947,average_request_duration,all,0.03710116350198571
2026-08-24_12-23-14-416053_earlyRefresh,earlyRefresh,high-skew-zipf,1787574397.416000,202.999947,average_request_duration,all,0.03632804359426548
2026-08-24_12-23-14-416053_earlyRefresh,earlyRefresh,high-skew-zipf,1787574398.416000,203.999947,average_request_duration,all,0.03882126155972174
2026-08-24_12-23-14-416053_earlyRefresh,earlyRefresh,high-skew-zipf,1787574399.416000,204.999947,average_request_duration,all,0.03596624630405278
2026-08-24_12-23-14-416053_earlyRefresh,earlyRefresh,high-skew-zipf,1787574400.416000,205.999947,average_request_duration,all,0.036453694360806345
2026-08-24_12-23-14-416053_earlyRefresh,earlyRefresh,high-skew-zipf,1787574401.416000,206.999947,average_request_duration,all,0.03412631133977729
2026-08-24_12-23-14-416053_earlyRefresh,earlyRefresh,high-skew-zipf,1787574402.416000,207.999947,average_request_duration,all,0.03235486007959116
2026-08-24_12-23-14-416053_earlyRefresh,earlyRefresh,high-skew-zipf,1787574403.416000,208.999947,average_request_duration,all,0.032338305955817465
2026-08-24_12-23-14-416053_earlyRefresh,earlyRefresh,high-skew-zipf,1787574404.416000,209.999947,average_request_duration,all,0.03251225752236843
2026-08-24_12-23-14-416053_earlyRefresh,earlyRefresh,high-skew-zipf,1787574405.416000,210.999947,average_request_duration,all,0.032879661465908816
2026-08-24_12-23-14-416053_earlyRefresh,earlyRefresh,high-skew-zipf,1787574406.416000,211.999947,average_request_duration,all,0.03356670728005704
2026-08-24_12-23-14-416053_earlyRefresh,earlyRefresh,high-skew-zipf,1787574407.416000,212.999947,average_request_duration,all,0.02781136251362008
2026-08-24_12-23-14-416053_earlyRefresh,earlyRefresh,high-skew-zipf,1787574408.416000,213.999947,average_request_duration,all,0.027383622734665058
2026-08-24_12-23-14-416053_earlyRefresh,earlyRefresh,high-skew-zipf,1787574409.416000,214.999947,average_request_duration,all,0.02698157208077284
2026-08-24_12-23-14-416053_earlyRefresh,earlyRefresh,high-skew-zipf,1787574410.416000,215.999947,average_request_duration,all,0.02690029280654423
2026-08-24_12-23-14-416053_earlyRefresh,earlyRefresh,high-skew-zipf,1787574411.416000,216.999947,average_request_duration,all,0.02865068885436038
2026-08-24_12-23-14-416053_earlyRefresh,earlyRefresh,high-skew-zipf,1787574412.416000,217.999947,average_request_duration,all,0.02835389772340518
2026-08-24_12-23-14-416053_earlyRefresh,earlyRefresh,high-skew-zipf,1787574413.416000,218.999947,average_request_duration,all,0.027571673642857977
2026-08-24_12-23-14-416053_earlyRefresh,earlyRefresh,high-skew-zipf,1787574414.416000,219.999947,average_request_duration,all,0.029842200017095203
2026-08-24_12-23-14-416053_earlyRefresh,earlyRefresh,high-skew-zipf,1787574415.416000,220.999947,average_request_duration,all,0.03177921064622193
2026-08-24_12-23-14-416053_earlyRefresh,earlyRefresh,high-skew-zipf,1787574416.416000,221.999947,average_request_duration,all,0.03328215982199202
2026-08-24_12-23-14-416053_earlyRefresh,earlyRefresh,high-skew-zipf,1787574417.416000,222.999947,average_request_duration,all,0.0345982045844622
2026-08-24_12-23-14-416053_earlyRefresh,earlyRefresh,high-skew-zipf,1787574418.416000,223.999947,average_request_duration,all,0.038811044636003066
2026-08-24_12-23-14-416053_earlyRefresh,earlyRefresh,high-skew-zipf,1787574419.416000,224.999947,average_request_duration,all,0.0385356103585655
2026-08-24_12-23-14-416053_earlyRefresh,earlyRefresh,high-skew-zipf,1787574420.416000,225.999947,average_request_duration,all,0.03799530559623312
2026-08-24_12-23-14-416053_earlyRefresh,earlyRefresh,high-skew-zipf,1787574421.416000,226.999947,average_request_duration,all,0.03849297123032965
2026-08-24_12-23-14-416053_earlyRefresh,earlyRefresh,high-skew-zipf,1787574422.416000,227.999947,average_request_duration,all,0.036556296863443
2026-08-24_12-23-14-416053_earlyRefresh,earlyRefresh,high-skew-zipf,1787574423.416000,228.999947,average_request_duration,all,0.033051578524894036
2026-08-24_12-23-14-416053_earlyRefresh,earlyRefresh,high-skew-zipf,1787574424.416000,229.999947,average_request_duration,all,0.03026584879992448
2026-08-24_12-23-14-416053_earlyRefresh,earlyRefresh,high-skew-zipf,1787574425.416000,230.999947,average_request_duration,all,0.029845348712227493
2026-08-24_12-23-14-416053_earlyRefresh,earlyRefresh,high-skew-zipf,1787574426.416000,231.999947,average_request_duration,all,0.030094044632741374
2026-08-24_12-23-14-416053_earlyRefresh,earlyRefresh,high-skew-zipf,1787574427.416000,232.999947,average_request_duration,all,0.02793458099514834
2026-08-24_12-23-14-416053_earlyRefresh,earlyRefresh,high-skew-zipf,1787574428.416000,233.999947,average_request_duration,all,0.02642332298687717
2026-08-24_12-23-14-416053_earlyRefresh,earlyRefresh,high-skew-zipf,1787574429.416000,234.999947,average_request_duration,all,0.02535344583880218
2026-08-24_12-23-14-416053_earlyRefresh,earlyRefresh,high-skew-zipf,1787574430.416000,235.999947,average_request_duration,all,0.026347352975852285
2026-08-24_12-23-14-416053_earlyRefresh,earlyRefresh,high-skew-zipf,1787574431.416000,236.999947,average_request_duration,all,0.028492097013454506
2026-08-24_12-23-14-416053_earlyRefresh,earlyRefresh,high-skew-zipf,1787574432.416000,237.999947,average_request_duration,all,0.0308418823393463
2026-08-24_12-23-14-416053_earlyRefresh,earlyRefresh,high-skew-zipf,1787574433.416000,238.999947,average_request_duration,all,0.03085207297432166
2026-08-24_12-23-14-416053_earlyRefresh,earlyRefresh,high-skew-zipf,1787574434.416000,239.999947,average_request_duration,all,0.03243594065092954
2026-08-24_12-23-14-416053_earlyRefresh,earlyRefresh,high-skew-zipf,1787574194.416000,-0.000053,average_backend_duration,all,0
2026-08-24_12-23-14-416053_earlyRefresh,earlyRefresh,high-skew-zipf,1787574195.416000,0.999947,average_backend_duration,all,0
2026-08-24_12-23-14-416053_earlyRefresh,earlyRefresh,high-skew-zipf,1787574196.416000,1.999947,average_backend_duration,all,0.2188010034482634
2026-08-24_12-23-14-416053_earlyRefresh,earlyRefresh,high-skew-zipf,1787574197.416000,2.999947,average_backend_duration,all,0.22213235599365555
2026-08-24_12-23-14-416053_earlyRefresh,earlyRefresh,high-skew-zipf,1787574198.416000,3.999947,average_backend_duration,all,0.2208505175899268
2026-08-24_12-23-14-416053_earlyRefresh,earlyRefresh,high-skew-zipf,1787574199.416000,4.999947,average_backend_duration,all,0.222450040558866
2026-08-24_12-23-14-416053_earlyRefresh,earlyRefresh,high-skew-zipf,1787574200.416000,5.999947,average_backend_duration,all,0.22390412316058395
2026-08-24_12-23-14-416053_earlyRefresh,earlyRefresh,high-skew-zipf,1787574201.416000,6.999947,average_backend_duration,all,0.2243775395256393
2026-08-24_12-23-14-416053_earlyRefresh,earlyRefresh,high-skew-zipf,1787574202.416000,7.999947,average_backend_duration,all,0.2266789834571337
2026-08-24_12-23-14-416053_earlyRefresh,earlyRefresh,high-skew-zipf,1787574203.416000,8.999947,average_backend_duration,all,0.22621038973079605
2026-08-24_12-23-14-416053_earlyRefresh,earlyRefresh,high-skew-zipf,1787574204.416000,9.999947,average_backend_duration,all,0.22546632833441602
2026-08-24_12-23-14-416053_earlyRefresh,earlyRefresh,high-skew-zipf,1787574205.416000,10.999947,average_backend_duration,all,0.22660242949773382
2026-08-24_12-23-14-416053_earlyRefresh,earlyRefresh,high-skew-zipf,1787574206.416000,11.999947,average_backend_duration,all,0.22609161193563215
2026-08-24_12-23-14-416053_earlyRefresh,earlyRefresh,high-skew-zipf,1787574207.416000,12.999947,average_backend_duration,all,0.2260763808168916
2026-08-24_12-23-14-416053_earlyRefresh,earlyRefresh,high-skew-zipf,1787574208.416000,13.999947,average_backend_duration,all,0.2251349502022215
2026-08-24_12-23-14-416053_earlyRefresh,earlyRefresh,high-skew-zipf,1787574209.416000,14.999947,average_backend_duration,all,0.22372163762499994
2026-08-24_12-23-14-416053_earlyRefresh,earlyRefresh,high-skew-zipf,1787574210.416000,15.999947,average_backend_duration,all,0.22388513092089152
2026-08-24_12-23-14-416053_earlyRefresh,earlyRefresh,high-skew-zipf,1787574211.416000,16.999947,average_backend_duration,all,0.23602567445520753
2026-08-24_12-23-14-416053_earlyRefresh,earlyRefresh,high-skew-zipf,1787574212.416000,17.999947,average_backend_duration,all,0.27002082889999995
2026-08-24_12-23-14-416053_earlyRefresh,earlyRefresh,high-skew-zipf,1787574213.416000,18.999947,average_backend_duration,all,0.2687161989078946
2026-08-24_12-23-14-416053_earlyRefresh,earlyRefresh,high-skew-zipf,1787574214.416000,19.999947,average_backend_duration,all,0.2681611642791272
2026-08-24_12-23-14-416053_earlyRefresh,earlyRefresh,high-skew-zipf,1787574215.416000,20.999947,average_backend_duration,all,0.26650594485984985
2026-08-24_12-23-14-416053_earlyRefresh,earlyRefresh,high-skew-zipf,1787574216.416000,21.999947,average_backend_duration,all,0.26521705648607696
2026-08-24_12-23-14-416053_earlyRefresh,earlyRefresh,high-skew-zipf,1787574217.416000,22.999947,average_backend_duration,all,0.26398110269392355
2026-08-24_12-23-14-416053_earlyRefresh,earlyRefresh,high-skew-zipf,1787574218.416000,23.999947,average_backend_duration,all,0.2647947985767435
2026-08-24_12-23-14-416053_earlyRefresh,earlyRefresh,high-skew-zipf,1787574219.416000,24.999947,average_backend_duration,all,0.26658594445798794
2026-08-24_12-23-14-416053_earlyRefresh,earlyRefresh,high-skew-zipf,1787574220.416000,25.999947,average_backend_duration,all,0.26045336895870325
2026-08-24_12-23-14-416053_earlyRefresh,earlyRefresh,high-skew-zipf,1787574221.416000,26.999947,average_backend_duration,all,0.23194902489897817
2026-08-24_12-23-14-416053_earlyRefresh,earlyRefresh,high-skew-zipf,1787574222.416000,27.999947,average_backend_duration,all,0.2301269266704935
2026-08-24_12-23-14-416053_earlyRefresh,earlyRefresh,high-skew-zipf,1787574223.416000,28.999947,average_backend_duration,all,0.22851361494736852
2026-08-24_12-23-14-416053_earlyRefresh,earlyRefresh,high-skew-zipf,1787574224.416000,29.999947,average_backend_duration,all,0.2255565318113208
2026-08-24_12-23-14-416053_earlyRefresh,earlyRefresh,high-skew-zipf,1787574225.416000,30.999947,average_backend_duration,all,0.2266324466750047
2026-08-24_12-23-14-416053_earlyRefresh,earlyRefresh,high-skew-zipf,1787574226.416000,31.999947,average_backend_duration,all,0.22636727148193736
2026-08-24_12-23-14-416053_earlyRefresh,earlyRefresh,high-skew-zipf,1787574227.416000,32.999947,average_backend_duration,all,0.2536155246567164
2026-08-24_12-23-14-416053_earlyRefresh,earlyRefresh,high-skew-zipf,1787574228.416000,33.999947,average_backend_duration,all,0.2892218224359706
2026-08-24_12-23-14-416053_earlyRefresh,earlyRefresh,high-skew-zipf,1787574229.416000,34.999947,average_backend_duration,all,0.29102657792061987
2026-08-24_12-23-14-416053_earlyRefresh,earlyRefresh,high-skew-zipf,1787574230.416000,35.999947,average_backend_duration,all,0.2872139767335876
2026-08-24_12-23-14-416053_earlyRefresh,earlyRefresh,high-skew-zipf,1787574231.416000,36.999947,average_backend_duration,all,0.28588987898809487
2026-08-24_12-23-14-416053_earlyRefresh,earlyRefresh,high-skew-zipf,1787574232.416000,37.999947,average_backend_duration,all,0.2836798016767103
2026-08-24_12-23-14-416053_earlyRefresh,earlyRefresh,high-skew-zipf,1787574233.416000,38.999947,average_backend_duration,all,0.29879991320119464
2026-08-24_12-23-14-416053_earlyRefresh,earlyRefresh,high-skew-zipf,1787574234.416000,39.999947,average_backend_duration,all,0.29843815995035905
2026-08-24_12-23-14-416053_earlyRefresh,earlyRefresh,high-skew-zipf,1787574235.416000,40.999947,average_backend_duration,all,0.29861142202296503
2026-08-24_12-23-14-416053_earlyRefresh,earlyRefresh,high-skew-zipf,1787574236.416000,41.999947,average_backend_duration,all,0.28550205756329483
2026-08-24_12-23-14-416053_earlyRefresh,earlyRefresh,high-skew-zipf,1787574237.416000,42.999947,average_backend_duration,all,0.25665672731395317
2026-08-24_12-23-14-416053_earlyRefresh,earlyRefresh,high-skew-zipf,1787574238.416000,43.999947,average_backend_duration,all,0.2562892201797749
2026-08-24_12-23-14-416053_earlyRefresh,earlyRefresh,high-skew-zipf,1787574239.416000,44.999947,average_backend_duration,all,0.2588730918851159
2026-08-24_12-23-14-416053_earlyRefresh,earlyRefresh,high-skew-zipf,1787574240.416000,45.999947,average_backend_duration,all,0.25918020757838434
2026-08-24_12-23-14-416053_earlyRefresh,earlyRefresh,high-skew-zipf,1787574241.416000,46.999947,average_backend_duration,all,0.25915819602173895
2026-08-24_12-23-14-416053_earlyRefresh,earlyRefresh,high-skew-zipf,1787574242.416000,47.999947,average_backend_duration,all,0.23690658418072283
2026-08-24_12-23-14-416053_earlyRefresh,earlyRefresh,high-skew-zipf,1787574243.416000,48.999947,average_backend_duration,all,0.23498696027634533
2026-08-24_12-23-14-416053_earlyRefresh,earlyRefresh,high-skew-zipf,1787574244.416000,49.999947,average_backend_duration,all,0.24452637121978008
2026-08-24_12-23-14-416053_earlyRefresh,earlyRefresh,high-skew-zipf,1787574245.416000,50.999947,average_backend_duration,all,0.3146114421704937
2026-08-24_12-23-14-416053_earlyRefresh,earlyRefresh,high-skew-zipf,1787574246.416000,51.999947,average_backend_duration,all,0.3155219305585727
2026-08-24_12-23-14-416053_earlyRefresh,earlyRefresh,high-skew-zipf,1787574247.416000,52.999947,average_backend_duration,all,0.3190238822142857
2026-08-24_12-23-14-416053_earlyRefresh,earlyRefresh,high-skew-zipf,1787574248.416000,53.999947,average_backend_duration,all,0.3211595867934783
2026-08-24_12-23-14-416053_earlyRefresh,earlyRefresh,high-skew-zipf,1787574249.416000,54.999947,average_backend_duration,all,0.31557531939393946
2026-08-24_12-23-14-416053_earlyRefresh,earlyRefresh,high-skew-zipf,1787574250.416000,55.999947,average_backend_duration,all,0.31915004606793157
2026-08-24_12-23-14-416053_earlyRefresh,earlyRefresh,high-skew-zipf,1787574251.416000,56.999947,average_backend_duration,all,0.32388189467592604
2026-08-24_12-23-14-416053_earlyRefresh,earlyRefresh,high-skew-zipf,1787574252.416000,57.999947,average_backend_duration,all,0.3264338799553858
2026-08-24_12-23-14-416053_earlyRefresh,earlyRefresh,high-skew-zipf,1787574253.416000,58.999947,average_backend_duration,all,0.32734643911827965
2026-08-24_12-23-14-416053_earlyRefresh,earlyRefresh,high-skew-zipf,1787574254.416000,59.999947,average_backend_duration,all,0.25106501251190483
2026-08-24_12-23-14-416053_earlyRefresh,earlyRefresh,high-skew-zipf,1787574255.416000,60.999947,average_backend_duration,all,0.24996650552646438
2026-08-24_12-23-14-416053_earlyRefresh,earlyRefresh,high-skew-zipf,1787574256.416000,61.999947,average_backend_duration,all,0.2671882348529414
2026-08-24_12-23-14-416053_earlyRefresh,earlyRefresh,high-skew-zipf,1787574257.416000,62.999947,average_backend_duration,all,0.2662398245849058
2026-08-24_12-23-14-416053_earlyRefresh,earlyRefresh,high-skew-zipf,1787574258.416000,63.999947,average_backend_duration,all,0.2682345018832409
2026-08-24_12-23-14-416053_earlyRefresh,earlyRefresh,high-skew-zipf,1787574259.416000,64.999947,average_backend_duration,all,0.26011067184883746
2026-08-24_12-23-14-416053_earlyRefresh,earlyRefresh,high-skew-zipf,1787574260.416000,65.999947,average_backend_duration,all,0.2549212147865172
2026-08-24_12-23-14-416053_earlyRefresh,earlyRefresh,high-skew-zipf,1787574261.416000,66.999947,average_backend_duration,all,0.25500872160034294
2026-08-24_12-23-14-416053_earlyRefresh,earlyRefresh,high-skew-zipf,1787574262.416000,67.999947,average_backend_duration,all,0.25463306983720974
2026-08-24_12-23-14-416053_earlyRefresh,earlyRefresh,high-skew-zipf,1787574263.416000,68.999947,average_backend_duration,all,0.25417105213700875
2026-08-24_12-23-14-416053_earlyRefresh,earlyRefresh,high-skew-zipf,1787574264.416000,69.999947,average_backend_duration,all,0.2544608103959289
2026-08-24_12-23-14-416053_earlyRefresh,earlyRefresh,high-skew-zipf,1787574265.416000,70.999947,average_backend_duration,all,0.24439462476739826
2026-08-24_12-23-14-416053_earlyRefresh,earlyRefresh,high-skew-zipf,1787574266.416000,71.999947,average_backend_duration,all,0.24611743589022905
2026-08-24_12-23-14-416053_earlyRefresh,earlyRefresh,high-skew-zipf,1787574267.416000,72.999947,average_backend_duration,all,0.24509087069423244
2026-08-24_12-23-14-416053_earlyRefresh,earlyRefresh,high-skew-zipf,1787574268.416000,73.999947,average_backend_duration,all,0.24490193625684312
2026-08-24_12-23-14-416053_earlyRefresh,earlyRefresh,high-skew-zipf,1787574269.416000,74.999947,average_backend_duration,all,0.24354044989043505
2026-08-24_12-23-14-416053_earlyRefresh,earlyRefresh,high-skew-zipf,1787574270.416000,75.999947,average_backend_duration,all,0.24771080076407168
2026-08-24_12-23-14-416053_earlyRefresh,earlyRefresh,high-skew-zipf,1787574271.416000,76.999947,average_backend_duration,all,0.251652431972343
2026-08-24_12-23-14-416053_earlyRefresh,earlyRefresh,high-skew-zipf,1787574272.416000,77.999947,average_backend_duration,all,0.25422384035714296
2026-08-24_12-23-14-416053_earlyRefresh,earlyRefresh,high-skew-zipf,1787574273.416000,78.999947,average_backend_duration,all,0.25501637118756554
2026-08-24_12-23-14-416053_earlyRefresh,earlyRefresh,high-skew-zipf,1787574274.416000,79.999947,average_backend_duration,all,0.2412067184411764
2026-08-24_12-23-14-416053_earlyRefresh,earlyRefresh,high-skew-zipf,1787574275.416000,80.999947,average_backend_duration,all,0.23948006787499965
2026-08-24_12-23-14-416053_earlyRefresh,earlyRefresh,high-skew-zipf,1787574276.416000,81.999947,average_backend_duration,all,0.2397118721304343
2026-08-24_12-23-14-416053_earlyRefresh,earlyRefresh,high-skew-zipf,1787574277.416000,82.999947,average_backend_duration,all,0.26265455687654293
2026-08-24_12-23-14-416053_earlyRefresh,earlyRefresh,high-skew-zipf,1787574278.416000,83.999947,average_backend_duration,all,0.2637100342307691
2026-08-24_12-23-14-416053_earlyRefresh,earlyRefresh,high-skew-zipf,1787574279.416000,84.999947,average_backend_duration,all,0.2603583014834291
2026-08-24_12-23-14-416053_earlyRefresh,earlyRefresh,high-skew-zipf,1787574280.416000,85.999947,average_backend_duration,all,0.25663348354323007
2026-08-24_12-23-14-416053_earlyRefresh,earlyRefresh,high-skew-zipf,1787574281.416000,86.999947,average_backend_duration,all,0.2539018250766391
2026-08-24_12-23-14-416053_earlyRefresh,earlyRefresh,high-skew-zipf,1787574282.416000,87.999947,average_backend_duration,all,0.2541035940796407
2026-08-24_12-23-14-416053_earlyRefresh,earlyRefresh,high-skew-zipf,1787574283.416000,88.999947,average_backend_duration,all,0.25392695472988974
2026-08-24_12-23-14-416053_earlyRefresh,earlyRefresh,high-skew-zipf,1787574284.416000,89.999947,average_backend_duration,all,0.25406104689009396
2026-08-24_12-23-14-416053_earlyRefresh,earlyRefresh,high-skew-zipf,1787574285.416000,90.999947,average_backend_duration,all,0.25392135846250025
2026-08-24_12-23-14-416053_earlyRefresh,earlyRefresh,high-skew-zipf,1787574286.416000,91.999947,average_backend_duration,all,0.23078691024350217
2026-08-24_12-23-14-416053_earlyRefresh,earlyRefresh,high-skew-zipf,1787574287.416000,92.999947,average_backend_duration,all,0.23162826565816372
2026-08-24_12-23-14-416053_earlyRefresh,earlyRefresh,high-skew-zipf,1787574288.416000,93.999947,average_backend_duration,all,0.24316853634444455
2026-08-24_12-23-14-416053_earlyRefresh,earlyRefresh,high-skew-zipf,1787574289.416000,94.999947,average_backend_duration,all,0.2434586266482364
2026-08-24_12-23-14-416053_earlyRefresh,earlyRefresh,high-skew-zipf,1787574290.416000,95.999947,average_backend_duration,all,0.2437644510987655
2026-08-24_12-23-14-416053_earlyRefresh,earlyRefresh,high-skew-zipf,1787574291.416000,96.999947,average_backend_duration,all,0.2430139287534247
2026-08-24_12-23-14-416053_earlyRefresh,earlyRefresh,high-skew-zipf,1787574292.416000,97.999947,average_backend_duration,all,0.24328883654285738
2026-08-24_12-23-14-416053_earlyRefresh,earlyRefresh,high-skew-zipf,1787574293.416000,98.999947,average_backend_duration,all,0.2428303144729734
2026-08-24_12-23-14-416053_earlyRefresh,earlyRefresh,high-skew-zipf,1787574294.416000,99.999947,average_backend_duration,all,0.2435322474834556
2026-08-24_12-23-14-416053_earlyRefresh,earlyRefresh,high-skew-zipf,1787574295.416000,100.999947,average_backend_duration,all,0.24333033388235323
2026-08-24_12-23-14-416053_earlyRefresh,earlyRefresh,high-skew-zipf,1787574296.416000,101.999947,average_backend_duration,all,0.24254641620034098
2026-08-24_12-23-14-416053_earlyRefresh,earlyRefresh,high-skew-zipf,1787574297.416000,102.999947,average_backend_duration,all,0.22566426145614024
2026-08-24_12-23-14-416053_earlyRefresh,earlyRefresh,high-skew-zipf,1787574298.416000,103.999947,average_backend_duration,all,0.23336084482352898
2026-08-24_12-23-14-416053_earlyRefresh,earlyRefresh,high-skew-zipf,1787574299.416000,104.999947,average_backend_duration,all,0.23398290525887183
2026-08-24_12-23-14-416053_earlyRefresh,earlyRefresh,high-skew-zipf,1787574300.416000,105.999947,average_backend_duration,all,0.2337118501948046
2026-08-24_12-23-14-416053_earlyRefresh,earlyRefresh,high-skew-zipf,1787574301.416000,106.999947,average_backend_duration,all,0.23486750614634097
2026-08-24_12-23-14-416053_earlyRefresh,earlyRefresh,high-skew-zipf,1787574302.416000,107.999947,average_backend_duration,all,0.23606052518518453
2026-08-24_12-23-14-416053_earlyRefresh,earlyRefresh,high-skew-zipf,1787574303.416000,108.999947,average_backend_duration,all,0.23753458367391228
2026-08-24_12-23-14-416053_earlyRefresh,earlyRefresh,high-skew-zipf,1787574304.416000,109.999947,average_backend_duration,all,0.250247673627659
2026-08-24_12-23-14-416053_earlyRefresh,earlyRefresh,high-skew-zipf,1787574305.416000,110.999947,average_backend_duration,all,0.2510668013293858
2026-08-24_12-23-14-416053_earlyRefresh,earlyRefresh,high-skew-zipf,1787574306.416000,111.999947,average_backend_duration,all,0.2525326205161288
2026-08-24_12-23-14-416053_earlyRefresh,earlyRefresh,high-skew-zipf,1787574307.416000,112.999947,average_backend_duration,all,0.248757928013267
2026-08-24_12-23-14-416053_earlyRefresh,earlyRefresh,high-skew-zipf,1787574308.416000,113.999947,average_backend_duration,all,0.24926724026506067
2026-08-24_12-23-14-416053_earlyRefresh,earlyRefresh,high-skew-zipf,1787574309.416000,114.999947,average_backend_duration,all,0.25762494960227367
2026-08-24_12-23-14-416053_earlyRefresh,earlyRefresh,high-skew-zipf,1787574310.416000,115.999947,average_backend_duration,all,0.26370463006666794
2026-08-24_12-23-14-416053_earlyRefresh,earlyRefresh,high-skew-zipf,1787574311.416000,116.999947,average_backend_duration,all,0.2634746787754635
2026-08-24_12-23-14-416053_earlyRefresh,earlyRefresh,high-skew-zipf,1787574312.416000,117.999947,average_backend_duration,all,0.26429809536093574
2026-08-24_12-23-14-416053_earlyRefresh,earlyRefresh,high-skew-zipf,1787574313.416000,118.999947,average_backend_duration,all,0.2589093426574977
2026-08-24_12-23-14-416053_earlyRefresh,earlyRefresh,high-skew-zipf,1787574314.416000,119.999947,average_backend_duration,all,0.25952983558024834
2026-08-24_12-23-14-416053_earlyRefresh,earlyRefresh,high-skew-zipf,1787574315.416000,120.999947,average_backend_duration,all,0.25983515862349915
2026-08-24_12-23-14-416053_earlyRefresh,earlyRefresh,high-skew-zipf,1787574316.416000,121.999947,average_backend_duration,all,0.26149607051579016
2026-08-24_12-23-14-416053_earlyRefresh,earlyRefresh,high-skew-zipf,1787574317.416000,122.999947,average_backend_duration,all,0.26051672396078474
2026-08-24_12-23-14-416053_earlyRefresh,earlyRefresh,high-skew-zipf,1787574318.416000,123.999947,average_backend_duration,all,0.253886065835455
2026-08-24_12-23-14-416053_earlyRefresh,earlyRefresh,high-skew-zipf,1787574319.416000,124.999947,average_backend_duration,all,0.24782738603124996
2026-08-24_12-23-14-416053_earlyRefresh,earlyRefresh,high-skew-zipf,1787574320.416000,125.999947,average_backend_duration,all,0.24743451193641422
2026-08-24_12-23-14-416053_earlyRefresh,earlyRefresh,high-skew-zipf,1787574321.416000,126.999947,average_backend_duration,all,0.24750876750000053
2026-08-24_12-23-14-416053_earlyRefresh,earlyRefresh,high-skew-zipf,1787574322.416000,127.999947,average_backend_duration,all,0.23897736202272762
2026-08-24_12-23-14-416053_earlyRefresh,earlyRefresh,high-skew-zipf,1787574323.416000,128.999947,average_backend_duration,all,0.2376163392375002
2026-08-24_12-23-14-416053_earlyRefresh,earlyRefresh,high-skew-zipf,1787574324.416000,129.999947,average_backend_duration,all,0.2312315857313437
2026-08-24_12-23-14-416053_earlyRefresh,earlyRefresh,high-skew-zipf,1787574325.416000,130.999947,average_backend_duration,all,0.22978298262318897
2026-08-24_12-23-14-416053_earlyRefresh,earlyRefresh,high-skew-zipf,1787574326.416000,131.999947,average_backend_duration,all,0.22762438268240545
2026-08-24_12-23-14-416053_earlyRefresh,earlyRefresh,high-skew-zipf,1787574327.416000,132.999947,average_backend_duration,all,0.22472324871532018
2026-08-24_12-23-14-416053_earlyRefresh,earlyRefresh,high-skew-zipf,1787574328.416000,133.999947,average_backend_duration,all,0.22440309081107804
2026-08-24_12-23-14-416053_earlyRefresh,earlyRefresh,high-skew-zipf,1787574329.416000,134.999947,average_backend_duration,all,0.22509657398275842
2026-08-24_12-23-14-416053_earlyRefresh,earlyRefresh,high-skew-zipf,1787574330.416000,135.999947,average_backend_duration,all,0.23826294619999894
2026-08-24_12-23-14-416053_earlyRefresh,earlyRefresh,high-skew-zipf,1787574331.416000,136.999947,average_backend_duration,all,0.2393549707893868
2026-08-24_12-23-14-416053_earlyRefresh,earlyRefresh,high-skew-zipf,1787574332.416000,137.999947,average_backend_duration,all,0.24116414723736404
2026-08-24_12-23-14-416053_earlyRefresh,earlyRefresh,high-skew-zipf,1787574333.416000,138.999947,average_backend_duration,all,0.24192414269581874
2026-08-24_12-23-14-416053_earlyRefresh,earlyRefresh,high-skew-zipf,1787574334.416000,139.999947,average_backend_duration,all,0.2426072329113117
2026-08-24_12-23-14-416053_earlyRefresh,earlyRefresh,high-skew-zipf,1787574335.416000,140.999947,average_backend_duration,all,0.2507939567714752
2026-08-24_12-23-14-416053_earlyRefresh,earlyRefresh,high-skew-zipf,1787574336.416000,141.999947,average_backend_duration,all,0.2590897985727263
2026-08-24_12-23-14-416053_earlyRefresh,earlyRefresh,high-skew-zipf,1787574337.416000,142.999947,average_backend_duration,all,0.25895210775008193
2026-08-24_12-23-14-416053_earlyRefresh,earlyRefresh,high-skew-zipf,1787574338.416000,143.999947,average_backend_duration,all,0.26044774889189043
2026-08-24_12-23-14-416053_earlyRefresh,earlyRefresh,high-skew-zipf,1787574339.416000,144.999947,average_backend_duration,all,0.254026098576576
2026-08-24_12-23-14-416053_earlyRefresh,earlyRefresh,high-skew-zipf,1787574340.416000,145.999947,average_backend_duration,all,0.2541269535822231
2026-08-24_12-23-14-416053_earlyRefresh,earlyRefresh,high-skew-zipf,1787574341.416000,146.999947,average_backend_duration,all,0.2533011032871286
2026-08-24_12-23-14-416053_earlyRefresh,earlyRefresh,high-skew-zipf,1787574342.416000,147.999947,average_backend_duration,all,0.2530676367522807
2026-08-24_12-23-14-416053_earlyRefresh,earlyRefresh,high-skew-zipf,1787574343.416000,148.999947,average_backend_duration,all,0.25336597498850605
2026-08-24_12-23-14-416053_earlyRefresh,earlyRefresh,high-skew-zipf,1787574344.416000,149.999947,average_backend_duration,all,0.24428026130695754
2026-08-24_12-23-14-416053_earlyRefresh,earlyRefresh,high-skew-zipf,1787574345.416000,150.999947,average_backend_duration,all,0.2326302018954189
2026-08-24_12-23-14-416053_earlyRefresh,earlyRefresh,high-skew-zipf,1787574346.416000,151.999947,average_backend_duration,all,0.24939347147119734
2026-08-24_12-23-14-416053_earlyRefresh,earlyRefresh,high-skew-zipf,1787574347.416000,152.999947,average_backend_duration,all,0.25753418312879844
2026-08-24_12-23-14-416053_earlyRefresh,earlyRefresh,high-skew-zipf,1787574348.416000,153.999947,average_backend_duration,all,0.25669623832584354
2026-08-24_12-23-14-416053_earlyRefresh,earlyRefresh,high-skew-zipf,1787574349.416000,154.999947,average_backend_duration,all,0.2564375808617028
2026-08-24_12-23-14-416053_earlyRefresh,earlyRefresh,high-skew-zipf,1787574350.416000,155.999947,average_backend_duration,all,0.2570850681386096
2026-08-24_12-23-14-416053_earlyRefresh,earlyRefresh,high-skew-zipf,1787574351.416000,156.999947,average_backend_duration,all,0.25669430196091036
2026-08-24_12-23-14-416053_earlyRefresh,earlyRefresh,high-skew-zipf,1787574352.416000,157.999947,average_backend_duration,all,0.25694976595043895
2026-08-24_12-23-14-416053_earlyRefresh,earlyRefresh,high-skew-zipf,1787574353.416000,158.999947,average_backend_duration,all,0.25709508557142974
2026-08-24_12-23-14-416053_earlyRefresh,earlyRefresh,high-skew-zipf,1787574354.416000,159.999947,average_backend_duration,all,0.25713610640273055
2026-08-24_12-23-14-416053_earlyRefresh,earlyRefresh,high-skew-zipf,1787574355.416000,160.999947,average_backend_duration,all,0.24676264854639268
2026-08-24_12-23-14-416053_earlyRefresh,earlyRefresh,high-skew-zipf,1787574356.416000,161.999947,average_backend_duration,all,0.23818562627748074
2026-08-24_12-23-14-416053_earlyRefresh,earlyRefresh,high-skew-zipf,1787574357.416000,162.999947,average_backend_duration,all,0.2384812163601901
2026-08-24_12-23-14-416053_earlyRefresh,earlyRefresh,high-skew-zipf,1787574358.416000,163.999947,average_backend_duration,all,0.23792331083847118
2026-08-24_12-23-14-416053_earlyRefresh,earlyRefresh,high-skew-zipf,1787574359.416000,164.999947,average_backend_duration,all,0.23686521865632407
2026-08-24_12-23-14-416053_earlyRefresh,earlyRefresh,high-skew-zipf,1787574360.416000,165.999947,average_backend_duration,all,0.23735299392153977
2026-08-24_12-23-14-416053_earlyRefresh,earlyRefresh,high-skew-zipf,1787574361.416000,166.999947,average_backend_duration,all,0.23721674665263057
2026-08-24_12-23-14-416053_earlyRefresh,earlyRefresh,high-skew-zipf,1787574362.416000,167.999947,average_backend_duration,all,0.23757737116093502
2026-08-24_12-23-14-416053_earlyRefresh,earlyRefresh,high-skew-zipf,1787574363.416000,168.999947,average_backend_duration,all,0.23558592630523878
2026-08-24_12-23-14-416053_earlyRefresh,earlyRefresh,high-skew-zipf,1787574364.416000,169.999947,average_backend_duration,all,0.2324456733799025
2026-08-24_12-23-14-416053_earlyRefresh,earlyRefresh,high-skew-zipf,1787574365.416000,170.999947,average_backend_duration,all,0.23077244995531926
2026-08-24_12-23-14-416053_earlyRefresh,earlyRefresh,high-skew-zipf,1787574366.416000,171.999947,average_backend_duration,all,0.22946870681108028
2026-08-24_12-23-14-416053_earlyRefresh,earlyRefresh,high-skew-zipf,1787574367.416000,172.999947,average_backend_duration,all,0.22970167001388792
2026-08-24_12-23-14-416053_earlyRefresh,earlyRefresh,high-skew-zipf,1787574368.416000,173.999947,average_backend_duration,all,0.23071772216666592
2026-08-24_12-23-14-416053_earlyRefresh,earlyRefresh,high-skew-zipf,1787574369.416000,174.999947,average_backend_duration,all,0.23047152758616107
2026-08-24_12-23-14-416053_earlyRefresh,earlyRefresh,high-skew-zipf,1787574370.416000,175.999947,average_backend_duration,all,0.2282286488939389
2026-08-24_12-23-14-416053_earlyRefresh,earlyRefresh,high-skew-zipf,1787574371.416000,176.999947,average_backend_duration,all,0.2286934091650706
2026-08-24_12-23-14-416053_earlyRefresh,earlyRefresh,high-skew-zipf,1787574372.416000,177.999947,average_backend_duration,all,0.2296749025970147
2026-08-24_12-23-14-416053_earlyRefresh,earlyRefresh,high-skew-zipf,1787574373.416000,178.999947,average_backend_duration,all,0.22897986544927482
2026-08-24_12-23-14-416053_earlyRefresh,earlyRefresh,high-skew-zipf,1787574374.416000,179.999947,average_backend_duration,all,0.229492401219692
2026-08-24_12-23-14-416053_earlyRefresh,earlyRefresh,high-skew-zipf,1787574375.416000,180.999947,average_backend_duration,all,0.22987477932876646
2026-08-24_12-23-14-416053_earlyRefresh,earlyRefresh,high-skew-zipf,1787574376.416000,181.999947,average_backend_duration,all,0.2326305487179485
2026-08-24_12-23-14-416053_earlyRefresh,earlyRefresh,high-skew-zipf,1787574377.416000,182.999947,average_backend_duration,all,0.23209412051282058
2026-08-24_12-23-14-416053_earlyRefresh,earlyRefresh,high-skew-zipf,1787574378.416000,183.999947,average_backend_duration,all,0.2427534276955389
2026-08-24_12-23-14-416053_earlyRefresh,earlyRefresh,high-skew-zipf,1787574379.416000,184.999947,average_backend_duration,all,0.26927049064907965
2026-08-24_12-23-14-416053_earlyRefresh,earlyRefresh,high-skew-zipf,1787574380.416000,185.999947,average_backend_duration,all,0.2706921414132226
2026-08-24_12-23-14-416053_earlyRefresh,earlyRefresh,high-skew-zipf,1787574381.416000,186.999947,average_backend_duration,all,0.2694260087055549
2026-08-24_12-23-14-416053_earlyRefresh,earlyRefresh,high-skew-zipf,1787574382.416000,187.999947,average_backend_duration,all,0.26973752727446965
2026-08-24_12-23-14-416053_earlyRefresh,earlyRefresh,high-skew-zipf,1787574383.416000,188.999947,average_backend_duration,all,0.2680113985157902
2026-08-24_12-23-14-416053_earlyRefresh,earlyRefresh,high-skew-zipf,1787574384.416000,189.999947,average_backend_duration,all,0.2704045065940603
2026-08-24_12-23-14-416053_earlyRefresh,earlyRefresh,high-skew-zipf,1787574385.416000,190.999947,average_backend_duration,all,0.2712237791836445
2026-08-24_12-23-14-416053_earlyRefresh,earlyRefresh,high-skew-zipf,1787574386.416000,191.999947,average_backend_duration,all,0.27031666473657173
2026-08-24_12-23-14-416053_earlyRefresh,earlyRefresh,high-skew-zipf,1787574387.416000,192.999947,average_backend_duration,all,0.2627781328157906
2026-08-24_12-23-14-416053_earlyRefresh,earlyRefresh,high-skew-zipf,1787574388.416000,193.999947,average_backend_duration,all,0.23564241959891527
2026-08-24_12-23-14-416053_earlyRefresh,earlyRefresh,high-skew-zipf,1787574389.416000,194.999947,average_backend_duration,all,0.23731842907314973
2026-08-24_12-23-14-416053_earlyRefresh,earlyRefresh,high-skew-zipf,1787574390.416000,195.999947,average_backend_duration,all,0.23901964159183758
2026-08-24_12-23-14-416053_earlyRefresh,earlyRefresh,high-skew-zipf,1787574391.416000,196.999947,average_backend_duration,all,0.23930911256974186
2026-08-24_12-23-14-416053_earlyRefresh,earlyRefresh,high-skew-zipf,1787574392.416000,197.999947,average_backend_duration,all,0.2498436631333339
2026-08-24_12-23-14-416053_earlyRefresh,earlyRefresh,high-skew-zipf,1787574393.416000,198.999947,average_backend_duration,all,0.25439269510235935
2026-08-24_12-23-14-416053_earlyRefresh,earlyRefresh,high-skew-zipf,1787574394.416000,199.999947,average_backend_duration,all,0.2530690339241622
2026-08-24_12-23-14-416053_earlyRefresh,earlyRefresh,high-skew-zipf,1787574395.416000,200.999947,average_backend_duration,all,0.2552291474990456
2026-08-24_12-23-14-416053_earlyRefresh,earlyRefresh,high-skew-zipf,1787574396.416000,201.999947,average_backend_duration,all,0.25606264624735847
2026-08-24_12-23-14-416053_earlyRefresh,earlyRefresh,high-skew-zipf,1787574397.416000,202.999947,average_backend_duration,all,0.25689538981204535
2026-08-24_12-23-14-416053_earlyRefresh,earlyRefresh,high-skew-zipf,1787574398.416000,203.999947,average_backend_duration,all,0.2635308384730909
2026-08-24_12-23-14-416053_earlyRefresh,earlyRefresh,high-skew-zipf,1787574399.416000,204.999947,average_backend_duration,all,0.2643079517088059
2026-08-24_12-23-14-416053_earlyRefresh,earlyRefresh,high-skew-zipf,1787574400.416000,205.999947,average_backend_duration,all,0.2639878229428501
2026-08-24_12-23-14-416053_earlyRefresh,earlyRefresh,high-skew-zipf,1787574401.416000,206.999947,average_backend_duration,all,0.2537509134947837
2026-08-24_12-23-14-416053_earlyRefresh,earlyRefresh,high-skew-zipf,1787574402.416000,207.999947,average_backend_duration,all,0.24646866135483217
2026-08-24_12-23-14-416053_earlyRefresh,earlyRefresh,high-skew-zipf,1787574403.416000,208.999947,average_backend_duration,all,0.24803755762431445
2026-08-24_12-23-14-416053_earlyRefresh,earlyRefresh,high-skew-zipf,1787574404.416000,209.999947,average_backend_duration,all,0.2466578950219902
2026-08-24_12-23-14-416053_earlyRefresh,earlyRefresh,high-skew-zipf,1787574405.416000,210.999947,average_backend_duration,all,0.2460738158086628
2026-08-24_12-23-14-416053_earlyRefresh,earlyRefresh,high-skew-zipf,1787574406.416000,211.999947,average_backend_duration,all,0.245430072916666
2026-08-24_12-23-14-416053_earlyRefresh,earlyRefresh,high-skew-zipf,1787574407.416000,212.999947,average_backend_duration,all,0.23552636293844936
2026-08-24_12-23-14-416053_earlyRefresh,earlyRefresh,high-skew-zipf,1787574408.416000,213.999947,average_backend_duration,all,0.2350706951728393
2026-08-24_12-23-14-416053_earlyRefresh,earlyRefresh,high-skew-zipf,1787574409.416000,214.999947,average_backend_duration,all,0.23482961570197308
2026-08-24_12-23-14-416053_earlyRefresh,earlyRefresh,high-skew-zipf,1787574410.416000,215.999947,average_backend_duration,all,0.2344534147625008
2026-08-24_12-23-14-416053_earlyRefresh,earlyRefresh,high-skew-zipf,1787574411.416000,216.999947,average_backend_duration,all,0.23685195636392387
2026-08-24_12-23-14-416053_earlyRefresh,earlyRefresh,high-skew-zipf,1787574412.416000,217.999947,average_backend_duration,all,0.2360363263571443
2026-08-24_12-23-14-416053_earlyRefresh,earlyRefresh,high-skew-zipf,1787574413.416000,218.999947,average_backend_duration,all,0.23341669431707396
2026-08-24_12-23-14-416053_earlyRefresh,earlyRefresh,high-skew-zipf,1787574414.416000,219.999947,average_backend_duration,all,0.23615377571590881
2026-08-24_12-23-14-416053_earlyRefresh,earlyRefresh,high-skew-zipf,1787574415.416000,220.999947,average_backend_duration,all,0.2370106924073231
2026-08-24_12-23-14-416053_earlyRefresh,earlyRefresh,high-skew-zipf,1787574416.416000,221.999947,average_backend_duration,all,0.2372759643529301
2026-08-24_12-23-14-416053_earlyRefresh,earlyRefresh,high-skew-zipf,1787574417.416000,222.999947,average_backend_duration,all,0.23802282115872214
2026-08-24_12-23-14-416053_earlyRefresh,earlyRefresh,high-skew-zipf,1787574418.416000,223.999947,average_backend_duration,all,0.24442607339180053
2026-08-24_12-23-14-416053_earlyRefresh,earlyRefresh,high-skew-zipf,1787574419.416000,224.999947,average_backend_duration,all,0.2448902331695752
2026-08-24_12-23-14-416053_earlyRefresh,earlyRefresh,high-skew-zipf,1787574420.416000,225.999947,average_backend_duration,all,0.24251280451041904
2026-08-24_12-23-14-416053_earlyRefresh,earlyRefresh,high-skew-zipf,1787574421.416000,226.999947,average_backend_duration,all,0.24286460474545365
2026-08-24_12-23-14-416053_earlyRefresh,earlyRefresh,high-skew-zipf,1787574422.416000,227.999947,average_backend_duration,all,0.24532714621153667
2026-08-24_12-23-14-416053_earlyRefresh,earlyRefresh,high-skew-zipf,1787574423.416000,228.999947,average_backend_duration,all,0.24276336734736664
2026-08-24_12-23-14-416053_earlyRefresh,earlyRefresh,high-skew-zipf,1787574424.416000,229.999947,average_backend_duration,all,0.2427181611686259
2026-08-24_12-23-14-416053_earlyRefresh,earlyRefresh,high-skew-zipf,1787574425.416000,230.999947,average_backend_duration,all,0.2417542478882461
2026-08-24_12-23-14-416053_earlyRefresh,earlyRefresh,high-skew-zipf,1787574426.416000,231.999947,average_backend_duration,all,0.24129506844804757
2026-08-24_12-23-14-416053_earlyRefresh,earlyRefresh,high-skew-zipf,1787574427.416000,232.999947,average_backend_duration,all,0.2369004173692123
2026-08-24_12-23-14-416053_earlyRefresh,earlyRefresh,high-skew-zipf,1787574428.416000,233.999947,average_backend_duration,all,0.23587195348268447
2026-08-24_12-23-14-416053_earlyRefresh,earlyRefresh,high-skew-zipf,1787574429.416000,234.999947,average_backend_duration,all,0.23507633166215974
2026-08-24_12-23-14-416053_earlyRefresh,earlyRefresh,high-skew-zipf,1787574430.416000,235.999947,average_backend_duration,all,0.23590936576922691
2026-08-24_12-23-14-416053_earlyRefresh,earlyRefresh,high-skew-zipf,1787574431.416000,236.999947,average_backend_duration,all,0.23381908085614922
2026-08-24_12-23-14-416053_earlyRefresh,earlyRefresh,high-skew-zipf,1787574432.416000,237.999947,average_backend_duration,all,0.23576558343907958
2026-08-24_12-23-14-416053_earlyRefresh,earlyRefresh,high-skew-zipf,1787574433.416000,238.999947,average_backend_duration,all,0.2358616569890097
2026-08-24_12-23-14-416053_earlyRefresh,earlyRefresh,high-skew-zipf,1787574434.416000,239.999947,average_backend_duration,all,0.23689574099999774
2026-08-24_12-23-14-416053_earlyRefresh,earlyRefresh,high-skew-zipf,1787574194.416000,-0.000053,failure_amplification_factor,all,0
2026-08-24_12-23-14-416053_earlyRefresh,earlyRefresh,high-skew-zipf,1787574195.416000,0.999947,failure_amplification_factor,all,0.5017063393346693
2026-08-24_12-23-14-416053_earlyRefresh,earlyRefresh,high-skew-zipf,1787574196.416000,1.999947,failure_amplification_factor,all,0.638596806951693
2026-08-24_12-23-14-416053_earlyRefresh,earlyRefresh,high-skew-zipf,1787574197.416000,2.999947,failure_amplification_factor,all,0.5617985718215529
2026-08-24_12-23-14-416053_earlyRefresh,earlyRefresh,high-skew-zipf,1787574198.416000,3.999947,failure_amplification_factor,all,0.4012073992536658
2026-08-24_12-23-14-416053_earlyRefresh,earlyRefresh,high-skew-zipf,1787574199.416000,4.999947,failure_amplification_factor,all,0.3779169438252493
2026-08-24_12-23-14-416053_earlyRefresh,earlyRefresh,high-skew-zipf,1787574200.416000,5.999947,failure_amplification_factor,all,0.33766878426391245
2026-08-24_12-23-14-416053_earlyRefresh,earlyRefresh,high-skew-zipf,1787574201.416000,6.999947,failure_amplification_factor,all,0.3342177722566356
2026-08-24_12-23-14-416053_earlyRefresh,earlyRefresh,high-skew-zipf,1787574202.416000,7.999947,failure_amplification_factor,all,0.28898554628500467
2026-08-24_12-23-14-416053_earlyRefresh,earlyRefresh,high-skew-zipf,1787574203.416000,8.999947,failure_amplification_factor,all,0.24943915256587174
2026-08-24_12-23-14-416053_earlyRefresh,earlyRefresh,high-skew-zipf,1787574204.416000,9.999947,failure_amplification_factor,all,0.21890890737113095
2026-08-24_12-23-14-416053_earlyRefresh,earlyRefresh,high-skew-zipf,1787574205.416000,10.999947,failure_amplification_factor,all,0.20682847360428824
2026-08-24_12-23-14-416053_earlyRefresh,earlyRefresh,high-skew-zipf,1787574206.416000,11.999947,failure_amplification_factor,all,0.183198285754432
2026-08-24_12-23-14-416053_earlyRefresh,earlyRefresh,high-skew-zipf,1787574207.416000,12.999947,failure_amplification_factor,all,0.16778791345456281
2026-08-24_12-23-14-416053_earlyRefresh,earlyRefresh,high-skew-zipf,1787574208.416000,13.999947,failure_amplification_factor,all,0.14941600848850514
2026-08-24_12-23-14-416053_earlyRefresh,earlyRefresh,high-skew-zipf,1787574209.416000,14.999947,failure_amplification_factor,all,0.1409085296853949
2026-08-24_12-23-14-416053_earlyRefresh,earlyRefresh,high-skew-zipf,1787574210.416000,15.999947,failure_amplification_factor,all,0.1380936323165682
2026-08-24_12-23-14-416053_earlyRefresh,earlyRefresh,high-skew-zipf,1787574211.416000,16.999947,failure_amplification_factor,all,0.15487719337784808
2026-08-24_12-23-14-416053_earlyRefresh,earlyRefresh,high-skew-zipf,1787574212.416000,17.999947,failure_amplification_factor,all,0.15232116789079778
2026-08-24_12-23-14-416053_earlyRefresh,earlyRefresh,high-skew-zipf,1787574213.416000,18.999947,failure_amplification_factor,all,0.15134336990816658
2026-08-24_12-23-14-416053_earlyRefresh,earlyRefresh,high-skew-zipf,1787574214.416000,19.999947,failure_amplification_factor,all,0.14948290402284398
2026-08-24_12-23-14-416053_earlyRefresh,earlyRefresh,high-skew-zipf,1787574215.416000,20.999947,failure_amplification_factor,all,0.1488641415670131
2026-08-24_12-23-14-416053_earlyRefresh,earlyRefresh,high-skew-zipf,1787574216.416000,21.999947,failure_amplification_factor,all,0.14296798451188805
2026-08-24_12-23-14-416053_earlyRefresh,earlyRefresh,high-skew-zipf,1787574217.416000,22.999947,failure_amplification_factor,all,0.1445237338748895
2026-08-24_12-23-14-416053_earlyRefresh,earlyRefresh,high-skew-zipf,1787574218.416000,23.999947,failure_amplification_factor,all,0.1380439490698029
2026-08-24_12-23-14-416053_earlyRefresh,earlyRefresh,high-skew-zipf,1787574219.416000,24.999947,failure_amplification_factor,all,0.13526535520526264
2026-08-24_12-23-14-416053_earlyRefresh,earlyRefresh,high-skew-zipf,1787574220.416000,25.999947,failure_amplification_factor,all,0.13348944050237946
2026-08-24_12-23-14-416053_earlyRefresh,earlyRefresh,high-skew-zipf,1787574221.416000,26.999947,failure_amplification_factor,all,0.1285841232811104
2026-08-24_12-23-14-416053_earlyRefresh,earlyRefresh,high-skew-zipf,1787574222.416000,27.999947,failure_amplification_factor,all,0.12478934708140021
2026-08-24_12-23-14-416053_earlyRefresh,earlyRefresh,high-skew-zipf,1787574223.416000,28.999947,failure_amplification_factor,all,0.12195044186973207
2026-08-24_12-23-14-416053_earlyRefresh,earlyRefresh,high-skew-zipf,1787574224.416000,29.999947,failure_amplification_factor,all,0.11994040231585809
2026-08-24_12-23-14-416053_earlyRefresh,earlyRefresh,high-skew-zipf,1787574225.416000,30.999947,failure_amplification_factor,all,0.12029717720398918
2026-08-24_12-23-14-416053_earlyRefresh,earlyRefresh,high-skew-zipf,1787574226.416000,31.999947,failure_amplification_factor,all,0.12010006671522962
2026-08-24_12-23-14-416053_earlyRefresh,earlyRefresh,high-skew-zipf,1787574227.416000,32.999947,failure_amplification_factor,all,0.12598781019096172
2026-08-24_12-23-14-416053_earlyRefresh,earlyRefresh,high-skew-zipf,1787574228.416000,33.999947,failure_amplification_factor,all,0.1260751792949742
2026-08-24_12-23-14-416053_earlyRefresh,earlyRefresh,high-skew-zipf,1787574229.416000,34.999947,failure_amplification_factor,all,0.12615604757570284
2026-08-24_12-23-14-416053_earlyRefresh,earlyRefresh,high-skew-zipf,1787574230.416000,35.999947,failure_amplification_factor,all,0.12487265064379195
2026-08-24_12-23-14-416053_earlyRefresh,earlyRefresh,high-skew-zipf,1787574231.416000,36.999947,failure_amplification_factor,all,0.12324176805822787
2026-08-24_12-23-14-416053_earlyRefresh,earlyRefresh,high-skew-zipf,1787574232.416000,37.999947,failure_amplification_factor,all,0.12298617036264416
2026-08-24_12-23-14-416053_earlyRefresh,earlyRefresh,high-skew-zipf,1787574233.416000,38.999947,failure_amplification_factor,all,0.12642487092455362
2026-08-24_12-23-14-416053_earlyRefresh,earlyRefresh,high-skew-zipf,1787574234.416000,39.999947,failure_amplification_factor,all,0.12767472669763547
2026-08-24_12-23-14-416053_earlyRefresh,earlyRefresh,high-skew-zipf,1787574235.416000,40.999947,failure_amplification_factor,all,0.12730696037884418
2026-08-24_12-23-14-416053_earlyRefresh,earlyRefresh,high-skew-zipf,1787574236.416000,41.999947,failure_amplification_factor,all,0.12695844233267667
2026-08-24_12-23-14-416053_earlyRefresh,earlyRefresh,high-skew-zipf,1787574237.416000,42.999947,failure_amplification_factor,all,0.1255450670950969
2026-08-24_12-23-14-416053_earlyRefresh,earlyRefresh,high-skew-zipf,1787574238.416000,43.999947,failure_amplification_factor,all,0.1266804869342561
2026-08-24_12-23-14-416053_earlyRefresh,earlyRefresh,high-skew-zipf,1787574239.416000,44.999947,failure_amplification_factor,all,0.1260360277610912
2026-08-24_12-23-14-416053_earlyRefresh,earlyRefresh,high-skew-zipf,1787574240.416000,45.999947,failure_amplification_factor,all,0.12475715969698781
2026-08-24_12-23-14-416053_earlyRefresh,earlyRefresh,high-skew-zipf,1787574241.416000,46.999947,failure_amplification_factor,all,0.12386828654585304
2026-08-24_12-23-14-416053_earlyRefresh,earlyRefresh,high-skew-zipf,1787574242.416000,47.999947,failure_amplification_factor,all,0.1255656178083486
2026-08-24_12-23-14-416053_earlyRefresh,earlyRefresh,high-skew-zipf,1787574243.416000,48.999947,failure_amplification_factor,all,0.12563070715331728
2026-08-24_12-23-14-416053_earlyRefresh,earlyRefresh,high-skew-zipf,1787574244.416000,49.999947,failure_amplification_factor,all,0.13144729280003387
2026-08-24_12-23-14-416053_earlyRefresh,earlyRefresh,high-skew-zipf,1787574245.416000,50.999947,failure_amplification_factor,all,0.1307818473937962
2026-08-24_12-23-14-416053_earlyRefresh,earlyRefresh,high-skew-zipf,1787574246.416000,51.999947,failure_amplification_factor,all,0.12927600896101063
2026-08-24_12-23-14-416053_earlyRefresh,earlyRefresh,high-skew-zipf,1787574247.416000,52.999947,failure_amplification_factor,all,0.1284075718506357
2026-08-24_12-23-14-416053_earlyRefresh,earlyRefresh,high-skew-zipf,1787574248.416000,53.999947,failure_amplification_factor,all,0.12702050569503137
2026-08-24_12-23-14-416053_earlyRefresh,earlyRefresh,high-skew-zipf,1787574249.416000,54.999947,failure_amplification_factor,all,0.1284017568615558
2026-08-24_12-23-14-416053_earlyRefresh,earlyRefresh,high-skew-zipf,1787574250.416000,55.999947,failure_amplification_factor,all,0.13025471008922662
2026-08-24_12-23-14-416053_earlyRefresh,earlyRefresh,high-skew-zipf,1787574251.416000,56.999947,failure_amplification_factor,all,0.1299541028074155
2026-08-24_12-23-14-416053_earlyRefresh,earlyRefresh,high-skew-zipf,1787574252.416000,57.999947,failure_amplification_factor,all,0.12915508716164714
2026-08-24_12-23-14-416053_earlyRefresh,earlyRefresh,high-skew-zipf,1787574253.416000,58.999947,failure_amplification_factor,all,0.12864025347540128
2026-08-24_12-23-14-416053_earlyRefresh,earlyRefresh,high-skew-zipf,1787574254.416000,59.999947,failure_amplification_factor,all,0.12912107687002286
2026-08-24_12-23-14-416053_earlyRefresh,earlyRefresh,high-skew-zipf,1787574255.416000,60.999947,failure_amplification_factor,all,0.12934421465841292
2026-08-24_12-23-14-416053_earlyRefresh,earlyRefresh,high-skew-zipf,1787574256.416000,61.999947,failure_amplification_factor,all,0.13097505757223546
2026-08-24_12-23-14-416053_earlyRefresh,earlyRefresh,high-skew-zipf,1787574257.416000,62.999947,failure_amplification_factor,all,0.1309272348716587
2026-08-24_12-23-14-416053_earlyRefresh,earlyRefresh,high-skew-zipf,1787574258.416000,63.999947,failure_amplification_factor,all,0.129969851138319
2026-08-24_12-23-14-416053_earlyRefresh,earlyRefresh,high-skew-zipf,1787574259.416000,64.999947,failure_amplification_factor,all,0.12904277148828525
2026-08-24_12-23-14-416053_earlyRefresh,earlyRefresh,high-skew-zipf,1787574260.416000,65.999947,failure_amplification_factor,all,0.1292487826734606
2026-08-24_12-23-14-416053_earlyRefresh,earlyRefresh,high-skew-zipf,1787574261.416000,66.999947,failure_amplification_factor,all,0.12858490654756471
2026-08-24_12-23-14-416053_earlyRefresh,earlyRefresh,high-skew-zipf,1787574262.416000,67.999947,failure_amplification_factor,all,0.127515031964142
2026-08-24_12-23-14-416053_earlyRefresh,earlyRefresh,high-skew-zipf,1787574263.416000,68.999947,failure_amplification_factor,all,0.12773801570110024
2026-08-24_12-23-14-416053_earlyRefresh,earlyRefresh,high-skew-zipf,1787574264.416000,69.999947,failure_amplification_factor,all,0.127539569033428
2026-08-24_12-23-14-416053_earlyRefresh,earlyRefresh,high-skew-zipf,1787574265.416000,70.999947,failure_amplification_factor,all,0.12896848731449684
2026-08-24_12-23-14-416053_earlyRefresh,earlyRefresh,high-skew-zipf,1787574266.416000,71.999947,failure_amplification_factor,all,0.12736115064359724
2026-08-24_12-23-14-416053_earlyRefresh,earlyRefresh,high-skew-zipf,1787574267.416000,72.999947,failure_amplification_factor,all,0.12698335121190069
2026-08-24_12-23-14-416053_earlyRefresh,earlyRefresh,high-skew-zipf,1787574268.416000,73.999947,failure_amplification_factor,all,0.12584235068403615
2026-08-24_12-23-14-416053_earlyRefresh,earlyRefresh,high-skew-zipf,1787574269.416000,74.999947,failure_amplification_factor,all,0.12606827933093165
2026-08-24_12-23-14-416053_earlyRefresh,earlyRefresh,high-skew-zipf,1787574270.416000,75.999947,failure_amplification_factor,all,0.12684919832548092
2026-08-24_12-23-14-416053_earlyRefresh,earlyRefresh,high-skew-zipf,1787574271.416000,76.999947,failure_amplification_factor,all,0.12631430365529275
2026-08-24_12-23-14-416053_earlyRefresh,earlyRefresh,high-skew-zipf,1787574272.416000,77.999947,failure_amplification_factor,all,0.12634154434030823
2026-08-24_12-23-14-416053_earlyRefresh,earlyRefresh,high-skew-zipf,1787574273.416000,78.999947,failure_amplification_factor,all,0.1260085035089601
2026-08-24_12-23-14-416053_earlyRefresh,earlyRefresh,high-skew-zipf,1787574274.416000,79.999947,failure_amplification_factor,all,0.12515411738515528
2026-08-24_12-23-14-416053_earlyRefresh,earlyRefresh,high-skew-zipf,1787574275.416000,80.999947,failure_amplification_factor,all,0.12414567859656442
2026-08-24_12-23-14-416053_earlyRefresh,earlyRefresh,high-skew-zipf,1787574276.416000,81.999947,failure_amplification_factor,all,0.12368309869651578
2026-08-24_12-23-14-416053_earlyRefresh,earlyRefresh,high-skew-zipf,1787574277.416000,82.999947,failure_amplification_factor,all,0.12459570353095034
2026-08-24_12-23-14-416053_earlyRefresh,earlyRefresh,high-skew-zipf,1787574278.416000,83.999947,failure_amplification_factor,all,0.12413813107669662
2026-08-24_12-23-14-416053_earlyRefresh,earlyRefresh,high-skew-zipf,1787574279.416000,84.999947,failure_amplification_factor,all,0.12385879037424474
2026-08-24_12-23-14-416053_earlyRefresh,earlyRefresh,high-skew-zipf,1787574280.416000,85.999947,failure_amplification_factor,all,0.12326036759996431
2026-08-24_12-23-14-416053_earlyRefresh,earlyRefresh,high-skew-zipf,1787574281.416000,86.999947,failure_amplification_factor,all,0.12364563683969065
2026-08-24_12-23-14-416053_earlyRefresh,earlyRefresh,high-skew-zipf,1787574282.416000,87.999947,failure_amplification_factor,all,0.12370380548436993
2026-08-24_12-23-14-416053_earlyRefresh,earlyRefresh,high-skew-zipf,1787574283.416000,88.999947,failure_amplification_factor,all,0.12360060153122454
2026-08-24_12-23-14-416053_earlyRefresh,earlyRefresh,high-skew-zipf,1787574284.416000,89.999947,failure_amplification_factor,all,0.12303494012601578
2026-08-24_12-23-14-416053_earlyRefresh,earlyRefresh,high-skew-zipf,1787574285.416000,90.999947,failure_amplification_factor,all,0.12294390698936274
2026-08-24_12-23-14-416053_earlyRefresh,earlyRefresh,high-skew-zipf,1787574286.416000,91.999947,failure_amplification_factor,all,0.12315801801544173
2026-08-24_12-23-14-416053_earlyRefresh,earlyRefresh,high-skew-zipf,1787574287.416000,92.999947,failure_amplification_factor,all,0.12426924332531299
2026-08-24_12-23-14-416053_earlyRefresh,earlyRefresh,high-skew-zipf,1787574288.416000,93.999947,failure_amplification_factor,all,0.12416652533427872
2026-08-24_12-23-14-416053_earlyRefresh,earlyRefresh,high-skew-zipf,1787574289.416000,94.999947,failure_amplification_factor,all,0.12333203681908288
2026-08-24_12-23-14-416053_earlyRefresh,earlyRefresh,high-skew-zipf,1787574290.416000,95.999947,failure_amplification_factor,all,0.12251643933181534
2026-08-24_12-23-14-416053_earlyRefresh,earlyRefresh,high-skew-zipf,1787574291.416000,96.999947,failure_amplification_factor,all,0.12171909861302306
2026-08-24_12-23-14-416053_earlyRefresh,earlyRefresh,high-skew-zipf,1787574292.416000,97.999947,failure_amplification_factor,all,0.12179109445628444
2026-08-24_12-23-14-416053_earlyRefresh,earlyRefresh,high-skew-zipf,1787574293.416000,98.999947,failure_amplification_factor,all,0.12144033030441556
2026-08-24_12-23-14-416053_earlyRefresh,earlyRefresh,high-skew-zipf,1787574294.416000,99.999947,failure_amplification_factor,all,0.12081941543311876
2026-08-24_12-23-14-416053_earlyRefresh,earlyRefresh,high-skew-zipf,1787574295.416000,100.999947,failure_amplification_factor,all,0.12076134315259779
2026-08-24_12-23-14-416053_earlyRefresh,earlyRefresh,high-skew-zipf,1787574296.416000,101.999947,failure_amplification_factor,all,0.12056807271851169
2026-08-24_12-23-14-416053_earlyRefresh,earlyRefresh,high-skew-zipf,1787574297.416000,102.999947,failure_amplification_factor,all,0.12011083513046063
2026-08-24_12-23-14-416053_earlyRefresh,earlyRefresh,high-skew-zipf,1787574298.416000,103.999947,failure_amplification_factor,all,0.12086055740695763
2026-08-24_12-23-14-416053_earlyRefresh,earlyRefresh,high-skew-zipf,1787574299.416000,104.999947,failure_amplification_factor,all,0.12067221352724816
2026-08-24_12-23-14-416053_earlyRefresh,earlyRefresh,high-skew-zipf,1787574300.416000,105.999947,failure_amplification_factor,all,0.12061906036906003
2026-08-24_12-23-14-416053_earlyRefresh,earlyRefresh,high-skew-zipf,1787574301.416000,106.999947,failure_amplification_factor,all,0.12121192933279251
2026-08-24_12-23-14-416053_earlyRefresh,earlyRefresh,high-skew-zipf,1787574302.416000,107.999947,failure_amplification_factor,all,0.12115397979398518
2026-08-24_12-23-14-416053_earlyRefresh,earlyRefresh,high-skew-zipf,1787574303.416000,108.999947,failure_amplification_factor,all,0.12236255509486776
2026-08-24_12-23-14-416053_earlyRefresh,earlyRefresh,high-skew-zipf,1787574304.416000,109.999947,failure_amplification_factor,all,0.12229448953944383
2026-08-24_12-23-14-416053_earlyRefresh,earlyRefresh,high-skew-zipf,1787574305.416000,110.999947,failure_amplification_factor,all,0.12222773941429642
2026-08-24_12-23-14-416053_earlyRefresh,earlyRefresh,high-skew-zipf,1787574306.416000,111.999947,failure_amplification_factor,all,0.12117906962347103
2026-08-24_12-23-14-416053_earlyRefresh,earlyRefresh,high-skew-zipf,1787574307.416000,112.999947,failure_amplification_factor,all,0.1212454466698379
2026-08-24_12-23-14-416053_earlyRefresh,earlyRefresh,high-skew-zipf,1787574308.416000,113.999947,failure_amplification_factor,all,0.12058750216219016
2026-08-24_12-23-14-416053_earlyRefresh,earlyRefresh,high-skew-zipf,1787574309.416000,114.999947,failure_amplification_factor,all,0.12137583675053887
2026-08-24_12-23-14-416053_earlyRefresh,earlyRefresh,high-skew-zipf,1787574310.416000,115.999947,failure_amplification_factor,all,0.12155736203700138
2026-08-24_12-23-14-416053_earlyRefresh,earlyRefresh,high-skew-zipf,1787574311.416000,116.999947,failure_amplification_factor,all,0.12126600321772543
2026-08-24_12-23-14-416053_earlyRefresh,earlyRefresh,high-skew-zipf,1787574312.416000,117.999947,failure_amplification_factor,all,0.12191098069158897
2026-08-24_12-23-14-416053_earlyRefresh,earlyRefresh,high-skew-zipf,1787574313.416000,118.999947,failure_amplification_factor,all,0.12150606114872042
2026-08-24_12-23-14-416053_earlyRefresh,earlyRefresh,high-skew-zipf,1787574314.416000,119.999947,failure_amplification_factor,all,0.12190868641092369
2026-08-24_12-23-14-416053_earlyRefresh,earlyRefresh,high-skew-zipf,1787574315.416000,120.999947,failure_amplification_factor,all,0.12286990841865979
2026-08-24_12-23-14-416053_earlyRefresh,earlyRefresh,high-skew-zipf,1787574316.416000,121.999947,failure_amplification_factor,all,0.12235592933615609
2026-08-24_12-23-14-416053_earlyRefresh,earlyRefresh,high-skew-zipf,1787574317.416000,122.999947,failure_amplification_factor,all,0.12273942027566628
2026-08-24_12-23-14-416053_earlyRefresh,earlyRefresh,high-skew-zipf,1787574318.416000,123.999947,failure_amplification_factor,all,0.12278650558048436
2026-08-24_12-23-14-416053_earlyRefresh,earlyRefresh,high-skew-zipf,1787574319.416000,124.999947,failure_amplification_factor,all,0.12283406649607766
2026-08-24_12-23-14-416053_earlyRefresh,earlyRefresh,high-skew-zipf,1787574320.416000,125.999947,failure_amplification_factor,all,0.12266199118505909
2026-08-24_12-23-14-416053_earlyRefresh,earlyRefresh,high-skew-zipf,1787574321.416000,126.999947,failure_amplification_factor,all,0.1222791551911584
2026-08-24_12-23-14-416053_earlyRefresh,earlyRefresh,high-skew-zipf,1787574322.416000,127.999947,failure_amplification_factor,all,0.12179487883885494
2026-08-24_12-23-14-416053_earlyRefresh,earlyRefresh,high-skew-zipf,1787574323.416000,128.999947,failure_amplification_factor,all,0.12110927779190057
2026-08-24_12-23-14-416053_earlyRefresh,earlyRefresh,high-skew-zipf,1787574324.416000,129.999947,failure_amplification_factor,all,0.12064208016049956
2026-08-24_12-23-14-416053_earlyRefresh,earlyRefresh,high-skew-zipf,1787574325.416000,130.999947,failure_amplification_factor,all,0.12049636435240327
2026-08-24_12-23-14-416053_earlyRefresh,earlyRefresh,high-skew-zipf,1787574326.416000,131.999947,failure_amplification_factor,all,0.1202482689120923
2026-08-24_12-23-14-416053_earlyRefresh,earlyRefresh,high-skew-zipf,1787574327.416000,132.999947,failure_amplification_factor,all,0.11990379957782946
2026-08-24_12-23-14-416053_earlyRefresh,earlyRefresh,high-skew-zipf,1787574328.416000,133.999947,failure_amplification_factor,all,0.11986770691084389
2026-08-24_12-23-14-416053_earlyRefresh,earlyRefresh,high-skew-zipf,1787574329.416000,134.999947,failure_amplification_factor,all,0.11993209982357782
2026-08-24_12-23-14-416053_earlyRefresh,earlyRefresh,high-skew-zipf,1787574330.416000,135.999947,failure_amplification_factor,all,0.12019763629393419
2026-08-24_12-23-14-416053_earlyRefresh,earlyRefresh,high-skew-zipf,1787574331.416000,136.999947,failure_amplification_factor,all,0.12055667101663467
2026-08-24_12-23-14-416053_earlyRefresh,earlyRefresh,high-skew-zipf,1787574332.416000,137.999947,failure_amplification_factor,all,0.12091019173565999
2026-08-24_12-23-14-416053_earlyRefresh,earlyRefresh,high-skew-zipf,1787574333.416000,138.999947,failure_amplification_factor,all,0.12125909191726775
2026-08-24_12-23-14-416053_earlyRefresh,earlyRefresh,high-skew-zipf,1787574334.416000,139.999947,failure_amplification_factor,all,0.12150468006513378
2026-08-24_12-23-14-416053_earlyRefresh,earlyRefresh,high-skew-zipf,1787574335.416000,140.999947,failure_amplification_factor,all,0.12251705768639962
2026-08-24_12-23-14-416053_earlyRefresh,earlyRefresh,high-skew-zipf,1787574336.416000,141.999947,failure_amplification_factor,all,0.12227349724064836
2026-08-24_12-23-14-416053_earlyRefresh,earlyRefresh,high-skew-zipf,1787574337.416000,142.999947,failure_amplification_factor,all,0.12212752772935911
2026-08-24_12-23-14-416053_earlyRefresh,earlyRefresh,high-skew-zipf,1787574338.416000,143.999947,failure_amplification_factor,all,0.12245395223139316
2026-08-24_12-23-14-416053_earlyRefresh,earlyRefresh,high-skew-zipf,1787574339.416000,144.999947,failure_amplification_factor,all,0.12258963559235034
2026-08-24_12-23-14-416053_earlyRefresh,earlyRefresh,high-skew-zipf,1787574340.416000,145.999947,failure_amplification_factor,all,0.12235296343000127
2026-08-24_12-23-14-416053_earlyRefresh,earlyRefresh,high-skew-zipf,1787574341.416000,146.999947,failure_amplification_factor,all,0.12230300387472816
2026-08-24_12-23-14-416053_earlyRefresh,earlyRefresh,high-skew-zipf,1787574342.416000,147.999947,failure_amplification_factor,all,0.12188827360427258
2026-08-24_12-23-14-416053_earlyRefresh,earlyRefresh,high-skew-zipf,1787574343.416000,148.999947,failure_amplification_factor,all,0.12175122146499852
2026-08-24_12-23-14-416053_earlyRefresh,earlyRefresh,high-skew-zipf,1787574344.416000,149.999947,failure_amplification_factor,all,0.12215697199946708
2026-08-24_12-23-14-416053_earlyRefresh,earlyRefresh,high-skew-zipf,1787574345.416000,150.999947,failure_amplification_factor,all,0.12210941214175722
2026-08-24_12-23-14-416053_earlyRefresh,earlyRefresh,high-skew-zipf,1787574346.416000,151.999947,failure_amplification_factor,all,0.12312927841795743
2026-08-24_12-23-14-416053_earlyRefresh,earlyRefresh,high-skew-zipf,1787574347.416000,152.999947,failure_amplification_factor,all,0.12281099872579393
2026-08-24_12-23-14-416053_earlyRefresh,earlyRefresh,high-skew-zipf,1787574348.416000,153.999947,failure_amplification_factor,all,0.1229362512450653
2026-08-24_12-23-14-416053_earlyRefresh,earlyRefresh,high-skew-zipf,1787574349.416000,154.999947,failure_amplification_factor,all,0.1232324482789963
2026-08-24_12-23-14-416053_earlyRefresh,earlyRefresh,high-skew-zipf,1787574350.416000,155.999947,failure_amplification_factor,all,0.12335317310490398
2026-08-24_12-23-14-416053_earlyRefresh,earlyRefresh,high-skew-zipf,1787574351.416000,156.999947,failure_amplification_factor,all,0.12295605185874912
2026-08-24_12-23-14-416053_earlyRefresh,earlyRefresh,high-skew-zipf,1787574352.416000,157.999947,failure_amplification_factor,all,0.12316195314337018
2026-08-24_12-23-14-416053_earlyRefresh,earlyRefresh,high-skew-zipf,1787574353.416000,158.999947,failure_amplification_factor,all,0.12336444124550336
2026-08-24_12-23-14-416053_earlyRefresh,earlyRefresh,high-skew-zipf,1787574354.416000,159.999947,failure_amplification_factor,all,0.12390060960581019
2026-08-24_12-23-14-416053_earlyRefresh,earlyRefresh,high-skew-zipf,1787574355.416000,160.999947,failure_amplification_factor,all,0.12384510913231128
2026-08-24_12-23-14-416053_earlyRefresh,earlyRefresh,high-skew-zipf,1787574356.416000,161.999947,failure_amplification_factor,all,0.12412333625887721
2026-08-24_12-23-14-416053_earlyRefresh,earlyRefresh,high-skew-zipf,1787574357.416000,162.999947,failure_amplification_factor,all,0.1241496621521356
2026-08-24_12-23-14-416053_earlyRefresh,earlyRefresh,high-skew-zipf,1787574358.416000,163.999947,failure_amplification_factor,all,0.12409363245547307
2026-08-24_12-23-14-416053_earlyRefresh,earlyRefresh,high-skew-zipf,1787574359.416000,164.999947,failure_amplification_factor,all,0.12395681766968708
2026-08-24_12-23-14-416053_earlyRefresh,earlyRefresh,high-skew-zipf,1787574360.416000,165.999947,failure_amplification_factor,all,0.12398403017947242
2026-08-24_12-23-14-416053_earlyRefresh,earlyRefresh,high-skew-zipf,1787574361.416000,166.999947,failure_amplification_factor,all,0.12384961982103007
2026-08-24_12-23-14-416053_earlyRefresh,earlyRefresh,high-skew-zipf,1787574362.416000,167.999947,failure_amplification_factor,all,0.12403677430506335
2026-08-24_12-23-14-416053_earlyRefresh,earlyRefresh,high-skew-zipf,1787574363.416000,168.999947,failure_amplification_factor,all,0.12406265528147892
2026-08-24_12-23-14-416053_earlyRefresh,earlyRefresh,high-skew-zipf,1787574364.416000,169.999947,failure_amplification_factor,all,0.12345632277710315
2026-08-24_12-23-14-416053_earlyRefresh,earlyRefresh,high-skew-zipf,1787574365.416000,170.999947,failure_amplification_factor,all,0.12301442119595116
2026-08-24_12-23-14-416053_earlyRefresh,earlyRefresh,high-skew-zipf,1787574366.416000,171.999947,failure_amplification_factor,all,0.12288935589676496
2026-08-24_12-23-14-416053_earlyRefresh,earlyRefresh,high-skew-zipf,1787574367.416000,172.999947,failure_amplification_factor,all,0.12292186901799353
2026-08-24_12-23-14-416053_earlyRefresh,earlyRefresh,high-skew-zipf,1787574368.416000,173.999947,failure_amplification_factor,all,0.12272241211601977
2026-08-24_12-23-14-416053_earlyRefresh,earlyRefresh,high-skew-zipf,1787574369.416000,174.999947,failure_amplification_factor,all,0.1224487127374881
2026-08-24_12-23-14-416053_earlyRefresh,earlyRefresh,high-skew-zipf,1787574370.416000,175.999947,failure_amplification_factor,all,0.12225474959083339
2026-08-24_12-23-14-416053_earlyRefresh,earlyRefresh,high-skew-zipf,1787574371.416000,176.999947,failure_amplification_factor,all,0.12244105951093417
2026-08-24_12-23-14-416053_earlyRefresh,earlyRefresh,high-skew-zipf,1787574372.416000,177.999947,failure_amplification_factor,all,0.1223240744763783
2026-08-24_12-23-14-416053_earlyRefresh,earlyRefresh,high-skew-zipf,1787574373.416000,178.999947,failure_amplification_factor,all,0.12228360045951785
2026-08-24_12-23-14-416053_earlyRefresh,earlyRefresh,high-skew-zipf,1787574374.416000,179.999947,failure_amplification_factor,all,0.12187188870346378
2026-08-24_12-23-14-416053_earlyRefresh,earlyRefresh,high-skew-zipf,1787574375.416000,180.999947,failure_amplification_factor,all,0.12205610576420733
2026-08-24_12-23-14-416053_earlyRefresh,earlyRefresh,high-skew-zipf,1787574376.416000,181.999947,failure_amplification_factor,all,0.12238591420747776
2026-08-24_12-23-14-416053_earlyRefresh,earlyRefresh,high-skew-zipf,1787574377.416000,182.999947,failure_amplification_factor,all,0.1221997503129534
2026-08-24_12-23-14-416053_earlyRefresh,earlyRefresh,high-skew-zipf,1787574378.416000,183.999947,failure_amplification_factor,all,0.12310611889550314
2026-08-24_12-23-14-416053_earlyRefresh,earlyRefresh,high-skew-zipf,1787574379.416000,184.999947,failure_amplification_factor,all,0.12306290380061159
2026-08-24_12-23-14-416053_earlyRefresh,earlyRefresh,high-skew-zipf,1787574380.416000,185.999947,failure_amplification_factor,all,0.12287577475572842
2026-08-24_12-23-14-416053_earlyRefresh,earlyRefresh,high-skew-zipf,1787574381.416000,186.999947,failure_amplification_factor,all,0.12283432549249507
2026-08-24_12-23-14-416053_earlyRefresh,earlyRefresh,high-skew-zipf,1787574382.416000,187.999947,failure_amplification_factor,all,0.12257973348075024
2026-08-24_12-23-14-416053_earlyRefresh,earlyRefresh,high-skew-zipf,1787574383.416000,188.999947,failure_amplification_factor,all,0.12268149838870077
2026-08-24_12-23-14-416053_earlyRefresh,earlyRefresh,high-skew-zipf,1787574384.416000,189.999947,failure_amplification_factor,all,0.1229928183204116
2026-08-24_12-23-14-416053_earlyRefresh,earlyRefresh,high-skew-zipf,1787574385.416000,190.999947,failure_amplification_factor,all,0.12302128044370284
2026-08-24_12-23-14-416053_earlyRefresh,earlyRefresh,high-skew-zipf,1787574386.416000,191.999947,failure_amplification_factor,all,0.12318855097393006
2026-08-24_12-23-14-416053_earlyRefresh,earlyRefresh,high-skew-zipf,1787574387.416000,192.999947,failure_amplification_factor,all,0.12321564921136009
2026-08-24_12-23-14-416053_earlyRefresh,earlyRefresh,high-skew-zipf,1787574388.416000,193.999947,failure_amplification_factor,all,0.12310483213846057
2026-08-24_12-23-14-416053_earlyRefresh,earlyRefresh,high-skew-zipf,1787574389.416000,194.999947,failure_amplification_factor,all,0.1233377098932042
2026-08-24_12-23-14-416053_earlyRefresh,earlyRefresh,high-skew-zipf,1787574390.416000,195.999947,failure_amplification_factor,all,0.12370399114509284
2026-08-24_12-23-14-416053_earlyRefresh,earlyRefresh,high-skew-zipf,1787574391.416000,196.999947,failure_amplification_factor,all,0.12352434206121277
2026-08-24_12-23-14-416053_earlyRefresh,earlyRefresh,high-skew-zipf,1787574392.416000,197.999947,failure_amplification_factor,all,0.1241555415250551
2026-08-24_12-23-14-416053_earlyRefresh,earlyRefresh,high-skew-zipf,1787574393.416000,198.999947,failure_amplification_factor,all,0.12417673440033489
2026-08-24_12-23-14-416053_earlyRefresh,earlyRefresh,high-skew-zipf,1787574394.416000,199.999947,failure_amplification_factor,all,0.12433103752366328
2026-08-24_12-23-14-416053_earlyRefresh,earlyRefresh,high-skew-zipf,1787574395.416000,200.999947,failure_amplification_factor,all,0.12428478229595374
2026-08-24_12-23-14-416053_earlyRefresh,earlyRefresh,high-skew-zipf,1787574396.416000,201.999947,failure_amplification_factor,all,0.1241730236328228
2026-08-24_12-23-14-416053_earlyRefresh,earlyRefresh,high-skew-zipf,1787574397.416000,202.999947,failure_amplification_factor,all,0.12393084701941535
2026-08-24_12-23-14-416053_earlyRefresh,earlyRefresh,high-skew-zipf,1787574398.416000,203.999947,failure_amplification_factor,all,0.12427917824614297
2026-08-24_12-23-14-416053_earlyRefresh,earlyRefresh,high-skew-zipf,1787574399.416000,204.999947,failure_amplification_factor,all,0.12416914659069464
2026-08-24_12-23-14-416053_earlyRefresh,earlyRefresh,high-skew-zipf,1787574400.416000,205.999947,failure_amplification_factor,all,0.12412514858556738
2026-08-24_12-23-14-416053_earlyRefresh,earlyRefresh,high-skew-zipf,1787574401.416000,206.999947,failure_amplification_factor,all,0.12440266306745694
2026-08-24_12-23-14-416053_earlyRefresh,earlyRefresh,high-skew-zipf,1787574402.416000,207.999947,failure_amplification_factor,all,0.12422965929747969
2026-08-24_12-23-14-416053_earlyRefresh,earlyRefresh,high-skew-zipf,1787574403.416000,208.999947,failure_amplification_factor,all,0.12456840040258317
2026-08-24_12-23-14-416053_earlyRefresh,earlyRefresh,high-skew-zipf,1787574404.416000,209.999947,failure_amplification_factor,all,0.1245863983303778
2026-08-24_12-23-14-416053_earlyRefresh,earlyRefresh,high-skew-zipf,1787574405.416000,210.999947,failure_amplification_factor,all,0.12454061870146378
2026-08-24_12-23-14-416053_earlyRefresh,earlyRefresh,high-skew-zipf,1787574406.416000,211.999947,failure_amplification_factor,all,0.12437032593102972
2026-08-24_12-23-14-416053_earlyRefresh,earlyRefresh,high-skew-zipf,1787574407.416000,212.999947,failure_amplification_factor,all,0.12401462621509915
2026-08-24_12-23-14-416053_earlyRefresh,earlyRefresh,high-skew-zipf,1787574408.416000,213.999947,failure_amplification_factor,all,0.12378665696855926
2026-08-24_12-23-14-416053_earlyRefresh,earlyRefresh,high-skew-zipf,1787574409.416000,214.999947,failure_amplification_factor,all,0.12368430637429842
2026-08-24_12-23-14-416053_earlyRefresh,earlyRefresh,high-skew-zipf,1787574410.416000,215.999947,failure_amplification_factor,all,0.12401322752202022
2026-08-24_12-23-14-416053_earlyRefresh,earlyRefresh,high-skew-zipf,1787574411.416000,216.999947,failure_amplification_factor,all,0.1241563023652968
2026-08-24_12-23-14-416053_earlyRefresh,earlyRefresh,high-skew-zipf,1787574412.416000,217.999947,failure_amplification_factor,all,0.1242365337283982
2026-08-24_12-23-14-416053_earlyRefresh,earlyRefresh,high-skew-zipf,1787574413.416000,218.999947,failure_amplification_factor,all,0.12431548322139575
2026-08-24_12-23-14-416053_earlyRefresh,earlyRefresh,high-skew-zipf,1787574414.416000,219.999947,failure_amplification_factor,all,0.12463627182110171
2026-08-24_12-23-14-416053_earlyRefresh,earlyRefresh,high-skew-zipf,1787574415.416000,220.999947,failure_amplification_factor,all,0.12483280958934422
2026-08-24_12-23-14-416053_earlyRefresh,earlyRefresh,high-skew-zipf,1787574416.416000,221.999947,failure_amplification_factor,all,0.12460994215082015
2026-08-24_12-23-14-416053_earlyRefresh,earlyRefresh,high-skew-zipf,1787574417.416000,222.999947,failure_amplification_factor,all,0.12468557256364675
2026-08-24_12-23-14-416053_earlyRefresh,earlyRefresh,high-skew-zipf,1787574418.416000,223.999947,failure_amplification_factor,all,0.12511715030401066
2026-08-24_12-23-14-416053_earlyRefresh,earlyRefresh,high-skew-zipf,1787574419.416000,224.999947,failure_amplification_factor,all,0.12524951741281912
2026-08-24_12-23-14-416053_earlyRefresh,earlyRefresh,high-skew-zipf,1787574420.416000,225.999947,failure_amplification_factor,all,0.125381194657539
2026-08-24_12-23-14-416053_earlyRefresh,earlyRefresh,high-skew-zipf,1787574421.416000,226.999947,failure_amplification_factor,all,0.1256860071023505
2026-08-24_12-23-14-416053_earlyRefresh,earlyRefresh,high-skew-zipf,1787574422.416000,227.999947,failure_amplification_factor,all,0.12517386421082408
2026-08-24_12-23-14-416053_earlyRefresh,earlyRefresh,high-skew-zipf,1787574423.416000,228.999947,failure_amplification_factor,all,0.12501445198581163
2026-08-24_12-23-14-416053_earlyRefresh,earlyRefresh,high-skew-zipf,1787574424.416000,229.999947,failure_amplification_factor,all,0.12479802641999742
2026-08-24_12-23-14-416053_earlyRefresh,earlyRefresh,high-skew-zipf,1787574425.416000,230.999947,failure_amplification_factor,all,0.12452638489612963
2026-08-24_12-23-14-416053_earlyRefresh,earlyRefresh,high-skew-zipf,1787574426.416000,231.999947,failure_amplification_factor,all,0.12459984118183189
2026-08-24_12-23-14-416053_earlyRefresh,earlyRefresh,high-skew-zipf,1787574427.416000,232.999947,failure_amplification_factor,all,0.12478644732958892
2026-08-24_12-23-14-416053_earlyRefresh,earlyRefresh,high-skew-zipf,1787574428.416000,233.999947,failure_amplification_factor,all,0.12463227663766055
2026-08-24_12-23-14-416053_earlyRefresh,earlyRefresh,high-skew-zipf,1787574429.416000,234.999947,failure_amplification_factor,all,0.12481709788806247
2026-08-24_12-23-14-416053_earlyRefresh,earlyRefresh,high-skew-zipf,1787574430.416000,235.999947,failure_amplification_factor,all,0.1250567127057559
2026-08-24_12-23-14-416053_earlyRefresh,earlyRefresh,high-skew-zipf,1787574431.416000,236.999947,failure_amplification_factor,all,0.12507138007924024
2026-08-24_12-23-14-416053_earlyRefresh,earlyRefresh,high-skew-zipf,1787574432.416000,237.999947,failure_amplification_factor,all,0.12525162588739833
2026-08-24_12-23-14-416053_earlyRefresh,earlyRefresh,high-skew-zipf,1787574433.416000,238.999947,failure_amplification_factor,all,0.12498741626636298
2026-08-24_12-23-14-416053_earlyRefresh,earlyRefresh,high-skew-zipf,1787574434.416000,239.999947,failure_amplification_factor,all,0.12511179819892945
2026-08-24_12-23-14-416053_earlyRefresh,earlyRefresh,high-skew-zipf,1787574194.416000,-0.000053,cache_hit_ratio_total,all,0
2026-08-24_12-23-14-416053_earlyRefresh,earlyRefresh,high-skew-zipf,1787574195.416000,0.999947,cache_hit_ratio_total,all,0
2026-08-24_12-23-14-416053_earlyRefresh,earlyRefresh,high-skew-zipf,1787574196.416000,1.999947,cache_hit_ratio_total,all,0.2736185910713933
2026-08-24_12-23-14-416053_earlyRefresh,earlyRefresh,high-skew-zipf,1787574197.416000,2.999947,cache_hit_ratio_total,all,0.4410672402966165
2026-08-24_12-23-14-416053_earlyRefresh,earlyRefresh,high-skew-zipf,1787574198.416000,3.999947,cache_hit_ratio_total,all,0.5782220169625646
2026-08-24_12-23-14-416053_earlyRefresh,earlyRefresh,high-skew-zipf,1787574199.416000,4.999947,cache_hit_ratio_total,all,0.5941576197989678
2026-08-24_12-23-14-416053_earlyRefresh,earlyRefresh,high-skew-zipf,1787574200.416000,5.999947,cache_hit_ratio_total,all,0.6629746174278894
2026-08-24_12-23-14-416053_earlyRefresh,earlyRefresh,high-skew-zipf,1787574201.416000,6.999947,cache_hit_ratio_total,all,0.6513590190738583
2026-08-24_12-23-14-416053_earlyRefresh,earlyRefresh,high-skew-zipf,1787574202.416000,7.999947,cache_hit_ratio_total,all,0.7116027741125631
2026-08-24_12-23-14-416053_earlyRefresh,earlyRefresh,high-skew-zipf,1787574203.416000,8.999947,cache_hit_ratio_total,all,0.751037313377037
2026-08-24_12-23-14-416053_earlyRefresh,earlyRefresh,high-skew-zipf,1787574204.416000,9.999947,cache_hit_ratio_total,all,0.7778430054092969
2026-08-24_12-23-14-416053_earlyRefresh,earlyRefresh,high-skew-zipf,1787574205.416000,10.999947,cache_hit_ratio_total,all,0.7939586305470399
2026-08-24_12-23-14-416053_earlyRefresh,earlyRefresh,high-skew-zipf,1787574206.416000,11.999947,cache_hit_ratio_total,all,0.8146273028013185
2026-08-24_12-23-14-416053_earlyRefresh,earlyRefresh,high-skew-zipf,1787574207.416000,12.999947,cache_hit_ratio_total,all,0.8500640484300641
2026-08-24_12-23-14-416053_earlyRefresh,earlyRefresh,high-skew-zipf,1787574208.416000,13.999947,cache_hit_ratio_total,all,0.8874316258899307
2026-08-24_12-23-14-416053_earlyRefresh,earlyRefresh,high-skew-zipf,1787574209.416000,14.999947,cache_hit_ratio_total,all,0.896
2026-08-24_12-23-14-416053_earlyRefresh,earlyRefresh,high-skew-zipf,1787574210.416000,15.999947,cache_hit_ratio_total,all,0.9117082251130261
2026-08-24_12-23-14-416053_earlyRefresh,earlyRefresh,high-skew-zipf,1787574211.416000,16.999947,cache_hit_ratio_total,all,0.8877006004296536
2026-08-24_12-23-14-416053_earlyRefresh,earlyRefresh,high-skew-zipf,1787574212.416000,17.999947,cache_hit_ratio_total,all,0.8825503355704697
2026-08-24_12-23-14-416053_earlyRefresh,earlyRefresh,high-skew-zipf,1787574213.416000,18.999947,cache_hit_ratio_total,all,0.8785942492012778
2026-08-24_12-23-14-416053_earlyRefresh,earlyRefresh,high-skew-zipf,1787574214.416000,19.999947,cache_hit_ratio_total,all,0.8784602771162028
2026-08-24_12-23-14-416053_earlyRefresh,earlyRefresh,high-skew-zipf,1787574215.416000,20.999947,cache_hit_ratio_total,all,0.8748150251641945
2026-08-24_12-23-14-416053_earlyRefresh,earlyRefresh,high-skew-zipf,1787574216.416000,21.999947,cache_hit_ratio_total,all,0.8759108779511539
2026-08-24_12-23-14-416053_earlyRefresh,earlyRefresh,high-skew-zipf,1787574217.416000,22.999947,cache_hit_ratio_total,all,0.8620678479583476
2026-08-24_12-23-14-416053_earlyRefresh,earlyRefresh,high-skew-zipf,1787574218.416000,23.999947,cache_hit_ratio_total,all,0.8673315211025665
2026-08-24_12-23-14-416053_earlyRefresh,earlyRefresh,high-skew-zipf,1787574219.416000,24.999947,cache_hit_ratio_total,all,0.8732188192773717
2026-08-24_12-23-14-416053_earlyRefresh,earlyRefresh,high-skew-zipf,1787574220.416000,25.999947,cache_hit_ratio_total,all,0.8888873061095284
2026-08-24_12-23-14-416053_earlyRefresh,earlyRefresh,high-skew-zipf,1787574221.416000,26.999947,cache_hit_ratio_total,all,0.9002845837466135
2026-08-24_12-23-14-416053_earlyRefresh,earlyRefresh,high-skew-zipf,1787574222.416000,27.999947,cache_hit_ratio_total,all,0.9116805950722714
2026-08-24_12-23-14-416053_earlyRefresh,earlyRefresh,high-skew-zipf,1787574223.416000,28.999947,cache_hit_ratio_total,all,0.9188034188034186
2026-08-24_12-23-14-416053_earlyRefresh,earlyRefresh,high-skew-zipf,1787574224.416000,29.999947,cache_hit_ratio_total,all,0.9230769230769231
2026-08-24_12-23-14-416053_earlyRefresh,earlyRefresh,high-skew-zipf,1787574225.416000,30.999947,cache_hit_ratio_total,all,0.9159541784979357
2026-08-24_12-23-14-416053_earlyRefresh,earlyRefresh,high-skew-zipf,1787574226.416000,31.999947,cache_hit_ratio_total,all,0.9216525007957866
2026-08-24_12-23-14-416053_earlyRefresh,earlyRefresh,high-skew-zipf,1787574227.416000,32.999947,cache_hit_ratio_total,all,0.8960113960113958
2026-08-24_12-23-14-416053_earlyRefresh,earlyRefresh,high-skew-zipf,1787574228.416000,33.999947,cache_hit_ratio_total,all,0.8931626306188734
2026-08-24_12-23-14-416053_earlyRefresh,earlyRefresh,high-skew-zipf,1787574229.416000,34.999947,cache_hit_ratio_total,all,0.8917372585206113
2026-08-24_12-23-14-416053_earlyRefresh,earlyRefresh,high-skew-zipf,1787574230.416000,35.999947,cache_hit_ratio_total,all,0.8831905665470546
2026-08-24_12-23-14-416053_earlyRefresh,earlyRefresh,high-skew-zipf,1787574231.416000,36.999947,cache_hit_ratio_total,all,0.8817663817663817
2026-08-24_12-23-14-416053_earlyRefresh,earlyRefresh,high-skew-zipf,1787574232.416000,37.999947,cache_hit_ratio_total,all,0.8760678221263744
2026-08-24_12-23-14-416053_earlyRefresh,earlyRefresh,high-skew-zipf,1787574233.416000,38.999947,cache_hit_ratio_total,all,0.8561257518421805
2026-08-24_12-23-14-416053_earlyRefresh,earlyRefresh,high-skew-zipf,1787574234.416000,39.999947,cache_hit_ratio_total,all,0.8518515353135651
2026-08-24_12-23-14-416053_earlyRefresh,earlyRefresh,high-skew-zipf,1787574235.416000,40.999947,cache_hit_ratio_total,all,0.8561257518421803
2026-08-24_12-23-14-416053_earlyRefresh,earlyRefresh,high-skew-zipf,1787574236.416000,41.999947,cache_hit_ratio_total,all,0.8717948717948717
2026-08-24_12-23-14-416053_earlyRefresh,earlyRefresh,high-skew-zipf,1787574237.416000,42.999947,cache_hit_ratio_total,all,0.8760683760683762
2026-08-24_12-23-14-416053_earlyRefresh,earlyRefresh,high-skew-zipf,1787574238.416000,43.999947,cache_hit_ratio_total,all,0.868945868945869
2026-08-24_12-23-14-416053_earlyRefresh,earlyRefresh,high-skew-zipf,1787574239.416000,44.999947,cache_hit_ratio_total,all,0.8732196106230882
2026-08-24_12-23-14-416053_earlyRefresh,earlyRefresh,high-skew-zipf,1787574240.416000,45.999947,cache_hit_ratio_total,all,0.866097340904296
2026-08-24_12-23-14-416053_earlyRefresh,earlyRefresh,high-skew-zipf,1787574241.416000,46.999947,cache_hit_ratio_total,all,0.8732193732193733
2026-08-24_12-23-14-416053_earlyRefresh,earlyRefresh,high-skew-zipf,1787574242.416000,47.999947,cache_hit_ratio_total,all,0.8803418803418804
2026-08-24_12-23-14-416053_earlyRefresh,earlyRefresh,high-skew-zipf,1787574243.416000,48.999947,cache_hit_ratio_total,all,0.8817656694760978
2026-08-24_12-23-14-416053_earlyRefresh,earlyRefresh,high-skew-zipf,1787574244.416000,49.999947,cache_hit_ratio_total,all,0.8504273504273505
2026-08-24_12-23-14-416053_earlyRefresh,earlyRefresh,high-skew-zipf,1787574245.416000,50.999947,cache_hit_ratio_total,all,0.8532757993343516
2026-08-24_12-23-14-416053_earlyRefresh,earlyRefresh,high-skew-zipf,1787574246.416000,51.999947,cache_hit_ratio_total,all,0.8561262267023698
2026-08-24_12-23-14-416053_earlyRefresh,earlyRefresh,high-skew-zipf,1787574247.416000,52.999947,cache_hit_ratio_total,all,0.8675213675213675
2026-08-24_12-23-14-416053_earlyRefresh,earlyRefresh,high-skew-zipf,1787574248.416000,53.999947,cache_hit_ratio_total,all,0.8660968660968661
2026-08-24_12-23-14-416053_earlyRefresh,earlyRefresh,high-skew-zipf,1787574249.416000,54.999947,cache_hit_ratio_total,all,0.8603988603988605
2026-08-24_12-23-14-416053_earlyRefresh,earlyRefresh,high-skew-zipf,1787574250.416000,55.999947,cache_hit_ratio_total,all,0.8418797878767876
2026-08-24_12-23-14-416053_earlyRefresh,earlyRefresh,high-skew-zipf,1787574251.416000,56.999947,cache_hit_ratio_total,all,0.8504273504273505
2026-08-24_12-23-14-416053_earlyRefresh,earlyRefresh,high-skew-zipf,1787574252.416000,57.999947,cache_hit_ratio_total,all,0.8575498575498575
2026-08-24_12-23-14-416053_earlyRefresh,earlyRefresh,high-skew-zipf,1787574253.416000,58.999947,cache_hit_ratio_total,all,0.8860398860398859
2026-08-24_12-23-14-416053_earlyRefresh,earlyRefresh,high-skew-zipf,1787574254.416000,59.999947,cache_hit_ratio_total,all,0.8803418803418802
2026-08-24_12-23-14-416053_earlyRefresh,earlyRefresh,high-skew-zipf,1787574255.416000,60.999947,cache_hit_ratio_total,all,0.8660971826879151
2026-08-24_12-23-14-416053_earlyRefresh,earlyRefresh,high-skew-zipf,1787574256.416000,61.999947,cache_hit_ratio_total,all,0.8547008547008547
2026-08-24_12-23-14-416053_earlyRefresh,earlyRefresh,high-skew-zipf,1787574257.416000,62.999947,cache_hit_ratio_total,all,0.8518518518518519
2026-08-24_12-23-14-416053_earlyRefresh,earlyRefresh,high-skew-zipf,1787574258.416000,63.999947,cache_hit_ratio_total,all,0.8618247866414127
2026-08-24_12-23-14-416053_earlyRefresh,earlyRefresh,high-skew-zipf,1787574259.416000,64.999947,cache_hit_ratio_total,all,0.8760683760683761
2026-08-24_12-23-14-416053_earlyRefresh,earlyRefresh,high-skew-zipf,1787574260.416000,65.999947,cache_hit_ratio_total,all,0.8746438746438746
2026-08-24_12-23-14-416053_earlyRefresh,earlyRefresh,high-skew-zipf,1787574261.416000,66.999947,cache_hit_ratio_total,all,0.8746446660775236
2026-08-24_12-23-14-416053_earlyRefresh,earlyRefresh,high-skew-zipf,1787574262.416000,67.999947,cache_hit_ratio_total,all,0.8789173789173789
2026-08-24_12-23-14-416053_earlyRefresh,earlyRefresh,high-skew-zipf,1787574263.416000,68.999947,cache_hit_ratio_total,all,0.878916666706234
2026-08-24_12-23-14-416053_earlyRefresh,earlyRefresh,high-skew-zipf,1787574264.416000,69.999947,cache_hit_ratio_total,all,0.8846148306118304
2026-08-24_12-23-14-416053_earlyRefresh,earlyRefresh,high-skew-zipf,1787574265.416000,70.999947,cache_hit_ratio_total,all,0.8860392529633129
2026-08-24_12-23-14-416053_earlyRefresh,earlyRefresh,high-skew-zipf,1787574266.416000,71.999947,cache_hit_ratio_total,all,0.893161839158839
2026-08-24_12-23-14-416053_earlyRefresh,earlyRefresh,high-skew-zipf,1787574267.416000,72.999947,cache_hit_ratio_total,all,0.8917375751820197
2026-08-24_12-23-14-416053_earlyRefresh,earlyRefresh,high-skew-zipf,1787574268.416000,73.999947,cache_hit_ratio_total,all,0.8960114751459677
2026-08-24_12-23-14-416053_earlyRefresh,earlyRefresh,high-skew-zipf,1787574269.416000,74.999947,cache_hit_ratio_total,all,0.8945872111251811
2026-08-24_12-23-14-416053_earlyRefresh,earlyRefresh,high-skew-zipf,1787574270.416000,75.999947,cache_hit_ratio_total,all,0.8860403608473161
2026-08-24_12-23-14-416053_earlyRefresh,earlyRefresh,high-skew-zipf,1787574271.416000,76.999947,cache_hit_ratio_total,all,0.8846154637499563
2026-08-24_12-23-14-416053_earlyRefresh,earlyRefresh,high-skew-zipf,1787574272.416000,77.999947,cache_hit_ratio_total,all,0.8846153846153846
2026-08-24_12-23-14-416053_earlyRefresh,earlyRefresh,high-skew-zipf,1787574273.416000,78.999947,cache_hit_ratio_total,all,0.8888892054271754
2026-08-24_12-23-14-416053_earlyRefresh,earlyRefresh,high-skew-zipf,1787574274.416000,79.999947,cache_hit_ratio_total,all,0.9002849002849004
2026-08-24_12-23-14-416053_earlyRefresh,earlyRefresh,high-skew-zipf,1787574275.416000,80.999947,cache_hit_ratio_total,all,0.9002849002849004
2026-08-24_12-23-14-416053_earlyRefresh,earlyRefresh,high-skew-zipf,1787574276.416000,81.999947,cache_hit_ratio_total,all,0.8988603988603989
2026-08-24_12-23-14-416053_earlyRefresh,earlyRefresh,high-skew-zipf,1787574277.416000,82.999947,cache_hit_ratio_total,all,0.8846153846153846
2026-08-24_12-23-14-416053_earlyRefresh,earlyRefresh,high-skew-zipf,1787574278.416000,83.999947,cache_hit_ratio_total,all,0.8917378917378918
2026-08-24_12-23-14-416053_earlyRefresh,earlyRefresh,high-skew-zipf,1787574279.416000,84.999947,cache_hit_ratio_total,all,0.8974360557226271
2026-08-24_12-23-14-416053_earlyRefresh,earlyRefresh,high-skew-zipf,1787574280.416000,85.999947,cache_hit_ratio_total,all,0.9017089268755935
2026-08-24_12-23-14-416053_earlyRefresh,earlyRefresh,high-skew-zipf,1787574281.416000,86.999947,cache_hit_ratio_total,all,0.9002847419981707
2026-08-24_12-23-14-416053_earlyRefresh,earlyRefresh,high-skew-zipf,1787574282.416000,87.999947,cache_hit_ratio_total,all,0.8945865779782542
2026-08-24_12-23-14-416053_earlyRefresh,earlyRefresh,high-skew-zipf,1787574283.416000,88.999947,cache_hit_ratio_total,all,0.8903131528305187
2026-08-24_12-23-14-416053_earlyRefresh,earlyRefresh,high-skew-zipf,1787574284.416000,89.999947,cache_hit_ratio_total,all,0.887463833399267
2026-08-24_12-23-14-416053_earlyRefresh,earlyRefresh,high-skew-zipf,1787574285.416000,90.999947,cache_hit_ratio_total,all,0.8888888888888888
2026-08-24_12-23-14-416053_earlyRefresh,earlyRefresh,high-skew-zipf,1787574286.416000,91.999947,cache_hit_ratio_total,all,0.8917372585206113
2026-08-24_12-23-14-416053_earlyRefresh,earlyRefresh,high-skew-zipf,1787574287.416000,92.999947,cache_hit_ratio_total,all,0.8760671887859752
2026-08-24_12-23-14-416053_earlyRefresh,earlyRefresh,high-skew-zipf,1787574288.416000,93.999947,cache_hit_ratio_total,all,0.8760683760683761
2026-08-24_12-23-14-416053_earlyRefresh,earlyRefresh,high-skew-zipf,1787574289.416000,94.999947,cache_hit_ratio_total,all,0.8774939856231182
2026-08-24_12-23-14-416053_earlyRefresh,earlyRefresh,high-skew-zipf,1787574290.416000,95.999947,cache_hit_ratio_total,all,0.8888888888888888
2026-08-24_12-23-14-416053_earlyRefresh,earlyRefresh,high-skew-zipf,1787574291.416000,96.999947,cache_hit_ratio_total,all,0.8988603988603989
2026-08-24_12-23-14-416053_earlyRefresh,earlyRefresh,high-skew-zipf,1787574292.416000,97.999947,cache_hit_ratio_total,all,0.8974358974358976
2026-08-24_12-23-14-416053_earlyRefresh,earlyRefresh,high-skew-zipf,1787574293.416000,98.999947,cache_hit_ratio_total,all,0.8931623931623932
2026-08-24_12-23-14-416053_earlyRefresh,earlyRefresh,high-skew-zipf,1787574294.416000,99.999947,cache_hit_ratio_total,all,0.8974347894287892
2026-08-24_12-23-14-416053_earlyRefresh,earlyRefresh,high-skew-zipf,1787574295.416000,100.999947,cache_hit_ratio_total,all,0.9002849002849004
2026-08-24_12-23-14-416053_earlyRefresh,earlyRefresh,high-skew-zipf,1787574296.416000,101.999947,cache_hit_ratio_total,all,0.915954336811051
2026-08-24_12-23-14-416053_earlyRefresh,earlyRefresh,high-skew-zipf,1787574297.416000,102.999947,cache_hit_ratio_total,all,0.9202279202279203
2026-08-24_12-23-14-416053_earlyRefresh,earlyRefresh,high-skew-zipf,1787574298.416000,103.999947,cache_hit_ratio_total,all,0.9031339031339033
2026-08-24_12-23-14-416053_earlyRefresh,earlyRefresh,high-skew-zipf,1787574299.416000,104.999947,cache_hit_ratio_total,all,0.8974351060022486
2026-08-24_12-23-14-416053_earlyRefresh,earlyRefresh,high-skew-zipf,1787574300.416000,105.999947,cache_hit_ratio_total,all,0.8888888888888891
2026-08-24_12-23-14-416053_earlyRefresh,earlyRefresh,high-skew-zipf,1787574301.416000,106.999947,cache_hit_ratio_total,all,0.8831908831908833
2026-08-24_12-23-14-416053_earlyRefresh,earlyRefresh,high-skew-zipf,1787574302.416000,107.999947,cache_hit_ratio_total,all,0.8846153846153846
2026-08-24_12-23-14-416053_earlyRefresh,earlyRefresh,high-skew-zipf,1787574303.416000,108.999947,cache_hit_ratio_total,all,0.8660968660968661
2026-08-24_12-23-14-416053_earlyRefresh,earlyRefresh,high-skew-zipf,1787574304.416000,109.999947,cache_hit_ratio_total,all,0.8675213675213675
2026-08-24_12-23-14-416053_earlyRefresh,earlyRefresh,high-skew-zipf,1787574305.416000,110.999947,cache_hit_ratio_total,all,0.8632480215170065
2026-08-24_12-23-14-416053_earlyRefresh,earlyRefresh,high-skew-zipf,1787574306.416000,111.999947,cache_hit_ratio_total,all,0.868945868945869
2026-08-24_12-23-14-416053_earlyRefresh,earlyRefresh,high-skew-zipf,1787574307.416000,112.999947,cache_hit_ratio_total,all,0.8789172997740141
2026-08-24_12-23-14-416053_earlyRefresh,earlyRefresh,high-skew-zipf,1787574308.416000,113.999947,cache_hit_ratio_total,all,0.8831908831908831
2026-08-24_12-23-14-416053_earlyRefresh,earlyRefresh,high-skew-zipf,1787574309.416000,114.999947,cache_hit_ratio_total,all,0.876068376068376
2026-08-24_12-23-14-416053_earlyRefresh,earlyRefresh,high-skew-zipf,1787574310.416000,115.999947,cache_hit_ratio_total,all,0.8803418803418804
2026-08-24_12-23-14-416053_earlyRefresh,earlyRefresh,high-skew-zipf,1787574311.416000,116.999947,cache_hit_ratio_total,all,0.8817666191964765
2026-08-24_12-23-14-416053_earlyRefresh,earlyRefresh,high-skew-zipf,1787574312.416000,117.999947,cache_hit_ratio_total,all,0.8831910414952031
2026-08-24_12-23-14-416053_earlyRefresh,earlyRefresh,high-skew-zipf,1787574313.416000,118.999947,cache_hit_ratio_total,all,0.8874647832251876
2026-08-24_12-23-14-416053_earlyRefresh,earlyRefresh,high-skew-zipf,1787574314.416000,119.999947,cache_hit_ratio_total,all,0.8817663817663817
2026-08-24_12-23-14-416053_earlyRefresh,earlyRefresh,high-skew-zipf,1787574315.416000,120.999947,cache_hit_ratio_total,all,0.8618232826712018
2026-08-24_12-23-14-416053_earlyRefresh,earlyRefresh,high-skew-zipf,1787574316.416000,121.999947,cache_hit_ratio_total,all,0.8660968660968659
2026-08-24_12-23-14-416053_earlyRefresh,earlyRefresh,high-skew-zipf,1787574317.416000,122.999947,cache_hit_ratio_total,all,0.8547008547008548
2026-08-24_12-23-14-416053_earlyRefresh,earlyRefresh,high-skew-zipf,1787574318.416000,123.999947,cache_hit_ratio_total,all,0.8632465968133022
2026-08-24_12-23-14-416053_earlyRefresh,earlyRefresh,high-skew-zipf,1787574319.416000,124.999947,cache_hit_ratio_total,all,0.8618233618233618
2026-08-24_12-23-14-416053_earlyRefresh,earlyRefresh,high-skew-zipf,1787574320.416000,125.999947,cache_hit_ratio_total,all,0.8632492879867443
2026-08-24_12-23-14-416053_earlyRefresh,earlyRefresh,high-skew-zipf,1787574321.416000,126.999947,cache_hit_ratio_total,all,0.8774928774928776
2026-08-24_12-23-14-416053_earlyRefresh,earlyRefresh,high-skew-zipf,1787574322.416000,127.999947,cache_hit_ratio_total,all,0.8774928774928776
2026-08-24_12-23-14-416053_earlyRefresh,earlyRefresh,high-skew-zipf,1787574323.416000,128.999947,cache_hit_ratio_total,all,0.8945868945868947
2026-08-24_12-23-14-416053_earlyRefresh,earlyRefresh,high-skew-zipf,1787574324.416000,129.999947,cache_hit_ratio_total,all,0.908831908831909
2026-08-24_12-23-14-416053_earlyRefresh,earlyRefresh,high-skew-zipf,1787574325.416000,130.999947,cache_hit_ratio_total,all,0.9059829059829061
2026-08-24_12-23-14-416053_earlyRefresh,earlyRefresh,high-skew-zipf,1787574326.416000,131.999947,cache_hit_ratio_total,all,0.9131068376068376
2026-08-24_12-23-14-416053_earlyRefresh,earlyRefresh,high-skew-zipf,1787574327.416000,132.999947,cache_hit_ratio_total,all,0.9188039727454205
2026-08-24_12-23-14-416053_earlyRefresh,earlyRefresh,high-skew-zipf,1787574328.416000,133.999947,cache_hit_ratio_total,all,0.9202276036544607
2026-08-24_12-23-14-416053_earlyRefresh,earlyRefresh,high-skew-zipf,1787574329.416000,134.999947,cache_hit_ratio_total,all,0.9173789173789174
2026-08-24_12-23-14-416053_earlyRefresh,earlyRefresh,high-skew-zipf,1787574330.416000,135.999947,cache_hit_ratio_total,all,0.9074074074074076
2026-08-24_12-23-14-416053_earlyRefresh,earlyRefresh,high-skew-zipf,1787574331.416000,136.999947,cache_hit_ratio_total,all,0.8988609528024004
2026-08-24_12-23-14-416053_earlyRefresh,earlyRefresh,high-skew-zipf,1787574332.416000,137.999947,cache_hit_ratio_total,all,0.8803415637684209
2026-08-24_12-23-14-416053_earlyRefresh,earlyRefresh,high-skew-zipf,1787574333.416000,138.999947,cache_hit_ratio_total,all,0.8689457106591393
2026-08-24_12-23-14-416053_earlyRefresh,earlyRefresh,high-skew-zipf,1787574334.416000,139.999947,cache_hit_ratio_total,all,0.8646719689555402
2026-08-24_12-23-14-416053_earlyRefresh,earlyRefresh,high-skew-zipf,1787574335.416000,140.999947,cache_hit_ratio_total,all,0.8447291864514086
2026-08-24_12-23-14-416053_earlyRefresh,earlyRefresh,high-skew-zipf,1787574336.416000,141.999947,cache_hit_ratio_total,all,0.8447293447293447
2026-08-24_12-23-14-416053_earlyRefresh,earlyRefresh,high-skew-zipf,1787574337.416000,142.999947,cache_hit_ratio_total,all,0.8461547958214624
2026-08-24_12-23-14-416053_earlyRefresh,earlyRefresh,high-skew-zipf,1787574338.416000,143.999947,cache_hit_ratio_total,all,0.8404558404558407
2026-08-24_12-23-14-416053_earlyRefresh,earlyRefresh,high-skew-zipf,1787574339.416000,144.999947,cache_hit_ratio_total,all,0.8447293447293449
2026-08-24_12-23-14-416053_earlyRefresh,earlyRefresh,high-skew-zipf,1787574340.416000,145.999947,cache_hit_ratio_total,all,0.851851693565122
2026-08-24_12-23-14-416053_earlyRefresh,earlyRefresh,high-skew-zipf,1787574341.416000,146.999947,cache_hit_ratio_total,all,0.8575498575498575
2026-08-24_12-23-14-416053_earlyRefresh,earlyRefresh,high-skew-zipf,1787574342.416000,147.999947,cache_hit_ratio_total,all,0.8717947135081421
2026-08-24_12-23-14-416053_earlyRefresh,earlyRefresh,high-skew-zipf,1787574343.416000,148.999947,cache_hit_ratio_total,all,0.8746438746438746
2026-08-24_12-23-14-416053_earlyRefresh,earlyRefresh,high-skew-zipf,1787574344.416000,149.999947,cache_hit_ratio_total,all,0.8860405192571663
2026-08-24_12-23-14-416053_earlyRefresh,earlyRefresh,high-skew-zipf,1787574345.416000,150.999947,cache_hit_ratio_total,all,0.8760679803075757
2026-08-24_12-23-14-416053_earlyRefresh,earlyRefresh,high-skew-zipf,1787574346.416000,151.999947,cache_hit_ratio_total,all,0.8632480215521833
2026-08-24_12-23-14-416053_earlyRefresh,earlyRefresh,high-skew-zipf,1787574347.416000,152.999947,cache_hit_ratio_total,all,0.8732199272229273
2026-08-24_12-23-14-416053_earlyRefresh,earlyRefresh,high-skew-zipf,1787574348.416000,153.999947,cache_hit_ratio_total,all,0.8703703703703703
2026-08-24_12-23-14-416053_earlyRefresh,earlyRefresh,high-skew-zipf,1787574349.416000,154.999947,cache_hit_ratio_total,all,0.8603988603988604
2026-08-24_12-23-14-416053_earlyRefresh,earlyRefresh,high-skew-zipf,1787574350.416000,155.999947,cache_hit_ratio_total,all,0.8618222537546907
2026-08-24_12-23-14-416053_earlyRefresh,earlyRefresh,high-skew-zipf,1787574351.416000,156.999947,cache_hit_ratio_total,all,0.8589738049708049
2026-08-24_12-23-14-416053_earlyRefresh,earlyRefresh,high-skew-zipf,1787574352.416000,157.999947,cache_hit_ratio_total,all,0.8547019625848579
2026-08-24_12-23-14-416053_earlyRefresh,earlyRefresh,high-skew-zipf,1787574353.416000,158.999947,cache_hit_ratio_total,all,0.8575498575498577
2026-08-24_12-23-14-416053_earlyRefresh,earlyRefresh,high-skew-zipf,1787574354.416000,159.999947,cache_hit_ratio_total,all,0.8490018992824704
2026-08-24_12-23-14-416053_earlyRefresh,earlyRefresh,high-skew-zipf,1787574355.416000,160.999947,cache_hit_ratio_total,all,0.8675213675213675
2026-08-24_12-23-14-416053_earlyRefresh,earlyRefresh,high-skew-zipf,1787574356.416000,161.999947,cache_hit_ratio_total,all,0.8561249604085317
2026-08-24_12-23-14-416053_earlyRefresh,earlyRefresh,high-skew-zipf,1787574357.416000,162.999947,cache_hit_ratio_total,all,0.8589742798309943
2026-08-24_12-23-14-416053_earlyRefresh,earlyRefresh,high-skew-zipf,1787574358.416000,163.999947,cache_hit_ratio_total,all,0.864672760345223
2026-08-24_12-23-14-416053_earlyRefresh,earlyRefresh,high-skew-zipf,1787574359.416000,164.999947,cache_hit_ratio_total,all,0.8660967078101363
2026-08-24_12-23-14-416053_earlyRefresh,earlyRefresh,high-skew-zipf,1787574360.416000,165.999947,cache_hit_ratio_total,all,0.8618228078813602
2026-08-24_12-23-14-416053_earlyRefresh,earlyRefresh,high-skew-zipf,1787574361.416000,166.999947,cache_hit_ratio_total,all,0.8646723646723646
2026-08-24_12-23-14-416053_earlyRefresh,earlyRefresh,high-skew-zipf,1787574362.416000,167.999947,cache_hit_ratio_total,all,0.8660955999437194
2026-08-24_12-23-14-416053_earlyRefresh,earlyRefresh,high-skew-zipf,1787574363.416000,168.999947,cache_hit_ratio_total,all,0.8774912948014442
2026-08-24_12-23-14-416053_earlyRefresh,earlyRefresh,high-skew-zipf,1787574364.416000,169.999947,cache_hit_ratio_total,all,0.8831893004994499
2026-08-24_12-23-14-416053_earlyRefresh,earlyRefresh,high-skew-zipf,1787574365.416000,170.999947,cache_hit_ratio_total,all,0.8960097341853911
2026-08-24_12-23-14-416053_earlyRefresh,earlyRefresh,high-skew-zipf,1787574366.416000,171.999947,cache_hit_ratio_total,all,0.8988617441481171
2026-08-24_12-23-14-416053_earlyRefresh,earlyRefresh,high-skew-zipf,1787574367.416000,172.999947,cache_hit_ratio_total,all,0.8974358974358975
2026-08-24_12-23-14-416053_earlyRefresh,earlyRefresh,high-skew-zipf,1787574368.416000,173.999947,cache_hit_ratio_total,all,0.8988603988603989
2026-08-24_12-23-14-416053_earlyRefresh,earlyRefresh,high-skew-zipf,1787574369.416000,174.999947,cache_hit_ratio_total,all,0.9031356442879306
2026-08-24_12-23-14-416053_earlyRefresh,earlyRefresh,high-skew-zipf,1787574370.416000,175.999947,cache_hit_ratio_total,all,0.9059829059829061
2026-08-24_12-23-14-416053_earlyRefresh,earlyRefresh,high-skew-zipf,1787574371.416000,176.999947,cache_hit_ratio_total,all,0.9059844888502036
2026-08-24_12-23-14-416053_earlyRefresh,earlyRefresh,high-skew-zipf,1787574372.416000,177.999947,cache_hit_ratio_total,all,0.9074074074074073
2026-08-24_12-23-14-416053_earlyRefresh,earlyRefresh,high-skew-zipf,1787574373.416000,178.999947,cache_hit_ratio_total,all,0.8988603988603987
2026-08-24_12-23-14-416053_earlyRefresh,earlyRefresh,high-skew-zipf,1787574374.416000,179.999947,cache_hit_ratio_total,all,0.8974366889574981
2026-08-24_12-23-14-416053_earlyRefresh,earlyRefresh,high-skew-zipf,1787574375.416000,180.999947,cache_hit_ratio_total,all,0.8917378917378916
2026-08-24_12-23-14-416053_earlyRefresh,earlyRefresh,high-skew-zipf,1787574376.416000,181.999947,cache_hit_ratio_total,all,0.8874643874643875
2026-08-24_12-23-14-416053_earlyRefresh,earlyRefresh,high-skew-zipf,1787574377.416000,182.999947,cache_hit_ratio_total,all,0.8903133903133904
2026-08-24_12-23-14-416053_earlyRefresh,earlyRefresh,high-skew-zipf,1787574378.416000,183.999947,cache_hit_ratio_total,all,0.8660963911839056
2026-08-24_12-23-14-416053_earlyRefresh,earlyRefresh,high-skew-zipf,1787574379.416000,184.999947,cache_hit_ratio_total,all,0.8660970244011862
2026-08-24_12-23-14-416053_earlyRefresh,earlyRefresh,high-skew-zipf,1787574380.416000,185.999947,cache_hit_ratio_total,all,0.8675204968476069
2026-08-24_12-23-14-416053_earlyRefresh,earlyRefresh,high-skew-zipf,1787574381.416000,186.999947,cache_hit_ratio_total,all,0.8717939221800117
2026-08-24_12-23-14-416053_earlyRefresh,earlyRefresh,high-skew-zipf,1787574382.416000,187.999947,cache_hit_ratio_total,all,0.8732185027390849
2026-08-24_12-23-14-416053_earlyRefresh,earlyRefresh,high-skew-zipf,1787574383.416000,188.999947,cache_hit_ratio_total,all,0.8646723646723646
2026-08-24_12-23-14-416053_earlyRefresh,earlyRefresh,high-skew-zipf,1787574384.416000,189.999947,cache_hit_ratio_total,all,0.8603988603988605
2026-08-24_12-23-14-416053_earlyRefresh,earlyRefresh,high-skew-zipf,1787574385.416000,190.999947,cache_hit_ratio_total,all,0.8689476100998964
2026-08-24_12-23-14-416053_earlyRefresh,earlyRefresh,high-skew-zipf,1787574386.416000,191.999947,cache_hit_ratio_total,all,0.8575515987038849
2026-08-24_12-23-14-416053_earlyRefresh,earlyRefresh,high-skew-zipf,1787574387.416000,192.999947,cache_hit_ratio_total,all,0.8789134219689775
2026-08-24_12-23-14-416053_earlyRefresh,earlyRefresh,high-skew-zipf,1787574388.416000,193.999947,cache_hit_ratio_total,all,0.8774911363388501
2026-08-24_12-23-14-416053_earlyRefresh,earlyRefresh,high-skew-zipf,1787574389.416000,194.999947,cache_hit_ratio_total,all,0.8746449825278778
2026-08-24_12-23-14-416053_earlyRefresh,earlyRefresh,high-skew-zipf,1787574390.416000,195.999947,cache_hit_ratio_total,all,0.8618233618233619
2026-08-24_12-23-14-416053_earlyRefresh,earlyRefresh,high-skew-zipf,1787574391.416000,196.999947,cache_hit_ratio_total,all,0.8618240741136458
2026-08-24_12-23-14-416053_earlyRefresh,earlyRefresh,high-skew-zipf,1787574392.416000,197.999947,cache_hit_ratio_total,all,0.8490028490028491
2026-08-24_12-23-14-416053_earlyRefresh,earlyRefresh,high-skew-zipf,1787574393.416000,198.999947,cache_hit_ratio_total,all,0.857550174088144
2026-08-24_12-23-14-416053_earlyRefresh,earlyRefresh,high-skew-zipf,1787574394.416000,199.999947,cache_hit_ratio_total,all,0.8490025324645624
2026-08-24_12-23-14-416053_earlyRefresh,earlyRefresh,high-skew-zipf,1787574395.416000,200.999947,cache_hit_ratio_total,all,0.8561254352599278
2026-08-24_12-23-14-416053_earlyRefresh,earlyRefresh,high-skew-zipf,1787574396.416000,201.999947,cache_hit_ratio_total,all,0.8575501740881442
2026-08-24_12-23-14-416053_earlyRefresh,earlyRefresh,high-skew-zipf,1787574397.416000,202.999947,cache_hit_ratio_total,all,0.8561264640709084
2026-08-24_12-23-14-416053_earlyRefresh,earlyRefresh,high-skew-zipf,1787574398.416000,203.999947,cache_hit_ratio_total,all,0.8561249604085317
2026-08-24_12-23-14-416053_earlyRefresh,earlyRefresh,high-skew-zipf,1787574399.416000,204.999947,cache_hit_ratio_total,all,0.8660973409570554
2026-08-24_12-23-14-416053_earlyRefresh,earlyRefresh,high-skew-zipf,1787574400.416000,205.999947,cache_hit_ratio_total,all,0.8603982273222871
2026-08-24_12-23-14-416053_earlyRefresh,earlyRefresh,high-skew-zipf,1787574401.416000,206.999947,cache_hit_ratio_total,all,0.8689466603795177
2026-08-24_12-23-14-416053_earlyRefresh,earlyRefresh,high-skew-zipf,1787574402.416000,207.999947,cache_hit_ratio_total,all,0.8746429248179539
2026-08-24_12-23-14-416053_earlyRefresh,earlyRefresh,high-skew-zipf,1787574403.416000,208.999947,cache_hit_ratio_total,all,0.871795188403512
2026-08-24_12-23-14-416053_earlyRefresh,earlyRefresh,high-skew-zipf,1787574404.416000,209.999947,cache_hit_ratio_total,all,0.8703712410441309
2026-08-24_12-23-14-416053_earlyRefresh,earlyRefresh,high-skew-zipf,1787574405.416000,210.999947,cache_hit_ratio_total,all,0.8660976576184665
2026-08-24_12-23-14-416053_earlyRefresh,earlyRefresh,high-skew-zipf,1787574406.416000,211.999947,cache_hit_ratio_total,all,0.8703703703703703
2026-08-24_12-23-14-416053_earlyRefresh,earlyRefresh,high-skew-zipf,1787574407.416000,212.999947,cache_hit_ratio_total,all,0.8803421969505205
2026-08-24_12-23-14-416053_earlyRefresh,earlyRefresh,high-skew-zipf,1787574408.416000,213.999947,cache_hit_ratio_total,all,0.8831908831908832
2026-08-24_12-23-14-416053_earlyRefresh,earlyRefresh,high-skew-zipf,1787574409.416000,214.999947,cache_hit_ratio_total,all,0.8860400443442061
2026-08-24_12-23-14-416053_earlyRefresh,earlyRefresh,high-skew-zipf,1787574410.416000,215.999947,cache_hit_ratio_total,all,0.8874643874643875
2026-08-24_12-23-14-416053_earlyRefresh,earlyRefresh,high-skew-zipf,1787574411.416000,216.999947,cache_hit_ratio_total,all,0.8774922443811332
2026-08-24_12-23-14-416053_earlyRefresh,earlyRefresh,high-skew-zipf,1787574412.416000,217.999947,cache_hit_ratio_total,all,0.8846153846153846
2026-08-24_12-23-14-416053_earlyRefresh,earlyRefresh,high-skew-zipf,1787574413.416000,218.999947,cache_hit_ratio_total,all,0.8803418803418804
2026-08-24_12-23-14-416053_earlyRefresh,earlyRefresh,high-skew-zipf,1787574414.416000,219.999947,cache_hit_ratio_total,all,0.8746438746438747
2026-08-24_12-23-14-416053_earlyRefresh,earlyRefresh,high-skew-zipf,1787574415.416000,220.999947,cache_hit_ratio_total,all,0.8632500791389678
2026-08-24_12-23-14-416053_earlyRefresh,earlyRefresh,high-skew-zipf,1787574416.416000,221.999947,cache_hit_ratio_total,all,0.8632470719021466
2026-08-24_12-23-14-416053_earlyRefresh,earlyRefresh,high-skew-zipf,1787574417.416000,222.999947,cache_hit_ratio_total,all,0.853277223853367
2026-08-24_12-23-14-416053_earlyRefresh,earlyRefresh,high-skew-zipf,1787574418.416000,223.999947,cache_hit_ratio_total,all,0.8447314023425134
2026-08-24_12-23-14-416053_earlyRefresh,earlyRefresh,high-skew-zipf,1787574419.416000,224.999947,cache_hit_ratio_total,all,0.846156695156695
2026-08-24_12-23-14-416053_earlyRefresh,earlyRefresh,high-skew-zipf,1787574420.416000,225.999947,cache_hit_ratio_total,all,0.8433067426400759
2026-08-24_12-23-14-416053_earlyRefresh,earlyRefresh,high-skew-zipf,1787574421.416000,226.999947,cache_hit_ratio_total,all,0.839031339031339
2026-08-24_12-23-14-416053_earlyRefresh,earlyRefresh,high-skew-zipf,1787574422.416000,227.999947,cache_hit_ratio_total,all,0.8532763532763533
2026-08-24_12-23-14-416053_earlyRefresh,earlyRefresh,high-skew-zipf,1787574423.416000,228.999947,cache_hit_ratio_total,all,0.8660968660968661
2026-08-24_12-23-14-416053_earlyRefresh,earlyRefresh,high-skew-zipf,1787574424.416000,229.999947,cache_hit_ratio_total,all,0.8774924026326882
2026-08-24_12-23-14-416053_earlyRefresh,earlyRefresh,high-skew-zipf,1787574425.416000,230.999947,cache_hit_ratio_total,all,0.8774933523530669
2026-08-24_12-23-14-416053_earlyRefresh,earlyRefresh,high-skew-zipf,1787574426.416000,231.999947,cache_hit_ratio_total,all,0.8774927192237342
2026-08-24_12-23-14-416053_earlyRefresh,earlyRefresh,high-skew-zipf,1787574427.416000,232.999947,cache_hit_ratio_total,all,0.8817661443362871
2026-08-24_12-23-14-416053_earlyRefresh,earlyRefresh,high-skew-zipf,1787574428.416000,233.999947,cache_hit_ratio_total,all,0.8888892054623485
2026-08-24_12-23-14-416053_earlyRefresh,earlyRefresh,high-skew-zipf,1787574429.416000,234.999947,cache_hit_ratio_total,all,0.8917378917378918
2026-08-24_12-23-14-416053_earlyRefresh,earlyRefresh,high-skew-zipf,1787574430.416000,235.999947,cache_hit_ratio_total,all,0.8917378917378918
2026-08-24_12-23-14-416053_earlyRefresh,earlyRefresh,high-skew-zipf,1787574431.416000,236.999947,cache_hit_ratio_total,all,0.8803433047641702
2026-08-24_12-23-14-416053_earlyRefresh,earlyRefresh,high-skew-zipf,1787574432.416000,237.999947,cache_hit_ratio_total,all,0.8689471353804298
2026-08-24_12-23-14-416053_earlyRefresh,earlyRefresh,high-skew-zipf,1787574433.416000,238.999947,cache_hit_ratio_total,all,0.868945868945869
2026-08-24_12-23-14-416053_earlyRefresh,earlyRefresh,high-skew-zipf,1787574434.416000,239.999947,cache_hit_ratio_total,all,0.8603988603988603
2026-08-24_12-23-14-416053_earlyRefresh,earlyRefresh,high-skew-zipf,1787574194.416000,-0.000053,cache_hit_ratio_l1,all,0
2026-08-24_12-23-14-416053_earlyRefresh,earlyRefresh,high-skew-zipf,1787574195.416000,0.999947,cache_hit_ratio_l1,all,0
2026-08-24_12-23-14-416053_earlyRefresh,earlyRefresh,high-skew-zipf,1787574196.416000,1.999947,cache_hit_ratio_l1,all,0.18334615612238855
2026-08-24_12-23-14-416053_earlyRefresh,earlyRefresh,high-skew-zipf,1787574197.416000,2.999947,cache_hit_ratio_l1,all,0.32134025525621607
2026-08-24_12-23-14-416053_earlyRefresh,earlyRefresh,high-skew-zipf,1787574198.416000,3.999947,cache_hit_ratio_l1,all,0.467264091777242
2026-08-24_12-23-14-416053_earlyRefresh,earlyRefresh,high-skew-zipf,1787574199.416000,4.999947,cache_hit_ratio_l1,all,0.5217973459727556
2026-08-24_12-23-14-416053_earlyRefresh,earlyRefresh,high-skew-zipf,1787574200.416000,5.999947,cache_hit_ratio_l1,all,0.6120252665010719
2026-08-24_12-23-14-416053_earlyRefresh,earlyRefresh,high-skew-zipf,1787574201.416000,6.999947,cache_hit_ratio_l1,all,0.5681897125187375
2026-08-24_12-23-14-416053_earlyRefresh,earlyRefresh,high-skew-zipf,1787574202.416000,7.999947,cache_hit_ratio_l1,all,0.6117295496428591
2026-08-24_12-23-14-416053_earlyRefresh,earlyRefresh,high-skew-zipf,1787574203.416000,8.999947,cache_hit_ratio_l1,all,0.6385673886493345
2026-08-24_12-23-14-416053_earlyRefresh,earlyRefresh,high-skew-zipf,1787574204.416000,9.999947,cache_hit_ratio_l1,all,0.6745743030283836
2026-08-24_12-23-14-416053_earlyRefresh,earlyRefresh,high-skew-zipf,1787574205.416000,10.999947,cache_hit_ratio_l1,all,0.6955839972257718
2026-08-24_12-23-14-416053_earlyRefresh,earlyRefresh,high-skew-zipf,1787574206.416000,11.999947,cache_hit_ratio_l1,all,0.7047658957376719
2026-08-24_12-23-14-416053_earlyRefresh,earlyRefresh,high-skew-zipf,1787574207.416000,12.999947,cache_hit_ratio_l1,all,0.7098442767234113
2026-08-24_12-23-14-416053_earlyRefresh,earlyRefresh,high-skew-zipf,1787574208.416000,13.999947,cache_hit_ratio_l1,all,0.7304139684227046
2026-08-24_12-23-14-416053_earlyRefresh,earlyRefresh,high-skew-zipf,1787574209.416000,14.999947,cache_hit_ratio_l1,all,0.7322175732217574
2026-08-24_12-23-14-416053_earlyRefresh,earlyRefresh,high-skew-zipf,1787574210.416000,15.999947,cache_hit_ratio_l1,all,0.7562380324940313
2026-08-24_12-23-14-416053_earlyRefresh,earlyRefresh,high-skew-zipf,1787574211.416000,16.999947,cache_hit_ratio_l1,all,0.7361858990737846
2026-08-24_12-23-14-416053_earlyRefresh,earlyRefresh,high-skew-zipf,1787574212.416000,17.999947,cache_hit_ratio_l1,all,0.7382550335570469
2026-08-24_12-23-14-416053_earlyRefresh,earlyRefresh,high-skew-zipf,1787574213.416000,18.999947,cache_hit_ratio_l1,all,0.7252396166134183
2026-08-24_12-23-14-416053_earlyRefresh,earlyRefresh,high-skew-zipf,1787574214.416000,19.999947,cache_hit_ratio_l1,all,0.7138438094691058
2026-08-24_12-23-14-416053_earlyRefresh,earlyRefresh,high-skew-zipf,1787574215.416000,20.999947,cache_hit_ratio_l1,all,0.7153529320695077
2026-08-24_12-23-14-416053_earlyRefresh,earlyRefresh,high-skew-zipf,1787574216.416000,21.999947,cache_hit_ratio_l1,all,0.7284642557599796
2026-08-24_12-23-14-416053_earlyRefresh,earlyRefresh,high-skew-zipf,1787574217.416000,22.999947,cache_hit_ratio_l1,all,0.7169512290912713
2026-08-24_12-23-14-416053_earlyRefresh,earlyRefresh,high-skew-zipf,1787574218.416000,23.999947,cache_hit_ratio_l1,all,0.7261030492676663
2026-08-24_12-23-14-416053_earlyRefresh,earlyRefresh,high-skew-zipf,1787574219.416000,24.999947,cache_hit_ratio_l1,all,0.7321918329640122
2026-08-24_12-23-14-416053_earlyRefresh,earlyRefresh,high-skew-zipf,1787574220.416000,25.999947,cache_hit_ratio_l1,all,0.7464349477682811
2026-08-24_12-23-14-416053_earlyRefresh,earlyRefresh,high-skew-zipf,1787574221.416000,26.999947,cache_hit_ratio_l1,all,0.7492858500580293
2026-08-24_12-23-14-416053_earlyRefresh,earlyRefresh,high-skew-zipf,1787574222.416000,27.999947,cache_hit_ratio_l1,all,0.7549840136382336
2026-08-24_12-23-14-416053_earlyRefresh,earlyRefresh,high-skew-zipf,1787574223.416000,28.999947,cache_hit_ratio_l1,all,0.7663817663817662
2026-08-24_12-23-14-416053_earlyRefresh,earlyRefresh,high-skew-zipf,1787574224.416000,29.999947,cache_hit_ratio_l1,all,0.7663817663817664
2026-08-24_12-23-14-416053_earlyRefresh,earlyRefresh,high-skew-zipf,1787574225.416000,30.999947,cache_hit_ratio_l1,all,0.7621088161733824
2026-08-24_12-23-14-416053_earlyRefresh,earlyRefresh,high-skew-zipf,1787574226.416000,31.999947,cache_hit_ratio_l1,all,0.7635332383929528
2026-08-24_12-23-14-416053_earlyRefresh,earlyRefresh,high-skew-zipf,1787574227.416000,32.999947,cache_hit_ratio_l1,all,0.7336182336182335
2026-08-24_12-23-14-416053_earlyRefresh,earlyRefresh,high-skew-zipf,1787574228.416000,33.999947,cache_hit_ratio_l1,all,0.7207978791020409
2026-08-24_12-23-14-416053_earlyRefresh,earlyRefresh,high-skew-zipf,1787574229.416000,34.999947,cache_hit_ratio_l1,all,0.7193725070037787
2026-08-24_12-23-14-416053_earlyRefresh,earlyRefresh,high-skew-zipf,1787574230.416000,35.999947,cache_hit_ratio_l1,all,0.7165233457536876
2026-08-24_12-23-14-416053_earlyRefresh,earlyRefresh,high-skew-zipf,1787574231.416000,36.999947,cache_hit_ratio_l1,all,0.7236467236467237
2026-08-24_12-23-14-416053_earlyRefresh,earlyRefresh,high-skew-zipf,1787574232.416000,37.999947,cache_hit_ratio_l1,all,0.7179479266030013
2026-08-24_12-23-14-416053_earlyRefresh,earlyRefresh,high-skew-zipf,1787574233.416000,38.999947,cache_hit_ratio_l1,all,0.703704178563893
2026-08-24_12-23-14-416053_earlyRefresh,earlyRefresh,high-skew-zipf,1787574234.416000,39.999947,cache_hit_ratio_l1,all,0.6994296454881977
2026-08-24_12-23-14-416053_earlyRefresh,earlyRefresh,high-skew-zipf,1787574235.416000,40.999947,cache_hit_ratio_l1,all,0.713675609392038
2026-08-24_12-23-14-416053_earlyRefresh,earlyRefresh,high-skew-zipf,1787574236.416000,41.999947,cache_hit_ratio_l1,all,0.7435895853030138
2026-08-24_12-23-14-416053_earlyRefresh,earlyRefresh,high-skew-zipf,1787574237.416000,42.999947,cache_hit_ratio_l1,all,0.7507122507122508
2026-08-24_12-23-14-416053_earlyRefresh,earlyRefresh,high-skew-zipf,1787574238.416000,43.999947,cache_hit_ratio_l1,all,0.7478632478632479
2026-08-24_12-23-14-416053_earlyRefresh,earlyRefresh,high-skew-zipf,1787574239.416000,44.999947,cache_hit_ratio_l1,all,0.7507124881159657
2026-08-24_12-23-14-416053_earlyRefresh,earlyRefresh,high-skew-zipf,1787574240.416000,45.999947,cache_hit_ratio_l1,all,0.7507124881159657
2026-08-24_12-23-14-416053_earlyRefresh,earlyRefresh,high-skew-zipf,1787574241.416000,46.999947,cache_hit_ratio_l1,all,0.764957264957265
2026-08-24_12-23-14-416053_earlyRefresh,earlyRefresh,high-skew-zipf,1787574242.416000,47.999947,cache_hit_ratio_l1,all,0.7777777777777778
2026-08-24_12-23-14-416053_earlyRefresh,earlyRefresh,high-skew-zipf,1787574243.416000,48.999947,cache_hit_ratio_l1,all,0.7777765114839397
2026-08-24_12-23-14-416053_earlyRefresh,earlyRefresh,high-skew-zipf,1787574244.416000,49.999947,cache_hit_ratio_l1,all,0.7393162393162394
2026-08-24_12-23-14-416053_earlyRefresh,earlyRefresh,high-skew-zipf,1787574245.416000,50.999947,cache_hit_ratio_l1,all,0.7321927825788722
2026-08-24_12-23-14-416053_earlyRefresh,earlyRefresh,high-skew-zipf,1787574246.416000,51.999947,cache_hit_ratio_l1,all,0.7435905350233925
2026-08-24_12-23-14-416053_earlyRefresh,earlyRefresh,high-skew-zipf,1787574247.416000,52.999947,cache_hit_ratio_l1,all,0.7564102564102564
2026-08-24_12-23-14-416053_earlyRefresh,earlyRefresh,high-skew-zipf,1787574248.416000,53.999947,cache_hit_ratio_l1,all,0.7621082621082622
2026-08-24_12-23-14-416053_earlyRefresh,earlyRefresh,high-skew-zipf,1787574249.416000,54.999947,cache_hit_ratio_l1,all,0.7421652421652423
2026-08-24_12-23-14-416053_earlyRefresh,earlyRefresh,high-skew-zipf,1787574250.416000,55.999947,cache_hit_ratio_l1,all,0.7193726653696652
2026-08-24_12-23-14-416053_earlyRefresh,earlyRefresh,high-skew-zipf,1787574251.416000,56.999947,cache_hit_ratio_l1,all,0.7222222222222223
2026-08-24_12-23-14-416053_earlyRefresh,earlyRefresh,high-skew-zipf,1787574252.416000,57.999947,cache_hit_ratio_l1,all,0.729344254431769
2026-08-24_12-23-14-416053_earlyRefresh,earlyRefresh,high-skew-zipf,1787574253.416000,58.999947,cache_hit_ratio_l1,all,0.762108262108262
2026-08-24_12-23-14-416053_earlyRefresh,earlyRefresh,high-skew-zipf,1787574254.416000,59.999947,cache_hit_ratio_l1,all,0.7492877492877492
2026-08-24_12-23-14-416053_earlyRefresh,earlyRefresh,high-skew-zipf,1787574255.416000,60.999947,cache_hit_ratio_l1,all,0.7293456791178761
2026-08-24_12-23-14-416053_earlyRefresh,earlyRefresh,high-skew-zipf,1787574256.416000,61.999947,cache_hit_ratio_l1,all,0.7150997150997151
2026-08-24_12-23-14-416053_earlyRefresh,earlyRefresh,high-skew-zipf,1787574257.416000,62.999947,cache_hit_ratio_l1,all,0.7022792022792023
2026-08-24_12-23-14-416053_earlyRefresh,earlyRefresh,high-skew-zipf,1787574258.416000,63.999947,cache_hit_ratio_l1,all,0.7193752774437371
2026-08-24_12-23-14-416053_earlyRefresh,earlyRefresh,high-skew-zipf,1787574259.416000,64.999947,cache_hit_ratio_l1,all,0.7293447293447293
2026-08-24_12-23-14-416053_earlyRefresh,earlyRefresh,high-skew-zipf,1787574260.416000,65.999947,cache_hit_ratio_l1,all,0.7250712250712251
2026-08-24_12-23-14-416053_earlyRefresh,earlyRefresh,high-skew-zipf,1787574261.416000,66.999947,cache_hit_ratio_l1,all,0.7264965179293754
2026-08-24_12-23-14-416053_earlyRefresh,earlyRefresh,high-skew-zipf,1787574262.416000,67.999947,cache_hit_ratio_l1,all,0.7321937321937322
2026-08-24_12-23-14-416053_earlyRefresh,earlyRefresh,high-skew-zipf,1787574263.416000,68.999947,cache_hit_ratio_l1,all,0.7307685185580859
2026-08-24_12-23-14-416053_earlyRefresh,earlyRefresh,high-skew-zipf,1787574264.416000,69.999947,cache_hit_ratio_l1,all,0.7378914213182783
2026-08-24_12-23-14-416053_earlyRefresh,earlyRefresh,high-skew-zipf,1787574265.416000,70.999947,cache_hit_ratio_l1,all,0.7364665242560916
2026-08-24_12-23-14-416053_earlyRefresh,earlyRefresh,high-skew-zipf,1787574266.416000,71.999947,cache_hit_ratio_l1,all,0.7450138492974205
2026-08-24_12-23-14-416053_earlyRefresh,earlyRefresh,high-skew-zipf,1787574267.416000,72.999947,cache_hit_ratio_l1,all,0.7393157644824311
2026-08-24_12-23-14-416053_earlyRefresh,earlyRefresh,high-skew-zipf,1787574268.416000,73.999947,cache_hit_ratio_l1,all,0.7435894270514569
2026-08-24_12-23-14-416053_earlyRefresh,earlyRefresh,high-skew-zipf,1787574269.416000,74.999947,cache_hit_ratio_l1,all,0.7521367521367521
2026-08-24_12-23-14-416053_earlyRefresh,earlyRefresh,high-skew-zipf,1787574270.416000,75.999947,cache_hit_ratio_l1,all,0.7393164767199544
2026-08-24_12-23-14-416053_earlyRefresh,earlyRefresh,high-skew-zipf,1787574271.416000,76.999947,cache_hit_ratio_l1,all,0.7378914213534512
2026-08-24_12-23-14-416053_earlyRefresh,earlyRefresh,high-skew-zipf,1787574272.416000,77.999947,cache_hit_ratio_l1,all,0.7435897435897436
2026-08-24_12-23-14-416053_earlyRefresh,earlyRefresh,high-skew-zipf,1787574273.416000,78.999947,cache_hit_ratio_l1,all,0.7521370686750387
2026-08-24_12-23-14-416053_earlyRefresh,earlyRefresh,high-skew-zipf,1787574274.416000,79.999947,cache_hit_ratio_l1,all,0.7564102564102564
2026-08-24_12-23-14-416053_earlyRefresh,earlyRefresh,high-skew-zipf,1787574275.416000,80.999947,cache_hit_ratio_l1,all,0.7507122507122508
2026-08-24_12-23-14-416053_earlyRefresh,earlyRefresh,high-skew-zipf,1787574276.416000,81.999947,cache_hit_ratio_l1,all,0.7507122507122508
2026-08-24_12-23-14-416053_earlyRefresh,earlyRefresh,high-skew-zipf,1787574277.416000,82.999947,cache_hit_ratio_l1,all,0.7364672364672364
2026-08-24_12-23-14-416053_earlyRefresh,earlyRefresh,high-skew-zipf,1787574278.416000,83.999947,cache_hit_ratio_l1,all,0.7350427350427351
2026-08-24_12-23-14-416053_earlyRefresh,earlyRefresh,high-skew-zipf,1787574279.416000,84.999947,cache_hit_ratio_l1,all,0.7421648464484177
2026-08-24_12-23-14-416053_earlyRefresh,earlyRefresh,high-skew-zipf,1787574280.416000,85.999947,cache_hit_ratio_l1,all,0.7421635011079455
2026-08-24_12-23-14-416053_earlyRefresh,earlyRefresh,high-skew-zipf,1787574281.416000,86.999947,cache_hit_ratio_l1,all,0.7364666824636823
2026-08-24_12-23-14-416053_earlyRefresh,earlyRefresh,high-skew-zipf,1787574282.416000,87.999947,cache_hit_ratio_l1,all,0.7207975624934007
2026-08-24_12-23-14-416053_earlyRefresh,earlyRefresh,high-skew-zipf,1787574283.416000,88.999947,cache_hit_ratio_l1,all,0.7207977207977208
2026-08-24_12-23-14-416053_earlyRefresh,earlyRefresh,high-skew-zipf,1787574284.416000,89.999947,cache_hit_ratio_l1,all,0.725071145919065
2026-08-24_12-23-14-416053_earlyRefresh,earlyRefresh,high-skew-zipf,1787574285.416000,90.999947,cache_hit_ratio_l1,all,0.7264957264957264
2026-08-24_12-23-14-416053_earlyRefresh,earlyRefresh,high-skew-zipf,1787574286.416000,91.999947,cache_hit_ratio_l1,all,0.7321930989764517
2026-08-24_12-23-14-416053_earlyRefresh,earlyRefresh,high-skew-zipf,1787574287.416000,92.999947,cache_hit_ratio_l1,all,0.7165238207634163
2026-08-24_12-23-14-416053_earlyRefresh,earlyRefresh,high-skew-zipf,1787574288.416000,93.999947,cache_hit_ratio_l1,all,0.7165242165242165
2026-08-24_12-23-14-416053_earlyRefresh,earlyRefresh,high-skew-zipf,1787574289.416000,94.999947,cache_hit_ratio_l1,all,0.7165247705893368
2026-08-24_12-23-14-416053_earlyRefresh,earlyRefresh,high-skew-zipf,1787574290.416000,95.999947,cache_hit_ratio_l1,all,0.735042735042735
2026-08-24_12-23-14-416053_earlyRefresh,earlyRefresh,high-skew-zipf,1787574291.416000,96.999947,cache_hit_ratio_l1,all,0.7478632478632479
2026-08-24_12-23-14-416053_earlyRefresh,earlyRefresh,high-skew-zipf,1787574292.416000,97.999947,cache_hit_ratio_l1,all,0.757834757834758
2026-08-24_12-23-14-416053_earlyRefresh,earlyRefresh,high-skew-zipf,1787574293.416000,98.999947,cache_hit_ratio_l1,all,0.7464387464387465
2026-08-24_12-23-14-416053_earlyRefresh,earlyRefresh,high-skew-zipf,1787574294.416000,99.999947,cache_hit_ratio_l1,all,0.7464384298652869
2026-08-24_12-23-14-416053_earlyRefresh,earlyRefresh,high-skew-zipf,1787574295.416000,100.999947,cache_hit_ratio_l1,all,0.7578347578347578
2026-08-24_12-23-14-416053_earlyRefresh,earlyRefresh,high-skew-zipf,1787574296.416000,101.999947,cache_hit_ratio_l1,all,0.7649573441006298
2026-08-24_12-23-14-416053_earlyRefresh,earlyRefresh,high-skew-zipf,1787574297.416000,102.999947,cache_hit_ratio_l1,all,0.7678062678062678
2026-08-24_12-23-14-416053_earlyRefresh,earlyRefresh,high-skew-zipf,1787574298.416000,103.999947,cache_hit_ratio_l1,all,0.7592592592592593
2026-08-24_12-23-14-416053_earlyRefresh,earlyRefresh,high-skew-zipf,1787574299.416000,104.999947,cache_hit_ratio_l1,all,0.7450132161505016
2026-08-24_12-23-14-416053_earlyRefresh,earlyRefresh,high-skew-zipf,1787574300.416000,105.999947,cache_hit_ratio_l1,all,0.7350427350427352
2026-08-24_12-23-14-416053_earlyRefresh,earlyRefresh,high-skew-zipf,1787574301.416000,106.999947,cache_hit_ratio_l1,all,0.7222222222222223
2026-08-24_12-23-14-416053_earlyRefresh,earlyRefresh,high-skew-zipf,1787574302.416000,107.999947,cache_hit_ratio_l1,all,0.7222222222222222
2026-08-24_12-23-14-416053_earlyRefresh,earlyRefresh,high-skew-zipf,1787574303.416000,108.999947,cache_hit_ratio_l1,all,0.7065527065527066
2026-08-24_12-23-14-416053_earlyRefresh,earlyRefresh,high-skew-zipf,1787574304.416000,109.999947,cache_hit_ratio_l1,all,0.6951566951566952
2026-08-24_12-23-14-416053_earlyRefresh,earlyRefresh,high-skew-zipf,1787574305.416000,110.999947,cache_hit_ratio_l1,all,0.6908829534794758
2026-08-24_12-23-14-416053_earlyRefresh,earlyRefresh,high-skew-zipf,1787574306.416000,111.999947,cache_hit_ratio_l1,all,0.6965811965811967
2026-08-24_12-23-14-416053_earlyRefresh,earlyRefresh,high-skew-zipf,1787574307.416000,112.999947,cache_hit_ratio_l1,all,0.7037040202771633
2026-08-24_12-23-14-416053_earlyRefresh,earlyRefresh,high-skew-zipf,1787574308.416000,113.999947,cache_hit_ratio_l1,all,0.7037037037037037
2026-08-24_12-23-14-416053_earlyRefresh,earlyRefresh,high-skew-zipf,1787574309.416000,114.999947,cache_hit_ratio_l1,all,0.6923076923076923
2026-08-24_12-23-14-416053_earlyRefresh,earlyRefresh,high-skew-zipf,1787574310.416000,115.999947,cache_hit_ratio_l1,all,0.6965811965811967
2026-08-24_12-23-14-416053_earlyRefresh,earlyRefresh,high-skew-zipf,1787574311.416000,116.999947,cache_hit_ratio_l1,all,0.7108272396899543
2026-08-24_12-23-14-416053_earlyRefresh,earlyRefresh,high-skew-zipf,1787574312.416000,117.999947,cache_hit_ratio_l1,all,0.7179496677746385
2026-08-24_12-23-14-416053_earlyRefresh,earlyRefresh,high-skew-zipf,1787574313.416000,118.999947,cache_hit_ratio_l1,all,0.7264962014086868
2026-08-24_12-23-14-416053_earlyRefresh,earlyRefresh,high-skew-zipf,1787574314.416000,119.999947,cache_hit_ratio_l1,all,0.7264957264957265
2026-08-24_12-23-14-416053_earlyRefresh,earlyRefresh,high-skew-zipf,1787574315.416000,120.999947,cache_hit_ratio_l1,all,0.7079771288250478
2026-08-24_12-23-14-416053_earlyRefresh,earlyRefresh,high-skew-zipf,1787574316.416000,121.999947,cache_hit_ratio_l1,all,0.7136752136752136
2026-08-24_12-23-14-416053_earlyRefresh,earlyRefresh,high-skew-zipf,1787574317.416000,122.999947,cache_hit_ratio_l1,all,0.7136752136752137
2026-08-24_12-23-14-416053_earlyRefresh,earlyRefresh,high-skew-zipf,1787574318.416000,123.999947,cache_hit_ratio_l1,all,0.7250690879629035
2026-08-24_12-23-14-416053_earlyRefresh,earlyRefresh,high-skew-zipf,1787574319.416000,124.999947,cache_hit_ratio_l1,all,0.7264957264957265
2026-08-24_12-23-14-416053_earlyRefresh,earlyRefresh,high-skew-zipf,1787574320.416000,125.999947,cache_hit_ratio_l1,all,0.7208002536668425
2026-08-24_12-23-14-416053_earlyRefresh,earlyRefresh,high-skew-zipf,1787574321.416000,126.999947,cache_hit_ratio_l1,all,0.7336182336182338
2026-08-24_12-23-14-416053_earlyRefresh,earlyRefresh,high-skew-zipf,1787574322.416000,127.999947,cache_hit_ratio_l1,all,0.7336182336182338
2026-08-24_12-23-14-416053_earlyRefresh,earlyRefresh,high-skew-zipf,1787574323.416000,128.999947,cache_hit_ratio_l1,all,0.7393162393162394
2026-08-24_12-23-14-416053_earlyRefresh,earlyRefresh,high-skew-zipf,1787574324.416000,129.999947,cache_hit_ratio_l1,all,0.7606837606837608
2026-08-24_12-23-14-416053_earlyRefresh,earlyRefresh,high-skew-zipf,1787574325.416000,130.999947,cache_hit_ratio_l1,all,0.7521367521367522
2026-08-24_12-23-14-416053_earlyRefresh,earlyRefresh,high-skew-zipf,1787574326.416000,131.999947,cache_hit_ratio_l1,all,0.7578376068376068
2026-08-24_12-23-14-416053_earlyRefresh,earlyRefresh,high-skew-zipf,1787574327.416000,132.999947,cache_hit_ratio_l1,all,0.7706562994047023
2026-08-24_12-23-14-416053_earlyRefresh,earlyRefresh,high-skew-zipf,1787574328.416000,133.999947,cache_hit_ratio_l1,all,0.7663809749481176
2026-08-24_12-23-14-416053_earlyRefresh,earlyRefresh,high-skew-zipf,1787574329.416000,134.999947,cache_hit_ratio_l1,all,0.7621082621082622
2026-08-24_12-23-14-416053_earlyRefresh,earlyRefresh,high-skew-zipf,1787574330.416000,135.999947,cache_hit_ratio_l1,all,0.7492877492877493
2026-08-24_12-23-14-416053_earlyRefresh,earlyRefresh,high-skew-zipf,1787574331.416000,136.999947,cache_hit_ratio_l1,all,0.7478634852669628
2026-08-24_12-23-14-416053_earlyRefresh,earlyRefresh,high-skew-zipf,1787574332.416000,137.999947,cache_hit_ratio_l1,all,0.7450140075841504
2026-08-24_12-23-14-416053_earlyRefresh,earlyRefresh,high-skew-zipf,1787574333.416000,138.999947,cache_hit_ratio_l1,all,0.7250709876411305
2026-08-24_12-23-14-416053_earlyRefresh,earlyRefresh,high-skew-zipf,1787574334.416000,139.999947,cache_hit_ratio_l1,all,0.7321932573335429
2026-08-24_12-23-14-416053_earlyRefresh,earlyRefresh,high-skew-zipf,1787574335.416000,140.999947,cache_hit_ratio_l1,all,0.7165240582462805
2026-08-24_12-23-14-416053_earlyRefresh,earlyRefresh,high-skew-zipf,1787574336.416000,141.999947,cache_hit_ratio_l1,all,0.7108262108262108
2026-08-24_12-23-14-416053_earlyRefresh,earlyRefresh,high-skew-zipf,1787574337.416000,142.999947,cache_hit_ratio_l1,all,0.7122510288065842
2026-08-24_12-23-14-416053_earlyRefresh,earlyRefresh,high-skew-zipf,1787574338.416000,143.999947,cache_hit_ratio_l1,all,0.7094017094017095
2026-08-24_12-23-14-416053_earlyRefresh,earlyRefresh,high-skew-zipf,1787574339.416000,144.999947,cache_hit_ratio_l1,all,0.7094017094017095
2026-08-24_12-23-14-416053_earlyRefresh,earlyRefresh,high-skew-zipf,1787574340.416000,145.999947,cache_hit_ratio_l1,all,0.717948717948718
2026-08-24_12-23-14-416053_earlyRefresh,earlyRefresh,high-skew-zipf,1787574341.416000,146.999947,cache_hit_ratio_l1,all,0.7250712250712251
2026-08-24_12-23-14-416053_earlyRefresh,earlyRefresh,high-skew-zipf,1787574342.416000,147.999947,cache_hit_ratio_l1,all,0.7450138492974205
2026-08-24_12-23-14-416053_earlyRefresh,earlyRefresh,high-skew-zipf,1787574343.416000,148.999947,cache_hit_ratio_l1,all,0.7407407407407407
2026-08-24_12-23-14-416053_earlyRefresh,earlyRefresh,high-skew-zipf,1787574344.416000,149.999947,cache_hit_ratio_l1,all,0.7564108104753767
2026-08-24_12-23-14-416053_earlyRefresh,earlyRefresh,high-skew-zipf,1787574345.416000,150.999947,cache_hit_ratio_l1,all,0.7464384298301061
2026-08-24_12-23-14-416053_earlyRefresh,earlyRefresh,high-skew-zipf,1787574346.416000,151.999947,cache_hit_ratio_l1,all,0.7378914212830976
2026-08-24_12-23-14-416053_earlyRefresh,earlyRefresh,high-skew-zipf,1787574347.416000,152.999947,cache_hit_ratio_l1,all,0.7478633270066127
2026-08-24_12-23-14-416053_earlyRefresh,earlyRefresh,high-skew-zipf,1787574348.416000,153.999947,cache_hit_ratio_l1,all,0.762108262108262
2026-08-24_12-23-14-416053_earlyRefresh,earlyRefresh,high-skew-zipf,1787574349.416000,154.999947,cache_hit_ratio_l1,all,0.7478632478632478
2026-08-24_12-23-14-416053_earlyRefresh,earlyRefresh,high-skew-zipf,1787574350.416000,155.999947,cache_hit_ratio_l1,all,0.746436846892453
2026-08-24_12-23-14-416053_earlyRefresh,earlyRefresh,high-skew-zipf,1787574351.416000,156.999947,cache_hit_ratio_l1,all,0.7350411521754374
2026-08-24_12-23-14-416053_earlyRefresh,earlyRefresh,high-skew-zipf,1787574352.416000,157.999947,cache_hit_ratio_l1,all,0.7307713674026656
2026-08-24_12-23-14-416053_earlyRefresh,earlyRefresh,high-skew-zipf,1787574353.416000,158.999947,cache_hit_ratio_l1,all,0.7264957264957266
2026-08-24_12-23-14-416053_earlyRefresh,earlyRefresh,high-skew-zipf,1787574354.416000,159.999947,cache_hit_ratio_l1,all,0.7193709242156378
2026-08-24_12-23-14-416053_earlyRefresh,earlyRefresh,high-skew-zipf,1787574355.416000,160.999947,cache_hit_ratio_l1,all,0.7279202279202279
2026-08-24_12-23-14-416053_earlyRefresh,earlyRefresh,high-skew-zipf,1787574356.416000,161.999947,cache_hit_ratio_l1,all,0.7165220796533648
2026-08-24_12-23-14-416053_earlyRefresh,earlyRefresh,high-skew-zipf,1787574357.416000,162.999947,cache_hit_ratio_l1,all,0.7008564420087283
2026-08-24_12-23-14-416053_earlyRefresh,earlyRefresh,high-skew-zipf,1787574358.416000,163.999947,cache_hit_ratio_l1,all,0.7037025958197004
2026-08-24_12-23-14-416053_earlyRefresh,earlyRefresh,high-skew-zipf,1787574359.416000,164.999947,cache_hit_ratio_l1,all,0.7079782368409514
2026-08-24_12-23-14-416053_earlyRefresh,earlyRefresh,high-skew-zipf,1787574360.416000,165.999947,cache_hit_ratio_l1,all,0.7065530230909931
2026-08-24_12-23-14-416053_earlyRefresh,earlyRefresh,high-skew-zipf,1787574361.416000,166.999947,cache_hit_ratio_l1,all,0.7094017094017094
2026-08-24_12-23-14-416053_earlyRefresh,earlyRefresh,high-skew-zipf,1787574362.416000,167.999947,cache_hit_ratio_l1,all,0.7136748180023553
2026-08-24_12-23-14-416053_earlyRefresh,earlyRefresh,high-skew-zipf,1787574363.416000,168.999947,cache_hit_ratio_l1,all,0.7207975625285774
2026-08-24_12-23-14-416053_earlyRefresh,earlyRefresh,high-skew-zipf,1787574364.416000,169.999947,cache_hit_ratio_l1,all,0.7264955682265831
2026-08-24_12-23-14-416053_earlyRefresh,earlyRefresh,high-skew-zipf,1787574365.416000,170.999947,cache_hit_ratio_l1,all,0.7336179962145186
2026-08-24_12-23-14-416053_earlyRefresh,earlyRefresh,high-skew-zipf,1787574366.416000,171.999947,cache_hit_ratio_l1,all,0.7421651630306705
2026-08-24_12-23-14-416053_earlyRefresh,earlyRefresh,high-skew-zipf,1787574367.416000,172.999947,cache_hit_ratio_l1,all,0.7293447293447294
2026-08-24_12-23-14-416053_earlyRefresh,earlyRefresh,high-skew-zipf,1787574368.416000,173.999947,cache_hit_ratio_l1,all,0.7264957264957266
2026-08-24_12-23-14-416053_earlyRefresh,earlyRefresh,high-skew-zipf,1787574369.416000,174.999947,cache_hit_ratio_l1,all,0.7350428933294648
2026-08-24_12-23-14-416053_earlyRefresh,earlyRefresh,high-skew-zipf,1787574370.416000,175.999947,cache_hit_ratio_l1,all,0.7421652421652423
2026-08-24_12-23-14-416053_earlyRefresh,earlyRefresh,high-skew-zipf,1787574371.416000,176.999947,cache_hit_ratio_l1,all,0.7321937321937322
2026-08-24_12-23-14-416053_earlyRefresh,earlyRefresh,high-skew-zipf,1787574372.416000,177.999947,cache_hit_ratio_l1,all,0.7435897435897435
2026-08-24_12-23-14-416053_earlyRefresh,earlyRefresh,high-skew-zipf,1787574373.416000,178.999947,cache_hit_ratio_l1,all,0.735042735042735
2026-08-24_12-23-14-416053_earlyRefresh,earlyRefresh,high-skew-zipf,1787574374.416000,179.999947,cache_hit_ratio_l1,all,0.7393167933813597
2026-08-24_12-23-14-416053_earlyRefresh,earlyRefresh,high-skew-zipf,1787574375.416000,180.999947,cache_hit_ratio_l1,all,0.7364672364672364
2026-08-24_12-23-14-416053_earlyRefresh,earlyRefresh,high-skew-zipf,1787574376.416000,181.999947,cache_hit_ratio_l1,all,0.7464387464387464
2026-08-24_12-23-14-416053_earlyRefresh,earlyRefresh,high-skew-zipf,1787574377.416000,182.999947,cache_hit_ratio_l1,all,0.7492877492877493
2026-08-24_12-23-14-416053_earlyRefresh,earlyRefresh,high-skew-zipf,1787574378.416000,183.999947,cache_hit_ratio_l1,all,0.7264958848000466
2026-08-24_12-23-14-416053_earlyRefresh,earlyRefresh,high-skew-zipf,1787574379.416000,184.999947,cache_hit_ratio_l1,all,0.7136751345230536
2026-08-24_12-23-14-416053_earlyRefresh,earlyRefresh,high-skew-zipf,1787574380.416000,185.999947,cache_hit_ratio_l1,all,0.7207967709718002
2026-08-24_12-23-14-416053_earlyRefresh,earlyRefresh,high-skew-zipf,1787574381.416000,186.999947,cache_hit_ratio_l1,all,0.7193726654312176
2026-08-24_12-23-14-416053_earlyRefresh,earlyRefresh,high-skew-zipf,1787574382.416000,187.999947,cache_hit_ratio_l1,all,0.7307680437506558
2026-08-24_12-23-14-416053_earlyRefresh,earlyRefresh,high-skew-zipf,1787574383.416000,188.999947,cache_hit_ratio_l1,all,0.717948717948718
2026-08-24_12-23-14-416053_earlyRefresh,earlyRefresh,high-skew-zipf,1787574384.416000,189.999947,cache_hit_ratio_l1,all,0.7193732193732194
2026-08-24_12-23-14-416053_earlyRefresh,earlyRefresh,high-skew-zipf,1787574385.416000,190.999947,cache_hit_ratio_l1,all,0.7307707344931635
2026-08-24_12-23-14-416053_earlyRefresh,earlyRefresh,high-skew-zipf,1787574386.416000,191.999947,cache_hit_ratio_l1,all,0.7193745648104224
2026-08-24_12-23-14-416053_earlyRefresh,earlyRefresh,high-skew-zipf,1787574387.416000,192.999947,cache_hit_ratio_l1,all,0.7350402025957581
2026-08-24_12-23-14-416053_earlyRefresh,earlyRefresh,high-skew-zipf,1787574388.416000,193.999947,cache_hit_ratio_l1,all,0.7435884772959055
2026-08-24_12-23-14-416053_earlyRefresh,earlyRefresh,high-skew-zipf,1787574389.416000,194.999947,cache_hit_ratio_l1,all,0.7350430515810217
2026-08-24_12-23-14-416053_earlyRefresh,earlyRefresh,high-skew-zipf,1787574390.416000,195.999947,cache_hit_ratio_l1,all,0.7207977207977209
2026-08-24_12-23-14-416053_earlyRefresh,earlyRefresh,high-skew-zipf,1787574391.416000,196.999947,cache_hit_ratio_l1,all,0.7165249288145005
2026-08-24_12-23-14-416053_earlyRefresh,earlyRefresh,high-skew-zipf,1787574392.416000,197.999947,cache_hit_ratio_l1,all,0.7094017094017094
2026-08-24_12-23-14-416053_earlyRefresh,earlyRefresh,high-skew-zipf,1787574393.416000,198.999947,cache_hit_ratio_l1,all,0.7094018676708526
2026-08-24_12-23-14-416053_earlyRefresh,earlyRefresh,high-skew-zipf,1787574394.416000,199.999947,cache_hit_ratio_l1,all,0.6880336340921863
2026-08-24_12-23-14-416053_earlyRefresh,earlyRefresh,high-skew-zipf,1787574395.416000,200.999947,cache_hit_ratio_l1,all,0.693732114597622
2026-08-24_12-23-14-416053_earlyRefresh,earlyRefresh,high-skew-zipf,1787574396.416000,201.999947,cache_hit_ratio_l1,all,0.6937327476741953
2026-08-24_12-23-14-416053_earlyRefresh,earlyRefresh,high-skew-zipf,1787574397.416000,202.999947,cache_hit_ratio_l1,all,0.6880356125356124
2026-08-24_12-23-14-416053_earlyRefresh,earlyRefresh,high-skew-zipf,1787574398.416000,203.999947,cache_hit_ratio_l1,all,0.6965804842909127
2026-08-24_12-23-14-416053_earlyRefresh,earlyRefresh,high-skew-zipf,1787574399.416000,204.999947,cache_hit_ratio_l1,all,0.7108270814032245
2026-08-24_12-23-14-416053_earlyRefresh,earlyRefresh,high-skew-zipf,1787574400.416000,205.999947,cache_hit_ratio_l1,all,0.7108254986150658
2026-08-24_12-23-14-416053_earlyRefresh,earlyRefresh,high-skew-zipf,1787574401.416000,206.999947,cache_hit_ratio_l1,all,0.72079819565791
2026-08-24_12-23-14-416053_earlyRefresh,earlyRefresh,high-skew-zipf,1787574402.416000,207.999947,cache_hit_ratio_l1,all,0.7307685183997902
2026-08-24_12-23-14-416053_earlyRefresh,earlyRefresh,high-skew-zipf,1787574403.416000,208.999947,cache_hit_ratio_l1,all,0.7350430516513752
2026-08-24_12-23-14-416053_earlyRefresh,earlyRefresh,high-skew-zipf,1787574404.416000,209.999947,cache_hit_ratio_l1,all,0.7364682654453172
2026-08-24_12-23-14-416053_earlyRefresh,earlyRefresh,high-skew-zipf,1787574405.416000,210.999947,cache_hit_ratio_l1,all,0.7378926877176585
2026-08-24_12-23-14-416053_earlyRefresh,earlyRefresh,high-skew-zipf,1787574406.416000,211.999947,cache_hit_ratio_l1,all,0.7336182336182336
2026-08-24_12-23-14-416053_earlyRefresh,earlyRefresh,high-skew-zipf,1787574407.416000,212.999947,cache_hit_ratio_l1,all,0.7364682654453172
2026-08-24_12-23-14-416053_earlyRefresh,earlyRefresh,high-skew-zipf,1787574408.416000,213.999947,cache_hit_ratio_l1,all,0.7307692307692308
2026-08-24_12-23-14-416053_earlyRefresh,earlyRefresh,high-skew-zipf,1787574409.416000,214.999947,cache_hit_ratio_l1,all,0.7293458374749701
2026-08-24_12-23-14-416053_earlyRefresh,earlyRefresh,high-skew-zipf,1787574410.416000,215.999947,cache_hit_ratio_l1,all,0.7364672364672364
2026-08-24_12-23-14-416053_earlyRefresh,earlyRefresh,high-skew-zipf,1787574411.416000,216.999947,cache_hit_ratio_l1,all,0.7207999366888255
2026-08-24_12-23-14-416053_earlyRefresh,earlyRefresh,high-skew-zipf,1787574412.416000,217.999947,cache_hit_ratio_l1,all,0.7222222222222222
2026-08-24_12-23-14-416053_earlyRefresh,earlyRefresh,high-skew-zipf,1787574413.416000,218.999947,cache_hit_ratio_l1,all,0.7165242165242166
2026-08-24_12-23-14-416053_earlyRefresh,earlyRefresh,high-skew-zipf,1787574414.416000,219.999947,cache_hit_ratio_l1,all,0.7094017094017095
2026-08-24_12-23-14-416053_earlyRefresh,earlyRefresh,high-skew-zipf,1787574415.416000,220.999947,cache_hit_ratio_l1,all,0.7037056030389363
2026-08-24_12-23-14-416053_earlyRefresh,earlyRefresh,high-skew-zipf,1787574416.416000,221.999947,cache_hit_ratio_l1,all,0.7051273346479169
2026-08-24_12-23-14-416053_earlyRefresh,earlyRefresh,high-skew-zipf,1787574417.416000,222.999947,cache_hit_ratio_l1,all,0.7051293922786783
2026-08-24_12-23-14-416053_earlyRefresh,earlyRefresh,high-skew-zipf,1787574418.416000,223.999947,cache_hit_ratio_l1,all,0.6923114909781576
2026-08-24_12-23-14-416053_earlyRefresh,earlyRefresh,high-skew-zipf,1787574419.416000,224.999947,cache_hit_ratio_l1,all,0.6866144349477682
2026-08-24_12-23-14-416053_earlyRefresh,earlyRefresh,high-skew-zipf,1787574420.416000,225.999947,cache_hit_ratio_l1,all,0.6880381449825893
2026-08-24_12-23-14-416053_earlyRefresh,earlyRefresh,high-skew-zipf,1787574421.416000,226.999947,cache_hit_ratio_l1,all,0.6866096866096866
2026-08-24_12-23-14-416053_earlyRefresh,earlyRefresh,high-skew-zipf,1787574422.416000,227.999947,cache_hit_ratio_l1,all,0.6965811965811967
2026-08-24_12-23-14-416053_earlyRefresh,earlyRefresh,high-skew-zipf,1787574423.416000,228.999947,cache_hit_ratio_l1,all,0.7136752136752137
2026-08-24_12-23-14-416053_earlyRefresh,earlyRefresh,high-skew-zipf,1787574424.416000,229.999947,cache_hit_ratio_l1,all,0.7307686767656766
2026-08-24_12-23-14-416053_earlyRefresh,earlyRefresh,high-skew-zipf,1787574425.416000,230.999947,cache_hit_ratio_l1,all,0.7307694681993254
2026-08-24_12-23-14-416053_earlyRefresh,earlyRefresh,high-skew-zipf,1787574426.416000,231.999947,cache_hit_ratio_l1,all,0.7250713042057967
2026-08-24_12-23-14-416053_earlyRefresh,earlyRefresh,high-skew-zipf,1787574427.416000,232.999947,cache_hit_ratio_l1,all,0.7336184710483282
2026-08-24_12-23-14-416053_earlyRefresh,earlyRefresh,high-skew-zipf,1787574428.416000,233.999947,cache_hit_ratio_l1,all,0.7421657961687964
2026-08-24_12-23-14-416053_earlyRefresh,earlyRefresh,high-skew-zipf,1787574429.416000,234.999947,cache_hit_ratio_l1,all,0.7492877492877493
2026-08-24_12-23-14-416053_earlyRefresh,earlyRefresh,high-skew-zipf,1787574430.416000,235.999947,cache_hit_ratio_l1,all,0.7564102564102564
2026-08-24_12-23-14-416053_earlyRefresh,earlyRefresh,high-skew-zipf,1787574431.416000,236.999947,cache_hit_ratio_l1,all,0.7478638018052495
2026-08-24_12-23-14-416053_earlyRefresh,earlyRefresh,high-skew-zipf,1787574432.416000,237.999947,cache_hit_ratio_l1,all,0.726496676321647
2026-08-24_12-23-14-416053_earlyRefresh,earlyRefresh,high-skew-zipf,1787574433.416000,238.999947,cache_hit_ratio_l1,all,0.7321937321937322
2026-08-24_12-23-14-416053_earlyRefresh,earlyRefresh,high-skew-zipf,1787574434.416000,239.999947,cache_hit_ratio_l1,all,0.7307692307692306
2026-08-24_12-23-14-416053_earlyRefresh,earlyRefresh,high-skew-zipf,1787574194.416000,-0.000053,cache_hit_ratio_l2,all,0
2026-08-24_12-23-14-416053_earlyRefresh,earlyRefresh,high-skew-zipf,1787574195.416000,0.999947,cache_hit_ratio_l2,all,0
2026-08-24_12-23-14-416053_earlyRefresh,earlyRefresh,high-skew-zipf,1787574196.416000,1.999947,cache_hit_ratio_l2,all,0.09027243494900475
2026-08-24_12-23-14-416053_earlyRefresh,earlyRefresh,high-skew-zipf,1787574197.416000,2.999947,cache_hit_ratio_l2,all,0.11972698504040044
2026-08-24_12-23-14-416053_earlyRefresh,earlyRefresh,high-skew-zipf,1787574198.416000,3.999947,cache_hit_ratio_l2,all,0.1109579251853226
2026-08-24_12-23-14-416053_earlyRefresh,earlyRefresh,high-skew-zipf,1787574199.416000,4.999947,cache_hit_ratio_l2,all,0.07236027382621213
2026-08-24_12-23-14-416053_earlyRefresh,earlyRefresh,high-skew-zipf,1787574200.416000,5.999947,cache_hit_ratio_l2,all,0.05094935092681741
2026-08-24_12-23-14-416053_earlyRefresh,earlyRefresh,high-skew-zipf,1787574201.416000,6.999947,cache_hit_ratio_l2,all,0.08316930655512077
2026-08-24_12-23-14-416053_earlyRefresh,earlyRefresh,high-skew-zipf,1787574202.416000,7.999947,cache_hit_ratio_l2,all,0.09987322446970406
2026-08-24_12-23-14-416053_earlyRefresh,earlyRefresh,high-skew-zipf,1787574203.416000,8.999947,cache_hit_ratio_l2,all,0.11246992472770255
2026-08-24_12-23-14-416053_earlyRefresh,earlyRefresh,high-skew-zipf,1787574204.416000,9.999947,cache_hit_ratio_l2,all,0.10326870238091321
2026-08-24_12-23-14-416053_earlyRefresh,earlyRefresh,high-skew-zipf,1787574205.416000,10.999947,cache_hit_ratio_l2,all,0.0983746333212681
2026-08-24_12-23-14-416053_earlyRefresh,earlyRefresh,high-skew-zipf,1787574206.416000,11.999947,cache_hit_ratio_l2,all,0.1098614070636465
2026-08-24_12-23-14-416053_earlyRefresh,earlyRefresh,high-skew-zipf,1787574207.416000,12.999947,cache_hit_ratio_l2,all,0.14021977170665276
2026-08-24_12-23-14-416053_earlyRefresh,earlyRefresh,high-skew-zipf,1787574208.416000,13.999947,cache_hit_ratio_l2,all,0.15701765746722612
2026-08-24_12-23-14-416053_earlyRefresh,earlyRefresh,high-skew-zipf,1787574209.416000,14.999947,cache_hit_ratio_l2,all,0.16378242677824265
2026-08-24_12-23-14-416053_earlyRefresh,earlyRefresh,high-skew-zipf,1787574210.416000,15.999947,cache_hit_ratio_l2,all,0.1554701926189947
2026-08-24_12-23-14-416053_earlyRefresh,earlyRefresh,high-skew-zipf,1787574211.416000,16.999947,cache_hit_ratio_l2,all,0.15151470135586897
2026-08-24_12-23-14-416053_earlyRefresh,earlyRefresh,high-skew-zipf,1787574212.416000,17.999947,cache_hit_ratio_l2,all,0.14429530201342283
2026-08-24_12-23-14-416053_earlyRefresh,earlyRefresh,high-skew-zipf,1787574213.416000,18.999947,cache_hit_ratio_l2,all,0.15335463258785942
2026-08-24_12-23-14-416053_earlyRefresh,earlyRefresh,high-skew-zipf,1787574214.416000,19.999947,cache_hit_ratio_l2,all,0.16461646764709706
2026-08-24_12-23-14-416053_earlyRefresh,earlyRefresh,high-skew-zipf,1787574215.416000,20.999947,cache_hit_ratio_l2,all,0.15946209309468676
2026-08-24_12-23-14-416053_earlyRefresh,earlyRefresh,high-skew-zipf,1787574216.416000,21.999947,cache_hit_ratio_l2,all,0.1474466221911741
2026-08-24_12-23-14-416053_earlyRefresh,earlyRefresh,high-skew-zipf,1787574217.416000,22.999947,cache_hit_ratio_l2,all,0.14511661886707625
2026-08-24_12-23-14-416053_earlyRefresh,earlyRefresh,high-skew-zipf,1787574218.416000,23.999947,cache_hit_ratio_l2,all,0.1412284718349003
2026-08-24_12-23-14-416053_earlyRefresh,earlyRefresh,high-skew-zipf,1787574219.416000,24.999947,cache_hit_ratio_l2,all,0.14102698631335928
2026-08-24_12-23-14-416053_earlyRefresh,earlyRefresh,high-skew-zipf,1787574220.416000,25.999947,cache_hit_ratio_l2,all,0.14245235834124723
2026-08-24_12-23-14-416053_earlyRefresh,earlyRefresh,high-skew-zipf,1787574221.416000,26.999947,cache_hit_ratio_l2,all,0.15099873368858424
2026-08-24_12-23-14-416053_earlyRefresh,earlyRefresh,high-skew-zipf,1787574222.416000,27.999947,cache_hit_ratio_l2,all,0.15669658143403767
2026-08-24_12-23-14-416053_earlyRefresh,earlyRefresh,high-skew-zipf,1787574223.416000,28.999947,cache_hit_ratio_l2,all,0.1524216524216524
2026-08-24_12-23-14-416053_earlyRefresh,earlyRefresh,high-skew-zipf,1787574224.416000,29.999947,cache_hit_ratio_l2,all,0.15669515669515668
2026-08-24_12-23-14-416053_earlyRefresh,earlyRefresh,high-skew-zipf,1787574225.416000,30.999947,cache_hit_ratio_l2,all,0.1538453623245533
2026-08-24_12-23-14-416053_earlyRefresh,earlyRefresh,high-skew-zipf,1787574226.416000,31.999947,cache_hit_ratio_l2,all,0.15811926240283372
2026-08-24_12-23-14-416053_earlyRefresh,earlyRefresh,high-skew-zipf,1787574227.416000,32.999947,cache_hit_ratio_l2,all,0.16239316239316237
2026-08-24_12-23-14-416053_earlyRefresh,earlyRefresh,high-skew-zipf,1787574228.416000,33.999947,cache_hit_ratio_l2,all,0.17236475151683242
2026-08-24_12-23-14-416053_earlyRefresh,earlyRefresh,high-skew-zipf,1787574229.416000,34.999947,cache_hit_ratio_l2,all,0.17236475151683242
2026-08-24_12-23-14-416053_earlyRefresh,earlyRefresh,high-skew-zipf,1787574230.416000,35.999947,cache_hit_ratio_l2,all,0.16666722079336693
2026-08-24_12-23-14-416053_earlyRefresh,earlyRefresh,high-skew-zipf,1787574231.416000,36.999947,cache_hit_ratio_l2,all,0.15811965811965814
2026-08-24_12-23-14-416053_earlyRefresh,earlyRefresh,high-skew-zipf,1787574232.416000,37.999947,cache_hit_ratio_l2,all,0.1581198955233731
2026-08-24_12-23-14-416053_earlyRefresh,earlyRefresh,high-skew-zipf,1787574233.416000,38.999947,cache_hit_ratio_l2,all,0.15242157327828754
2026-08-24_12-23-14-416053_earlyRefresh,earlyRefresh,high-skew-zipf,1787574234.416000,39.999947,cache_hit_ratio_l2,all,0.15242188982536742
2026-08-24_12-23-14-416053_earlyRefresh,earlyRefresh,high-skew-zipf,1787574235.416000,40.999947,cache_hit_ratio_l2,all,0.14245014245014245
2026-08-24_12-23-14-416053_earlyRefresh,earlyRefresh,high-skew-zipf,1787574236.416000,41.999947,cache_hit_ratio_l2,all,0.12820528649185797
2026-08-24_12-23-14-416053_earlyRefresh,earlyRefresh,high-skew-zipf,1787574237.416000,42.999947,cache_hit_ratio_l2,all,0.12535612535612536
2026-08-24_12-23-14-416053_earlyRefresh,earlyRefresh,high-skew-zipf,1787574238.416000,43.999947,cache_hit_ratio_l2,all,0.1210826210826211
2026-08-24_12-23-14-416053_earlyRefresh,earlyRefresh,high-skew-zipf,1787574239.416000,44.999947,cache_hit_ratio_l2,all,0.12250712250712252
2026-08-24_12-23-14-416053_earlyRefresh,earlyRefresh,high-skew-zipf,1787574240.416000,45.999947,cache_hit_ratio_l2,all,0.11538485278833038
2026-08-24_12-23-14-416053_earlyRefresh,earlyRefresh,high-skew-zipf,1787574241.416000,46.999947,cache_hit_ratio_l2,all,0.10826210826210829
2026-08-24_12-23-14-416053_earlyRefresh,earlyRefresh,high-skew-zipf,1787574242.416000,47.999947,cache_hit_ratio_l2,all,0.10256410256410256
2026-08-24_12-23-14-416053_earlyRefresh,earlyRefresh,high-skew-zipf,1787574243.416000,48.999947,cache_hit_ratio_l2,all,0.10398915799215816
2026-08-24_12-23-14-416053_earlyRefresh,earlyRefresh,high-skew-zipf,1787574244.416000,49.999947,cache_hit_ratio_l2,all,0.11111111111111113
2026-08-24_12-23-14-416053_earlyRefresh,earlyRefresh,high-skew-zipf,1787574245.416000,50.999947,cache_hit_ratio_l2,all,0.12108301675547939
2026-08-24_12-23-14-416053_earlyRefresh,earlyRefresh,high-skew-zipf,1787574246.416000,51.999947,cache_hit_ratio_l2,all,0.11253569167897742
2026-08-24_12-23-14-416053_earlyRefresh,earlyRefresh,high-skew-zipf,1787574247.416000,52.999947,cache_hit_ratio_l2,all,0.11111111111111113
2026-08-24_12-23-14-416053_earlyRefresh,earlyRefresh,high-skew-zipf,1787574248.416000,53.999947,cache_hit_ratio_l2,all,0.103988603988604
2026-08-24_12-23-14-416053_earlyRefresh,earlyRefresh,high-skew-zipf,1787574249.416000,54.999947,cache_hit_ratio_l2,all,0.11823361823361825
2026-08-24_12-23-14-416053_earlyRefresh,earlyRefresh,high-skew-zipf,1787574250.416000,55.999947,cache_hit_ratio_l2,all,0.12250712250712249
2026-08-24_12-23-14-416053_earlyRefresh,earlyRefresh,high-skew-zipf,1787574251.416000,56.999947,cache_hit_ratio_l2,all,0.1282051282051282
2026-08-24_12-23-14-416053_earlyRefresh,earlyRefresh,high-skew-zipf,1787574252.416000,57.999947,cache_hit_ratio_l2,all,0.1282056031180885
2026-08-24_12-23-14-416053_earlyRefresh,earlyRefresh,high-skew-zipf,1787574253.416000,58.999947,cache_hit_ratio_l2,all,0.12393162393162394
2026-08-24_12-23-14-416053_earlyRefresh,earlyRefresh,high-skew-zipf,1787574254.416000,59.999947,cache_hit_ratio_l2,all,0.13105413105413105
2026-08-24_12-23-14-416053_earlyRefresh,earlyRefresh,high-skew-zipf,1787574255.416000,60.999947,cache_hit_ratio_l2,all,0.13675150357003896
2026-08-24_12-23-14-416053_earlyRefresh,earlyRefresh,high-skew-zipf,1787574256.416000,61.999947,cache_hit_ratio_l2,all,0.1396011396011396
2026-08-24_12-23-14-416053_earlyRefresh,earlyRefresh,high-skew-zipf,1787574257.416000,62.999947,cache_hit_ratio_l2,all,0.14957264957264957
2026-08-24_12-23-14-416053_earlyRefresh,earlyRefresh,high-skew-zipf,1787574258.416000,63.999947,cache_hit_ratio_l2,all,0.1424495091976755
2026-08-24_12-23-14-416053_earlyRefresh,earlyRefresh,high-skew-zipf,1787574259.416000,64.999947,cache_hit_ratio_l2,all,0.14672364672364674
2026-08-24_12-23-14-416053_earlyRefresh,earlyRefresh,high-skew-zipf,1787574260.416000,65.999947,cache_hit_ratio_l2,all,0.14957264957264957
2026-08-24_12-23-14-416053_earlyRefresh,earlyRefresh,high-skew-zipf,1787574261.416000,66.999947,cache_hit_ratio_l2,all,0.14814814814814817
2026-08-24_12-23-14-416053_earlyRefresh,earlyRefresh,high-skew-zipf,1787574262.416000,67.999947,cache_hit_ratio_l2,all,0.1467236467236467
2026-08-24_12-23-14-416053_earlyRefresh,earlyRefresh,high-skew-zipf,1787574263.416000,68.999947,cache_hit_ratio_l2,all,0.14814814814814814
2026-08-24_12-23-14-416053_earlyRefresh,earlyRefresh,high-skew-zipf,1787574264.416000,69.999947,cache_hit_ratio_l2,all,0.14672340929355207
2026-08-24_12-23-14-416053_earlyRefresh,earlyRefresh,high-skew-zipf,1787574265.416000,70.999947,cache_hit_ratio_l2,all,0.14957272870722121
2026-08-24_12-23-14-416053_earlyRefresh,earlyRefresh,high-skew-zipf,1787574266.416000,71.999947,cache_hit_ratio_l2,all,0.1481479898614184
2026-08-24_12-23-14-416053_earlyRefresh,earlyRefresh,high-skew-zipf,1787574267.416000,72.999947,cache_hit_ratio_l2,all,0.15242181069958846
2026-08-24_12-23-14-416053_earlyRefresh,earlyRefresh,high-skew-zipf,1787574268.416000,73.999947,cache_hit_ratio_l2,all,0.15242204809451074
2026-08-24_12-23-14-416053_earlyRefresh,earlyRefresh,high-skew-zipf,1787574269.416000,74.999947,cache_hit_ratio_l2,all,0.14245045898842912
2026-08-24_12-23-14-416053_earlyRefresh,earlyRefresh,high-skew-zipf,1787574270.416000,75.999947,cache_hit_ratio_l2,all,0.1467238841273617
2026-08-24_12-23-14-416053_earlyRefresh,earlyRefresh,high-skew-zipf,1787574271.416000,76.999947,cache_hit_ratio_l2,all,0.14672404239650505
2026-08-24_12-23-14-416053_earlyRefresh,earlyRefresh,high-skew-zipf,1787574272.416000,77.999947,cache_hit_ratio_l2,all,0.14102564102564102
2026-08-24_12-23-14-416053_earlyRefresh,earlyRefresh,high-skew-zipf,1787574273.416000,78.999947,cache_hit_ratio_l2,all,0.13675213675213677
2026-08-24_12-23-14-416053_earlyRefresh,earlyRefresh,high-skew-zipf,1787574274.416000,79.999947,cache_hit_ratio_l2,all,0.14387464387464385
2026-08-24_12-23-14-416053_earlyRefresh,earlyRefresh,high-skew-zipf,1787574275.416000,80.999947,cache_hit_ratio_l2,all,0.1495726495726496
2026-08-24_12-23-14-416053_earlyRefresh,earlyRefresh,high-skew-zipf,1787574276.416000,81.999947,cache_hit_ratio_l2,all,0.14814814814814817
2026-08-24_12-23-14-416053_earlyRefresh,earlyRefresh,high-skew-zipf,1787574277.416000,82.999947,cache_hit_ratio_l2,all,0.14814814814814817
2026-08-24_12-23-14-416053_earlyRefresh,earlyRefresh,high-skew-zipf,1787574278.416000,83.999947,cache_hit_ratio_l2,all,0.1566951566951567
2026-08-24_12-23-14-416053_earlyRefresh,earlyRefresh,high-skew-zipf,1787574279.416000,84.999947,cache_hit_ratio_l2,all,0.15527120927420945
2026-08-24_12-23-14-416053_earlyRefresh,earlyRefresh,high-skew-zipf,1787574280.416000,85.999947,cache_hit_ratio_l2,all,0.15954542576764796
2026-08-24_12-23-14-416053_earlyRefresh,earlyRefresh,high-skew-zipf,1787574281.416000,86.999947,cache_hit_ratio_l2,all,0.16381805953448825
2026-08-24_12-23-14-416053_earlyRefresh,earlyRefresh,high-skew-zipf,1787574282.416000,87.999947,cache_hit_ratio_l2,all,0.17378901548485365
2026-08-24_12-23-14-416053_earlyRefresh,earlyRefresh,high-skew-zipf,1787574283.416000,88.999947,cache_hit_ratio_l2,all,0.16951543203279798
2026-08-24_12-23-14-416053_earlyRefresh,earlyRefresh,high-skew-zipf,1787574284.416000,89.999947,cache_hit_ratio_l2,all,0.16239268748020205
2026-08-24_12-23-14-416053_earlyRefresh,earlyRefresh,high-skew-zipf,1787574285.416000,90.999947,cache_hit_ratio_l2,all,0.16239316239316237
2026-08-24_12-23-14-416053_earlyRefresh,earlyRefresh,high-skew-zipf,1787574286.416000,91.999947,cache_hit_ratio_l2,all,0.15954415954415954
2026-08-24_12-23-14-416053_earlyRefresh,earlyRefresh,high-skew-zipf,1787574287.416000,92.999947,cache_hit_ratio_l2,all,0.159543368022559
2026-08-24_12-23-14-416053_earlyRefresh,earlyRefresh,high-skew-zipf,1787574288.416000,93.999947,cache_hit_ratio_l2,all,0.15954415954415954
2026-08-24_12-23-14-416053_earlyRefresh,earlyRefresh,high-skew-zipf,1787574289.416000,94.999947,cache_hit_ratio_l2,all,0.16096921503378134
2026-08-24_12-23-14-416053_earlyRefresh,earlyRefresh,high-skew-zipf,1787574290.416000,95.999947,cache_hit_ratio_l2,all,0.15384615384615385
2026-08-24_12-23-14-416053_earlyRefresh,earlyRefresh,high-skew-zipf,1787574291.416000,96.999947,cache_hit_ratio_l2,all,0.150997150997151
2026-08-24_12-23-14-416053_earlyRefresh,earlyRefresh,high-skew-zipf,1787574292.416000,97.999947,cache_hit_ratio_l2,all,0.1396011396011396
2026-08-24_12-23-14-416053_earlyRefresh,earlyRefresh,high-skew-zipf,1787574293.416000,98.999947,cache_hit_ratio_l2,all,0.14672364672364674
2026-08-24_12-23-14-416053_earlyRefresh,earlyRefresh,high-skew-zipf,1787574294.416000,99.999947,cache_hit_ratio_l2,all,0.15099635956350219
2026-08-24_12-23-14-416053_earlyRefresh,earlyRefresh,high-skew-zipf,1787574295.416000,100.999947,cache_hit_ratio_l2,all,0.14245014245014248
2026-08-24_12-23-14-416053_earlyRefresh,earlyRefresh,high-skew-zipf,1787574296.416000,101.999947,cache_hit_ratio_l2,all,0.15099699271042125
2026-08-24_12-23-14-416053_earlyRefresh,earlyRefresh,high-skew-zipf,1787574297.416000,102.999947,cache_hit_ratio_l2,all,0.15242165242165243
2026-08-24_12-23-14-416053_earlyRefresh,earlyRefresh,high-skew-zipf,1787574298.416000,103.999947,cache_hit_ratio_l2,all,0.14387464387464388
2026-08-24_12-23-14-416053_earlyRefresh,earlyRefresh,high-skew-zipf,1787574299.416000,104.999947,cache_hit_ratio_l2,all,0.15242188985174707
2026-08-24_12-23-14-416053_earlyRefresh,earlyRefresh,high-skew-zipf,1787574300.416000,105.999947,cache_hit_ratio_l2,all,0.15384615384615385
2026-08-24_12-23-14-416053_earlyRefresh,earlyRefresh,high-skew-zipf,1787574301.416000,106.999947,cache_hit_ratio_l2,all,0.160968660968661
2026-08-24_12-23-14-416053_earlyRefresh,earlyRefresh,high-skew-zipf,1787574302.416000,107.999947,cache_hit_ratio_l2,all,0.1623931623931624
2026-08-24_12-23-14-416053_earlyRefresh,earlyRefresh,high-skew-zipf,1787574303.416000,108.999947,cache_hit_ratio_l2,all,0.15954415954415954
2026-08-24_12-23-14-416053_earlyRefresh,earlyRefresh,high-skew-zipf,1787574304.416000,109.999947,cache_hit_ratio_l2,all,0.1723646723646724
2026-08-24_12-23-14-416053_earlyRefresh,earlyRefresh,high-skew-zipf,1787574305.416000,110.999947,cache_hit_ratio_l2,all,0.17236506803753066
2026-08-24_12-23-14-416053_earlyRefresh,earlyRefresh,high-skew-zipf,1787574306.416000,111.999947,cache_hit_ratio_l2,all,0.1723646723646724
2026-08-24_12-23-14-416053_earlyRefresh,earlyRefresh,high-skew-zipf,1787574307.416000,112.999947,cache_hit_ratio_l2,all,0.1752132794968508
2026-08-24_12-23-14-416053_earlyRefresh,earlyRefresh,high-skew-zipf,1787574308.416000,113.999947,cache_hit_ratio_l2,all,0.1794871794871795
2026-08-24_12-23-14-416053_earlyRefresh,earlyRefresh,high-skew-zipf,1787574309.416000,114.999947,cache_hit_ratio_l2,all,0.18376068376068377
2026-08-24_12-23-14-416053_earlyRefresh,earlyRefresh,high-skew-zipf,1787574310.416000,115.999947,cache_hit_ratio_l2,all,0.18376068376068377
2026-08-24_12-23-14-416053_earlyRefresh,earlyRefresh,high-skew-zipf,1787574311.416000,116.999947,cache_hit_ratio_l2,all,0.17093937950652213
2026-08-24_12-23-14-416053_earlyRefresh,earlyRefresh,high-skew-zipf,1787574312.416000,117.999947,cache_hit_ratio_l2,all,0.1652413737205647
2026-08-24_12-23-14-416053_earlyRefresh,earlyRefresh,high-skew-zipf,1787574313.416000,118.999947,cache_hit_ratio_l2,all,0.1609685818165009
2026-08-24_12-23-14-416053_earlyRefresh,earlyRefresh,high-skew-zipf,1787574314.416000,119.999947,cache_hit_ratio_l2,all,0.15527065527065528
2026-08-24_12-23-14-416053_earlyRefresh,earlyRefresh,high-skew-zipf,1787574315.416000,120.999947,cache_hit_ratio_l2,all,0.15384615384615385
2026-08-24_12-23-14-416053_earlyRefresh,earlyRefresh,high-skew-zipf,1787574316.416000,121.999947,cache_hit_ratio_l2,all,0.1524216524216524
2026-08-24_12-23-14-416053_earlyRefresh,earlyRefresh,high-skew-zipf,1787574317.416000,122.999947,cache_hit_ratio_l2,all,0.14102564102564102
2026-08-24_12-23-14-416053_earlyRefresh,earlyRefresh,high-skew-zipf,1787574318.416000,123.999947,cache_hit_ratio_l2,all,0.13817750885039876
2026-08-24_12-23-14-416053_earlyRefresh,earlyRefresh,high-skew-zipf,1787574319.416000,124.999947,cache_hit_ratio_l2,all,0.13532763532763534
2026-08-24_12-23-14-416053_earlyRefresh,earlyRefresh,high-skew-zipf,1787574320.416000,125.999947,cache_hit_ratio_l2,all,0.14244903431990166
2026-08-24_12-23-14-416053_earlyRefresh,earlyRefresh,high-skew-zipf,1787574321.416000,126.999947,cache_hit_ratio_l2,all,0.14387464387464388
2026-08-24_12-23-14-416053_earlyRefresh,earlyRefresh,high-skew-zipf,1787574322.416000,127.999947,cache_hit_ratio_l2,all,0.14387464387464388
2026-08-24_12-23-14-416053_earlyRefresh,earlyRefresh,high-skew-zipf,1787574323.416000,128.999947,cache_hit_ratio_l2,all,0.15527065527065528
2026-08-24_12-23-14-416053_earlyRefresh,earlyRefresh,high-skew-zipf,1787574324.416000,129.999947,cache_hit_ratio_l2,all,0.14814814814814817
2026-08-24_12-23-14-416053_earlyRefresh,earlyRefresh,high-skew-zipf,1787574325.416000,130.999947,cache_hit_ratio_l2,all,0.15384615384615385
2026-08-24_12-23-14-416053_earlyRefresh,earlyRefresh,high-skew-zipf,1787574326.416000,131.999947,cache_hit_ratio_l2,all,0.15526923076923074
2026-08-24_12-23-14-416053_earlyRefresh,earlyRefresh,high-skew-zipf,1787574327.416000,132.999947,cache_hit_ratio_l2,all,0.14814767334071816
2026-08-24_12-23-14-416053_earlyRefresh,earlyRefresh,high-skew-zipf,1787574328.416000,133.999947,cache_hit_ratio_l2,all,0.1538466287063431
2026-08-24_12-23-14-416053_earlyRefresh,earlyRefresh,high-skew-zipf,1787574329.416000,134.999947,cache_hit_ratio_l2,all,0.15527065527065528
2026-08-24_12-23-14-416053_earlyRefresh,earlyRefresh,high-skew-zipf,1787574330.416000,135.999947,cache_hit_ratio_l2,all,0.15811965811965814
2026-08-24_12-23-14-416053_earlyRefresh,earlyRefresh,high-skew-zipf,1787574331.416000,136.999947,cache_hit_ratio_l2,all,0.15099746753543764
2026-08-24_12-23-14-416053_earlyRefresh,earlyRefresh,high-skew-zipf,1787574332.416000,137.999947,cache_hit_ratio_l2,all,0.13532755618427045
2026-08-24_12-23-14-416053_earlyRefresh,earlyRefresh,high-skew-zipf,1787574333.416000,138.999947,cache_hit_ratio_l2,all,0.14387472301800877
2026-08-24_12-23-14-416053_earlyRefresh,earlyRefresh,high-skew-zipf,1787574334.416000,139.999947,cache_hit_ratio_l2,all,0.13247871162199737
2026-08-24_12-23-14-416053_earlyRefresh,earlyRefresh,high-skew-zipf,1787574335.416000,140.999947,cache_hit_ratio_l2,all,0.1282051282051282
2026-08-24_12-23-14-416053_earlyRefresh,earlyRefresh,high-skew-zipf,1787574336.416000,141.999947,cache_hit_ratio_l2,all,0.1339031339031339
2026-08-24_12-23-14-416053_earlyRefresh,earlyRefresh,high-skew-zipf,1787574337.416000,142.999947,cache_hit_ratio_l2,all,0.1339037670148781
2026-08-24_12-23-14-416053_earlyRefresh,earlyRefresh,high-skew-zipf,1787574338.416000,143.999947,cache_hit_ratio_l2,all,0.13105413105413105
2026-08-24_12-23-14-416053_earlyRefresh,earlyRefresh,high-skew-zipf,1787574339.416000,144.999947,cache_hit_ratio_l2,all,0.13532763532763534
2026-08-24_12-23-14-416053_earlyRefresh,earlyRefresh,high-skew-zipf,1787574340.416000,145.999947,cache_hit_ratio_l2,all,0.13390297561640416
2026-08-24_12-23-14-416053_earlyRefresh,earlyRefresh,high-skew-zipf,1787574341.416000,146.999947,cache_hit_ratio_l2,all,0.13247863247863248
2026-08-24_12-23-14-416053_earlyRefresh,earlyRefresh,high-skew-zipf,1787574342.416000,147.999947,cache_hit_ratio_l2,all,0.1267808642107214
2026-08-24_12-23-14-416053_earlyRefresh,earlyRefresh,high-skew-zipf,1787574343.416000,148.999947,cache_hit_ratio_l2,all,0.1339031339031339
2026-08-24_12-23-14-416053_earlyRefresh,earlyRefresh,high-skew-zipf,1787574344.416000,149.999947,cache_hit_ratio_l2,all,0.12962970878178967
2026-08-24_12-23-14-416053_earlyRefresh,earlyRefresh,high-skew-zipf,1787574345.416000,150.999947,cache_hit_ratio_l2,all,0.12962955047746957
2026-08-24_12-23-14-416053_earlyRefresh,earlyRefresh,high-skew-zipf,1787574346.416000,151.999947,cache_hit_ratio_l2,all,0.12535660026908568
2026-08-24_12-23-14-416053_earlyRefresh,earlyRefresh,high-skew-zipf,1787574347.416000,152.999947,cache_hit_ratio_l2,all,0.12535660021631465
2026-08-24_12-23-14-416053_earlyRefresh,earlyRefresh,high-skew-zipf,1787574348.416000,153.999947,cache_hit_ratio_l2,all,0.10826210826210826
2026-08-24_12-23-14-416053_earlyRefresh,earlyRefresh,high-skew-zipf,1787574349.416000,154.999947,cache_hit_ratio_l2,all,0.11253561253561253
2026-08-24_12-23-14-416053_earlyRefresh,earlyRefresh,high-skew-zipf,1787574350.416000,155.999947,cache_hit_ratio_l2,all,0.11538540686223762
2026-08-24_12-23-14-416053_earlyRefresh,earlyRefresh,high-skew-zipf,1787574351.416000,156.999947,cache_hit_ratio_l2,all,0.1239326527953674
2026-08-24_12-23-14-416053_earlyRefresh,earlyRefresh,high-skew-zipf,1787574352.416000,157.999947,cache_hit_ratio_l2,all,0.1239305951821923
2026-08-24_12-23-14-416053_earlyRefresh,earlyRefresh,high-skew-zipf,1787574353.416000,158.999947,cache_hit_ratio_l2,all,0.13105413105413108
2026-08-24_12-23-14-416053_earlyRefresh,earlyRefresh,high-skew-zipf,1787574354.416000,159.999947,cache_hit_ratio_l2,all,0.1296309750668326
2026-08-24_12-23-14-416053_earlyRefresh,earlyRefresh,high-skew-zipf,1787574355.416000,160.999947,cache_hit_ratio_l2,all,0.1396011396011396
2026-08-24_12-23-14-416053_earlyRefresh,earlyRefresh,high-skew-zipf,1787574356.416000,161.999947,cache_hit_ratio_l2,all,0.139602880755167
2026-08-24_12-23-14-416053_earlyRefresh,earlyRefresh,high-skew-zipf,1787574357.416000,162.999947,cache_hit_ratio_l2,all,0.15811783782226585
2026-08-24_12-23-14-416053_earlyRefresh,earlyRefresh,high-skew-zipf,1787574358.416000,163.999947,cache_hit_ratio_l2,all,0.16097016452552257
2026-08-24_12-23-14-416053_earlyRefresh,earlyRefresh,high-skew-zipf,1787574359.416000,164.999947,cache_hit_ratio_l2,all,0.1581184709691849
2026-08-24_12-23-14-416053_earlyRefresh,earlyRefresh,high-skew-zipf,1787574360.416000,165.999947,cache_hit_ratio_l2,all,0.155269784790367
2026-08-24_12-23-14-416053_earlyRefresh,earlyRefresh,high-skew-zipf,1787574361.416000,166.999947,cache_hit_ratio_l2,all,0.15527065527065526
2026-08-24_12-23-14-416053_earlyRefresh,earlyRefresh,high-skew-zipf,1787574362.416000,167.999947,cache_hit_ratio_l2,all,0.15242078194136413
2026-08-24_12-23-14-416053_earlyRefresh,earlyRefresh,high-skew-zipf,1787574363.416000,168.999947,cache_hit_ratio_l2,all,0.15669373227286676
2026-08-24_12-23-14-416053_earlyRefresh,earlyRefresh,high-skew-zipf,1787574364.416000,169.999947,cache_hit_ratio_l2,all,0.15669373227286676
2026-08-24_12-23-14-416053_earlyRefresh,earlyRefresh,high-skew-zipf,1787574365.416000,170.999947,cache_hit_ratio_l2,all,0.16239173797087247
2026-08-24_12-23-14-416053_earlyRefresh,earlyRefresh,high-skew-zipf,1787574366.416000,171.999947,cache_hit_ratio_l2,all,0.15669658111744664
2026-08-24_12-23-14-416053_earlyRefresh,earlyRefresh,high-skew-zipf,1787574367.416000,172.999947,cache_hit_ratio_l2,all,0.16809116809116809
2026-08-24_12-23-14-416053_earlyRefresh,earlyRefresh,high-skew-zipf,1787574368.416000,173.999947,cache_hit_ratio_l2,all,0.1723646723646724
2026-08-24_12-23-14-416053_earlyRefresh,earlyRefresh,high-skew-zipf,1787574369.416000,174.999947,cache_hit_ratio_l2,all,0.1680927509584657
2026-08-24_12-23-14-416053_earlyRefresh,earlyRefresh,high-skew-zipf,1787574370.416000,175.999947,cache_hit_ratio_l2,all,0.16381766381766383
2026-08-24_12-23-14-416053_earlyRefresh,earlyRefresh,high-skew-zipf,1787574371.416000,176.999947,cache_hit_ratio_l2,all,0.1737907566564714
2026-08-24_12-23-14-416053_earlyRefresh,earlyRefresh,high-skew-zipf,1787574372.416000,177.999947,cache_hit_ratio_l2,all,0.1638176638176638
2026-08-24_12-23-14-416053_earlyRefresh,earlyRefresh,high-skew-zipf,1787574373.416000,178.999947,cache_hit_ratio_l2,all,0.1638176638176638
2026-08-24_12-23-14-416053_earlyRefresh,earlyRefresh,high-skew-zipf,1787574374.416000,179.999947,cache_hit_ratio_l2,all,0.1581198955761383
2026-08-24_12-23-14-416053_earlyRefresh,earlyRefresh,high-skew-zipf,1787574375.416000,180.999947,cache_hit_ratio_l2,all,0.15527065527065526
2026-08-24_12-23-14-416053_earlyRefresh,earlyRefresh,high-skew-zipf,1787574376.416000,181.999947,cache_hit_ratio_l2,all,0.14102564102564105
2026-08-24_12-23-14-416053_earlyRefresh,earlyRefresh,high-skew-zipf,1787574377.416000,182.999947,cache_hit_ratio_l2,all,0.14102564102564102
2026-08-24_12-23-14-416053_earlyRefresh,earlyRefresh,high-skew-zipf,1787574378.416000,183.999947,cache_hit_ratio_l2,all,0.13960050638385915
2026-08-24_12-23-14-416053_earlyRefresh,earlyRefresh,high-skew-zipf,1787574379.416000,184.999947,cache_hit_ratio_l2,all,0.15242188987813257
2026-08-24_12-23-14-416053_earlyRefresh,earlyRefresh,high-skew-zipf,1787574380.416000,185.999947,cache_hit_ratio_l2,all,0.1467237258758068
2026-08-24_12-23-14-416053_earlyRefresh,earlyRefresh,high-skew-zipf,1787574381.416000,186.999947,cache_hit_ratio_l2,all,0.15242125674879412
2026-08-24_12-23-14-416053_earlyRefresh,earlyRefresh,high-skew-zipf,1787574382.416000,187.999947,cache_hit_ratio_l2,all,0.1424504589884291
2026-08-24_12-23-14-416053_earlyRefresh,earlyRefresh,high-skew-zipf,1787574383.416000,188.999947,cache_hit_ratio_l2,all,0.14672364672364674
2026-08-24_12-23-14-416053_earlyRefresh,earlyRefresh,high-skew-zipf,1787574384.416000,189.999947,cache_hit_ratio_l2,all,0.14102564102564102
2026-08-24_12-23-14-416053_earlyRefresh,earlyRefresh,high-skew-zipf,1787574385.416000,190.999947,cache_hit_ratio_l2,all,0.13817687560673284
2026-08-24_12-23-14-416053_earlyRefresh,earlyRefresh,high-skew-zipf,1787574386.416000,191.999947,cache_hit_ratio_l2,all,0.13817703389346256
2026-08-24_12-23-14-416053_earlyRefresh,earlyRefresh,high-skew-zipf,1787574387.416000,192.999947,cache_hit_ratio_l2,all,0.14387321937321937
2026-08-24_12-23-14-416053_earlyRefresh,earlyRefresh,high-skew-zipf,1787574388.416000,193.999947,cache_hit_ratio_l2,all,0.13390265904294463
2026-08-24_12-23-14-416053_earlyRefresh,earlyRefresh,high-skew-zipf,1787574389.416000,194.999947,cache_hit_ratio_l2,all,0.13960193094685625
2026-08-24_12-23-14-416053_earlyRefresh,earlyRefresh,high-skew-zipf,1787574390.416000,195.999947,cache_hit_ratio_l2,all,0.14102564102564102
2026-08-24_12-23-14-416053_earlyRefresh,earlyRefresh,high-skew-zipf,1787574391.416000,196.999947,cache_hit_ratio_l2,all,0.1452991452991453
2026-08-24_12-23-14-416053_earlyRefresh,earlyRefresh,high-skew-zipf,1787574392.416000,197.999947,cache_hit_ratio_l2,all,0.1396011396011396
2026-08-24_12-23-14-416053_earlyRefresh,earlyRefresh,high-skew-zipf,1787574393.416000,198.999947,cache_hit_ratio_l2,all,0.14814830641729146
2026-08-24_12-23-14-416053_earlyRefresh,earlyRefresh,high-skew-zipf,1787574394.416000,199.999947,cache_hit_ratio_l2,all,0.16096889837237593
2026-08-24_12-23-14-416053_earlyRefresh,earlyRefresh,high-skew-zipf,1787574395.416000,200.999947,cache_hit_ratio_l2,all,0.16239332066230572
2026-08-24_12-23-14-416053_earlyRefresh,earlyRefresh,high-skew-zipf,1787574396.416000,201.999947,cache_hit_ratio_l2,all,0.1638174264139488
2026-08-24_12-23-14-416053_earlyRefresh,earlyRefresh,high-skew-zipf,1787574397.416000,202.999947,cache_hit_ratio_l2,all,0.168090851535296
2026-08-24_12-23-14-416053_earlyRefresh,earlyRefresh,high-skew-zipf,1787574398.416000,203.999947,cache_hit_ratio_l2,all,0.15954447611761907
2026-08-24_12-23-14-416053_earlyRefresh,earlyRefresh,high-skew-zipf,1787574399.416000,204.999947,cache_hit_ratio_l2,all,0.15527025955383086
2026-08-24_12-23-14-416053_earlyRefresh,earlyRefresh,high-skew-zipf,1787574400.416000,205.999947,cache_hit_ratio_l2,all,0.14957272870722124
2026-08-24_12-23-14-416053_earlyRefresh,earlyRefresh,high-skew-zipf,1787574401.416000,206.999947,cache_hit_ratio_l2,all,0.14814846472160767
2026-08-24_12-23-14-416053_earlyRefresh,earlyRefresh,high-skew-zipf,1787574402.416000,207.999947,cache_hit_ratio_l2,all,0.1438744064181637
2026-08-24_12-23-14-416053_earlyRefresh,earlyRefresh,high-skew-zipf,1787574403.416000,208.999947,cache_hit_ratio_l2,all,0.13675213675213674
2026-08-24_12-23-14-416053_earlyRefresh,earlyRefresh,high-skew-zipf,1787574404.416000,209.999947,cache_hit_ratio_l2,all,0.13390297559881378
2026-08-24_12-23-14-416053_earlyRefresh,earlyRefresh,high-skew-zipf,1787574405.416000,210.999947,cache_hit_ratio_l2,all,0.1282049699008081
2026-08-24_12-23-14-416053_earlyRefresh,earlyRefresh,high-skew-zipf,1787574406.416000,211.999947,cache_hit_ratio_l2,all,0.13675213675213677
2026-08-24_12-23-14-416053_earlyRefresh,earlyRefresh,high-skew-zipf,1787574407.416000,212.999947,cache_hit_ratio_l2,all,0.14387393150520336
2026-08-24_12-23-14-416053_earlyRefresh,earlyRefresh,high-skew-zipf,1787574408.416000,213.999947,cache_hit_ratio_l2,all,0.15242165242165243
2026-08-24_12-23-14-416053_earlyRefresh,earlyRefresh,high-skew-zipf,1787574409.416000,214.999947,cache_hit_ratio_l2,all,0.15669420686923602
2026-08-24_12-23-14-416053_earlyRefresh,earlyRefresh,high-skew-zipf,1787574410.416000,215.999947,cache_hit_ratio_l2,all,0.150997150997151
2026-08-24_12-23-14-416053_earlyRefresh,earlyRefresh,high-skew-zipf,1787574411.416000,216.999947,cache_hit_ratio_l2,all,0.1566923076923077
2026-08-24_12-23-14-416053_earlyRefresh,earlyRefresh,high-skew-zipf,1787574412.416000,217.999947,cache_hit_ratio_l2,all,0.1623931623931624
2026-08-24_12-23-14-416053_earlyRefresh,earlyRefresh,high-skew-zipf,1787574413.416000,218.999947,cache_hit_ratio_l2,all,0.16381766381766383
2026-08-24_12-23-14-416053_earlyRefresh,earlyRefresh,high-skew-zipf,1787574414.416000,219.999947,cache_hit_ratio_l2,all,0.16524216524216526
2026-08-24_12-23-14-416053_earlyRefresh,earlyRefresh,high-skew-zipf,1787574415.416000,220.999947,cache_hit_ratio_l2,all,0.15954447610003164
2026-08-24_12-23-14-416053_earlyRefresh,earlyRefresh,high-skew-zipf,1787574416.416000,221.999947,cache_hit_ratio_l2,all,0.15811973725422976
2026-08-24_12-23-14-416053_earlyRefresh,earlyRefresh,high-skew-zipf,1787574417.416000,222.999947,cache_hit_ratio_l2,all,0.1481478315746886
2026-08-24_12-23-14-416053_earlyRefresh,earlyRefresh,high-skew-zipf,1787574418.416000,223.999947,cache_hit_ratio_l2,all,0.15241991136435581
2026-08-24_12-23-14-416053_earlyRefresh,earlyRefresh,high-skew-zipf,1787574419.416000,224.999947,cache_hit_ratio_l2,all,0.15954226020892684
2026-08-24_12-23-14-416053_earlyRefresh,earlyRefresh,high-skew-zipf,1787574420.416000,225.999947,cache_hit_ratio_l2,all,0.15526859765748655
2026-08-24_12-23-14-416053_earlyRefresh,earlyRefresh,high-skew-zipf,1787574421.416000,226.999947,cache_hit_ratio_l2,all,0.15242165242165243
2026-08-24_12-23-14-416053_earlyRefresh,earlyRefresh,high-skew-zipf,1787574422.416000,227.999947,cache_hit_ratio_l2,all,0.1566951566951567
2026-08-24_12-23-14-416053_earlyRefresh,earlyRefresh,high-skew-zipf,1787574423.416000,228.999947,cache_hit_ratio_l2,all,0.15242165242165243
2026-08-24_12-23-14-416053_earlyRefresh,earlyRefresh,high-skew-zipf,1787574424.416000,229.999947,cache_hit_ratio_l2,all,0.1467237258670116
2026-08-24_12-23-14-416053_earlyRefresh,earlyRefresh,high-skew-zipf,1787574425.416000,230.999947,cache_hit_ratio_l2,all,0.14672388415374138
2026-08-24_12-23-14-416053_earlyRefresh,earlyRefresh,high-skew-zipf,1787574426.416000,231.999947,cache_hit_ratio_l2,all,0.15242141501793743
2026-08-24_12-23-14-416053_earlyRefresh,earlyRefresh,high-skew-zipf,1787574427.416000,232.999947,cache_hit_ratio_l2,all,0.14814767328795886
2026-08-24_12-23-14-416053_earlyRefresh,earlyRefresh,high-skew-zipf,1787574428.416000,233.999947,cache_hit_ratio_l2,all,0.14672340929355207
2026-08-24_12-23-14-416053_earlyRefresh,earlyRefresh,high-skew-zipf,1787574429.416000,234.999947,cache_hit_ratio_l2,all,0.14245014245014245
2026-08-24_12-23-14-416053_earlyRefresh,earlyRefresh,high-skew-zipf,1787574430.416000,235.999947,cache_hit_ratio_l2,all,0.13532763532763534
2026-08-24_12-23-14-416053_earlyRefresh,earlyRefresh,high-skew-zipf,1787574431.416000,236.999947,cache_hit_ratio_l2,all,0.13247950295892078
2026-08-24_12-23-14-416053_earlyRefresh,earlyRefresh,high-skew-zipf,1787574432.416000,237.999947,cache_hit_ratio_l2,all,0.14245045905878265
2026-08-24_12-23-14-416053_earlyRefresh,earlyRefresh,high-skew-zipf,1787574433.416000,238.999947,cache_hit_ratio_l2,all,0.13675213675213677
2026-08-24_12-23-14-416053_earlyRefresh,earlyRefresh,high-skew-zipf,1787574434.416000,239.999947,cache_hit_ratio_l2,all,0.12962962962962962
2026-08-24_12-23-14-416053_earlyRefresh,earlyRefresh,high-skew-zipf,1787574194.416000,-0.000053,request_duration_p95,all,NaN
2026-08-24_12-23-14-416053_earlyRefresh,earlyRefresh,high-skew-zipf,1787574195.416000,0.999947,request_duration_p95,all,NaN
2026-08-24_12-23-14-416053_earlyRefresh,earlyRefresh,high-skew-zipf,1787574196.416000,1.999947,request_duration_p95,all,0.23874037731757564
2026-08-24_12-23-14-416053_earlyRefresh,earlyRefresh,high-skew-zipf,1787574197.416000,2.999947,request_duration_p95,all,0.236129026603698
2026-08-24_12-23-14-416053_earlyRefresh,earlyRefresh,high-skew-zipf,1787574198.416000,3.999947,request_duration_p95,all,0.23029340011394087
2026-08-24_12-23-14-416053_earlyRefresh,earlyRefresh,high-skew-zipf,1787574199.416000,4.999947,request_duration_p95,all,0.229128469569646
2026-08-24_12-23-14-416053_earlyRefresh,earlyRefresh,high-skew-zipf,1787574200.416000,5.999947,request_duration_p95,all,0.22678750302597167
2026-08-24_12-23-14-416053_earlyRefresh,earlyRefresh,high-skew-zipf,1787574201.416000,6.999947,request_duration_p95,all,0.2267768137378352
2026-08-24_12-23-14-416053_earlyRefresh,earlyRefresh,high-skew-zipf,1787574202.416000,7.999947,request_duration_p95,all,0.22922565885572746
2026-08-24_12-23-14-416053_earlyRefresh,earlyRefresh,high-skew-zipf,1787574203.416000,8.999947,request_duration_p95,all,0.2241741496874267
2026-08-24_12-23-14-416053_earlyRefresh,earlyRefresh,high-skew-zipf,1787574204.416000,9.999947,request_duration_p95,all,0.2199809815935343
2026-08-24_12-23-14-416053_earlyRefresh,earlyRefresh,high-skew-zipf,1787574205.416000,10.999947,request_duration_p95,all,0.2167871258028642
2026-08-24_12-23-14-416053_earlyRefresh,earlyRefresh,high-skew-zipf,1787574206.416000,11.999947,request_duration_p95,all,0.21228821707003823
2026-08-24_12-23-14-416053_earlyRefresh,earlyRefresh,high-skew-zipf,1787574207.416000,12.999947,request_duration_p95,all,0.20371768855639083
2026-08-24_12-23-14-416053_earlyRefresh,earlyRefresh,high-skew-zipf,1787574208.416000,13.999947,request_duration_p95,all,0.1903002140099872
2026-08-24_12-23-14-416053_earlyRefresh,earlyRefresh,high-skew-zipf,1787574209.416000,14.999947,request_duration_p95,all,0.17858695652173906
2026-08-24_12-23-14-416053_earlyRefresh,earlyRefresh,high-skew-zipf,1787574210.416000,15.999947,request_duration_p95,all,0.17125002717529128
2026-08-24_12-23-14-416053_earlyRefresh,earlyRefresh,high-skew-zipf,1787574211.416000,16.999947,request_duration_p95,all,0.18562486110339455
2026-08-24_12-23-14-416053_earlyRefresh,earlyRefresh,high-skew-zipf,1787574212.416000,17.999947,request_duration_p95,all,0.22321428571428573
2026-08-24_12-23-14-416053_earlyRefresh,earlyRefresh,high-skew-zipf,1787574213.416000,18.999947,request_duration_p95,all,0.22908653846153876
2026-08-24_12-23-14-416053_earlyRefresh,earlyRefresh,high-skew-zipf,1787574214.416000,19.999947,request_duration_p95,all,0.2344242653469406
2026-08-24_12-23-14-416053_earlyRefresh,earlyRefresh,high-skew-zipf,1787574215.416000,20.999947,request_duration_p95,all,0.23802520934693097
2026-08-24_12-23-14-416053_earlyRefresh,earlyRefresh,high-skew-zipf,1787574216.416000,21.999947,request_duration_p95,all,0.2366260781728555
2026-08-24_12-23-14-416053_earlyRefresh,earlyRefresh,high-skew-zipf,1787574217.416000,22.999947,request_duration_p95,all,0.23927030143374584
2026-08-24_12-23-14-416053_earlyRefresh,earlyRefresh,high-skew-zipf,1787574218.416000,23.999947,request_duration_p95,all,0.245000670153818
2026-08-24_12-23-14-416053_earlyRefresh,earlyRefresh,high-skew-zipf,1787574219.416000,24.999947,request_duration_p95,all,0.2445345987334069
2026-08-24_12-23-14-416053_earlyRefresh,earlyRefresh,high-skew-zipf,1787574220.416000,25.999947,request_duration_p95,all,0.2263762999903705
2026-08-24_12-23-14-416053_earlyRefresh,earlyRefresh,high-skew-zipf,1787574221.416000,26.999947,request_duration_p95,all,0.1921252073951174
2026-08-24_12-23-14-416053_earlyRefresh,earlyRefresh,high-skew-zipf,1787574222.416000,27.999947,request_duration_p95,all,0.1798218410535049
2026-08-24_12-23-14-416053_earlyRefresh,earlyRefresh,high-skew-zipf,1787574223.416000,28.999947,request_duration_p95,all,0.16441176470588237
2026-08-24_12-23-14-416053_earlyRefresh,earlyRefresh,high-skew-zipf,1787574224.416000,29.999947,request_duration_p95,all,0.15494897959183676
2026-08-24_12-23-14-416053_earlyRefresh,earlyRefresh,high-skew-zipf,1787574225.416000,30.999947,request_duration_p95,all,0.16072165719573533
2026-08-24_12-23-14-416053_earlyRefresh,earlyRefresh,high-skew-zipf,1787574226.416000,31.999947,request_duration_p95,all,0.1585297501160196
2026-08-24_12-23-14-416053_earlyRefresh,earlyRefresh,high-skew-zipf,1787574227.416000,32.999947,request_duration_p95,all,0.18795454545454515
2026-08-24_12-23-14-416053_earlyRefresh,earlyRefresh,high-skew-zipf,1787574228.416000,33.999947,request_duration_p95,all,0.22840022070443208
2026-08-24_12-23-14-416053_earlyRefresh,earlyRefresh,high-skew-zipf,1787574229.416000,34.999947,request_duration_p95,all,0.2279692079735139
2026-08-24_12-23-14-416053_earlyRefresh,earlyRefresh,high-skew-zipf,1787574230.416000,35.999947,request_duration_p95,all,0.23041700798162434
2026-08-24_12-23-14-416053_earlyRefresh,earlyRefresh,high-skew-zipf,1787574231.416000,36.999947,request_duration_p95,all,0.23098214285714277
2026-08-24_12-23-14-416053_earlyRefresh,earlyRefresh,high-skew-zipf,1787574232.416000,37.999947,request_duration_p95,all,0.23207659171798178
2026-08-24_12-23-14-416053_earlyRefresh,earlyRefresh,high-skew-zipf,1787574233.416000,38.999947,request_duration_p95,all,0.3064501690067131
2026-08-24_12-23-14-416053_earlyRefresh,earlyRefresh,high-skew-zipf,1787574234.416000,39.999947,request_duration_p95,all,0.3414486610471283
2026-08-24_12-23-14-416053_earlyRefresh,earlyRefresh,high-skew-zipf,1787574235.416000,40.999947,request_duration_p95,all,0.33614755390714185
2026-08-24_12-23-14-416053_earlyRefresh,earlyRefresh,high-skew-zipf,1787574236.416000,41.999947,request_duration_p95,all,0.2637954189289123
2026-08-24_12-23-14-416053_earlyRefresh,earlyRefresh,high-skew-zipf,1787574237.416000,42.999947,request_duration_p95,all,0.21941406249999967
2026-08-24_12-23-14-416053_earlyRefresh,earlyRefresh,high-skew-zipf,1787574238.416000,43.999947,request_duration_p95,all,0.22284090909090898
2026-08-24_12-23-14-416053_earlyRefresh,earlyRefresh,high-skew-zipf,1787574239.416000,44.999947,request_duration_p95,all,0.23285688021134607
2026-08-24_12-23-14-416053_earlyRefresh,earlyRefresh,high-skew-zipf,1787574240.416000,45.999947,request_duration_p95,all,0.2333066337054164
2026-08-24_12-23-14-416053_earlyRefresh,earlyRefresh,high-skew-zipf,1787574241.416000,46.999947,request_duration_p95,all,0.23511904761904764
2026-08-24_12-23-14-416053_earlyRefresh,earlyRefresh,high-skew-zipf,1787574242.416000,47.999947,request_duration_p95,all,0.20735074626865657
2026-08-24_12-23-14-416053_earlyRefresh,earlyRefresh,high-skew-zipf,1787574243.416000,48.999947,request_duration_p95,all,0.20511274211443692
2026-08-24_12-23-14-416053_earlyRefresh,earlyRefresh,high-skew-zipf,1787574244.416000,49.999947,request_duration_p95,all,0.23693548387096786
2026-08-24_12-23-14-416053_earlyRefresh,earlyRefresh,high-skew-zipf,1787574245.416000,50.999947,request_duration_p95,all,0.35859596341869904
2026-08-24_12-23-14-416053_earlyRefresh,earlyRefresh,high-skew-zipf,1787574246.416000,51.999947,request_duration_p95,all,0.35820097644313476
2026-08-24_12-23-14-416053_earlyRefresh,earlyRefresh,high-skew-zipf,1787574247.416000,52.999947,request_duration_p95,all,0.3520161290322578
2026-08-24_12-23-14-416053_earlyRefresh,earlyRefresh,high-skew-zipf,1787574248.416000,53.999947,request_duration_p95,all,0.32692307692307676
2026-08-24_12-23-14-416053_earlyRefresh,earlyRefresh,high-skew-zipf,1787574249.416000,54.999947,request_duration_p95,all,0.3319444444444433
2026-08-24_12-23-14-416053_earlyRefresh,earlyRefresh,high-skew-zipf,1787574250.416000,55.999947,request_duration_p95,all,0.37871712630526233
2026-08-24_12-23-14-416053_earlyRefresh,earlyRefresh,high-skew-zipf,1787574251.416000,56.999947,request_duration_p95,all,0.3859374999999999
2026-08-24_12-23-14-416053_earlyRefresh,earlyRefresh,high-skew-zipf,1787574252.416000,57.999947,request_duration_p95,all,0.36928601251615345
2026-08-24_12-23-14-416053_earlyRefresh,earlyRefresh,high-skew-zipf,1787574253.416000,58.999947,request_duration_p95,all,0.2767857142857145
2026-08-24_12-23-14-416053_earlyRefresh,earlyRefresh,high-skew-zipf,1787574254.416000,59.999947,request_duration_p95,all,0.2128461538461539
2026-08-24_12-23-14-416053_earlyRefresh,earlyRefresh,high-skew-zipf,1787574255.416000,60.999947,request_duration_p95,all,0.2135860609535341
2026-08-24_12-23-14-416053_earlyRefresh,earlyRefresh,high-skew-zipf,1787574256.416000,61.999947,request_duration_p95,all,0.25642857142857123
2026-08-24_12-23-14-416053_earlyRefresh,earlyRefresh,high-skew-zipf,1787574257.416000,62.999947,request_duration_p95,all,0.25571428571428545
2026-08-24_12-23-14-416053_earlyRefresh,earlyRefresh,high-skew-zipf,1787574258.416000,63.999947,request_duration_p95,all,0.2495305125186243
2026-08-24_12-23-14-416053_earlyRefresh,earlyRefresh,high-skew-zipf,1787574259.416000,64.999947,request_duration_p95,all,0.2232661290322579
2026-08-24_12-23-14-416053_earlyRefresh,earlyRefresh,high-skew-zipf,1787574260.416000,65.999947,request_duration_p95,all,0.22426923076923083
2026-08-24_12-23-14-416053_earlyRefresh,earlyRefresh,high-skew-zipf,1787574261.416000,66.999947,request_duration_p95,all,0.22338733482327622
2026-08-24_12-23-14-416053_earlyRefresh,earlyRefresh,high-skew-zipf,1787574262.416000,67.999947,request_duration_p95,all,0.22302419354838693
2026-08-24_12-23-14-416053_earlyRefresh,earlyRefresh,high-skew-zipf,1787574263.416000,68.999947,request_duration_p95,all,0.2203688269300124
2026-08-24_12-23-14-416053_earlyRefresh,earlyRefresh,high-skew-zipf,1787574264.416000,69.999947,request_duration_p95,all,0.22024179890102405
2026-08-24_12-23-14-416053_earlyRefresh,earlyRefresh,high-skew-zipf,1787574265.416000,70.999947,request_duration_p95,all,0.2075783023977668
2026-08-24_12-23-14-416053_earlyRefresh,earlyRefresh,high-skew-zipf,1787574266.416000,71.999947,request_duration_p95,all,0.20377313996407903
2026-08-24_12-23-14-416053_earlyRefresh,earlyRefresh,high-skew-zipf,1787574267.416000,72.999947,request_duration_p95,all,0.20652566934650068
2026-08-24_12-23-14-416053_earlyRefresh,earlyRefresh,high-skew-zipf,1787574268.416000,73.999947,request_duration_p95,all,0.20675006619990324
2026-08-24_12-23-14-416053_earlyRefresh,earlyRefresh,high-skew-zipf,1787574269.416000,74.999947,request_duration_p95,all,0.19581885454420056
2026-08-24_12-23-14-416053_earlyRefresh,earlyRefresh,high-skew-zipf,1787574270.416000,75.999947,request_duration_p95,all,0.2092854006218356
2026-08-24_12-23-14-416053_earlyRefresh,earlyRefresh,high-skew-zipf,1787574271.416000,76.999947,request_duration_p95,all,0.21392834531384458
2026-08-24_12-23-14-416053_earlyRefresh,earlyRefresh,high-skew-zipf,1787574272.416000,77.999947,request_duration_p95,all,0.2240677966101694
2026-08-24_12-23-14-416053_earlyRefresh,earlyRefresh,high-skew-zipf,1787574273.416000,78.999947,request_duration_p95,all,0.2219439392131286
2026-08-24_12-23-14-416053_earlyRefresh,earlyRefresh,high-skew-zipf,1787574274.416000,79.999947,request_duration_p95,all,0.19000000000000006
2026-08-24_12-23-14-416053_earlyRefresh,earlyRefresh,high-skew-zipf,1787574275.416000,80.999947,request_duration_p95,all,0.19200000000000012
2026-08-24_12-23-14-416053_earlyRefresh,earlyRefresh,high-skew-zipf,1787574276.416000,81.999947,request_duration_p95,all,0.18947368421052602
2026-08-24_12-23-14-416053_earlyRefresh,earlyRefresh,high-skew-zipf,1787574277.416000,82.999947,request_duration_p95,all,0.2207894736842102
2026-08-24_12-23-14-416053_earlyRefresh,earlyRefresh,high-skew-zipf,1787574278.416000,83.999947,request_duration_p95,all,0.218888888888889
2026-08-24_12-23-14-416053_earlyRefresh,earlyRefresh,high-skew-zipf,1787574279.416000,84.999947,request_duration_p95,all,0.20457527470108383
2026-08-24_12-23-14-416053_earlyRefresh,earlyRefresh,high-skew-zipf,1787574280.416000,85.999947,request_duration_p95,all,0.19877380740243805
2026-08-24_12-23-14-416053_earlyRefresh,earlyRefresh,high-skew-zipf,1787574281.416000,86.999947,request_duration_p95,all,0.19107151360982894
2026-08-24_12-23-14-416053_earlyRefresh,earlyRefresh,high-skew-zipf,1787574282.416000,87.999947,request_duration_p95,all,0.2056465264525323
2026-08-24_12-23-14-416053_earlyRefresh,earlyRefresh,high-skew-zipf,1787574283.416000,88.999947,request_duration_p95,all,0.2101637195955178
2026-08-24_12-23-14-416053_earlyRefresh,earlyRefresh,high-skew-zipf,1787574284.416000,89.999947,request_duration_p95,all,0.2104098228502096
2026-08-24_12-23-14-416053_earlyRefresh,earlyRefresh,high-skew-zipf,1787574285.416000,90.999947,request_duration_p95,all,0.2104098360655739
2026-08-24_12-23-14-416053_earlyRefresh,earlyRefresh,high-skew-zipf,1787574286.416000,91.999947,request_duration_p95,all,0.1932614015760965
2026-08-24_12-23-14-416053_earlyRefresh,earlyRefresh,high-skew-zipf,1787574287.416000,92.999947,request_duration_p95,all,0.20099398383612654
2026-08-24_12-23-14-416053_earlyRefresh,earlyRefresh,high-skew-zipf,1787574288.416000,93.999947,request_duration_p95,all,0.21742857142857114
2026-08-24_12-23-14-416053_earlyRefresh,earlyRefresh,high-skew-zipf,1787574289.416000,94.999947,request_duration_p95,all,0.21579500010944705
2026-08-24_12-23-14-416053_earlyRefresh,earlyRefresh,high-skew-zipf,1787574290.416000,95.999947,request_duration_p95,all,0.21080645161290307
2026-08-24_12-23-14-416053_earlyRefresh,earlyRefresh,high-skew-zipf,1787574291.416000,96.999947,request_duration_p95,all,0.19622881355932187
2026-08-24_12-23-14-416053_earlyRefresh,earlyRefresh,high-skew-zipf,1787574292.416000,97.999947,request_duration_p95,all,0.1938839285714284
2026-08-24_12-23-14-416053_earlyRefresh,earlyRefresh,high-skew-zipf,1787574293.416000,98.999947,request_duration_p95,all,0.19750000000000012
2026-08-24_12-23-14-416053_earlyRefresh,earlyRefresh,high-skew-zipf,1787574294.416000,99.999947,request_duration_p95,all,0.19622939172391962
2026-08-24_12-23-14-416053_earlyRefresh,earlyRefresh,high-skew-zipf,1787574295.416000,100.999947,request_duration_p95,all,0.19000000000000006
2026-08-24_12-23-14-416053_earlyRefresh,earlyRefresh,high-skew-zipf,1787574296.416000,101.999947,request_duration_p95,all,0.1833187297841692
2026-08-24_12-23-14-416053_earlyRefresh,earlyRefresh,high-skew-zipf,1787574297.416000,102.999947,request_duration_p95,all,0.15959090909090906
2026-08-24_12-23-14-416053_earlyRefresh,earlyRefresh,high-skew-zipf,1787574298.416000,103.999947,request_duration_p95,all,0.1850862068965515
2026-08-24_12-23-14-416053_earlyRefresh,earlyRefresh,high-skew-zipf,1787574299.416000,104.999947,request_duration_p95,all,0.19307441349574556
2026-08-24_12-23-14-416053_earlyRefresh,earlyRefresh,high-skew-zipf,1787574300.416000,105.999947,request_duration_p95,all,0.19680769230769213
2026-08-24_12-23-14-416053_earlyRefresh,earlyRefresh,high-skew-zipf,1787574301.416000,106.999947,request_duration_p95,all,0.20345588235294093
2026-08-24_12-23-14-416053_earlyRefresh,earlyRefresh,high-skew-zipf,1787574302.416000,107.999947,request_duration_p95,all,0.20769531249999992
2026-08-24_12-23-14-416053_earlyRefresh,earlyRefresh,high-skew-zipf,1787574303.416000,108.999947,request_duration_p95,all,0.22235714285714303
2026-08-24_12-23-14-416053_earlyRefresh,earlyRefresh,high-skew-zipf,1787574304.416000,109.999947,request_duration_p95,all,0.23603846153846134
2026-08-24_12-23-14-416053_earlyRefresh,earlyRefresh,high-skew-zipf,1787574305.416000,110.999947,request_duration_p95,all,0.24515345741771388
2026-08-24_12-23-14-416053_earlyRefresh,earlyRefresh,high-skew-zipf,1787574306.416000,111.999947,request_duration_p95,all,0.24487499999999976
2026-08-24_12-23-14-416053_earlyRefresh,earlyRefresh,high-skew-zipf,1787574307.416000,112.999947,request_duration_p95,all,0.2259527990066475
2026-08-24_12-23-14-416053_earlyRefresh,earlyRefresh,high-skew-zipf,1787574308.416000,113.999947,request_duration_p95,all,0.21999999999999975
2026-08-24_12-23-14-416053_earlyRefresh,earlyRefresh,high-skew-zipf,1787574309.416000,114.999947,request_duration_p95,all,0.23706896551724138
2026-08-24_12-23-14-416053_earlyRefresh,earlyRefresh,high-skew-zipf,1787574310.416000,115.999947,request_duration_p95,all,0.24407894736842106
2026-08-24_12-23-14-416053_earlyRefresh,earlyRefresh,high-skew-zipf,1787574311.416000,116.999947,request_duration_p95,all,0.23642265632633355
2026-08-24_12-23-14-416053_earlyRefresh,earlyRefresh,high-skew-zipf,1787574312.416000,117.999947,request_duration_p95,all,0.22830395999325254
2026-08-24_12-23-14-416053_earlyRefresh,earlyRefresh,high-skew-zipf,1787574313.416000,118.999947,request_duration_p95,all,0.2231580232592142
2026-08-24_12-23-14-416053_earlyRefresh,earlyRefresh,high-skew-zipf,1787574314.416000,119.999947,request_duration_p95,all,0.223348214285714
2026-08-24_12-23-14-416053_earlyRefresh,earlyRefresh,high-skew-zipf,1787574315.416000,120.999947,request_duration_p95,all,0.2569460222010937
2026-08-24_12-23-14-416053_earlyRefresh,earlyRefresh,high-skew-zipf,1787574316.416000,121.999947,request_duration_p95,all,0.280625
2026-08-24_12-23-14-416053_earlyRefresh,earlyRefresh,high-skew-zipf,1787574317.416000,122.999947,request_duration_p95,all,0.29136904761904775
2026-08-24_12-23-14-416053_earlyRefresh,earlyRefresh,high-skew-zipf,1787574318.416000,123.999947,request_duration_p95,all,0.2618275621791935
2026-08-24_12-23-14-416053_earlyRefresh,earlyRefresh,high-skew-zipf,1787574319.416000,124.999947,request_duration_p95,all,0.24308593749999974
2026-08-24_12-23-14-416053_earlyRefresh,earlyRefresh,high-skew-zipf,1787574320.416000,125.999947,request_duration_p95,all,0.24294669617991874
2026-08-24_12-23-14-416053_earlyRefresh,earlyRefresh,high-skew-zipf,1787574321.416000,126.999947,request_duration_p95,all,0.23717741935483871
2026-08-24_12-23-14-416053_earlyRefresh,earlyRefresh,high-skew-zipf,1787574322.416000,127.999947,request_duration_p95,all,0.22398437499999968
2026-08-24_12-23-14-416053_earlyRefresh,earlyRefresh,high-skew-zipf,1787574323.416000,128.999947,request_duration_p95,all,0.21187499999999998
2026-08-24_12-23-14-416053_earlyRefresh,earlyRefresh,high-skew-zipf,1787574324.416000,129.999947,request_duration_p95,all,0.18237068965517217
2026-08-24_12-23-14-416053_earlyRefresh,earlyRefresh,high-skew-zipf,1787574325.416000,130.999947,request_duration_p95,all,0.1793359374999997
2026-08-24_12-23-14-416053_earlyRefresh,earlyRefresh,high-skew-zipf,1787574326.416000,131.999947,request_duration_p95,all,0.1709410377659212
2026-08-24_12-23-14-416053_earlyRefresh,earlyRefresh,high-skew-zipf,1787574327.416000,132.999947,request_duration_p95,all,0.16026235665847322
2026-08-24_12-23-14-416053_earlyRefresh,earlyRefresh,high-skew-zipf,1787574328.416000,133.999947,request_duration_p95,all,0.15866094282641552
2026-08-24_12-23-14-416053_earlyRefresh,earlyRefresh,high-skew-zipf,1787574329.416000,134.999947,request_duration_p95,all,0.16374999999999956
2026-08-24_12-23-14-416053_earlyRefresh,earlyRefresh,high-skew-zipf,1787574330.416000,135.999947,request_duration_p95,all,0.18319444444444422
2026-08-24_12-23-14-416053_earlyRefresh,earlyRefresh,high-skew-zipf,1787574331.416000,136.999947,request_duration_p95,all,0.1889825414431226
2026-08-24_12-23-14-416053_earlyRefresh,earlyRefresh,high-skew-zipf,1787574332.416000,137.999947,request_duration_p95,all,0.20309737415584223
2026-08-24_12-23-14-416053_earlyRefresh,earlyRefresh,high-skew-zipf,1787574333.416000,138.999947,request_duration_p95,all,0.21062489004052665
2026-08-24_12-23-14-416053_earlyRefresh,earlyRefresh,high-skew-zipf,1787574334.416000,139.999947,request_duration_p95,all,0.21790004978028518
2026-08-24_12-23-14-416053_earlyRefresh,earlyRefresh,high-skew-zipf,1787574335.416000,140.999947,request_duration_p95,all,0.23830103556322638
2026-08-24_12-23-14-416053_earlyRefresh,earlyRefresh,high-skew-zipf,1787574336.416000,141.999947,request_duration_p95,all,0.27467948717948637
2026-08-24_12-23-14-416053_earlyRefresh,earlyRefresh,high-skew-zipf,1787574337.416000,142.999947,request_duration_p95,all,0.268743274657153
2026-08-24_12-23-14-416053_earlyRefresh,earlyRefresh,high-skew-zipf,1787574338.416000,143.999947,request_duration_p95,all,0.2809374999999992
2026-08-24_12-23-14-416053_earlyRefresh,earlyRefresh,high-skew-zipf,1787574339.416000,144.999947,request_duration_p95,all,0.24766233766233756
2026-08-24_12-23-14-416053_earlyRefresh,earlyRefresh,high-skew-zipf,1787574340.416000,145.999947,request_duration_p95,all,0.24743239715539087
2026-08-24_12-23-14-416053_earlyRefresh,earlyRefresh,high-skew-zipf,1787574341.416000,146.999947,request_duration_p95,all,0.24110714285714263
2026-08-24_12-23-14-416053_earlyRefresh,earlyRefresh,high-skew-zipf,1787574342.416000,147.999947,request_duration_p95,all,0.2356726780913587
2026-08-24_12-23-14-416053_earlyRefresh,earlyRefresh,high-skew-zipf,1787574343.416000,148.999947,request_duration_p95,all,0.22774590163934413
2026-08-24_12-23-14-416053_earlyRefresh,earlyRefresh,high-skew-zipf,1787574344.416000,149.999947,request_duration_p95,all,0.2111558796015245
2026-08-24_12-23-14-416053_earlyRefresh,earlyRefresh,high-skew-zipf,1787574345.416000,150.999947,request_duration_p95,all,0.19427130553561905
2026-08-24_12-23-14-416053_earlyRefresh,earlyRefresh,high-skew-zipf,1787574346.416000,151.999947,request_duration_p95,all,0.22619499096469936
2026-08-24_12-23-14-416053_earlyRefresh,earlyRefresh,high-skew-zipf,1787574347.416000,152.999947,request_duration_p95,all,0.22632699416114418
2026-08-24_12-23-14-416053_earlyRefresh,earlyRefresh,high-skew-zipf,1787574348.416000,153.999947,request_duration_p95,all,0.22461538461538474
2026-08-24_12-23-14-416053_earlyRefresh,earlyRefresh,high-skew-zipf,1787574349.416000,154.999947,request_duration_p95,all,0.22847826086956505
2026-08-24_12-23-14-416053_earlyRefresh,earlyRefresh,high-skew-zipf,1787574350.416000,155.999947,request_duration_p95,all,0.23250216609870344
2026-08-24_12-23-14-416053_earlyRefresh,earlyRefresh,high-skew-zipf,1787574351.416000,156.999947,request_duration_p95,all,0.23285817182913904
2026-08-24_12-23-14-416053_earlyRefresh,earlyRefresh,high-skew-zipf,1787574352.416000,157.999947,request_duration_p95,all,0.23941663216819817
2026-08-24_12-23-14-416053_earlyRefresh,earlyRefresh,high-skew-zipf,1787574353.416000,158.999947,request_duration_p95,all,0.23500000000000013
2026-08-24_12-23-14-416053_earlyRefresh,earlyRefresh,high-skew-zipf,1787574354.416000,159.999947,request_duration_p95,all,0.2496883058859475
2026-08-24_12-23-14-416053_earlyRefresh,earlyRefresh,high-skew-zipf,1787574355.416000,160.999947,request_duration_p95,all,0.22864583333333335
2026-08-24_12-23-14-416053_earlyRefresh,earlyRefresh,high-skew-zipf,1787574356.416000,161.999947,request_duration_p95,all,0.22522180127517155
2026-08-24_12-23-14-416053_earlyRefresh,earlyRefresh,high-skew-zipf,1787574357.416000,162.999947,request_duration_p95,all,0.22703118293907595
2026-08-24_12-23-14-416053_earlyRefresh,earlyRefresh,high-skew-zipf,1787574358.416000,163.999947,request_duration_p95,all,0.22418821316641546
2026-08-24_12-23-14-416053_earlyRefresh,earlyRefresh,high-skew-zipf,1787574359.416000,164.999947,request_duration_p95,all,0.21980010074596443
2026-08-24_12-23-14-416053_earlyRefresh,earlyRefresh,high-skew-zipf,1787574360.416000,165.999947,request_duration_p95,all,0.22200004518244082
2026-08-24_12-23-14-416053_earlyRefresh,earlyRefresh,high-skew-zipf,1787574361.416000,166.999947,request_duration_p95,all,0.223184931506849
2026-08-24_12-23-14-416053_earlyRefresh,earlyRefresh,high-skew-zipf,1787574362.416000,167.999947,request_duration_p95,all,0.22855653357744773
2026-08-24_12-23-14-416053_earlyRefresh,earlyRefresh,high-skew-zipf,1787574363.416000,168.999947,request_duration_p95,all,0.21366212291446937
2026-08-24_12-23-14-416053_earlyRefresh,earlyRefresh,high-skew-zipf,1787574364.416000,169.999947,request_duration_p95,all,0.2036463386971334
2026-08-24_12-23-14-416053_earlyRefresh,earlyRefresh,high-skew-zipf,1787574365.416000,170.999947,request_duration_p95,all,0.19184712714406565
2026-08-24_12-23-14-416053_earlyRefresh,earlyRefresh,high-skew-zipf,1787574366.416000,171.999947,request_duration_p95,all,0.18594191752228045
2026-08-24_12-23-14-416053_earlyRefresh,earlyRefresh,high-skew-zipf,1787574367.416000,172.999947,request_duration_p95,all,0.18785714285714272
2026-08-24_12-23-14-416053_earlyRefresh,earlyRefresh,high-skew-zipf,1787574368.416000,173.999947,request_duration_p95,all,0.19061475409836032
2026-08-24_12-23-14-416053_earlyRefresh,earlyRefresh,high-skew-zipf,1787574369.416000,174.999947,request_duration_p95,all,0.18508494887549043
2026-08-24_12-23-14-416053_earlyRefresh,earlyRefresh,high-skew-zipf,1787574370.416000,175.999947,request_duration_p95,all,0.17724999999999974
2026-08-24_12-23-14-416053_earlyRefresh,earlyRefresh,high-skew-zipf,1787574371.416000,176.999947,request_duration_p95,all,0.17687348296229954
2026-08-24_12-23-14-416053_earlyRefresh,earlyRefresh,high-skew-zipf,1787574372.416000,177.999947,request_duration_p95,all,0.17819672131147513
2026-08-24_12-23-14-416053_earlyRefresh,earlyRefresh,high-skew-zipf,1787574373.416000,178.999947,request_duration_p95,all,0.17968750000000022
2026-08-24_12-23-14-416053_earlyRefresh,earlyRefresh,high-skew-zipf,1787574374.416000,179.999947,request_duration_p95,all,0.18170357536142562
2026-08-24_12-23-14-416053_earlyRefresh,earlyRefresh,high-skew-zipf,1787574375.416000,180.999947,request_duration_p95,all,0.18518656716417886
2026-08-24_12-23-14-416053_earlyRefresh,earlyRefresh,high-skew-zipf,1787574376.416000,181.999947,request_duration_p95,all,0.1947426470588235
2026-08-24_12-23-14-416053_earlyRefresh,earlyRefresh,high-skew-zipf,1787574377.416000,182.999947,request_duration_p95,all,0.19192857142857156
2026-08-24_12-23-14-416053_earlyRefresh,earlyRefresh,high-skew-zipf,1787574378.416000,183.999947,request_duration_p95,all,0.2148961790045902
2026-08-24_12-23-14-416053_earlyRefresh,earlyRefresh,high-skew-zipf,1787574379.416000,184.999947,request_duration_p95,all,0.23846965500082903
2026-08-24_12-23-14-416053_earlyRefresh,earlyRefresh,high-skew-zipf,1787574380.416000,185.999947,request_duration_p95,all,0.2358330569809263
2026-08-24_12-23-14-416053_earlyRefresh,earlyRefresh,high-skew-zipf,1787574381.416000,186.999947,request_duration_p95,all,0.23350013332490044
2026-08-24_12-23-14-416053_earlyRefresh,earlyRefresh,high-skew-zipf,1787574382.416000,187.999947,request_duration_p95,all,0.23324231037643442
2026-08-24_12-23-14-416053_earlyRefresh,earlyRefresh,high-skew-zipf,1787574383.416000,188.999947,request_duration_p95,all,0.23432835820895506
2026-08-24_12-23-14-416053_earlyRefresh,earlyRefresh,high-skew-zipf,1787574384.416000,189.999947,request_duration_p95,all,0.25643939393939325
2026-08-24_12-23-14-416053_earlyRefresh,earlyRefresh,high-skew-zipf,1787574385.416000,190.999947,request_duration_p95,all,0.2447986810835224
2026-08-24_12-23-14-416053_earlyRefresh,earlyRefresh,high-skew-zipf,1787574386.416000,191.999947,request_duration_p95,all,0.2774316090659075
2026-08-24_12-23-14-416053_earlyRefresh,earlyRefresh,high-skew-zipf,1787574387.416000,192.999947,request_duration_p95,all,0.2394992410606691
2026-08-24_12-23-14-416053_earlyRefresh,earlyRefresh,high-skew-zipf,1787574388.416000,193.999947,request_duration_p95,all,0.21448568088120643
2026-08-24_12-23-14-416053_earlyRefresh,earlyRefresh,high-skew-zipf,1787574389.416000,194.999947,request_duration_p95,all,0.22529411980961422
2026-08-24_12-23-14-416053_earlyRefresh,earlyRefresh,high-skew-zipf,1787574390.416000,195.999947,request_duration_p95,all,0.23684782608695634
2026-08-24_12-23-14-416053_earlyRefresh,earlyRefresh,high-skew-zipf,1787574391.416000,196.999947,request_duration_p95,all,0.23684825599840237
2026-08-24_12-23-14-416053_earlyRefresh,earlyRefresh,high-skew-zipf,1787574392.416000,197.999947,request_duration_p95,all,0.27006578947368337
2026-08-24_12-23-14-416053_earlyRefresh,earlyRefresh,high-skew-zipf,1787574393.416000,198.999947,request_duration_p95,all,0.2565941980902058
2026-08-24_12-23-14-416053_earlyRefresh,earlyRefresh,high-skew-zipf,1787574394.416000,199.999947,request_duration_p95,all,0.2507115556768909
2026-08-24_12-23-14-416053_earlyRefresh,earlyRefresh,high-skew-zipf,1787574395.416000,200.999947,request_duration_p95,all,0.26249748509826865
2026-08-24_12-23-14-416053_earlyRefresh,earlyRefresh,high-skew-zipf,1787574396.416000,201.999947,request_duration_p95,all,0.2628389060717072
2026-08-24_12-23-14-416053_earlyRefresh,earlyRefresh,high-skew-zipf,1787574397.416000,202.999947,request_duration_p95,all,0.26419116344297194
2026-08-24_12-23-14-416053_earlyRefresh,earlyRefresh,high-skew-zipf,1787574398.416000,203.999947,request_duration_p95,all,0.29534754739311997
2026-08-24_12-23-14-416053_earlyRefresh,earlyRefresh,high-skew-zipf,1787574399.416000,204.999947,request_duration_p95,all,0.26250180188837874
2026-08-24_12-23-14-416053_earlyRefresh,earlyRefresh,high-skew-zipf,1787574400.416000,205.999947,request_duration_p95,all,0.2635117381747425
2026-08-24_12-23-14-416053_earlyRefresh,earlyRefresh,high-skew-zipf,1787574401.416000,206.999947,request_duration_p95,all,0.23363672063748073
2026-08-24_12-23-14-416053_earlyRefresh,earlyRefresh,high-skew-zipf,1787574402.416000,207.999947,request_duration_p95,all,0.22886406687253524
2026-08-24_12-23-14-416053_earlyRefresh,earlyRefresh,high-skew-zipf,1787574403.416000,208.999947,request_duration_p95,all,0.23512030230844913
2026-08-24_12-23-14-416053_earlyRefresh,earlyRefresh,high-skew-zipf,1787574404.416000,209.999947,request_duration_p95,all,0.2272753717058993
2026-08-24_12-23-14-416053_earlyRefresh,earlyRefresh,high-skew-zipf,1787574405.416000,210.999947,request_duration_p95,all,0.2278303998234991
2026-08-24_12-23-14-416053_earlyRefresh,earlyRefresh,high-skew-zipf,1787574406.416000,211.999947,request_duration_p95,all,0.22813380281690143
2026-08-24_12-23-14-416053_earlyRefresh,earlyRefresh,high-skew-zipf,1787574407.416000,212.999947,request_duration_p95,all,0.2036758108772853
2026-08-24_12-23-14-416053_earlyRefresh,earlyRefresh,high-skew-zipf,1787574408.416000,213.999947,request_duration_p95,all,0.20287313432835824
2026-08-24_12-23-14-416053_earlyRefresh,earlyRefresh,high-skew-zipf,1787574409.416000,214.999947,request_duration_p95,all,0.2020449264527598
2026-08-24_12-23-14-416053_earlyRefresh,earlyRefresh,high-skew-zipf,1787574410.416000,215.999947,request_duration_p95,all,0.20349999999999993
2026-08-24_12-23-14-416053_earlyRefresh,earlyRefresh,high-skew-zipf,1787574411.416000,216.999947,request_duration_p95,all,0.21136416666666635
2026-08-24_12-23-14-416053_earlyRefresh,earlyRefresh,high-skew-zipf,1787574412.416000,217.999947,request_duration_p95,all,0.20597826086956522
2026-08-24_12-23-14-416053_earlyRefresh,earlyRefresh,high-skew-zipf,1787574413.416000,218.999947,request_duration_p95,all,0.20071428571428593
2026-08-24_12-23-14-416053_earlyRefresh,earlyRefresh,high-skew-zipf,1787574414.416000,219.999947,request_duration_p95,all,0.2117605633802815
2026-08-24_12-23-14-416053_earlyRefresh,earlyRefresh,high-skew-zipf,1787574415.416000,220.999947,request_duration_p95,all,0.21609856975447006
2026-08-24_12-23-14-416053_earlyRefresh,earlyRefresh,high-skew-zipf,1787574416.416000,221.999947,request_duration_p95,all,0.22076978300443567
2026-08-24_12-23-14-416053_earlyRefresh,earlyRefresh,high-skew-zipf,1787574417.416000,222.999947,request_duration_p95,all,0.22374934370989327
2026-08-24_12-23-14-416053_earlyRefresh,earlyRefresh,high-skew-zipf,1787574418.416000,223.999947,request_duration_p95,all,0.24212387186559878
2026-08-24_12-23-14-416053_earlyRefresh,earlyRefresh,high-skew-zipf,1787574419.416000,224.999947,request_duration_p95,all,0.2420237149202448
2026-08-24_12-23-14-416053_earlyRefresh,earlyRefresh,high-skew-zipf,1787574420.416000,225.999947,request_duration_p95,all,0.23049927449557836
2026-08-24_12-23-14-416053_earlyRefresh,earlyRefresh,high-skew-zipf,1787574421.416000,226.999947,request_duration_p95,all,0.23401785714285697
2026-08-24_12-23-14-416053_earlyRefresh,earlyRefresh,high-skew-zipf,1787574422.416000,227.999947,request_duration_p95,all,0.2376999999999999
2026-08-24_12-23-14-416053_earlyRefresh,earlyRefresh,high-skew-zipf,1787574423.416000,228.999947,request_duration_p95,all,0.2229794520547943
2026-08-24_12-23-14-416053_earlyRefresh,earlyRefresh,high-skew-zipf,1787574424.416000,229.999947,request_duration_p95,all,0.21784130684027914
2026-08-24_12-23-14-416053_earlyRefresh,earlyRefresh,high-skew-zipf,1787574425.416000,230.999947,request_duration_p95,all,0.2139547610557827
2026-08-24_12-23-14-416053_earlyRefresh,earlyRefresh,high-skew-zipf,1787574426.416000,231.999947,request_duration_p95,all,0.21437512866932207
2026-08-24_12-23-14-416053_earlyRefresh,earlyRefresh,high-skew-zipf,1787574427.416000,232.999947,request_duration_p95,all,0.20356659694590362
2026-08-24_12-23-14-416053_earlyRefresh,earlyRefresh,high-skew-zipf,1787574428.416000,233.999947,request_duration_p95,all,0.19900007949207116
2026-08-24_12-23-14-416053_earlyRefresh,earlyRefresh,high-skew-zipf,1787574429.416000,234.999947,request_duration_p95,all,0.1951190476190474
2026-08-24_12-23-14-416053_earlyRefresh,earlyRefresh,high-skew-zipf,1787574430.416000,235.999947,request_duration_p95,all,0.19876923076923086
2026-08-24_12-23-14-416053_earlyRefresh,earlyRefresh,high-skew-zipf,1787574431.416000,236.999947,request_duration_p95,all,0.199699129078325
2026-08-24_12-23-14-416053_earlyRefresh,earlyRefresh,high-skew-zipf,1787574432.416000,237.999947,request_duration_p95,all,0.2075956187417723
2026-08-24_12-23-14-416053_earlyRefresh,earlyRefresh,high-skew-zipf,1787574433.416000,238.999947,request_duration_p95,all,0.2075961538461537
2026-08-24_12-23-14-416053_earlyRefresh,earlyRefresh,high-skew-zipf,1787574434.416000,239.999947,request_duration_p95,all,0.21259374999999991
2026-08-24_12-23-14-416053_earlyRefresh,earlyRefresh,high-skew-zipf,1787574194.416000,-0.000053,request_duration_p99,all,NaN
2026-08-24_12-23-14-416053_earlyRefresh,earlyRefresh,high-skew-zipf,1787574195.416000,0.999947,request_duration_p99,all,NaN
2026-08-24_12-23-14-416053_earlyRefresh,earlyRefresh,high-skew-zipf,1787574196.416000,1.999947,request_duration_p99,all,0.24774807546351513
2026-08-24_12-23-14-416053_earlyRefresh,earlyRefresh,high-skew-zipf,1787574197.416000,2.999947,request_duration_p99,all,0.24722580532073962
2026-08-24_12-23-14-416053_earlyRefresh,earlyRefresh,high-skew-zipf,1787574198.416000,3.999947,request_duration_p99,all,0.24605868002278816
2026-08-24_12-23-14-416053_earlyRefresh,earlyRefresh,high-skew-zipf,1787574199.416000,4.999947,request_duration_p99,all,0.2458256939139292
2026-08-24_12-23-14-416053_earlyRefresh,earlyRefresh,high-skew-zipf,1787574200.416000,5.999947,request_duration_p99,all,0.24535750060519435
2026-08-24_12-23-14-416053_earlyRefresh,earlyRefresh,high-skew-zipf,1787574201.416000,6.999947,request_duration_p99,all,0.24535536274756703
2026-08-24_12-23-14-416053_earlyRefresh,earlyRefresh,high-skew-zipf,1787574202.416000,7.999947,request_duration_p99,all,0.28587122264192294
2026-08-24_12-23-14-416053_earlyRefresh,earlyRefresh,high-skew-zipf,1787574203.416000,8.999947,request_duration_p99,all,0.24959465966758732
2026-08-24_12-23-14-416053_earlyRefresh,earlyRefresh,high-skew-zipf,1787574204.416000,9.999947,request_duration_p99,all,0.24832294850010667
2026-08-24_12-23-14-416053_earlyRefresh,earlyRefresh,high-skew-zipf,1787574205.416000,10.999947,request_duration_p99,all,0.24720548041730475
2026-08-24_12-23-14-416053_earlyRefresh,earlyRefresh,high-skew-zipf,1787574206.416000,11.999947,request_duration_p99,all,0.246078696615086
2026-08-24_12-23-14-416053_earlyRefresh,earlyRefresh,high-skew-zipf,1787574207.416000,12.999947,request_duration_p99,all,0.2449512769124855
2026-08-24_12-23-14-416053_earlyRefresh,earlyRefresh,high-skew-zipf,1787574208.416000,13.999947,request_duration_p99,all,0.24285973345422798
2026-08-24_12-23-14-416053_earlyRefresh,earlyRefresh,high-skew-zipf,1787574209.416000,14.999947,request_duration_p99,all,0.24093478260869572
2026-08-24_12-23-14-416053_earlyRefresh,earlyRefresh,high-skew-zipf,1787574210.416000,15.999947,request_duration_p99,all,0.2394670816635625
2026-08-24_12-23-14-416053_earlyRefresh,earlyRefresh,high-skew-zipf,1787574211.416000,16.999947,request_duration_p99,all,0.30285565750206156
2026-08-24_12-23-14-416053_earlyRefresh,earlyRefresh,high-skew-zipf,1787574212.416000,17.999947,request_duration_p99,all,0.4851562500000002
2026-08-24_12-23-14-416053_earlyRefresh,earlyRefresh,high-skew-zipf,1787574213.416000,18.999947,request_duration_p99,all,0.48355263157894945
2026-08-24_12-23-14-416053_earlyRefresh,earlyRefresh,high-skew-zipf,1787574214.416000,19.999947,request_duration_p99,all,0.48318388209565155
2026-08-24_12-23-14-416053_earlyRefresh,earlyRefresh,high-skew-zipf,1787574215.416000,20.999947,request_duration_p99,all,0.4821856164066479
2026-08-24_12-23-14-416053_earlyRefresh,earlyRefresh,high-skew-zipf,1787574216.416000,21.999947,request_duration_p99,all,0.4805227554695515
2026-08-24_12-23-14-416053_earlyRefresh,earlyRefresh,high-skew-zipf,1787574217.416000,22.999947,request_duration_p99,all,0.48070186452731195
2026-08-24_12-23-14-416053_earlyRefresh,earlyRefresh,high-skew-zipf,1787574218.416000,23.999947,request_duration_p99,all,0.4819658353669428
2026-08-24_12-23-14-416053_earlyRefresh,earlyRefresh,high-skew-zipf,1787574219.416000,24.999947,request_duration_p99,all,0.48187654504692184
2026-08-24_12-23-14-416053_earlyRefresh,earlyRefresh,high-skew-zipf,1787574220.416000,25.999947,request_duration_p99,all,0.4751231607240177
2026-08-24_12-23-14-416053_earlyRefresh,earlyRefresh,high-skew-zipf,1787574221.416000,26.999947,request_duration_p99,all,0.35354165509323515
2026-08-24_12-23-14-416053_earlyRefresh,earlyRefresh,high-skew-zipf,1787574222.416000,27.999947,request_duration_p99,all,0.3044456209021217
2026-08-24_12-23-14-416053_earlyRefresh,earlyRefresh,high-skew-zipf,1787574223.416000,28.999947,request_duration_p99,all,0.24699999999999972
2026-08-24_12-23-14-416053_earlyRefresh,earlyRefresh,high-skew-zipf,1787574224.416000,29.999947,request_duration_p99,all,0.24078571428571452
2026-08-24_12-23-14-416053_earlyRefresh,earlyRefresh,high-skew-zipf,1787574225.416000,30.999947,request_duration_p99,all,0.24137533739525557
2026-08-24_12-23-14-416053_earlyRefresh,earlyRefresh,high-skew-zipf,1787574226.416000,31.999947,request_duration_p99,all,0.24111826839487283
2026-08-24_12-23-14-416053_earlyRefresh,earlyRefresh,high-skew-zipf,1787574227.416000,32.999947,request_duration_p99,all,0.3902777777777785
2026-08-24_12-23-14-416053_earlyRefresh,earlyRefresh,high-skew-zipf,1787574228.416000,33.999947,request_duration_p99,all,0.53000302129492
2026-08-24_12-23-14-416053_earlyRefresh,earlyRefresh,high-skew-zipf,1787574229.416000,34.999947,request_duration_p99,all,0.5309405603633897
2026-08-24_12-23-14-416053_earlyRefresh,earlyRefresh,high-skew-zipf,1787574230.416000,35.999947,request_duration_p99,all,0.530940525972131
2026-08-24_12-23-14-416053_earlyRefresh,earlyRefresh,high-skew-zipf,1787574231.416000,36.999947,request_duration_p99,all,0.5306249999999989
2026-08-24_12-23-14-416053_earlyRefresh,earlyRefresh,high-skew-zipf,1787574232.416000,37.999947,request_duration_p99,all,0.5309405944031638
2026-08-24_12-23-14-416053_earlyRefresh,earlyRefresh,high-skew-zipf,1787574233.416000,38.999947,request_duration_p99,all,0.5909083126250081
2026-08-24_12-23-14-416053_earlyRefresh,earlyRefresh,high-skew-zipf,1787574234.416000,39.999947,request_duration_p99,all,0.5904553511908367
2026-08-24_12-23-14-416053_earlyRefresh,earlyRefresh,high-skew-zipf,1787574235.416000,40.999947,request_duration_p99,all,0.5897719306220575
2026-08-24_12-23-14-416053_earlyRefresh,earlyRefresh,high-skew-zipf,1787574236.416000,41.999947,request_duration_p99,all,0.5287530730447098
2026-08-24_12-23-14-416053_earlyRefresh,earlyRefresh,high-skew-zipf,1787574237.416000,42.999947,request_duration_p99,all,0.44723684210526127
2026-08-24_12-23-14-416053_earlyRefresh,earlyRefresh,high-skew-zipf,1787574238.416000,43.999947,request_duration_p99,all,0.4501249999999991
2026-08-24_12-23-14-416053_earlyRefresh,earlyRefresh,high-skew-zipf,1787574239.416000,44.999947,request_duration_p99,all,0.4596002750976611
2026-08-24_12-23-14-416053_earlyRefresh,earlyRefresh,high-skew-zipf,1787574240.416000,45.999947,request_duration_p99,all,0.4601996875749933
2026-08-24_12-23-14-416053_earlyRefresh,earlyRefresh,high-skew-zipf,1787574241.416000,46.999947,request_duration_p99,all,0.4610576923076932
2026-08-24_12-23-14-416053_earlyRefresh,earlyRefresh,high-skew-zipf,1787574242.416000,47.999947,request_duration_p99,all,0.39046875
2026-08-24_12-23-14-416053_earlyRefresh,earlyRefresh,high-skew-zipf,1787574243.416000,48.999947,request_duration_p99,all,0.3831688210674461
2026-08-24_12-23-14-416053_earlyRefresh,earlyRefresh,high-skew-zipf,1787574244.416000,49.999947,request_duration_p99,all,0.44068965517241343
2026-08-24_12-23-14-416053_earlyRefresh,earlyRefresh,high-skew-zipf,1787574245.416000,50.999947,request_duration_p99,all,0.6467664089509906
2026-08-24_12-23-14-416053_earlyRefresh,earlyRefresh,high-skew-zipf,1787574246.416000,51.999947,request_duration_p99,all,0.6466159658537532
2026-08-24_12-23-14-416053_earlyRefresh,earlyRefresh,high-skew-zipf,1787574247.416000,52.999947,request_duration_p99,all,0.646029411764705
2026-08-24_12-23-14-416053_earlyRefresh,earlyRefresh,high-skew-zipf,1787574248.416000,53.999947,request_duration_p99,all,0.6470588235294125
2026-08-24_12-23-14-416053_earlyRefresh,earlyRefresh,high-skew-zipf,1787574249.416000,54.999947,request_duration_p99,all,0.6466176470588227
2026-08-24_12-23-14-416053_earlyRefresh,earlyRefresh,high-skew-zipf,1787574250.416000,55.999947,request_duration_p99,all,0.6472075375504913
2026-08-24_12-23-14-416053_earlyRefresh,earlyRefresh,high-skew-zipf,1787574251.416000,56.999947,request_duration_p99,all,0.6463235294117649
2026-08-24_12-23-14-416053_earlyRefresh,earlyRefresh,high-skew-zipf,1787574252.416000,57.999947,request_duration_p99,all,0.6461747738148151
2026-08-24_12-23-14-416053_earlyRefresh,earlyRefresh,high-skew-zipf,1787574253.416000,58.999947,request_duration_p99,all,0.6448529411764705
2026-08-24_12-23-14-416053_earlyRefresh,earlyRefresh,high-skew-zipf,1787574254.416000,59.999947,request_duration_p99,all,0.4076315789473687
2026-08-24_12-23-14-416053_earlyRefresh,earlyRefresh,high-skew-zipf,1787574255.416000,60.999947,request_duration_p99,all,0.40346985393078033
2026-08-24_12-23-14-416053_earlyRefresh,earlyRefresh,high-skew-zipf,1787574256.416000,61.999947,request_duration_p99,all,0.457
2026-08-24_12-23-14-416053_earlyRefresh,earlyRefresh,high-skew-zipf,1787574257.416000,62.999947,request_duration_p99,all,0.45685714285714285
2026-08-24_12-23-14-416053_earlyRefresh,earlyRefresh,high-skew-zipf,1787574258.416000,63.999947,request_duration_p99,all,0.45558716046154335
2026-08-24_12-23-14-416053_earlyRefresh,earlyRefresh,high-skew-zipf,1787574259.416000,64.999947,request_duration_p99,all,0.4346739130434779
2026-08-24_12-23-14-416053_earlyRefresh,earlyRefresh,high-skew-zipf,1787574260.416000,65.999947,request_duration_p99,all,0.43445652173913085
2026-08-24_12-23-14-416053_earlyRefresh,earlyRefresh,high-skew-zipf,1787574261.416000,66.999947,request_duration_p99,all,0.4347827804107416
2026-08-24_12-23-14-416053_earlyRefresh,earlyRefresh,high-skew-zipf,1787574262.416000,67.999947,request_duration_p99,all,0.43445652173912985
2026-08-24_12-23-14-416053_earlyRefresh,earlyRefresh,high-skew-zipf,1787574263.416000,68.999947,request_duration_p99,all,0.4317044679787282
2026-08-24_12-23-14-416053_earlyRefresh,earlyRefresh,high-skew-zipf,1787574264.416000,69.999947,request_duration_p99,all,0.4311362993529874
2026-08-24_12-23-14-416053_earlyRefresh,earlyRefresh,high-skew-zipf,1787574265.416000,70.999947,request_duration_p99,all,0.39676438486876525
2026-08-24_12-23-14-416053_earlyRefresh,earlyRefresh,high-skew-zipf,1787574266.416000,71.999947,request_duration_p99,all,0.4029166589501887
2026-08-24_12-23-14-416053_earlyRefresh,earlyRefresh,high-skew-zipf,1787574267.416000,72.999947,request_duration_p99,all,0.40249999999999986
2026-08-24_12-23-14-416053_earlyRefresh,earlyRefresh,high-skew-zipf,1787574268.416000,73.999947,request_duration_p99,all,0.40194442901320326
2026-08-24_12-23-14-416053_earlyRefresh,earlyRefresh,high-skew-zipf,1787574269.416000,74.999947,request_duration_p99,all,0.3751785615084885
2026-08-24_12-23-14-416053_earlyRefresh,earlyRefresh,high-skew-zipf,1787574270.416000,75.999947,request_duration_p99,all,0.40249938274653185
2026-08-24_12-23-14-416053_earlyRefresh,earlyRefresh,high-skew-zipf,1787574271.416000,76.999947,request_duration_p99,all,0.4121245187740609
2026-08-24_12-23-14-416053_earlyRefresh,earlyRefresh,high-skew-zipf,1787574272.416000,77.999947,request_duration_p99,all,0.4296000000000003
2026-08-24_12-23-14-416053_earlyRefresh,earlyRefresh,high-skew-zipf,1787574273.416000,78.999947,request_duration_p99,all,0.4297995431334469
2026-08-24_12-23-14-416053_earlyRefresh,earlyRefresh,high-skew-zipf,1787574274.416000,79.999947,request_duration_p99,all,0.3653846153846163
2026-08-24_12-23-14-416053_earlyRefresh,earlyRefresh,high-skew-zipf,1787574275.416000,80.999947,request_duration_p99,all,0.35333333333333544
2026-08-24_12-23-14-416053_earlyRefresh,earlyRefresh,high-skew-zipf,1787574276.416000,81.999947,request_duration_p99,all,0.3541666666666658
2026-08-24_12-23-14-416053_earlyRefresh,earlyRefresh,high-skew-zipf,1787574277.416000,82.999947,request_duration_p99,all,0.4429545454545456
2026-08-24_12-23-14-416053_earlyRefresh,earlyRefresh,high-skew-zipf,1787574278.416000,83.999947,request_duration_p99,all,0.4427272727272739
2026-08-24_12-23-14-416053_earlyRefresh,earlyRefresh,high-skew-zipf,1787574279.416000,84.999947,request_duration_p99,all,0.42632214429512816
2026-08-24_12-23-14-416053_earlyRefresh,earlyRefresh,high-skew-zipf,1787574280.416000,85.999947,request_duration_p99,all,0.4163302494055609
2026-08-24_12-23-14-416053_earlyRefresh,earlyRefresh,high-skew-zipf,1787574281.416000,86.999947,request_duration_p99,all,0.386361684933581
2026-08-24_12-23-14-416053_earlyRefresh,earlyRefresh,high-skew-zipf,1787574282.416000,87.999947,request_duration_p99,all,0.42140452228148945
2026-08-24_12-23-14-416053_earlyRefresh,earlyRefresh,high-skew-zipf,1787574283.416000,88.999947,request_duration_p99,all,0.425880492556732
2026-08-24_12-23-14-416053_earlyRefresh,earlyRefresh,high-skew-zipf,1787574284.416000,89.999947,request_duration_p99,all,0.4261745950292216
2026-08-24_12-23-14-416053_earlyRefresh,earlyRefresh,high-skew-zipf,1787574285.416000,90.999947,request_duration_p99,all,0.4261764705882337
2026-08-24_12-23-14-416053_earlyRefresh,earlyRefresh,high-skew-zipf,1787574286.416000,91.999947,request_duration_p99,all,0.3050012038969222
2026-08-24_12-23-14-416053_earlyRefresh,earlyRefresh,high-skew-zipf,1787574287.416000,92.999947,request_duration_p99,all,0.34159332222053745
2026-08-24_12-23-14-416053_earlyRefresh,earlyRefresh,high-skew-zipf,1787574288.416000,93.999947,request_duration_p99,all,0.41200000000000014
2026-08-24_12-23-14-416053_earlyRefresh,earlyRefresh,high-skew-zipf,1787574289.416000,94.999947,request_duration_p99,all,0.4123750069456014
2026-08-24_12-23-14-416053_earlyRefresh,earlyRefresh,high-skew-zipf,1787574290.416000,95.999947,request_duration_p99,all,0.40736842105263193
2026-08-24_12-23-14-416053_earlyRefresh,earlyRefresh,high-skew-zipf,1787574291.416000,96.999947,request_duration_p99,all,0.37446428571428503
2026-08-24_12-23-14-416053_earlyRefresh,earlyRefresh,high-skew-zipf,1787574292.416000,97.999947,request_duration_p99,all,0.37517857142857225
2026-08-24_12-23-14-416053_earlyRefresh,earlyRefresh,high-skew-zipf,1787574293.416000,98.999947,request_duration_p99,all,0.3750000000000011
2026-08-24_12-23-14-416053_earlyRefresh,earlyRefresh,high-skew-zipf,1787574294.416000,99.999947,request_duration_p99,all,0.37446431547784337
2026-08-24_12-23-14-416053_earlyRefresh,earlyRefresh,high-skew-zipf,1787574295.416000,100.999947,request_duration_p99,all,0.3653846153846163
2026-08-24_12-23-14-416053_earlyRefresh,earlyRefresh,high-skew-zipf,1787574296.416000,101.999947,request_duration_p99,all,0.33886769296039243
2026-08-24_12-23-14-416053_earlyRefresh,earlyRefresh,high-skew-zipf,1787574297.416000,102.999947,request_duration_p99,all,0.23628181818181823
2026-08-24_12-23-14-416053_earlyRefresh,earlyRefresh,high-skew-zipf,1787574298.416000,103.999947,request_duration_p99,all,0.32450000000000023
2026-08-24_12-23-14-416053_earlyRefresh,earlyRefresh,high-skew-zipf,1787574299.416000,104.999947,request_duration_p99,all,0.3535430343997399
2026-08-24_12-23-14-416053_earlyRefresh,earlyRefresh,high-skew-zipf,1787574300.416000,105.999947,request_duration_p99,all,0.3539583333333333
2026-08-24_12-23-14-416053_earlyRefresh,earlyRefresh,high-skew-zipf,1787574301.416000,106.999947,request_duration_p99,all,0.37464285714285595
2026-08-24_12-23-14-416053_earlyRefresh,earlyRefresh,high-skew-zipf,1787574302.416000,107.999947,request_duration_p99,all,0.3969117647058825
2026-08-24_12-23-14-416053_earlyRefresh,earlyRefresh,high-skew-zipf,1787574303.416000,108.999947,request_duration_p99,all,0.42068181818181855
2026-08-24_12-23-14-416053_earlyRefresh,earlyRefresh,high-skew-zipf,1787574304.416000,109.999947,request_duration_p99,all,0.43956896551724145
2026-08-24_12-23-14-416053_earlyRefresh,earlyRefresh,high-skew-zipf,1787574305.416000,110.999947,request_duration_p99,all,0.44681791323670517
2026-08-24_12-23-14-416053_earlyRefresh,earlyRefresh,high-skew-zipf,1787574306.416000,111.999947,request_duration_p99,all,0.4468939393939394
2026-08-24_12-23-14-416053_earlyRefresh,earlyRefresh,high-skew-zipf,1787574307.416000,112.999947,request_duration_p99,all,0.42980046802288074
2026-08-24_12-23-14-416053_earlyRefresh,earlyRefresh,high-skew-zipf,1787574308.416000,113.999947,request_duration_p99,all,0.4239130434782611
2026-08-24_12-23-14-416053_earlyRefresh,earlyRefresh,high-skew-zipf,1787574309.416000,114.999947,request_duration_p99,all,0.4416666666666671
2026-08-24_12-23-14-416053_earlyRefresh,earlyRefresh,high-skew-zipf,1787574310.416000,115.999947,request_duration_p99,all,0.44659090909090926
2026-08-24_12-23-14-416053_earlyRefresh,earlyRefresh,high-skew-zipf,1787574311.416000,116.999947,request_duration_p99,all,0.441250222233745
2026-08-24_12-23-14-416053_earlyRefresh,earlyRefresh,high-skew-zipf,1787574312.416000,117.999947,request_duration_p99,all,0.43500039100925664
2026-08-24_12-23-14-416053_earlyRefresh,earlyRefresh,high-skew-zipf,1787574313.416000,118.999947,request_duration_p99,all,0.42960012313135854
2026-08-24_12-23-14-416053_earlyRefresh,earlyRefresh,high-skew-zipf,1787574314.416000,119.999947,request_duration_p99,all,0.43010000000000015
2026-08-24_12-23-14-416053_earlyRefresh,earlyRefresh,high-skew-zipf,1787574315.416000,120.999947,request_duration_p99,all,0.45138920444021857
2026-08-24_12-23-14-416053_earlyRefresh,earlyRefresh,high-skew-zipf,1787574316.416000,121.999947,request_duration_p99,all,0.45612499999999967
2026-08-24_12-23-14-416053_earlyRefresh,earlyRefresh,high-skew-zipf,1787574317.416000,122.999947,request_duration_p99,all,0.4582738095238097
2026-08-24_12-23-14-416053_earlyRefresh,earlyRefresh,high-skew-zipf,1787574318.416000,123.999947,request_duration_p99,all,0.45236551243583906
2026-08-24_12-23-14-416053_earlyRefresh,earlyRefresh,high-skew-zipf,1787574319.416000,124.999947,request_duration_p99,all,0.44539062500000026
2026-08-24_12-23-14-416053_earlyRefresh,earlyRefresh,high-skew-zipf,1787574320.416000,125.999947,request_duration_p99,all,0.44507736639948825
2026-08-24_12-23-14-416053_earlyRefresh,earlyRefresh,high-skew-zipf,1787574321.416000,126.999947,request_duration_p99,all,0.4411666666666667
2026-08-24_12-23-14-416053_earlyRefresh,earlyRefresh,high-skew-zipf,1787574322.416000,127.999947,request_duration_p99,all,0.42687499999999967
2026-08-24_12-23-14-416053_earlyRefresh,earlyRefresh,high-skew-zipf,1787574323.416000,128.999947,request_duration_p99,all,0.41187500000000044
2026-08-24_12-23-14-416053_earlyRefresh,earlyRefresh,high-skew-zipf,1787574324.416000,129.999947,request_duration_p99,all,0.304722222222221
2026-08-24_12-23-14-416053_earlyRefresh,earlyRefresh,high-skew-zipf,1787574325.416000,130.999947,request_duration_p99,all,0.24524218749999965
2026-08-24_12-23-14-416053_earlyRefresh,earlyRefresh,high-skew-zipf,1787574326.416000,131.999947,request_duration_p99,all,0.24009020523254618
2026-08-24_12-23-14-416053_earlyRefresh,earlyRefresh,high-skew-zipf,1787574327.416000,132.999947,request_duration_p99,all,0.23415787401344582
2026-08-24_12-23-14-416053_earlyRefresh,earlyRefresh,high-skew-zipf,1787574328.416000,133.999947,request_duration_p99,all,0.23387491815053962
2026-08-24_12-23-14-416053_earlyRefresh,earlyRefresh,high-skew-zipf,1787574329.416000,134.999947,request_duration_p99,all,0.24163888888888854
2026-08-24_12-23-14-416053_earlyRefresh,earlyRefresh,high-skew-zipf,1787574330.416000,135.999947,request_duration_p99,all,0.3406818181818177
2026-08-24_12-23-14-416053_earlyRefresh,earlyRefresh,high-skew-zipf,1787574331.416000,136.999947,request_duration_p99,all,0.34090663003514976
2026-08-24_12-23-14-416053_earlyRefresh,earlyRefresh,high-skew-zipf,1787574332.416000,137.999947,request_duration_p99,all,0.3751795522008984
2026-08-24_12-23-14-416053_earlyRefresh,earlyRefresh,high-skew-zipf,1787574333.416000,138.999947,request_duration_p99,all,0.39093674257418776
2026-08-24_12-23-14-416053_earlyRefresh,earlyRefresh,high-skew-zipf,1787574334.416000,139.999947,request_duration_p99,all,0.40776288087022616
2026-08-24_12-23-14-416053_earlyRefresh,earlyRefresh,high-skew-zipf,1787574335.416000,140.999947,request_duration_p99,all,0.4399149537365189
2026-08-24_12-23-14-416053_earlyRefresh,earlyRefresh,high-skew-zipf,1787574336.416000,141.999947,request_duration_p99,all,0.45493589743589713
2026-08-24_12-23-14-416053_earlyRefresh,earlyRefresh,high-skew-zipf,1787574337.416000,142.999947,request_duration_p99,all,0.45374865493143024
2026-08-24_12-23-14-416053_earlyRefresh,earlyRefresh,high-skew-zipf,1787574338.416000,143.999947,request_duration_p99,all,0.45618749999999997
2026-08-24_12-23-14-416053_earlyRefresh,earlyRefresh,high-skew-zipf,1787574339.416000,144.999947,request_duration_p99,all,0.44823529411764734
2026-08-24_12-23-14-416053_earlyRefresh,earlyRefresh,high-skew-zipf,1787574340.416000,145.999947,request_duration_p99,all,0.44816243010323953
2026-08-24_12-23-14-416053_earlyRefresh,earlyRefresh,high-skew-zipf,1787574341.416000,146.999947,request_duration_p99,all,0.44330645161290283
2026-08-24_12-23-14-416053_earlyRefresh,earlyRefresh,high-skew-zipf,1787574342.416000,147.999947,request_duration_p99,all,0.43896656960036795
2026-08-24_12-23-14-416053_earlyRefresh,earlyRefresh,high-skew-zipf,1787574343.416000,148.999947,request_duration_p99,all,0.43259615384615396
2026-08-24_12-23-14-416053_earlyRefresh,earlyRefresh,high-skew-zipf,1787574344.416000,149.999947,request_duration_p99,all,0.4018037445205901
2026-08-24_12-23-14-416053_earlyRefresh,earlyRefresh,high-skew-zipf,1787574345.416000,150.999947,request_duration_p99,all,0.282815464862687
2026-08-24_12-23-14-416053_earlyRefresh,earlyRefresh,high-skew-zipf,1787574346.416000,151.999947,request_duration_p99,all,0.4271864943207342
2026-08-24_12-23-14-416053_earlyRefresh,earlyRefresh,high-skew-zipf,1787574347.416000,152.999947,request_duration_p99,all,0.4297985958939119
2026-08-24_12-23-14-416053_earlyRefresh,earlyRefresh,high-skew-zipf,1787574348.416000,153.999947,request_duration_p99,all,0.42708333333333326
2026-08-24_12-23-14-416053_earlyRefresh,earlyRefresh,high-skew-zipf,1787574349.416000,154.999947,request_duration_p99,all,0.4301999999999999
2026-08-24_12-23-14-416053_earlyRefresh,earlyRefresh,high-skew-zipf,1787574350.416000,155.999947,request_duration_p99,all,0.43509496588224683
2026-08-24_12-23-14-416053_earlyRefresh,earlyRefresh,high-skew-zipf,1787574351.416000,156.999947,request_duration_p99,all,0.4351863957924367
2026-08-24_12-23-14-416053_earlyRefresh,earlyRefresh,high-skew-zipf,1787574352.416000,157.999947,request_duration_p99,all,0.4414155864597604
2026-08-24_12-23-14-416053_earlyRefresh,earlyRefresh,high-skew-zipf,1787574353.416000,158.999947,request_duration_p99,all,0.43750000000000056
2026-08-24_12-23-14-416053_earlyRefresh,earlyRefresh,high-skew-zipf,1787574354.416000,159.999947,request_duration_p99,all,0.4497862682785901
2026-08-24_12-23-14-416053_earlyRefresh,earlyRefresh,high-skew-zipf,1787574355.416000,160.999947,request_duration_p99,all,0.4295000000000004
2026-08-24_12-23-14-416053_earlyRefresh,earlyRefresh,high-skew-zipf,1787574356.416000,161.999947,request_duration_p99,all,0.42034129248951896
2026-08-24_12-23-14-416053_earlyRefresh,earlyRefresh,high-skew-zipf,1787574357.416000,162.999947,request_duration_p99,all,0.4233693861479889
2026-08-24_12-23-14-416053_earlyRefresh,earlyRefresh,high-skew-zipf,1787574358.416000,163.999947,request_duration_p99,all,0.41988635732358315
2026-08-24_12-23-14-416053_earlyRefresh,earlyRefresh,high-skew-zipf,1787574359.416000,164.999947,request_duration_p99,all,0.4122499861103397
2026-08-24_12-23-14-416053_earlyRefresh,earlyRefresh,high-skew-zipf,1787574360.416000,165.999947,request_duration_p99,all,0.41666645944658975
2026-08-24_12-23-14-416053_earlyRefresh,earlyRefresh,high-skew-zipf,1787574361.416000,166.999947,request_duration_p99,all,0.4203409090909088
2026-08-24_12-23-14-416053_earlyRefresh,earlyRefresh,high-skew-zipf,1787574362.416000,167.999947,request_duration_p99,all,0.4296998382308498
2026-08-24_12-23-14-416053_earlyRefresh,earlyRefresh,high-skew-zipf,1787574363.416000,168.999947,request_duration_p99,all,0.4022210460041852
2026-08-24_12-23-14-416053_earlyRefresh,earlyRefresh,high-skew-zipf,1787574364.416000,169.999947,request_duration_p99,all,0.3644213281483694
2026-08-24_12-23-14-416053_earlyRefresh,earlyRefresh,high-skew-zipf,1787574365.416000,170.999947,request_duration_p99,all,0.32399801675480866
2026-08-24_12-23-14-416053_earlyRefresh,earlyRefresh,high-skew-zipf,1787574366.416000,171.999947,request_duration_p99,all,0.3052813680468107
2026-08-24_12-23-14-416053_earlyRefresh,earlyRefresh,high-skew-zipf,1787574367.416000,172.999947,request_duration_p99,all,0.3049999999999997
2026-08-24_12-23-14-416053_earlyRefresh,earlyRefresh,high-skew-zipf,1787574368.416000,173.999947,request_duration_p99,all,0.3402272727272707
2026-08-24_12-23-14-416053_earlyRefresh,earlyRefresh,high-skew-zipf,1787574369.416000,174.999947,request_duration_p99,all,0.3244999722206783
2026-08-24_12-23-14-416053_earlyRefresh,earlyRefresh,high-skew-zipf,1787574370.416000,175.999947,request_duration_p99,all,0.24744999999999975
2026-08-24_12-23-14-416053_earlyRefresh,earlyRefresh,high-skew-zipf,1787574371.416000,176.999947,request_duration_p99,all,0.242874618461763
2026-08-24_12-23-14-416053_earlyRefresh,earlyRefresh,high-skew-zipf,1787574372.416000,177.999947,request_duration_p99,all,0.24744262295081937
2026-08-24_12-23-14-416053_earlyRefresh,earlyRefresh,high-skew-zipf,1787574373.416000,178.999947,request_duration_p99,all,0.24531250000000024
2026-08-24_12-23-14-416053_earlyRefresh,earlyRefresh,high-skew-zipf,1787574374.416000,179.999947,request_duration_p99,all,0.24543116494751624
2026-08-24_12-23-14-416053_earlyRefresh,earlyRefresh,high-skew-zipf,1787574375.416000,180.999947,request_duration_p99,all,0.24778358208955215
2026-08-24_12-23-14-416053_earlyRefresh,earlyRefresh,high-skew-zipf,1787574376.416000,181.999947,request_duration_p99,all,0.32475000000000065
2026-08-24_12-23-14-416053_earlyRefresh,earlyRefresh,high-skew-zipf,1787574377.416000,182.999947,request_duration_p99,all,0.28062500000000123
2026-08-24_12-23-14-416053_earlyRefresh,earlyRefresh,high-skew-zipf,1787574378.416000,183.999947,request_duration_p99,all,0.4031950498228102
2026-08-24_12-23-14-416053_earlyRefresh,earlyRefresh,high-skew-zipf,1787574379.416000,184.999947,request_duration_p99,all,0.46268443516986335
2026-08-24_12-23-14-416053_earlyRefresh,earlyRefresh,high-skew-zipf,1787574380.416000,185.999947,request_duration_p99,all,0.461633943836552
2026-08-24_12-23-14-416053_earlyRefresh,earlyRefresh,high-skew-zipf,1787574381.416000,186.999947,request_duration_p99,all,0.45969953958215565
2026-08-24_12-23-14-416053_earlyRefresh,earlyRefresh,high-skew-zipf,1787574382.416000,187.999947,request_duration_p99,all,0.45969953958215565
2026-08-24_12-23-14-416053_earlyRefresh,earlyRefresh,high-skew-zipf,1787574383.416000,188.999947,request_duration_p99,all,0.45999999999999897
2026-08-24_12-23-14-416053_earlyRefresh,earlyRefresh,high-skew-zipf,1787574384.416000,189.999947,request_duration_p99,all,0.4694696969696972
2026-08-24_12-23-14-416053_earlyRefresh,earlyRefresh,high-skew-zipf,1787574385.416000,190.999947,request_duration_p99,all,0.46641724941293217
2026-08-24_12-23-14-416053_earlyRefresh,earlyRefresh,high-skew-zipf,1787574386.416000,191.999947,request_duration_p99,all,0.47215324569498973
2026-08-24_12-23-14-416053_earlyRefresh,earlyRefresh,high-skew-zipf,1787574387.416000,192.999947,request_duration_p99,all,0.46330202661946923
2026-08-24_12-23-14-416053_earlyRefresh,earlyRefresh,high-skew-zipf,1787574388.416000,193.999947,request_duration_p99,all,0.4076307686459354
2026-08-24_12-23-14-416053_earlyRefresh,earlyRefresh,high-skew-zipf,1787574389.416000,194.999947,request_duration_p99,all,0.42666738035497714
2026-08-24_12-23-14-416053_earlyRefresh,earlyRefresh,high-skew-zipf,1787574390.416000,195.999947,request_duration_p99,all,0.43956896551724145
2026-08-24_12-23-14-416053_earlyRefresh,earlyRefresh,high-skew-zipf,1787574391.416000,196.999947,request_duration_p99,all,0.43956954917467506
2026-08-24_12-23-14-416053_earlyRefresh,earlyRefresh,high-skew-zipf,1787574392.416000,197.999947,request_duration_p99,all,0.4540131578947365
2026-08-24_12-23-14-416053_earlyRefresh,earlyRefresh,high-skew-zipf,1787574393.416000,198.999947,request_duration_p99,all,0.45131883961804153
2026-08-24_12-23-14-416053_earlyRefresh,earlyRefresh,high-skew-zipf,1787574394.416000,199.999947,request_duration_p99,all,0.4501423111353784
2026-08-24_12-23-14-416053_earlyRefresh,earlyRefresh,high-skew-zipf,1787574395.416000,200.999947,request_duration_p99,all,0.45249949701965353
2026-08-24_12-23-14-416053_earlyRefresh,earlyRefresh,high-skew-zipf,1787574396.416000,201.999947,request_duration_p99,all,0.45256778121434144
2026-08-24_12-23-14-416053_earlyRefresh,earlyRefresh,high-skew-zipf,1787574397.416000,202.999947,request_duration_p99,all,0.45283823268859474
2026-08-24_12-23-14-416053_earlyRefresh,earlyRefresh,high-skew-zipf,1787574398.416000,203.999947,request_duration_p99,all,0.4590695094786241
2026-08-24_12-23-14-416053_earlyRefresh,earlyRefresh,high-skew-zipf,1787574399.416000,204.999947,request_duration_p99,all,0.4525003603776754
2026-08-24_12-23-14-416053_earlyRefresh,earlyRefresh,high-skew-zipf,1787574400.416000,205.999947,request_duration_p99,all,0.4527023476349483
2026-08-24_12-23-14-416053_earlyRefresh,earlyRefresh,high-skew-zipf,1787574401.416000,206.999947,request_duration_p99,all,0.43714332626950486
2026-08-24_12-23-14-416053_earlyRefresh,earlyRefresh,high-skew-zipf,1787574402.416000,207.999947,request_duration_p99,all,0.43211567476769663
2026-08-24_12-23-14-416053_earlyRefresh,earlyRefresh,high-skew-zipf,1787574403.416000,208.999947,request_duration_p99,all,0.4393959759191272
2026-08-24_12-23-14-416053_earlyRefresh,earlyRefresh,high-skew-zipf,1787574404.416000,209.999947,request_duration_p99,all,0.42969922430654295
2026-08-24_12-23-14-416053_earlyRefresh,earlyRefresh,high-skew-zipf,1787574405.416000,210.999947,request_duration_p99,all,0.4298995270291291
2026-08-24_12-23-14-416053_earlyRefresh,earlyRefresh,high-skew-zipf,1787574406.416000,211.999947,request_duration_p99,all,0.4292999999999995
2026-08-24_12-23-14-416053_earlyRefresh,earlyRefresh,high-skew-zipf,1787574407.416000,212.999947,request_duration_p99,all,0.3749970232425219
2026-08-24_12-23-14-416053_earlyRefresh,earlyRefresh,high-skew-zipf,1787574408.416000,213.999947,request_duration_p99,all,0.3748214285714295
2026-08-24_12-23-14-416053_earlyRefresh,earlyRefresh,high-skew-zipf,1787574409.416000,214.999947,request_duration_p99,all,0.3746398520353079
2026-08-24_12-23-14-416053_earlyRefresh,earlyRefresh,high-skew-zipf,1787574410.416000,215.999947,request_duration_p99,all,0.38283333333333336
2026-08-24_12-23-14-416053_earlyRefresh,earlyRefresh,high-skew-zipf,1787574411.416000,216.999947,request_duration_p99,all,0.4027790089011244
2026-08-24_12-23-14-416053_earlyRefresh,earlyRefresh,high-skew-zipf,1787574412.416000,217.999947,request_duration_p99,all,0.3825000000000006
2026-08-24_12-23-14-416053_earlyRefresh,earlyRefresh,high-skew-zipf,1787574413.416000,218.999947,request_duration_p99,all,0.3541666666666689
2026-08-24_12-23-14-416053_earlyRefresh,earlyRefresh,high-skew-zipf,1787574414.416000,219.999947,request_duration_p99,all,0.39676470588235263
2026-08-24_12-23-14-416053_earlyRefresh,earlyRefresh,high-skew-zipf,1787574415.416000,220.999947,request_duration_p99,all,0.40291428492061576
2026-08-24_12-23-14-416053_earlyRefresh,earlyRefresh,high-skew-zipf,1787574416.416000,221.999947,request_duration_p99,all,0.4120009777125976
2026-08-24_12-23-14-416053_earlyRefresh,earlyRefresh,high-skew-zipf,1787574417.416000,222.999947,request_duration_p99,all,0.4166655775264963
2026-08-24_12-23-14-416053_earlyRefresh,earlyRefresh,high-skew-zipf,1787574418.416000,223.999947,request_duration_p99,all,0.4432247710532444
2026-08-24_12-23-14-416053_earlyRefresh,earlyRefresh,high-skew-zipf,1787574419.416000,224.999947,request_duration_p99,all,0.44322439989533824
2026-08-24_12-23-14-416053_earlyRefresh,earlyRefresh,high-skew-zipf,1787574420.416000,225.999947,request_duration_p99,all,0.4269785484124854
2026-08-24_12-23-14-416053_earlyRefresh,earlyRefresh,high-skew-zipf,1787574421.416000,226.999947,request_duration_p99,all,0.43278846153846107
2026-08-24_12-23-14-416053_earlyRefresh,earlyRefresh,high-skew-zipf,1787574422.416000,227.999947,request_duration_p99,all,0.43939655172413766
2026-08-24_12-23-14-416053_earlyRefresh,earlyRefresh,high-skew-zipf,1787574423.416000,228.999947,request_duration_p99,all,0.42011363636363586
2026-08-24_12-23-14-416053_earlyRefresh,earlyRefresh,high-skew-zipf,1787574424.416000,229.999947,request_duration_p99,all,0.41631020789349743
2026-08-24_12-23-14-416053_earlyRefresh,earlyRefresh,high-skew-zipf,1787574425.416000,230.999947,request_duration_p99,all,0.40763076864593606
2026-08-24_12-23-14-416053_earlyRefresh,earlyRefresh,high-skew-zipf,1787574426.416000,231.999947,request_duration_p99,all,0.4075002777615338
2026-08-24_12-23-14-416053_earlyRefresh,earlyRefresh,high-skew-zipf,1787574427.416000,232.999947,request_duration_p99,all,0.3748234255327595
2026-08-24_12-23-14-416053_earlyRefresh,earlyRefresh,high-skew-zipf,1787574428.416000,233.999947,request_duration_p99,all,0.36500173084319776
2026-08-24_12-23-14-416053_earlyRefresh,earlyRefresh,high-skew-zipf,1787574429.416000,234.999947,request_duration_p99,all,0.3539583333333333
2026-08-24_12-23-14-416053_earlyRefresh,earlyRefresh,high-skew-zipf,1787574430.416000,235.999947,request_duration_p99,all,0.3646153846153868
2026-08-24_12-23-14-416053_earlyRefresh,earlyRefresh,high-skew-zipf,1787574431.416000,236.999947,request_duration_p99,all,0.32424605290934655
2026-08-24_12-23-14-416053_earlyRefresh,earlyRefresh,high-skew-zipf,1787574432.416000,237.999947,request_duration_p99,all,0.36519172080697615
2026-08-24_12-23-14-416053_earlyRefresh,earlyRefresh,high-skew-zipf,1787574433.416000,238.999947,request_duration_p99,all,0.3651923076923079
2026-08-24_12-23-14-416053_earlyRefresh,earlyRefresh,high-skew-zipf,1787574434.416000,239.999947,request_duration_p99,all,0.38350000000000084
2026-08-24_12-23-14-416053_earlyRefresh,earlyRefresh,high-skew-zipf,1787574194.416000,-0.000053,adaptive_ttl_factor,all,1
2026-08-24_12-23-14-416053_earlyRefresh,earlyRefresh,high-skew-zipf,1787574195.416000,0.999947,adaptive_ttl_factor,all,1
2026-08-24_12-23-14-416053_earlyRefresh,earlyRefresh,high-skew-zipf,1787574196.416000,1.999947,adaptive_ttl_factor,all,1
2026-08-24_12-23-14-416053_earlyRefresh,earlyRefresh,high-skew-zipf,1787574197.416000,2.999947,adaptive_ttl_factor,all,1
2026-08-24_12-23-14-416053_earlyRefresh,earlyRefresh,high-skew-zipf,1787574198.416000,3.999947,adaptive_ttl_factor,all,1
2026-08-24_12-23-14-416053_earlyRefresh,earlyRefresh,high-skew-zipf,1787574199.416000,4.999947,adaptive_ttl_factor,all,1
2026-08-24_12-23-14-416053_earlyRefresh,earlyRefresh,high-skew-zipf,1787574200.416000,5.999947,adaptive_ttl_factor,all,1
2026-08-24_12-23-14-416053_earlyRefresh,earlyRefresh,high-skew-zipf,1787574201.416000,6.999947,adaptive_ttl_factor,all,1
2026-08-24_12-23-14-416053_earlyRefresh,earlyRefresh,high-skew-zipf,1787574202.416000,7.999947,adaptive_ttl_factor,all,1
2026-08-24_12-23-14-416053_earlyRefresh,earlyRefresh,high-skew-zipf,1787574203.416000,8.999947,adaptive_ttl_factor,all,1
2026-08-24_12-23-14-416053_earlyRefresh,earlyRefresh,high-skew-zipf,1787574204.416000,9.999947,adaptive_ttl_factor,all,1
2026-08-24_12-23-14-416053_earlyRefresh,earlyRefresh,high-skew-zipf,1787574205.416000,10.999947,adaptive_ttl_factor,all,1
2026-08-24_12-23-14-416053_earlyRefresh,earlyRefresh,high-skew-zipf,1787574206.416000,11.999947,adaptive_ttl_factor,all,1
2026-08-24_12-23-14-416053_earlyRefresh,earlyRefresh,high-skew-zipf,1787574207.416000,12.999947,adaptive_ttl_factor,all,1
2026-08-24_12-23-14-416053_earlyRefresh,earlyRefresh,high-skew-zipf,1787574208.416000,13.999947,adaptive_ttl_factor,all,1
2026-08-24_12-23-14-416053_earlyRefresh,earlyRefresh,high-skew-zipf,1787574209.416000,14.999947,adaptive_ttl_factor,all,1
2026-08-24_12-23-14-416053_earlyRefresh,earlyRefresh,high-skew-zipf,1787574210.416000,15.999947,adaptive_ttl_factor,all,1
2026-08-24_12-23-14-416053_earlyRefresh,earlyRefresh,high-skew-zipf,1787574211.416000,16.999947,adaptive_ttl_factor,all,1
2026-08-24_12-23-14-416053_earlyRefresh,earlyRefresh,high-skew-zipf,1787574212.416000,17.999947,adaptive_ttl_factor,all,1
2026-08-24_12-23-14-416053_earlyRefresh,earlyRefresh,high-skew-zipf,1787574213.416000,18.999947,adaptive_ttl_factor,all,1
2026-08-24_12-23-14-416053_earlyRefresh,earlyRefresh,high-skew-zipf,1787574214.416000,19.999947,adaptive_ttl_factor,all,1
2026-08-24_12-23-14-416053_earlyRefresh,earlyRefresh,high-skew-zipf,1787574215.416000,20.999947,adaptive_ttl_factor,all,1
2026-08-24_12-23-14-416053_earlyRefresh,earlyRefresh,high-skew-zipf,1787574216.416000,21.999947,adaptive_ttl_factor,all,1
2026-08-24_12-23-14-416053_earlyRefresh,earlyRefresh,high-skew-zipf,1787574217.416000,22.999947,adaptive_ttl_factor,all,1
2026-08-24_12-23-14-416053_earlyRefresh,earlyRefresh,high-skew-zipf,1787574218.416000,23.999947,adaptive_ttl_factor,all,1
2026-08-24_12-23-14-416053_earlyRefresh,earlyRefresh,high-skew-zipf,1787574219.416000,24.999947,adaptive_ttl_factor,all,1
2026-08-24_12-23-14-416053_earlyRefresh,earlyRefresh,high-skew-zipf,1787574220.416000,25.999947,adaptive_ttl_factor,all,1
2026-08-24_12-23-14-416053_earlyRefresh,earlyRefresh,high-skew-zipf,1787574221.416000,26.999947,adaptive_ttl_factor,all,1
2026-08-24_12-23-14-416053_earlyRefresh,earlyRefresh,high-skew-zipf,1787574222.416000,27.999947,adaptive_ttl_factor,all,1
2026-08-24_12-23-14-416053_earlyRefresh,earlyRefresh,high-skew-zipf,1787574223.416000,28.999947,adaptive_ttl_factor,all,1
2026-08-24_12-23-14-416053_earlyRefresh,earlyRefresh,high-skew-zipf,1787574224.416000,29.999947,adaptive_ttl_factor,all,1
2026-08-24_12-23-14-416053_earlyRefresh,earlyRefresh,high-skew-zipf,1787574225.416000,30.999947,adaptive_ttl_factor,all,1
2026-08-24_12-23-14-416053_earlyRefresh,earlyRefresh,high-skew-zipf,1787574226.416000,31.999947,adaptive_ttl_factor,all,1
2026-08-24_12-23-14-416053_earlyRefresh,earlyRefresh,high-skew-zipf,1787574227.416000,32.999947,adaptive_ttl_factor,all,1
2026-08-24_12-23-14-416053_earlyRefresh,earlyRefresh,high-skew-zipf,1787574228.416000,33.999947,adaptive_ttl_factor,all,1
2026-08-24_12-23-14-416053_earlyRefresh,earlyRefresh,high-skew-zipf,1787574229.416000,34.999947,adaptive_ttl_factor,all,1
2026-08-24_12-23-14-416053_earlyRefresh,earlyRefresh,high-skew-zipf,1787574230.416000,35.999947,adaptive_ttl_factor,all,1
2026-08-24_12-23-14-416053_earlyRefresh,earlyRefresh,high-skew-zipf,1787574231.416000,36.999947,adaptive_ttl_factor,all,1
2026-08-24_12-23-14-416053_earlyRefresh,earlyRefresh,high-skew-zipf,1787574232.416000,37.999947,adaptive_ttl_factor,all,1
2026-08-24_12-23-14-416053_earlyRefresh,earlyRefresh,high-skew-zipf,1787574233.416000,38.999947,adaptive_ttl_factor,all,1
2026-08-24_12-23-14-416053_earlyRefresh,earlyRefresh,high-skew-zipf,1787574234.416000,39.999947,adaptive_ttl_factor,all,1
2026-08-24_12-23-14-416053_earlyRefresh,earlyRefresh,high-skew-zipf,1787574235.416000,40.999947,adaptive_ttl_factor,all,1
2026-08-24_12-23-14-416053_earlyRefresh,earlyRefresh,high-skew-zipf,1787574236.416000,41.999947,adaptive_ttl_factor,all,1
2026-08-24_12-23-14-416053_earlyRefresh,earlyRefresh,high-skew-zipf,1787574237.416000,42.999947,adaptive_ttl_factor,all,1
2026-08-24_12-23-14-416053_earlyRefresh,earlyRefresh,high-skew-zipf,1787574238.416000,43.999947,adaptive_ttl_factor,all,1
2026-08-24_12-23-14-416053_earlyRefresh,earlyRefresh,high-skew-zipf,1787574239.416000,44.999947,adaptive_ttl_factor,all,1
2026-08-24_12-23-14-416053_earlyRefresh,earlyRefresh,high-skew-zipf,1787574240.416000,45.999947,adaptive_ttl_factor,all,1
2026-08-24_12-23-14-416053_earlyRefresh,earlyRefresh,high-skew-zipf,1787574241.416000,46.999947,adaptive_ttl_factor,all,1
2026-08-24_12-23-14-416053_earlyRefresh,earlyRefresh,high-skew-zipf,1787574242.416000,47.999947,adaptive_ttl_factor,all,1
2026-08-24_12-23-14-416053_earlyRefresh,earlyRefresh,high-skew-zipf,1787574243.416000,48.999947,adaptive_ttl_factor,all,1
2026-08-24_12-23-14-416053_earlyRefresh,earlyRefresh,high-skew-zipf,1787574244.416000,49.999947,adaptive_ttl_factor,all,1
2026-08-24_12-23-14-416053_earlyRefresh,earlyRefresh,high-skew-zipf,1787574245.416000,50.999947,adaptive_ttl_factor,all,1
2026-08-24_12-23-14-416053_earlyRefresh,earlyRefresh,high-skew-zipf,1787574246.416000,51.999947,adaptive_ttl_factor,all,1
2026-08-24_12-23-14-416053_earlyRefresh,earlyRefresh,high-skew-zipf,1787574247.416000,52.999947,adaptive_ttl_factor,all,1
2026-08-24_12-23-14-416053_earlyRefresh,earlyRefresh,high-skew-zipf,1787574248.416000,53.999947,adaptive_ttl_factor,all,1
2026-08-24_12-23-14-416053_earlyRefresh,earlyRefresh,high-skew-zipf,1787574249.416000,54.999947,adaptive_ttl_factor,all,1
2026-08-24_12-23-14-416053_earlyRefresh,earlyRefresh,high-skew-zipf,1787574250.416000,55.999947,adaptive_ttl_factor,all,1
2026-08-24_12-23-14-416053_earlyRefresh,earlyRefresh,high-skew-zipf,1787574251.416000,56.999947,adaptive_ttl_factor,all,1
2026-08-24_12-23-14-416053_earlyRefresh,earlyRefresh,high-skew-zipf,1787574252.416000,57.999947,adaptive_ttl_factor,all,1
2026-08-24_12-23-14-416053_earlyRefresh,earlyRefresh,high-skew-zipf,1787574253.416000,58.999947,adaptive_ttl_factor,all,1
2026-08-24_12-23-14-416053_earlyRefresh,earlyRefresh,high-skew-zipf,1787574254.416000,59.999947,adaptive_ttl_factor,all,1
2026-08-24_12-23-14-416053_earlyRefresh,earlyRefresh,high-skew-zipf,1787574255.416000,60.999947,adaptive_ttl_factor,all,1
2026-08-24_12-23-14-416053_earlyRefresh,earlyRefresh,high-skew-zipf,1787574256.416000,61.999947,adaptive_ttl_factor,all,1
2026-08-24_12-23-14-416053_earlyRefresh,earlyRefresh,high-skew-zipf,1787574257.416000,62.999947,adaptive_ttl_factor,all,1
2026-08-24_12-23-14-416053_earlyRefresh,earlyRefresh,high-skew-zipf,1787574258.416000,63.999947,adaptive_ttl_factor,all,1
2026-08-24_12-23-14-416053_earlyRefresh,earlyRefresh,high-skew-zipf,1787574259.416000,64.999947,adaptive_ttl_factor,all,1
2026-08-24_12-23-14-416053_earlyRefresh,earlyRefresh,high-skew-zipf,1787574260.416000,65.999947,adaptive_ttl_factor,all,1
2026-08-24_12-23-14-416053_earlyRefresh,earlyRefresh,high-skew-zipf,1787574261.416000,66.999947,adaptive_ttl_factor,all,1
2026-08-24_12-23-14-416053_earlyRefresh,earlyRefresh,high-skew-zipf,1787574262.416000,67.999947,adaptive_ttl_factor,all,1
2026-08-24_12-23-14-416053_earlyRefresh,earlyRefresh,high-skew-zipf,1787574263.416000,68.999947,adaptive_ttl_factor,all,1
2026-08-24_12-23-14-416053_earlyRefresh,earlyRefresh,high-skew-zipf,1787574264.416000,69.999947,adaptive_ttl_factor,all,1
2026-08-24_12-23-14-416053_earlyRefresh,earlyRefresh,high-skew-zipf,1787574265.416000,70.999947,adaptive_ttl_factor,all,1
2026-08-24_12-23-14-416053_earlyRefresh,earlyRefresh,high-skew-zipf,1787574266.416000,71.999947,adaptive_ttl_factor,all,1
2026-08-24_12-23-14-416053_earlyRefresh,earlyRefresh,high-skew-zipf,1787574267.416000,72.999947,adaptive_ttl_factor,all,1
2026-08-24_12-23-14-416053_earlyRefresh,earlyRefresh,high-skew-zipf,1787574268.416000,73.999947,adaptive_ttl_factor,all,1
2026-08-24_12-23-14-416053_earlyRefresh,earlyRefresh,high-skew-zipf,1787574269.416000,74.999947,adaptive_ttl_factor,all,1
2026-08-24_12-23-14-416053_earlyRefresh,earlyRefresh,high-skew-zipf,1787574270.416000,75.999947,adaptive_ttl_factor,all,1
2026-08-24_12-23-14-416053_earlyRefresh,earlyRefresh,high-skew-zipf,1787574271.416000,76.999947,adaptive_ttl_factor,all,1
2026-08-24_12-23-14-416053_earlyRefresh,earlyRefresh,high-skew-zipf,1787574272.416000,77.999947,adaptive_ttl_factor,all,1
2026-08-24_12-23-14-416053_earlyRefresh,earlyRefresh,high-skew-zipf,1787574273.416000,78.999947,adaptive_ttl_factor,all,1
2026-08-24_12-23-14-416053_earlyRefresh,earlyRefresh,high-skew-zipf,1787574274.416000,79.999947,adaptive_ttl_factor,all,1
2026-08-24_12-23-14-416053_earlyRefresh,earlyRefresh,high-skew-zipf,1787574275.416000,80.999947,adaptive_ttl_factor,all,1
2026-08-24_12-23-14-416053_earlyRefresh,earlyRefresh,high-skew-zipf,1787574276.416000,81.999947,adaptive_ttl_factor,all,1
2026-08-24_12-23-14-416053_earlyRefresh,earlyRefresh,high-skew-zipf,1787574277.416000,82.999947,adaptive_ttl_factor,all,1
2026-08-24_12-23-14-416053_earlyRefresh,earlyRefresh,high-skew-zipf,1787574278.416000,83.999947,adaptive_ttl_factor,all,1
2026-08-24_12-23-14-416053_earlyRefresh,earlyRefresh,high-skew-zipf,1787574279.416000,84.999947,adaptive_ttl_factor,all,1
2026-08-24_12-23-14-416053_earlyRefresh,earlyRefresh,high-skew-zipf,1787574280.416000,85.999947,adaptive_ttl_factor,all,1
2026-08-24_12-23-14-416053_earlyRefresh,earlyRefresh,high-skew-zipf,1787574281.416000,86.999947,adaptive_ttl_factor,all,1
2026-08-24_12-23-14-416053_earlyRefresh,earlyRefresh,high-skew-zipf,1787574282.416000,87.999947,adaptive_ttl_factor,all,1
2026-08-24_12-23-14-416053_earlyRefresh,earlyRefresh,high-skew-zipf,1787574283.416000,88.999947,adaptive_ttl_factor,all,1
2026-08-24_12-23-14-416053_earlyRefresh,earlyRefresh,high-skew-zipf,1787574284.416000,89.999947,adaptive_ttl_factor,all,1
2026-08-24_12-23-14-416053_earlyRefresh,earlyRefresh,high-skew-zipf,1787574285.416000,90.999947,adaptive_ttl_factor,all,1
2026-08-24_12-23-14-416053_earlyRefresh,earlyRefresh,high-skew-zipf,1787574286.416000,91.999947,adaptive_ttl_factor,all,1
2026-08-24_12-23-14-416053_earlyRefresh,earlyRefresh,high-skew-zipf,1787574287.416000,92.999947,adaptive_ttl_factor,all,1
2026-08-24_12-23-14-416053_earlyRefresh,earlyRefresh,high-skew-zipf,1787574288.416000,93.999947,adaptive_ttl_factor,all,1
2026-08-24_12-23-14-416053_earlyRefresh,earlyRefresh,high-skew-zipf,1787574289.416000,94.999947,adaptive_ttl_factor,all,1
2026-08-24_12-23-14-416053_earlyRefresh,earlyRefresh,high-skew-zipf,1787574290.416000,95.999947,adaptive_ttl_factor,all,1
2026-08-24_12-23-14-416053_earlyRefresh,earlyRefresh,high-skew-zipf,1787574291.416000,96.999947,adaptive_ttl_factor,all,1
2026-08-24_12-23-14-416053_earlyRefresh,earlyRefresh,high-skew-zipf,1787574292.416000,97.999947,adaptive_ttl_factor,all,1
2026-08-24_12-23-14-416053_earlyRefresh,earlyRefresh,high-skew-zipf,1787574293.416000,98.999947,adaptive_ttl_factor,all,1
2026-08-24_12-23-14-416053_earlyRefresh,earlyRefresh,high-skew-zipf,1787574294.416000,99.999947,adaptive_ttl_factor,all,1
2026-08-24_12-23-14-416053_earlyRefresh,earlyRefresh,high-skew-zipf,1787574295.416000,100.999947,adaptive_ttl_factor,all,1
2026-08-24_12-23-14-416053_earlyRefresh,earlyRefresh,high-skew-zipf,1787574296.416000,101.999947,adaptive_ttl_factor,all,1
2026-08-24_12-23-14-416053_earlyRefresh,earlyRefresh,high-skew-zipf,1787574297.416000,102.999947,adaptive_ttl_factor,all,1
2026-08-24_12-23-14-416053_earlyRefresh,earlyRefresh,high-skew-zipf,1787574298.416000,103.999947,adaptive_ttl_factor,all,1
2026-08-24_12-23-14-416053_earlyRefresh,earlyRefresh,high-skew-zipf,1787574299.416000,104.999947,adaptive_ttl_factor,all,1
2026-08-24_12-23-14-416053_earlyRefresh,earlyRefresh,high-skew-zipf,1787574300.416000,105.999947,adaptive_ttl_factor,all,1
2026-08-24_12-23-14-416053_earlyRefresh,earlyRefresh,high-skew-zipf,1787574301.416000,106.999947,adaptive_ttl_factor,all,1
2026-08-24_12-23-14-416053_earlyRefresh,earlyRefresh,high-skew-zipf,1787574302.416000,107.999947,adaptive_ttl_factor,all,1
2026-08-24_12-23-14-416053_earlyRefresh,earlyRefresh,high-skew-zipf,1787574303.416000,108.999947,adaptive_ttl_factor,all,1
2026-08-24_12-23-14-416053_earlyRefresh,earlyRefresh,high-skew-zipf,1787574304.416000,109.999947,adaptive_ttl_factor,all,1
2026-08-24_12-23-14-416053_earlyRefresh,earlyRefresh,high-skew-zipf,1787574305.416000,110.999947,adaptive_ttl_factor,all,1
2026-08-24_12-23-14-416053_earlyRefresh,earlyRefresh,high-skew-zipf,1787574306.416000,111.999947,adaptive_ttl_factor,all,1
2026-08-24_12-23-14-416053_earlyRefresh,earlyRefresh,high-skew-zipf,1787574307.416000,112.999947,adaptive_ttl_factor,all,1
2026-08-24_12-23-14-416053_earlyRefresh,earlyRefresh,high-skew-zipf,1787574308.416000,113.999947,adaptive_ttl_factor,all,1
2026-08-24_12-23-14-416053_earlyRefresh,earlyRefresh,high-skew-zipf,1787574309.416000,114.999947,adaptive_ttl_factor,all,1
2026-08-24_12-23-14-416053_earlyRefresh,earlyRefresh,high-skew-zipf,1787574310.416000,115.999947,adaptive_ttl_factor,all,1
2026-08-24_12-23-14-416053_earlyRefresh,earlyRefresh,high-skew-zipf,1787574311.416000,116.999947,adaptive_ttl_factor,all,1
2026-08-24_12-23-14-416053_earlyRefresh,earlyRefresh,high-skew-zipf,1787574312.416000,117.999947,adaptive_ttl_factor,all,1
2026-08-24_12-23-14-416053_earlyRefresh,earlyRefresh,high-skew-zipf,1787574313.416000,118.999947,adaptive_ttl_factor,all,1
2026-08-24_12-23-14-416053_earlyRefresh,earlyRefresh,high-skew-zipf,1787574314.416000,119.999947,adaptive_ttl_factor,all,1
2026-08-24_12-23-14-416053_earlyRefresh,earlyRefresh,high-skew-zipf,1787574315.416000,120.999947,adaptive_ttl_factor,all,1
2026-08-24_12-23-14-416053_earlyRefresh,earlyRefresh,high-skew-zipf,1787574316.416000,121.999947,adaptive_ttl_factor,all,1
2026-08-24_12-23-14-416053_earlyRefresh,earlyRefresh,high-skew-zipf,1787574317.416000,122.999947,adaptive_ttl_factor,all,1
2026-08-24_12-23-14-416053_earlyRefresh,earlyRefresh,high-skew-zipf,1787574318.416000,123.999947,adaptive_ttl_factor,all,1
2026-08-24_12-23-14-416053_earlyRefresh,earlyRefresh,high-skew-zipf,1787574319.416000,124.999947,adaptive_ttl_factor,all,1
2026-08-24_12-23-14-416053_earlyRefresh,earlyRefresh,high-skew-zipf,1787574320.416000,125.999947,adaptive_ttl_factor,all,1
2026-08-24_12-23-14-416053_earlyRefresh,earlyRefresh,high-skew-zipf,1787574321.416000,126.999947,adaptive_ttl_factor,all,1
2026-08-24_12-23-14-416053_earlyRefresh,earlyRefresh,high-skew-zipf,1787574322.416000,127.999947,adaptive_ttl_factor,all,1
2026-08-24_12-23-14-416053_earlyRefresh,earlyRefresh,high-skew-zipf,1787574323.416000,128.999947,adaptive_ttl_factor,all,1
2026-08-24_12-23-14-416053_earlyRefresh,earlyRefresh,high-skew-zipf,1787574324.416000,129.999947,adaptive_ttl_factor,all,1
2026-08-24_12-23-14-416053_earlyRefresh,earlyRefresh,high-skew-zipf,1787574325.416000,130.999947,adaptive_ttl_factor,all,1
2026-08-24_12-23-14-416053_earlyRefresh,earlyRefresh,high-skew-zipf,1787574326.416000,131.999947,adaptive_ttl_factor,all,1
2026-08-24_12-23-14-416053_earlyRefresh,earlyRefresh,high-skew-zipf,1787574327.416000,132.999947,adaptive_ttl_factor,all,1
2026-08-24_12-23-14-416053_earlyRefresh,earlyRefresh,high-skew-zipf,1787574328.416000,133.999947,adaptive_ttl_factor,all,1
2026-08-24_12-23-14-416053_earlyRefresh,earlyRefresh,high-skew-zipf,1787574329.416000,134.999947,adaptive_ttl_factor,all,1
2026-08-24_12-23-14-416053_earlyRefresh,earlyRefresh,high-skew-zipf,1787574330.416000,135.999947,adaptive_ttl_factor,all,1
2026-08-24_12-23-14-416053_earlyRefresh,earlyRefresh,high-skew-zipf,1787574331.416000,136.999947,adaptive_ttl_factor,all,1
2026-08-24_12-23-14-416053_earlyRefresh,earlyRefresh,high-skew-zipf,1787574332.416000,137.999947,adaptive_ttl_factor,all,1
2026-08-24_12-23-14-416053_earlyRefresh,earlyRefresh,high-skew-zipf,1787574333.416000,138.999947,adaptive_ttl_factor,all,1
2026-08-24_12-23-14-416053_earlyRefresh,earlyRefresh,high-skew-zipf,1787574334.416000,139.999947,adaptive_ttl_factor,all,1
2026-08-24_12-23-14-416053_earlyRefresh,earlyRefresh,high-skew-zipf,1787574335.416000,140.999947,adaptive_ttl_factor,all,1
2026-08-24_12-23-14-416053_earlyRefresh,earlyRefresh,high-skew-zipf,1787574336.416000,141.999947,adaptive_ttl_factor,all,1
2026-08-24_12-23-14-416053_earlyRefresh,earlyRefresh,high-skew-zipf,1787574337.416000,142.999947,adaptive_ttl_factor,all,1
2026-08-24_12-23-14-416053_earlyRefresh,earlyRefresh,high-skew-zipf,1787574338.416000,143.999947,adaptive_ttl_factor,all,1
2026-08-24_12-23-14-416053_earlyRefresh,earlyRefresh,high-skew-zipf,1787574339.416000,144.999947,adaptive_ttl_factor,all,1
2026-08-24_12-23-14-416053_earlyRefresh,earlyRefresh,high-skew-zipf,1787574340.416000,145.999947,adaptive_ttl_factor,all,1
2026-08-24_12-23-14-416053_earlyRefresh,earlyRefresh,high-skew-zipf,1787574341.416000,146.999947,adaptive_ttl_factor,all,1
2026-08-24_12-23-14-416053_earlyRefresh,earlyRefresh,high-skew-zipf,1787574342.416000,147.999947,adaptive_ttl_factor,all,1
2026-08-24_12-23-14-416053_earlyRefresh,earlyRefresh,high-skew-zipf,1787574343.416000,148.999947,adaptive_ttl_factor,all,1
2026-08-24_12-23-14-416053_earlyRefresh,earlyRefresh,high-skew-zipf,1787574344.416000,149.999947,adaptive_ttl_factor,all,1
2026-08-24_12-23-14-416053_earlyRefresh,earlyRefresh,high-skew-zipf,1787574345.416000,150.999947,adaptive_ttl_factor,all,1
2026-08-24_12-23-14-416053_earlyRefresh,earlyRefresh,high-skew-zipf,1787574346.416000,151.999947,adaptive_ttl_factor,all,1
2026-08-24_12-23-14-416053_earlyRefresh,earlyRefresh,high-skew-zipf,1787574347.416000,152.999947,adaptive_ttl_factor,all,1
2026-08-24_12-23-14-416053_earlyRefresh,earlyRefresh,high-skew-zipf,1787574348.416000,153.999947,adaptive_ttl_factor,all,1
2026-08-24_12-23-14-416053_earlyRefresh,earlyRefresh,high-skew-zipf,1787574349.416000,154.999947,adaptive_ttl_factor,all,1
2026-08-24_12-23-14-416053_earlyRefresh,earlyRefresh,high-skew-zipf,1787574350.416000,155.999947,adaptive_ttl_factor,all,1
2026-08-24_12-23-14-416053_earlyRefresh,earlyRefresh,high-skew-zipf,1787574351.416000,156.999947,adaptive_ttl_factor,all,1
2026-08-24_12-23-14-416053_earlyRefresh,earlyRefresh,high-skew-zipf,1787574352.416000,157.999947,adaptive_ttl_factor,all,1
2026-08-24_12-23-14-416053_earlyRefresh,earlyRefresh,high-skew-zipf,1787574353.416000,158.999947,adaptive_ttl_factor,all,1
2026-08-24_12-23-14-416053_earlyRefresh,earlyRefresh,high-skew-zipf,1787574354.416000,159.999947,adaptive_ttl_factor,all,1
2026-08-24_12-23-14-416053_earlyRefresh,earlyRefresh,high-skew-zipf,1787574355.416000,160.999947,adaptive_ttl_factor,all,1
2026-08-24_12-23-14-416053_earlyRefresh,earlyRefresh,high-skew-zipf,1787574356.416000,161.999947,adaptive_ttl_factor,all,1
2026-08-24_12-23-14-416053_earlyRefresh,earlyRefresh,high-skew-zipf,1787574357.416000,162.999947,adaptive_ttl_factor,all,1
2026-08-24_12-23-14-416053_earlyRefresh,earlyRefresh,high-skew-zipf,1787574358.416000,163.999947,adaptive_ttl_factor,all,1
2026-08-24_12-23-14-416053_earlyRefresh,earlyRefresh,high-skew-zipf,1787574359.416000,164.999947,adaptive_ttl_factor,all,1
2026-08-24_12-23-14-416053_earlyRefresh,earlyRefresh,high-skew-zipf,1787574360.416000,165.999947,adaptive_ttl_factor,all,1
2026-08-24_12-23-14-416053_earlyRefresh,earlyRefresh,high-skew-zipf,1787574361.416000,166.999947,adaptive_ttl_factor,all,1
2026-08-24_12-23-14-416053_earlyRefresh,earlyRefresh,high-skew-zipf,1787574362.416000,167.999947,adaptive_ttl_factor,all,1
2026-08-24_12-23-14-416053_earlyRefresh,earlyRefresh,high-skew-zipf,1787574363.416000,168.999947,adaptive_ttl_factor,all,1
2026-08-24_12-23-14-416053_earlyRefresh,earlyRefresh,high-skew-zipf,1787574364.416000,169.999947,adaptive_ttl_factor,all,1
2026-08-24_12-23-14-416053_earlyRefresh,earlyRefresh,high-skew-zipf,1787574365.416000,170.999947,adaptive_ttl_factor,all,1
2026-08-24_12-23-14-416053_earlyRefresh,earlyRefresh,high-skew-zipf,1787574366.416000,171.999947,adaptive_ttl_factor,all,1
2026-08-24_12-23-14-416053_earlyRefresh,earlyRefresh,high-skew-zipf,1787574367.416000,172.999947,adaptive_ttl_factor,all,1
2026-08-24_12-23-14-416053_earlyRefresh,earlyRefresh,high-skew-zipf,1787574368.416000,173.999947,adaptive_ttl_factor,all,1
2026-08-24_12-23-14-416053_earlyRefresh,earlyRefresh,high-skew-zipf,1787574369.416000,174.999947,adaptive_ttl_factor,all,1
2026-08-24_12-23-14-416053_earlyRefresh,earlyRefresh,high-skew-zipf,1787574370.416000,175.999947,adaptive_ttl_factor,all,1
2026-08-24_12-23-14-416053_earlyRefresh,earlyRefresh,high-skew-zipf,1787574371.416000,176.999947,adaptive_ttl_factor,all,1
2026-08-24_12-23-14-416053_earlyRefresh,earlyRefresh,high-skew-zipf,1787574372.416000,177.999947,adaptive_ttl_factor,all,1
2026-08-24_12-23-14-416053_earlyRefresh,earlyRefresh,high-skew-zipf,1787574373.416000,178.999947,adaptive_ttl_factor,all,1
2026-08-24_12-23-14-416053_earlyRefresh,earlyRefresh,high-skew-zipf,1787574374.416000,179.999947,adaptive_ttl_factor,all,1
2026-08-24_12-23-14-416053_earlyRefresh,earlyRefresh,high-skew-zipf,1787574375.416000,180.999947,adaptive_ttl_factor,all,1
2026-08-24_12-23-14-416053_earlyRefresh,earlyRefresh,high-skew-zipf,1787574376.416000,181.999947,adaptive_ttl_factor,all,1
2026-08-24_12-23-14-416053_earlyRefresh,earlyRefresh,high-skew-zipf,1787574377.416000,182.999947,adaptive_ttl_factor,all,1
2026-08-24_12-23-14-416053_earlyRefresh,earlyRefresh,high-skew-zipf,1787574378.416000,183.999947,adaptive_ttl_factor,all,1
2026-08-24_12-23-14-416053_earlyRefresh,earlyRefresh,high-skew-zipf,1787574379.416000,184.999947,adaptive_ttl_factor,all,1
2026-08-24_12-23-14-416053_earlyRefresh,earlyRefresh,high-skew-zipf,1787574380.416000,185.999947,adaptive_ttl_factor,all,1
2026-08-24_12-23-14-416053_earlyRefresh,earlyRefresh,high-skew-zipf,1787574381.416000,186.999947,adaptive_ttl_factor,all,1
2026-08-24_12-23-14-416053_earlyRefresh,earlyRefresh,high-skew-zipf,1787574382.416000,187.999947,adaptive_ttl_factor,all,1
2026-08-24_12-23-14-416053_earlyRefresh,earlyRefresh,high-skew-zipf,1787574383.416000,188.999947,adaptive_ttl_factor,all,1
2026-08-24_12-23-14-416053_earlyRefresh,earlyRefresh,high-skew-zipf,1787574384.416000,189.999947,adaptive_ttl_factor,all,1
2026-08-24_12-23-14-416053_earlyRefresh,earlyRefresh,high-skew-zipf,1787574385.416000,190.999947,adaptive_ttl_factor,all,1
2026-08-24_12-23-14-416053_earlyRefresh,earlyRefresh,high-skew-zipf,1787574386.416000,191.999947,adaptive_ttl_factor,all,1
2026-08-24_12-23-14-416053_earlyRefresh,earlyRefresh,high-skew-zipf,1787574387.416000,192.999947,adaptive_ttl_factor,all,1
2026-08-24_12-23-14-416053_earlyRefresh,earlyRefresh,high-skew-zipf,1787574388.416000,193.999947,adaptive_ttl_factor,all,1
2026-08-24_12-23-14-416053_earlyRefresh,earlyRefresh,high-skew-zipf,1787574389.416000,194.999947,adaptive_ttl_factor,all,1
2026-08-24_12-23-14-416053_earlyRefresh,earlyRefresh,high-skew-zipf,1787574390.416000,195.999947,adaptive_ttl_factor,all,1
2026-08-24_12-23-14-416053_earlyRefresh,earlyRefresh,high-skew-zipf,1787574391.416000,196.999947,adaptive_ttl_factor,all,1
2026-08-24_12-23-14-416053_earlyRefresh,earlyRefresh,high-skew-zipf,1787574392.416000,197.999947,adaptive_ttl_factor,all,1
2026-08-24_12-23-14-416053_earlyRefresh,earlyRefresh,high-skew-zipf,1787574393.416000,198.999947,adaptive_ttl_factor,all,1
2026-08-24_12-23-14-416053_earlyRefresh,earlyRefresh,high-skew-zipf,1787574394.416000,199.999947,adaptive_ttl_factor,all,1
2026-08-24_12-23-14-416053_earlyRefresh,earlyRefresh,high-skew-zipf,1787574395.416000,200.999947,adaptive_ttl_factor,all,1
2026-08-24_12-23-14-416053_earlyRefresh,earlyRefresh,high-skew-zipf,1787574396.416000,201.999947,adaptive_ttl_factor,all,1
2026-08-24_12-23-14-416053_earlyRefresh,earlyRefresh,high-skew-zipf,1787574397.416000,202.999947,adaptive_ttl_factor,all,1
2026-08-24_12-23-14-416053_earlyRefresh,earlyRefresh,high-skew-zipf,1787574398.416000,203.999947,adaptive_ttl_factor,all,1
2026-08-24_12-23-14-416053_earlyRefresh,earlyRefresh,high-skew-zipf,1787574399.416000,204.999947,adaptive_ttl_factor,all,1
2026-08-24_12-23-14-416053_earlyRefresh,earlyRefresh,high-skew-zipf,1787574400.416000,205.999947,adaptive_ttl_factor,all,1
2026-08-24_12-23-14-416053_earlyRefresh,earlyRefresh,high-skew-zipf,1787574401.416000,206.999947,adaptive_ttl_factor,all,1
2026-08-24_12-23-14-416053_earlyRefresh,earlyRefresh,high-skew-zipf,1787574402.416000,207.999947,adaptive_ttl_factor,all,1
2026-08-24_12-23-14-416053_earlyRefresh,earlyRefresh,high-skew-zipf,1787574403.416000,208.999947,adaptive_ttl_factor,all,1
2026-08-24_12-23-14-416053_earlyRefresh,earlyRefresh,high-skew-zipf,1787574404.416000,209.999947,adaptive_ttl_factor,all,1
2026-08-24_12-23-14-416053_earlyRefresh,earlyRefresh,high-skew-zipf,1787574405.416000,210.999947,adaptive_ttl_factor,all,1
2026-08-24_12-23-14-416053_earlyRefresh,earlyRefresh,high-skew-zipf,1787574406.416000,211.999947,adaptive_ttl_factor,all,1
2026-08-24_12-23-14-416053_earlyRefresh,earlyRefresh,high-skew-zipf,1787574407.416000,212.999947,adaptive_ttl_factor,all,1
2026-08-24_12-23-14-416053_earlyRefresh,earlyRefresh,high-skew-zipf,1787574408.416000,213.999947,adaptive_ttl_factor,all,1
2026-08-24_12-23-14-416053_earlyRefresh,earlyRefresh,high-skew-zipf,1787574409.416000,214.999947,adaptive_ttl_factor,all,1
2026-08-24_12-23-14-416053_earlyRefresh,earlyRefresh,high-skew-zipf,1787574410.416000,215.999947,adaptive_ttl_factor,all,1
2026-08-24_12-23-14-416053_earlyRefresh,earlyRefresh,high-skew-zipf,1787574411.416000,216.999947,adaptive_ttl_factor,all,1
2026-08-24_12-23-14-416053_earlyRefresh,earlyRefresh,high-skew-zipf,1787574412.416000,217.999947,adaptive_ttl_factor,all,1
2026-08-24_12-23-14-416053_earlyRefresh,earlyRefresh,high-skew-zipf,1787574413.416000,218.999947,adaptive_ttl_factor,all,1
2026-08-24_12-23-14-416053_earlyRefresh,earlyRefresh,high-skew-zipf,1787574414.416000,219.999947,adaptive_ttl_factor,all,1
2026-08-24_12-23-14-416053_earlyRefresh,earlyRefresh,high-skew-zipf,1787574415.416000,220.999947,adaptive_ttl_factor,all,1
2026-08-24_12-23-14-416053_earlyRefresh,earlyRefresh,high-skew-zipf,1787574416.416000,221.999947,adaptive_ttl_factor,all,1
2026-08-24_12-23-14-416053_earlyRefresh,earlyRefresh,high-skew-zipf,1787574417.416000,222.999947,adaptive_ttl_factor,all,1
2026-08-24_12-23-14-416053_earlyRefresh,earlyRefresh,high-skew-zipf,1787574418.416000,223.999947,adaptive_ttl_factor,all,1
2026-08-24_12-23-14-416053_earlyRefresh,earlyRefresh,high-skew-zipf,1787574419.416000,224.999947,adaptive_ttl_factor,all,1
2026-08-24_12-23-14-416053_earlyRefresh,earlyRefresh,high-skew-zipf,1787574420.416000,225.999947,adaptive_ttl_factor,all,1
2026-08-24_12-23-14-416053_earlyRefresh,earlyRefresh,high-skew-zipf,1787574421.416000,226.999947,adaptive_ttl_factor,all,1
2026-08-24_12-23-14-416053_earlyRefresh,earlyRefresh,high-skew-zipf,1787574422.416000,227.999947,adaptive_ttl_factor,all,1
2026-08-24_12-23-14-416053_earlyRefresh,earlyRefresh,high-skew-zipf,1787574423.416000,228.999947,adaptive_ttl_factor,all,1
2026-08-24_12-23-14-416053_earlyRefresh,earlyRefresh,high-skew-zipf,1787574424.416000,229.999947,adaptive_ttl_factor,all,1
2026-08-24_12-23-14-416053_earlyRefresh,earlyRefresh,high-skew-zipf,1787574425.416000,230.999947,adaptive_ttl_factor,all,1
2026-08-24_12-23-14-416053_earlyRefresh,earlyRefresh,high-skew-zipf,1787574426.416000,231.999947,adaptive_ttl_factor,all,1
2026-08-24_12-23-14-416053_earlyRefresh,earlyRefresh,high-skew-zipf,1787574427.416000,232.999947,adaptive_ttl_factor,all,1
2026-08-24_12-23-14-416053_earlyRefresh,earlyRefresh,high-skew-zipf,1787574428.416000,233.999947,adaptive_ttl_factor,all,1
2026-08-24_12-23-14-416053_earlyRefresh,earlyRefresh,high-skew-zipf,1787574429.416000,234.999947,adaptive_ttl_factor,all,1
2026-08-24_12-23-14-416053_earlyRefresh,earlyRefresh,high-skew-zipf,1787574430.416000,235.999947,adaptive_ttl_factor,all,1
2026-08-24_12-23-14-416053_earlyRefresh,earlyRefresh,high-skew-zipf,1787574431.416000,236.999947,adaptive_ttl_factor,all,1
2026-08-24_12-23-14-416053_earlyRefresh,earlyRefresh,high-skew-zipf,1787574432.416000,237.999947,adaptive_ttl_factor,all,1
2026-08-24_12-23-14-416053_earlyRefresh,earlyRefresh,high-skew-zipf,1787574433.416000,238.999947,adaptive_ttl_factor,all,1
2026-08-24_12-23-14-416053_earlyRefresh,earlyRefresh,high-skew-zipf,1787574434.416000,239.999947,adaptive_ttl_factor,all,1
2026-08-24_12-23-14-416053_earlyRefresh,earlyRefresh,high-skew-zipf,1787574194.416000,-0.000053,adaptive_ttl_effective_seconds,level=l1,5
2026-08-24_12-23-14-416053_earlyRefresh,earlyRefresh,high-skew-zipf,1787574195.416000,0.999947,adaptive_ttl_effective_seconds,level=l1,5
2026-08-24_12-23-14-416053_earlyRefresh,earlyRefresh,high-skew-zipf,1787574196.416000,1.999947,adaptive_ttl_effective_seconds,level=l1,5
2026-08-24_12-23-14-416053_earlyRefresh,earlyRefresh,high-skew-zipf,1787574197.416000,2.999947,adaptive_ttl_effective_seconds,level=l1,5
2026-08-24_12-23-14-416053_earlyRefresh,earlyRefresh,high-skew-zipf,1787574198.416000,3.999947,adaptive_ttl_effective_seconds,level=l1,5
2026-08-24_12-23-14-416053_earlyRefresh,earlyRefresh,high-skew-zipf,1787574199.416000,4.999947,adaptive_ttl_effective_seconds,level=l1,5
2026-08-24_12-23-14-416053_earlyRefresh,earlyRefresh,high-skew-zipf,1787574200.416000,5.999947,adaptive_ttl_effective_seconds,level=l1,5
2026-08-24_12-23-14-416053_earlyRefresh,earlyRefresh,high-skew-zipf,1787574201.416000,6.999947,adaptive_ttl_effective_seconds,level=l1,5
2026-08-24_12-23-14-416053_earlyRefresh,earlyRefresh,high-skew-zipf,1787574202.416000,7.999947,adaptive_ttl_effective_seconds,level=l1,5
2026-08-24_12-23-14-416053_earlyRefresh,earlyRefresh,high-skew-zipf,1787574203.416000,8.999947,adaptive_ttl_effective_seconds,level=l1,5
2026-08-24_12-23-14-416053_earlyRefresh,earlyRefresh,high-skew-zipf,1787574204.416000,9.999947,adaptive_ttl_effective_seconds,level=l1,5
2026-08-24_12-23-14-416053_earlyRefresh,earlyRefresh,high-skew-zipf,1787574205.416000,10.999947,adaptive_ttl_effective_seconds,level=l1,5
2026-08-24_12-23-14-416053_earlyRefresh,earlyRefresh,high-skew-zipf,1787574206.416000,11.999947,adaptive_ttl_effective_seconds,level=l1,5
2026-08-24_12-23-14-416053_earlyRefresh,earlyRefresh,high-skew-zipf,1787574207.416000,12.999947,adaptive_ttl_effective_seconds,level=l1,5
2026-08-24_12-23-14-416053_earlyRefresh,earlyRefresh,high-skew-zipf,1787574208.416000,13.999947,adaptive_ttl_effective_seconds,level=l1,5
2026-08-24_12-23-14-416053_earlyRefresh,earlyRefresh,high-skew-zipf,1787574209.416000,14.999947,adaptive_ttl_effective_seconds,level=l1,5
2026-08-24_12-23-14-416053_earlyRefresh,earlyRefresh,high-skew-zipf,1787574210.416000,15.999947,adaptive_ttl_effective_seconds,level=l1,5
2026-08-24_12-23-14-416053_earlyRefresh,earlyRefresh,high-skew-zipf,1787574211.416000,16.999947,adaptive_ttl_effective_seconds,level=l1,5
2026-08-24_12-23-14-416053_earlyRefresh,earlyRefresh,high-skew-zipf,1787574212.416000,17.999947,adaptive_ttl_effective_seconds,level=l1,5
2026-08-24_12-23-14-416053_earlyRefresh,earlyRefresh,high-skew-zipf,1787574213.416000,18.999947,adaptive_ttl_effective_seconds,level=l1,5
2026-08-24_12-23-14-416053_earlyRefresh,earlyRefresh,high-skew-zipf,1787574214.416000,19.999947,adaptive_ttl_effective_seconds,level=l1,5
2026-08-24_12-23-14-416053_earlyRefresh,earlyRefresh,high-skew-zipf,1787574215.416000,20.999947,adaptive_ttl_effective_seconds,level=l1,5
2026-08-24_12-23-14-416053_earlyRefresh,earlyRefresh,high-skew-zipf,1787574216.416000,21.999947,adaptive_ttl_effective_seconds,level=l1,5
2026-08-24_12-23-14-416053_earlyRefresh,earlyRefresh,high-skew-zipf,1787574217.416000,22.999947,adaptive_ttl_effective_seconds,level=l1,5
2026-08-24_12-23-14-416053_earlyRefresh,earlyRefresh,high-skew-zipf,1787574218.416000,23.999947,adaptive_ttl_effective_seconds,level=l1,5
2026-08-24_12-23-14-416053_earlyRefresh,earlyRefresh,high-skew-zipf,1787574219.416000,24.999947,adaptive_ttl_effective_seconds,level=l1,5
2026-08-24_12-23-14-416053_earlyRefresh,earlyRefresh,high-skew-zipf,1787574220.416000,25.999947,adaptive_ttl_effective_seconds,level=l1,5
2026-08-24_12-23-14-416053_earlyRefresh,earlyRefresh,high-skew-zipf,1787574221.416000,26.999947,adaptive_ttl_effective_seconds,level=l1,5
2026-08-24_12-23-14-416053_earlyRefresh,earlyRefresh,high-skew-zipf,1787574222.416000,27.999947,adaptive_ttl_effective_seconds,level=l1,5
2026-08-24_12-23-14-416053_earlyRefresh,earlyRefresh,high-skew-zipf,1787574223.416000,28.999947,adaptive_ttl_effective_seconds,level=l1,5
2026-08-24_12-23-14-416053_earlyRefresh,earlyRefresh,high-skew-zipf,1787574224.416000,29.999947,adaptive_ttl_effective_seconds,level=l1,5
2026-08-24_12-23-14-416053_earlyRefresh,earlyRefresh,high-skew-zipf,1787574225.416000,30.999947,adaptive_ttl_effective_seconds,level=l1,5
2026-08-24_12-23-14-416053_earlyRefresh,earlyRefresh,high-skew-zipf,1787574226.416000,31.999947,adaptive_ttl_effective_seconds,level=l1,5
2026-08-24_12-23-14-416053_earlyRefresh,earlyRefresh,high-skew-zipf,1787574227.416000,32.999947,adaptive_ttl_effective_seconds,level=l1,5
2026-08-24_12-23-14-416053_earlyRefresh,earlyRefresh,high-skew-zipf,1787574228.416000,33.999947,adaptive_ttl_effective_seconds,level=l1,5
2026-08-24_12-23-14-416053_earlyRefresh,earlyRefresh,high-skew-zipf,1787574229.416000,34.999947,adaptive_ttl_effective_seconds,level=l1,5
2026-08-24_12-23-14-416053_earlyRefresh,earlyRefresh,high-skew-zipf,1787574230.416000,35.999947,adaptive_ttl_effective_seconds,level=l1,5
2026-08-24_12-23-14-416053_earlyRefresh,earlyRefresh,high-skew-zipf,1787574231.416000,36.999947,adaptive_ttl_effective_seconds,level=l1,5
2026-08-24_12-23-14-416053_earlyRefresh,earlyRefresh,high-skew-zipf,1787574232.416000,37.999947,adaptive_ttl_effective_seconds,level=l1,5
2026-08-24_12-23-14-416053_earlyRefresh,earlyRefresh,high-skew-zipf,1787574233.416000,38.999947,adaptive_ttl_effective_seconds,level=l1,5
2026-08-24_12-23-14-416053_earlyRefresh,earlyRefresh,high-skew-zipf,1787574234.416000,39.999947,adaptive_ttl_effective_seconds,level=l1,5
2026-08-24_12-23-14-416053_earlyRefresh,earlyRefresh,high-skew-zipf,1787574235.416000,40.999947,adaptive_ttl_effective_seconds,level=l1,5
2026-08-24_12-23-14-416053_earlyRefresh,earlyRefresh,high-skew-zipf,1787574236.416000,41.999947,adaptive_ttl_effective_seconds,level=l1,5
2026-08-24_12-23-14-416053_earlyRefresh,earlyRefresh,high-skew-zipf,1787574237.416000,42.999947,adaptive_ttl_effective_seconds,level=l1,5
2026-08-24_12-23-14-416053_earlyRefresh,earlyRefresh,high-skew-zipf,1787574238.416000,43.999947,adaptive_ttl_effective_seconds,level=l1,5
2026-08-24_12-23-14-416053_earlyRefresh,earlyRefresh,high-skew-zipf,1787574239.416000,44.999947,adaptive_ttl_effective_seconds,level=l1,5
2026-08-24_12-23-14-416053_earlyRefresh,earlyRefresh,high-skew-zipf,1787574240.416000,45.999947,adaptive_ttl_effective_seconds,level=l1,5
2026-08-24_12-23-14-416053_earlyRefresh,earlyRefresh,high-skew-zipf,1787574241.416000,46.999947,adaptive_ttl_effective_seconds,level=l1,5
2026-08-24_12-23-14-416053_earlyRefresh,earlyRefresh,high-skew-zipf,1787574242.416000,47.999947,adaptive_ttl_effective_seconds,level=l1,5
2026-08-24_12-23-14-416053_earlyRefresh,earlyRefresh,high-skew-zipf,1787574243.416000,48.999947,adaptive_ttl_effective_seconds,level=l1,5
2026-08-24_12-23-14-416053_earlyRefresh,earlyRefresh,high-skew-zipf,1787574244.416000,49.999947,adaptive_ttl_effective_seconds,level=l1,5
2026-08-24_12-23-14-416053_earlyRefresh,earlyRefresh,high-skew-zipf,1787574245.416000,50.999947,adaptive_ttl_effective_seconds,level=l1,5
2026-08-24_12-23-14-416053_earlyRefresh,earlyRefresh,high-skew-zipf,1787574246.416000,51.999947,adaptive_ttl_effective_seconds,level=l1,5
2026-08-24_12-23-14-416053_earlyRefresh,earlyRefresh,high-skew-zipf,1787574247.416000,52.999947,adaptive_ttl_effective_seconds,level=l1,5
2026-08-24_12-23-14-416053_earlyRefresh,earlyRefresh,high-skew-zipf,1787574248.416000,53.999947,adaptive_ttl_effective_seconds,level=l1,5
2026-08-24_12-23-14-416053_earlyRefresh,earlyRefresh,high-skew-zipf,1787574249.416000,54.999947,adaptive_ttl_effective_seconds,level=l1,5
2026-08-24_12-23-14-416053_earlyRefresh,earlyRefresh,high-skew-zipf,1787574250.416000,55.999947,adaptive_ttl_effective_seconds,level=l1,5
2026-08-24_12-23-14-416053_earlyRefresh,earlyRefresh,high-skew-zipf,1787574251.416000,56.999947,adaptive_ttl_effective_seconds,level=l1,5
2026-08-24_12-23-14-416053_earlyRefresh,earlyRefresh,high-skew-zipf,1787574252.416000,57.999947,adaptive_ttl_effective_seconds,level=l1,5
2026-08-24_12-23-14-416053_earlyRefresh,earlyRefresh,high-skew-zipf,1787574253.416000,58.999947,adaptive_ttl_effective_seconds,level=l1,5
2026-08-24_12-23-14-416053_earlyRefresh,earlyRefresh,high-skew-zipf,1787574254.416000,59.999947,adaptive_ttl_effective_seconds,level=l1,5
2026-08-24_12-23-14-416053_earlyRefresh,earlyRefresh,high-skew-zipf,1787574255.416000,60.999947,adaptive_ttl_effective_seconds,level=l1,5
2026-08-24_12-23-14-416053_earlyRefresh,earlyRefresh,high-skew-zipf,1787574256.416000,61.999947,adaptive_ttl_effective_seconds,level=l1,5
2026-08-24_12-23-14-416053_earlyRefresh,earlyRefresh,high-skew-zipf,1787574257.416000,62.999947,adaptive_ttl_effective_seconds,level=l1,5
2026-08-24_12-23-14-416053_earlyRefresh,earlyRefresh,high-skew-zipf,1787574258.416000,63.999947,adaptive_ttl_effective_seconds,level=l1,5
2026-08-24_12-23-14-416053_earlyRefresh,earlyRefresh,high-skew-zipf,1787574259.416000,64.999947,adaptive_ttl_effective_seconds,level=l1,5
2026-08-24_12-23-14-416053_earlyRefresh,earlyRefresh,high-skew-zipf,1787574260.416000,65.999947,adaptive_ttl_effective_seconds,level=l1,5
2026-08-24_12-23-14-416053_earlyRefresh,earlyRefresh,high-skew-zipf,1787574261.416000,66.999947,adaptive_ttl_effective_seconds,level=l1,5
2026-08-24_12-23-14-416053_earlyRefresh,earlyRefresh,high-skew-zipf,1787574262.416000,67.999947,adaptive_ttl_effective_seconds,level=l1,5
2026-08-24_12-23-14-416053_earlyRefresh,earlyRefresh,high-skew-zipf,1787574263.416000,68.999947,adaptive_ttl_effective_seconds,level=l1,5
2026-08-24_12-23-14-416053_earlyRefresh,earlyRefresh,high-skew-zipf,1787574264.416000,69.999947,adaptive_ttl_effective_seconds,level=l1,5
2026-08-24_12-23-14-416053_earlyRefresh,earlyRefresh,high-skew-zipf,1787574265.416000,70.999947,adaptive_ttl_effective_seconds,level=l1,5
2026-08-24_12-23-14-416053_earlyRefresh,earlyRefresh,high-skew-zipf,1787574266.416000,71.999947,adaptive_ttl_effective_seconds,level=l1,5
2026-08-24_12-23-14-416053_earlyRefresh,earlyRefresh,high-skew-zipf,1787574267.416000,72.999947,adaptive_ttl_effective_seconds,level=l1,5
2026-08-24_12-23-14-416053_earlyRefresh,earlyRefresh,high-skew-zipf,1787574268.416000,73.999947,adaptive_ttl_effective_seconds,level=l1,5
2026-08-24_12-23-14-416053_earlyRefresh,earlyRefresh,high-skew-zipf,1787574269.416000,74.999947,adaptive_ttl_effective_seconds,level=l1,5
2026-08-24_12-23-14-416053_earlyRefresh,earlyRefresh,high-skew-zipf,1787574270.416000,75.999947,adaptive_ttl_effective_seconds,level=l1,5
2026-08-24_12-23-14-416053_earlyRefresh,earlyRefresh,high-skew-zipf,1787574271.416000,76.999947,adaptive_ttl_effective_seconds,level=l1,5
2026-08-24_12-23-14-416053_earlyRefresh,earlyRefresh,high-skew-zipf,1787574272.416000,77.999947,adaptive_ttl_effective_seconds,level=l1,5
2026-08-24_12-23-14-416053_earlyRefresh,earlyRefresh,high-skew-zipf,1787574273.416000,78.999947,adaptive_ttl_effective_seconds,level=l1,5
2026-08-24_12-23-14-416053_earlyRefresh,earlyRefresh,high-skew-zipf,1787574274.416000,79.999947,adaptive_ttl_effective_seconds,level=l1,5
2026-08-24_12-23-14-416053_earlyRefresh,earlyRefresh,high-skew-zipf,1787574275.416000,80.999947,adaptive_ttl_effective_seconds,level=l1,5
2026-08-24_12-23-14-416053_earlyRefresh,earlyRefresh,high-skew-zipf,1787574276.416000,81.999947,adaptive_ttl_effective_seconds,level=l1,5
2026-08-24_12-23-14-416053_earlyRefresh,earlyRefresh,high-skew-zipf,1787574277.416000,82.999947,adaptive_ttl_effective_seconds,level=l1,5
2026-08-24_12-23-14-416053_earlyRefresh,earlyRefresh,high-skew-zipf,1787574278.416000,83.999947,adaptive_ttl_effective_seconds,level=l1,5
2026-08-24_12-23-14-416053_earlyRefresh,earlyRefresh,high-skew-zipf,1787574279.416000,84.999947,adaptive_ttl_effective_seconds,level=l1,5
2026-08-24_12-23-14-416053_earlyRefresh,earlyRefresh,high-skew-zipf,1787574280.416000,85.999947,adaptive_ttl_effective_seconds,level=l1,5
2026-08-24_12-23-14-416053_earlyRefresh,earlyRefresh,high-skew-zipf,1787574281.416000,86.999947,adaptive_ttl_effective_seconds,level=l1,5
2026-08-24_12-23-14-416053_earlyRefresh,earlyRefresh,high-skew-zipf,1787574282.416000,87.999947,adaptive_ttl_effective_seconds,level=l1,5
2026-08-24_12-23-14-416053_earlyRefresh,earlyRefresh,high-skew-zipf,1787574283.416000,88.999947,adaptive_ttl_effective_seconds,level=l1,5
2026-08-24_12-23-14-416053_earlyRefresh,earlyRefresh,high-skew-zipf,1787574284.416000,89.999947,adaptive_ttl_effective_seconds,level=l1,5
2026-08-24_12-23-14-416053_earlyRefresh,earlyRefresh,high-skew-zipf,1787574285.416000,90.999947,adaptive_ttl_effective_seconds,level=l1,5
2026-08-24_12-23-14-416053_earlyRefresh,earlyRefresh,high-skew-zipf,1787574286.416000,91.999947,adaptive_ttl_effective_seconds,level=l1,5
2026-08-24_12-23-14-416053_earlyRefresh,earlyRefresh,high-skew-zipf,1787574287.416000,92.999947,adaptive_ttl_effective_seconds,level=l1,5
2026-08-24_12-23-14-416053_earlyRefresh,earlyRefresh,high-skew-zipf,1787574288.416000,93.999947,adaptive_ttl_effective_seconds,level=l1,5
2026-08-24_12-23-14-416053_earlyRefresh,earlyRefresh,high-skew-zipf,1787574289.416000,94.999947,adaptive_ttl_effective_seconds,level=l1,5
2026-08-24_12-23-14-416053_earlyRefresh,earlyRefresh,high-skew-zipf,1787574290.416000,95.999947,adaptive_ttl_effective_seconds,level=l1,5
2026-08-24_12-23-14-416053_earlyRefresh,earlyRefresh,high-skew-zipf,1787574291.416000,96.999947,adaptive_ttl_effective_seconds,level=l1,5
2026-08-24_12-23-14-416053_earlyRefresh,earlyRefresh,high-skew-zipf,1787574292.416000,97.999947,adaptive_ttl_effective_seconds,level=l1,5
2026-08-24_12-23-14-416053_earlyRefresh,earlyRefresh,high-skew-zipf,1787574293.416000,98.999947,adaptive_ttl_effective_seconds,level=l1,5
2026-08-24_12-23-14-416053_earlyRefresh,earlyRefresh,high-skew-zipf,1787574294.416000,99.999947,adaptive_ttl_effective_seconds,level=l1,5
2026-08-24_12-23-14-416053_earlyRefresh,earlyRefresh,high-skew-zipf,1787574295.416000,100.999947,adaptive_ttl_effective_seconds,level=l1,5
2026-08-24_12-23-14-416053_earlyRefresh,earlyRefresh,high-skew-zipf,1787574296.416000,101.999947,adaptive_ttl_effective_seconds,level=l1,5
2026-08-24_12-23-14-416053_earlyRefresh,earlyRefresh,high-skew-zipf,1787574297.416000,102.999947,adaptive_ttl_effective_seconds,level=l1,5
2026-08-24_12-23-14-416053_earlyRefresh,earlyRefresh,high-skew-zipf,1787574298.416000,103.999947,adaptive_ttl_effective_seconds,level=l1,5
2026-08-24_12-23-14-416053_earlyRefresh,earlyRefresh,high-skew-zipf,1787574299.416000,104.999947,adaptive_ttl_effective_seconds,level=l1,5
2026-08-24_12-23-14-416053_earlyRefresh,earlyRefresh,high-skew-zipf,1787574300.416000,105.999947,adaptive_ttl_effective_seconds,level=l1,5
2026-08-24_12-23-14-416053_earlyRefresh,earlyRefresh,high-skew-zipf,1787574301.416000,106.999947,adaptive_ttl_effective_seconds,level=l1,5
2026-08-24_12-23-14-416053_earlyRefresh,earlyRefresh,high-skew-zipf,1787574302.416000,107.999947,adaptive_ttl_effective_seconds,level=l1,5
2026-08-24_12-23-14-416053_earlyRefresh,earlyRefresh,high-skew-zipf,1787574303.416000,108.999947,adaptive_ttl_effective_seconds,level=l1,5
2026-08-24_12-23-14-416053_earlyRefresh,earlyRefresh,high-skew-zipf,1787574304.416000,109.999947,adaptive_ttl_effective_seconds,level=l1,5
2026-08-24_12-23-14-416053_earlyRefresh,earlyRefresh,high-skew-zipf,1787574305.416000,110.999947,adaptive_ttl_effective_seconds,level=l1,5
2026-08-24_12-23-14-416053_earlyRefresh,earlyRefresh,high-skew-zipf,1787574306.416000,111.999947,adaptive_ttl_effective_seconds,level=l1,5
2026-08-24_12-23-14-416053_earlyRefresh,earlyRefresh,high-skew-zipf,1787574307.416000,112.999947,adaptive_ttl_effective_seconds,level=l1,5
2026-08-24_12-23-14-416053_earlyRefresh,earlyRefresh,high-skew-zipf,1787574308.416000,113.999947,adaptive_ttl_effective_seconds,level=l1,5
2026-08-24_12-23-14-416053_earlyRefresh,earlyRefresh,high-skew-zipf,1787574309.416000,114.999947,adaptive_ttl_effective_seconds,level=l1,5
2026-08-24_12-23-14-416053_earlyRefresh,earlyRefresh,high-skew-zipf,1787574310.416000,115.999947,adaptive_ttl_effective_seconds,level=l1,5
2026-08-24_12-23-14-416053_earlyRefresh,earlyRefresh,high-skew-zipf,1787574311.416000,116.999947,adaptive_ttl_effective_seconds,level=l1,5
2026-08-24_12-23-14-416053_earlyRefresh,earlyRefresh,high-skew-zipf,1787574312.416000,117.999947,adaptive_ttl_effective_seconds,level=l1,5
2026-08-24_12-23-14-416053_earlyRefresh,earlyRefresh,high-skew-zipf,1787574313.416000,118.999947,adaptive_ttl_effective_seconds,level=l1,5
2026-08-24_12-23-14-416053_earlyRefresh,earlyRefresh,high-skew-zipf,1787574314.416000,119.999947,adaptive_ttl_effective_seconds,level=l1,5
2026-08-24_12-23-14-416053_earlyRefresh,earlyRefresh,high-skew-zipf,1787574315.416000,120.999947,adaptive_ttl_effective_seconds,level=l1,5
2026-08-24_12-23-14-416053_earlyRefresh,earlyRefresh,high-skew-zipf,1787574316.416000,121.999947,adaptive_ttl_effective_seconds,level=l1,5
2026-08-24_12-23-14-416053_earlyRefresh,earlyRefresh,high-skew-zipf,1787574317.416000,122.999947,adaptive_ttl_effective_seconds,level=l1,5
2026-08-24_12-23-14-416053_earlyRefresh,earlyRefresh,high-skew-zipf,1787574318.416000,123.999947,adaptive_ttl_effective_seconds,level=l1,5
2026-08-24_12-23-14-416053_earlyRefresh,earlyRefresh,high-skew-zipf,1787574319.416000,124.999947,adaptive_ttl_effective_seconds,level=l1,5
2026-08-24_12-23-14-416053_earlyRefresh,earlyRefresh,high-skew-zipf,1787574320.416000,125.999947,adaptive_ttl_effective_seconds,level=l1,5
2026-08-24_12-23-14-416053_earlyRefresh,earlyRefresh,high-skew-zipf,1787574321.416000,126.999947,adaptive_ttl_effective_seconds,level=l1,5
2026-08-24_12-23-14-416053_earlyRefresh,earlyRefresh,high-skew-zipf,1787574322.416000,127.999947,adaptive_ttl_effective_seconds,level=l1,5
2026-08-24_12-23-14-416053_earlyRefresh,earlyRefresh,high-skew-zipf,1787574323.416000,128.999947,adaptive_ttl_effective_seconds,level=l1,5
2026-08-24_12-23-14-416053_earlyRefresh,earlyRefresh,high-skew-zipf,1787574324.416000,129.999947,adaptive_ttl_effective_seconds,level=l1,5
2026-08-24_12-23-14-416053_earlyRefresh,earlyRefresh,high-skew-zipf,1787574325.416000,130.999947,adaptive_ttl_effective_seconds,level=l1,5
2026-08-24_12-23-14-416053_earlyRefresh,earlyRefresh,high-skew-zipf,1787574326.416000,131.999947,adaptive_ttl_effective_seconds,level=l1,5
2026-08-24_12-23-14-416053_earlyRefresh,earlyRefresh,high-skew-zipf,1787574327.416000,132.999947,adaptive_ttl_effective_seconds,level=l1,5
2026-08-24_12-23-14-416053_earlyRefresh,earlyRefresh,high-skew-zipf,1787574328.416000,133.999947,adaptive_ttl_effective_seconds,level=l1,5
2026-08-24_12-23-14-416053_earlyRefresh,earlyRefresh,high-skew-zipf,1787574329.416000,134.999947,adaptive_ttl_effective_seconds,level=l1,5
2026-08-24_12-23-14-416053_earlyRefresh,earlyRefresh,high-skew-zipf,1787574330.416000,135.999947,adaptive_ttl_effective_seconds,level=l1,5
2026-08-24_12-23-14-416053_earlyRefresh,earlyRefresh,high-skew-zipf,1787574331.416000,136.999947,adaptive_ttl_effective_seconds,level=l1,5
2026-08-24_12-23-14-416053_earlyRefresh,earlyRefresh,high-skew-zipf,1787574332.416000,137.999947,adaptive_ttl_effective_seconds,level=l1,5
2026-08-24_12-23-14-416053_earlyRefresh,earlyRefresh,high-skew-zipf,1787574333.416000,138.999947,adaptive_ttl_effective_seconds,level=l1,5
2026-08-24_12-23-14-416053_earlyRefresh,earlyRefresh,high-skew-zipf,1787574334.416000,139.999947,adaptive_ttl_effective_seconds,level=l1,5
2026-08-24_12-23-14-416053_earlyRefresh,earlyRefresh,high-skew-zipf,1787574335.416000,140.999947,adaptive_ttl_effective_seconds,level=l1,5
2026-08-24_12-23-14-416053_earlyRefresh,earlyRefresh,high-skew-zipf,1787574336.416000,141.999947,adaptive_ttl_effective_seconds,level=l1,5
2026-08-24_12-23-14-416053_earlyRefresh,earlyRefresh,high-skew-zipf,1787574337.416000,142.999947,adaptive_ttl_effective_seconds,level=l1,5
2026-08-24_12-23-14-416053_earlyRefresh,earlyRefresh,high-skew-zipf,1787574338.416000,143.999947,adaptive_ttl_effective_seconds,level=l1,5
2026-08-24_12-23-14-416053_earlyRefresh,earlyRefresh,high-skew-zipf,1787574339.416000,144.999947,adaptive_ttl_effective_seconds,level=l1,5
2026-08-24_12-23-14-416053_earlyRefresh,earlyRefresh,high-skew-zipf,1787574340.416000,145.999947,adaptive_ttl_effective_seconds,level=l1,5
2026-08-24_12-23-14-416053_earlyRefresh,earlyRefresh,high-skew-zipf,1787574341.416000,146.999947,adaptive_ttl_effective_seconds,level=l1,5
2026-08-24_12-23-14-416053_earlyRefresh,earlyRefresh,high-skew-zipf,1787574342.416000,147.999947,adaptive_ttl_effective_seconds,level=l1,5
2026-08-24_12-23-14-416053_earlyRefresh,earlyRefresh,high-skew-zipf,1787574343.416000,148.999947,adaptive_ttl_effective_seconds,level=l1,5
2026-08-24_12-23-14-416053_earlyRefresh,earlyRefresh,high-skew-zipf,1787574344.416000,149.999947,adaptive_ttl_effective_seconds,level=l1,5
2026-08-24_12-23-14-416053_earlyRefresh,earlyRefresh,high-skew-zipf,1787574345.416000,150.999947,adaptive_ttl_effective_seconds,level=l1,5
2026-08-24_12-23-14-416053_earlyRefresh,earlyRefresh,high-skew-zipf,1787574346.416000,151.999947,adaptive_ttl_effective_seconds,level=l1,5
2026-08-24_12-23-14-416053_earlyRefresh,earlyRefresh,high-skew-zipf,1787574347.416000,152.999947,adaptive_ttl_effective_seconds,level=l1,5
2026-08-24_12-23-14-416053_earlyRefresh,earlyRefresh,high-skew-zipf,1787574348.416000,153.999947,adaptive_ttl_effective_seconds,level=l1,5
2026-08-24_12-23-14-416053_earlyRefresh,earlyRefresh,high-skew-zipf,1787574349.416000,154.999947,adaptive_ttl_effective_seconds,level=l1,5
2026-08-24_12-23-14-416053_earlyRefresh,earlyRefresh,high-skew-zipf,1787574350.416000,155.999947,adaptive_ttl_effective_seconds,level=l1,5
2026-08-24_12-23-14-416053_earlyRefresh,earlyRefresh,high-skew-zipf,1787574351.416000,156.999947,adaptive_ttl_effective_seconds,level=l1,5
2026-08-24_12-23-14-416053_earlyRefresh,earlyRefresh,high-skew-zipf,1787574352.416000,157.999947,adaptive_ttl_effective_seconds,level=l1,5
2026-08-24_12-23-14-416053_earlyRefresh,earlyRefresh,high-skew-zipf,1787574353.416000,158.999947,adaptive_ttl_effective_seconds,level=l1,5
2026-08-24_12-23-14-416053_earlyRefresh,earlyRefresh,high-skew-zipf,1787574354.416000,159.999947,adaptive_ttl_effective_seconds,level=l1,5
2026-08-24_12-23-14-416053_earlyRefresh,earlyRefresh,high-skew-zipf,1787574355.416000,160.999947,adaptive_ttl_effective_seconds,level=l1,5
2026-08-24_12-23-14-416053_earlyRefresh,earlyRefresh,high-skew-zipf,1787574356.416000,161.999947,adaptive_ttl_effective_seconds,level=l1,5
2026-08-24_12-23-14-416053_earlyRefresh,earlyRefresh,high-skew-zipf,1787574357.416000,162.999947,adaptive_ttl_effective_seconds,level=l1,5
2026-08-24_12-23-14-416053_earlyRefresh,earlyRefresh,high-skew-zipf,1787574358.416000,163.999947,adaptive_ttl_effective_seconds,level=l1,5
2026-08-24_12-23-14-416053_earlyRefresh,earlyRefresh,high-skew-zipf,1787574359.416000,164.999947,adaptive_ttl_effective_seconds,level=l1,5
2026-08-24_12-23-14-416053_earlyRefresh,earlyRefresh,high-skew-zipf,1787574360.416000,165.999947,adaptive_ttl_effective_seconds,level=l1,5
2026-08-24_12-23-14-416053_earlyRefresh,earlyRefresh,high-skew-zipf,1787574361.416000,166.999947,adaptive_ttl_effective_seconds,level=l1,5
2026-08-24_12-23-14-416053_earlyRefresh,earlyRefresh,high-skew-zipf,1787574362.416000,167.999947,adaptive_ttl_effective_seconds,level=l1,5
2026-08-24_12-23-14-416053_earlyRefresh,earlyRefresh,high-skew-zipf,1787574363.416000,168.999947,adaptive_ttl_effective_seconds,level=l1,5
2026-08-24_12-23-14-416053_earlyRefresh,earlyRefresh,high-skew-zipf,1787574364.416000,169.999947,adaptive_ttl_effective_seconds,level=l1,5
2026-08-24_12-23-14-416053_earlyRefresh,earlyRefresh,high-skew-zipf,1787574365.416000,170.999947,adaptive_ttl_effective_seconds,level=l1,5
2026-08-24_12-23-14-416053_earlyRefresh,earlyRefresh,high-skew-zipf,1787574366.416000,171.999947,adaptive_ttl_effective_seconds,level=l1,5
2026-08-24_12-23-14-416053_earlyRefresh,earlyRefresh,high-skew-zipf,1787574367.416000,172.999947,adaptive_ttl_effective_seconds,level=l1,5
2026-08-24_12-23-14-416053_earlyRefresh,earlyRefresh,high-skew-zipf,1787574368.416000,173.999947,adaptive_ttl_effective_seconds,level=l1,5
2026-08-24_12-23-14-416053_earlyRefresh,earlyRefresh,high-skew-zipf,1787574369.416000,174.999947,adaptive_ttl_effective_seconds,level=l1,5
2026-08-24_12-23-14-416053_earlyRefresh,earlyRefresh,high-skew-zipf,1787574370.416000,175.999947,adaptive_ttl_effective_seconds,level=l1,5
2026-08-24_12-23-14-416053_earlyRefresh,earlyRefresh,high-skew-zipf,1787574371.416000,176.999947,adaptive_ttl_effective_seconds,level=l1,5
2026-08-24_12-23-14-416053_earlyRefresh,earlyRefresh,high-skew-zipf,1787574372.416000,177.999947,adaptive_ttl_effective_seconds,level=l1,5
2026-08-24_12-23-14-416053_earlyRefresh,earlyRefresh,high-skew-zipf,1787574373.416000,178.999947,adaptive_ttl_effective_seconds,level=l1,5
2026-08-24_12-23-14-416053_earlyRefresh,earlyRefresh,high-skew-zipf,1787574374.416000,179.999947,adaptive_ttl_effective_seconds,level=l1,5
2026-08-24_12-23-14-416053_earlyRefresh,earlyRefresh,high-skew-zipf,1787574375.416000,180.999947,adaptive_ttl_effective_seconds,level=l1,5
2026-08-24_12-23-14-416053_earlyRefresh,earlyRefresh,high-skew-zipf,1787574376.416000,181.999947,adaptive_ttl_effective_seconds,level=l1,5
2026-08-24_12-23-14-416053_earlyRefresh,earlyRefresh,high-skew-zipf,1787574377.416000,182.999947,adaptive_ttl_effective_seconds,level=l1,5
2026-08-24_12-23-14-416053_earlyRefresh,earlyRefresh,high-skew-zipf,1787574378.416000,183.999947,adaptive_ttl_effective_seconds,level=l1,5
2026-08-24_12-23-14-416053_earlyRefresh,earlyRefresh,high-skew-zipf,1787574379.416000,184.999947,adaptive_ttl_effective_seconds,level=l1,5
2026-08-24_12-23-14-416053_earlyRefresh,earlyRefresh,high-skew-zipf,1787574380.416000,185.999947,adaptive_ttl_effective_seconds,level=l1,5
2026-08-24_12-23-14-416053_earlyRefresh,earlyRefresh,high-skew-zipf,1787574381.416000,186.999947,adaptive_ttl_effective_seconds,level=l1,5
2026-08-24_12-23-14-416053_earlyRefresh,earlyRefresh,high-skew-zipf,1787574382.416000,187.999947,adaptive_ttl_effective_seconds,level=l1,5
2026-08-24_12-23-14-416053_earlyRefresh,earlyRefresh,high-skew-zipf,1787574383.416000,188.999947,adaptive_ttl_effective_seconds,level=l1,5
2026-08-24_12-23-14-416053_earlyRefresh,earlyRefresh,high-skew-zipf,1787574384.416000,189.999947,adaptive_ttl_effective_seconds,level=l1,5
2026-08-24_12-23-14-416053_earlyRefresh,earlyRefresh,high-skew-zipf,1787574385.416000,190.999947,adaptive_ttl_effective_seconds,level=l1,5
2026-08-24_12-23-14-416053_earlyRefresh,earlyRefresh,high-skew-zipf,1787574386.416000,191.999947,adaptive_ttl_effective_seconds,level=l1,5
2026-08-24_12-23-14-416053_earlyRefresh,earlyRefresh,high-skew-zipf,1787574387.416000,192.999947,adaptive_ttl_effective_seconds,level=l1,5
2026-08-24_12-23-14-416053_earlyRefresh,earlyRefresh,high-skew-zipf,1787574388.416000,193.999947,adaptive_ttl_effective_seconds,level=l1,5
2026-08-24_12-23-14-416053_earlyRefresh,earlyRefresh,high-skew-zipf,1787574389.416000,194.999947,adaptive_ttl_effective_seconds,level=l1,5
2026-08-24_12-23-14-416053_earlyRefresh,earlyRefresh,high-skew-zipf,1787574390.416000,195.999947,adaptive_ttl_effective_seconds,level=l1,5
2026-08-24_12-23-14-416053_earlyRefresh,earlyRefresh,high-skew-zipf,1787574391.416000,196.999947,adaptive_ttl_effective_seconds,level=l1,5
2026-08-24_12-23-14-416053_earlyRefresh,earlyRefresh,high-skew-zipf,1787574392.416000,197.999947,adaptive_ttl_effective_seconds,level=l1,5
2026-08-24_12-23-14-416053_earlyRefresh,earlyRefresh,high-skew-zipf,1787574393.416000,198.999947,adaptive_ttl_effective_seconds,level=l1,5
2026-08-24_12-23-14-416053_earlyRefresh,earlyRefresh,high-skew-zipf,1787574394.416000,199.999947,adaptive_ttl_effective_seconds,level=l1,5
2026-08-24_12-23-14-416053_earlyRefresh,earlyRefresh,high-skew-zipf,1787574395.416000,200.999947,adaptive_ttl_effective_seconds,level=l1,5
2026-08-24_12-23-14-416053_earlyRefresh,earlyRefresh,high-skew-zipf,1787574396.416000,201.999947,adaptive_ttl_effective_seconds,level=l1,5
2026-08-24_12-23-14-416053_earlyRefresh,earlyRefresh,high-skew-zipf,1787574397.416000,202.999947,adaptive_ttl_effective_seconds,level=l1,5
2026-08-24_12-23-14-416053_earlyRefresh,earlyRefresh,high-skew-zipf,1787574398.416000,203.999947,adaptive_ttl_effective_seconds,level=l1,5
2026-08-24_12-23-14-416053_earlyRefresh,earlyRefresh,high-skew-zipf,1787574399.416000,204.999947,adaptive_ttl_effective_seconds,level=l1,5
2026-08-24_12-23-14-416053_earlyRefresh,earlyRefresh,high-skew-zipf,1787574400.416000,205.999947,adaptive_ttl_effective_seconds,level=l1,5
2026-08-24_12-23-14-416053_earlyRefresh,earlyRefresh,high-skew-zipf,1787574401.416000,206.999947,adaptive_ttl_effective_seconds,level=l1,5
2026-08-24_12-23-14-416053_earlyRefresh,earlyRefresh,high-skew-zipf,1787574402.416000,207.999947,adaptive_ttl_effective_seconds,level=l1,5
2026-08-24_12-23-14-416053_earlyRefresh,earlyRefresh,high-skew-zipf,1787574403.416000,208.999947,adaptive_ttl_effective_seconds,level=l1,5
2026-08-24_12-23-14-416053_earlyRefresh,earlyRefresh,high-skew-zipf,1787574404.416000,209.999947,adaptive_ttl_effective_seconds,level=l1,5
2026-08-24_12-23-14-416053_earlyRefresh,earlyRefresh,high-skew-zipf,1787574405.416000,210.999947,adaptive_ttl_effective_seconds,level=l1,5
2026-08-24_12-23-14-416053_earlyRefresh,earlyRefresh,high-skew-zipf,1787574406.416000,211.999947,adaptive_ttl_effective_seconds,level=l1,5
2026-08-24_12-23-14-416053_earlyRefresh,earlyRefresh,high-skew-zipf,1787574407.416000,212.999947,adaptive_ttl_effective_seconds,level=l1,5
2026-08-24_12-23-14-416053_earlyRefresh,earlyRefresh,high-skew-zipf,1787574408.416000,213.999947,adaptive_ttl_effective_seconds,level=l1,5
2026-08-24_12-23-14-416053_earlyRefresh,earlyRefresh,high-skew-zipf,1787574409.416000,214.999947,adaptive_ttl_effective_seconds,level=l1,5
2026-08-24_12-23-14-416053_earlyRefresh,earlyRefresh,high-skew-zipf,1787574410.416000,215.999947,adaptive_ttl_effective_seconds,level=l1,5
2026-08-24_12-23-14-416053_earlyRefresh,earlyRefresh,high-skew-zipf,1787574411.416000,216.999947,adaptive_ttl_effective_seconds,level=l1,5
2026-08-24_12-23-14-416053_earlyRefresh,earlyRefresh,high-skew-zipf,1787574412.416000,217.999947,adaptive_ttl_effective_seconds,level=l1,5
2026-08-24_12-23-14-416053_earlyRefresh,earlyRefresh,high-skew-zipf,1787574413.416000,218.999947,adaptive_ttl_effective_seconds,level=l1,5
2026-08-24_12-23-14-416053_earlyRefresh,earlyRefresh,high-skew-zipf,1787574414.416000,219.999947,adaptive_ttl_effective_seconds,level=l1,5
2026-08-24_12-23-14-416053_earlyRefresh,earlyRefresh,high-skew-zipf,1787574415.416000,220.999947,adaptive_ttl_effective_seconds,level=l1,5
2026-08-24_12-23-14-416053_earlyRefresh,earlyRefresh,high-skew-zipf,1787574416.416000,221.999947,adaptive_ttl_effective_seconds,level=l1,5
2026-08-24_12-23-14-416053_earlyRefresh,earlyRefresh,high-skew-zipf,1787574417.416000,222.999947,adaptive_ttl_effective_seconds,level=l1,5
2026-08-24_12-23-14-416053_earlyRefresh,earlyRefresh,high-skew-zipf,1787574418.416000,223.999947,adaptive_ttl_effective_seconds,level=l1,5
2026-08-24_12-23-14-416053_earlyRefresh,earlyRefresh,high-skew-zipf,1787574419.416000,224.999947,adaptive_ttl_effective_seconds,level=l1,5
2026-08-24_12-23-14-416053_earlyRefresh,earlyRefresh,high-skew-zipf,1787574420.416000,225.999947,adaptive_ttl_effective_seconds,level=l1,5
2026-08-24_12-23-14-416053_earlyRefresh,earlyRefresh,high-skew-zipf,1787574421.416000,226.999947,adaptive_ttl_effective_seconds,level=l1,5
2026-08-24_12-23-14-416053_earlyRefresh,earlyRefresh,high-skew-zipf,1787574422.416000,227.999947,adaptive_ttl_effective_seconds,level=l1,5
2026-08-24_12-23-14-416053_earlyRefresh,earlyRefresh,high-skew-zipf,1787574423.416000,228.999947,adaptive_ttl_effective_seconds,level=l1,5
2026-08-24_12-23-14-416053_earlyRefresh,earlyRefresh,high-skew-zipf,1787574424.416000,229.999947,adaptive_ttl_effective_seconds,level=l1,5
2026-08-24_12-23-14-416053_earlyRefresh,earlyRefresh,high-skew-zipf,1787574425.416000,230.999947,adaptive_ttl_effective_seconds,level=l1,5
2026-08-24_12-23-14-416053_earlyRefresh,earlyRefresh,high-skew-zipf,1787574426.416000,231.999947,adaptive_ttl_effective_seconds,level=l1,5
2026-08-24_12-23-14-416053_earlyRefresh,earlyRefresh,high-skew-zipf,1787574427.416000,232.999947,adaptive_ttl_effective_seconds,level=l1,5
2026-08-24_12-23-14-416053_earlyRefresh,earlyRefresh,high-skew-zipf,1787574428.416000,233.999947,adaptive_ttl_effective_seconds,level=l1,5
2026-08-24_12-23-14-416053_earlyRefresh,earlyRefresh,high-skew-zipf,1787574429.416000,234.999947,adaptive_ttl_effective_seconds,level=l1,5
2026-08-24_12-23-14-416053_earlyRefresh,earlyRefresh,high-skew-zipf,1787574430.416000,235.999947,adaptive_ttl_effective_seconds,level=l1,5
2026-08-24_12-23-14-416053_earlyRefresh,earlyRefresh,high-skew-zipf,1787574431.416000,236.999947,adaptive_ttl_effective_seconds,level=l1,5
2026-08-24_12-23-14-416053_earlyRefresh,earlyRefresh,high-skew-zipf,1787574432.416000,237.999947,adaptive_ttl_effective_seconds,level=l1,5
2026-08-24_12-23-14-416053_earlyRefresh,earlyRefresh,high-skew-zipf,1787574433.416000,238.999947,adaptive_ttl_effective_seconds,level=l1,5
2026-08-24_12-23-14-416053_earlyRefresh,earlyRefresh,high-skew-zipf,1787574434.416000,239.999947,adaptive_ttl_effective_seconds,level=l1,5
2026-08-24_12-23-14-416053_earlyRefresh,earlyRefresh,high-skew-zipf,1787574194.416000,-0.000053,adaptive_ttl_effective_seconds,level=l2,15
2026-08-24_12-23-14-416053_earlyRefresh,earlyRefresh,high-skew-zipf,1787574195.416000,0.999947,adaptive_ttl_effective_seconds,level=l2,15
2026-08-24_12-23-14-416053_earlyRefresh,earlyRefresh,high-skew-zipf,1787574196.416000,1.999947,adaptive_ttl_effective_seconds,level=l2,15
2026-08-24_12-23-14-416053_earlyRefresh,earlyRefresh,high-skew-zipf,1787574197.416000,2.999947,adaptive_ttl_effective_seconds,level=l2,15
2026-08-24_12-23-14-416053_earlyRefresh,earlyRefresh,high-skew-zipf,1787574198.416000,3.999947,adaptive_ttl_effective_seconds,level=l2,15
2026-08-24_12-23-14-416053_earlyRefresh,earlyRefresh,high-skew-zipf,1787574199.416000,4.999947,adaptive_ttl_effective_seconds,level=l2,15
2026-08-24_12-23-14-416053_earlyRefresh,earlyRefresh,high-skew-zipf,1787574200.416000,5.999947,adaptive_ttl_effective_seconds,level=l2,15
2026-08-24_12-23-14-416053_earlyRefresh,earlyRefresh,high-skew-zipf,1787574201.416000,6.999947,adaptive_ttl_effective_seconds,level=l2,15
2026-08-24_12-23-14-416053_earlyRefresh,earlyRefresh,high-skew-zipf,1787574202.416000,7.999947,adaptive_ttl_effective_seconds,level=l2,15
2026-08-24_12-23-14-416053_earlyRefresh,earlyRefresh,high-skew-zipf,1787574203.416000,8.999947,adaptive_ttl_effective_seconds,level=l2,15
2026-08-24_12-23-14-416053_earlyRefresh,earlyRefresh,high-skew-zipf,1787574204.416000,9.999947,adaptive_ttl_effective_seconds,level=l2,15
2026-08-24_12-23-14-416053_earlyRefresh,earlyRefresh,high-skew-zipf,1787574205.416000,10.999947,adaptive_ttl_effective_seconds,level=l2,15
2026-08-24_12-23-14-416053_earlyRefresh,earlyRefresh,high-skew-zipf,1787574206.416000,11.999947,adaptive_ttl_effective_seconds,level=l2,15
2026-08-24_12-23-14-416053_earlyRefresh,earlyRefresh,high-skew-zipf,1787574207.416000,12.999947,adaptive_ttl_effective_seconds,level=l2,15
2026-08-24_12-23-14-416053_earlyRefresh,earlyRefresh,high-skew-zipf,1787574208.416000,13.999947,adaptive_ttl_effective_seconds,level=l2,15
2026-08-24_12-23-14-416053_earlyRefresh,earlyRefresh,high-skew-zipf,1787574209.416000,14.999947,adaptive_ttl_effective_seconds,level=l2,15
2026-08-24_12-23-14-416053_earlyRefresh,earlyRefresh,high-skew-zipf,1787574210.416000,15.999947,adaptive_ttl_effective_seconds,level=l2,15
2026-08-24_12-23-14-416053_earlyRefresh,earlyRefresh,high-skew-zipf,1787574211.416000,16.999947,adaptive_ttl_effective_seconds,level=l2,15
2026-08-24_12-23-14-416053_earlyRefresh,earlyRefresh,high-skew-zipf,1787574212.416000,17.999947,adaptive_ttl_effective_seconds,level=l2,15
2026-08-24_12-23-14-416053_earlyRefresh,earlyRefresh,high-skew-zipf,1787574213.416000,18.999947,adaptive_ttl_effective_seconds,level=l2,15
2026-08-24_12-23-14-416053_earlyRefresh,earlyRefresh,high-skew-zipf,1787574214.416000,19.999947,adaptive_ttl_effective_seconds,level=l2,15
2026-08-24_12-23-14-416053_earlyRefresh,earlyRefresh,high-skew-zipf,1787574215.416000,20.999947,adaptive_ttl_effective_seconds,level=l2,15
2026-08-24_12-23-14-416053_earlyRefresh,earlyRefresh,high-skew-zipf,1787574216.416000,21.999947,adaptive_ttl_effective_seconds,level=l2,15
2026-08-24_12-23-14-416053_earlyRefresh,earlyRefresh,high-skew-zipf,1787574217.416000,22.999947,adaptive_ttl_effective_seconds,level=l2,15
2026-08-24_12-23-14-416053_earlyRefresh,earlyRefresh,high-skew-zipf,1787574218.416000,23.999947,adaptive_ttl_effective_seconds,level=l2,15
2026-08-24_12-23-14-416053_earlyRefresh,earlyRefresh,high-skew-zipf,1787574219.416000,24.999947,adaptive_ttl_effective_seconds,level=l2,15
2026-08-24_12-23-14-416053_earlyRefresh,earlyRefresh,high-skew-zipf,1787574220.416000,25.999947,adaptive_ttl_effective_seconds,level=l2,15
2026-08-24_12-23-14-416053_earlyRefresh,earlyRefresh,high-skew-zipf,1787574221.416000,26.999947,adaptive_ttl_effective_seconds,level=l2,15
2026-08-24_12-23-14-416053_earlyRefresh,earlyRefresh,high-skew-zipf,1787574222.416000,27.999947,adaptive_ttl_effective_seconds,level=l2,15
2026-08-24_12-23-14-416053_earlyRefresh,earlyRefresh,high-skew-zipf,1787574223.416000,28.999947,adaptive_ttl_effective_seconds,level=l2,15
2026-08-24_12-23-14-416053_earlyRefresh,earlyRefresh,high-skew-zipf,1787574224.416000,29.999947,adaptive_ttl_effective_seconds,level=l2,15
2026-08-24_12-23-14-416053_earlyRefresh,earlyRefresh,high-skew-zipf,1787574225.416000,30.999947,adaptive_ttl_effective_seconds,level=l2,15
2026-08-24_12-23-14-416053_earlyRefresh,earlyRefresh,high-skew-zipf,1787574226.416000,31.999947,adaptive_ttl_effective_seconds,level=l2,15
2026-08-24_12-23-14-416053_earlyRefresh,earlyRefresh,high-skew-zipf,1787574227.416000,32.999947,adaptive_ttl_effective_seconds,level=l2,15
2026-08-24_12-23-14-416053_earlyRefresh,earlyRefresh,high-skew-zipf,1787574228.416000,33.999947,adaptive_ttl_effective_seconds,level=l2,15
2026-08-24_12-23-14-416053_earlyRefresh,earlyRefresh,high-skew-zipf,1787574229.416000,34.999947,adaptive_ttl_effective_seconds,level=l2,15
2026-08-24_12-23-14-416053_earlyRefresh,earlyRefresh,high-skew-zipf,1787574230.416000,35.999947,adaptive_ttl_effective_seconds,level=l2,15
2026-08-24_12-23-14-416053_earlyRefresh,earlyRefresh,high-skew-zipf,1787574231.416000,36.999947,adaptive_ttl_effective_seconds,level=l2,15
2026-08-24_12-23-14-416053_earlyRefresh,earlyRefresh,high-skew-zipf,1787574232.416000,37.999947,adaptive_ttl_effective_seconds,level=l2,15
2026-08-24_12-23-14-416053_earlyRefresh,earlyRefresh,high-skew-zipf,1787574233.416000,38.999947,adaptive_ttl_effective_seconds,level=l2,15
2026-08-24_12-23-14-416053_earlyRefresh,earlyRefresh,high-skew-zipf,1787574234.416000,39.999947,adaptive_ttl_effective_seconds,level=l2,15
2026-08-24_12-23-14-416053_earlyRefresh,earlyRefresh,high-skew-zipf,1787574235.416000,40.999947,adaptive_ttl_effective_seconds,level=l2,15
2026-08-24_12-23-14-416053_earlyRefresh,earlyRefresh,high-skew-zipf,1787574236.416000,41.999947,adaptive_ttl_effective_seconds,level=l2,15
2026-08-24_12-23-14-416053_earlyRefresh,earlyRefresh,high-skew-zipf,1787574237.416000,42.999947,adaptive_ttl_effective_seconds,level=l2,15
2026-08-24_12-23-14-416053_earlyRefresh,earlyRefresh,high-skew-zipf,1787574238.416000,43.999947,adaptive_ttl_effective_seconds,level=l2,15
2026-08-24_12-23-14-416053_earlyRefresh,earlyRefresh,high-skew-zipf,1787574239.416000,44.999947,adaptive_ttl_effective_seconds,level=l2,15
2026-08-24_12-23-14-416053_earlyRefresh,earlyRefresh,high-skew-zipf,1787574240.416000,45.999947,adaptive_ttl_effective_seconds,level=l2,15
2026-08-24_12-23-14-416053_earlyRefresh,earlyRefresh,high-skew-zipf,1787574241.416000,46.999947,adaptive_ttl_effective_seconds,level=l2,15
2026-08-24_12-23-14-416053_earlyRefresh,earlyRefresh,high-skew-zipf,1787574242.416000,47.999947,adaptive_ttl_effective_seconds,level=l2,15
2026-08-24_12-23-14-416053_earlyRefresh,earlyRefresh,high-skew-zipf,1787574243.416000,48.999947,adaptive_ttl_effective_seconds,level=l2,15
2026-08-24_12-23-14-416053_earlyRefresh,earlyRefresh,high-skew-zipf,1787574244.416000,49.999947,adaptive_ttl_effective_seconds,level=l2,15
2026-08-24_12-23-14-416053_earlyRefresh,earlyRefresh,high-skew-zipf,1787574245.416000,50.999947,adaptive_ttl_effective_seconds,level=l2,15
2026-08-24_12-23-14-416053_earlyRefresh,earlyRefresh,high-skew-zipf,1787574246.416000,51.999947,adaptive_ttl_effective_seconds,level=l2,15
2026-08-24_12-23-14-416053_earlyRefresh,earlyRefresh,high-skew-zipf,1787574247.416000,52.999947,adaptive_ttl_effective_seconds,level=l2,15
2026-08-24_12-23-14-416053_earlyRefresh,earlyRefresh,high-skew-zipf,1787574248.416000,53.999947,adaptive_ttl_effective_seconds,level=l2,15
2026-08-24_12-23-14-416053_earlyRefresh,earlyRefresh,high-skew-zipf,1787574249.416000,54.999947,adaptive_ttl_effective_seconds,level=l2,15
2026-08-24_12-23-14-416053_earlyRefresh,earlyRefresh,high-skew-zipf,1787574250.416000,55.999947,adaptive_ttl_effective_seconds,level=l2,15
2026-08-24_12-23-14-416053_earlyRefresh,earlyRefresh,high-skew-zipf,1787574251.416000,56.999947,adaptive_ttl_effective_seconds,level=l2,15
2026-08-24_12-23-14-416053_earlyRefresh,earlyRefresh,high-skew-zipf,1787574252.416000,57.999947,adaptive_ttl_effective_seconds,level=l2,15
2026-08-24_12-23-14-416053_earlyRefresh,earlyRefresh,high-skew-zipf,1787574253.416000,58.999947,adaptive_ttl_effective_seconds,level=l2,15
2026-08-24_12-23-14-416053_earlyRefresh,earlyRefresh,high-skew-zipf,1787574254.416000,59.999947,adaptive_ttl_effective_seconds,level=l2,15
2026-08-24_12-23-14-416053_earlyRefresh,earlyRefresh,high-skew-zipf,1787574255.416000,60.999947,adaptive_ttl_effective_seconds,level=l2,15
2026-08-24_12-23-14-416053_earlyRefresh,earlyRefresh,high-skew-zipf,1787574256.416000,61.999947,adaptive_ttl_effective_seconds,level=l2,15
2026-08-24_12-23-14-416053_earlyRefresh,earlyRefresh,high-skew-zipf,1787574257.416000,62.999947,adaptive_ttl_effective_seconds,level=l2,15
2026-08-24_12-23-14-416053_earlyRefresh,earlyRefresh,high-skew-zipf,1787574258.416000,63.999947,adaptive_ttl_effective_seconds,level=l2,15
2026-08-24_12-23-14-416053_earlyRefresh,earlyRefresh,high-skew-zipf,1787574259.416000,64.999947,adaptive_ttl_effective_seconds,level=l2,15
2026-08-24_12-23-14-416053_earlyRefresh,earlyRefresh,high-skew-zipf,1787574260.416000,65.999947,adaptive_ttl_effective_seconds,level=l2,15
2026-08-24_12-23-14-416053_earlyRefresh,earlyRefresh,high-skew-zipf,1787574261.416000,66.999947,adaptive_ttl_effective_seconds,level=l2,15
2026-08-24_12-23-14-416053_earlyRefresh,earlyRefresh,high-skew-zipf,1787574262.416000,67.999947,adaptive_ttl_effective_seconds,level=l2,15
2026-08-24_12-23-14-416053_earlyRefresh,earlyRefresh,high-skew-zipf,1787574263.416000,68.999947,adaptive_ttl_effective_seconds,level=l2,15
2026-08-24_12-23-14-416053_earlyRefresh,earlyRefresh,high-skew-zipf,1787574264.416000,69.999947,adaptive_ttl_effective_seconds,level=l2,15
2026-08-24_12-23-14-416053_earlyRefresh,earlyRefresh,high-skew-zipf,1787574265.416000,70.999947,adaptive_ttl_effective_seconds,level=l2,15
2026-08-24_12-23-14-416053_earlyRefresh,earlyRefresh,high-skew-zipf,1787574266.416000,71.999947,adaptive_ttl_effective_seconds,level=l2,15
2026-08-24_12-23-14-416053_earlyRefresh,earlyRefresh,high-skew-zipf,1787574267.416000,72.999947,adaptive_ttl_effective_seconds,level=l2,15
2026-08-24_12-23-14-416053_earlyRefresh,earlyRefresh,high-skew-zipf,1787574268.416000,73.999947,adaptive_ttl_effective_seconds,level=l2,15
2026-08-24_12-23-14-416053_earlyRefresh,earlyRefresh,high-skew-zipf,1787574269.416000,74.999947,adaptive_ttl_effective_seconds,level=l2,15
2026-08-24_12-23-14-416053_earlyRefresh,earlyRefresh,high-skew-zipf,1787574270.416000,75.999947,adaptive_ttl_effective_seconds,level=l2,15
2026-08-24_12-23-14-416053_earlyRefresh,earlyRefresh,high-skew-zipf,1787574271.416000,76.999947,adaptive_ttl_effective_seconds,level=l2,15
2026-08-24_12-23-14-416053_earlyRefresh,earlyRefresh,high-skew-zipf,1787574272.416000,77.999947,adaptive_ttl_effective_seconds,level=l2,15
2026-08-24_12-23-14-416053_earlyRefresh,earlyRefresh,high-skew-zipf,1787574273.416000,78.999947,adaptive_ttl_effective_seconds,level=l2,15
2026-08-24_12-23-14-416053_earlyRefresh,earlyRefresh,high-skew-zipf,1787574274.416000,79.999947,adaptive_ttl_effective_seconds,level=l2,15
2026-08-24_12-23-14-416053_earlyRefresh,earlyRefresh,high-skew-zipf,1787574275.416000,80.999947,adaptive_ttl_effective_seconds,level=l2,15
2026-08-24_12-23-14-416053_earlyRefresh,earlyRefresh,high-skew-zipf,1787574276.416000,81.999947,adaptive_ttl_effective_seconds,level=l2,15
2026-08-24_12-23-14-416053_earlyRefresh,earlyRefresh,high-skew-zipf,1787574277.416000,82.999947,adaptive_ttl_effective_seconds,level=l2,15
2026-08-24_12-23-14-416053_earlyRefresh,earlyRefresh,high-skew-zipf,1787574278.416000,83.999947,adaptive_ttl_effective_seconds,level=l2,15
2026-08-24_12-23-14-416053_earlyRefresh,earlyRefresh,high-skew-zipf,1787574279.416000,84.999947,adaptive_ttl_effective_seconds,level=l2,15
2026-08-24_12-23-14-416053_earlyRefresh,earlyRefresh,high-skew-zipf,1787574280.416000,85.999947,adaptive_ttl_effective_seconds,level=l2,15
2026-08-24_12-23-14-416053_earlyRefresh,earlyRefresh,high-skew-zipf,1787574281.416000,86.999947,adaptive_ttl_effective_seconds,level=l2,15
2026-08-24_12-23-14-416053_earlyRefresh,earlyRefresh,high-skew-zipf,1787574282.416000,87.999947,adaptive_ttl_effective_seconds,level=l2,15
2026-08-24_12-23-14-416053_earlyRefresh,earlyRefresh,high-skew-zipf,1787574283.416000,88.999947,adaptive_ttl_effective_seconds,level=l2,15
2026-08-24_12-23-14-416053_earlyRefresh,earlyRefresh,high-skew-zipf,1787574284.416000,89.999947,adaptive_ttl_effective_seconds,level=l2,15
2026-08-24_12-23-14-416053_earlyRefresh,earlyRefresh,high-skew-zipf,1787574285.416000,90.999947,adaptive_ttl_effective_seconds,level=l2,15
2026-08-24_12-23-14-416053_earlyRefresh,earlyRefresh,high-skew-zipf,1787574286.416000,91.999947,adaptive_ttl_effective_seconds,level=l2,15
2026-08-24_12-23-14-416053_earlyRefresh,earlyRefresh,high-skew-zipf,1787574287.416000,92.999947,adaptive_ttl_effective_seconds,level=l2,15
2026-08-24_12-23-14-416053_earlyRefresh,earlyRefresh,high-skew-zipf,1787574288.416000,93.999947,adaptive_ttl_effective_seconds,level=l2,15
2026-08-24_12-23-14-416053_earlyRefresh,earlyRefresh,high-skew-zipf,1787574289.416000,94.999947,adaptive_ttl_effective_seconds,level=l2,15
2026-08-24_12-23-14-416053_earlyRefresh,earlyRefresh,high-skew-zipf,1787574290.416000,95.999947,adaptive_ttl_effective_seconds,level=l2,15
2026-08-24_12-23-14-416053_earlyRefresh,earlyRefresh,high-skew-zipf,1787574291.416000,96.999947,adaptive_ttl_effective_seconds,level=l2,15
2026-08-24_12-23-14-416053_earlyRefresh,earlyRefresh,high-skew-zipf,1787574292.416000,97.999947,adaptive_ttl_effective_seconds,level=l2,15
2026-08-24_12-23-14-416053_earlyRefresh,earlyRefresh,high-skew-zipf,1787574293.416000,98.999947,adaptive_ttl_effective_seconds,level=l2,15
2026-08-24_12-23-14-416053_earlyRefresh,earlyRefresh,high-skew-zipf,1787574294.416000,99.999947,adaptive_ttl_effective_seconds,level=l2,15
2026-08-24_12-23-14-416053_earlyRefresh,earlyRefresh,high-skew-zipf,1787574295.416000,100.999947,adaptive_ttl_effective_seconds,level=l2,15
2026-08-24_12-23-14-416053_earlyRefresh,earlyRefresh,high-skew-zipf,1787574296.416000,101.999947,adaptive_ttl_effective_seconds,level=l2,15
2026-08-24_12-23-14-416053_earlyRefresh,earlyRefresh,high-skew-zipf,1787574297.416000,102.999947,adaptive_ttl_effective_seconds,level=l2,15
2026-08-24_12-23-14-416053_earlyRefresh,earlyRefresh,high-skew-zipf,1787574298.416000,103.999947,adaptive_ttl_effective_seconds,level=l2,15
2026-08-24_12-23-14-416053_earlyRefresh,earlyRefresh,high-skew-zipf,1787574299.416000,104.999947,adaptive_ttl_effective_seconds,level=l2,15
2026-08-24_12-23-14-416053_earlyRefresh,earlyRefresh,high-skew-zipf,1787574300.416000,105.999947,adaptive_ttl_effective_seconds,level=l2,15
2026-08-24_12-23-14-416053_earlyRefresh,earlyRefresh,high-skew-zipf,1787574301.416000,106.999947,adaptive_ttl_effective_seconds,level=l2,15
2026-08-24_12-23-14-416053_earlyRefresh,earlyRefresh,high-skew-zipf,1787574302.416000,107.999947,adaptive_ttl_effective_seconds,level=l2,15
2026-08-24_12-23-14-416053_earlyRefresh,earlyRefresh,high-skew-zipf,1787574303.416000,108.999947,adaptive_ttl_effective_seconds,level=l2,15
2026-08-24_12-23-14-416053_earlyRefresh,earlyRefresh,high-skew-zipf,1787574304.416000,109.999947,adaptive_ttl_effective_seconds,level=l2,15
2026-08-24_12-23-14-416053_earlyRefresh,earlyRefresh,high-skew-zipf,1787574305.416000,110.999947,adaptive_ttl_effective_seconds,level=l2,15
2026-08-24_12-23-14-416053_earlyRefresh,earlyRefresh,high-skew-zipf,1787574306.416000,111.999947,adaptive_ttl_effective_seconds,level=l2,15
2026-08-24_12-23-14-416053_earlyRefresh,earlyRefresh,high-skew-zipf,1787574307.416000,112.999947,adaptive_ttl_effective_seconds,level=l2,15
2026-08-24_12-23-14-416053_earlyRefresh,earlyRefresh,high-skew-zipf,1787574308.416000,113.999947,adaptive_ttl_effective_seconds,level=l2,15
2026-08-24_12-23-14-416053_earlyRefresh,earlyRefresh,high-skew-zipf,1787574309.416000,114.999947,adaptive_ttl_effective_seconds,level=l2,15
2026-08-24_12-23-14-416053_earlyRefresh,earlyRefresh,high-skew-zipf,1787574310.416000,115.999947,adaptive_ttl_effective_seconds,level=l2,15
2026-08-24_12-23-14-416053_earlyRefresh,earlyRefresh,high-skew-zipf,1787574311.416000,116.999947,adaptive_ttl_effective_seconds,level=l2,15
2026-08-24_12-23-14-416053_earlyRefresh,earlyRefresh,high-skew-zipf,1787574312.416000,117.999947,adaptive_ttl_effective_seconds,level=l2,15
2026-08-24_12-23-14-416053_earlyRefresh,earlyRefresh,high-skew-zipf,1787574313.416000,118.999947,adaptive_ttl_effective_seconds,level=l2,15
2026-08-24_12-23-14-416053_earlyRefresh,earlyRefresh,high-skew-zipf,1787574314.416000,119.999947,adaptive_ttl_effective_seconds,level=l2,15
2026-08-24_12-23-14-416053_earlyRefresh,earlyRefresh,high-skew-zipf,1787574315.416000,120.999947,adaptive_ttl_effective_seconds,level=l2,15
2026-08-24_12-23-14-416053_earlyRefresh,earlyRefresh,high-skew-zipf,1787574316.416000,121.999947,adaptive_ttl_effective_seconds,level=l2,15
2026-08-24_12-23-14-416053_earlyRefresh,earlyRefresh,high-skew-zipf,1787574317.416000,122.999947,adaptive_ttl_effective_seconds,level=l2,15
2026-08-24_12-23-14-416053_earlyRefresh,earlyRefresh,high-skew-zipf,1787574318.416000,123.999947,adaptive_ttl_effective_seconds,level=l2,15
2026-08-24_12-23-14-416053_earlyRefresh,earlyRefresh,high-skew-zipf,1787574319.416000,124.999947,adaptive_ttl_effective_seconds,level=l2,15
2026-08-24_12-23-14-416053_earlyRefresh,earlyRefresh,high-skew-zipf,1787574320.416000,125.999947,adaptive_ttl_effective_seconds,level=l2,15
2026-08-24_12-23-14-416053_earlyRefresh,earlyRefresh,high-skew-zipf,1787574321.416000,126.999947,adaptive_ttl_effective_seconds,level=l2,15
2026-08-24_12-23-14-416053_earlyRefresh,earlyRefresh,high-skew-zipf,1787574322.416000,127.999947,adaptive_ttl_effective_seconds,level=l2,15
2026-08-24_12-23-14-416053_earlyRefresh,earlyRefresh,high-skew-zipf,1787574323.416000,128.999947,adaptive_ttl_effective_seconds,level=l2,15
2026-08-24_12-23-14-416053_earlyRefresh,earlyRefresh,high-skew-zipf,1787574324.416000,129.999947,adaptive_ttl_effective_seconds,level=l2,15
2026-08-24_12-23-14-416053_earlyRefresh,earlyRefresh,high-skew-zipf,1787574325.416000,130.999947,adaptive_ttl_effective_seconds,level=l2,15
2026-08-24_12-23-14-416053_earlyRefresh,earlyRefresh,high-skew-zipf,1787574326.416000,131.999947,adaptive_ttl_effective_seconds,level=l2,15
2026-08-24_12-23-14-416053_earlyRefresh,earlyRefresh,high-skew-zipf,1787574327.416000,132.999947,adaptive_ttl_effective_seconds,level=l2,15
2026-08-24_12-23-14-416053_earlyRefresh,earlyRefresh,high-skew-zipf,1787574328.416000,133.999947,adaptive_ttl_effective_seconds,level=l2,15
2026-08-24_12-23-14-416053_earlyRefresh,earlyRefresh,high-skew-zipf,1787574329.416000,134.999947,adaptive_ttl_effective_seconds,level=l2,15
2026-08-24_12-23-14-416053_earlyRefresh,earlyRefresh,high-skew-zipf,1787574330.416000,135.999947,adaptive_ttl_effective_seconds,level=l2,15
2026-08-24_12-23-14-416053_earlyRefresh,earlyRefresh,high-skew-zipf,1787574331.416000,136.999947,adaptive_ttl_effective_seconds,level=l2,15
2026-08-24_12-23-14-416053_earlyRefresh,earlyRefresh,high-skew-zipf,1787574332.416000,137.999947,adaptive_ttl_effective_seconds,level=l2,15
2026-08-24_12-23-14-416053_earlyRefresh,earlyRefresh,high-skew-zipf,1787574333.416000,138.999947,adaptive_ttl_effective_seconds,level=l2,15
2026-08-24_12-23-14-416053_earlyRefresh,earlyRefresh,high-skew-zipf,1787574334.416000,139.999947,adaptive_ttl_effective_seconds,level=l2,15
2026-08-24_12-23-14-416053_earlyRefresh,earlyRefresh,high-skew-zipf,1787574335.416000,140.999947,adaptive_ttl_effective_seconds,level=l2,15
2026-08-24_12-23-14-416053_earlyRefresh,earlyRefresh,high-skew-zipf,1787574336.416000,141.999947,adaptive_ttl_effective_seconds,level=l2,15
2026-08-24_12-23-14-416053_earlyRefresh,earlyRefresh,high-skew-zipf,1787574337.416000,142.999947,adaptive_ttl_effective_seconds,level=l2,15
2026-08-24_12-23-14-416053_earlyRefresh,earlyRefresh,high-skew-zipf,1787574338.416000,143.999947,adaptive_ttl_effective_seconds,level=l2,15
2026-08-24_12-23-14-416053_earlyRefresh,earlyRefresh,high-skew-zipf,1787574339.416000,144.999947,adaptive_ttl_effective_seconds,level=l2,15
2026-08-24_12-23-14-416053_earlyRefresh,earlyRefresh,high-skew-zipf,1787574340.416000,145.999947,adaptive_ttl_effective_seconds,level=l2,15
2026-08-24_12-23-14-416053_earlyRefresh,earlyRefresh,high-skew-zipf,1787574341.416000,146.999947,adaptive_ttl_effective_seconds,level=l2,15
2026-08-24_12-23-14-416053_earlyRefresh,earlyRefresh,high-skew-zipf,1787574342.416000,147.999947,adaptive_ttl_effective_seconds,level=l2,15
2026-08-24_12-23-14-416053_earlyRefresh,earlyRefresh,high-skew-zipf,1787574343.416000,148.999947,adaptive_ttl_effective_seconds,level=l2,15
2026-08-24_12-23-14-416053_earlyRefresh,earlyRefresh,high-skew-zipf,1787574344.416000,149.999947,adaptive_ttl_effective_seconds,level=l2,15
2026-08-24_12-23-14-416053_earlyRefresh,earlyRefresh,high-skew-zipf,1787574345.416000,150.999947,adaptive_ttl_effective_seconds,level=l2,15
2026-08-24_12-23-14-416053_earlyRefresh,earlyRefresh,high-skew-zipf,1787574346.416000,151.999947,adaptive_ttl_effective_seconds,level=l2,15
2026-08-24_12-23-14-416053_earlyRefresh,earlyRefresh,high-skew-zipf,1787574347.416000,152.999947,adaptive_ttl_effective_seconds,level=l2,15
2026-08-24_12-23-14-416053_earlyRefresh,earlyRefresh,high-skew-zipf,1787574348.416000,153.999947,adaptive_ttl_effective_seconds,level=l2,15
2026-08-24_12-23-14-416053_earlyRefresh,earlyRefresh,high-skew-zipf,1787574349.416000,154.999947,adaptive_ttl_effective_seconds,level=l2,15
2026-08-24_12-23-14-416053_earlyRefresh,earlyRefresh,high-skew-zipf,1787574350.416000,155.999947,adaptive_ttl_effective_seconds,level=l2,15
2026-08-24_12-23-14-416053_earlyRefresh,earlyRefresh,high-skew-zipf,1787574351.416000,156.999947,adaptive_ttl_effective_seconds,level=l2,15
2026-08-24_12-23-14-416053_earlyRefresh,earlyRefresh,high-skew-zipf,1787574352.416000,157.999947,adaptive_ttl_effective_seconds,level=l2,15
2026-08-24_12-23-14-416053_earlyRefresh,earlyRefresh,high-skew-zipf,1787574353.416000,158.999947,adaptive_ttl_effective_seconds,level=l2,15
2026-08-24_12-23-14-416053_earlyRefresh,earlyRefresh,high-skew-zipf,1787574354.416000,159.999947,adaptive_ttl_effective_seconds,level=l2,15
2026-08-24_12-23-14-416053_earlyRefresh,earlyRefresh,high-skew-zipf,1787574355.416000,160.999947,adaptive_ttl_effective_seconds,level=l2,15
2026-08-24_12-23-14-416053_earlyRefresh,earlyRefresh,high-skew-zipf,1787574356.416000,161.999947,adaptive_ttl_effective_seconds,level=l2,15
2026-08-24_12-23-14-416053_earlyRefresh,earlyRefresh,high-skew-zipf,1787574357.416000,162.999947,adaptive_ttl_effective_seconds,level=l2,15
2026-08-24_12-23-14-416053_earlyRefresh,earlyRefresh,high-skew-zipf,1787574358.416000,163.999947,adaptive_ttl_effective_seconds,level=l2,15
2026-08-24_12-23-14-416053_earlyRefresh,earlyRefresh,high-skew-zipf,1787574359.416000,164.999947,adaptive_ttl_effective_seconds,level=l2,15
2026-08-24_12-23-14-416053_earlyRefresh,earlyRefresh,high-skew-zipf,1787574360.416000,165.999947,adaptive_ttl_effective_seconds,level=l2,15
2026-08-24_12-23-14-416053_earlyRefresh,earlyRefresh,high-skew-zipf,1787574361.416000,166.999947,adaptive_ttl_effective_seconds,level=l2,15
2026-08-24_12-23-14-416053_earlyRefresh,earlyRefresh,high-skew-zipf,1787574362.416000,167.999947,adaptive_ttl_effective_seconds,level=l2,15
2026-08-24_12-23-14-416053_earlyRefresh,earlyRefresh,high-skew-zipf,1787574363.416000,168.999947,adaptive_ttl_effective_seconds,level=l2,15
2026-08-24_12-23-14-416053_earlyRefresh,earlyRefresh,high-skew-zipf,1787574364.416000,169.999947,adaptive_ttl_effective_seconds,level=l2,15
2026-08-24_12-23-14-416053_earlyRefresh,earlyRefresh,high-skew-zipf,1787574365.416000,170.999947,adaptive_ttl_effective_seconds,level=l2,15
2026-08-24_12-23-14-416053_earlyRefresh,earlyRefresh,high-skew-zipf,1787574366.416000,171.999947,adaptive_ttl_effective_seconds,level=l2,15
2026-08-24_12-23-14-416053_earlyRefresh,earlyRefresh,high-skew-zipf,1787574367.416000,172.999947,adaptive_ttl_effective_seconds,level=l2,15
2026-08-24_12-23-14-416053_earlyRefresh,earlyRefresh,high-skew-zipf,1787574368.416000,173.999947,adaptive_ttl_effective_seconds,level=l2,15
2026-08-24_12-23-14-416053_earlyRefresh,earlyRefresh,high-skew-zipf,1787574369.416000,174.999947,adaptive_ttl_effective_seconds,level=l2,15
2026-08-24_12-23-14-416053_earlyRefresh,earlyRefresh,high-skew-zipf,1787574370.416000,175.999947,adaptive_ttl_effective_seconds,level=l2,15
2026-08-24_12-23-14-416053_earlyRefresh,earlyRefresh,high-skew-zipf,1787574371.416000,176.999947,adaptive_ttl_effective_seconds,level=l2,15
2026-08-24_12-23-14-416053_earlyRefresh,earlyRefresh,high-skew-zipf,1787574372.416000,177.999947,adaptive_ttl_effective_seconds,level=l2,15
2026-08-24_12-23-14-416053_earlyRefresh,earlyRefresh,high-skew-zipf,1787574373.416000,178.999947,adaptive_ttl_effective_seconds,level=l2,15
2026-08-24_12-23-14-416053_earlyRefresh,earlyRefresh,high-skew-zipf,1787574374.416000,179.999947,adaptive_ttl_effective_seconds,level=l2,15
2026-08-24_12-23-14-416053_earlyRefresh,earlyRefresh,high-skew-zipf,1787574375.416000,180.999947,adaptive_ttl_effective_seconds,level=l2,15
2026-08-24_12-23-14-416053_earlyRefresh,earlyRefresh,high-skew-zipf,1787574376.416000,181.999947,adaptive_ttl_effective_seconds,level=l2,15
2026-08-24_12-23-14-416053_earlyRefresh,earlyRefresh,high-skew-zipf,1787574377.416000,182.999947,adaptive_ttl_effective_seconds,level=l2,15
2026-08-24_12-23-14-416053_earlyRefresh,earlyRefresh,high-skew-zipf,1787574378.416000,183.999947,adaptive_ttl_effective_seconds,level=l2,15
2026-08-24_12-23-14-416053_earlyRefresh,earlyRefresh,high-skew-zipf,1787574379.416000,184.999947,adaptive_ttl_effective_seconds,level=l2,15
2026-08-24_12-23-14-416053_earlyRefresh,earlyRefresh,high-skew-zipf,1787574380.416000,185.999947,adaptive_ttl_effective_seconds,level=l2,15
2026-08-24_12-23-14-416053_earlyRefresh,earlyRefresh,high-skew-zipf,1787574381.416000,186.999947,adaptive_ttl_effective_seconds,level=l2,15
2026-08-24_12-23-14-416053_earlyRefresh,earlyRefresh,high-skew-zipf,1787574382.416000,187.999947,adaptive_ttl_effective_seconds,level=l2,15
2026-08-24_12-23-14-416053_earlyRefresh,earlyRefresh,high-skew-zipf,1787574383.416000,188.999947,adaptive_ttl_effective_seconds,level=l2,15
2026-08-24_12-23-14-416053_earlyRefresh,earlyRefresh,high-skew-zipf,1787574384.416000,189.999947,adaptive_ttl_effective_seconds,level=l2,15
2026-08-24_12-23-14-416053_earlyRefresh,earlyRefresh,high-skew-zipf,1787574385.416000,190.999947,adaptive_ttl_effective_seconds,level=l2,15
2026-08-24_12-23-14-416053_earlyRefresh,earlyRefresh,high-skew-zipf,1787574386.416000,191.999947,adaptive_ttl_effective_seconds,level=l2,15
2026-08-24_12-23-14-416053_earlyRefresh,earlyRefresh,high-skew-zipf,1787574387.416000,192.999947,adaptive_ttl_effective_seconds,level=l2,15
2026-08-24_12-23-14-416053_earlyRefresh,earlyRefresh,high-skew-zipf,1787574388.416000,193.999947,adaptive_ttl_effective_seconds,level=l2,15
2026-08-24_12-23-14-416053_earlyRefresh,earlyRefresh,high-skew-zipf,1787574389.416000,194.999947,adaptive_ttl_effective_seconds,level=l2,15
2026-08-24_12-23-14-416053_earlyRefresh,earlyRefresh,high-skew-zipf,1787574390.416000,195.999947,adaptive_ttl_effective_seconds,level=l2,15
2026-08-24_12-23-14-416053_earlyRefresh,earlyRefresh,high-skew-zipf,1787574391.416000,196.999947,adaptive_ttl_effective_seconds,level=l2,15
2026-08-24_12-23-14-416053_earlyRefresh,earlyRefresh,high-skew-zipf,1787574392.416000,197.999947,adaptive_ttl_effective_seconds,level=l2,15
2026-08-24_12-23-14-416053_earlyRefresh,earlyRefresh,high-skew-zipf,1787574393.416000,198.999947,adaptive_ttl_effective_seconds,level=l2,15
2026-08-24_12-23-14-416053_earlyRefresh,earlyRefresh,high-skew-zipf,1787574394.416000,199.999947,adaptive_ttl_effective_seconds,level=l2,15
2026-08-24_12-23-14-416053_earlyRefresh,earlyRefresh,high-skew-zipf,1787574395.416000,200.999947,adaptive_ttl_effective_seconds,level=l2,15
2026-08-24_12-23-14-416053_earlyRefresh,earlyRefresh,high-skew-zipf,1787574396.416000,201.999947,adaptive_ttl_effective_seconds,level=l2,15
2026-08-24_12-23-14-416053_earlyRefresh,earlyRefresh,high-skew-zipf,1787574397.416000,202.999947,adaptive_ttl_effective_seconds,level=l2,15
2026-08-24_12-23-14-416053_earlyRefresh,earlyRefresh,high-skew-zipf,1787574398.416000,203.999947,adaptive_ttl_effective_seconds,level=l2,15
2026-08-24_12-23-14-416053_earlyRefresh,earlyRefresh,high-skew-zipf,1787574399.416000,204.999947,adaptive_ttl_effective_seconds,level=l2,15
2026-08-24_12-23-14-416053_earlyRefresh,earlyRefresh,high-skew-zipf,1787574400.416000,205.999947,adaptive_ttl_effective_seconds,level=l2,15
2026-08-24_12-23-14-416053_earlyRefresh,earlyRefresh,high-skew-zipf,1787574401.416000,206.999947,adaptive_ttl_effective_seconds,level=l2,15
2026-08-24_12-23-14-416053_earlyRefresh,earlyRefresh,high-skew-zipf,1787574402.416000,207.999947,adaptive_ttl_effective_seconds,level=l2,15
2026-08-24_12-23-14-416053_earlyRefresh,earlyRefresh,high-skew-zipf,1787574403.416000,208.999947,adaptive_ttl_effective_seconds,level=l2,15
2026-08-24_12-23-14-416053_earlyRefresh,earlyRefresh,high-skew-zipf,1787574404.416000,209.999947,adaptive_ttl_effective_seconds,level=l2,15
2026-08-24_12-23-14-416053_earlyRefresh,earlyRefresh,high-skew-zipf,1787574405.416000,210.999947,adaptive_ttl_effective_seconds,level=l2,15
2026-08-24_12-23-14-416053_earlyRefresh,earlyRefresh,high-skew-zipf,1787574406.416000,211.999947,adaptive_ttl_effective_seconds,level=l2,15
2026-08-24_12-23-14-416053_earlyRefresh,earlyRefresh,high-skew-zipf,1787574407.416000,212.999947,adaptive_ttl_effective_seconds,level=l2,15
2026-08-24_12-23-14-416053_earlyRefresh,earlyRefresh,high-skew-zipf,1787574408.416000,213.999947,adaptive_ttl_effective_seconds,level=l2,15
2026-08-24_12-23-14-416053_earlyRefresh,earlyRefresh,high-skew-zipf,1787574409.416000,214.999947,adaptive_ttl_effective_seconds,level=l2,15
2026-08-24_12-23-14-416053_earlyRefresh,earlyRefresh,high-skew-zipf,1787574410.416000,215.999947,adaptive_ttl_effective_seconds,level=l2,15
2026-08-24_12-23-14-416053_earlyRefresh,earlyRefresh,high-skew-zipf,1787574411.416000,216.999947,adaptive_ttl_effective_seconds,level=l2,15
2026-08-24_12-23-14-416053_earlyRefresh,earlyRefresh,high-skew-zipf,1787574412.416000,217.999947,adaptive_ttl_effective_seconds,level=l2,15
2026-08-24_12-23-14-416053_earlyRefresh,earlyRefresh,high-skew-zipf,1787574413.416000,218.999947,adaptive_ttl_effective_seconds,level=l2,15
2026-08-24_12-23-14-416053_earlyRefresh,earlyRefresh,high-skew-zipf,1787574414.416000,219.999947,adaptive_ttl_effective_seconds,level=l2,15
2026-08-24_12-23-14-416053_earlyRefresh,earlyRefresh,high-skew-zipf,1787574415.416000,220.999947,adaptive_ttl_effective_seconds,level=l2,15
2026-08-24_12-23-14-416053_earlyRefresh,earlyRefresh,high-skew-zipf,1787574416.416000,221.999947,adaptive_ttl_effective_seconds,level=l2,15
2026-08-24_12-23-14-416053_earlyRefresh,earlyRefresh,high-skew-zipf,1787574417.416000,222.999947,adaptive_ttl_effective_seconds,level=l2,15
2026-08-24_12-23-14-416053_earlyRefresh,earlyRefresh,high-skew-zipf,1787574418.416000,223.999947,adaptive_ttl_effective_seconds,level=l2,15
2026-08-24_12-23-14-416053_earlyRefresh,earlyRefresh,high-skew-zipf,1787574419.416000,224.999947,adaptive_ttl_effective_seconds,level=l2,15
2026-08-24_12-23-14-416053_earlyRefresh,earlyRefresh,high-skew-zipf,1787574420.416000,225.999947,adaptive_ttl_effective_seconds,level=l2,15
2026-08-24_12-23-14-416053_earlyRefresh,earlyRefresh,high-skew-zipf,1787574421.416000,226.999947,adaptive_ttl_effective_seconds,level=l2,15
2026-08-24_12-23-14-416053_earlyRefresh,earlyRefresh,high-skew-zipf,1787574422.416000,227.999947,adaptive_ttl_effective_seconds,level=l2,15
2026-08-24_12-23-14-416053_earlyRefresh,earlyRefresh,high-skew-zipf,1787574423.416000,228.999947,adaptive_ttl_effective_seconds,level=l2,15
2026-08-24_12-23-14-416053_earlyRefresh,earlyRefresh,high-skew-zipf,1787574424.416000,229.999947,adaptive_ttl_effective_seconds,level=l2,15
2026-08-24_12-23-14-416053_earlyRefresh,earlyRefresh,high-skew-zipf,1787574425.416000,230.999947,adaptive_ttl_effective_seconds,level=l2,15
2026-08-24_12-23-14-416053_earlyRefresh,earlyRefresh,high-skew-zipf,1787574426.416000,231.999947,adaptive_ttl_effective_seconds,level=l2,15
2026-08-24_12-23-14-416053_earlyRefresh,earlyRefresh,high-skew-zipf,1787574427.416000,232.999947,adaptive_ttl_effective_seconds,level=l2,15
2026-08-24_12-23-14-416053_earlyRefresh,earlyRefresh,high-skew-zipf,1787574428.416000,233.999947,adaptive_ttl_effective_seconds,level=l2,15
2026-08-24_12-23-14-416053_earlyRefresh,earlyRefresh,high-skew-zipf,1787574429.416000,234.999947,adaptive_ttl_effective_seconds,level=l2,15
2026-08-24_12-23-14-416053_earlyRefresh,earlyRefresh,high-skew-zipf,1787574430.416000,235.999947,adaptive_ttl_effective_seconds,level=l2,15
2026-08-24_12-23-14-416053_earlyRefresh,earlyRefresh,high-skew-zipf,1787574431.416000,236.999947,adaptive_ttl_effective_seconds,level=l2,15
2026-08-24_12-23-14-416053_earlyRefresh,earlyRefresh,high-skew-zipf,1787574432.416000,237.999947,adaptive_ttl_effective_seconds,level=l2,15
2026-08-24_12-23-14-416053_earlyRefresh,earlyRefresh,high-skew-zipf,1787574433.416000,238.999947,adaptive_ttl_effective_seconds,level=l2,15
2026-08-24_12-23-14-416053_earlyRefresh,earlyRefresh,high-skew-zipf,1787574434.416000,239.999947,adaptive_ttl_effective_seconds,level=l2,15
2026-08-24_12-23-14-416053_earlyRefresh,earlyRefresh,high-skew-zipf,1787574194.416000,-0.000053,adaptive_ttl_state,all,0
2026-08-24_12-23-14-416053_earlyRefresh,earlyRefresh,high-skew-zipf,1787574195.416000,0.999947,adaptive_ttl_state,all,0
2026-08-24_12-23-14-416053_earlyRefresh,earlyRefresh,high-skew-zipf,1787574196.416000,1.999947,adaptive_ttl_state,all,0
2026-08-24_12-23-14-416053_earlyRefresh,earlyRefresh,high-skew-zipf,1787574197.416000,2.999947,adaptive_ttl_state,all,0
2026-08-24_12-23-14-416053_earlyRefresh,earlyRefresh,high-skew-zipf,1787574198.416000,3.999947,adaptive_ttl_state,all,0
2026-08-24_12-23-14-416053_earlyRefresh,earlyRefresh,high-skew-zipf,1787574199.416000,4.999947,adaptive_ttl_state,all,0
2026-08-24_12-23-14-416053_earlyRefresh,earlyRefresh,high-skew-zipf,1787574200.416000,5.999947,adaptive_ttl_state,all,0
2026-08-24_12-23-14-416053_earlyRefresh,earlyRefresh,high-skew-zipf,1787574201.416000,6.999947,adaptive_ttl_state,all,0
2026-08-24_12-23-14-416053_earlyRefresh,earlyRefresh,high-skew-zipf,1787574202.416000,7.999947,adaptive_ttl_state,all,0
2026-08-24_12-23-14-416053_earlyRefresh,earlyRefresh,high-skew-zipf,1787574203.416000,8.999947,adaptive_ttl_state,all,0
2026-08-24_12-23-14-416053_earlyRefresh,earlyRefresh,high-skew-zipf,1787574204.416000,9.999947,adaptive_ttl_state,all,0
2026-08-24_12-23-14-416053_earlyRefresh,earlyRefresh,high-skew-zipf,1787574205.416000,10.999947,adaptive_ttl_state,all,0
2026-08-24_12-23-14-416053_earlyRefresh,earlyRefresh,high-skew-zipf,1787574206.416000,11.999947,adaptive_ttl_state,all,0
2026-08-24_12-23-14-416053_earlyRefresh,earlyRefresh,high-skew-zipf,1787574207.416000,12.999947,adaptive_ttl_state,all,0
2026-08-24_12-23-14-416053_earlyRefresh,earlyRefresh,high-skew-zipf,1787574208.416000,13.999947,adaptive_ttl_state,all,0
2026-08-24_12-23-14-416053_earlyRefresh,earlyRefresh,high-skew-zipf,1787574209.416000,14.999947,adaptive_ttl_state,all,0
2026-08-24_12-23-14-416053_earlyRefresh,earlyRefresh,high-skew-zipf,1787574210.416000,15.999947,adaptive_ttl_state,all,0
2026-08-24_12-23-14-416053_earlyRefresh,earlyRefresh,high-skew-zipf,1787574211.416000,16.999947,adaptive_ttl_state,all,0
2026-08-24_12-23-14-416053_earlyRefresh,earlyRefresh,high-skew-zipf,1787574212.416000,17.999947,adaptive_ttl_state,all,0
2026-08-24_12-23-14-416053_earlyRefresh,earlyRefresh,high-skew-zipf,1787574213.416000,18.999947,adaptive_ttl_state,all,0
2026-08-24_12-23-14-416053_earlyRefresh,earlyRefresh,high-skew-zipf,1787574214.416000,19.999947,adaptive_ttl_state,all,0
2026-08-24_12-23-14-416053_earlyRefresh,earlyRefresh,high-skew-zipf,1787574215.416000,20.999947,adaptive_ttl_state,all,0
2026-08-24_12-23-14-416053_earlyRefresh,earlyRefresh,high-skew-zipf,1787574216.416000,21.999947,adaptive_ttl_state,all,0
2026-08-24_12-23-14-416053_earlyRefresh,earlyRefresh,high-skew-zipf,1787574217.416000,22.999947,adaptive_ttl_state,all,0
2026-08-24_12-23-14-416053_earlyRefresh,earlyRefresh,high-skew-zipf,1787574218.416000,23.999947,adaptive_ttl_state,all,0
2026-08-24_12-23-14-416053_earlyRefresh,earlyRefresh,high-skew-zipf,1787574219.416000,24.999947,adaptive_ttl_state,all,0
2026-08-24_12-23-14-416053_earlyRefresh,earlyRefresh,high-skew-zipf,1787574220.416000,25.999947,adaptive_ttl_state,all,0
2026-08-24_12-23-14-416053_earlyRefresh,earlyRefresh,high-skew-zipf,1787574221.416000,26.999947,adaptive_ttl_state,all,0
2026-08-24_12-23-14-416053_earlyRefresh,earlyRefresh,high-skew-zipf,1787574222.416000,27.999947,adaptive_ttl_state,all,0
2026-08-24_12-23-14-416053_earlyRefresh,earlyRefresh,high-skew-zipf,1787574223.416000,28.999947,adaptive_ttl_state,all,0
2026-08-24_12-23-14-416053_earlyRefresh,earlyRefresh,high-skew-zipf,1787574224.416000,29.999947,adaptive_ttl_state,all,0
2026-08-24_12-23-14-416053_earlyRefresh,earlyRefresh,high-skew-zipf,1787574225.416000,30.999947,adaptive_ttl_state,all,0
2026-08-24_12-23-14-416053_earlyRefresh,earlyRefresh,high-skew-zipf,1787574226.416000,31.999947,adaptive_ttl_state,all,0
2026-08-24_12-23-14-416053_earlyRefresh,earlyRefresh,high-skew-zipf,1787574227.416000,32.999947,adaptive_ttl_state,all,0
2026-08-24_12-23-14-416053_earlyRefresh,earlyRefresh,high-skew-zipf,1787574228.416000,33.999947,adaptive_ttl_state,all,0
2026-08-24_12-23-14-416053_earlyRefresh,earlyRefresh,high-skew-zipf,1787574229.416000,34.999947,adaptive_ttl_state,all,0
2026-08-24_12-23-14-416053_earlyRefresh,earlyRefresh,high-skew-zipf,1787574230.416000,35.999947,adaptive_ttl_state,all,0
2026-08-24_12-23-14-416053_earlyRefresh,earlyRefresh,high-skew-zipf,1787574231.416000,36.999947,adaptive_ttl_state,all,0
2026-08-24_12-23-14-416053_earlyRefresh,earlyRefresh,high-skew-zipf,1787574232.416000,37.999947,adaptive_ttl_state,all,0
2026-08-24_12-23-14-416053_earlyRefresh,earlyRefresh,high-skew-zipf,1787574233.416000,38.999947,adaptive_ttl_state,all,0
2026-08-24_12-23-14-416053_earlyRefresh,earlyRefresh,high-skew-zipf,1787574234.416000,39.999947,adaptive_ttl_state,all,0
2026-08-24_12-23-14-416053_earlyRefresh,earlyRefresh,high-skew-zipf,1787574235.416000,40.999947,adaptive_ttl_state,all,0
2026-08-24_12-23-14-416053_earlyRefresh,earlyRefresh,high-skew-zipf,1787574236.416000,41.999947,adaptive_ttl_state,all,0
2026-08-24_12-23-14-416053_earlyRefresh,earlyRefresh,high-skew-zipf,1787574237.416000,42.999947,adaptive_ttl_state,all,0
2026-08-24_12-23-14-416053_earlyRefresh,earlyRefresh,high-skew-zipf,1787574238.416000,43.999947,adaptive_ttl_state,all,0
2026-08-24_12-23-14-416053_earlyRefresh,earlyRefresh,high-skew-zipf,1787574239.416000,44.999947,adaptive_ttl_state,all,0
2026-08-24_12-23-14-416053_earlyRefresh,earlyRefresh,high-skew-zipf,1787574240.416000,45.999947,adaptive_ttl_state,all,0
2026-08-24_12-23-14-416053_earlyRefresh,earlyRefresh,high-skew-zipf,1787574241.416000,46.999947,adaptive_ttl_state,all,0
2026-08-24_12-23-14-416053_earlyRefresh,earlyRefresh,high-skew-zipf,1787574242.416000,47.999947,adaptive_ttl_state,all,0
2026-08-24_12-23-14-416053_earlyRefresh,earlyRefresh,high-skew-zipf,1787574243.416000,48.999947,adaptive_ttl_state,all,0
2026-08-24_12-23-14-416053_earlyRefresh,earlyRefresh,high-skew-zipf,1787574244.416000,49.999947,adaptive_ttl_state,all,0
2026-08-24_12-23-14-416053_earlyRefresh,earlyRefresh,high-skew-zipf,1787574245.416000,50.999947,adaptive_ttl_state,all,0
2026-08-24_12-23-14-416053_earlyRefresh,earlyRefresh,high-skew-zipf,1787574246.416000,51.999947,adaptive_ttl_state,all,0
2026-08-24_12-23-14-416053_earlyRefresh,earlyRefresh,high-skew-zipf,1787574247.416000,52.999947,adaptive_ttl_state,all,0
2026-08-24_12-23-14-416053_earlyRefresh,earlyRefresh,high-skew-zipf,1787574248.416000,53.999947,adaptive_ttl_state,all,0
2026-08-24_12-23-14-416053_earlyRefresh,earlyRefresh,high-skew-zipf,1787574249.416000,54.999947,adaptive_ttl_state,all,0
2026-08-24_12-23-14-416053_earlyRefresh,earlyRefresh,high-skew-zipf,1787574250.416000,55.999947,adaptive_ttl_state,all,0
2026-08-24_12-23-14-416053_earlyRefresh,earlyRefresh,high-skew-zipf,1787574251.416000,56.999947,adaptive_ttl_state,all,0
2026-08-24_12-23-14-416053_earlyRefresh,earlyRefresh,high-skew-zipf,1787574252.416000,57.999947,adaptive_ttl_state,all,0
2026-08-24_12-23-14-416053_earlyRefresh,earlyRefresh,high-skew-zipf,1787574253.416000,58.999947,adaptive_ttl_state,all,0
2026-08-24_12-23-14-416053_earlyRefresh,earlyRefresh,high-skew-zipf,1787574254.416000,59.999947,adaptive_ttl_state,all,0
2026-08-24_12-23-14-416053_earlyRefresh,earlyRefresh,high-skew-zipf,1787574255.416000,60.999947,adaptive_ttl_state,all,0
2026-08-24_12-23-14-416053_earlyRefresh,earlyRefresh,high-skew-zipf,1787574256.416000,61.999947,adaptive_ttl_state,all,0
2026-08-24_12-23-14-416053_earlyRefresh,earlyRefresh,high-skew-zipf,1787574257.416000,62.999947,adaptive_ttl_state,all,0
2026-08-24_12-23-14-416053_earlyRefresh,earlyRefresh,high-skew-zipf,1787574258.416000,63.999947,adaptive_ttl_state,all,0
2026-08-24_12-23-14-416053_earlyRefresh,earlyRefresh,high-skew-zipf,1787574259.416000,64.999947,adaptive_ttl_state,all,0
2026-08-24_12-23-14-416053_earlyRefresh,earlyRefresh,high-skew-zipf,1787574260.416000,65.999947,adaptive_ttl_state,all,0
2026-08-24_12-23-14-416053_earlyRefresh,earlyRefresh,high-skew-zipf,1787574261.416000,66.999947,adaptive_ttl_state,all,0
2026-08-24_12-23-14-416053_earlyRefresh,earlyRefresh,high-skew-zipf,1787574262.416000,67.999947,adaptive_ttl_state,all,0
2026-08-24_12-23-14-416053_earlyRefresh,earlyRefresh,high-skew-zipf,1787574263.416000,68.999947,adaptive_ttl_state,all,0
2026-08-24_12-23-14-416053_earlyRefresh,earlyRefresh,high-skew-zipf,1787574264.416000,69.999947,adaptive_ttl_state,all,0
2026-08-24_12-23-14-416053_earlyRefresh,earlyRefresh,high-skew-zipf,1787574265.416000,70.999947,adaptive_ttl_state,all,0
2026-08-24_12-23-14-416053_earlyRefresh,earlyRefresh,high-skew-zipf,1787574266.416000,71.999947,adaptive_ttl_state,all,0
2026-08-24_12-23-14-416053_earlyRefresh,earlyRefresh,high-skew-zipf,1787574267.416000,72.999947,adaptive_ttl_state,all,0
2026-08-24_12-23-14-416053_earlyRefresh,earlyRefresh,high-skew-zipf,1787574268.416000,73.999947,adaptive_ttl_state,all,0
2026-08-24_12-23-14-416053_earlyRefresh,earlyRefresh,high-skew-zipf,1787574269.416000,74.999947,adaptive_ttl_state,all,0
2026-08-24_12-23-14-416053_earlyRefresh,earlyRefresh,high-skew-zipf,1787574270.416000,75.999947,adaptive_ttl_state,all,0
2026-08-24_12-23-14-416053_earlyRefresh,earlyRefresh,high-skew-zipf,1787574271.416000,76.999947,adaptive_ttl_state,all,0
2026-08-24_12-23-14-416053_earlyRefresh,earlyRefresh,high-skew-zipf,1787574272.416000,77.999947,adaptive_ttl_state,all,0
2026-08-24_12-23-14-416053_earlyRefresh,earlyRefresh,high-skew-zipf,1787574273.416000,78.999947,adaptive_ttl_state,all,0
2026-08-24_12-23-14-416053_earlyRefresh,earlyRefresh,high-skew-zipf,1787574274.416000,79.999947,adaptive_ttl_state,all,0
2026-08-24_12-23-14-416053_earlyRefresh,earlyRefresh,high-skew-zipf,1787574275.416000,80.999947,adaptive_ttl_state,all,0
2026-08-24_12-23-14-416053_earlyRefresh,earlyRefresh,high-skew-zipf,1787574276.416000,81.999947,adaptive_ttl_state,all,0
2026-08-24_12-23-14-416053_earlyRefresh,earlyRefresh,high-skew-zipf,1787574277.416000,82.999947,adaptive_ttl_state,all,0
2026-08-24_12-23-14-416053_earlyRefresh,earlyRefresh,high-skew-zipf,1787574278.416000,83.999947,adaptive_ttl_state,all,0
2026-08-24_12-23-14-416053_earlyRefresh,earlyRefresh,high-skew-zipf,1787574279.416000,84.999947,adaptive_ttl_state,all,0
2026-08-24_12-23-14-416053_earlyRefresh,earlyRefresh,high-skew-zipf,1787574280.416000,85.999947,adaptive_ttl_state,all,0
2026-08-24_12-23-14-416053_earlyRefresh,earlyRefresh,high-skew-zipf,1787574281.416000,86.999947,adaptive_ttl_state,all,0
2026-08-24_12-23-14-416053_earlyRefresh,earlyRefresh,high-skew-zipf,1787574282.416000,87.999947,adaptive_ttl_state,all,0
2026-08-24_12-23-14-416053_earlyRefresh,earlyRefresh,high-skew-zipf,1787574283.416000,88.999947,adaptive_ttl_state,all,0
2026-08-24_12-23-14-416053_earlyRefresh,earlyRefresh,high-skew-zipf,1787574284.416000,89.999947,adaptive_ttl_state,all,0
2026-08-24_12-23-14-416053_earlyRefresh,earlyRefresh,high-skew-zipf,1787574285.416000,90.999947,adaptive_ttl_state,all,0
2026-08-24_12-23-14-416053_earlyRefresh,earlyRefresh,high-skew-zipf,1787574286.416000,91.999947,adaptive_ttl_state,all,0
2026-08-24_12-23-14-416053_earlyRefresh,earlyRefresh,high-skew-zipf,1787574287.416000,92.999947,adaptive_ttl_state,all,0
2026-08-24_12-23-14-416053_earlyRefresh,earlyRefresh,high-skew-zipf,1787574288.416000,93.999947,adaptive_ttl_state,all,0
2026-08-24_12-23-14-416053_earlyRefresh,earlyRefresh,high-skew-zipf,1787574289.416000,94.999947,adaptive_ttl_state,all,0
2026-08-24_12-23-14-416053_earlyRefresh,earlyRefresh,high-skew-zipf,1787574290.416000,95.999947,adaptive_ttl_state,all,0
2026-08-24_12-23-14-416053_earlyRefresh,earlyRefresh,high-skew-zipf,1787574291.416000,96.999947,adaptive_ttl_state,all,0
2026-08-24_12-23-14-416053_earlyRefresh,earlyRefresh,high-skew-zipf,1787574292.416000,97.999947,adaptive_ttl_state,all,0
2026-08-24_12-23-14-416053_earlyRefresh,earlyRefresh,high-skew-zipf,1787574293.416000,98.999947,adaptive_ttl_state,all,0
2026-08-24_12-23-14-416053_earlyRefresh,earlyRefresh,high-skew-zipf,1787574294.416000,99.999947,adaptive_ttl_state,all,0
2026-08-24_12-23-14-416053_earlyRefresh,earlyRefresh,high-skew-zipf,1787574295.416000,100.999947,adaptive_ttl_state,all,0
2026-08-24_12-23-14-416053_earlyRefresh,earlyRefresh,high-skew-zipf,1787574296.416000,101.999947,adaptive_ttl_state,all,0
2026-08-24_12-23-14-416053_earlyRefresh,earlyRefresh,high-skew-zipf,1787574297.416000,102.999947,adaptive_ttl_state,all,0
2026-08-24_12-23-14-416053_earlyRefresh,earlyRefresh,high-skew-zipf,1787574298.416000,103.999947,adaptive_ttl_state,all,0
2026-08-24_12-23-14-416053_earlyRefresh,earlyRefresh,high-skew-zipf,1787574299.416000,104.999947,adaptive_ttl_state,all,0
2026-08-24_12-23-14-416053_earlyRefresh,earlyRefresh,high-skew-zipf,1787574300.416000,105.999947,adaptive_ttl_state,all,0
2026-08-24_12-23-14-416053_earlyRefresh,earlyRefresh,high-skew-zipf,1787574301.416000,106.999947,adaptive_ttl_state,all,0
2026-08-24_12-23-14-416053_earlyRefresh,earlyRefresh,high-skew-zipf,1787574302.416000,107.999947,adaptive_ttl_state,all,0
2026-08-24_12-23-14-416053_earlyRefresh,earlyRefresh,high-skew-zipf,1787574303.416000,108.999947,adaptive_ttl_state,all,0
2026-08-24_12-23-14-416053_earlyRefresh,earlyRefresh,high-skew-zipf,1787574304.416000,109.999947,adaptive_ttl_state,all,0
2026-08-24_12-23-14-416053_earlyRefresh,earlyRefresh,high-skew-zipf,1787574305.416000,110.999947,adaptive_ttl_state,all,0
2026-08-24_12-23-14-416053_earlyRefresh,earlyRefresh,high-skew-zipf,1787574306.416000,111.999947,adaptive_ttl_state,all,0
2026-08-24_12-23-14-416053_earlyRefresh,earlyRefresh,high-skew-zipf,1787574307.416000,112.999947,adaptive_ttl_state,all,0
2026-08-24_12-23-14-416053_earlyRefresh,earlyRefresh,high-skew-zipf,1787574308.416000,113.999947,adaptive_ttl_state,all,0
2026-08-24_12-23-14-416053_earlyRefresh,earlyRefresh,high-skew-zipf,1787574309.416000,114.999947,adaptive_ttl_state,all,0
2026-08-24_12-23-14-416053_earlyRefresh,earlyRefresh,high-skew-zipf,1787574310.416000,115.999947,adaptive_ttl_state,all,0
2026-08-24_12-23-14-416053_earlyRefresh,earlyRefresh,high-skew-zipf,1787574311.416000,116.999947,adaptive_ttl_state,all,0
2026-08-24_12-23-14-416053_earlyRefresh,earlyRefresh,high-skew-zipf,1787574312.416000,117.999947,adaptive_ttl_state,all,0
2026-08-24_12-23-14-416053_earlyRefresh,earlyRefresh,high-skew-zipf,1787574313.416000,118.999947,adaptive_ttl_state,all,0
2026-08-24_12-23-14-416053_earlyRefresh,earlyRefresh,high-skew-zipf,1787574314.416000,119.999947,adaptive_ttl_state,all,0
2026-08-24_12-23-14-416053_earlyRefresh,earlyRefresh,high-skew-zipf,1787574315.416000,120.999947,adaptive_ttl_state,all,0
2026-08-24_12-23-14-416053_earlyRefresh,earlyRefresh,high-skew-zipf,1787574316.416000,121.999947,adaptive_ttl_state,all,0
2026-08-24_12-23-14-416053_earlyRefresh,earlyRefresh,high-skew-zipf,1787574317.416000,122.999947,adaptive_ttl_state,all,0
2026-08-24_12-23-14-416053_earlyRefresh,earlyRefresh,high-skew-zipf,1787574318.416000,123.999947,adaptive_ttl_state,all,0
2026-08-24_12-23-14-416053_earlyRefresh,earlyRefresh,high-skew-zipf,1787574319.416000,124.999947,adaptive_ttl_state,all,0
2026-08-24_12-23-14-416053_earlyRefresh,earlyRefresh,high-skew-zipf,1787574320.416000,125.999947,adaptive_ttl_state,all,0
2026-08-24_12-23-14-416053_earlyRefresh,earlyRefresh,high-skew-zipf,1787574321.416000,126.999947,adaptive_ttl_state,all,0
2026-08-24_12-23-14-416053_earlyRefresh,earlyRefresh,high-skew-zipf,1787574322.416000,127.999947,adaptive_ttl_state,all,0
2026-08-24_12-23-14-416053_earlyRefresh,earlyRefresh,high-skew-zipf,1787574323.416000,128.999947,adaptive_ttl_state,all,0
2026-08-24_12-23-14-416053_earlyRefresh,earlyRefresh,high-skew-zipf,1787574324.416000,129.999947,adaptive_ttl_state,all,0
2026-08-24_12-23-14-416053_earlyRefresh,earlyRefresh,high-skew-zipf,1787574325.416000,130.999947,adaptive_ttl_state,all,0
2026-08-24_12-23-14-416053_earlyRefresh,earlyRefresh,high-skew-zipf,1787574326.416000,131.999947,adaptive_ttl_state,all,0
2026-08-24_12-23-14-416053_earlyRefresh,earlyRefresh,high-skew-zipf,1787574327.416000,132.999947,adaptive_ttl_state,all,0
2026-08-24_12-23-14-416053_earlyRefresh,earlyRefresh,high-skew-zipf,1787574328.416000,133.999947,adaptive_ttl_state,all,0
2026-08-24_12-23-14-416053_earlyRefresh,earlyRefresh,high-skew-zipf,1787574329.416000,134.999947,adaptive_ttl_state,all,0
2026-08-24_12-23-14-416053_earlyRefresh,earlyRefresh,high-skew-zipf,1787574330.416000,135.999947,adaptive_ttl_state,all,0
2026-08-24_12-23-14-416053_earlyRefresh,earlyRefresh,high-skew-zipf,1787574331.416000,136.999947,adaptive_ttl_state,all,0
2026-08-24_12-23-14-416053_earlyRefresh,earlyRefresh,high-skew-zipf,1787574332.416000,137.999947,adaptive_ttl_state,all,0
2026-08-24_12-23-14-416053_earlyRefresh,earlyRefresh,high-skew-zipf,1787574333.416000,138.999947,adaptive_ttl_state,all,0
2026-08-24_12-23-14-416053_earlyRefresh,earlyRefresh,high-skew-zipf,1787574334.416000,139.999947,adaptive_ttl_state,all,0
2026-08-24_12-23-14-416053_earlyRefresh,earlyRefresh,high-skew-zipf,1787574335.416000,140.999947,adaptive_ttl_state,all,0
2026-08-24_12-23-14-416053_earlyRefresh,earlyRefresh,high-skew-zipf,1787574336.416000,141.999947,adaptive_ttl_state,all,0
2026-08-24_12-23-14-416053_earlyRefresh,earlyRefresh,high-skew-zipf,1787574337.416000,142.999947,adaptive_ttl_state,all,0
2026-08-24_12-23-14-416053_earlyRefresh,earlyRefresh,high-skew-zipf,1787574338.416000,143.999947,adaptive_ttl_state,all,0
2026-08-24_12-23-14-416053_earlyRefresh,earlyRefresh,high-skew-zipf,1787574339.416000,144.999947,adaptive_ttl_state,all,0
2026-08-24_12-23-14-416053_earlyRefresh,earlyRefresh,high-skew-zipf,1787574340.416000,145.999947,adaptive_ttl_state,all,0
2026-08-24_12-23-14-416053_earlyRefresh,earlyRefresh,high-skew-zipf,1787574341.416000,146.999947,adaptive_ttl_state,all,0
2026-08-24_12-23-14-416053_earlyRefresh,earlyRefresh,high-skew-zipf,1787574342.416000,147.999947,adaptive_ttl_state,all,0
2026-08-24_12-23-14-416053_earlyRefresh,earlyRefresh,high-skew-zipf,1787574343.416000,148.999947,adaptive_ttl_state,all,0
2026-08-24_12-23-14-416053_earlyRefresh,earlyRefresh,high-skew-zipf,1787574344.416000,149.999947,adaptive_ttl_state,all,0
2026-08-24_12-23-14-416053_earlyRefresh,earlyRefresh,high-skew-zipf,1787574345.416000,150.999947,adaptive_ttl_state,all,0
2026-08-24_12-23-14-416053_earlyRefresh,earlyRefresh,high-skew-zipf,1787574346.416000,151.999947,adaptive_ttl_state,all,0
2026-08-24_12-23-14-416053_earlyRefresh,earlyRefresh,high-skew-zipf,1787574347.416000,152.999947,adaptive_ttl_state,all,0
2026-08-24_12-23-14-416053_earlyRefresh,earlyRefresh,high-skew-zipf,1787574348.416000,153.999947,adaptive_ttl_state,all,0
2026-08-24_12-23-14-416053_earlyRefresh,earlyRefresh,high-skew-zipf,1787574349.416000,154.999947,adaptive_ttl_state,all,0
2026-08-24_12-23-14-416053_earlyRefresh,earlyRefresh,high-skew-zipf,1787574350.416000,155.999947,adaptive_ttl_state,all,0
2026-08-24_12-23-14-416053_earlyRefresh,earlyRefresh,high-skew-zipf,1787574351.416000,156.999947,adaptive_ttl_state,all,0
2026-08-24_12-23-14-416053_earlyRefresh,earlyRefresh,high-skew-zipf,1787574352.416000,157.999947,adaptive_ttl_state,all,0
2026-08-24_12-23-14-416053_earlyRefresh,earlyRefresh,high-skew-zipf,1787574353.416000,158.999947,adaptive_ttl_state,all,0
2026-08-24_12-23-14-416053_earlyRefresh,earlyRefresh,high-skew-zipf,1787574354.416000,159.999947,adaptive_ttl_state,all,0
2026-08-24_12-23-14-416053_earlyRefresh,earlyRefresh,high-skew-zipf,1787574355.416000,160.999947,adaptive_ttl_state,all,0
2026-08-24_12-23-14-416053_earlyRefresh,earlyRefresh,high-skew-zipf,1787574356.416000,161.999947,adaptive_ttl_state,all,0
2026-08-24_12-23-14-416053_earlyRefresh,earlyRefresh,high-skew-zipf,1787574357.416000,162.999947,adaptive_ttl_state,all,0
2026-08-24_12-23-14-416053_earlyRefresh,earlyRefresh,high-skew-zipf,1787574358.416000,163.999947,adaptive_ttl_state,all,0
2026-08-24_12-23-14-416053_earlyRefresh,earlyRefresh,high-skew-zipf,1787574359.416000,164.999947,adaptive_ttl_state,all,0
2026-08-24_12-23-14-416053_earlyRefresh,earlyRefresh,high-skew-zipf,1787574360.416000,165.999947,adaptive_ttl_state,all,0
2026-08-24_12-23-14-416053_earlyRefresh,earlyRefresh,high-skew-zipf,1787574361.416000,166.999947,adaptive_ttl_state,all,0
2026-08-24_12-23-14-416053_earlyRefresh,earlyRefresh,high-skew-zipf,1787574362.416000,167.999947,adaptive_ttl_state,all,0
2026-08-24_12-23-14-416053_earlyRefresh,earlyRefresh,high-skew-zipf,1787574363.416000,168.999947,adaptive_ttl_state,all,0
2026-08-24_12-23-14-416053_earlyRefresh,earlyRefresh,high-skew-zipf,1787574364.416000,169.999947,adaptive_ttl_state,all,0
2026-08-24_12-23-14-416053_earlyRefresh,earlyRefresh,high-skew-zipf,1787574365.416000,170.999947,adaptive_ttl_state,all,0
2026-08-24_12-23-14-416053_earlyRefresh,earlyRefresh,high-skew-zipf,1787574366.416000,171.999947,adaptive_ttl_state,all,0
2026-08-24_12-23-14-416053_earlyRefresh,earlyRefresh,high-skew-zipf,1787574367.416000,172.999947,adaptive_ttl_state,all,0
2026-08-24_12-23-14-416053_earlyRefresh,earlyRefresh,high-skew-zipf,1787574368.416000,173.999947,adaptive_ttl_state,all,0
2026-08-24_12-23-14-416053_earlyRefresh,earlyRefresh,high-skew-zipf,1787574369.416000,174.999947,adaptive_ttl_state,all,0
2026-08-24_12-23-14-416053_earlyRefresh,earlyRefresh,high-skew-zipf,1787574370.416000,175.999947,adaptive_ttl_state,all,0
2026-08-24_12-23-14-416053_earlyRefresh,earlyRefresh,high-skew-zipf,1787574371.416000,176.999947,adaptive_ttl_state,all,0
2026-08-24_12-23-14-416053_earlyRefresh,earlyRefresh,high-skew-zipf,1787574372.416000,177.999947,adaptive_ttl_state,all,0
2026-08-24_12-23-14-416053_earlyRefresh,earlyRefresh,high-skew-zipf,1787574373.416000,178.999947,adaptive_ttl_state,all,0
2026-08-24_12-23-14-416053_earlyRefresh,earlyRefresh,high-skew-zipf,1787574374.416000,179.999947,adaptive_ttl_state,all,0
2026-08-24_12-23-14-416053_earlyRefresh,earlyRefresh,high-skew-zipf,1787574375.416000,180.999947,adaptive_ttl_state,all,0
2026-08-24_12-23-14-416053_earlyRefresh,earlyRefresh,high-skew-zipf,1787574376.416000,181.999947,adaptive_ttl_state,all,0
2026-08-24_12-23-14-416053_earlyRefresh,earlyRefresh,high-skew-zipf,1787574377.416000,182.999947,adaptive_ttl_state,all,0
2026-08-24_12-23-14-416053_earlyRefresh,earlyRefresh,high-skew-zipf,1787574378.416000,183.999947,adaptive_ttl_state,all,0
2026-08-24_12-23-14-416053_earlyRefresh,earlyRefresh,high-skew-zipf,1787574379.416000,184.999947,adaptive_ttl_state,all,0
2026-08-24_12-23-14-416053_earlyRefresh,earlyRefresh,high-skew-zipf,1787574380.416000,185.999947,adaptive_ttl_state,all,0
2026-08-24_12-23-14-416053_earlyRefresh,earlyRefresh,high-skew-zipf,1787574381.416000,186.999947,adaptive_ttl_state,all,0
2026-08-24_12-23-14-416053_earlyRefresh,earlyRefresh,high-skew-zipf,1787574382.416000,187.999947,adaptive_ttl_state,all,0
2026-08-24_12-23-14-416053_earlyRefresh,earlyRefresh,high-skew-zipf,1787574383.416000,188.999947,adaptive_ttl_state,all,0
2026-08-24_12-23-14-416053_earlyRefresh,earlyRefresh,high-skew-zipf,1787574384.416000,189.999947,adaptive_ttl_state,all,0
2026-08-24_12-23-14-416053_earlyRefresh,earlyRefresh,high-skew-zipf,1787574385.416000,190.999947,adaptive_ttl_state,all,0
2026-08-24_12-23-14-416053_earlyRefresh,earlyRefresh,high-skew-zipf,1787574386.416000,191.999947,adaptive_ttl_state,all,0
2026-08-24_12-23-14-416053_earlyRefresh,earlyRefresh,high-skew-zipf,1787574387.416000,192.999947,adaptive_ttl_state,all,0
2026-08-24_12-23-14-416053_earlyRefresh,earlyRefresh,high-skew-zipf,1787574388.416000,193.999947,adaptive_ttl_state,all,0
2026-08-24_12-23-14-416053_earlyRefresh,earlyRefresh,high-skew-zipf,1787574389.416000,194.999947,adaptive_ttl_state,all,0
2026-08-24_12-23-14-416053_earlyRefresh,earlyRefresh,high-skew-zipf,1787574390.416000,195.999947,adaptive_ttl_state,all,0
2026-08-24_12-23-14-416053_earlyRefresh,earlyRefresh,high-skew-zipf,1787574391.416000,196.999947,adaptive_ttl_state,all,0
2026-08-24_12-23-14-416053_earlyRefresh,earlyRefresh,high-skew-zipf,1787574392.416000,197.999947,adaptive_ttl_state,all,0
2026-08-24_12-23-14-416053_earlyRefresh,earlyRefresh,high-skew-zipf,1787574393.416000,198.999947,adaptive_ttl_state,all,0
2026-08-24_12-23-14-416053_earlyRefresh,earlyRefresh,high-skew-zipf,1787574394.416000,199.999947,adaptive_ttl_state,all,0
2026-08-24_12-23-14-416053_earlyRefresh,earlyRefresh,high-skew-zipf,1787574395.416000,200.999947,adaptive_ttl_state,all,0
2026-08-24_12-23-14-416053_earlyRefresh,earlyRefresh,high-skew-zipf,1787574396.416000,201.999947,adaptive_ttl_state,all,0
2026-08-24_12-23-14-416053_earlyRefresh,earlyRefresh,high-skew-zipf,1787574397.416000,202.999947,adaptive_ttl_state,all,0
2026-08-24_12-23-14-416053_earlyRefresh,earlyRefresh,high-skew-zipf,1787574398.416000,203.999947,adaptive_ttl_state,all,0
2026-08-24_12-23-14-416053_earlyRefresh,earlyRefresh,high-skew-zipf,1787574399.416000,204.999947,adaptive_ttl_state,all,0
2026-08-24_12-23-14-416053_earlyRefresh,earlyRefresh,high-skew-zipf,1787574400.416000,205.999947,adaptive_ttl_state,all,0
2026-08-24_12-23-14-416053_earlyRefresh,earlyRefresh,high-skew-zipf,1787574401.416000,206.999947,adaptive_ttl_state,all,0
2026-08-24_12-23-14-416053_earlyRefresh,earlyRefresh,high-skew-zipf,1787574402.416000,207.999947,adaptive_ttl_state,all,0
2026-08-24_12-23-14-416053_earlyRefresh,earlyRefresh,high-skew-zipf,1787574403.416000,208.999947,adaptive_ttl_state,all,0
2026-08-24_12-23-14-416053_earlyRefresh,earlyRefresh,high-skew-zipf,1787574404.416000,209.999947,adaptive_ttl_state,all,0
2026-08-24_12-23-14-416053_earlyRefresh,earlyRefresh,high-skew-zipf,1787574405.416000,210.999947,adaptive_ttl_state,all,0
2026-08-24_12-23-14-416053_earlyRefresh,earlyRefresh,high-skew-zipf,1787574406.416000,211.999947,adaptive_ttl_state,all,0
2026-08-24_12-23-14-416053_earlyRefresh,earlyRefresh,high-skew-zipf,1787574407.416000,212.999947,adaptive_ttl_state,all,0
2026-08-24_12-23-14-416053_earlyRefresh,earlyRefresh,high-skew-zipf,1787574408.416000,213.999947,adaptive_ttl_state,all,0
2026-08-24_12-23-14-416053_earlyRefresh,earlyRefresh,high-skew-zipf,1787574409.416000,214.999947,adaptive_ttl_state,all,0
2026-08-24_12-23-14-416053_earlyRefresh,earlyRefresh,high-skew-zipf,1787574410.416000,215.999947,adaptive_ttl_state,all,0
2026-08-24_12-23-14-416053_earlyRefresh,earlyRefresh,high-skew-zipf,1787574411.416000,216.999947,adaptive_ttl_state,all,0
2026-08-24_12-23-14-416053_earlyRefresh,earlyRefresh,high-skew-zipf,1787574412.416000,217.999947,adaptive_ttl_state,all,0
2026-08-24_12-23-14-416053_earlyRefresh,earlyRefresh,high-skew-zipf,1787574413.416000,218.999947,adaptive_ttl_state,all,0
2026-08-24_12-23-14-416053_earlyRefresh,earlyRefresh,high-skew-zipf,1787574414.416000,219.999947,adaptive_ttl_state,all,0
2026-08-24_12-23-14-416053_earlyRefresh,earlyRefresh,high-skew-zipf,1787574415.416000,220.999947,adaptive_ttl_state,all,0
2026-08-24_12-23-14-416053_earlyRefresh,earlyRefresh,high-skew-zipf,1787574416.416000,221.999947,adaptive_ttl_state,all,0
2026-08-24_12-23-14-416053_earlyRefresh,earlyRefresh,high-skew-zipf,1787574417.416000,222.999947,adaptive_ttl_state,all,0
2026-08-24_12-23-14-416053_earlyRefresh,earlyRefresh,high-skew-zipf,1787574418.416000,223.999947,adaptive_ttl_state,all,0
2026-08-24_12-23-14-416053_earlyRefresh,earlyRefresh,high-skew-zipf,1787574419.416000,224.999947,adaptive_ttl_state,all,0
2026-08-24_12-23-14-416053_earlyRefresh,earlyRefresh,high-skew-zipf,1787574420.416000,225.999947,adaptive_ttl_state,all,0
2026-08-24_12-23-14-416053_earlyRefresh,earlyRefresh,high-skew-zipf,1787574421.416000,226.999947,adaptive_ttl_state,all,0
2026-08-24_12-23-14-416053_earlyRefresh,earlyRefresh,high-skew-zipf,1787574422.416000,227.999947,adaptive_ttl_state,all,0
2026-08-24_12-23-14-416053_earlyRefresh,earlyRefresh,high-skew-zipf,1787574423.416000,228.999947,adaptive_ttl_state,all,0
2026-08-24_12-23-14-416053_earlyRefresh,earlyRefresh,high-skew-zipf,1787574424.416000,229.999947,adaptive_ttl_state,all,0
2026-08-24_12-23-14-416053_earlyRefresh,earlyRefresh,high-skew-zipf,1787574425.416000,230.999947,adaptive_ttl_state,all,0
2026-08-24_12-23-14-416053_earlyRefresh,earlyRefresh,high-skew-zipf,1787574426.416000,231.999947,adaptive_ttl_state,all,0
2026-08-24_12-23-14-416053_earlyRefresh,earlyRefresh,high-skew-zipf,1787574427.416000,232.999947,adaptive_ttl_state,all,0
2026-08-24_12-23-14-416053_earlyRefresh,earlyRefresh,high-skew-zipf,1787574428.416000,233.999947,adaptive_ttl_state,all,0
2026-08-24_12-23-14-416053_earlyRefresh,earlyRefresh,high-skew-zipf,1787574429.416000,234.999947,adaptive_ttl_state,all,0
2026-08-24_12-23-14-416053_earlyRefresh,earlyRefresh,high-skew-zipf,1787574430.416000,235.999947,adaptive_ttl_state,all,0
2026-08-24_12-23-14-416053_earlyRefresh,earlyRefresh,high-skew-zipf,1787574431.416000,236.999947,adaptive_ttl_state,all,0
2026-08-24_12-23-14-416053_earlyRefresh,earlyRefresh,high-skew-zipf,1787574432.416000,237.999947,adaptive_ttl_state,all,0
2026-08-24_12-23-14-416053_earlyRefresh,earlyRefresh,high-skew-zipf,1787574433.416000,238.999947,adaptive_ttl_state,all,0
2026-08-24_12-23-14-416053_earlyRefresh,earlyRefresh,high-skew-zipf,1787574434.416000,239.999947,adaptive_ttl_state,all,0
2026-08-24_12-23-14-416053_earlyRefresh,earlyRefresh,high-skew-zipf,1787574194.416000,-0.000053,adaptive_ttl_backend_p99_milliseconds,all,0
2026-08-24_12-23-14-416053_earlyRefresh,earlyRefresh,high-skew-zipf,1787574195.416000,0.999947,adaptive_ttl_backend_p99_milliseconds,all,0
2026-08-24_12-23-14-416053_earlyRefresh,earlyRefresh,high-skew-zipf,1787574196.416000,1.999947,adaptive_ttl_backend_p99_milliseconds,all,0
2026-08-24_12-23-14-416053_earlyRefresh,earlyRefresh,high-skew-zipf,1787574197.416000,2.999947,adaptive_ttl_backend_p99_milliseconds,all,0
2026-08-24_12-23-14-416053_earlyRefresh,earlyRefresh,high-skew-zipf,1787574198.416000,3.999947,adaptive_ttl_backend_p99_milliseconds,all,0
2026-08-24_12-23-14-416053_earlyRefresh,earlyRefresh,high-skew-zipf,1787574199.416000,4.999947,adaptive_ttl_backend_p99_milliseconds,all,0
2026-08-24_12-23-14-416053_earlyRefresh,earlyRefresh,high-skew-zipf,1787574200.416000,5.999947,adaptive_ttl_backend_p99_milliseconds,all,0
2026-08-24_12-23-14-416053_earlyRefresh,earlyRefresh,high-skew-zipf,1787574201.416000,6.999947,adaptive_ttl_backend_p99_milliseconds,all,0
2026-08-24_12-23-14-416053_earlyRefresh,earlyRefresh,high-skew-zipf,1787574202.416000,7.999947,adaptive_ttl_backend_p99_milliseconds,all,0
2026-08-24_12-23-14-416053_earlyRefresh,earlyRefresh,high-skew-zipf,1787574203.416000,8.999947,adaptive_ttl_backend_p99_milliseconds,all,0
2026-08-24_12-23-14-416053_earlyRefresh,earlyRefresh,high-skew-zipf,1787574204.416000,9.999947,adaptive_ttl_backend_p99_milliseconds,all,0
2026-08-24_12-23-14-416053_earlyRefresh,earlyRefresh,high-skew-zipf,1787574205.416000,10.999947,adaptive_ttl_backend_p99_milliseconds,all,0
2026-08-24_12-23-14-416053_earlyRefresh,earlyRefresh,high-skew-zipf,1787574206.416000,11.999947,adaptive_ttl_backend_p99_milliseconds,all,0
2026-08-24_12-23-14-416053_earlyRefresh,earlyRefresh,high-skew-zipf,1787574207.416000,12.999947,adaptive_ttl_backend_p99_milliseconds,all,0
2026-08-24_12-23-14-416053_earlyRefresh,earlyRefresh,high-skew-zipf,1787574208.416000,13.999947,adaptive_ttl_backend_p99_milliseconds,all,0
2026-08-24_12-23-14-416053_earlyRefresh,earlyRefresh,high-skew-zipf,1787574209.416000,14.999947,adaptive_ttl_backend_p99_milliseconds,all,0
2026-08-24_12-23-14-416053_earlyRefresh,earlyRefresh,high-skew-zipf,1787574210.416000,15.999947,adaptive_ttl_backend_p99_milliseconds,all,0
2026-08-24_12-23-14-416053_earlyRefresh,earlyRefresh,high-skew-zipf,1787574211.416000,16.999947,adaptive_ttl_backend_p99_milliseconds,all,0
2026-08-24_12-23-14-416053_earlyRefresh,earlyRefresh,high-skew-zipf,1787574212.416000,17.999947,adaptive_ttl_backend_p99_milliseconds,all,0
2026-08-24_12-23-14-416053_earlyRefresh,earlyRefresh,high-skew-zipf,1787574213.416000,18.999947,adaptive_ttl_backend_p99_milliseconds,all,0
2026-08-24_12-23-14-416053_earlyRefresh,earlyRefresh,high-skew-zipf,1787574214.416000,19.999947,adaptive_ttl_backend_p99_milliseconds,all,0
2026-08-24_12-23-14-416053_earlyRefresh,earlyRefresh,high-skew-zipf,1787574215.416000,20.999947,adaptive_ttl_backend_p99_milliseconds,all,0
2026-08-24_12-23-14-416053_earlyRefresh,earlyRefresh,high-skew-zipf,1787574216.416000,21.999947,adaptive_ttl_backend_p99_milliseconds,all,0
2026-08-24_12-23-14-416053_earlyRefresh,earlyRefresh,high-skew-zipf,1787574217.416000,22.999947,adaptive_ttl_backend_p99_milliseconds,all,0
2026-08-24_12-23-14-416053_earlyRefresh,earlyRefresh,high-skew-zipf,1787574218.416000,23.999947,adaptive_ttl_backend_p99_milliseconds,all,0
2026-08-24_12-23-14-416053_earlyRefresh,earlyRefresh,high-skew-zipf,1787574219.416000,24.999947,adaptive_ttl_backend_p99_milliseconds,all,0
2026-08-24_12-23-14-416053_earlyRefresh,earlyRefresh,high-skew-zipf,1787574220.416000,25.999947,adaptive_ttl_backend_p99_milliseconds,all,0
2026-08-24_12-23-14-416053_earlyRefresh,earlyRefresh,high-skew-zipf,1787574221.416000,26.999947,adaptive_ttl_backend_p99_milliseconds,all,0
2026-08-24_12-23-14-416053_earlyRefresh,earlyRefresh,high-skew-zipf,1787574222.416000,27.999947,adaptive_ttl_backend_p99_milliseconds,all,0
2026-08-24_12-23-14-416053_earlyRefresh,earlyRefresh,high-skew-zipf,1787574223.416000,28.999947,adaptive_ttl_backend_p99_milliseconds,all,0
2026-08-24_12-23-14-416053_earlyRefresh,earlyRefresh,high-skew-zipf,1787574224.416000,29.999947,adaptive_ttl_backend_p99_milliseconds,all,0
2026-08-24_12-23-14-416053_earlyRefresh,earlyRefresh,high-skew-zipf,1787574225.416000,30.999947,adaptive_ttl_backend_p99_milliseconds,all,0
2026-08-24_12-23-14-416053_earlyRefresh,earlyRefresh,high-skew-zipf,1787574226.416000,31.999947,adaptive_ttl_backend_p99_milliseconds,all,0
2026-08-24_12-23-14-416053_earlyRefresh,earlyRefresh,high-skew-zipf,1787574227.416000,32.999947,adaptive_ttl_backend_p99_milliseconds,all,0
2026-08-24_12-23-14-416053_earlyRefresh,earlyRefresh,high-skew-zipf,1787574228.416000,33.999947,adaptive_ttl_backend_p99_milliseconds,all,0
2026-08-24_12-23-14-416053_earlyRefresh,earlyRefresh,high-skew-zipf,1787574229.416000,34.999947,adaptive_ttl_backend_p99_milliseconds,all,0
2026-08-24_12-23-14-416053_earlyRefresh,earlyRefresh,high-skew-zipf,1787574230.416000,35.999947,adaptive_ttl_backend_p99_milliseconds,all,0
2026-08-24_12-23-14-416053_earlyRefresh,earlyRefresh,high-skew-zipf,1787574231.416000,36.999947,adaptive_ttl_backend_p99_milliseconds,all,0
2026-08-24_12-23-14-416053_earlyRefresh,earlyRefresh,high-skew-zipf,1787574232.416000,37.999947,adaptive_ttl_backend_p99_milliseconds,all,0
2026-08-24_12-23-14-416053_earlyRefresh,earlyRefresh,high-skew-zipf,1787574233.416000,38.999947,adaptive_ttl_backend_p99_milliseconds,all,0
2026-08-24_12-23-14-416053_earlyRefresh,earlyRefresh,high-skew-zipf,1787574234.416000,39.999947,adaptive_ttl_backend_p99_milliseconds,all,0
2026-08-24_12-23-14-416053_earlyRefresh,earlyRefresh,high-skew-zipf,1787574235.416000,40.999947,adaptive_ttl_backend_p99_milliseconds,all,0
2026-08-24_12-23-14-416053_earlyRefresh,earlyRefresh,high-skew-zipf,1787574236.416000,41.999947,adaptive_ttl_backend_p99_milliseconds,all,0
2026-08-24_12-23-14-416053_earlyRefresh,earlyRefresh,high-skew-zipf,1787574237.416000,42.999947,adaptive_ttl_backend_p99_milliseconds,all,0
2026-08-24_12-23-14-416053_earlyRefresh,earlyRefresh,high-skew-zipf,1787574238.416000,43.999947,adaptive_ttl_backend_p99_milliseconds,all,0
2026-08-24_12-23-14-416053_earlyRefresh,earlyRefresh,high-skew-zipf,1787574239.416000,44.999947,adaptive_ttl_backend_p99_milliseconds,all,0
2026-08-24_12-23-14-416053_earlyRefresh,earlyRefresh,high-skew-zipf,1787574240.416000,45.999947,adaptive_ttl_backend_p99_milliseconds,all,0
2026-08-24_12-23-14-416053_earlyRefresh,earlyRefresh,high-skew-zipf,1787574241.416000,46.999947,adaptive_ttl_backend_p99_milliseconds,all,0
2026-08-24_12-23-14-416053_earlyRefresh,earlyRefresh,high-skew-zipf,1787574242.416000,47.999947,adaptive_ttl_backend_p99_milliseconds,all,0
2026-08-24_12-23-14-416053_earlyRefresh,earlyRefresh,high-skew-zipf,1787574243.416000,48.999947,adaptive_ttl_backend_p99_milliseconds,all,0
2026-08-24_12-23-14-416053_earlyRefresh,earlyRefresh,high-skew-zipf,1787574244.416000,49.999947,adaptive_ttl_backend_p99_milliseconds,all,0
2026-08-24_12-23-14-416053_earlyRefresh,earlyRefresh,high-skew-zipf,1787574245.416000,50.999947,adaptive_ttl_backend_p99_milliseconds,all,0
2026-08-24_12-23-14-416053_earlyRefresh,earlyRefresh,high-skew-zipf,1787574246.416000,51.999947,adaptive_ttl_backend_p99_milliseconds,all,0
2026-08-24_12-23-14-416053_earlyRefresh,earlyRefresh,high-skew-zipf,1787574247.416000,52.999947,adaptive_ttl_backend_p99_milliseconds,all,0
2026-08-24_12-23-14-416053_earlyRefresh,earlyRefresh,high-skew-zipf,1787574248.416000,53.999947,adaptive_ttl_backend_p99_milliseconds,all,0
2026-08-24_12-23-14-416053_earlyRefresh,earlyRefresh,high-skew-zipf,1787574249.416000,54.999947,adaptive_ttl_backend_p99_milliseconds,all,0
2026-08-24_12-23-14-416053_earlyRefresh,earlyRefresh,high-skew-zipf,1787574250.416000,55.999947,adaptive_ttl_backend_p99_milliseconds,all,0
2026-08-24_12-23-14-416053_earlyRefresh,earlyRefresh,high-skew-zipf,1787574251.416000,56.999947,adaptive_ttl_backend_p99_milliseconds,all,0
2026-08-24_12-23-14-416053_earlyRefresh,earlyRefresh,high-skew-zipf,1787574252.416000,57.999947,adaptive_ttl_backend_p99_milliseconds,all,0
2026-08-24_12-23-14-416053_earlyRefresh,earlyRefresh,high-skew-zipf,1787574253.416000,58.999947,adaptive_ttl_backend_p99_milliseconds,all,0
2026-08-24_12-23-14-416053_earlyRefresh,earlyRefresh,high-skew-zipf,1787574254.416000,59.999947,adaptive_ttl_backend_p99_milliseconds,all,0
2026-08-24_12-23-14-416053_earlyRefresh,earlyRefresh,high-skew-zipf,1787574255.416000,60.999947,adaptive_ttl_backend_p99_milliseconds,all,0
2026-08-24_12-23-14-416053_earlyRefresh,earlyRefresh,high-skew-zipf,1787574256.416000,61.999947,adaptive_ttl_backend_p99_milliseconds,all,0
2026-08-24_12-23-14-416053_earlyRefresh,earlyRefresh,high-skew-zipf,1787574257.416000,62.999947,adaptive_ttl_backend_p99_milliseconds,all,0
2026-08-24_12-23-14-416053_earlyRefresh,earlyRefresh,high-skew-zipf,1787574258.416000,63.999947,adaptive_ttl_backend_p99_milliseconds,all,0
2026-08-24_12-23-14-416053_earlyRefresh,earlyRefresh,high-skew-zipf,1787574259.416000,64.999947,adaptive_ttl_backend_p99_milliseconds,all,0
2026-08-24_12-23-14-416053_earlyRefresh,earlyRefresh,high-skew-zipf,1787574260.416000,65.999947,adaptive_ttl_backend_p99_milliseconds,all,0
2026-08-24_12-23-14-416053_earlyRefresh,earlyRefresh,high-skew-zipf,1787574261.416000,66.999947,adaptive_ttl_backend_p99_milliseconds,all,0
2026-08-24_12-23-14-416053_earlyRefresh,earlyRefresh,high-skew-zipf,1787574262.416000,67.999947,adaptive_ttl_backend_p99_milliseconds,all,0
2026-08-24_12-23-14-416053_earlyRefresh,earlyRefresh,high-skew-zipf,1787574263.416000,68.999947,adaptive_ttl_backend_p99_milliseconds,all,0
2026-08-24_12-23-14-416053_earlyRefresh,earlyRefresh,high-skew-zipf,1787574264.416000,69.999947,adaptive_ttl_backend_p99_milliseconds,all,0
2026-08-24_12-23-14-416053_earlyRefresh,earlyRefresh,high-skew-zipf,1787574265.416000,70.999947,adaptive_ttl_backend_p99_milliseconds,all,0
2026-08-24_12-23-14-416053_earlyRefresh,earlyRefresh,high-skew-zipf,1787574266.416000,71.999947,adaptive_ttl_backend_p99_milliseconds,all,0
2026-08-24_12-23-14-416053_earlyRefresh,earlyRefresh,high-skew-zipf,1787574267.416000,72.999947,adaptive_ttl_backend_p99_milliseconds,all,0
2026-08-24_12-23-14-416053_earlyRefresh,earlyRefresh,high-skew-zipf,1787574268.416000,73.999947,adaptive_ttl_backend_p99_milliseconds,all,0
2026-08-24_12-23-14-416053_earlyRefresh,earlyRefresh,high-skew-zipf,1787574269.416000,74.999947,adaptive_ttl_backend_p99_milliseconds,all,0
2026-08-24_12-23-14-416053_earlyRefresh,earlyRefresh,high-skew-zipf,1787574270.416000,75.999947,adaptive_ttl_backend_p99_milliseconds,all,0
2026-08-24_12-23-14-416053_earlyRefresh,earlyRefresh,high-skew-zipf,1787574271.416000,76.999947,adaptive_ttl_backend_p99_milliseconds,all,0
2026-08-24_12-23-14-416053_earlyRefresh,earlyRefresh,high-skew-zipf,1787574272.416000,77.999947,adaptive_ttl_backend_p99_milliseconds,all,0
2026-08-24_12-23-14-416053_earlyRefresh,earlyRefresh,high-skew-zipf,1787574273.416000,78.999947,adaptive_ttl_backend_p99_milliseconds,all,0
2026-08-24_12-23-14-416053_earlyRefresh,earlyRefresh,high-skew-zipf,1787574274.416000,79.999947,adaptive_ttl_backend_p99_milliseconds,all,0
2026-08-24_12-23-14-416053_earlyRefresh,earlyRefresh,high-skew-zipf,1787574275.416000,80.999947,adaptive_ttl_backend_p99_milliseconds,all,0
2026-08-24_12-23-14-416053_earlyRefresh,earlyRefresh,high-skew-zipf,1787574276.416000,81.999947,adaptive_ttl_backend_p99_milliseconds,all,0
2026-08-24_12-23-14-416053_earlyRefresh,earlyRefresh,high-skew-zipf,1787574277.416000,82.999947,adaptive_ttl_backend_p99_milliseconds,all,0
2026-08-24_12-23-14-416053_earlyRefresh,earlyRefresh,high-skew-zipf,1787574278.416000,83.999947,adaptive_ttl_backend_p99_milliseconds,all,0
2026-08-24_12-23-14-416053_earlyRefresh,earlyRefresh,high-skew-zipf,1787574279.416000,84.999947,adaptive_ttl_backend_p99_milliseconds,all,0
2026-08-24_12-23-14-416053_earlyRefresh,earlyRefresh,high-skew-zipf,1787574280.416000,85.999947,adaptive_ttl_backend_p99_milliseconds,all,0
2026-08-24_12-23-14-416053_earlyRefresh,earlyRefresh,high-skew-zipf,1787574281.416000,86.999947,adaptive_ttl_backend_p99_milliseconds,all,0
2026-08-24_12-23-14-416053_earlyRefresh,earlyRefresh,high-skew-zipf,1787574282.416000,87.999947,adaptive_ttl_backend_p99_milliseconds,all,0
2026-08-24_12-23-14-416053_earlyRefresh,earlyRefresh,high-skew-zipf,1787574283.416000,88.999947,adaptive_ttl_backend_p99_milliseconds,all,0
2026-08-24_12-23-14-416053_earlyRefresh,earlyRefresh,high-skew-zipf,1787574284.416000,89.999947,adaptive_ttl_backend_p99_milliseconds,all,0
2026-08-24_12-23-14-416053_earlyRefresh,earlyRefresh,high-skew-zipf,1787574285.416000,90.999947,adaptive_ttl_backend_p99_milliseconds,all,0
2026-08-24_12-23-14-416053_earlyRefresh,earlyRefresh,high-skew-zipf,1787574286.416000,91.999947,adaptive_ttl_backend_p99_milliseconds,all,0
2026-08-24_12-23-14-416053_earlyRefresh,earlyRefresh,high-skew-zipf,1787574287.416000,92.999947,adaptive_ttl_backend_p99_milliseconds,all,0
2026-08-24_12-23-14-416053_earlyRefresh,earlyRefresh,high-skew-zipf,1787574288.416000,93.999947,adaptive_ttl_backend_p99_milliseconds,all,0
2026-08-24_12-23-14-416053_earlyRefresh,earlyRefresh,high-skew-zipf,1787574289.416000,94.999947,adaptive_ttl_backend_p99_milliseconds,all,0
2026-08-24_12-23-14-416053_earlyRefresh,earlyRefresh,high-skew-zipf,1787574290.416000,95.999947,adaptive_ttl_backend_p99_milliseconds,all,0
2026-08-24_12-23-14-416053_earlyRefresh,earlyRefresh,high-skew-zipf,1787574291.416000,96.999947,adaptive_ttl_backend_p99_milliseconds,all,0
2026-08-24_12-23-14-416053_earlyRefresh,earlyRefresh,high-skew-zipf,1787574292.416000,97.999947,adaptive_ttl_backend_p99_milliseconds,all,0
2026-08-24_12-23-14-416053_earlyRefresh,earlyRefresh,high-skew-zipf,1787574293.416000,98.999947,adaptive_ttl_backend_p99_milliseconds,all,0
2026-08-24_12-23-14-416053_earlyRefresh,earlyRefresh,high-skew-zipf,1787574294.416000,99.999947,adaptive_ttl_backend_p99_milliseconds,all,0
2026-08-24_12-23-14-416053_earlyRefresh,earlyRefresh,high-skew-zipf,1787574295.416000,100.999947,adaptive_ttl_backend_p99_milliseconds,all,0
2026-08-24_12-23-14-416053_earlyRefresh,earlyRefresh,high-skew-zipf,1787574296.416000,101.999947,adaptive_ttl_backend_p99_milliseconds,all,0
2026-08-24_12-23-14-416053_earlyRefresh,earlyRefresh,high-skew-zipf,1787574297.416000,102.999947,adaptive_ttl_backend_p99_milliseconds,all,0
2026-08-24_12-23-14-416053_earlyRefresh,earlyRefresh,high-skew-zipf,1787574298.416000,103.999947,adaptive_ttl_backend_p99_milliseconds,all,0
2026-08-24_12-23-14-416053_earlyRefresh,earlyRefresh,high-skew-zipf,1787574299.416000,104.999947,adaptive_ttl_backend_p99_milliseconds,all,0
2026-08-24_12-23-14-416053_earlyRefresh,earlyRefresh,high-skew-zipf,1787574300.416000,105.999947,adaptive_ttl_backend_p99_milliseconds,all,0
2026-08-24_12-23-14-416053_earlyRefresh,earlyRefresh,high-skew-zipf,1787574301.416000,106.999947,adaptive_ttl_backend_p99_milliseconds,all,0
2026-08-24_12-23-14-416053_earlyRefresh,earlyRefresh,high-skew-zipf,1787574302.416000,107.999947,adaptive_ttl_backend_p99_milliseconds,all,0
2026-08-24_12-23-14-416053_earlyRefresh,earlyRefresh,high-skew-zipf,1787574303.416000,108.999947,adaptive_ttl_backend_p99_milliseconds,all,0
2026-08-24_12-23-14-416053_earlyRefresh,earlyRefresh,high-skew-zipf,1787574304.416000,109.999947,adaptive_ttl_backend_p99_milliseconds,all,0
2026-08-24_12-23-14-416053_earlyRefresh,earlyRefresh,high-skew-zipf,1787574305.416000,110.999947,adaptive_ttl_backend_p99_milliseconds,all,0
2026-08-24_12-23-14-416053_earlyRefresh,earlyRefresh,high-skew-zipf,1787574306.416000,111.999947,adaptive_ttl_backend_p99_milliseconds,all,0
2026-08-24_12-23-14-416053_earlyRefresh,earlyRefresh,high-skew-zipf,1787574307.416000,112.999947,adaptive_ttl_backend_p99_milliseconds,all,0
2026-08-24_12-23-14-416053_earlyRefresh,earlyRefresh,high-skew-zipf,1787574308.416000,113.999947,adaptive_ttl_backend_p99_milliseconds,all,0
2026-08-24_12-23-14-416053_earlyRefresh,earlyRefresh,high-skew-zipf,1787574309.416000,114.999947,adaptive_ttl_backend_p99_milliseconds,all,0
2026-08-24_12-23-14-416053_earlyRefresh,earlyRefresh,high-skew-zipf,1787574310.416000,115.999947,adaptive_ttl_backend_p99_milliseconds,all,0
2026-08-24_12-23-14-416053_earlyRefresh,earlyRefresh,high-skew-zipf,1787574311.416000,116.999947,adaptive_ttl_backend_p99_milliseconds,all,0
2026-08-24_12-23-14-416053_earlyRefresh,earlyRefresh,high-skew-zipf,1787574312.416000,117.999947,adaptive_ttl_backend_p99_milliseconds,all,0
2026-08-24_12-23-14-416053_earlyRefresh,earlyRefresh,high-skew-zipf,1787574313.416000,118.999947,adaptive_ttl_backend_p99_milliseconds,all,0
2026-08-24_12-23-14-416053_earlyRefresh,earlyRefresh,high-skew-zipf,1787574314.416000,119.999947,adaptive_ttl_backend_p99_milliseconds,all,0
2026-08-24_12-23-14-416053_earlyRefresh,earlyRefresh,high-skew-zipf,1787574315.416000,120.999947,adaptive_ttl_backend_p99_milliseconds,all,0
2026-08-24_12-23-14-416053_earlyRefresh,earlyRefresh,high-skew-zipf,1787574316.416000,121.999947,adaptive_ttl_backend_p99_milliseconds,all,0
2026-08-24_12-23-14-416053_earlyRefresh,earlyRefresh,high-skew-zipf,1787574317.416000,122.999947,adaptive_ttl_backend_p99_milliseconds,all,0
2026-08-24_12-23-14-416053_earlyRefresh,earlyRefresh,high-skew-zipf,1787574318.416000,123.999947,adaptive_ttl_backend_p99_milliseconds,all,0
2026-08-24_12-23-14-416053_earlyRefresh,earlyRefresh,high-skew-zipf,1787574319.416000,124.999947,adaptive_ttl_backend_p99_milliseconds,all,0
2026-08-24_12-23-14-416053_earlyRefresh,earlyRefresh,high-skew-zipf,1787574320.416000,125.999947,adaptive_ttl_backend_p99_milliseconds,all,0
2026-08-24_12-23-14-416053_earlyRefresh,earlyRefresh,high-skew-zipf,1787574321.416000,126.999947,adaptive_ttl_backend_p99_milliseconds,all,0
2026-08-24_12-23-14-416053_earlyRefresh,earlyRefresh,high-skew-zipf,1787574322.416000,127.999947,adaptive_ttl_backend_p99_milliseconds,all,0
2026-08-24_12-23-14-416053_earlyRefresh,earlyRefresh,high-skew-zipf,1787574323.416000,128.999947,adaptive_ttl_backend_p99_milliseconds,all,0
2026-08-24_12-23-14-416053_earlyRefresh,earlyRefresh,high-skew-zipf,1787574324.416000,129.999947,adaptive_ttl_backend_p99_milliseconds,all,0
2026-08-24_12-23-14-416053_earlyRefresh,earlyRefresh,high-skew-zipf,1787574325.416000,130.999947,adaptive_ttl_backend_p99_milliseconds,all,0
2026-08-24_12-23-14-416053_earlyRefresh,earlyRefresh,high-skew-zipf,1787574326.416000,131.999947,adaptive_ttl_backend_p99_milliseconds,all,0
2026-08-24_12-23-14-416053_earlyRefresh,earlyRefresh,high-skew-zipf,1787574327.416000,132.999947,adaptive_ttl_backend_p99_milliseconds,all,0
2026-08-24_12-23-14-416053_earlyRefresh,earlyRefresh,high-skew-zipf,1787574328.416000,133.999947,adaptive_ttl_backend_p99_milliseconds,all,0
2026-08-24_12-23-14-416053_earlyRefresh,earlyRefresh,high-skew-zipf,1787574329.416000,134.999947,adaptive_ttl_backend_p99_milliseconds,all,0
2026-08-24_12-23-14-416053_earlyRefresh,earlyRefresh,high-skew-zipf,1787574330.416000,135.999947,adaptive_ttl_backend_p99_milliseconds,all,0
2026-08-24_12-23-14-416053_earlyRefresh,earlyRefresh,high-skew-zipf,1787574331.416000,136.999947,adaptive_ttl_backend_p99_milliseconds,all,0
2026-08-24_12-23-14-416053_earlyRefresh,earlyRefresh,high-skew-zipf,1787574332.416000,137.999947,adaptive_ttl_backend_p99_milliseconds,all,0
2026-08-24_12-23-14-416053_earlyRefresh,earlyRefresh,high-skew-zipf,1787574333.416000,138.999947,adaptive_ttl_backend_p99_milliseconds,all,0
2026-08-24_12-23-14-416053_earlyRefresh,earlyRefresh,high-skew-zipf,1787574334.416000,139.999947,adaptive_ttl_backend_p99_milliseconds,all,0
2026-08-24_12-23-14-416053_earlyRefresh,earlyRefresh,high-skew-zipf,1787574335.416000,140.999947,adaptive_ttl_backend_p99_milliseconds,all,0
2026-08-24_12-23-14-416053_earlyRefresh,earlyRefresh,high-skew-zipf,1787574336.416000,141.999947,adaptive_ttl_backend_p99_milliseconds,all,0
2026-08-24_12-23-14-416053_earlyRefresh,earlyRefresh,high-skew-zipf,1787574337.416000,142.999947,adaptive_ttl_backend_p99_milliseconds,all,0
2026-08-24_12-23-14-416053_earlyRefresh,earlyRefresh,high-skew-zipf,1787574338.416000,143.999947,adaptive_ttl_backend_p99_milliseconds,all,0
2026-08-24_12-23-14-416053_earlyRefresh,earlyRefresh,high-skew-zipf,1787574339.416000,144.999947,adaptive_ttl_backend_p99_milliseconds,all,0
2026-08-24_12-23-14-416053_earlyRefresh,earlyRefresh,high-skew-zipf,1787574340.416000,145.999947,adaptive_ttl_backend_p99_milliseconds,all,0
2026-08-24_12-23-14-416053_earlyRefresh,earlyRefresh,high-skew-zipf,1787574341.416000,146.999947,adaptive_ttl_backend_p99_milliseconds,all,0
2026-08-24_12-23-14-416053_earlyRefresh,earlyRefresh,high-skew-zipf,1787574342.416000,147.999947,adaptive_ttl_backend_p99_milliseconds,all,0
2026-08-24_12-23-14-416053_earlyRefresh,earlyRefresh,high-skew-zipf,1787574343.416000,148.999947,adaptive_ttl_backend_p99_milliseconds,all,0
2026-08-24_12-23-14-416053_earlyRefresh,earlyRefresh,high-skew-zipf,1787574344.416000,149.999947,adaptive_ttl_backend_p99_milliseconds,all,0
2026-08-24_12-23-14-416053_earlyRefresh,earlyRefresh,high-skew-zipf,1787574345.416000,150.999947,adaptive_ttl_backend_p99_milliseconds,all,0
2026-08-24_12-23-14-416053_earlyRefresh,earlyRefresh,high-skew-zipf,1787574346.416000,151.999947,adaptive_ttl_backend_p99_milliseconds,all,0
2026-08-24_12-23-14-416053_earlyRefresh,earlyRefresh,high-skew-zipf,1787574347.416000,152.999947,adaptive_ttl_backend_p99_milliseconds,all,0
2026-08-24_12-23-14-416053_earlyRefresh,earlyRefresh,high-skew-zipf,1787574348.416000,153.999947,adaptive_ttl_backend_p99_milliseconds,all,0
2026-08-24_12-23-14-416053_earlyRefresh,earlyRefresh,high-skew-zipf,1787574349.416000,154.999947,adaptive_ttl_backend_p99_milliseconds,all,0
2026-08-24_12-23-14-416053_earlyRefresh,earlyRefresh,high-skew-zipf,1787574350.416000,155.999947,adaptive_ttl_backend_p99_milliseconds,all,0
2026-08-24_12-23-14-416053_earlyRefresh,earlyRefresh,high-skew-zipf,1787574351.416000,156.999947,adaptive_ttl_backend_p99_milliseconds,all,0
2026-08-24_12-23-14-416053_earlyRefresh,earlyRefresh,high-skew-zipf,1787574352.416000,157.999947,adaptive_ttl_backend_p99_milliseconds,all,0
2026-08-24_12-23-14-416053_earlyRefresh,earlyRefresh,high-skew-zipf,1787574353.416000,158.999947,adaptive_ttl_backend_p99_milliseconds,all,0
2026-08-24_12-23-14-416053_earlyRefresh,earlyRefresh,high-skew-zipf,1787574354.416000,159.999947,adaptive_ttl_backend_p99_milliseconds,all,0
2026-08-24_12-23-14-416053_earlyRefresh,earlyRefresh,high-skew-zipf,1787574355.416000,160.999947,adaptive_ttl_backend_p99_milliseconds,all,0
2026-08-24_12-23-14-416053_earlyRefresh,earlyRefresh,high-skew-zipf,1787574356.416000,161.999947,adaptive_ttl_backend_p99_milliseconds,all,0
2026-08-24_12-23-14-416053_earlyRefresh,earlyRefresh,high-skew-zipf,1787574357.416000,162.999947,adaptive_ttl_backend_p99_milliseconds,all,0
2026-08-24_12-23-14-416053_earlyRefresh,earlyRefresh,high-skew-zipf,1787574358.416000,163.999947,adaptive_ttl_backend_p99_milliseconds,all,0
2026-08-24_12-23-14-416053_earlyRefresh,earlyRefresh,high-skew-zipf,1787574359.416000,164.999947,adaptive_ttl_backend_p99_milliseconds,all,0
2026-08-24_12-23-14-416053_earlyRefresh,earlyRefresh,high-skew-zipf,1787574360.416000,165.999947,adaptive_ttl_backend_p99_milliseconds,all,0
2026-08-24_12-23-14-416053_earlyRefresh,earlyRefresh,high-skew-zipf,1787574361.416000,166.999947,adaptive_ttl_backend_p99_milliseconds,all,0
2026-08-24_12-23-14-416053_earlyRefresh,earlyRefresh,high-skew-zipf,1787574362.416000,167.999947,adaptive_ttl_backend_p99_milliseconds,all,0
2026-08-24_12-23-14-416053_earlyRefresh,earlyRefresh,high-skew-zipf,1787574363.416000,168.999947,adaptive_ttl_backend_p99_milliseconds,all,0
2026-08-24_12-23-14-416053_earlyRefresh,earlyRefresh,high-skew-zipf,1787574364.416000,169.999947,adaptive_ttl_backend_p99_milliseconds,all,0
2026-08-24_12-23-14-416053_earlyRefresh,earlyRefresh,high-skew-zipf,1787574365.416000,170.999947,adaptive_ttl_backend_p99_milliseconds,all,0
2026-08-24_12-23-14-416053_earlyRefresh,earlyRefresh,high-skew-zipf,1787574366.416000,171.999947,adaptive_ttl_backend_p99_milliseconds,all,0
2026-08-24_12-23-14-416053_earlyRefresh,earlyRefresh,high-skew-zipf,1787574367.416000,172.999947,adaptive_ttl_backend_p99_milliseconds,all,0
2026-08-24_12-23-14-416053_earlyRefresh,earlyRefresh,high-skew-zipf,1787574368.416000,173.999947,adaptive_ttl_backend_p99_milliseconds,all,0
2026-08-24_12-23-14-416053_earlyRefresh,earlyRefresh,high-skew-zipf,1787574369.416000,174.999947,adaptive_ttl_backend_p99_milliseconds,all,0
2026-08-24_12-23-14-416053_earlyRefresh,earlyRefresh,high-skew-zipf,1787574370.416000,175.999947,adaptive_ttl_backend_p99_milliseconds,all,0
2026-08-24_12-23-14-416053_earlyRefresh,earlyRefresh,high-skew-zipf,1787574371.416000,176.999947,adaptive_ttl_backend_p99_milliseconds,all,0
2026-08-24_12-23-14-416053_earlyRefresh,earlyRefresh,high-skew-zipf,1787574372.416000,177.999947,adaptive_ttl_backend_p99_milliseconds,all,0
2026-08-24_12-23-14-416053_earlyRefresh,earlyRefresh,high-skew-zipf,1787574373.416000,178.999947,adaptive_ttl_backend_p99_milliseconds,all,0
2026-08-24_12-23-14-416053_earlyRefresh,earlyRefresh,high-skew-zipf,1787574374.416000,179.999947,adaptive_ttl_backend_p99_milliseconds,all,0
2026-08-24_12-23-14-416053_earlyRefresh,earlyRefresh,high-skew-zipf,1787574375.416000,180.999947,adaptive_ttl_backend_p99_milliseconds,all,0
2026-08-24_12-23-14-416053_earlyRefresh,earlyRefresh,high-skew-zipf,1787574376.416000,181.999947,adaptive_ttl_backend_p99_milliseconds,all,0
2026-08-24_12-23-14-416053_earlyRefresh,earlyRefresh,high-skew-zipf,1787574377.416000,182.999947,adaptive_ttl_backend_p99_milliseconds,all,0
2026-08-24_12-23-14-416053_earlyRefresh,earlyRefresh,high-skew-zipf,1787574378.416000,183.999947,adaptive_ttl_backend_p99_milliseconds,all,0
2026-08-24_12-23-14-416053_earlyRefresh,earlyRefresh,high-skew-zipf,1787574379.416000,184.999947,adaptive_ttl_backend_p99_milliseconds,all,0
2026-08-24_12-23-14-416053_earlyRefresh,earlyRefresh,high-skew-zipf,1787574380.416000,185.999947,adaptive_ttl_backend_p99_milliseconds,all,0
2026-08-24_12-23-14-416053_earlyRefresh,earlyRefresh,high-skew-zipf,1787574381.416000,186.999947,adaptive_ttl_backend_p99_milliseconds,all,0
2026-08-24_12-23-14-416053_earlyRefresh,earlyRefresh,high-skew-zipf,1787574382.416000,187.999947,adaptive_ttl_backend_p99_milliseconds,all,0
2026-08-24_12-23-14-416053_earlyRefresh,earlyRefresh,high-skew-zipf,1787574383.416000,188.999947,adaptive_ttl_backend_p99_milliseconds,all,0
2026-08-24_12-23-14-416053_earlyRefresh,earlyRefresh,high-skew-zipf,1787574384.416000,189.999947,adaptive_ttl_backend_p99_milliseconds,all,0
2026-08-24_12-23-14-416053_earlyRefresh,earlyRefresh,high-skew-zipf,1787574385.416000,190.999947,adaptive_ttl_backend_p99_milliseconds,all,0
2026-08-24_12-23-14-416053_earlyRefresh,earlyRefresh,high-skew-zipf,1787574386.416000,191.999947,adaptive_ttl_backend_p99_milliseconds,all,0
2026-08-24_12-23-14-416053_earlyRefresh,earlyRefresh,high-skew-zipf,1787574387.416000,192.999947,adaptive_ttl_backend_p99_milliseconds,all,0
2026-08-24_12-23-14-416053_earlyRefresh,earlyRefresh,high-skew-zipf,1787574388.416000,193.999947,adaptive_ttl_backend_p99_milliseconds,all,0
2026-08-24_12-23-14-416053_earlyRefresh,earlyRefresh,high-skew-zipf,1787574389.416000,194.999947,adaptive_ttl_backend_p99_milliseconds,all,0
2026-08-24_12-23-14-416053_earlyRefresh,earlyRefresh,high-skew-zipf,1787574390.416000,195.999947,adaptive_ttl_backend_p99_milliseconds,all,0
2026-08-24_12-23-14-416053_earlyRefresh,earlyRefresh,high-skew-zipf,1787574391.416000,196.999947,adaptive_ttl_backend_p99_milliseconds,all,0
2026-08-24_12-23-14-416053_earlyRefresh,earlyRefresh,high-skew-zipf,1787574392.416000,197.999947,adaptive_ttl_backend_p99_milliseconds,all,0
2026-08-24_12-23-14-416053_earlyRefresh,earlyRefresh,high-skew-zipf,1787574393.416000,198.999947,adaptive_ttl_backend_p99_milliseconds,all,0
2026-08-24_12-23-14-416053_earlyRefresh,earlyRefresh,high-skew-zipf,1787574394.416000,199.999947,adaptive_ttl_backend_p99_milliseconds,all,0
2026-08-24_12-23-14-416053_earlyRefresh,earlyRefresh,high-skew-zipf,1787574395.416000,200.999947,adaptive_ttl_backend_p99_milliseconds,all,0
2026-08-24_12-23-14-416053_earlyRefresh,earlyRefresh,high-skew-zipf,1787574396.416000,201.999947,adaptive_ttl_backend_p99_milliseconds,all,0
2026-08-24_12-23-14-416053_earlyRefresh,earlyRefresh,high-skew-zipf,1787574397.416000,202.999947,adaptive_ttl_backend_p99_milliseconds,all,0
2026-08-24_12-23-14-416053_earlyRefresh,earlyRefresh,high-skew-zipf,1787574398.416000,203.999947,adaptive_ttl_backend_p99_milliseconds,all,0
2026-08-24_12-23-14-416053_earlyRefresh,earlyRefresh,high-skew-zipf,1787574399.416000,204.999947,adaptive_ttl_backend_p99_milliseconds,all,0
2026-08-24_12-23-14-416053_earlyRefresh,earlyRefresh,high-skew-zipf,1787574400.416000,205.999947,adaptive_ttl_backend_p99_milliseconds,all,0
2026-08-24_12-23-14-416053_earlyRefresh,earlyRefresh,high-skew-zipf,1787574401.416000,206.999947,adaptive_ttl_backend_p99_milliseconds,all,0
2026-08-24_12-23-14-416053_earlyRefresh,earlyRefresh,high-skew-zipf,1787574402.416000,207.999947,adaptive_ttl_backend_p99_milliseconds,all,0
2026-08-24_12-23-14-416053_earlyRefresh,earlyRefresh,high-skew-zipf,1787574403.416000,208.999947,adaptive_ttl_backend_p99_milliseconds,all,0
2026-08-24_12-23-14-416053_earlyRefresh,earlyRefresh,high-skew-zipf,1787574404.416000,209.999947,adaptive_ttl_backend_p99_milliseconds,all,0
2026-08-24_12-23-14-416053_earlyRefresh,earlyRefresh,high-skew-zipf,1787574405.416000,210.999947,adaptive_ttl_backend_p99_milliseconds,all,0
2026-08-24_12-23-14-416053_earlyRefresh,earlyRefresh,high-skew-zipf,1787574406.416000,211.999947,adaptive_ttl_backend_p99_milliseconds,all,0
2026-08-24_12-23-14-416053_earlyRefresh,earlyRefresh,high-skew-zipf,1787574407.416000,212.999947,adaptive_ttl_backend_p99_milliseconds,all,0
2026-08-24_12-23-14-416053_earlyRefresh,earlyRefresh,high-skew-zipf,1787574408.416000,213.999947,adaptive_ttl_backend_p99_milliseconds,all,0
2026-08-24_12-23-14-416053_earlyRefresh,earlyRefresh,high-skew-zipf,1787574409.416000,214.999947,adaptive_ttl_backend_p99_milliseconds,all,0
2026-08-24_12-23-14-416053_earlyRefresh,earlyRefresh,high-skew-zipf,1787574410.416000,215.999947,adaptive_ttl_backend_p99_milliseconds,all,0
2026-08-24_12-23-14-416053_earlyRefresh,earlyRefresh,high-skew-zipf,1787574411.416000,216.999947,adaptive_ttl_backend_p99_milliseconds,all,0
2026-08-24_12-23-14-416053_earlyRefresh,earlyRefresh,high-skew-zipf,1787574412.416000,217.999947,adaptive_ttl_backend_p99_milliseconds,all,0
2026-08-24_12-23-14-416053_earlyRefresh,earlyRefresh,high-skew-zipf,1787574413.416000,218.999947,adaptive_ttl_backend_p99_milliseconds,all,0
2026-08-24_12-23-14-416053_earlyRefresh,earlyRefresh,high-skew-zipf,1787574414.416000,219.999947,adaptive_ttl_backend_p99_milliseconds,all,0
2026-08-24_12-23-14-416053_earlyRefresh,earlyRefresh,high-skew-zipf,1787574415.416000,220.999947,adaptive_ttl_backend_p99_milliseconds,all,0
2026-08-24_12-23-14-416053_earlyRefresh,earlyRefresh,high-skew-zipf,1787574416.416000,221.999947,adaptive_ttl_backend_p99_milliseconds,all,0
2026-08-24_12-23-14-416053_earlyRefresh,earlyRefresh,high-skew-zipf,1787574417.416000,222.999947,adaptive_ttl_backend_p99_milliseconds,all,0
2026-08-24_12-23-14-416053_earlyRefresh,earlyRefresh,high-skew-zipf,1787574418.416000,223.999947,adaptive_ttl_backend_p99_milliseconds,all,0
2026-08-24_12-23-14-416053_earlyRefresh,earlyRefresh,high-skew-zipf,1787574419.416000,224.999947,adaptive_ttl_backend_p99_milliseconds,all,0
2026-08-24_12-23-14-416053_earlyRefresh,earlyRefresh,high-skew-zipf,1787574420.416000,225.999947,adaptive_ttl_backend_p99_milliseconds,all,0
2026-08-24_12-23-14-416053_earlyRefresh,earlyRefresh,high-skew-zipf,1787574421.416000,226.999947,adaptive_ttl_backend_p99_milliseconds,all,0
2026-08-24_12-23-14-416053_earlyRefresh,earlyRefresh,high-skew-zipf,1787574422.416000,227.999947,adaptive_ttl_backend_p99_milliseconds,all,0
2026-08-24_12-23-14-416053_earlyRefresh,earlyRefresh,high-skew-zipf,1787574423.416000,228.999947,adaptive_ttl_backend_p99_milliseconds,all,0
2026-08-24_12-23-14-416053_earlyRefresh,earlyRefresh,high-skew-zipf,1787574424.416000,229.999947,adaptive_ttl_backend_p99_milliseconds,all,0
2026-08-24_12-23-14-416053_earlyRefresh,earlyRefresh,high-skew-zipf,1787574425.416000,230.999947,adaptive_ttl_backend_p99_milliseconds,all,0
2026-08-24_12-23-14-416053_earlyRefresh,earlyRefresh,high-skew-zipf,1787574426.416000,231.999947,adaptive_ttl_backend_p99_milliseconds,all,0
2026-08-24_12-23-14-416053_earlyRefresh,earlyRefresh,high-skew-zipf,1787574427.416000,232.999947,adaptive_ttl_backend_p99_milliseconds,all,0
2026-08-24_12-23-14-416053_earlyRefresh,earlyRefresh,high-skew-zipf,1787574428.416000,233.999947,adaptive_ttl_backend_p99_milliseconds,all,0
2026-08-24_12-23-14-416053_earlyRefresh,earlyRefresh,high-skew-zipf,1787574429.416000,234.999947,adaptive_ttl_backend_p99_milliseconds,all,0
2026-08-24_12-23-14-416053_earlyRefresh,earlyRefresh,high-skew-zipf,1787574430.416000,235.999947,adaptive_ttl_backend_p99_milliseconds,all,0
2026-08-24_12-23-14-416053_earlyRefresh,earlyRefresh,high-skew-zipf,1787574431.416000,236.999947,adaptive_ttl_backend_p99_milliseconds,all,0
2026-08-24_12-23-14-416053_earlyRefresh,earlyRefresh,high-skew-zipf,1787574432.416000,237.999947,adaptive_ttl_backend_p99_milliseconds,all,0
2026-08-24_12-23-14-416053_earlyRefresh,earlyRefresh,high-skew-zipf,1787574433.416000,238.999947,adaptive_ttl_backend_p99_milliseconds,all,0
2026-08-24_12-23-14-416053_earlyRefresh,earlyRefresh,high-skew-zipf,1787574434.416000,239.999947,adaptive_ttl_backend_p99_milliseconds,all,0
