experiment_id,experiment_name,test_name,timestamp,relative_time_seconds,metric,series,value
2026-08-14_12-43-12-721406_earlyRefresh,earlyRefresh,synchronized-expiry,1786711392.721000,-0.000406,all_requests,all,0
2026-08-14_12-43-12-721406_earlyRefresh,earlyRefresh,synchronized-expiry,1786711393.721000,0.999594,all_requests,all,3
2026-08-14_12-43-12-721406_earlyRefresh,earlyRefresh,synchronized-expiry,1786711394.721000,1.999594,all_requests,all,65
2026-08-14_12-43-12-721406_earlyRefresh,earlyRefresh,synchronized-expiry,1786711395.721000,2.999594,all_requests,all,145
2026-08-14_12-43-12-721406_earlyRefresh,earlyRefresh,synchronized-expiry,1786711396.721000,3.999594,all_requests,all,225
2026-08-14_12-43-12-721406_earlyRefresh,earlyRefresh,synchronized-expiry,1786711397.721000,4.999594,all_requests,all,305
2026-08-14_12-43-12-721406_earlyRefresh,earlyRefresh,synchronized-expiry,1786711398.721000,5.999594,all_requests,all,385
2026-08-14_12-43-12-721406_earlyRefresh,earlyRefresh,synchronized-expiry,1786711399.721000,6.999594,all_requests,all,465
2026-08-14_12-43-12-721406_earlyRefresh,earlyRefresh,synchronized-expiry,1786711400.721000,7.999594,all_requests,all,545
2026-08-14_12-43-12-721406_earlyRefresh,earlyRefresh,synchronized-expiry,1786711401.721000,8.999594,all_requests,all,625
2026-08-14_12-43-12-721406_earlyRefresh,earlyRefresh,synchronized-expiry,1786711402.721000,9.999594,all_requests,all,705
2026-08-14_12-43-12-721406_earlyRefresh,earlyRefresh,synchronized-expiry,1786711403.721000,10.999594,all_requests,all,785
2026-08-14_12-43-12-721406_earlyRefresh,earlyRefresh,synchronized-expiry,1786711404.721000,11.999594,all_requests,all,865
2026-08-14_12-43-12-721406_earlyRefresh,earlyRefresh,synchronized-expiry,1786711405.721000,12.999594,all_requests,all,945
2026-08-14_12-43-12-721406_earlyRefresh,earlyRefresh,synchronized-expiry,1786711406.721000,13.999594,all_requests,all,1025
2026-08-14_12-43-12-721406_earlyRefresh,earlyRefresh,synchronized-expiry,1786711407.721000,14.999594,all_requests,all,1105
2026-08-14_12-43-12-721406_earlyRefresh,earlyRefresh,synchronized-expiry,1786711408.721000,15.999594,all_requests,all,1185
2026-08-14_12-43-12-721406_earlyRefresh,earlyRefresh,synchronized-expiry,1786711409.721000,16.999594,all_requests,all,1265
2026-08-14_12-43-12-721406_earlyRefresh,earlyRefresh,synchronized-expiry,1786711410.721000,17.999594,all_requests,all,1345
2026-08-14_12-43-12-721406_earlyRefresh,earlyRefresh,synchronized-expiry,1786711411.721000,18.999594,all_requests,all,1425
2026-08-14_12-43-12-721406_earlyRefresh,earlyRefresh,synchronized-expiry,1786711412.721000,19.999594,all_requests,all,1505
2026-08-14_12-43-12-721406_earlyRefresh,earlyRefresh,synchronized-expiry,1786711413.721000,20.999594,all_requests,all,1585
2026-08-14_12-43-12-721406_earlyRefresh,earlyRefresh,synchronized-expiry,1786711414.721000,21.999594,all_requests,all,1665
2026-08-14_12-43-12-721406_earlyRefresh,earlyRefresh,synchronized-expiry,1786711415.721000,22.999594,all_requests,all,1745
2026-08-14_12-43-12-721406_earlyRefresh,earlyRefresh,synchronized-expiry,1786711416.721000,23.999594,all_requests,all,1825
2026-08-14_12-43-12-721406_earlyRefresh,earlyRefresh,synchronized-expiry,1786711417.721000,24.999594,all_requests,all,1905
2026-08-14_12-43-12-721406_earlyRefresh,earlyRefresh,synchronized-expiry,1786711418.721000,25.999594,all_requests,all,1985
2026-08-14_12-43-12-721406_earlyRefresh,earlyRefresh,synchronized-expiry,1786711419.721000,26.999594,all_requests,all,2065
2026-08-14_12-43-12-721406_earlyRefresh,earlyRefresh,synchronized-expiry,1786711420.721000,27.999594,all_requests,all,2145
2026-08-14_12-43-12-721406_earlyRefresh,earlyRefresh,synchronized-expiry,1786711421.721000,28.999594,all_requests,all,2225
2026-08-14_12-43-12-721406_earlyRefresh,earlyRefresh,synchronized-expiry,1786711422.721000,29.999594,all_requests,all,2305
2026-08-14_12-43-12-721406_earlyRefresh,earlyRefresh,synchronized-expiry,1786711423.721000,30.999594,all_requests,all,2385
2026-08-14_12-43-12-721406_earlyRefresh,earlyRefresh,synchronized-expiry,1786711424.721000,31.999594,all_requests,all,2465
2026-08-14_12-43-12-721406_earlyRefresh,earlyRefresh,synchronized-expiry,1786711425.721000,32.999594,all_requests,all,2545
2026-08-14_12-43-12-721406_earlyRefresh,earlyRefresh,synchronized-expiry,1786711426.721000,33.999594,all_requests,all,2625
2026-08-14_12-43-12-721406_earlyRefresh,earlyRefresh,synchronized-expiry,1786711427.721000,34.999594,all_requests,all,2705
2026-08-14_12-43-12-721406_earlyRefresh,earlyRefresh,synchronized-expiry,1786711428.721000,35.999594,all_requests,all,2785
2026-08-14_12-43-12-721406_earlyRefresh,earlyRefresh,synchronized-expiry,1786711429.721000,36.999594,all_requests,all,2865
2026-08-14_12-43-12-721406_earlyRefresh,earlyRefresh,synchronized-expiry,1786711430.721000,37.999594,all_requests,all,2945
2026-08-14_12-43-12-721406_earlyRefresh,earlyRefresh,synchronized-expiry,1786711431.721000,38.999594,all_requests,all,3025
2026-08-14_12-43-12-721406_earlyRefresh,earlyRefresh,synchronized-expiry,1786711432.721000,39.999594,all_requests,all,3105
2026-08-14_12-43-12-721406_earlyRefresh,earlyRefresh,synchronized-expiry,1786711433.721000,40.999594,all_requests,all,3185
2026-08-14_12-43-12-721406_earlyRefresh,earlyRefresh,synchronized-expiry,1786711434.721000,41.999594,all_requests,all,3265
2026-08-14_12-43-12-721406_earlyRefresh,earlyRefresh,synchronized-expiry,1786711435.721000,42.999594,all_requests,all,3345
2026-08-14_12-43-12-721406_earlyRefresh,earlyRefresh,synchronized-expiry,1786711436.721000,43.999594,all_requests,all,3425
2026-08-14_12-43-12-721406_earlyRefresh,earlyRefresh,synchronized-expiry,1786711437.721000,44.999594,all_requests,all,3505
2026-08-14_12-43-12-721406_earlyRefresh,earlyRefresh,synchronized-expiry,1786711438.721000,45.999594,all_requests,all,3585
2026-08-14_12-43-12-721406_earlyRefresh,earlyRefresh,synchronized-expiry,1786711439.721000,46.999594,all_requests,all,3665
2026-08-14_12-43-12-721406_earlyRefresh,earlyRefresh,synchronized-expiry,1786711440.721000,47.999594,all_requests,all,3745
2026-08-14_12-43-12-721406_earlyRefresh,earlyRefresh,synchronized-expiry,1786711441.721000,48.999594,all_requests,all,3825
2026-08-14_12-43-12-721406_earlyRefresh,earlyRefresh,synchronized-expiry,1786711442.721000,49.999594,all_requests,all,3905
2026-08-14_12-43-12-721406_earlyRefresh,earlyRefresh,synchronized-expiry,1786711443.721000,50.999594,all_requests,all,3985
2026-08-14_12-43-12-721406_earlyRefresh,earlyRefresh,synchronized-expiry,1786711444.721000,51.999594,all_requests,all,4065
2026-08-14_12-43-12-721406_earlyRefresh,earlyRefresh,synchronized-expiry,1786711445.721000,52.999594,all_requests,all,4145
2026-08-14_12-43-12-721406_earlyRefresh,earlyRefresh,synchronized-expiry,1786711446.721000,53.999594,all_requests,all,4225
2026-08-14_12-43-12-721406_earlyRefresh,earlyRefresh,synchronized-expiry,1786711447.721000,54.999594,all_requests,all,4305
2026-08-14_12-43-12-721406_earlyRefresh,earlyRefresh,synchronized-expiry,1786711448.721000,55.999594,all_requests,all,4385
2026-08-14_12-43-12-721406_earlyRefresh,earlyRefresh,synchronized-expiry,1786711449.721000,56.999594,all_requests,all,4465
2026-08-14_12-43-12-721406_earlyRefresh,earlyRefresh,synchronized-expiry,1786711450.721000,57.999594,all_requests,all,4545
2026-08-14_12-43-12-721406_earlyRefresh,earlyRefresh,synchronized-expiry,1786711451.721000,58.999594,all_requests,all,4625
2026-08-14_12-43-12-721406_earlyRefresh,earlyRefresh,synchronized-expiry,1786711452.721000,59.999594,all_requests,all,4705
2026-08-14_12-43-12-721406_earlyRefresh,earlyRefresh,synchronized-expiry,1786711392.721000,-0.000406,l1_hits,all,0
2026-08-14_12-43-12-721406_earlyRefresh,earlyRefresh,synchronized-expiry,1786711393.721000,0.999594,l1_hits,all,0
2026-08-14_12-43-12-721406_earlyRefresh,earlyRefresh,synchronized-expiry,1786711394.721000,1.999594,l1_hits,all,55
2026-08-14_12-43-12-721406_earlyRefresh,earlyRefresh,synchronized-expiry,1786711395.721000,2.999594,l1_hits,all,125
2026-08-14_12-43-12-721406_earlyRefresh,earlyRefresh,synchronized-expiry,1786711396.721000,3.999594,l1_hits,all,197
2026-08-14_12-43-12-721406_earlyRefresh,earlyRefresh,synchronized-expiry,1786711397.721000,4.999594,l1_hits,all,269
2026-08-14_12-43-12-721406_earlyRefresh,earlyRefresh,synchronized-expiry,1786711398.721000,5.999594,l1_hits,all,340
2026-08-14_12-43-12-721406_earlyRefresh,earlyRefresh,synchronized-expiry,1786711399.721000,6.999594,l1_hits,all,413
2026-08-14_12-43-12-721406_earlyRefresh,earlyRefresh,synchronized-expiry,1786711400.721000,7.999594,l1_hits,all,484
2026-08-14_12-43-12-721406_earlyRefresh,earlyRefresh,synchronized-expiry,1786711401.721000,8.999594,l1_hits,all,554
2026-08-14_12-43-12-721406_earlyRefresh,earlyRefresh,synchronized-expiry,1786711402.721000,9.999594,l1_hits,all,627
2026-08-14_12-43-12-721406_earlyRefresh,earlyRefresh,synchronized-expiry,1786711403.721000,10.999594,l1_hits,all,698
2026-08-14_12-43-12-721406_earlyRefresh,earlyRefresh,synchronized-expiry,1786711404.721000,11.999594,l1_hits,all,747
2026-08-14_12-43-12-721406_earlyRefresh,earlyRefresh,synchronized-expiry,1786711405.721000,12.999594,l1_hits,all,822
2026-08-14_12-43-12-721406_earlyRefresh,earlyRefresh,synchronized-expiry,1786711406.721000,13.999594,l1_hits,all,893
2026-08-14_12-43-12-721406_earlyRefresh,earlyRefresh,synchronized-expiry,1786711407.721000,14.999594,l1_hits,all,964
2026-08-14_12-43-12-721406_earlyRefresh,earlyRefresh,synchronized-expiry,1786711408.721000,15.999594,l1_hits,all,1036
2026-08-14_12-43-12-721406_earlyRefresh,earlyRefresh,synchronized-expiry,1786711409.721000,16.999594,l1_hits,all,1108
2026-08-14_12-43-12-721406_earlyRefresh,earlyRefresh,synchronized-expiry,1786711410.721000,17.999594,l1_hits,all,1178
2026-08-14_12-43-12-721406_earlyRefresh,earlyRefresh,synchronized-expiry,1786711411.721000,18.999594,l1_hits,all,1251
2026-08-14_12-43-12-721406_earlyRefresh,earlyRefresh,synchronized-expiry,1786711412.721000,19.999594,l1_hits,all,1321
2026-08-14_12-43-12-721406_earlyRefresh,earlyRefresh,synchronized-expiry,1786711413.721000,20.999594,l1_hits,all,1393
2026-08-14_12-43-12-721406_earlyRefresh,earlyRefresh,synchronized-expiry,1786711414.721000,21.999594,l1_hits,all,1461
2026-08-14_12-43-12-721406_earlyRefresh,earlyRefresh,synchronized-expiry,1786711415.721000,22.999594,l1_hits,all,1531
2026-08-14_12-43-12-721406_earlyRefresh,earlyRefresh,synchronized-expiry,1786711416.721000,23.999594,l1_hits,all,1604
2026-08-14_12-43-12-721406_earlyRefresh,earlyRefresh,synchronized-expiry,1786711417.721000,24.999594,l1_hits,all,1675
2026-08-14_12-43-12-721406_earlyRefresh,earlyRefresh,synchronized-expiry,1786711418.721000,25.999594,l1_hits,all,1745
2026-08-14_12-43-12-721406_earlyRefresh,earlyRefresh,synchronized-expiry,1786711419.721000,26.999594,l1_hits,all,1818
2026-08-14_12-43-12-721406_earlyRefresh,earlyRefresh,synchronized-expiry,1786711420.721000,27.999594,l1_hits,all,1888
2026-08-14_12-43-12-721406_earlyRefresh,earlyRefresh,synchronized-expiry,1786711421.721000,28.999594,l1_hits,all,1959
2026-08-14_12-43-12-721406_earlyRefresh,earlyRefresh,synchronized-expiry,1786711422.721000,29.999594,l1_hits,all,2030
2026-08-14_12-43-12-721406_earlyRefresh,earlyRefresh,synchronized-expiry,1786711423.721000,30.999594,l1_hits,all,2104
2026-08-14_12-43-12-721406_earlyRefresh,earlyRefresh,synchronized-expiry,1786711424.721000,31.999594,l1_hits,all,2174
2026-08-14_12-43-12-721406_earlyRefresh,earlyRefresh,synchronized-expiry,1786711425.721000,32.999594,l1_hits,all,2226
2026-08-14_12-43-12-721406_earlyRefresh,earlyRefresh,synchronized-expiry,1786711426.721000,33.999594,l1_hits,all,2299
2026-08-14_12-43-12-721406_earlyRefresh,earlyRefresh,synchronized-expiry,1786711427.721000,34.999594,l1_hits,all,2370
2026-08-14_12-43-12-721406_earlyRefresh,earlyRefresh,synchronized-expiry,1786711428.721000,35.999594,l1_hits,all,2442
2026-08-14_12-43-12-721406_earlyRefresh,earlyRefresh,synchronized-expiry,1786711429.721000,36.999594,l1_hits,all,2513
2026-08-14_12-43-12-721406_earlyRefresh,earlyRefresh,synchronized-expiry,1786711430.721000,37.999594,l1_hits,all,2585
2026-08-14_12-43-12-721406_earlyRefresh,earlyRefresh,synchronized-expiry,1786711431.721000,38.999594,l1_hits,all,2657
2026-08-14_12-43-12-721406_earlyRefresh,earlyRefresh,synchronized-expiry,1786711432.721000,39.999594,l1_hits,all,2727
2026-08-14_12-43-12-721406_earlyRefresh,earlyRefresh,synchronized-expiry,1786711433.721000,40.999594,l1_hits,all,2798
2026-08-14_12-43-12-721406_earlyRefresh,earlyRefresh,synchronized-expiry,1786711434.721000,41.999594,l1_hits,all,2870
2026-08-14_12-43-12-721406_earlyRefresh,earlyRefresh,synchronized-expiry,1786711435.721000,42.999594,l1_hits,all,2936
2026-08-14_12-43-12-721406_earlyRefresh,earlyRefresh,synchronized-expiry,1786711436.721000,43.999594,l1_hits,all,3007
2026-08-14_12-43-12-721406_earlyRefresh,earlyRefresh,synchronized-expiry,1786711437.721000,44.999594,l1_hits,all,3080
2026-08-14_12-43-12-721406_earlyRefresh,earlyRefresh,synchronized-expiry,1786711438.721000,45.999594,l1_hits,all,3150
2026-08-14_12-43-12-721406_earlyRefresh,earlyRefresh,synchronized-expiry,1786711439.721000,46.999594,l1_hits,all,3223
2026-08-14_12-43-12-721406_earlyRefresh,earlyRefresh,synchronized-expiry,1786711440.721000,47.999594,l1_hits,all,3295
2026-08-14_12-43-12-721406_earlyRefresh,earlyRefresh,synchronized-expiry,1786711441.721000,48.999594,l1_hits,all,3366
2026-08-14_12-43-12-721406_earlyRefresh,earlyRefresh,synchronized-expiry,1786711442.721000,49.999594,l1_hits,all,3437
2026-08-14_12-43-12-721406_earlyRefresh,earlyRefresh,synchronized-expiry,1786711443.721000,50.999594,l1_hits,all,3509
2026-08-14_12-43-12-721406_earlyRefresh,earlyRefresh,synchronized-expiry,1786711444.721000,51.999594,l1_hits,all,3580
2026-08-14_12-43-12-721406_earlyRefresh,earlyRefresh,synchronized-expiry,1786711445.721000,52.999594,l1_hits,all,3649
2026-08-14_12-43-12-721406_earlyRefresh,earlyRefresh,synchronized-expiry,1786711446.721000,53.999594,l1_hits,all,3712
2026-08-14_12-43-12-721406_earlyRefresh,earlyRefresh,synchronized-expiry,1786711447.721000,54.999594,l1_hits,all,3784
2026-08-14_12-43-12-721406_earlyRefresh,earlyRefresh,synchronized-expiry,1786711448.721000,55.999594,l1_hits,all,3855
2026-08-14_12-43-12-721406_earlyRefresh,earlyRefresh,synchronized-expiry,1786711449.721000,56.999594,l1_hits,all,3928
2026-08-14_12-43-12-721406_earlyRefresh,earlyRefresh,synchronized-expiry,1786711450.721000,57.999594,l1_hits,all,3999
2026-08-14_12-43-12-721406_earlyRefresh,earlyRefresh,synchronized-expiry,1786711451.721000,58.999594,l1_hits,all,4070
2026-08-14_12-43-12-721406_earlyRefresh,earlyRefresh,synchronized-expiry,1786711452.721000,59.999594,l1_hits,all,4142
2026-08-14_12-43-12-721406_earlyRefresh,earlyRefresh,synchronized-expiry,1786711392.721000,-0.000406,l2_hits,all,0
2026-08-14_12-43-12-721406_earlyRefresh,earlyRefresh,synchronized-expiry,1786711393.721000,0.999594,l2_hits,all,0
2026-08-14_12-43-12-721406_earlyRefresh,earlyRefresh,synchronized-expiry,1786711394.721000,1.999594,l2_hits,all,5
2026-08-14_12-43-12-721406_earlyRefresh,earlyRefresh,synchronized-expiry,1786711395.721000,2.999594,l2_hits,all,15
2026-08-14_12-43-12-721406_earlyRefresh,earlyRefresh,synchronized-expiry,1786711396.721000,3.999594,l2_hits,all,23
2026-08-14_12-43-12-721406_earlyRefresh,earlyRefresh,synchronized-expiry,1786711397.721000,4.999594,l2_hits,all,31
2026-08-14_12-43-12-721406_earlyRefresh,earlyRefresh,synchronized-expiry,1786711398.721000,5.999594,l2_hits,all,40
2026-08-14_12-43-12-721406_earlyRefresh,earlyRefresh,synchronized-expiry,1786711399.721000,6.999594,l2_hits,all,47
2026-08-14_12-43-12-721406_earlyRefresh,earlyRefresh,synchronized-expiry,1786711400.721000,7.999594,l2_hits,all,56
2026-08-14_12-43-12-721406_earlyRefresh,earlyRefresh,synchronized-expiry,1786711401.721000,8.999594,l2_hits,all,66
2026-08-14_12-43-12-721406_earlyRefresh,earlyRefresh,synchronized-expiry,1786711402.721000,9.999594,l2_hits,all,73
2026-08-14_12-43-12-721406_earlyRefresh,earlyRefresh,synchronized-expiry,1786711403.721000,10.999594,l2_hits,all,82
2026-08-14_12-43-12-721406_earlyRefresh,earlyRefresh,synchronized-expiry,1786711404.721000,11.999594,l2_hits,all,88
2026-08-14_12-43-12-721406_earlyRefresh,earlyRefresh,synchronized-expiry,1786711405.721000,12.999594,l2_hits,all,89
2026-08-14_12-43-12-721406_earlyRefresh,earlyRefresh,synchronized-expiry,1786711406.721000,13.999594,l2_hits,all,98
2026-08-14_12-43-12-721406_earlyRefresh,earlyRefresh,synchronized-expiry,1786711407.721000,14.999594,l2_hits,all,107
2026-08-14_12-43-12-721406_earlyRefresh,earlyRefresh,synchronized-expiry,1786711408.721000,15.999594,l2_hits,all,115
2026-08-14_12-43-12-721406_earlyRefresh,earlyRefresh,synchronized-expiry,1786711409.721000,16.999594,l2_hits,all,123
2026-08-14_12-43-12-721406_earlyRefresh,earlyRefresh,synchronized-expiry,1786711410.721000,17.999594,l2_hits,all,133
2026-08-14_12-43-12-721406_earlyRefresh,earlyRefresh,synchronized-expiry,1786711411.721000,18.999594,l2_hits,all,140
2026-08-14_12-43-12-721406_earlyRefresh,earlyRefresh,synchronized-expiry,1786711412.721000,19.999594,l2_hits,all,150
2026-08-14_12-43-12-721406_earlyRefresh,earlyRefresh,synchronized-expiry,1786711413.721000,20.999594,l2_hits,all,158
2026-08-14_12-43-12-721406_earlyRefresh,earlyRefresh,synchronized-expiry,1786711414.721000,21.999594,l2_hits,all,170
2026-08-14_12-43-12-721406_earlyRefresh,earlyRefresh,synchronized-expiry,1786711415.721000,22.999594,l2_hits,all,177
2026-08-14_12-43-12-721406_earlyRefresh,earlyRefresh,synchronized-expiry,1786711416.721000,23.999594,l2_hits,all,184
2026-08-14_12-43-12-721406_earlyRefresh,earlyRefresh,synchronized-expiry,1786711417.721000,24.999594,l2_hits,all,193
2026-08-14_12-43-12-721406_earlyRefresh,earlyRefresh,synchronized-expiry,1786711418.721000,25.999594,l2_hits,all,203
2026-08-14_12-43-12-721406_earlyRefresh,earlyRefresh,synchronized-expiry,1786711419.721000,26.999594,l2_hits,all,210
2026-08-14_12-43-12-721406_earlyRefresh,earlyRefresh,synchronized-expiry,1786711420.721000,27.999594,l2_hits,all,220
2026-08-14_12-43-12-721406_earlyRefresh,earlyRefresh,synchronized-expiry,1786711421.721000,28.999594,l2_hits,all,229
2026-08-14_12-43-12-721406_earlyRefresh,earlyRefresh,synchronized-expiry,1786711422.721000,29.999594,l2_hits,all,238
2026-08-14_12-43-12-721406_earlyRefresh,earlyRefresh,synchronized-expiry,1786711423.721000,30.999594,l2_hits,all,244
2026-08-14_12-43-12-721406_earlyRefresh,earlyRefresh,synchronized-expiry,1786711424.721000,31.999594,l2_hits,all,254
2026-08-14_12-43-12-721406_earlyRefresh,earlyRefresh,synchronized-expiry,1786711425.721000,32.999594,l2_hits,all,261
2026-08-14_12-43-12-721406_earlyRefresh,earlyRefresh,synchronized-expiry,1786711426.721000,33.999594,l2_hits,all,267
2026-08-14_12-43-12-721406_earlyRefresh,earlyRefresh,synchronized-expiry,1786711427.721000,34.999594,l2_hits,all,276
2026-08-14_12-43-12-721406_earlyRefresh,earlyRefresh,synchronized-expiry,1786711428.721000,35.999594,l2_hits,all,284
2026-08-14_12-43-12-721406_earlyRefresh,earlyRefresh,synchronized-expiry,1786711429.721000,36.999594,l2_hits,all,293
2026-08-14_12-43-12-721406_earlyRefresh,earlyRefresh,synchronized-expiry,1786711430.721000,37.999594,l2_hits,all,301
2026-08-14_12-43-12-721406_earlyRefresh,earlyRefresh,synchronized-expiry,1786711431.721000,38.999594,l2_hits,all,309
2026-08-14_12-43-12-721406_earlyRefresh,earlyRefresh,synchronized-expiry,1786711432.721000,39.999594,l2_hits,all,319
2026-08-14_12-43-12-721406_earlyRefresh,earlyRefresh,synchronized-expiry,1786711433.721000,40.999594,l2_hits,all,328
2026-08-14_12-43-12-721406_earlyRefresh,earlyRefresh,synchronized-expiry,1786711434.721000,41.999594,l2_hits,all,336
2026-08-14_12-43-12-721406_earlyRefresh,earlyRefresh,synchronized-expiry,1786711435.721000,42.999594,l2_hits,all,347
2026-08-14_12-43-12-721406_earlyRefresh,earlyRefresh,synchronized-expiry,1786711436.721000,43.999594,l2_hits,all,351
2026-08-14_12-43-12-721406_earlyRefresh,earlyRefresh,synchronized-expiry,1786711437.721000,44.999594,l2_hits,all,358
2026-08-14_12-43-12-721406_earlyRefresh,earlyRefresh,synchronized-expiry,1786711438.721000,45.999594,l2_hits,all,368
2026-08-14_12-43-12-721406_earlyRefresh,earlyRefresh,synchronized-expiry,1786711439.721000,46.999594,l2_hits,all,375
2026-08-14_12-43-12-721406_earlyRefresh,earlyRefresh,synchronized-expiry,1786711440.721000,47.999594,l2_hits,all,383
2026-08-14_12-43-12-721406_earlyRefresh,earlyRefresh,synchronized-expiry,1786711441.721000,48.999594,l2_hits,all,392
2026-08-14_12-43-12-721406_earlyRefresh,earlyRefresh,synchronized-expiry,1786711442.721000,49.999594,l2_hits,all,401
2026-08-14_12-43-12-721406_earlyRefresh,earlyRefresh,synchronized-expiry,1786711443.721000,50.999594,l2_hits,all,409
2026-08-14_12-43-12-721406_earlyRefresh,earlyRefresh,synchronized-expiry,1786711444.721000,51.999594,l2_hits,all,418
2026-08-14_12-43-12-721406_earlyRefresh,earlyRefresh,synchronized-expiry,1786711445.721000,52.999594,l2_hits,all,427
2026-08-14_12-43-12-721406_earlyRefresh,earlyRefresh,synchronized-expiry,1786711446.721000,53.999594,l2_hits,all,435
2026-08-14_12-43-12-721406_earlyRefresh,earlyRefresh,synchronized-expiry,1786711447.721000,54.999594,l2_hits,all,444
2026-08-14_12-43-12-721406_earlyRefresh,earlyRefresh,synchronized-expiry,1786711448.721000,55.999594,l2_hits,all,453
2026-08-14_12-43-12-721406_earlyRefresh,earlyRefresh,synchronized-expiry,1786711449.721000,56.999594,l2_hits,all,460
2026-08-14_12-43-12-721406_earlyRefresh,earlyRefresh,synchronized-expiry,1786711450.721000,57.999594,l2_hits,all,469
2026-08-14_12-43-12-721406_earlyRefresh,earlyRefresh,synchronized-expiry,1786711451.721000,58.999594,l2_hits,all,478
2026-08-14_12-43-12-721406_earlyRefresh,earlyRefresh,synchronized-expiry,1786711452.721000,59.999594,l2_hits,all,486
2026-08-14_12-43-12-721406_earlyRefresh,earlyRefresh,synchronized-expiry,1786711392.721000,-0.000406,backend_calls,all,0
2026-08-14_12-43-12-721406_earlyRefresh,earlyRefresh,synchronized-expiry,1786711393.721000,0.999594,backend_calls,all,5
2026-08-14_12-43-12-721406_earlyRefresh,earlyRefresh,synchronized-expiry,1786711394.721000,1.999594,backend_calls,all,5
2026-08-14_12-43-12-721406_earlyRefresh,earlyRefresh,synchronized-expiry,1786711395.721000,2.999594,backend_calls,all,5
2026-08-14_12-43-12-721406_earlyRefresh,earlyRefresh,synchronized-expiry,1786711396.721000,3.999594,backend_calls,all,5
2026-08-14_12-43-12-721406_earlyRefresh,earlyRefresh,synchronized-expiry,1786711397.721000,4.999594,backend_calls,all,5
2026-08-14_12-43-12-721406_earlyRefresh,earlyRefresh,synchronized-expiry,1786711398.721000,5.999594,backend_calls,all,5
2026-08-14_12-43-12-721406_earlyRefresh,earlyRefresh,synchronized-expiry,1786711399.721000,6.999594,backend_calls,all,5
2026-08-14_12-43-12-721406_earlyRefresh,earlyRefresh,synchronized-expiry,1786711400.721000,7.999594,backend_calls,all,5
2026-08-14_12-43-12-721406_earlyRefresh,earlyRefresh,synchronized-expiry,1786711401.721000,8.999594,backend_calls,all,5
2026-08-14_12-43-12-721406_earlyRefresh,earlyRefresh,synchronized-expiry,1786711402.721000,9.999594,backend_calls,all,5
2026-08-14_12-43-12-721406_earlyRefresh,earlyRefresh,synchronized-expiry,1786711403.721000,10.999594,backend_calls,all,14
2026-08-14_12-43-12-721406_earlyRefresh,earlyRefresh,synchronized-expiry,1786711404.721000,11.999594,backend_calls,all,34
2026-08-14_12-43-12-721406_earlyRefresh,earlyRefresh,synchronized-expiry,1786711405.721000,12.999594,backend_calls,all,34
2026-08-14_12-43-12-721406_earlyRefresh,earlyRefresh,synchronized-expiry,1786711406.721000,13.999594,backend_calls,all,34
2026-08-14_12-43-12-721406_earlyRefresh,earlyRefresh,synchronized-expiry,1786711407.721000,14.999594,backend_calls,all,34
2026-08-14_12-43-12-721406_earlyRefresh,earlyRefresh,synchronized-expiry,1786711408.721000,15.999594,backend_calls,all,34
2026-08-14_12-43-12-721406_earlyRefresh,earlyRefresh,synchronized-expiry,1786711409.721000,16.999594,backend_calls,all,34
2026-08-14_12-43-12-721406_earlyRefresh,earlyRefresh,synchronized-expiry,1786711410.721000,17.999594,backend_calls,all,34
2026-08-14_12-43-12-721406_earlyRefresh,earlyRefresh,synchronized-expiry,1786711411.721000,18.999594,backend_calls,all,34
2026-08-14_12-43-12-721406_earlyRefresh,earlyRefresh,synchronized-expiry,1786711412.721000,19.999594,backend_calls,all,34
2026-08-14_12-43-12-721406_earlyRefresh,earlyRefresh,synchronized-expiry,1786711413.721000,20.999594,backend_calls,all,35
2026-08-14_12-43-12-721406_earlyRefresh,earlyRefresh,synchronized-expiry,1786711414.721000,21.999594,backend_calls,all,40
2026-08-14_12-43-12-721406_earlyRefresh,earlyRefresh,synchronized-expiry,1786711415.721000,22.999594,backend_calls,all,42
2026-08-14_12-43-12-721406_earlyRefresh,earlyRefresh,synchronized-expiry,1786711416.721000,23.999594,backend_calls,all,42
2026-08-14_12-43-12-721406_earlyRefresh,earlyRefresh,synchronized-expiry,1786711417.721000,24.999594,backend_calls,all,42
2026-08-14_12-43-12-721406_earlyRefresh,earlyRefresh,synchronized-expiry,1786711418.721000,25.999594,backend_calls,all,42
2026-08-14_12-43-12-721406_earlyRefresh,earlyRefresh,synchronized-expiry,1786711419.721000,26.999594,backend_calls,all,42
2026-08-14_12-43-12-721406_earlyRefresh,earlyRefresh,synchronized-expiry,1786711420.721000,27.999594,backend_calls,all,42
2026-08-14_12-43-12-721406_earlyRefresh,earlyRefresh,synchronized-expiry,1786711421.721000,28.999594,backend_calls,all,42
2026-08-14_12-43-12-721406_earlyRefresh,earlyRefresh,synchronized-expiry,1786711422.721000,29.999594,backend_calls,all,42
2026-08-14_12-43-12-721406_earlyRefresh,earlyRefresh,synchronized-expiry,1786711423.721000,30.999594,backend_calls,all,42
2026-08-14_12-43-12-721406_earlyRefresh,earlyRefresh,synchronized-expiry,1786711424.721000,31.999594,backend_calls,all,46
2026-08-14_12-43-12-721406_earlyRefresh,earlyRefresh,synchronized-expiry,1786711425.721000,32.999594,backend_calls,all,65
2026-08-14_12-43-12-721406_earlyRefresh,earlyRefresh,synchronized-expiry,1786711426.721000,33.999594,backend_calls,all,65
2026-08-14_12-43-12-721406_earlyRefresh,earlyRefresh,synchronized-expiry,1786711427.721000,34.999594,backend_calls,all,65
2026-08-14_12-43-12-721406_earlyRefresh,earlyRefresh,synchronized-expiry,1786711428.721000,35.999594,backend_calls,all,65
2026-08-14_12-43-12-721406_earlyRefresh,earlyRefresh,synchronized-expiry,1786711429.721000,36.999594,backend_calls,all,65
2026-08-14_12-43-12-721406_earlyRefresh,earlyRefresh,synchronized-expiry,1786711430.721000,37.999594,backend_calls,all,65
2026-08-14_12-43-12-721406_earlyRefresh,earlyRefresh,synchronized-expiry,1786711431.721000,38.999594,backend_calls,all,65
2026-08-14_12-43-12-721406_earlyRefresh,earlyRefresh,synchronized-expiry,1786711432.721000,39.999594,backend_calls,all,65
2026-08-14_12-43-12-721406_earlyRefresh,earlyRefresh,synchronized-expiry,1786711433.721000,40.999594,backend_calls,all,65
2026-08-14_12-43-12-721406_earlyRefresh,earlyRefresh,synchronized-expiry,1786711434.721000,41.999594,backend_calls,all,67
2026-08-14_12-43-12-721406_earlyRefresh,earlyRefresh,synchronized-expiry,1786711435.721000,42.999594,backend_calls,all,72
2026-08-14_12-43-12-721406_earlyRefresh,earlyRefresh,synchronized-expiry,1786711436.721000,43.999594,backend_calls,all,77
2026-08-14_12-43-12-721406_earlyRefresh,earlyRefresh,synchronized-expiry,1786711437.721000,44.999594,backend_calls,all,77
2026-08-14_12-43-12-721406_earlyRefresh,earlyRefresh,synchronized-expiry,1786711438.721000,45.999594,backend_calls,all,77
2026-08-14_12-43-12-721406_earlyRefresh,earlyRefresh,synchronized-expiry,1786711439.721000,46.999594,backend_calls,all,77
2026-08-14_12-43-12-721406_earlyRefresh,earlyRefresh,synchronized-expiry,1786711440.721000,47.999594,backend_calls,all,77
2026-08-14_12-43-12-721406_earlyRefresh,earlyRefresh,synchronized-expiry,1786711441.721000,48.999594,backend_calls,all,77
2026-08-14_12-43-12-721406_earlyRefresh,earlyRefresh,synchronized-expiry,1786711442.721000,49.999594,backend_calls,all,77
2026-08-14_12-43-12-721406_earlyRefresh,earlyRefresh,synchronized-expiry,1786711443.721000,50.999594,backend_calls,all,77
2026-08-14_12-43-12-721406_earlyRefresh,earlyRefresh,synchronized-expiry,1786711444.721000,51.999594,backend_calls,all,77
2026-08-14_12-43-12-721406_earlyRefresh,earlyRefresh,synchronized-expiry,1786711445.721000,52.999594,backend_calls,all,84
2026-08-14_12-43-12-721406_earlyRefresh,earlyRefresh,synchronized-expiry,1786711446.721000,53.999594,backend_calls,all,94
2026-08-14_12-43-12-721406_earlyRefresh,earlyRefresh,synchronized-expiry,1786711447.721000,54.999594,backend_calls,all,94
2026-08-14_12-43-12-721406_earlyRefresh,earlyRefresh,synchronized-expiry,1786711448.721000,55.999594,backend_calls,all,94
2026-08-14_12-43-12-721406_earlyRefresh,earlyRefresh,synchronized-expiry,1786711449.721000,56.999594,backend_calls,all,94
2026-08-14_12-43-12-721406_earlyRefresh,earlyRefresh,synchronized-expiry,1786711450.721000,57.999594,backend_calls,all,94
2026-08-14_12-43-12-721406_earlyRefresh,earlyRefresh,synchronized-expiry,1786711451.721000,58.999594,backend_calls,all,94
2026-08-14_12-43-12-721406_earlyRefresh,earlyRefresh,synchronized-expiry,1786711452.721000,59.999594,backend_calls,all,94
2026-08-14_12-43-12-721406_earlyRefresh,earlyRefresh,synchronized-expiry,1786711392.721000,-0.000406,cache_misses,all,0
2026-08-14_12-43-12-721406_earlyRefresh,earlyRefresh,synchronized-expiry,1786711393.721000,0.999594,cache_misses,all,3
2026-08-14_12-43-12-721406_earlyRefresh,earlyRefresh,synchronized-expiry,1786711394.721000,1.999594,cache_misses,all,5
2026-08-14_12-43-12-721406_earlyRefresh,earlyRefresh,synchronized-expiry,1786711395.721000,2.999594,cache_misses,all,5
2026-08-14_12-43-12-721406_earlyRefresh,earlyRefresh,synchronized-expiry,1786711396.721000,3.999594,cache_misses,all,5
2026-08-14_12-43-12-721406_earlyRefresh,earlyRefresh,synchronized-expiry,1786711397.721000,4.999594,cache_misses,all,5
2026-08-14_12-43-12-721406_earlyRefresh,earlyRefresh,synchronized-expiry,1786711398.721000,5.999594,cache_misses,all,5
2026-08-14_12-43-12-721406_earlyRefresh,earlyRefresh,synchronized-expiry,1786711399.721000,6.999594,cache_misses,all,5
2026-08-14_12-43-12-721406_earlyRefresh,earlyRefresh,synchronized-expiry,1786711400.721000,7.999594,cache_misses,all,5
2026-08-14_12-43-12-721406_earlyRefresh,earlyRefresh,synchronized-expiry,1786711401.721000,8.999594,cache_misses,all,5
2026-08-14_12-43-12-721406_earlyRefresh,earlyRefresh,synchronized-expiry,1786711402.721000,9.999594,cache_misses,all,5
2026-08-14_12-43-12-721406_earlyRefresh,earlyRefresh,synchronized-expiry,1786711403.721000,10.999594,cache_misses,all,5
2026-08-14_12-43-12-721406_earlyRefresh,earlyRefresh,synchronized-expiry,1786711404.721000,11.999594,cache_misses,all,30
2026-08-14_12-43-12-721406_earlyRefresh,earlyRefresh,synchronized-expiry,1786711405.721000,12.999594,cache_misses,all,34
2026-08-14_12-43-12-721406_earlyRefresh,earlyRefresh,synchronized-expiry,1786711406.721000,13.999594,cache_misses,all,34
2026-08-14_12-43-12-721406_earlyRefresh,earlyRefresh,synchronized-expiry,1786711407.721000,14.999594,cache_misses,all,34
2026-08-14_12-43-12-721406_earlyRefresh,earlyRefresh,synchronized-expiry,1786711408.721000,15.999594,cache_misses,all,34
2026-08-14_12-43-12-721406_earlyRefresh,earlyRefresh,synchronized-expiry,1786711409.721000,16.999594,cache_misses,all,34
2026-08-14_12-43-12-721406_earlyRefresh,earlyRefresh,synchronized-expiry,1786711410.721000,17.999594,cache_misses,all,34
2026-08-14_12-43-12-721406_earlyRefresh,earlyRefresh,synchronized-expiry,1786711411.721000,18.999594,cache_misses,all,34
2026-08-14_12-43-12-721406_earlyRefresh,earlyRefresh,synchronized-expiry,1786711412.721000,19.999594,cache_misses,all,34
2026-08-14_12-43-12-721406_earlyRefresh,earlyRefresh,synchronized-expiry,1786711413.721000,20.999594,cache_misses,all,34
2026-08-14_12-43-12-721406_earlyRefresh,earlyRefresh,synchronized-expiry,1786711414.721000,21.999594,cache_misses,all,34
2026-08-14_12-43-12-721406_earlyRefresh,earlyRefresh,synchronized-expiry,1786711415.721000,22.999594,cache_misses,all,37
2026-08-14_12-43-12-721406_earlyRefresh,earlyRefresh,synchronized-expiry,1786711416.721000,23.999594,cache_misses,all,37
2026-08-14_12-43-12-721406_earlyRefresh,earlyRefresh,synchronized-expiry,1786711417.721000,24.999594,cache_misses,all,37
2026-08-14_12-43-12-721406_earlyRefresh,earlyRefresh,synchronized-expiry,1786711418.721000,25.999594,cache_misses,all,37
2026-08-14_12-43-12-721406_earlyRefresh,earlyRefresh,synchronized-expiry,1786711419.721000,26.999594,cache_misses,all,37
2026-08-14_12-43-12-721406_earlyRefresh,earlyRefresh,synchronized-expiry,1786711420.721000,27.999594,cache_misses,all,37
2026-08-14_12-43-12-721406_earlyRefresh,earlyRefresh,synchronized-expiry,1786711421.721000,28.999594,cache_misses,all,37
2026-08-14_12-43-12-721406_earlyRefresh,earlyRefresh,synchronized-expiry,1786711422.721000,29.999594,cache_misses,all,37
2026-08-14_12-43-12-721406_earlyRefresh,earlyRefresh,synchronized-expiry,1786711423.721000,30.999594,cache_misses,all,37
2026-08-14_12-43-12-721406_earlyRefresh,earlyRefresh,synchronized-expiry,1786711424.721000,31.999594,cache_misses,all,37
2026-08-14_12-43-12-721406_earlyRefresh,earlyRefresh,synchronized-expiry,1786711425.721000,32.999594,cache_misses,all,57
2026-08-14_12-43-12-721406_earlyRefresh,earlyRefresh,synchronized-expiry,1786711426.721000,33.999594,cache_misses,all,59
2026-08-14_12-43-12-721406_earlyRefresh,earlyRefresh,synchronized-expiry,1786711427.721000,34.999594,cache_misses,all,59
2026-08-14_12-43-12-721406_earlyRefresh,earlyRefresh,synchronized-expiry,1786711428.721000,35.999594,cache_misses,all,59
2026-08-14_12-43-12-721406_earlyRefresh,earlyRefresh,synchronized-expiry,1786711429.721000,36.999594,cache_misses,all,59
2026-08-14_12-43-12-721406_earlyRefresh,earlyRefresh,synchronized-expiry,1786711430.721000,37.999594,cache_misses,all,59
2026-08-14_12-43-12-721406_earlyRefresh,earlyRefresh,synchronized-expiry,1786711431.721000,38.999594,cache_misses,all,59
2026-08-14_12-43-12-721406_earlyRefresh,earlyRefresh,synchronized-expiry,1786711432.721000,39.999594,cache_misses,all,59
2026-08-14_12-43-12-721406_earlyRefresh,earlyRefresh,synchronized-expiry,1786711433.721000,40.999594,cache_misses,all,59
2026-08-14_12-43-12-721406_earlyRefresh,earlyRefresh,synchronized-expiry,1786711434.721000,41.999594,cache_misses,all,59
2026-08-14_12-43-12-721406_earlyRefresh,earlyRefresh,synchronized-expiry,1786711435.721000,42.999594,cache_misses,all,61
2026-08-14_12-43-12-721406_earlyRefresh,earlyRefresh,synchronized-expiry,1786711436.721000,43.999594,cache_misses,all,67
2026-08-14_12-43-12-721406_earlyRefresh,earlyRefresh,synchronized-expiry,1786711437.721000,44.999594,cache_misses,all,67
2026-08-14_12-43-12-721406_earlyRefresh,earlyRefresh,synchronized-expiry,1786711438.721000,45.999594,cache_misses,all,67
2026-08-14_12-43-12-721406_earlyRefresh,earlyRefresh,synchronized-expiry,1786711439.721000,46.999594,cache_misses,all,67
2026-08-14_12-43-12-721406_earlyRefresh,earlyRefresh,synchronized-expiry,1786711440.721000,47.999594,cache_misses,all,67
2026-08-14_12-43-12-721406_earlyRefresh,earlyRefresh,synchronized-expiry,1786711441.721000,48.999594,cache_misses,all,67
2026-08-14_12-43-12-721406_earlyRefresh,earlyRefresh,synchronized-expiry,1786711442.721000,49.999594,cache_misses,all,67
2026-08-14_12-43-12-721406_earlyRefresh,earlyRefresh,synchronized-expiry,1786711443.721000,50.999594,cache_misses,all,67
2026-08-14_12-43-12-721406_earlyRefresh,earlyRefresh,synchronized-expiry,1786711444.721000,51.999594,cache_misses,all,67
2026-08-14_12-43-12-721406_earlyRefresh,earlyRefresh,synchronized-expiry,1786711445.721000,52.999594,cache_misses,all,69
2026-08-14_12-43-12-721406_earlyRefresh,earlyRefresh,synchronized-expiry,1786711446.721000,53.999594,cache_misses,all,76
2026-08-14_12-43-12-721406_earlyRefresh,earlyRefresh,synchronized-expiry,1786711447.721000,54.999594,cache_misses,all,77
2026-08-14_12-43-12-721406_earlyRefresh,earlyRefresh,synchronized-expiry,1786711448.721000,55.999594,cache_misses,all,77
2026-08-14_12-43-12-721406_earlyRefresh,earlyRefresh,synchronized-expiry,1786711449.721000,56.999594,cache_misses,all,77
2026-08-14_12-43-12-721406_earlyRefresh,earlyRefresh,synchronized-expiry,1786711450.721000,57.999594,cache_misses,all,77
2026-08-14_12-43-12-721406_earlyRefresh,earlyRefresh,synchronized-expiry,1786711451.721000,58.999594,cache_misses,all,77
2026-08-14_12-43-12-721406_earlyRefresh,earlyRefresh,synchronized-expiry,1786711452.721000,59.999594,cache_misses,all,77
2026-08-14_12-43-12-721406_earlyRefresh,earlyRefresh,synchronized-expiry,1786711392.721000,-0.000406,backend_throughput,all,0
2026-08-14_12-43-12-721406_earlyRefresh,earlyRefresh,synchronized-expiry,1786711393.721000,0.999594,backend_throughput,all,0.5175575063895989
2026-08-14_12-43-12-721406_earlyRefresh,earlyRefresh,synchronized-expiry,1786711394.721000,1.999594,backend_throughput,all,0.5175555555555555
2026-08-14_12-43-12-721406_earlyRefresh,earlyRefresh,synchronized-expiry,1786711395.721000,2.999594,backend_throughput,all,0.5176130681186799
2026-08-14_12-43-12-721406_earlyRefresh,earlyRefresh,synchronized-expiry,1786711396.721000,3.999594,backend_throughput,all,0.5175555555555555
2026-08-14_12-43-12-721406_earlyRefresh,earlyRefresh,synchronized-expiry,1786711397.721000,4.999594,backend_throughput,all,0.5175555555555555
2026-08-14_12-43-12-721406_earlyRefresh,earlyRefresh,synchronized-expiry,1786711398.721000,5.999594,backend_throughput,all,0.5175555555555555
2026-08-14_12-43-12-721406_earlyRefresh,earlyRefresh,synchronized-expiry,1786711399.721000,6.999594,backend_throughput,all,0.5175555555555555
2026-08-14_12-43-12-721406_earlyRefresh,earlyRefresh,synchronized-expiry,1786711400.721000,7.999594,backend_throughput,all,0.5175555555555555
2026-08-14_12-43-12-721406_earlyRefresh,earlyRefresh,synchronized-expiry,1786711401.721000,8.999594,backend_throughput,all,0.5175536051549828
2026-08-14_12-43-12-721406_earlyRefresh,earlyRefresh,synchronized-expiry,1786711402.721000,9.999594,backend_throughput,all,0
2026-08-14_12-43-12-721406_earlyRefresh,earlyRefresh,synchronized-expiry,1786711403.721000,10.999594,backend_throughput,all,1
2026-08-14_12-43-12-721406_earlyRefresh,earlyRefresh,synchronized-expiry,1786711404.721000,11.999594,backend_throughput,all,3.221864237306966
2026-08-14_12-43-12-721406_earlyRefresh,earlyRefresh,synchronized-expiry,1786711405.721000,12.999594,backend_throughput,all,3.2222222222222223
2026-08-14_12-43-12-721406_earlyRefresh,earlyRefresh,synchronized-expiry,1786711406.721000,13.999594,backend_throughput,all,3.2222222222222223
2026-08-14_12-43-12-721406_earlyRefresh,earlyRefresh,synchronized-expiry,1786711407.721000,14.999594,backend_throughput,all,3.2222222222222223
2026-08-14_12-43-12-721406_earlyRefresh,earlyRefresh,synchronized-expiry,1786711408.721000,15.999594,backend_throughput,all,3.2225802866985216
2026-08-14_12-43-12-721406_earlyRefresh,earlyRefresh,synchronized-expiry,1786711409.721000,16.999594,backend_throughput,all,3.2222222222222223
2026-08-14_12-43-12-721406_earlyRefresh,earlyRefresh,synchronized-expiry,1786711410.721000,17.999594,backend_throughput,all,3.2222222222222223
2026-08-14_12-43-12-721406_earlyRefresh,earlyRefresh,synchronized-expiry,1786711411.721000,18.999594,backend_throughput,all,3.221864237306966
2026-08-14_12-43-12-721406_earlyRefresh,earlyRefresh,synchronized-expiry,1786711412.721000,19.999594,backend_throughput,all,2.2222222222222223
2026-08-14_12-43-12-721406_earlyRefresh,earlyRefresh,synchronized-expiry,1786711413.721000,20.999594,backend_throughput,all,0.11112345816201799
2026-08-14_12-43-12-721406_earlyRefresh,earlyRefresh,synchronized-expiry,1786711414.721000,21.999594,backend_throughput,all,0.6666666666666667
2026-08-14_12-43-12-721406_earlyRefresh,earlyRefresh,synchronized-expiry,1786711415.721000,22.999594,backend_throughput,all,0.8889876652961439
2026-08-14_12-43-12-721406_earlyRefresh,earlyRefresh,synchronized-expiry,1786711416.721000,23.999594,backend_throughput,all,0.8890864636585907
2026-08-14_12-43-12-721406_earlyRefresh,earlyRefresh,synchronized-expiry,1786711417.721000,24.999594,backend_throughput,all,0.8889876652961439
2026-08-14_12-43-12-721406_earlyRefresh,earlyRefresh,synchronized-expiry,1786711418.721000,25.999594,backend_throughput,all,0.8889876652961439
2026-08-14_12-43-12-721406_earlyRefresh,earlyRefresh,synchronized-expiry,1786711419.721000,26.999594,backend_throughput,all,0.8890864636585907
2026-08-14_12-43-12-721406_earlyRefresh,earlyRefresh,synchronized-expiry,1786711420.721000,27.999594,backend_throughput,all,0.8890864636585907
2026-08-14_12-43-12-721406_earlyRefresh,earlyRefresh,synchronized-expiry,1786711421.721000,28.999594,backend_throughput,all,0.8889876652961439
2026-08-14_12-43-12-721406_earlyRefresh,earlyRefresh,synchronized-expiry,1786711422.721000,29.999594,backend_throughput,all,0.7777777777777778
2026-08-14_12-43-12-721406_earlyRefresh,earlyRefresh,synchronized-expiry,1786711423.721000,30.999594,backend_throughput,all,0.22227161591464767
2026-08-14_12-43-12-721406_earlyRefresh,earlyRefresh,synchronized-expiry,1786711424.721000,31.999594,backend_throughput,all,0.44449383264807196
2026-08-14_12-43-12-721406_earlyRefresh,earlyRefresh,synchronized-expiry,1786711425.721000,32.999594,backend_throughput,all,2.555555555555556
2026-08-14_12-43-12-721406_earlyRefresh,earlyRefresh,synchronized-expiry,1786711426.721000,33.999594,backend_throughput,all,2.555555555555556
2026-08-14_12-43-12-721406_earlyRefresh,earlyRefresh,synchronized-expiry,1786711427.721000,34.999594,backend_throughput,all,2.555555555555556
2026-08-14_12-43-12-721406_earlyRefresh,earlyRefresh,synchronized-expiry,1786711428.721000,35.999594,backend_throughput,all,2.5552716364848354
2026-08-14_12-43-12-721406_earlyRefresh,earlyRefresh,synchronized-expiry,1786711429.721000,36.999594,backend_throughput,all,2.555555555555556
2026-08-14_12-43-12-721406_earlyRefresh,earlyRefresh,synchronized-expiry,1786711430.721000,37.999594,backend_throughput,all,2.555839537726414
2026-08-14_12-43-12-721406_earlyRefresh,earlyRefresh,synchronized-expiry,1786711431.721000,38.999594,backend_throughput,all,2.555555555555556
2026-08-14_12-43-12-721406_earlyRefresh,earlyRefresh,synchronized-expiry,1786711432.721000,39.999594,backend_throughput,all,2.555555555555556
2026-08-14_12-43-12-721406_earlyRefresh,earlyRefresh,synchronized-expiry,1786711433.721000,40.999594,backend_throughput,all,2.111111111111111
2026-08-14_12-43-12-721406_earlyRefresh,earlyRefresh,synchronized-expiry,1786711434.721000,41.999594,backend_throughput,all,0.22222222222222224
2026-08-14_12-43-12-721406_earlyRefresh,earlyRefresh,synchronized-expiry,1786711435.721000,42.999594,backend_throughput,all,0.7777777777777778
2026-08-14_12-43-12-721406_earlyRefresh,earlyRefresh,synchronized-expiry,1786711436.721000,43.999594,backend_throughput,all,1.333481497944216
2026-08-14_12-43-12-721406_earlyRefresh,earlyRefresh,synchronized-expiry,1786711437.721000,44.999594,backend_throughput,all,1.333481497944216
2026-08-14_12-43-12-721406_earlyRefresh,earlyRefresh,synchronized-expiry,1786711438.721000,45.999594,backend_throughput,all,1.3333333333333335
2026-08-14_12-43-12-721406_earlyRefresh,earlyRefresh,synchronized-expiry,1786711439.721000,46.999594,backend_throughput,all,1.3333333333333335
2026-08-14_12-43-12-721406_earlyRefresh,earlyRefresh,synchronized-expiry,1786711440.721000,47.999594,backend_throughput,all,1.333481497944216
2026-08-14_12-43-12-721406_earlyRefresh,earlyRefresh,synchronized-expiry,1786711441.721000,48.999594,backend_throughput,all,1.3333333333333335
2026-08-14_12-43-12-721406_earlyRefresh,earlyRefresh,synchronized-expiry,1786711442.721000,49.999594,backend_throughput,all,1.3333333333333335
2026-08-14_12-43-12-721406_earlyRefresh,earlyRefresh,synchronized-expiry,1786711443.721000,50.999594,backend_throughput,all,1.1111111111111112
2026-08-14_12-43-12-721406_earlyRefresh,earlyRefresh,synchronized-expiry,1786711444.721000,51.999594,backend_throughput,all,0.5555555555555556
2026-08-14_12-43-12-721406_earlyRefresh,earlyRefresh,synchronized-expiry,1786711445.721000,52.999594,backend_throughput,all,0.7778642071341261
2026-08-14_12-43-12-721406_earlyRefresh,earlyRefresh,synchronized-expiry,1786711446.721000,53.999594,backend_throughput,all,1.889098788754306
2026-08-14_12-43-12-721406_earlyRefresh,earlyRefresh,synchronized-expiry,1786711447.721000,54.999594,backend_throughput,all,1.8893087352745055
2026-08-14_12-43-12-721406_earlyRefresh,earlyRefresh,synchronized-expiry,1786711448.721000,55.999594,backend_throughput,all,1.889098788754306
2026-08-14_12-43-12-721406_earlyRefresh,earlyRefresh,synchronized-expiry,1786711449.721000,56.999594,backend_throughput,all,1.8893087352745055
2026-08-14_12-43-12-721406_earlyRefresh,earlyRefresh,synchronized-expiry,1786711450.721000,57.999594,backend_throughput,all,1.8893087352745055
2026-08-14_12-43-12-721406_earlyRefresh,earlyRefresh,synchronized-expiry,1786711451.721000,58.999594,backend_throughput,all,1.8893087352745055
2026-08-14_12-43-12-721406_earlyRefresh,earlyRefresh,synchronized-expiry,1786711452.721000,59.999594,backend_throughput,all,1.889098788754306
2026-08-14_12-43-12-721406_earlyRefresh,earlyRefresh,synchronized-expiry,1786711392.721000,-0.000406,active_backend_requests,all,0
2026-08-14_12-43-12-721406_earlyRefresh,earlyRefresh,synchronized-expiry,1786711393.721000,0.999594,active_backend_requests,all,0
2026-08-14_12-43-12-721406_earlyRefresh,earlyRefresh,synchronized-expiry,1786711394.721000,1.999594,active_backend_requests,all,0
2026-08-14_12-43-12-721406_earlyRefresh,earlyRefresh,synchronized-expiry,1786711395.721000,2.999594,active_backend_requests,all,0
2026-08-14_12-43-12-721406_earlyRefresh,earlyRefresh,synchronized-expiry,1786711396.721000,3.999594,active_backend_requests,all,0
2026-08-14_12-43-12-721406_earlyRefresh,earlyRefresh,synchronized-expiry,1786711397.721000,4.999594,active_backend_requests,all,0
2026-08-14_12-43-12-721406_earlyRefresh,earlyRefresh,synchronized-expiry,1786711398.721000,5.999594,active_backend_requests,all,0
2026-08-14_12-43-12-721406_earlyRefresh,earlyRefresh,synchronized-expiry,1786711399.721000,6.999594,active_backend_requests,all,0
2026-08-14_12-43-12-721406_earlyRefresh,earlyRefresh,synchronized-expiry,1786711400.721000,7.999594,active_backend_requests,all,0
2026-08-14_12-43-12-721406_earlyRefresh,earlyRefresh,synchronized-expiry,1786711401.721000,8.999594,active_backend_requests,all,0
2026-08-14_12-43-12-721406_earlyRefresh,earlyRefresh,synchronized-expiry,1786711402.721000,9.999594,active_backend_requests,all,0
2026-08-14_12-43-12-721406_earlyRefresh,earlyRefresh,synchronized-expiry,1786711403.721000,10.999594,active_backend_requests,all,9
2026-08-14_12-43-12-721406_earlyRefresh,earlyRefresh,synchronized-expiry,1786711404.721000,11.999594,active_backend_requests,all,9
2026-08-14_12-43-12-721406_earlyRefresh,earlyRefresh,synchronized-expiry,1786711405.721000,12.999594,active_backend_requests,all,0
2026-08-14_12-43-12-721406_earlyRefresh,earlyRefresh,synchronized-expiry,1786711406.721000,13.999594,active_backend_requests,all,0
2026-08-14_12-43-12-721406_earlyRefresh,earlyRefresh,synchronized-expiry,1786711407.721000,14.999594,active_backend_requests,all,0
2026-08-14_12-43-12-721406_earlyRefresh,earlyRefresh,synchronized-expiry,1786711408.721000,15.999594,active_backend_requests,all,0
2026-08-14_12-43-12-721406_earlyRefresh,earlyRefresh,synchronized-expiry,1786711409.721000,16.999594,active_backend_requests,all,0
2026-08-14_12-43-12-721406_earlyRefresh,earlyRefresh,synchronized-expiry,1786711410.721000,17.999594,active_backend_requests,all,0
2026-08-14_12-43-12-721406_earlyRefresh,earlyRefresh,synchronized-expiry,1786711411.721000,18.999594,active_backend_requests,all,0
2026-08-14_12-43-12-721406_earlyRefresh,earlyRefresh,synchronized-expiry,1786711412.721000,19.999594,active_backend_requests,all,0
2026-08-14_12-43-12-721406_earlyRefresh,earlyRefresh,synchronized-expiry,1786711413.721000,20.999594,active_backend_requests,all,1
2026-08-14_12-43-12-721406_earlyRefresh,earlyRefresh,synchronized-expiry,1786711414.721000,21.999594,active_backend_requests,all,3
2026-08-14_12-43-12-721406_earlyRefresh,earlyRefresh,synchronized-expiry,1786711415.721000,22.999594,active_backend_requests,all,0
2026-08-14_12-43-12-721406_earlyRefresh,earlyRefresh,synchronized-expiry,1786711416.721000,23.999594,active_backend_requests,all,0
2026-08-14_12-43-12-721406_earlyRefresh,earlyRefresh,synchronized-expiry,1786711417.721000,24.999594,active_backend_requests,all,0
2026-08-14_12-43-12-721406_earlyRefresh,earlyRefresh,synchronized-expiry,1786711418.721000,25.999594,active_backend_requests,all,0
2026-08-14_12-43-12-721406_earlyRefresh,earlyRefresh,synchronized-expiry,1786711419.721000,26.999594,active_backend_requests,all,0
2026-08-14_12-43-12-721406_earlyRefresh,earlyRefresh,synchronized-expiry,1786711420.721000,27.999594,active_backend_requests,all,0
2026-08-14_12-43-12-721406_earlyRefresh,earlyRefresh,synchronized-expiry,1786711421.721000,28.999594,active_backend_requests,all,0
2026-08-14_12-43-12-721406_earlyRefresh,earlyRefresh,synchronized-expiry,1786711422.721000,29.999594,active_backend_requests,all,0
2026-08-14_12-43-12-721406_earlyRefresh,earlyRefresh,synchronized-expiry,1786711423.721000,30.999594,active_backend_requests,all,0
2026-08-14_12-43-12-721406_earlyRefresh,earlyRefresh,synchronized-expiry,1786711424.721000,31.999594,active_backend_requests,all,4
2026-08-14_12-43-12-721406_earlyRefresh,earlyRefresh,synchronized-expiry,1786711425.721000,32.999594,active_backend_requests,all,4
2026-08-14_12-43-12-721406_earlyRefresh,earlyRefresh,synchronized-expiry,1786711426.721000,33.999594,active_backend_requests,all,0
2026-08-14_12-43-12-721406_earlyRefresh,earlyRefresh,synchronized-expiry,1786711427.721000,34.999594,active_backend_requests,all,0
2026-08-14_12-43-12-721406_earlyRefresh,earlyRefresh,synchronized-expiry,1786711428.721000,35.999594,active_backend_requests,all,0
2026-08-14_12-43-12-721406_earlyRefresh,earlyRefresh,synchronized-expiry,1786711429.721000,36.999594,active_backend_requests,all,0
2026-08-14_12-43-12-721406_earlyRefresh,earlyRefresh,synchronized-expiry,1786711430.721000,37.999594,active_backend_requests,all,0
2026-08-14_12-43-12-721406_earlyRefresh,earlyRefresh,synchronized-expiry,1786711431.721000,38.999594,active_backend_requests,all,0
2026-08-14_12-43-12-721406_earlyRefresh,earlyRefresh,synchronized-expiry,1786711432.721000,39.999594,active_backend_requests,all,0
2026-08-14_12-43-12-721406_earlyRefresh,earlyRefresh,synchronized-expiry,1786711433.721000,40.999594,active_backend_requests,all,0
2026-08-14_12-43-12-721406_earlyRefresh,earlyRefresh,synchronized-expiry,1786711434.721000,41.999594,active_backend_requests,all,2
2026-08-14_12-43-12-721406_earlyRefresh,earlyRefresh,synchronized-expiry,1786711435.721000,42.999594,active_backend_requests,all,0
2026-08-14_12-43-12-721406_earlyRefresh,earlyRefresh,synchronized-expiry,1786711436.721000,43.999594,active_backend_requests,all,0
2026-08-14_12-43-12-721406_earlyRefresh,earlyRefresh,synchronized-expiry,1786711437.721000,44.999594,active_backend_requests,all,0
2026-08-14_12-43-12-721406_earlyRefresh,earlyRefresh,synchronized-expiry,1786711438.721000,45.999594,active_backend_requests,all,0
2026-08-14_12-43-12-721406_earlyRefresh,earlyRefresh,synchronized-expiry,1786711439.721000,46.999594,active_backend_requests,all,0
2026-08-14_12-43-12-721406_earlyRefresh,earlyRefresh,synchronized-expiry,1786711440.721000,47.999594,active_backend_requests,all,0
2026-08-14_12-43-12-721406_earlyRefresh,earlyRefresh,synchronized-expiry,1786711441.721000,48.999594,active_backend_requests,all,0
2026-08-14_12-43-12-721406_earlyRefresh,earlyRefresh,synchronized-expiry,1786711442.721000,49.999594,active_backend_requests,all,0
2026-08-14_12-43-12-721406_earlyRefresh,earlyRefresh,synchronized-expiry,1786711443.721000,50.999594,active_backend_requests,all,0
2026-08-14_12-43-12-721406_earlyRefresh,earlyRefresh,synchronized-expiry,1786711444.721000,51.999594,active_backend_requests,all,0
2026-08-14_12-43-12-721406_earlyRefresh,earlyRefresh,synchronized-expiry,1786711445.721000,52.999594,active_backend_requests,all,0
2026-08-14_12-43-12-721406_earlyRefresh,earlyRefresh,synchronized-expiry,1786711446.721000,53.999594,active_backend_requests,all,0
2026-08-14_12-43-12-721406_earlyRefresh,earlyRefresh,synchronized-expiry,1786711447.721000,54.999594,active_backend_requests,all,0
2026-08-14_12-43-12-721406_earlyRefresh,earlyRefresh,synchronized-expiry,1786711448.721000,55.999594,active_backend_requests,all,0
2026-08-14_12-43-12-721406_earlyRefresh,earlyRefresh,synchronized-expiry,1786711449.721000,56.999594,active_backend_requests,all,0
2026-08-14_12-43-12-721406_earlyRefresh,earlyRefresh,synchronized-expiry,1786711450.721000,57.999594,active_backend_requests,all,0
2026-08-14_12-43-12-721406_earlyRefresh,earlyRefresh,synchronized-expiry,1786711451.721000,58.999594,active_backend_requests,all,0
2026-08-14_12-43-12-721406_earlyRefresh,earlyRefresh,synchronized-expiry,1786711452.721000,59.999594,active_backend_requests,all,0
2026-08-14_12-43-12-721406_earlyRefresh,earlyRefresh,synchronized-expiry,1786711392.721000,-0.000406,failed_request_ratio,all,0
2026-08-14_12-43-12-721406_earlyRefresh,earlyRefresh,synchronized-expiry,1786711393.721000,0.999594,failed_request_ratio,all,0
2026-08-14_12-43-12-721406_earlyRefresh,earlyRefresh,synchronized-expiry,1786711394.721000,1.999594,failed_request_ratio,all,0
2026-08-14_12-43-12-721406_earlyRefresh,earlyRefresh,synchronized-expiry,1786711395.721000,2.999594,failed_request_ratio,all,0
2026-08-14_12-43-12-721406_earlyRefresh,earlyRefresh,synchronized-expiry,1786711396.721000,3.999594,failed_request_ratio,all,0
2026-08-14_12-43-12-721406_earlyRefresh,earlyRefresh,synchronized-expiry,1786711397.721000,4.999594,failed_request_ratio,all,0
2026-08-14_12-43-12-721406_earlyRefresh,earlyRefresh,synchronized-expiry,1786711398.721000,5.999594,failed_request_ratio,all,0
2026-08-14_12-43-12-721406_earlyRefresh,earlyRefresh,synchronized-expiry,1786711399.721000,6.999594,failed_request_ratio,all,0
2026-08-14_12-43-12-721406_earlyRefresh,earlyRefresh,synchronized-expiry,1786711400.721000,7.999594,failed_request_ratio,all,0
2026-08-14_12-43-12-721406_earlyRefresh,earlyRefresh,synchronized-expiry,1786711401.721000,8.999594,failed_request_ratio,all,0
2026-08-14_12-43-12-721406_earlyRefresh,earlyRefresh,synchronized-expiry,1786711402.721000,9.999594,failed_request_ratio,all,0
2026-08-14_12-43-12-721406_earlyRefresh,earlyRefresh,synchronized-expiry,1786711403.721000,10.999594,failed_request_ratio,all,0
2026-08-14_12-43-12-721406_earlyRefresh,earlyRefresh,synchronized-expiry,1786711404.721000,11.999594,failed_request_ratio,all,0
2026-08-14_12-43-12-721406_earlyRefresh,earlyRefresh,synchronized-expiry,1786711405.721000,12.999594,failed_request_ratio,all,0
2026-08-14_12-43-12-721406_earlyRefresh,earlyRefresh,synchronized-expiry,1786711406.721000,13.999594,failed_request_ratio,all,0
2026-08-14_12-43-12-721406_earlyRefresh,earlyRefresh,synchronized-expiry,1786711407.721000,14.999594,failed_request_ratio,all,0
2026-08-14_12-43-12-721406_earlyRefresh,earlyRefresh,synchronized-expiry,1786711408.721000,15.999594,failed_request_ratio,all,0
2026-08-14_12-43-12-721406_earlyRefresh,earlyRefresh,synchronized-expiry,1786711409.721000,16.999594,failed_request_ratio,all,0
2026-08-14_12-43-12-721406_earlyRefresh,earlyRefresh,synchronized-expiry,1786711410.721000,17.999594,failed_request_ratio,all,0
2026-08-14_12-43-12-721406_earlyRefresh,earlyRefresh,synchronized-expiry,1786711411.721000,18.999594,failed_request_ratio,all,0
2026-08-14_12-43-12-721406_earlyRefresh,earlyRefresh,synchronized-expiry,1786711412.721000,19.999594,failed_request_ratio,all,0
2026-08-14_12-43-12-721406_earlyRefresh,earlyRefresh,synchronized-expiry,1786711413.721000,20.999594,failed_request_ratio,all,0
2026-08-14_12-43-12-721406_earlyRefresh,earlyRefresh,synchronized-expiry,1786711414.721000,21.999594,failed_request_ratio,all,0
2026-08-14_12-43-12-721406_earlyRefresh,earlyRefresh,synchronized-expiry,1786711415.721000,22.999594,failed_request_ratio,all,0
2026-08-14_12-43-12-721406_earlyRefresh,earlyRefresh,synchronized-expiry,1786711416.721000,23.999594,failed_request_ratio,all,0
2026-08-14_12-43-12-721406_earlyRefresh,earlyRefresh,synchronized-expiry,1786711417.721000,24.999594,failed_request_ratio,all,0
2026-08-14_12-43-12-721406_earlyRefresh,earlyRefresh,synchronized-expiry,1786711418.721000,25.999594,failed_request_ratio,all,0
2026-08-14_12-43-12-721406_earlyRefresh,earlyRefresh,synchronized-expiry,1786711419.721000,26.999594,failed_request_ratio,all,0
2026-08-14_12-43-12-721406_earlyRefresh,earlyRefresh,synchronized-expiry,1786711420.721000,27.999594,failed_request_ratio,all,0
2026-08-14_12-43-12-721406_earlyRefresh,earlyRefresh,synchronized-expiry,1786711421.721000,28.999594,failed_request_ratio,all,0
2026-08-14_12-43-12-721406_earlyRefresh,earlyRefresh,synchronized-expiry,1786711422.721000,29.999594,failed_request_ratio,all,0
2026-08-14_12-43-12-721406_earlyRefresh,earlyRefresh,synchronized-expiry,1786711423.721000,30.999594,failed_request_ratio,all,0
2026-08-14_12-43-12-721406_earlyRefresh,earlyRefresh,synchronized-expiry,1786711424.721000,31.999594,failed_request_ratio,all,0
2026-08-14_12-43-12-721406_earlyRefresh,earlyRefresh,synchronized-expiry,1786711425.721000,32.999594,failed_request_ratio,all,0
2026-08-14_12-43-12-721406_earlyRefresh,earlyRefresh,synchronized-expiry,1786711426.721000,33.999594,failed_request_ratio,all,0
2026-08-14_12-43-12-721406_earlyRefresh,earlyRefresh,synchronized-expiry,1786711427.721000,34.999594,failed_request_ratio,all,0
2026-08-14_12-43-12-721406_earlyRefresh,earlyRefresh,synchronized-expiry,1786711428.721000,35.999594,failed_request_ratio,all,0
2026-08-14_12-43-12-721406_earlyRefresh,earlyRefresh,synchronized-expiry,1786711429.721000,36.999594,failed_request_ratio,all,0
2026-08-14_12-43-12-721406_earlyRefresh,earlyRefresh,synchronized-expiry,1786711430.721000,37.999594,failed_request_ratio,all,0
2026-08-14_12-43-12-721406_earlyRefresh,earlyRefresh,synchronized-expiry,1786711431.721000,38.999594,failed_request_ratio,all,0
2026-08-14_12-43-12-721406_earlyRefresh,earlyRefresh,synchronized-expiry,1786711432.721000,39.999594,failed_request_ratio,all,0
2026-08-14_12-43-12-721406_earlyRefresh,earlyRefresh,synchronized-expiry,1786711433.721000,40.999594,failed_request_ratio,all,0
2026-08-14_12-43-12-721406_earlyRefresh,earlyRefresh,synchronized-expiry,1786711434.721000,41.999594,failed_request_ratio,all,0
2026-08-14_12-43-12-721406_earlyRefresh,earlyRefresh,synchronized-expiry,1786711435.721000,42.999594,failed_request_ratio,all,0
2026-08-14_12-43-12-721406_earlyRefresh,earlyRefresh,synchronized-expiry,1786711436.721000,43.999594,failed_request_ratio,all,0
2026-08-14_12-43-12-721406_earlyRefresh,earlyRefresh,synchronized-expiry,1786711437.721000,44.999594,failed_request_ratio,all,0
2026-08-14_12-43-12-721406_earlyRefresh,earlyRefresh,synchronized-expiry,1786711438.721000,45.999594,failed_request_ratio,all,0
2026-08-14_12-43-12-721406_earlyRefresh,earlyRefresh,synchronized-expiry,1786711439.721000,46.999594,failed_request_ratio,all,0
2026-08-14_12-43-12-721406_earlyRefresh,earlyRefresh,synchronized-expiry,1786711440.721000,47.999594,failed_request_ratio,all,0
2026-08-14_12-43-12-721406_earlyRefresh,earlyRefresh,synchronized-expiry,1786711441.721000,48.999594,failed_request_ratio,all,0
2026-08-14_12-43-12-721406_earlyRefresh,earlyRefresh,synchronized-expiry,1786711442.721000,49.999594,failed_request_ratio,all,0
2026-08-14_12-43-12-721406_earlyRefresh,earlyRefresh,synchronized-expiry,1786711443.721000,50.999594,failed_request_ratio,all,0
2026-08-14_12-43-12-721406_earlyRefresh,earlyRefresh,synchronized-expiry,1786711444.721000,51.999594,failed_request_ratio,all,0
2026-08-14_12-43-12-721406_earlyRefresh,earlyRefresh,synchronized-expiry,1786711445.721000,52.999594,failed_request_ratio,all,0
2026-08-14_12-43-12-721406_earlyRefresh,earlyRefresh,synchronized-expiry,1786711446.721000,53.999594,failed_request_ratio,all,0
2026-08-14_12-43-12-721406_earlyRefresh,earlyRefresh,synchronized-expiry,1786711447.721000,54.999594,failed_request_ratio,all,0
2026-08-14_12-43-12-721406_earlyRefresh,earlyRefresh,synchronized-expiry,1786711448.721000,55.999594,failed_request_ratio,all,0
2026-08-14_12-43-12-721406_earlyRefresh,earlyRefresh,synchronized-expiry,1786711449.721000,56.999594,failed_request_ratio,all,0
2026-08-14_12-43-12-721406_earlyRefresh,earlyRefresh,synchronized-expiry,1786711450.721000,57.999594,failed_request_ratio,all,0
2026-08-14_12-43-12-721406_earlyRefresh,earlyRefresh,synchronized-expiry,1786711451.721000,58.999594,failed_request_ratio,all,0
2026-08-14_12-43-12-721406_earlyRefresh,earlyRefresh,synchronized-expiry,1786711452.721000,59.999594,failed_request_ratio,all,0
2026-08-14_12-43-12-721406_earlyRefresh,earlyRefresh,synchronized-expiry,1786711392.721000,-0.000406,singleflight_waiting_requests,all,0
2026-08-14_12-43-12-721406_earlyRefresh,earlyRefresh,synchronized-expiry,1786711393.721000,0.999594,singleflight_waiting_requests,all,0
2026-08-14_12-43-12-721406_earlyRefresh,earlyRefresh,synchronized-expiry,1786711394.721000,1.999594,singleflight_waiting_requests,all,0
2026-08-14_12-43-12-721406_earlyRefresh,earlyRefresh,synchronized-expiry,1786711395.721000,2.999594,singleflight_waiting_requests,all,0
2026-08-14_12-43-12-721406_earlyRefresh,earlyRefresh,synchronized-expiry,1786711396.721000,3.999594,singleflight_waiting_requests,all,0
2026-08-14_12-43-12-721406_earlyRefresh,earlyRefresh,synchronized-expiry,1786711397.721000,4.999594,singleflight_waiting_requests,all,0
2026-08-14_12-43-12-721406_earlyRefresh,earlyRefresh,synchronized-expiry,1786711398.721000,5.999594,singleflight_waiting_requests,all,0
2026-08-14_12-43-12-721406_earlyRefresh,earlyRefresh,synchronized-expiry,1786711399.721000,6.999594,singleflight_waiting_requests,all,0
2026-08-14_12-43-12-721406_earlyRefresh,earlyRefresh,synchronized-expiry,1786711400.721000,7.999594,singleflight_waiting_requests,all,0
2026-08-14_12-43-12-721406_earlyRefresh,earlyRefresh,synchronized-expiry,1786711401.721000,8.999594,singleflight_waiting_requests,all,0
2026-08-14_12-43-12-721406_earlyRefresh,earlyRefresh,synchronized-expiry,1786711402.721000,9.999594,singleflight_waiting_requests,all,0
2026-08-14_12-43-12-721406_earlyRefresh,earlyRefresh,synchronized-expiry,1786711403.721000,10.999594,singleflight_waiting_requests,all,0
2026-08-14_12-43-12-721406_earlyRefresh,earlyRefresh,synchronized-expiry,1786711404.721000,11.999594,singleflight_waiting_requests,all,0
2026-08-14_12-43-12-721406_earlyRefresh,earlyRefresh,synchronized-expiry,1786711405.721000,12.999594,singleflight_waiting_requests,all,0
2026-08-14_12-43-12-721406_earlyRefresh,earlyRefresh,synchronized-expiry,1786711406.721000,13.999594,singleflight_waiting_requests,all,0
2026-08-14_12-43-12-721406_earlyRefresh,earlyRefresh,synchronized-expiry,1786711407.721000,14.999594,singleflight_waiting_requests,all,0
2026-08-14_12-43-12-721406_earlyRefresh,earlyRefresh,synchronized-expiry,1786711408.721000,15.999594,singleflight_waiting_requests,all,0
2026-08-14_12-43-12-721406_earlyRefresh,earlyRefresh,synchronized-expiry,1786711409.721000,16.999594,singleflight_waiting_requests,all,0
2026-08-14_12-43-12-721406_earlyRefresh,earlyRefresh,synchronized-expiry,1786711410.721000,17.999594,singleflight_waiting_requests,all,0
2026-08-14_12-43-12-721406_earlyRefresh,earlyRefresh,synchronized-expiry,1786711411.721000,18.999594,singleflight_waiting_requests,all,0
2026-08-14_12-43-12-721406_earlyRefresh,earlyRefresh,synchronized-expiry,1786711412.721000,19.999594,singleflight_waiting_requests,all,0
2026-08-14_12-43-12-721406_earlyRefresh,earlyRefresh,synchronized-expiry,1786711413.721000,20.999594,singleflight_waiting_requests,all,0
2026-08-14_12-43-12-721406_earlyRefresh,earlyRefresh,synchronized-expiry,1786711414.721000,21.999594,singleflight_waiting_requests,all,0
2026-08-14_12-43-12-721406_earlyRefresh,earlyRefresh,synchronized-expiry,1786711415.721000,22.999594,singleflight_waiting_requests,all,0
2026-08-14_12-43-12-721406_earlyRefresh,earlyRefresh,synchronized-expiry,1786711416.721000,23.999594,singleflight_waiting_requests,all,0
2026-08-14_12-43-12-721406_earlyRefresh,earlyRefresh,synchronized-expiry,1786711417.721000,24.999594,singleflight_waiting_requests,all,0
2026-08-14_12-43-12-721406_earlyRefresh,earlyRefresh,synchronized-expiry,1786711418.721000,25.999594,singleflight_waiting_requests,all,0
2026-08-14_12-43-12-721406_earlyRefresh,earlyRefresh,synchronized-expiry,1786711419.721000,26.999594,singleflight_waiting_requests,all,0
2026-08-14_12-43-12-721406_earlyRefresh,earlyRefresh,synchronized-expiry,1786711420.721000,27.999594,singleflight_waiting_requests,all,0
2026-08-14_12-43-12-721406_earlyRefresh,earlyRefresh,synchronized-expiry,1786711421.721000,28.999594,singleflight_waiting_requests,all,0
2026-08-14_12-43-12-721406_earlyRefresh,earlyRefresh,synchronized-expiry,1786711422.721000,29.999594,singleflight_waiting_requests,all,0
2026-08-14_12-43-12-721406_earlyRefresh,earlyRefresh,synchronized-expiry,1786711423.721000,30.999594,singleflight_waiting_requests,all,0
2026-08-14_12-43-12-721406_earlyRefresh,earlyRefresh,synchronized-expiry,1786711424.721000,31.999594,singleflight_waiting_requests,all,0
2026-08-14_12-43-12-721406_earlyRefresh,earlyRefresh,synchronized-expiry,1786711425.721000,32.999594,singleflight_waiting_requests,all,0
2026-08-14_12-43-12-721406_earlyRefresh,earlyRefresh,synchronized-expiry,1786711426.721000,33.999594,singleflight_waiting_requests,all,0
2026-08-14_12-43-12-721406_earlyRefresh,earlyRefresh,synchronized-expiry,1786711427.721000,34.999594,singleflight_waiting_requests,all,0
2026-08-14_12-43-12-721406_earlyRefresh,earlyRefresh,synchronized-expiry,1786711428.721000,35.999594,singleflight_waiting_requests,all,0
2026-08-14_12-43-12-721406_earlyRefresh,earlyRefresh,synchronized-expiry,1786711429.721000,36.999594,singleflight_waiting_requests,all,0
2026-08-14_12-43-12-721406_earlyRefresh,earlyRefresh,synchronized-expiry,1786711430.721000,37.999594,singleflight_waiting_requests,all,0
2026-08-14_12-43-12-721406_earlyRefresh,earlyRefresh,synchronized-expiry,1786711431.721000,38.999594,singleflight_waiting_requests,all,0
2026-08-14_12-43-12-721406_earlyRefresh,earlyRefresh,synchronized-expiry,1786711432.721000,39.999594,singleflight_waiting_requests,all,0
2026-08-14_12-43-12-721406_earlyRefresh,earlyRefresh,synchronized-expiry,1786711433.721000,40.999594,singleflight_waiting_requests,all,0
2026-08-14_12-43-12-721406_earlyRefresh,earlyRefresh,synchronized-expiry,1786711434.721000,41.999594,singleflight_waiting_requests,all,0
2026-08-14_12-43-12-721406_earlyRefresh,earlyRefresh,synchronized-expiry,1786711435.721000,42.999594,singleflight_waiting_requests,all,0
2026-08-14_12-43-12-721406_earlyRefresh,earlyRefresh,synchronized-expiry,1786711436.721000,43.999594,singleflight_waiting_requests,all,0
2026-08-14_12-43-12-721406_earlyRefresh,earlyRefresh,synchronized-expiry,1786711437.721000,44.999594,singleflight_waiting_requests,all,0
2026-08-14_12-43-12-721406_earlyRefresh,earlyRefresh,synchronized-expiry,1786711438.721000,45.999594,singleflight_waiting_requests,all,0
2026-08-14_12-43-12-721406_earlyRefresh,earlyRefresh,synchronized-expiry,1786711439.721000,46.999594,singleflight_waiting_requests,all,0
2026-08-14_12-43-12-721406_earlyRefresh,earlyRefresh,synchronized-expiry,1786711440.721000,47.999594,singleflight_waiting_requests,all,0
2026-08-14_12-43-12-721406_earlyRefresh,earlyRefresh,synchronized-expiry,1786711441.721000,48.999594,singleflight_waiting_requests,all,0
2026-08-14_12-43-12-721406_earlyRefresh,earlyRefresh,synchronized-expiry,1786711442.721000,49.999594,singleflight_waiting_requests,all,0
2026-08-14_12-43-12-721406_earlyRefresh,earlyRefresh,synchronized-expiry,1786711443.721000,50.999594,singleflight_waiting_requests,all,0
2026-08-14_12-43-12-721406_earlyRefresh,earlyRefresh,synchronized-expiry,1786711444.721000,51.999594,singleflight_waiting_requests,all,0
2026-08-14_12-43-12-721406_earlyRefresh,earlyRefresh,synchronized-expiry,1786711445.721000,52.999594,singleflight_waiting_requests,all,0
2026-08-14_12-43-12-721406_earlyRefresh,earlyRefresh,synchronized-expiry,1786711446.721000,53.999594,singleflight_waiting_requests,all,0
2026-08-14_12-43-12-721406_earlyRefresh,earlyRefresh,synchronized-expiry,1786711447.721000,54.999594,singleflight_waiting_requests,all,0
2026-08-14_12-43-12-721406_earlyRefresh,earlyRefresh,synchronized-expiry,1786711448.721000,55.999594,singleflight_waiting_requests,all,0
2026-08-14_12-43-12-721406_earlyRefresh,earlyRefresh,synchronized-expiry,1786711449.721000,56.999594,singleflight_waiting_requests,all,0
2026-08-14_12-43-12-721406_earlyRefresh,earlyRefresh,synchronized-expiry,1786711450.721000,57.999594,singleflight_waiting_requests,all,0
2026-08-14_12-43-12-721406_earlyRefresh,earlyRefresh,synchronized-expiry,1786711451.721000,58.999594,singleflight_waiting_requests,all,0
2026-08-14_12-43-12-721406_earlyRefresh,earlyRefresh,synchronized-expiry,1786711452.721000,59.999594,singleflight_waiting_requests,all,0
2026-08-14_12-43-12-721406_earlyRefresh,earlyRefresh,synchronized-expiry,1786711394.721000,1.999594,faf_by_key,key=/api/backend/1,1
2026-08-14_12-43-12-721406_earlyRefresh,earlyRefresh,synchronized-expiry,1786711395.721000,2.999594,faf_by_key,key=/api/backend/1,1
2026-08-14_12-43-12-721406_earlyRefresh,earlyRefresh,synchronized-expiry,1786711396.721000,3.999594,faf_by_key,key=/api/backend/1,1
2026-08-14_12-43-12-721406_earlyRefresh,earlyRefresh,synchronized-expiry,1786711397.721000,4.999594,faf_by_key,key=/api/backend/1,1
2026-08-14_12-43-12-721406_earlyRefresh,earlyRefresh,synchronized-expiry,1786711398.721000,5.999594,faf_by_key,key=/api/backend/1,1
2026-08-14_12-43-12-721406_earlyRefresh,earlyRefresh,synchronized-expiry,1786711399.721000,6.999594,faf_by_key,key=/api/backend/1,1
2026-08-14_12-43-12-721406_earlyRefresh,earlyRefresh,synchronized-expiry,1786711400.721000,7.999594,faf_by_key,key=/api/backend/1,1
2026-08-14_12-43-12-721406_earlyRefresh,earlyRefresh,synchronized-expiry,1786711401.721000,8.999594,faf_by_key,key=/api/backend/1,1
2026-08-14_12-43-12-721406_earlyRefresh,earlyRefresh,synchronized-expiry,1786711402.721000,9.999594,faf_by_key,key=/api/backend/1,1
2026-08-14_12-43-12-721406_earlyRefresh,earlyRefresh,synchronized-expiry,1786711403.721000,10.999594,faf_by_key,key=/api/backend/1,1
2026-08-14_12-43-12-721406_earlyRefresh,earlyRefresh,synchronized-expiry,1786711404.721000,11.999594,faf_by_key,key=/api/backend/1,4.5
2026-08-14_12-43-12-721406_earlyRefresh,earlyRefresh,synchronized-expiry,1786711405.721000,12.999594,faf_by_key,key=/api/backend/1,4.5
2026-08-14_12-43-12-721406_earlyRefresh,earlyRefresh,synchronized-expiry,1786711406.721000,13.999594,faf_by_key,key=/api/backend/1,4.5
2026-08-14_12-43-12-721406_earlyRefresh,earlyRefresh,synchronized-expiry,1786711407.721000,14.999594,faf_by_key,key=/api/backend/1,4.5
2026-08-14_12-43-12-721406_earlyRefresh,earlyRefresh,synchronized-expiry,1786711408.721000,15.999594,faf_by_key,key=/api/backend/1,4.5
2026-08-14_12-43-12-721406_earlyRefresh,earlyRefresh,synchronized-expiry,1786711409.721000,16.999594,faf_by_key,key=/api/backend/1,4.5
2026-08-14_12-43-12-721406_earlyRefresh,earlyRefresh,synchronized-expiry,1786711410.721000,17.999594,faf_by_key,key=/api/backend/1,4.5
2026-08-14_12-43-12-721406_earlyRefresh,earlyRefresh,synchronized-expiry,1786711411.721000,18.999594,faf_by_key,key=/api/backend/1,4.5
2026-08-14_12-43-12-721406_earlyRefresh,earlyRefresh,synchronized-expiry,1786711412.721000,19.999594,faf_by_key,key=/api/backend/1,4.5
2026-08-14_12-43-12-721406_earlyRefresh,earlyRefresh,synchronized-expiry,1786711413.721000,20.999594,faf_by_key,key=/api/backend/1,4.5
2026-08-14_12-43-12-721406_earlyRefresh,earlyRefresh,synchronized-expiry,1786711414.721000,21.999594,faf_by_key,key=/api/backend/1,3.3333333333333335
2026-08-14_12-43-12-721406_earlyRefresh,earlyRefresh,synchronized-expiry,1786711415.721000,22.999594,faf_by_key,key=/api/backend/1,3.3333333333333335
2026-08-14_12-43-12-721406_earlyRefresh,earlyRefresh,synchronized-expiry,1786711416.721000,23.999594,faf_by_key,key=/api/backend/1,3.3333333333333335
2026-08-14_12-43-12-721406_earlyRefresh,earlyRefresh,synchronized-expiry,1786711417.721000,24.999594,faf_by_key,key=/api/backend/1,3.3333333333333335
2026-08-14_12-43-12-721406_earlyRefresh,earlyRefresh,synchronized-expiry,1786711418.721000,25.999594,faf_by_key,key=/api/backend/1,3.3333333333333335
2026-08-14_12-43-12-721406_earlyRefresh,earlyRefresh,synchronized-expiry,1786711419.721000,26.999594,faf_by_key,key=/api/backend/1,3.3333333333333335
2026-08-14_12-43-12-721406_earlyRefresh,earlyRefresh,synchronized-expiry,1786711420.721000,27.999594,faf_by_key,key=/api/backend/1,3.3333333333333335
2026-08-14_12-43-12-721406_earlyRefresh,earlyRefresh,synchronized-expiry,1786711421.721000,28.999594,faf_by_key,key=/api/backend/1,3.3333333333333335
2026-08-14_12-43-12-721406_earlyRefresh,earlyRefresh,synchronized-expiry,1786711422.721000,29.999594,faf_by_key,key=/api/backend/1,3.3333333333333335
2026-08-14_12-43-12-721406_earlyRefresh,earlyRefresh,synchronized-expiry,1786711423.721000,30.999594,faf_by_key,key=/api/backend/1,3.3333333333333335
2026-08-14_12-43-12-721406_earlyRefresh,earlyRefresh,synchronized-expiry,1786711424.721000,31.999594,faf_by_key,key=/api/backend/1,3.3333333333333335
2026-08-14_12-43-12-721406_earlyRefresh,earlyRefresh,synchronized-expiry,1786711425.721000,32.999594,faf_by_key,key=/api/backend/1,4.75
2026-08-14_12-43-12-721406_earlyRefresh,earlyRefresh,synchronized-expiry,1786711426.721000,33.999594,faf_by_key,key=/api/backend/1,4.75
2026-08-14_12-43-12-721406_earlyRefresh,earlyRefresh,synchronized-expiry,1786711427.721000,34.999594,faf_by_key,key=/api/backend/1,4.75
2026-08-14_12-43-12-721406_earlyRefresh,earlyRefresh,synchronized-expiry,1786711428.721000,35.999594,faf_by_key,key=/api/backend/1,4.75
2026-08-14_12-43-12-721406_earlyRefresh,earlyRefresh,synchronized-expiry,1786711429.721000,36.999594,faf_by_key,key=/api/backend/1,4.75
2026-08-14_12-43-12-721406_earlyRefresh,earlyRefresh,synchronized-expiry,1786711430.721000,37.999594,faf_by_key,key=/api/backend/1,4.75
2026-08-14_12-43-12-721406_earlyRefresh,earlyRefresh,synchronized-expiry,1786711431.721000,38.999594,faf_by_key,key=/api/backend/1,4.75
2026-08-14_12-43-12-721406_earlyRefresh,earlyRefresh,synchronized-expiry,1786711432.721000,39.999594,faf_by_key,key=/api/backend/1,4.75
2026-08-14_12-43-12-721406_earlyRefresh,earlyRefresh,synchronized-expiry,1786711433.721000,40.999594,faf_by_key,key=/api/backend/1,4.75
2026-08-14_12-43-12-721406_earlyRefresh,earlyRefresh,synchronized-expiry,1786711434.721000,41.999594,faf_by_key,key=/api/backend/1,4.75
2026-08-14_12-43-12-721406_earlyRefresh,earlyRefresh,synchronized-expiry,1786711435.721000,42.999594,faf_by_key,key=/api/backend/1,4.2
2026-08-14_12-43-12-721406_earlyRefresh,earlyRefresh,synchronized-expiry,1786711436.721000,43.999594,faf_by_key,key=/api/backend/1,4.2
2026-08-14_12-43-12-721406_earlyRefresh,earlyRefresh,synchronized-expiry,1786711437.721000,44.999594,faf_by_key,key=/api/backend/1,4.2
2026-08-14_12-43-12-721406_earlyRefresh,earlyRefresh,synchronized-expiry,1786711438.721000,45.999594,faf_by_key,key=/api/backend/1,4.2
2026-08-14_12-43-12-721406_earlyRefresh,earlyRefresh,synchronized-expiry,1786711439.721000,46.999594,faf_by_key,key=/api/backend/1,4.2
2026-08-14_12-43-12-721406_earlyRefresh,earlyRefresh,synchronized-expiry,1786711440.721000,47.999594,faf_by_key,key=/api/backend/1,4.2
2026-08-14_12-43-12-721406_earlyRefresh,earlyRefresh,synchronized-expiry,1786711441.721000,48.999594,faf_by_key,key=/api/backend/1,4.2
2026-08-14_12-43-12-721406_earlyRefresh,earlyRefresh,synchronized-expiry,1786711442.721000,49.999594,faf_by_key,key=/api/backend/1,4.2
2026-08-14_12-43-12-721406_earlyRefresh,earlyRefresh,synchronized-expiry,1786711443.721000,50.999594,faf_by_key,key=/api/backend/1,4.2
2026-08-14_12-43-12-721406_earlyRefresh,earlyRefresh,synchronized-expiry,1786711444.721000,51.999594,faf_by_key,key=/api/backend/1,4.2
2026-08-14_12-43-12-721406_earlyRefresh,earlyRefresh,synchronized-expiry,1786711445.721000,52.999594,faf_by_key,key=/api/backend/1,4.6
2026-08-14_12-43-12-721406_earlyRefresh,earlyRefresh,synchronized-expiry,1786711446.721000,53.999594,faf_by_key,key=/api/backend/1,4.5
2026-08-14_12-43-12-721406_earlyRefresh,earlyRefresh,synchronized-expiry,1786711447.721000,54.999594,faf_by_key,key=/api/backend/1,4.5
2026-08-14_12-43-12-721406_earlyRefresh,earlyRefresh,synchronized-expiry,1786711448.721000,55.999594,faf_by_key,key=/api/backend/1,4.5
2026-08-14_12-43-12-721406_earlyRefresh,earlyRefresh,synchronized-expiry,1786711449.721000,56.999594,faf_by_key,key=/api/backend/1,4.5
2026-08-14_12-43-12-721406_earlyRefresh,earlyRefresh,synchronized-expiry,1786711450.721000,57.999594,faf_by_key,key=/api/backend/1,4.5
2026-08-14_12-43-12-721406_earlyRefresh,earlyRefresh,synchronized-expiry,1786711451.721000,58.999594,faf_by_key,key=/api/backend/1,4.5
2026-08-14_12-43-12-721406_earlyRefresh,earlyRefresh,synchronized-expiry,1786711452.721000,59.999594,faf_by_key,key=/api/backend/1,4.5
2026-08-14_12-43-12-721406_earlyRefresh,earlyRefresh,synchronized-expiry,1786711393.721000,0.999594,faf_by_key,key=/api/backend/2,1
2026-08-14_12-43-12-721406_earlyRefresh,earlyRefresh,synchronized-expiry,1786711394.721000,1.999594,faf_by_key,key=/api/backend/2,1
2026-08-14_12-43-12-721406_earlyRefresh,earlyRefresh,synchronized-expiry,1786711395.721000,2.999594,faf_by_key,key=/api/backend/2,1
2026-08-14_12-43-12-721406_earlyRefresh,earlyRefresh,synchronized-expiry,1786711396.721000,3.999594,faf_by_key,key=/api/backend/2,1
2026-08-14_12-43-12-721406_earlyRefresh,earlyRefresh,synchronized-expiry,1786711397.721000,4.999594,faf_by_key,key=/api/backend/2,1
2026-08-14_12-43-12-721406_earlyRefresh,earlyRefresh,synchronized-expiry,1786711398.721000,5.999594,faf_by_key,key=/api/backend/2,1
2026-08-14_12-43-12-721406_earlyRefresh,earlyRefresh,synchronized-expiry,1786711399.721000,6.999594,faf_by_key,key=/api/backend/2,1
2026-08-14_12-43-12-721406_earlyRefresh,earlyRefresh,synchronized-expiry,1786711400.721000,7.999594,faf_by_key,key=/api/backend/2,1
2026-08-14_12-43-12-721406_earlyRefresh,earlyRefresh,synchronized-expiry,1786711401.721000,8.999594,faf_by_key,key=/api/backend/2,1
2026-08-14_12-43-12-721406_earlyRefresh,earlyRefresh,synchronized-expiry,1786711402.721000,9.999594,faf_by_key,key=/api/backend/2,1
2026-08-14_12-43-12-721406_earlyRefresh,earlyRefresh,synchronized-expiry,1786711403.721000,10.999594,faf_by_key,key=/api/backend/2,1
2026-08-14_12-43-12-721406_earlyRefresh,earlyRefresh,synchronized-expiry,1786711404.721000,11.999594,faf_by_key,key=/api/backend/2,2.5
2026-08-14_12-43-12-721406_earlyRefresh,earlyRefresh,synchronized-expiry,1786711405.721000,12.999594,faf_by_key,key=/api/backend/2,2.5
2026-08-14_12-43-12-721406_earlyRefresh,earlyRefresh,synchronized-expiry,1786711406.721000,13.999594,faf_by_key,key=/api/backend/2,2.5
2026-08-14_12-43-12-721406_earlyRefresh,earlyRefresh,synchronized-expiry,1786711407.721000,14.999594,faf_by_key,key=/api/backend/2,2.5
2026-08-14_12-43-12-721406_earlyRefresh,earlyRefresh,synchronized-expiry,1786711408.721000,15.999594,faf_by_key,key=/api/backend/2,2.5
2026-08-14_12-43-12-721406_earlyRefresh,earlyRefresh,synchronized-expiry,1786711409.721000,16.999594,faf_by_key,key=/api/backend/2,2.5
2026-08-14_12-43-12-721406_earlyRefresh,earlyRefresh,synchronized-expiry,1786711410.721000,17.999594,faf_by_key,key=/api/backend/2,2.5
2026-08-14_12-43-12-721406_earlyRefresh,earlyRefresh,synchronized-expiry,1786711411.721000,18.999594,faf_by_key,key=/api/backend/2,2.5
2026-08-14_12-43-12-721406_earlyRefresh,earlyRefresh,synchronized-expiry,1786711412.721000,19.999594,faf_by_key,key=/api/backend/2,2.5
2026-08-14_12-43-12-721406_earlyRefresh,earlyRefresh,synchronized-expiry,1786711413.721000,20.999594,faf_by_key,key=/api/backend/2,2.5
2026-08-14_12-43-12-721406_earlyRefresh,earlyRefresh,synchronized-expiry,1786711414.721000,21.999594,faf_by_key,key=/api/backend/2,2.5
2026-08-14_12-43-12-721406_earlyRefresh,earlyRefresh,synchronized-expiry,1786711415.721000,22.999594,faf_by_key,key=/api/backend/2,2.6666666666666665
2026-08-14_12-43-12-721406_earlyRefresh,earlyRefresh,synchronized-expiry,1786711416.721000,23.999594,faf_by_key,key=/api/backend/2,2.6666666666666665
2026-08-14_12-43-12-721406_earlyRefresh,earlyRefresh,synchronized-expiry,1786711417.721000,24.999594,faf_by_key,key=/api/backend/2,2.6666666666666665
2026-08-14_12-43-12-721406_earlyRefresh,earlyRefresh,synchronized-expiry,1786711418.721000,25.999594,faf_by_key,key=/api/backend/2,2.6666666666666665
2026-08-14_12-43-12-721406_earlyRefresh,earlyRefresh,synchronized-expiry,1786711419.721000,26.999594,faf_by_key,key=/api/backend/2,2.6666666666666665
2026-08-14_12-43-12-721406_earlyRefresh,earlyRefresh,synchronized-expiry,1786711420.721000,27.999594,faf_by_key,key=/api/backend/2,2.6666666666666665
2026-08-14_12-43-12-721406_earlyRefresh,earlyRefresh,synchronized-expiry,1786711421.721000,28.999594,faf_by_key,key=/api/backend/2,2.6666666666666665
2026-08-14_12-43-12-721406_earlyRefresh,earlyRefresh,synchronized-expiry,1786711422.721000,29.999594,faf_by_key,key=/api/backend/2,2.6666666666666665
2026-08-14_12-43-12-721406_earlyRefresh,earlyRefresh,synchronized-expiry,1786711423.721000,30.999594,faf_by_key,key=/api/backend/2,2.6666666666666665
2026-08-14_12-43-12-721406_earlyRefresh,earlyRefresh,synchronized-expiry,1786711424.721000,31.999594,faf_by_key,key=/api/backend/2,2.6666666666666665
2026-08-14_12-43-12-721406_earlyRefresh,earlyRefresh,synchronized-expiry,1786711425.721000,32.999594,faf_by_key,key=/api/backend/2,3.25
2026-08-14_12-43-12-721406_earlyRefresh,earlyRefresh,synchronized-expiry,1786711426.721000,33.999594,faf_by_key,key=/api/backend/2,3.5
2026-08-14_12-43-12-721406_earlyRefresh,earlyRefresh,synchronized-expiry,1786711427.721000,34.999594,faf_by_key,key=/api/backend/2,3.5
2026-08-14_12-43-12-721406_earlyRefresh,earlyRefresh,synchronized-expiry,1786711428.721000,35.999594,faf_by_key,key=/api/backend/2,3.5
2026-08-14_12-43-12-721406_earlyRefresh,earlyRefresh,synchronized-expiry,1786711429.721000,36.999594,faf_by_key,key=/api/backend/2,3.5
2026-08-14_12-43-12-721406_earlyRefresh,earlyRefresh,synchronized-expiry,1786711430.721000,37.999594,faf_by_key,key=/api/backend/2,3.5
2026-08-14_12-43-12-721406_earlyRefresh,earlyRefresh,synchronized-expiry,1786711431.721000,38.999594,faf_by_key,key=/api/backend/2,3.5
2026-08-14_12-43-12-721406_earlyRefresh,earlyRefresh,synchronized-expiry,1786711432.721000,39.999594,faf_by_key,key=/api/backend/2,3.5
2026-08-14_12-43-12-721406_earlyRefresh,earlyRefresh,synchronized-expiry,1786711433.721000,40.999594,faf_by_key,key=/api/backend/2,3.5
2026-08-14_12-43-12-721406_earlyRefresh,earlyRefresh,synchronized-expiry,1786711434.721000,41.999594,faf_by_key,key=/api/backend/2,3.5
2026-08-14_12-43-12-721406_earlyRefresh,earlyRefresh,synchronized-expiry,1786711435.721000,42.999594,faf_by_key,key=/api/backend/2,3.5
2026-08-14_12-43-12-721406_earlyRefresh,earlyRefresh,synchronized-expiry,1786711436.721000,43.999594,faf_by_key,key=/api/backend/2,3.8
2026-08-14_12-43-12-721406_earlyRefresh,earlyRefresh,synchronized-expiry,1786711437.721000,44.999594,faf_by_key,key=/api/backend/2,3.8
2026-08-14_12-43-12-721406_earlyRefresh,earlyRefresh,synchronized-expiry,1786711438.721000,45.999594,faf_by_key,key=/api/backend/2,3.8
2026-08-14_12-43-12-721406_earlyRefresh,earlyRefresh,synchronized-expiry,1786711439.721000,46.999594,faf_by_key,key=/api/backend/2,3.8
2026-08-14_12-43-12-721406_earlyRefresh,earlyRefresh,synchronized-expiry,1786711440.721000,47.999594,faf_by_key,key=/api/backend/2,3.8
2026-08-14_12-43-12-721406_earlyRefresh,earlyRefresh,synchronized-expiry,1786711441.721000,48.999594,faf_by_key,key=/api/backend/2,3.8
2026-08-14_12-43-12-721406_earlyRefresh,earlyRefresh,synchronized-expiry,1786711442.721000,49.999594,faf_by_key,key=/api/backend/2,3.8
2026-08-14_12-43-12-721406_earlyRefresh,earlyRefresh,synchronized-expiry,1786711443.721000,50.999594,faf_by_key,key=/api/backend/2,3.8
2026-08-14_12-43-12-721406_earlyRefresh,earlyRefresh,synchronized-expiry,1786711444.721000,51.999594,faf_by_key,key=/api/backend/2,3.8
2026-08-14_12-43-12-721406_earlyRefresh,earlyRefresh,synchronized-expiry,1786711445.721000,52.999594,faf_by_key,key=/api/backend/2,3.8
2026-08-14_12-43-12-721406_earlyRefresh,earlyRefresh,synchronized-expiry,1786711446.721000,53.999594,faf_by_key,key=/api/backend/2,3.5
2026-08-14_12-43-12-721406_earlyRefresh,earlyRefresh,synchronized-expiry,1786711447.721000,54.999594,faf_by_key,key=/api/backend/2,3.8333333333333335
2026-08-14_12-43-12-721406_earlyRefresh,earlyRefresh,synchronized-expiry,1786711448.721000,55.999594,faf_by_key,key=/api/backend/2,3.8333333333333335
2026-08-14_12-43-12-721406_earlyRefresh,earlyRefresh,synchronized-expiry,1786711449.721000,56.999594,faf_by_key,key=/api/backend/2,3.8333333333333335
2026-08-14_12-43-12-721406_earlyRefresh,earlyRefresh,synchronized-expiry,1786711450.721000,57.999594,faf_by_key,key=/api/backend/2,3.8333333333333335
2026-08-14_12-43-12-721406_earlyRefresh,earlyRefresh,synchronized-expiry,1786711451.721000,58.999594,faf_by_key,key=/api/backend/2,3.8333333333333335
2026-08-14_12-43-12-721406_earlyRefresh,earlyRefresh,synchronized-expiry,1786711452.721000,59.999594,faf_by_key,key=/api/backend/2,3.8333333333333335
2026-08-14_12-43-12-721406_earlyRefresh,earlyRefresh,synchronized-expiry,1786711393.721000,0.999594,faf_by_key,key=/api/backend/3,1
2026-08-14_12-43-12-721406_earlyRefresh,earlyRefresh,synchronized-expiry,1786711394.721000,1.999594,faf_by_key,key=/api/backend/3,1
2026-08-14_12-43-12-721406_earlyRefresh,earlyRefresh,synchronized-expiry,1786711395.721000,2.999594,faf_by_key,key=/api/backend/3,1
2026-08-14_12-43-12-721406_earlyRefresh,earlyRefresh,synchronized-expiry,1786711396.721000,3.999594,faf_by_key,key=/api/backend/3,1
2026-08-14_12-43-12-721406_earlyRefresh,earlyRefresh,synchronized-expiry,1786711397.721000,4.999594,faf_by_key,key=/api/backend/3,1
2026-08-14_12-43-12-721406_earlyRefresh,earlyRefresh,synchronized-expiry,1786711398.721000,5.999594,faf_by_key,key=/api/backend/3,1
2026-08-14_12-43-12-721406_earlyRefresh,earlyRefresh,synchronized-expiry,1786711399.721000,6.999594,faf_by_key,key=/api/backend/3,1
2026-08-14_12-43-12-721406_earlyRefresh,earlyRefresh,synchronized-expiry,1786711400.721000,7.999594,faf_by_key,key=/api/backend/3,1
2026-08-14_12-43-12-721406_earlyRefresh,earlyRefresh,synchronized-expiry,1786711401.721000,8.999594,faf_by_key,key=/api/backend/3,1
2026-08-14_12-43-12-721406_earlyRefresh,earlyRefresh,synchronized-expiry,1786711402.721000,9.999594,faf_by_key,key=/api/backend/3,1
2026-08-14_12-43-12-721406_earlyRefresh,earlyRefresh,synchronized-expiry,1786711403.721000,10.999594,faf_by_key,key=/api/backend/3,1
2026-08-14_12-43-12-721406_earlyRefresh,earlyRefresh,synchronized-expiry,1786711404.721000,11.999594,faf_by_key,key=/api/backend/3,2
2026-08-14_12-43-12-721406_earlyRefresh,earlyRefresh,synchronized-expiry,1786711405.721000,12.999594,faf_by_key,key=/api/backend/3,2
2026-08-14_12-43-12-721406_earlyRefresh,earlyRefresh,synchronized-expiry,1786711406.721000,13.999594,faf_by_key,key=/api/backend/3,2
2026-08-14_12-43-12-721406_earlyRefresh,earlyRefresh,synchronized-expiry,1786711407.721000,14.999594,faf_by_key,key=/api/backend/3,2
2026-08-14_12-43-12-721406_earlyRefresh,earlyRefresh,synchronized-expiry,1786711408.721000,15.999594,faf_by_key,key=/api/backend/3,2
2026-08-14_12-43-12-721406_earlyRefresh,earlyRefresh,synchronized-expiry,1786711409.721000,16.999594,faf_by_key,key=/api/backend/3,2
2026-08-14_12-43-12-721406_earlyRefresh,earlyRefresh,synchronized-expiry,1786711410.721000,17.999594,faf_by_key,key=/api/backend/3,2
2026-08-14_12-43-12-721406_earlyRefresh,earlyRefresh,synchronized-expiry,1786711411.721000,18.999594,faf_by_key,key=/api/backend/3,2
2026-08-14_12-43-12-721406_earlyRefresh,earlyRefresh,synchronized-expiry,1786711412.721000,19.999594,faf_by_key,key=/api/backend/3,2
2026-08-14_12-43-12-721406_earlyRefresh,earlyRefresh,synchronized-expiry,1786711413.721000,20.999594,faf_by_key,key=/api/backend/3,2
2026-08-14_12-43-12-721406_earlyRefresh,earlyRefresh,synchronized-expiry,1786711414.721000,21.999594,faf_by_key,key=/api/backend/3,1.6666666666666667
2026-08-14_12-43-12-721406_earlyRefresh,earlyRefresh,synchronized-expiry,1786711415.721000,22.999594,faf_by_key,key=/api/backend/3,1.6666666666666667
2026-08-14_12-43-12-721406_earlyRefresh,earlyRefresh,synchronized-expiry,1786711416.721000,23.999594,faf_by_key,key=/api/backend/3,1.6666666666666667
2026-08-14_12-43-12-721406_earlyRefresh,earlyRefresh,synchronized-expiry,1786711417.721000,24.999594,faf_by_key,key=/api/backend/3,1.6666666666666667
2026-08-14_12-43-12-721406_earlyRefresh,earlyRefresh,synchronized-expiry,1786711418.721000,25.999594,faf_by_key,key=/api/backend/3,1.6666666666666667
2026-08-14_12-43-12-721406_earlyRefresh,earlyRefresh,synchronized-expiry,1786711419.721000,26.999594,faf_by_key,key=/api/backend/3,1.6666666666666667
2026-08-14_12-43-12-721406_earlyRefresh,earlyRefresh,synchronized-expiry,1786711420.721000,27.999594,faf_by_key,key=/api/backend/3,1.6666666666666667
2026-08-14_12-43-12-721406_earlyRefresh,earlyRefresh,synchronized-expiry,1786711421.721000,28.999594,faf_by_key,key=/api/backend/3,1.6666666666666667
2026-08-14_12-43-12-721406_earlyRefresh,earlyRefresh,synchronized-expiry,1786711422.721000,29.999594,faf_by_key,key=/api/backend/3,1.6666666666666667
2026-08-14_12-43-12-721406_earlyRefresh,earlyRefresh,synchronized-expiry,1786711423.721000,30.999594,faf_by_key,key=/api/backend/3,1.6666666666666667
2026-08-14_12-43-12-721406_earlyRefresh,earlyRefresh,synchronized-expiry,1786711424.721000,31.999594,faf_by_key,key=/api/backend/3,1.6666666666666667
2026-08-14_12-43-12-721406_earlyRefresh,earlyRefresh,synchronized-expiry,1786711425.721000,32.999594,faf_by_key,key=/api/backend/3,2
2026-08-14_12-43-12-721406_earlyRefresh,earlyRefresh,synchronized-expiry,1786711426.721000,33.999594,faf_by_key,key=/api/backend/3,2
2026-08-14_12-43-12-721406_earlyRefresh,earlyRefresh,synchronized-expiry,1786711427.721000,34.999594,faf_by_key,key=/api/backend/3,2
2026-08-14_12-43-12-721406_earlyRefresh,earlyRefresh,synchronized-expiry,1786711428.721000,35.999594,faf_by_key,key=/api/backend/3,2
2026-08-14_12-43-12-721406_earlyRefresh,earlyRefresh,synchronized-expiry,1786711429.721000,36.999594,faf_by_key,key=/api/backend/3,2
2026-08-14_12-43-12-721406_earlyRefresh,earlyRefresh,synchronized-expiry,1786711430.721000,37.999594,faf_by_key,key=/api/backend/3,2
2026-08-14_12-43-12-721406_earlyRefresh,earlyRefresh,synchronized-expiry,1786711431.721000,38.999594,faf_by_key,key=/api/backend/3,2
2026-08-14_12-43-12-721406_earlyRefresh,earlyRefresh,synchronized-expiry,1786711432.721000,39.999594,faf_by_key,key=/api/backend/3,2
2026-08-14_12-43-12-721406_earlyRefresh,earlyRefresh,synchronized-expiry,1786711433.721000,40.999594,faf_by_key,key=/api/backend/3,2
2026-08-14_12-43-12-721406_earlyRefresh,earlyRefresh,synchronized-expiry,1786711434.721000,41.999594,faf_by_key,key=/api/backend/3,2
2026-08-14_12-43-12-721406_earlyRefresh,earlyRefresh,synchronized-expiry,1786711435.721000,42.999594,faf_by_key,key=/api/backend/3,2
2026-08-14_12-43-12-721406_earlyRefresh,earlyRefresh,synchronized-expiry,1786711436.721000,43.999594,faf_by_key,key=/api/backend/3,2.2
2026-08-14_12-43-12-721406_earlyRefresh,earlyRefresh,synchronized-expiry,1786711437.721000,44.999594,faf_by_key,key=/api/backend/3,2.2
2026-08-14_12-43-12-721406_earlyRefresh,earlyRefresh,synchronized-expiry,1786711438.721000,45.999594,faf_by_key,key=/api/backend/3,2.2
2026-08-14_12-43-12-721406_earlyRefresh,earlyRefresh,synchronized-expiry,1786711439.721000,46.999594,faf_by_key,key=/api/backend/3,2.2
2026-08-14_12-43-12-721406_earlyRefresh,earlyRefresh,synchronized-expiry,1786711440.721000,47.999594,faf_by_key,key=/api/backend/3,2.2
2026-08-14_12-43-12-721406_earlyRefresh,earlyRefresh,synchronized-expiry,1786711441.721000,48.999594,faf_by_key,key=/api/backend/3,2.2
2026-08-14_12-43-12-721406_earlyRefresh,earlyRefresh,synchronized-expiry,1786711442.721000,49.999594,faf_by_key,key=/api/backend/3,2.2
2026-08-14_12-43-12-721406_earlyRefresh,earlyRefresh,synchronized-expiry,1786711443.721000,50.999594,faf_by_key,key=/api/backend/3,2.2
2026-08-14_12-43-12-721406_earlyRefresh,earlyRefresh,synchronized-expiry,1786711444.721000,51.999594,faf_by_key,key=/api/backend/3,2.2
2026-08-14_12-43-12-721406_earlyRefresh,earlyRefresh,synchronized-expiry,1786711445.721000,52.999594,faf_by_key,key=/api/backend/3,2
2026-08-14_12-43-12-721406_earlyRefresh,earlyRefresh,synchronized-expiry,1786711446.721000,53.999594,faf_by_key,key=/api/backend/3,2
2026-08-14_12-43-12-721406_earlyRefresh,earlyRefresh,synchronized-expiry,1786711447.721000,54.999594,faf_by_key,key=/api/backend/3,2
2026-08-14_12-43-12-721406_earlyRefresh,earlyRefresh,synchronized-expiry,1786711448.721000,55.999594,faf_by_key,key=/api/backend/3,2
2026-08-14_12-43-12-721406_earlyRefresh,earlyRefresh,synchronized-expiry,1786711449.721000,56.999594,faf_by_key,key=/api/backend/3,2
2026-08-14_12-43-12-721406_earlyRefresh,earlyRefresh,synchronized-expiry,1786711450.721000,57.999594,faf_by_key,key=/api/backend/3,2
2026-08-14_12-43-12-721406_earlyRefresh,earlyRefresh,synchronized-expiry,1786711451.721000,58.999594,faf_by_key,key=/api/backend/3,2
2026-08-14_12-43-12-721406_earlyRefresh,earlyRefresh,synchronized-expiry,1786711452.721000,59.999594,faf_by_key,key=/api/backend/3,2
2026-08-14_12-43-12-721406_earlyRefresh,earlyRefresh,synchronized-expiry,1786711394.721000,1.999594,faf_by_key,key=/api/backend/4,1
2026-08-14_12-43-12-721406_earlyRefresh,earlyRefresh,synchronized-expiry,1786711395.721000,2.999594,faf_by_key,key=/api/backend/4,1
2026-08-14_12-43-12-721406_earlyRefresh,earlyRefresh,synchronized-expiry,1786711396.721000,3.999594,faf_by_key,key=/api/backend/4,1
2026-08-14_12-43-12-721406_earlyRefresh,earlyRefresh,synchronized-expiry,1786711397.721000,4.999594,faf_by_key,key=/api/backend/4,1
2026-08-14_12-43-12-721406_earlyRefresh,earlyRefresh,synchronized-expiry,1786711398.721000,5.999594,faf_by_key,key=/api/backend/4,1
2026-08-14_12-43-12-721406_earlyRefresh,earlyRefresh,synchronized-expiry,1786711399.721000,6.999594,faf_by_key,key=/api/backend/4,1
2026-08-14_12-43-12-721406_earlyRefresh,earlyRefresh,synchronized-expiry,1786711400.721000,7.999594,faf_by_key,key=/api/backend/4,1
2026-08-14_12-43-12-721406_earlyRefresh,earlyRefresh,synchronized-expiry,1786711401.721000,8.999594,faf_by_key,key=/api/backend/4,1
2026-08-14_12-43-12-721406_earlyRefresh,earlyRefresh,synchronized-expiry,1786711402.721000,9.999594,faf_by_key,key=/api/backend/4,1
2026-08-14_12-43-12-721406_earlyRefresh,earlyRefresh,synchronized-expiry,1786711403.721000,10.999594,faf_by_key,key=/api/backend/4,1
2026-08-14_12-43-12-721406_earlyRefresh,earlyRefresh,synchronized-expiry,1786711404.721000,11.999594,faf_by_key,key=/api/backend/4,2.5
2026-08-14_12-43-12-721406_earlyRefresh,earlyRefresh,synchronized-expiry,1786711405.721000,12.999594,faf_by_key,key=/api/backend/4,2.5
2026-08-14_12-43-12-721406_earlyRefresh,earlyRefresh,synchronized-expiry,1786711406.721000,13.999594,faf_by_key,key=/api/backend/4,2.5
2026-08-14_12-43-12-721406_earlyRefresh,earlyRefresh,synchronized-expiry,1786711407.721000,14.999594,faf_by_key,key=/api/backend/4,2.5
2026-08-14_12-43-12-721406_earlyRefresh,earlyRefresh,synchronized-expiry,1786711408.721000,15.999594,faf_by_key,key=/api/backend/4,2.5
2026-08-14_12-43-12-721406_earlyRefresh,earlyRefresh,synchronized-expiry,1786711409.721000,16.999594,faf_by_key,key=/api/backend/4,2.5
2026-08-14_12-43-12-721406_earlyRefresh,earlyRefresh,synchronized-expiry,1786711410.721000,17.999594,faf_by_key,key=/api/backend/4,2.5
2026-08-14_12-43-12-721406_earlyRefresh,earlyRefresh,synchronized-expiry,1786711411.721000,18.999594,faf_by_key,key=/api/backend/4,2.5
2026-08-14_12-43-12-721406_earlyRefresh,earlyRefresh,synchronized-expiry,1786711412.721000,19.999594,faf_by_key,key=/api/backend/4,2.5
2026-08-14_12-43-12-721406_earlyRefresh,earlyRefresh,synchronized-expiry,1786711413.721000,20.999594,faf_by_key,key=/api/backend/4,2.5
2026-08-14_12-43-12-721406_earlyRefresh,earlyRefresh,synchronized-expiry,1786711414.721000,21.999594,faf_by_key,key=/api/backend/4,2
2026-08-14_12-43-12-721406_earlyRefresh,earlyRefresh,synchronized-expiry,1786711415.721000,22.999594,faf_by_key,key=/api/backend/4,2
2026-08-14_12-43-12-721406_earlyRefresh,earlyRefresh,synchronized-expiry,1786711416.721000,23.999594,faf_by_key,key=/api/backend/4,2
2026-08-14_12-43-12-721406_earlyRefresh,earlyRefresh,synchronized-expiry,1786711417.721000,24.999594,faf_by_key,key=/api/backend/4,2
2026-08-14_12-43-12-721406_earlyRefresh,earlyRefresh,synchronized-expiry,1786711418.721000,25.999594,faf_by_key,key=/api/backend/4,2
2026-08-14_12-43-12-721406_earlyRefresh,earlyRefresh,synchronized-expiry,1786711419.721000,26.999594,faf_by_key,key=/api/backend/4,2
2026-08-14_12-43-12-721406_earlyRefresh,earlyRefresh,synchronized-expiry,1786711420.721000,27.999594,faf_by_key,key=/api/backend/4,2
2026-08-14_12-43-12-721406_earlyRefresh,earlyRefresh,synchronized-expiry,1786711421.721000,28.999594,faf_by_key,key=/api/backend/4,2
2026-08-14_12-43-12-721406_earlyRefresh,earlyRefresh,synchronized-expiry,1786711422.721000,29.999594,faf_by_key,key=/api/backend/4,2
2026-08-14_12-43-12-721406_earlyRefresh,earlyRefresh,synchronized-expiry,1786711423.721000,30.999594,faf_by_key,key=/api/backend/4,2
2026-08-14_12-43-12-721406_earlyRefresh,earlyRefresh,synchronized-expiry,1786711424.721000,31.999594,faf_by_key,key=/api/backend/4,2
2026-08-14_12-43-12-721406_earlyRefresh,earlyRefresh,synchronized-expiry,1786711425.721000,32.999594,faf_by_key,key=/api/backend/4,2.25
2026-08-14_12-43-12-721406_earlyRefresh,earlyRefresh,synchronized-expiry,1786711426.721000,33.999594,faf_by_key,key=/api/backend/4,2.5
2026-08-14_12-43-12-721406_earlyRefresh,earlyRefresh,synchronized-expiry,1786711427.721000,34.999594,faf_by_key,key=/api/backend/4,2.5
2026-08-14_12-43-12-721406_earlyRefresh,earlyRefresh,synchronized-expiry,1786711428.721000,35.999594,faf_by_key,key=/api/backend/4,2.5
2026-08-14_12-43-12-721406_earlyRefresh,earlyRefresh,synchronized-expiry,1786711429.721000,36.999594,faf_by_key,key=/api/backend/4,2.5
2026-08-14_12-43-12-721406_earlyRefresh,earlyRefresh,synchronized-expiry,1786711430.721000,37.999594,faf_by_key,key=/api/backend/4,2.5
2026-08-14_12-43-12-721406_earlyRefresh,earlyRefresh,synchronized-expiry,1786711431.721000,38.999594,faf_by_key,key=/api/backend/4,2.5
2026-08-14_12-43-12-721406_earlyRefresh,earlyRefresh,synchronized-expiry,1786711432.721000,39.999594,faf_by_key,key=/api/backend/4,2.5
2026-08-14_12-43-12-721406_earlyRefresh,earlyRefresh,synchronized-expiry,1786711433.721000,40.999594,faf_by_key,key=/api/backend/4,2.5
2026-08-14_12-43-12-721406_earlyRefresh,earlyRefresh,synchronized-expiry,1786711434.721000,41.999594,faf_by_key,key=/api/backend/4,2.5
2026-08-14_12-43-12-721406_earlyRefresh,earlyRefresh,synchronized-expiry,1786711435.721000,42.999594,faf_by_key,key=/api/backend/4,2.2
2026-08-14_12-43-12-721406_earlyRefresh,earlyRefresh,synchronized-expiry,1786711436.721000,43.999594,faf_by_key,key=/api/backend/4,2.2
2026-08-14_12-43-12-721406_earlyRefresh,earlyRefresh,synchronized-expiry,1786711437.721000,44.999594,faf_by_key,key=/api/backend/4,2.2
2026-08-14_12-43-12-721406_earlyRefresh,earlyRefresh,synchronized-expiry,1786711438.721000,45.999594,faf_by_key,key=/api/backend/4,2.2
2026-08-14_12-43-12-721406_earlyRefresh,earlyRefresh,synchronized-expiry,1786711439.721000,46.999594,faf_by_key,key=/api/backend/4,2.2
2026-08-14_12-43-12-721406_earlyRefresh,earlyRefresh,synchronized-expiry,1786711440.721000,47.999594,faf_by_key,key=/api/backend/4,2.2
2026-08-14_12-43-12-721406_earlyRefresh,earlyRefresh,synchronized-expiry,1786711441.721000,48.999594,faf_by_key,key=/api/backend/4,2.2
2026-08-14_12-43-12-721406_earlyRefresh,earlyRefresh,synchronized-expiry,1786711442.721000,49.999594,faf_by_key,key=/api/backend/4,2.2
2026-08-14_12-43-12-721406_earlyRefresh,earlyRefresh,synchronized-expiry,1786711443.721000,50.999594,faf_by_key,key=/api/backend/4,2.2
2026-08-14_12-43-12-721406_earlyRefresh,earlyRefresh,synchronized-expiry,1786711444.721000,51.999594,faf_by_key,key=/api/backend/4,2.2
2026-08-14_12-43-12-721406_earlyRefresh,earlyRefresh,synchronized-expiry,1786711445.721000,52.999594,faf_by_key,key=/api/backend/4,2.2
2026-08-14_12-43-12-721406_earlyRefresh,earlyRefresh,synchronized-expiry,1786711446.721000,53.999594,faf_by_key,key=/api/backend/4,2.5
2026-08-14_12-43-12-721406_earlyRefresh,earlyRefresh,synchronized-expiry,1786711447.721000,54.999594,faf_by_key,key=/api/backend/4,2.5
2026-08-14_12-43-12-721406_earlyRefresh,earlyRefresh,synchronized-expiry,1786711448.721000,55.999594,faf_by_key,key=/api/backend/4,2.5
2026-08-14_12-43-12-721406_earlyRefresh,earlyRefresh,synchronized-expiry,1786711449.721000,56.999594,faf_by_key,key=/api/backend/4,2.5
2026-08-14_12-43-12-721406_earlyRefresh,earlyRefresh,synchronized-expiry,1786711450.721000,57.999594,faf_by_key,key=/api/backend/4,2.5
2026-08-14_12-43-12-721406_earlyRefresh,earlyRefresh,synchronized-expiry,1786711451.721000,58.999594,faf_by_key,key=/api/backend/4,2.5
2026-08-14_12-43-12-721406_earlyRefresh,earlyRefresh,synchronized-expiry,1786711452.721000,59.999594,faf_by_key,key=/api/backend/4,2.5
2026-08-14_12-43-12-721406_earlyRefresh,earlyRefresh,synchronized-expiry,1786711393.721000,0.999594,faf_by_key,key=/api/backend/5,1
2026-08-14_12-43-12-721406_earlyRefresh,earlyRefresh,synchronized-expiry,1786711394.721000,1.999594,faf_by_key,key=/api/backend/5,1
2026-08-14_12-43-12-721406_earlyRefresh,earlyRefresh,synchronized-expiry,1786711395.721000,2.999594,faf_by_key,key=/api/backend/5,1
2026-08-14_12-43-12-721406_earlyRefresh,earlyRefresh,synchronized-expiry,1786711396.721000,3.999594,faf_by_key,key=/api/backend/5,1
2026-08-14_12-43-12-721406_earlyRefresh,earlyRefresh,synchronized-expiry,1786711397.721000,4.999594,faf_by_key,key=/api/backend/5,1
2026-08-14_12-43-12-721406_earlyRefresh,earlyRefresh,synchronized-expiry,1786711398.721000,5.999594,faf_by_key,key=/api/backend/5,1
2026-08-14_12-43-12-721406_earlyRefresh,earlyRefresh,synchronized-expiry,1786711399.721000,6.999594,faf_by_key,key=/api/backend/5,1
2026-08-14_12-43-12-721406_earlyRefresh,earlyRefresh,synchronized-expiry,1786711400.721000,7.999594,faf_by_key,key=/api/backend/5,1
2026-08-14_12-43-12-721406_earlyRefresh,earlyRefresh,synchronized-expiry,1786711401.721000,8.999594,faf_by_key,key=/api/backend/5,1
2026-08-14_12-43-12-721406_earlyRefresh,earlyRefresh,synchronized-expiry,1786711402.721000,9.999594,faf_by_key,key=/api/backend/5,1
2026-08-14_12-43-12-721406_earlyRefresh,earlyRefresh,synchronized-expiry,1786711403.721000,10.999594,faf_by_key,key=/api/backend/5,1
2026-08-14_12-43-12-721406_earlyRefresh,earlyRefresh,synchronized-expiry,1786711404.721000,11.999594,faf_by_key,key=/api/backend/5,3.5
2026-08-14_12-43-12-721406_earlyRefresh,earlyRefresh,synchronized-expiry,1786711405.721000,12.999594,faf_by_key,key=/api/backend/5,5.5
2026-08-14_12-43-12-721406_earlyRefresh,earlyRefresh,synchronized-expiry,1786711406.721000,13.999594,faf_by_key,key=/api/backend/5,5.5
2026-08-14_12-43-12-721406_earlyRefresh,earlyRefresh,synchronized-expiry,1786711407.721000,14.999594,faf_by_key,key=/api/backend/5,5.5
2026-08-14_12-43-12-721406_earlyRefresh,earlyRefresh,synchronized-expiry,1786711408.721000,15.999594,faf_by_key,key=/api/backend/5,5.5
2026-08-14_12-43-12-721406_earlyRefresh,earlyRefresh,synchronized-expiry,1786711409.721000,16.999594,faf_by_key,key=/api/backend/5,5.5
2026-08-14_12-43-12-721406_earlyRefresh,earlyRefresh,synchronized-expiry,1786711410.721000,17.999594,faf_by_key,key=/api/backend/5,5.5
2026-08-14_12-43-12-721406_earlyRefresh,earlyRefresh,synchronized-expiry,1786711411.721000,18.999594,faf_by_key,key=/api/backend/5,5.5
2026-08-14_12-43-12-721406_earlyRefresh,earlyRefresh,synchronized-expiry,1786711412.721000,19.999594,faf_by_key,key=/api/backend/5,5.5
2026-08-14_12-43-12-721406_earlyRefresh,earlyRefresh,synchronized-expiry,1786711413.721000,20.999594,faf_by_key,key=/api/backend/5,5.5
2026-08-14_12-43-12-721406_earlyRefresh,earlyRefresh,synchronized-expiry,1786711414.721000,21.999594,faf_by_key,key=/api/backend/5,5.5
2026-08-14_12-43-12-721406_earlyRefresh,earlyRefresh,synchronized-expiry,1786711415.721000,22.999594,faf_by_key,key=/api/backend/5,4.333333333333333
2026-08-14_12-43-12-721406_earlyRefresh,earlyRefresh,synchronized-expiry,1786711416.721000,23.999594,faf_by_key,key=/api/backend/5,4.333333333333333
2026-08-14_12-43-12-721406_earlyRefresh,earlyRefresh,synchronized-expiry,1786711417.721000,24.999594,faf_by_key,key=/api/backend/5,4.333333333333333
2026-08-14_12-43-12-721406_earlyRefresh,earlyRefresh,synchronized-expiry,1786711418.721000,25.999594,faf_by_key,key=/api/backend/5,4.333333333333333
2026-08-14_12-43-12-721406_earlyRefresh,earlyRefresh,synchronized-expiry,1786711419.721000,26.999594,faf_by_key,key=/api/backend/5,4.333333333333333
2026-08-14_12-43-12-721406_earlyRefresh,earlyRefresh,synchronized-expiry,1786711420.721000,27.999594,faf_by_key,key=/api/backend/5,4.333333333333333
2026-08-14_12-43-12-721406_earlyRefresh,earlyRefresh,synchronized-expiry,1786711421.721000,28.999594,faf_by_key,key=/api/backend/5,4.333333333333333
2026-08-14_12-43-12-721406_earlyRefresh,earlyRefresh,synchronized-expiry,1786711422.721000,29.999594,faf_by_key,key=/api/backend/5,4.333333333333333
2026-08-14_12-43-12-721406_earlyRefresh,earlyRefresh,synchronized-expiry,1786711423.721000,30.999594,faf_by_key,key=/api/backend/5,4.333333333333333
2026-08-14_12-43-12-721406_earlyRefresh,earlyRefresh,synchronized-expiry,1786711424.721000,31.999594,faf_by_key,key=/api/backend/5,4.333333333333333
2026-08-14_12-43-12-721406_earlyRefresh,earlyRefresh,synchronized-expiry,1786711425.721000,32.999594,faf_by_key,key=/api/backend/5,3.5
2026-08-14_12-43-12-721406_earlyRefresh,earlyRefresh,synchronized-expiry,1786711426.721000,33.999594,faf_by_key,key=/api/backend/5,3.5
2026-08-14_12-43-12-721406_earlyRefresh,earlyRefresh,synchronized-expiry,1786711427.721000,34.999594,faf_by_key,key=/api/backend/5,3.5
2026-08-14_12-43-12-721406_earlyRefresh,earlyRefresh,synchronized-expiry,1786711428.721000,35.999594,faf_by_key,key=/api/backend/5,3.5
2026-08-14_12-43-12-721406_earlyRefresh,earlyRefresh,synchronized-expiry,1786711429.721000,36.999594,faf_by_key,key=/api/backend/5,3.5
2026-08-14_12-43-12-721406_earlyRefresh,earlyRefresh,synchronized-expiry,1786711430.721000,37.999594,faf_by_key,key=/api/backend/5,3.5
2026-08-14_12-43-12-721406_earlyRefresh,earlyRefresh,synchronized-expiry,1786711431.721000,38.999594,faf_by_key,key=/api/backend/5,3.5
2026-08-14_12-43-12-721406_earlyRefresh,earlyRefresh,synchronized-expiry,1786711432.721000,39.999594,faf_by_key,key=/api/backend/5,3.5
2026-08-14_12-43-12-721406_earlyRefresh,earlyRefresh,synchronized-expiry,1786711433.721000,40.999594,faf_by_key,key=/api/backend/5,3.5
2026-08-14_12-43-12-721406_earlyRefresh,earlyRefresh,synchronized-expiry,1786711434.721000,41.999594,faf_by_key,key=/api/backend/5,3.5
2026-08-14_12-43-12-721406_earlyRefresh,earlyRefresh,synchronized-expiry,1786711435.721000,42.999594,faf_by_key,key=/api/backend/5,3.5
2026-08-14_12-43-12-721406_earlyRefresh,earlyRefresh,synchronized-expiry,1786711436.721000,43.999594,faf_by_key,key=/api/backend/5,3
2026-08-14_12-43-12-721406_earlyRefresh,earlyRefresh,synchronized-expiry,1786711437.721000,44.999594,faf_by_key,key=/api/backend/5,3
2026-08-14_12-43-12-721406_earlyRefresh,earlyRefresh,synchronized-expiry,1786711438.721000,45.999594,faf_by_key,key=/api/backend/5,3
2026-08-14_12-43-12-721406_earlyRefresh,earlyRefresh,synchronized-expiry,1786711439.721000,46.999594,faf_by_key,key=/api/backend/5,3
2026-08-14_12-43-12-721406_earlyRefresh,earlyRefresh,synchronized-expiry,1786711440.721000,47.999594,faf_by_key,key=/api/backend/5,3
2026-08-14_12-43-12-721406_earlyRefresh,earlyRefresh,synchronized-expiry,1786711441.721000,48.999594,faf_by_key,key=/api/backend/5,3
2026-08-14_12-43-12-721406_earlyRefresh,earlyRefresh,synchronized-expiry,1786711442.721000,49.999594,faf_by_key,key=/api/backend/5,3
2026-08-14_12-43-12-721406_earlyRefresh,earlyRefresh,synchronized-expiry,1786711443.721000,50.999594,faf_by_key,key=/api/backend/5,3
2026-08-14_12-43-12-721406_earlyRefresh,earlyRefresh,synchronized-expiry,1786711444.721000,51.999594,faf_by_key,key=/api/backend/5,3
2026-08-14_12-43-12-721406_earlyRefresh,earlyRefresh,synchronized-expiry,1786711445.721000,52.999594,faf_by_key,key=/api/backend/5,3
2026-08-14_12-43-12-721406_earlyRefresh,earlyRefresh,synchronized-expiry,1786711446.721000,53.999594,faf_by_key,key=/api/backend/5,2.8333333333333335
2026-08-14_12-43-12-721406_earlyRefresh,earlyRefresh,synchronized-expiry,1786711447.721000,54.999594,faf_by_key,key=/api/backend/5,2.8333333333333335
2026-08-14_12-43-12-721406_earlyRefresh,earlyRefresh,synchronized-expiry,1786711448.721000,55.999594,faf_by_key,key=/api/backend/5,2.8333333333333335
2026-08-14_12-43-12-721406_earlyRefresh,earlyRefresh,synchronized-expiry,1786711449.721000,56.999594,faf_by_key,key=/api/backend/5,2.8333333333333335
2026-08-14_12-43-12-721406_earlyRefresh,earlyRefresh,synchronized-expiry,1786711450.721000,57.999594,faf_by_key,key=/api/backend/5,2.8333333333333335
2026-08-14_12-43-12-721406_earlyRefresh,earlyRefresh,synchronized-expiry,1786711451.721000,58.999594,faf_by_key,key=/api/backend/5,2.8333333333333335
2026-08-14_12-43-12-721406_earlyRefresh,earlyRefresh,synchronized-expiry,1786711452.721000,59.999594,faf_by_key,key=/api/backend/5,2.8333333333333335
2026-08-14_12-43-12-721406_earlyRefresh,earlyRefresh,synchronized-expiry,1786711392.721000,-0.000406,average_request_duration,all,0
2026-08-14_12-43-12-721406_earlyRefresh,earlyRefresh,synchronized-expiry,1786711393.721000,0.999594,average_request_duration,all,0
2026-08-14_12-43-12-721406_earlyRefresh,earlyRefresh,synchronized-expiry,1786711394.721000,1.999594,average_request_duration,all,0.018087289537593577
2026-08-14_12-43-12-721406_earlyRefresh,earlyRefresh,synchronized-expiry,1786711395.721000,2.999594,average_request_duration,all,0.008130700811683772
2026-08-14_12-43-12-721406_earlyRefresh,earlyRefresh,synchronized-expiry,1786711396.721000,3.999594,average_request_duration,all,0.005253719856125506
2026-08-14_12-43-12-721406_earlyRefresh,earlyRefresh,synchronized-expiry,1786711397.721000,4.999594,average_request_duration,all,0.0038875058561151925
2026-08-14_12-43-12-721406_earlyRefresh,earlyRefresh,synchronized-expiry,1786711398.721000,5.999594,average_request_duration,all,0.003090158152218789
2026-08-14_12-43-12-721406_earlyRefresh,earlyRefresh,synchronized-expiry,1786711399.721000,6.999594,average_request_duration,all,0.002566850072249979
2026-08-14_12-43-12-721406_earlyRefresh,earlyRefresh,synchronized-expiry,1786711400.721000,7.999594,average_request_duration,all,0.002197182325523338
2026-08-14_12-43-12-721406_earlyRefresh,earlyRefresh,synchronized-expiry,1786711401.721000,8.999594,average_request_duration,all,0.0019230753197182694
2026-08-14_12-43-12-721406_earlyRefresh,earlyRefresh,synchronized-expiry,1786711402.721000,9.999594,average_request_duration,all,0.00170962695569186
2026-08-14_12-43-12-721406_earlyRefresh,earlyRefresh,synchronized-expiry,1786711403.721000,10.999594,average_request_duration,all,0.000052265023618597104
2026-08-14_12-43-12-721406_earlyRefresh,earlyRefresh,synchronized-expiry,1786711404.721000,11.999594,average_request_duration,all,0.006406177963224895
2026-08-14_12-43-12-721406_earlyRefresh,earlyRefresh,synchronized-expiry,1786711405.721000,12.999594,average_request_duration,all,0.02440951383381294
2026-08-14_12-43-12-721406_earlyRefresh,earlyRefresh,synchronized-expiry,1786711406.721000,13.999594,average_request_duration,all,0.024409586373611118
2026-08-14_12-43-12-721406_earlyRefresh,earlyRefresh,synchronized-expiry,1786711407.721000,14.999594,average_request_duration,all,0.024409598309548693
2026-08-14_12-43-12-721406_earlyRefresh,earlyRefresh,synchronized-expiry,1786711408.721000,15.999594,average_request_duration,all,0.024409521247222225
2026-08-14_12-43-12-721406_earlyRefresh,earlyRefresh,synchronized-expiry,1786711409.721000,16.999594,average_request_duration,all,0.02440982534479274
2026-08-14_12-43-12-721406_earlyRefresh,earlyRefresh,synchronized-expiry,1786711410.721000,17.999594,average_request_duration,all,0.02440991438498744
2026-08-14_12-43-12-721406_earlyRefresh,earlyRefresh,synchronized-expiry,1786711411.721000,18.999594,average_request_duration,all,0.02440990059861111
2026-08-14_12-43-12-721406_earlyRefresh,earlyRefresh,synchronized-expiry,1786711412.721000,19.999594,average_request_duration,all,0.024410061687662882
2026-08-14_12-43-12-721406_earlyRefresh,earlyRefresh,synchronized-expiry,1786711413.721000,20.999594,average_request_duration,all,0.017847219566729473
2026-08-14_12-43-12-721406_earlyRefresh,earlyRefresh,synchronized-expiry,1786711414.721000,21.999594,average_request_duration,all,0.0009408251601753891
2026-08-14_12-43-12-721406_earlyRefresh,earlyRefresh,synchronized-expiry,1786711415.721000,22.999594,average_request_duration,all,0.0018754571839387007
2026-08-14_12-43-12-721406_earlyRefresh,earlyRefresh,synchronized-expiry,1786711416.721000,23.999594,average_request_duration,all,0.0024742784058171497
2026-08-14_12-43-12-721406_earlyRefresh,earlyRefresh,synchronized-expiry,1786711417.721000,24.999594,average_request_duration,all,0.0024749859944263584
2026-08-14_12-43-12-721406_earlyRefresh,earlyRefresh,synchronized-expiry,1786711418.721000,25.999594,average_request_duration,all,0.0024760085651941727
2026-08-14_12-43-12-721406_earlyRefresh,earlyRefresh,synchronized-expiry,1786711419.721000,26.999594,average_request_duration,all,0.002474040643148215
2026-08-14_12-43-12-721406_earlyRefresh,earlyRefresh,synchronized-expiry,1786711420.721000,27.999594,average_request_duration,all,0.002476569234722202
2026-08-14_12-43-12-721406_earlyRefresh,earlyRefresh,synchronized-expiry,1786711421.721000,28.999594,average_request_duration,all,0.0024762481412053164
2026-08-14_12-43-12-721406_earlyRefresh,earlyRefresh,synchronized-expiry,1786711422.721000,29.999594,average_request_duration,all,0.0024776089020937158
2026-08-14_12-43-12-721406_earlyRefresh,earlyRefresh,synchronized-expiry,1786711423.721000,30.999594,average_request_duration,all,0.0015860599043025867
2026-08-14_12-43-12-721406_earlyRefresh,earlyRefresh,synchronized-expiry,1786711424.721000,31.999594,average_request_duration,all,0.0006559090837114868
2026-08-14_12-43-12-721406_earlyRefresh,earlyRefresh,synchronized-expiry,1786711425.721000,32.999594,average_request_duration,all,0.004932397269049007
2026-08-14_12-43-12-721406_earlyRefresh,earlyRefresh,synchronized-expiry,1786711426.721000,33.999594,average_request_duration,all,0.013259154450000013
2026-08-14_12-43-12-721406_earlyRefresh,earlyRefresh,synchronized-expiry,1786711427.721000,34.999594,average_request_duration,all,0.013258047089139212
2026-08-14_12-43-12-721406_earlyRefresh,earlyRefresh,synchronized-expiry,1786711428.721000,35.999594,average_request_duration,all,0.013258581715277796
2026-08-14_12-43-12-721406_earlyRefresh,earlyRefresh,synchronized-expiry,1786711429.721000,36.999594,average_request_duration,all,0.013257198482489626
2026-08-14_12-43-12-721406_earlyRefresh,earlyRefresh,synchronized-expiry,1786711430.721000,37.999594,average_request_duration,all,0.01325653894932983
2026-08-14_12-43-12-721406_earlyRefresh,earlyRefresh,synchronized-expiry,1786711431.721000,38.999594,average_request_duration,all,0.013255724542837433
2026-08-14_12-43-12-721406_earlyRefresh,earlyRefresh,synchronized-expiry,1786711432.721000,39.999594,average_request_duration,all,0.013258115626388877
2026-08-14_12-43-12-721406_earlyRefresh,earlyRefresh,synchronized-expiry,1786711433.721000,40.999594,average_request_duration,all,0.013257770445508108
2026-08-14_12-43-12-721406_earlyRefresh,earlyRefresh,synchronized-expiry,1786711434.721000,41.999594,average_request_duration,all,0.008331531011602852
2026-08-14_12-43-12-721406_earlyRefresh,earlyRefresh,synchronized-expiry,1786711435.721000,42.999594,average_request_duration,all,0.0009692488356546096
2026-08-14_12-43-12-721406_earlyRefresh,earlyRefresh,synchronized-expiry,1786711436.721000,43.999594,average_request_duration,all,0.0032361889094707657
2026-08-14_12-43-12-721406_earlyRefresh,earlyRefresh,synchronized-expiry,1786711437.721000,44.999594,average_request_duration,all,0.003873418984912594
2026-08-14_12-43-12-721406_earlyRefresh,earlyRefresh,synchronized-expiry,1786711438.721000,45.999594,average_request_duration,all,0.0038737782590718903
2026-08-14_12-43-12-721406_earlyRefresh,earlyRefresh,synchronized-expiry,1786711439.721000,46.999594,average_request_duration,all,0.0038727161597222224
2026-08-14_12-43-12-721406_earlyRefresh,earlyRefresh,synchronized-expiry,1786711440.721000,47.999594,average_request_duration,all,0.0038720876152777846
2026-08-14_12-43-12-721406_earlyRefresh,earlyRefresh,synchronized-expiry,1786711441.721000,48.999594,average_request_duration,all,0.003871186454166674
2026-08-14_12-43-12-721406_earlyRefresh,earlyRefresh,synchronized-expiry,1786711442.721000,49.999594,average_request_duration,all,0.0038706698083333367
2026-08-14_12-43-12-721406_earlyRefresh,earlyRefresh,synchronized-expiry,1786711443.721000,50.999594,average_request_duration,all,0.003870589484286623
2026-08-14_12-43-12-721406_earlyRefresh,earlyRefresh,synchronized-expiry,1786711444.721000,51.999594,average_request_duration,all,0.0029477655053450932
2026-08-14_12-43-12-721406_earlyRefresh,earlyRefresh,synchronized-expiry,1786711445.721000,52.999594,average_request_duration,all,0.0009901332001903966
2026-08-14_12-43-12-721406_earlyRefresh,earlyRefresh,synchronized-expiry,1786711446.721000,53.999594,average_request_duration,all,0.003982742474198015
2026-08-14_12-43-12-721406_earlyRefresh,earlyRefresh,synchronized-expiry,1786711447.721000,54.999594,average_request_duration,all,0.0056945098925365355
2026-08-14_12-43-12-721406_earlyRefresh,earlyRefresh,synchronized-expiry,1786711448.721000,55.999594,average_request_duration,all,0.005695815155555543
2026-08-14_12-43-12-721406_earlyRefresh,earlyRefresh,synchronized-expiry,1786711449.721000,56.999594,average_request_duration,all,0.005695847676388885
2026-08-14_12-43-12-721406_earlyRefresh,earlyRefresh,synchronized-expiry,1786711450.721000,57.999594,average_request_duration,all,0.005695916649999997
2026-08-14_12-43-12-721406_earlyRefresh,earlyRefresh,synchronized-expiry,1786711451.721000,58.999594,average_request_duration,all,0.005695796059560069
2026-08-14_12-43-12-721406_earlyRefresh,earlyRefresh,synchronized-expiry,1786711452.721000,59.999594,average_request_duration,all,0.005695617602777782
2026-08-14_12-43-12-721406_earlyRefresh,earlyRefresh,synchronized-expiry,1786711392.721000,-0.000406,average_backend_duration,all,0
2026-08-14_12-43-12-721406_earlyRefresh,earlyRefresh,synchronized-expiry,1786711393.721000,0.999594,average_backend_duration,all,0
2026-08-14_12-43-12-721406_earlyRefresh,earlyRefresh,synchronized-expiry,1786711394.721000,1.999594,average_backend_duration,all,0.233095919370945
2026-08-14_12-43-12-721406_earlyRefresh,earlyRefresh,synchronized-expiry,1786711395.721000,2.999594,average_backend_duration,all,0.23309589964439223
2026-08-14_12-43-12-721406_earlyRefresh,earlyRefresh,synchronized-expiry,1786711396.721000,3.999594,average_backend_duration,all,0.23309590216963602
2026-08-14_12-43-12-721406_earlyRefresh,earlyRefresh,synchronized-expiry,1786711397.721000,4.999594,average_backend_duration,all,0.23309590216963602
2026-08-14_12-43-12-721406_earlyRefresh,earlyRefresh,synchronized-expiry,1786711398.721000,5.999594,average_backend_duration,all,0.233095919370945
2026-08-14_12-43-12-721406_earlyRefresh,earlyRefresh,synchronized-expiry,1786711399.721000,6.999594,average_backend_duration,all,0.23309590216963602
2026-08-14_12-43-12-721406_earlyRefresh,earlyRefresh,synchronized-expiry,1786711400.721000,7.999594,average_backend_duration,all,0.23309591883528633
2026-08-14_12-43-12-721406_earlyRefresh,earlyRefresh,synchronized-expiry,1786711401.721000,8.999594,average_backend_duration,all,0.23309593856226613
2026-08-14_12-43-12-721406_earlyRefresh,earlyRefresh,synchronized-expiry,1786711402.721000,9.999594,average_backend_duration,all,0.23309591784147962
2026-08-14_12-43-12-721406_earlyRefresh,earlyRefresh,synchronized-expiry,1786711403.721000,10.999594,average_backend_duration,all,0
2026-08-14_12-43-12-721406_earlyRefresh,earlyRefresh,synchronized-expiry,1786711404.721000,11.999594,average_backend_duration,all,0.3734488966666667
2026-08-14_12-43-12-721406_earlyRefresh,earlyRefresh,synchronized-expiry,1786711405.721000,12.999594,average_backend_duration,all,0.6038536719264221
2026-08-14_12-43-12-721406_earlyRefresh,earlyRefresh,synchronized-expiry,1786711406.721000,13.999594,average_backend_duration,all,0.6038538862068965
2026-08-14_12-43-12-721406_earlyRefresh,earlyRefresh,synchronized-expiry,1786711407.721000,14.999594,average_backend_duration,all,0.6038541005136445
2026-08-14_12-43-12-721406_earlyRefresh,earlyRefresh,synchronized-expiry,1786711408.721000,15.999594,average_backend_duration,all,0.6038538862068965
2026-08-14_12-43-12-721406_earlyRefresh,earlyRefresh,synchronized-expiry,1786711409.721000,16.999594,average_backend_duration,all,0.6038541004898338
2026-08-14_12-43-12-721406_earlyRefresh,earlyRefresh,synchronized-expiry,1786711410.721000,17.999594,average_backend_duration,all,0.6038541005136445
2026-08-14_12-43-12-721406_earlyRefresh,earlyRefresh,synchronized-expiry,1786711411.721000,18.999594,average_backend_duration,all,0.6038538862068965
2026-08-14_12-43-12-721406_earlyRefresh,earlyRefresh,synchronized-expiry,1786711412.721000,19.999594,average_backend_duration,all,0.603853671902612
2026-08-14_12-43-12-721406_earlyRefresh,earlyRefresh,synchronized-expiry,1786711413.721000,20.999594,average_backend_duration,all,0.7664903318797077
2026-08-14_12-43-12-721406_earlyRefresh,earlyRefresh,synchronized-expiry,1786711414.721000,21.999594,average_backend_duration,all,0.21183441241875575
2026-08-14_12-43-12-721406_earlyRefresh,earlyRefresh,synchronized-expiry,1786711415.721000,22.999594,average_backend_duration,all,0.2170294152723651
2026-08-14_12-43-12-721406_earlyRefresh,earlyRefresh,synchronized-expiry,1786711416.721000,23.999594,average_backend_duration,all,0.21694463876006428
2026-08-14_12-43-12-721406_earlyRefresh,earlyRefresh,synchronized-expiry,1786711417.721000,24.999594,average_backend_duration,all,0.21694456100179177
2026-08-14_12-43-12-721406_earlyRefresh,earlyRefresh,synchronized-expiry,1786711418.721000,25.999594,average_backend_duration,all,0.21694456100179177
2026-08-14_12-43-12-721406_earlyRefresh,earlyRefresh,synchronized-expiry,1786711419.721000,26.999594,average_backend_duration,all,0.21694440549604774
2026-08-14_12-43-12-721406_earlyRefresh,earlyRefresh,synchronized-expiry,1786711420.721000,27.999594,average_backend_duration,all,0.21694448324999985
2026-08-14_12-43-12-721406_earlyRefresh,earlyRefresh,synchronized-expiry,1786711421.721000,28.999594,average_backend_duration,all,0.21694456100179177
2026-08-14_12-43-12-721406_earlyRefresh,earlyRefresh,synchronized-expiry,1786711422.721000,29.999594,average_backend_duration,all,0.21694440549604774
2026-08-14_12-43-12-721406_earlyRefresh,earlyRefresh,synchronized-expiry,1786711423.721000,30.999594,average_backend_duration,all,0.22001048925047784
2026-08-14_12-43-12-721406_earlyRefresh,earlyRefresh,synchronized-expiry,1786711424.721000,31.999594,average_backend_duration,all,0.21669139307705526
2026-08-14_12-43-12-721406_earlyRefresh,earlyRefresh,synchronized-expiry,1786711425.721000,32.999594,average_backend_duration,all,0.31379648770782703
2026-08-14_12-43-12-721406_earlyRefresh,earlyRefresh,synchronized-expiry,1786711426.721000,33.999594,average_backend_duration,all,0.41237535295652167
2026-08-14_12-43-12-721406_earlyRefresh,earlyRefresh,synchronized-expiry,1786711427.721000,34.999594,average_backend_duration,all,0.4123751678250873
2026-08-14_12-43-12-721406_earlyRefresh,earlyRefresh,synchronized-expiry,1786711428.721000,35.999594,average_backend_duration,all,0.41237535295652167
2026-08-14_12-43-12-721406_earlyRefresh,earlyRefresh,synchronized-expiry,1786711429.721000,36.999594,average_backend_duration,all,0.4123751678250873
2026-08-14_12-43-12-721406_earlyRefresh,earlyRefresh,synchronized-expiry,1786711430.721000,37.999594,average_backend_duration,all,0.4123751678456563
2026-08-14_12-43-12-721406_earlyRefresh,earlyRefresh,synchronized-expiry,1786711431.721000,38.999594,average_backend_duration,all,0.4123755380682813
2026-08-14_12-43-12-721406_earlyRefresh,earlyRefresh,synchronized-expiry,1786711432.721000,39.999594,average_backend_duration,all,0.41237535295652167
2026-08-14_12-43-12-721406_earlyRefresh,earlyRefresh,synchronized-expiry,1786711433.721000,40.999594,average_backend_duration,all,0.4123755380682813
2026-08-14_12-43-12-721406_earlyRefresh,earlyRefresh,synchronized-expiry,1786711434.721000,41.999594,average_backend_duration,all,0.5027395676397178
2026-08-14_12-43-12-721406_earlyRefresh,earlyRefresh,synchronized-expiry,1786711435.721000,42.999594,average_backend_duration,all,0.2183813110000005
2026-08-14_12-43-12-721406_earlyRefresh,earlyRefresh,synchronized-expiry,1786711436.721000,43.999594,average_backend_duration,all,0.22786171120000043
2026-08-14_12-43-12-721406_earlyRefresh,earlyRefresh,synchronized-expiry,1786711437.721000,44.999594,average_backend_duration,all,0.22845296507573612
2026-08-14_12-43-12-721406_earlyRefresh,earlyRefresh,synchronized-expiry,1786711438.721000,45.999594,average_backend_duration,all,0.22845296507573612
2026-08-14_12-43-12-721406_earlyRefresh,earlyRefresh,synchronized-expiry,1786711439.721000,46.999594,average_backend_duration,all,0.22845312300000029
2026-08-14_12-43-12-721406_earlyRefresh,earlyRefresh,synchronized-expiry,1786711440.721000,47.999594,average_backend_duration,all,0.22845312300000029
2026-08-14_12-43-12-721406_earlyRefresh,earlyRefresh,synchronized-expiry,1786711441.721000,48.999594,average_backend_duration,all,0.22845312300000029
2026-08-14_12-43-12-721406_earlyRefresh,earlyRefresh,synchronized-expiry,1786711442.721000,49.999594,average_backend_duration,all,0.22845312300000029
2026-08-14_12-43-12-721406_earlyRefresh,earlyRefresh,synchronized-expiry,1786711443.721000,50.999594,average_backend_duration,all,0.22845328094473746
2026-08-14_12-43-12-721406_earlyRefresh,earlyRefresh,synchronized-expiry,1786711444.721000,51.999594,average_backend_duration,all,0.23181052482856984
2026-08-14_12-43-12-721406_earlyRefresh,earlyRefresh,synchronized-expiry,1786711445.721000,52.999594,average_backend_duration,all,0.2247631616666664
2026-08-14_12-43-12-721406_earlyRefresh,earlyRefresh,synchronized-expiry,1786711446.721000,53.999594,average_backend_duration,all,0.23407146524999972
2026-08-14_12-43-12-721406_earlyRefresh,earlyRefresh,synchronized-expiry,1786711447.721000,54.999594,average_backend_duration,all,0.23814408415978913
2026-08-14_12-43-12-721406_earlyRefresh,earlyRefresh,synchronized-expiry,1786711448.721000,55.999594,average_backend_duration,all,0.23814377394117606
2026-08-14_12-43-12-721406_earlyRefresh,earlyRefresh,synchronized-expiry,1786711449.721000,56.999594,average_backend_duration,all,0.23814377394117606
2026-08-14_12-43-12-721406_earlyRefresh,earlyRefresh,synchronized-expiry,1786711450.721000,57.999594,average_backend_duration,all,0.23814377394117606
2026-08-14_12-43-12-721406_earlyRefresh,earlyRefresh,synchronized-expiry,1786711451.721000,58.999594,average_backend_duration,all,0.2381440841942684
2026-08-14_12-43-12-721406_earlyRefresh,earlyRefresh,synchronized-expiry,1786711452.721000,59.999594,average_backend_duration,all,0.23814377394117606
2026-08-14_12-43-12-721406_earlyRefresh,earlyRefresh,synchronized-expiry,1786711392.721000,-0.000406,failure_amplification_factor,all,0
2026-08-14_12-43-12-721406_earlyRefresh,earlyRefresh,synchronized-expiry,1786711393.721000,0.999594,failure_amplification_factor,all,1.6483097153105575
2026-08-14_12-43-12-721406_earlyRefresh,earlyRefresh,synchronized-expiry,1786711394.721000,1.999594,failure_amplification_factor,all,0.07564490252034978
2026-08-14_12-43-12-721406_earlyRefresh,earlyRefresh,synchronized-expiry,1786711395.721000,2.999594,failure_amplification_factor,all,0.03391058400062615
2026-08-14_12-43-12-721406_earlyRefresh,earlyRefresh,synchronized-expiry,1786711396.721000,3.999594,failure_amplification_factor,all,0.021864562136877833
2026-08-14_12-43-12-721406_earlyRefresh,earlyRefresh,synchronized-expiry,1786711397.721000,4.999594,failure_amplification_factor,all,0.0161395906733082
2026-08-14_12-43-12-721406_earlyRefresh,earlyRefresh,synchronized-expiry,1786711398.721000,5.999594,failure_amplification_factor,all,0.012793962313324268
2026-08-14_12-43-12-721406_earlyRefresh,earlyRefresh,synchronized-expiry,1786711399.721000,6.999594,failure_amplification_factor,all,0.010598722351465762
2026-08-14_12-43-12-721406_earlyRefresh,earlyRefresh,synchronized-expiry,1786711400.721000,7.999594,failure_amplification_factor,all,0.009047665884477515
2026-08-14_12-43-12-721406_earlyRefresh,earlyRefresh,synchronized-expiry,1786711401.721000,8.999594,failure_amplification_factor,all,0.00789372138542496
2026-08-14_12-43-12-721406_earlyRefresh,earlyRefresh,synchronized-expiry,1786711402.721000,9.999594,failure_amplification_factor,all,0.007001680659051171
2026-08-14_12-43-12-721406_earlyRefresh,earlyRefresh,synchronized-expiry,1786711403.721000,10.999594,failure_amplification_factor,all,0.017613588977035726
2026-08-14_12-43-12-721406_earlyRefresh,earlyRefresh,synchronized-expiry,1786711404.721000,11.999594,failure_amplification_factor,all,0.038835805840165716
2026-08-14_12-43-12-721406_earlyRefresh,earlyRefresh,synchronized-expiry,1786711405.721000,12.999594,failure_amplification_factor,all,0.03556253451543643
2026-08-14_12-43-12-721406_earlyRefresh,earlyRefresh,synchronized-expiry,1786711406.721000,13.999594,failure_amplification_factor,all,0.03279833709416399
2026-08-14_12-43-12-721406_earlyRefresh,earlyRefresh,synchronized-expiry,1786711407.721000,14.999594,failure_amplification_factor,all,0.030434239286381226
2026-08-14_12-43-12-721406_earlyRefresh,earlyRefresh,synchronized-expiry,1786711408.721000,15.999594,failure_amplification_factor,all,0.02838964236373969
2026-08-14_12-43-12-721406_earlyRefresh,earlyRefresh,synchronized-expiry,1786711409.721000,16.999594,failure_amplification_factor,all,0.026601554686138274
2026-08-14_12-43-12-721406_earlyRefresh,earlyRefresh,synchronized-expiry,1786711410.721000,17.999594,failure_amplification_factor,all,0.025026159799755716
2026-08-14_12-43-12-721406_earlyRefresh,earlyRefresh,synchronized-expiry,1786711411.721000,18.999594,failure_amplification_factor,all,0.023628288034796593
2026-08-14_12-43-12-721406_earlyRefresh,earlyRefresh,synchronized-expiry,1786711412.721000,19.999594,failure_amplification_factor,all,0.02237746533804328
2026-08-14_12-43-12-721406_earlyRefresh,earlyRefresh,synchronized-expiry,1786711413.721000,20.999594,failure_amplification_factor,all,0.021878889070781435
2026-08-14_12-43-12-721406_earlyRefresh,earlyRefresh,synchronized-expiry,1786711414.721000,21.999594,failure_amplification_factor,all,0.0238082576830324
2026-08-14_12-43-12-721406_earlyRefresh,earlyRefresh,synchronized-expiry,1786711415.721000,22.999594,failure_amplification_factor,all,0.023857288281055086
2026-08-14_12-43-12-721406_earlyRefresh,earlyRefresh,synchronized-expiry,1786711416.721000,23.999594,failure_amplification_factor,all,0.02281687092744703
2026-08-14_12-43-12-721406_earlyRefresh,earlyRefresh,synchronized-expiry,1786711417.721000,24.999594,failure_amplification_factor,all,0.021863336897639456
2026-08-14_12-43-12-721406_earlyRefresh,earlyRefresh,synchronized-expiry,1786711418.721000,25.999594,failure_amplification_factor,all,0.020985727863986673
2026-08-14_12-43-12-721406_earlyRefresh,earlyRefresh,synchronized-expiry,1786711419.721000,26.999594,failure_amplification_factor,all,0.020176654387397207
2026-08-14_12-43-12-721406_earlyRefresh,earlyRefresh,synchronized-expiry,1786711420.721000,27.999594,failure_amplification_factor,all,0.019427767979401756
2026-08-14_12-43-12-721406_earlyRefresh,earlyRefresh,synchronized-expiry,1786711421.721000,28.999594,failure_amplification_factor,all,0.01873177083367088
2026-08-14_12-43-12-721406_earlyRefresh,earlyRefresh,synchronized-expiry,1786711422.721000,29.999594,failure_amplification_factor,all,0.018084560221737375
2026-08-14_12-43-12-721406_earlyRefresh,earlyRefresh,synchronized-expiry,1786711423.721000,30.999594,failure_amplification_factor,all,0.017481200954903655
2026-08-14_12-43-12-721406_earlyRefresh,earlyRefresh,synchronized-expiry,1786711424.721000,31.999594,failure_amplification_factor,all,0.018527253013297756
2026-08-14_12-43-12-721406_earlyRefresh,earlyRefresh,synchronized-expiry,1786711425.721000,32.999594,failure_amplification_factor,all,0.025360479614827295
2026-08-14_12-43-12-721406_earlyRefresh,earlyRefresh,synchronized-expiry,1786711426.721000,33.999594,failure_amplification_factor,all,0.02459119254284905
2026-08-14_12-43-12-721406_earlyRefresh,earlyRefresh,synchronized-expiry,1786711427.721000,34.999594,failure_amplification_factor,all,0.02386635746571553
2026-08-14_12-43-12-721406_earlyRefresh,earlyRefresh,synchronized-expiry,1786711428.721000,35.999594,failure_amplification_factor,all,0.023183733415993
2026-08-14_12-43-12-721406_earlyRefresh,earlyRefresh,synchronized-expiry,1786711429.721000,36.999594,failure_amplification_factor,all,0.022539544664538384
2026-08-14_12-43-12-721406_earlyRefresh,earlyRefresh,synchronized-expiry,1786711430.721000,37.999594,failure_amplification_factor,all,0.021930044607110857
2026-08-14_12-43-12-721406_earlyRefresh,earlyRefresh,synchronized-expiry,1786711431.721000,38.999594,failure_amplification_factor,all,0.02135211510987831
2026-08-14_12-43-12-721406_earlyRefresh,earlyRefresh,synchronized-expiry,1786711432.721000,39.999594,failure_amplification_factor,all,0.02080462774036317
2026-08-14_12-43-12-721406_earlyRefresh,earlyRefresh,synchronized-expiry,1786711433.721000,40.999594,failure_amplification_factor,all,0.020284206162258272
2026-08-14_12-43-12-721406_earlyRefresh,earlyRefresh,synchronized-expiry,1786711434.721000,41.999594,failure_amplification_factor,all,0.020398116816750092
2026-08-14_12-43-12-721406_earlyRefresh,earlyRefresh,synchronized-expiry,1786711435.721000,42.999594,failure_amplification_factor,all,0.02139822412314006
2026-08-14_12-43-12-721406_earlyRefresh,earlyRefresh,synchronized-expiry,1786711436.721000,43.999594,failure_amplification_factor,all,0.0223494985628211
2026-08-14_12-43-12-721406_earlyRefresh,earlyRefresh,synchronized-expiry,1786711437.721000,44.999594,failure_amplification_factor,all,0.021839559084468097
2026-08-14_12-43-12-721406_earlyRefresh,earlyRefresh,synchronized-expiry,1786711438.721000,45.999594,failure_amplification_factor,all,0.021352200450300597
2026-08-14_12-43-12-721406_earlyRefresh,earlyRefresh,synchronized-expiry,1786711439.721000,46.999594,failure_amplification_factor,all,0.020886118236039405
2026-08-14_12-43-12-721406_earlyRefresh,earlyRefresh,synchronized-expiry,1786711440.721000,47.999594,failure_amplification_factor,all,0.02043994892086293
2026-08-14_12-43-12-721406_earlyRefresh,earlyRefresh,synchronized-expiry,1786711441.721000,48.999594,failure_amplification_factor,all,0.02001244305725742
2026-08-14_12-43-12-721406_earlyRefresh,earlyRefresh,synchronized-expiry,1786711442.721000,49.999594,failure_amplification_factor,all,0.019602453586073005
2026-08-14_12-43-12-721406_earlyRefresh,earlyRefresh,synchronized-expiry,1786711443.721000,50.999594,failure_amplification_factor,all,0.019208765359469897
2026-08-14_12-43-12-721406_earlyRefresh,earlyRefresh,synchronized-expiry,1786711444.721000,51.999594,failure_amplification_factor,all,0.018830730038272705
2026-08-14_12-43-12-721406_earlyRefresh,earlyRefresh,synchronized-expiry,1786711445.721000,52.999594,failure_amplification_factor,all,0.020145962003540206
2026-08-14_12-43-12-721406_earlyRefresh,earlyRefresh,synchronized-expiry,1786711446.721000,53.999594,failure_amplification_factor,all,0.022117415869462635
2026-08-14_12-43-12-721406_earlyRefresh,earlyRefresh,synchronized-expiry,1786711447.721000,54.999594,failure_amplification_factor,all,0.021706945557741622
2026-08-14_12-43-12-721406_earlyRefresh,earlyRefresh,synchronized-expiry,1786711448.721000,55.999594,failure_amplification_factor,all,0.02131038807693797
2026-08-14_12-43-12-721406_earlyRefresh,earlyRefresh,synchronized-expiry,1786711449.721000,56.999594,failure_amplification_factor,all,0.020928911532438206
2026-08-14_12-43-12-721406_earlyRefresh,earlyRefresh,synchronized-expiry,1786711450.721000,57.999594,failure_amplification_factor,all,0.020560524677847164
2026-08-14_12-43-12-721406_earlyRefresh,earlyRefresh,synchronized-expiry,1786711451.721000,58.999594,failure_amplification_factor,all,0.020204714513468863
2026-08-14_12-43-12-721406_earlyRefresh,earlyRefresh,synchronized-expiry,1786711452.721000,59.999594,failure_amplification_factor,all,0.019860832521695026
2026-08-14_12-43-12-721406_earlyRefresh,earlyRefresh,synchronized-expiry,1786711392.721000,-0.000406,cache_hit_ratio_total,all,0
2026-08-14_12-43-12-721406_earlyRefresh,earlyRefresh,synchronized-expiry,1786711393.721000,0.999594,cache_hit_ratio_total,all,0
2026-08-14_12-43-12-721406_earlyRefresh,earlyRefresh,synchronized-expiry,1786711394.721000,1.999594,cache_hit_ratio_total,all,0.9230769230769231
2026-08-14_12-43-12-721406_earlyRefresh,earlyRefresh,synchronized-expiry,1786711395.721000,2.999594,cache_hit_ratio_total,all,0.9655772815269189
2026-08-14_12-43-12-721406_earlyRefresh,earlyRefresh,synchronized-expiry,1786711396.721000,3.999594,cache_hit_ratio_total,all,0.9778276474956945
2026-08-14_12-43-12-721406_earlyRefresh,earlyRefresh,synchronized-expiry,1786711397.721000,4.999594,cache_hit_ratio_total,all,0.983647256934611
2026-08-14_12-43-12-721406_earlyRefresh,earlyRefresh,synchronized-expiry,1786711398.721000,5.999594,cache_hit_ratio_total,all,0.9870471527485978
2026-08-14_12-43-12-721406_earlyRefresh,earlyRefresh,synchronized-expiry,1786711399.721000,6.999594,cache_hit_ratio_total,all,0.9892764882306038
2026-08-14_12-43-12-721406_earlyRefresh,earlyRefresh,synchronized-expiry,1786711400.721000,7.999594,cache_hit_ratio_total,all,0.9908512561141679
2026-08-14_12-43-12-721406_earlyRefresh,earlyRefresh,synchronized-expiry,1786711401.721000,8.999594,cache_hit_ratio_total,all,0.9920227670668755
2026-08-14_12-43-12-721406_earlyRefresh,earlyRefresh,synchronized-expiry,1786711402.721000,9.999594,cache_hit_ratio_total,all,0.9931554271222148
2026-08-14_12-43-12-721406_earlyRefresh,earlyRefresh,synchronized-expiry,1786711403.721000,10.999594,cache_hit_ratio_total,all,0.999899716650925
2026-08-14_12-43-12-721406_earlyRefresh,earlyRefresh,synchronized-expiry,1786711404.721000,11.999594,cache_hit_ratio_total,all,0.9652777777777779
2026-08-14_12-43-12-721406_earlyRefresh,earlyRefresh,synchronized-expiry,1786711405.721000,12.999594,cache_hit_ratio_total,all,0.9597219907536002
2026-08-14_12-43-12-721406_earlyRefresh,earlyRefresh,synchronized-expiry,1786711406.721000,13.999594,cache_hit_ratio_total,all,0.9597222222222224
2026-08-14_12-43-12-721406_earlyRefresh,earlyRefresh,synchronized-expiry,1786711407.721000,14.999594,cache_hit_ratio_total,all,0.9597224537165646
2026-08-14_12-43-12-721406_earlyRefresh,earlyRefresh,synchronized-expiry,1786711408.721000,15.999594,cache_hit_ratio_total,all,0.9597222222222224
2026-08-14_12-43-12-721406_earlyRefresh,earlyRefresh,synchronized-expiry,1786711409.721000,16.999594,cache_hit_ratio_total,all,0.9597224536908444
2026-08-14_12-43-12-721406_earlyRefresh,earlyRefresh,synchronized-expiry,1786711410.721000,17.999594,cache_hit_ratio_total,all,0.9597224537165644
2026-08-14_12-43-12-721406_earlyRefresh,earlyRefresh,synchronized-expiry,1786711411.721000,18.999594,cache_hit_ratio_total,all,0.9597222222222224
2026-08-14_12-43-12-721406_earlyRefresh,earlyRefresh,synchronized-expiry,1786711412.721000,19.999594,cache_hit_ratio_total,all,0.9597219907278799
2026-08-14_12-43-12-721406_earlyRefresh,earlyRefresh,synchronized-expiry,1786711413.721000,20.999594,cache_hit_ratio_total,all,0.9944441357853215
2026-08-14_12-43-12-721406_earlyRefresh,earlyRefresh,synchronized-expiry,1786711414.721000,21.999594,cache_hit_ratio_total,all,1
2026-08-14_12-43-12-721406_earlyRefresh,earlyRefresh,synchronized-expiry,1786711415.721000,22.999594,cache_hit_ratio_total,all,0.9958331789780445
2026-08-14_12-43-12-721406_earlyRefresh,earlyRefresh,synchronized-expiry,1786711416.721000,23.999594,cache_hit_ratio_total,all,0.9958331789780445
2026-08-14_12-43-12-721406_earlyRefresh,earlyRefresh,synchronized-expiry,1786711417.721000,24.999594,cache_hit_ratio_total,all,0.9958332561599772
2026-08-14_12-43-12-721406_earlyRefresh,earlyRefresh,synchronized-expiry,1786711418.721000,25.999594,cache_hit_ratio_total,all,0.9958332561599772
2026-08-14_12-43-12-721406_earlyRefresh,earlyRefresh,synchronized-expiry,1786711419.721000,26.999594,cache_hit_ratio_total,all,0.9958334105066892
2026-08-14_12-43-12-721406_earlyRefresh,earlyRefresh,synchronized-expiry,1786711420.721000,27.999594,cache_hit_ratio_total,all,0.9958333333333332
2026-08-14_12-43-12-721406_earlyRefresh,earlyRefresh,synchronized-expiry,1786711421.721000,28.999594,cache_hit_ratio_total,all,0.9958332561599772
2026-08-14_12-43-12-721406_earlyRefresh,earlyRefresh,synchronized-expiry,1786711422.721000,29.999594,cache_hit_ratio_total,all,0.9958334105066892
2026-08-14_12-43-12-721406_earlyRefresh,earlyRefresh,synchronized-expiry,1786711423.721000,30.999594,cache_hit_ratio_total,all,0.995833256159977
2026-08-14_12-43-12-721406_earlyRefresh,earlyRefresh,synchronized-expiry,1786711424.721000,31.999594,cache_hit_ratio_total,all,1
2026-08-14_12-43-12-721406_earlyRefresh,earlyRefresh,synchronized-expiry,1786711425.721000,32.999594,cache_hit_ratio_total,all,0.9708328703703706
2026-08-14_12-43-12-721406_earlyRefresh,earlyRefresh,synchronized-expiry,1786711426.721000,33.999594,cache_hit_ratio_total,all,0.9694444444444447
2026-08-14_12-43-12-721406_earlyRefresh,earlyRefresh,synchronized-expiry,1786711427.721000,34.999594,cache_hit_ratio_total,all,0.9694442901148829
2026-08-14_12-43-12-721406_earlyRefresh,earlyRefresh,synchronized-expiry,1786711428.721000,35.999594,cache_hit_ratio_total,all,0.9694444444444447
2026-08-14_12-43-12-721406_earlyRefresh,earlyRefresh,synchronized-expiry,1786711429.721000,36.999594,cache_hit_ratio_total,all,0.9694442901148826
2026-08-14_12-43-12-721406_earlyRefresh,earlyRefresh,synchronized-expiry,1786711430.721000,37.999594,cache_hit_ratio_total,all,0.9694442901320298
2026-08-14_12-43-12-721406_earlyRefresh,earlyRefresh,synchronized-expiry,1786711431.721000,38.999594,cache_hit_ratio_total,all,0.9694445987568592
2026-08-14_12-43-12-721406_earlyRefresh,earlyRefresh,synchronized-expiry,1786711432.721000,39.999594,cache_hit_ratio_total,all,0.9694444444444444
2026-08-14_12-43-12-721406_earlyRefresh,earlyRefresh,synchronized-expiry,1786711433.721000,40.999594,cache_hit_ratio_total,all,0.9694445987568592
2026-08-14_12-43-12-721406_earlyRefresh,earlyRefresh,synchronized-expiry,1786711434.721000,41.999594,cache_hit_ratio_total,all,0.9986110339549037
2026-08-14_12-43-12-721406_earlyRefresh,earlyRefresh,synchronized-expiry,1786711435.721000,42.999594,cache_hit_ratio_total,all,0.9958333333333333
2026-08-14_12-43-12-721406_earlyRefresh,earlyRefresh,synchronized-expiry,1786711436.721000,43.999594,cache_hit_ratio_total,all,0.9888888888888889
2026-08-14_12-43-12-721406_earlyRefresh,earlyRefresh,synchronized-expiry,1786711437.721000,44.999594,cache_hit_ratio_total,all,0.9888888888888889
2026-08-14_12-43-12-721406_earlyRefresh,earlyRefresh,synchronized-expiry,1786711438.721000,45.999594,cache_hit_ratio_total,all,0.9888888888888889
2026-08-14_12-43-12-721406_earlyRefresh,earlyRefresh,synchronized-expiry,1786711439.721000,46.999594,cache_hit_ratio_total,all,0.9888888888888889
2026-08-14_12-43-12-721406_earlyRefresh,earlyRefresh,synchronized-expiry,1786711440.721000,47.999594,cache_hit_ratio_total,all,0.9888888888888889
2026-08-14_12-43-12-721406_earlyRefresh,earlyRefresh,synchronized-expiry,1786711441.721000,48.999594,cache_hit_ratio_total,all,0.9888888888888889
2026-08-14_12-43-12-721406_earlyRefresh,earlyRefresh,synchronized-expiry,1786711442.721000,49.999594,cache_hit_ratio_total,all,0.9888888888888889
2026-08-14_12-43-12-721406_earlyRefresh,earlyRefresh,synchronized-expiry,1786711443.721000,50.999594,cache_hit_ratio_total,all,0.9888888888888888
2026-08-14_12-43-12-721406_earlyRefresh,earlyRefresh,synchronized-expiry,1786711444.721000,51.999594,cache_hit_ratio_total,all,0.9930556327203364
2026-08-14_12-43-12-721406_earlyRefresh,earlyRefresh,synchronized-expiry,1786711445.721000,52.999594,cache_hit_ratio_total,all,0.9972223765689343
2026-08-14_12-43-12-721406_earlyRefresh,earlyRefresh,synchronized-expiry,1786711446.721000,53.999594,cache_hit_ratio_total,all,0.9847222222222224
2026-08-14_12-43-12-721406_earlyRefresh,earlyRefresh,synchronized-expiry,1786711447.721000,54.999594,cache_hit_ratio_total,all,0.9861114198045352
2026-08-14_12-43-12-721406_earlyRefresh,earlyRefresh,synchronized-expiry,1786711448.721000,55.999594,cache_hit_ratio_total,all,0.9861111111111113
2026-08-14_12-43-12-721406_earlyRefresh,earlyRefresh,synchronized-expiry,1786711449.721000,56.999594,cache_hit_ratio_total,all,0.9861111111111112
2026-08-14_12-43-12-721406_earlyRefresh,earlyRefresh,synchronized-expiry,1786711450.721000,57.999594,cache_hit_ratio_total,all,0.9861111111111112
2026-08-14_12-43-12-721406_earlyRefresh,earlyRefresh,synchronized-expiry,1786711451.721000,58.999594,cache_hit_ratio_total,all,0.9861114198388441
2026-08-14_12-43-12-721406_earlyRefresh,earlyRefresh,synchronized-expiry,1786711452.721000,59.999594,cache_hit_ratio_total,all,0.9861111111111112
2026-08-14_12-43-12-721406_earlyRefresh,earlyRefresh,synchronized-expiry,1786711392.721000,-0.000406,cache_hit_ratio_l1,all,0
2026-08-14_12-43-12-721406_earlyRefresh,earlyRefresh,synchronized-expiry,1786711393.721000,0.999594,cache_hit_ratio_l1,all,0
2026-08-14_12-43-12-721406_earlyRefresh,earlyRefresh,synchronized-expiry,1786711394.721000,1.999594,cache_hit_ratio_l1,all,0.8456656178800044
2026-08-14_12-43-12-721406_earlyRefresh,earlyRefresh,synchronized-expiry,1786711395.721000,2.999594,cache_hit_ratio_l1,all,0.8618738350375132
2026-08-14_12-43-12-721406_earlyRefresh,earlyRefresh,synchronized-expiry,1786711396.721000,3.999594,cache_hit_ratio_l1,all,0.8755823605289358
2026-08-14_12-43-12-721406_earlyRefresh,earlyRefresh,synchronized-expiry,1786711397.721000,4.999594,cache_hit_ratio_l1,all,0.8819912936863115
2026-08-14_12-43-12-721406_earlyRefresh,earlyRefresh,synchronized-expiry,1786711398.721000,5.999594,cache_hit_ratio_l1,all,0.8830955295321263
2026-08-14_12-43-12-721406_earlyRefresh,earlyRefresh,synchronized-expiry,1786711399.721000,6.999594,cache_hit_ratio_l1,all,0.8881227348902794
2026-08-14_12-43-12-721406_earlyRefresh,earlyRefresh,synchronized-expiry,1786711400.721000,7.999594,cache_hit_ratio_l1,all,0.8880601843410132
2026-08-14_12-43-12-721406_earlyRefresh,earlyRefresh,synchronized-expiry,1786711401.721000,8.999594,cache_hit_ratio_l1,all,0.8863878846679841
2026-08-14_12-43-12-721406_earlyRefresh,earlyRefresh,synchronized-expiry,1786711402.721000,9.999594,cache_hit_ratio_l1,all,0.8895778617416041
2026-08-14_12-43-12-721406_earlyRefresh,earlyRefresh,synchronized-expiry,1786711403.721000,10.999594,cache_hit_ratio_l1,all,0.8930554783907748
2026-08-14_12-43-12-721406_earlyRefresh,earlyRefresh,synchronized-expiry,1786711404.721000,11.999594,cache_hit_ratio_l1,all,0.8638888888888889
2026-08-14_12-43-12-721406_earlyRefresh,earlyRefresh,synchronized-expiry,1786711405.721000,12.999594,cache_hit_ratio_l1,all,0.8680553240869335
2026-08-14_12-43-12-721406_earlyRefresh,earlyRefresh,synchronized-expiry,1786711406.721000,13.999594,cache_hit_ratio_l1,all,0.8666666666666668
2026-08-14_12-43-12-721406_earlyRefresh,earlyRefresh,synchronized-expiry,1786711407.721000,14.999594,cache_hit_ratio_l1,all,0.8666666666666667
2026-08-14_12-43-12-721406_earlyRefresh,earlyRefresh,synchronized-expiry,1786711408.721000,15.999594,cache_hit_ratio_l1,all,0.8652777777777778
2026-08-14_12-43-12-721406_earlyRefresh,earlyRefresh,synchronized-expiry,1786711409.721000,16.999594,cache_hit_ratio_l1,all,0.8666668209790814
2026-08-14_12-43-12-721406_earlyRefresh,earlyRefresh,synchronized-expiry,1786711410.721000,17.999594,cache_hit_ratio_l1,all,0.8666668209962282
2026-08-14_12-43-12-721406_earlyRefresh,earlyRefresh,synchronized-expiry,1786711411.721000,18.999594,cache_hit_ratio_l1,all,0.8666666666666668
2026-08-14_12-43-12-721406_earlyRefresh,earlyRefresh,synchronized-expiry,1786711412.721000,19.999594,cache_hit_ratio_l1,all,0.8652777006129969
2026-08-14_12-43-12-721406_earlyRefresh,earlyRefresh,synchronized-expiry,1786711413.721000,20.999594,cache_hit_ratio_l1,all,0.8972222222222223
2026-08-14_12-43-12-721406_earlyRefresh,earlyRefresh,synchronized-expiry,1786711414.721000,21.999594,cache_hit_ratio_l1,all,0.8874996141760962
2026-08-14_12-43-12-721406_earlyRefresh,earlyRefresh,synchronized-expiry,1786711415.721000,22.999594,cache_hit_ratio_l1,all,0.8861111111111111
2026-08-14_12-43-12-721406_earlyRefresh,earlyRefresh,synchronized-expiry,1786711416.721000,23.999594,cache_hit_ratio_l1,all,0.8888888888888888
2026-08-14_12-43-12-721406_earlyRefresh,earlyRefresh,synchronized-expiry,1786711417.721000,24.999594,cache_hit_ratio_l1,all,0.8875002315200681
2026-08-14_12-43-12-721406_earlyRefresh,earlyRefresh,synchronized-expiry,1786711418.721000,25.999594,cache_hit_ratio_l1,all,0.8847224537422903
2026-08-14_12-43-12-721406_earlyRefresh,earlyRefresh,synchronized-expiry,1786711419.721000,26.999594,cache_hit_ratio_l1,all,0.8888887345421767
2026-08-14_12-43-12-721406_earlyRefresh,earlyRefresh,synchronized-expiry,1786711420.721000,27.999594,cache_hit_ratio_l1,all,0.8847222222222222
2026-08-14_12-43-12-721406_earlyRefresh,earlyRefresh,synchronized-expiry,1786711421.721000,28.999594,cache_hit_ratio_l1,all,0.886111265457823
2026-08-14_12-43-12-721406_earlyRefresh,earlyRefresh,synchronized-expiry,1786711422.721000,29.999594,cache_hit_ratio_l1,all,0.8847221450488659
2026-08-14_12-43-12-721406_earlyRefresh,earlyRefresh,synchronized-expiry,1786711423.721000,30.999594,cache_hit_ratio_l1,all,0.8930554783821992
2026-08-14_12-43-12-721406_earlyRefresh,earlyRefresh,synchronized-expiry,1786711424.721000,31.999594,cache_hit_ratio_l1,all,0.8930550925925925
2026-08-14_12-43-12-721406_earlyRefresh,earlyRefresh,synchronized-expiry,1786711425.721000,32.999594,cache_hit_ratio_l1,all,0.8638882716049384
2026-08-14_12-43-12-721406_earlyRefresh,earlyRefresh,synchronized-expiry,1786711426.721000,33.999594,cache_hit_ratio_l1,all,0.8666666666666668
2026-08-14_12-43-12-721406_earlyRefresh,earlyRefresh,synchronized-expiry,1786711427.721000,34.999594,cache_hit_ratio_l1,all,0.8680554783907747
2026-08-14_12-43-12-721406_earlyRefresh,earlyRefresh,synchronized-expiry,1786711428.721000,35.999594,cache_hit_ratio_l1,all,0.8666666666666668
2026-08-14_12-43-12-721406_earlyRefresh,earlyRefresh,synchronized-expiry,1786711429.721000,36.999594,cache_hit_ratio_l1,all,0.8680553240612131
2026-08-14_12-43-12-721406_earlyRefresh,earlyRefresh,synchronized-expiry,1786711430.721000,37.999594,cache_hit_ratio_l1,all,0.8694442901320298
2026-08-14_12-43-12-721406_earlyRefresh,earlyRefresh,synchronized-expiry,1786711431.721000,38.999594,cache_hit_ratio_l1,all,0.8708334104895407
2026-08-14_12-43-12-721406_earlyRefresh,earlyRefresh,synchronized-expiry,1786711432.721000,39.999594,cache_hit_ratio_l1,all,0.8652777777777778
2026-08-14_12-43-12-721406_earlyRefresh,earlyRefresh,synchronized-expiry,1786711433.721000,40.999594,cache_hit_ratio_l1,all,0.8666666666666667
2026-08-14_12-43-12-721406_earlyRefresh,earlyRefresh,synchronized-expiry,1786711434.721000,41.999594,cache_hit_ratio_l1,all,0.8944442901320296
2026-08-14_12-43-12-721406_earlyRefresh,earlyRefresh,synchronized-expiry,1786711435.721000,42.999594,cache_hit_ratio_l1,all,0.8847222222222223
2026-08-14_12-43-12-721406_earlyRefresh,earlyRefresh,synchronized-expiry,1786711436.721000,43.999594,cache_hit_ratio_l1,all,0.8847222222222223
2026-08-14_12-43-12-721406_earlyRefresh,earlyRefresh,synchronized-expiry,1786711437.721000,44.999594,cache_hit_ratio_l1,all,0.8861109567986963
2026-08-14_12-43-12-721406_earlyRefresh,earlyRefresh,synchronized-expiry,1786711438.721000,45.999594,cache_hit_ratio_l1,all,0.8847219907536
2026-08-14_12-43-12-721406_earlyRefresh,earlyRefresh,synchronized-expiry,1786711439.721000,46.999594,cache_hit_ratio_l1,all,0.8861111111111111
2026-08-14_12-43-12-721406_earlyRefresh,earlyRefresh,synchronized-expiry,1786711440.721000,47.999594,cache_hit_ratio_l1,all,0.8861111111111111
2026-08-14_12-43-12-721406_earlyRefresh,earlyRefresh,synchronized-expiry,1786711441.721000,48.999594,cache_hit_ratio_l1,all,0.8875
2026-08-14_12-43-12-721406_earlyRefresh,earlyRefresh,synchronized-expiry,1786711442.721000,49.999594,cache_hit_ratio_l1,all,0.8875
2026-08-14_12-43-12-721406_earlyRefresh,earlyRefresh,synchronized-expiry,1786711443.721000,50.999594,cache_hit_ratio_l1,all,0.8875002314943423
2026-08-14_12-43-12-721406_earlyRefresh,earlyRefresh,synchronized-expiry,1786711444.721000,51.999594,cache_hit_ratio_l1,all,0.894444598774006
2026-08-14_12-43-12-721406_earlyRefresh,earlyRefresh,synchronized-expiry,1786711445.721000,52.999594,cache_hit_ratio_l1,all,0.8916668210133787
2026-08-14_12-43-12-721406_earlyRefresh,earlyRefresh,synchronized-expiry,1786711446.721000,53.999594,cache_hit_ratio_l1,all,0.8777777777777779
2026-08-14_12-43-12-721406_earlyRefresh,earlyRefresh,synchronized-expiry,1786711447.721000,54.999594,cache_hit_ratio_l1,all,0.8805560185956919
2026-08-14_12-43-12-721406_earlyRefresh,earlyRefresh,synchronized-expiry,1786711448.721000,55.999594,cache_hit_ratio_l1,all,0.8777777777777779
2026-08-14_12-43-12-721406_earlyRefresh,earlyRefresh,synchronized-expiry,1786711449.721000,56.999594,cache_hit_ratio_l1,all,0.8791666666666667
2026-08-14_12-43-12-721406_earlyRefresh,earlyRefresh,synchronized-expiry,1786711450.721000,57.999594,cache_hit_ratio_l1,all,0.8791666666666667
2026-08-14_12-43-12-721406_earlyRefresh,earlyRefresh,synchronized-expiry,1786711451.721000,58.999594,cache_hit_ratio_l1,all,0.8791670525763329
2026-08-14_12-43-12-721406_earlyRefresh,earlyRefresh,synchronized-expiry,1786711452.721000,59.999594,cache_hit_ratio_l1,all,0.8791666666666667
2026-08-14_12-43-12-721406_earlyRefresh,earlyRefresh,synchronized-expiry,1786711392.721000,-0.000406,cache_hit_ratio_l2,all,0
2026-08-14_12-43-12-721406_earlyRefresh,earlyRefresh,synchronized-expiry,1786711393.721000,0.999594,cache_hit_ratio_l2,all,0
2026-08-14_12-43-12-721406_earlyRefresh,earlyRefresh,synchronized-expiry,1786711394.721000,1.999594,cache_hit_ratio_l2,all,0.07741130519691874
2026-08-14_12-43-12-721406_earlyRefresh,earlyRefresh,synchronized-expiry,1786711395.721000,2.999594,cache_hit_ratio_l2,all,0.10370344648940567
2026-08-14_12-43-12-721406_earlyRefresh,earlyRefresh,synchronized-expiry,1786711396.721000,3.999594,cache_hit_ratio_l2,all,0.1022452869667587
2026-08-14_12-43-12-721406_earlyRefresh,earlyRefresh,synchronized-expiry,1786711397.721000,4.999594,cache_hit_ratio_l2,all,0.10165596324829952
2026-08-14_12-43-12-721406_earlyRefresh,earlyRefresh,synchronized-expiry,1786711398.721000,5.999594,cache_hit_ratio_l2,all,0.10395162321647149
2026-08-14_12-43-12-721406_earlyRefresh,earlyRefresh,synchronized-expiry,1786711399.721000,6.999594,cache_hit_ratio_l2,all,0.10115375334032442
2026-08-14_12-43-12-721406_earlyRefresh,earlyRefresh,synchronized-expiry,1786711400.721000,7.999594,cache_hit_ratio_l2,all,0.1027910717731547
2026-08-14_12-43-12-721406_earlyRefresh,earlyRefresh,synchronized-expiry,1786711401.721000,8.999594,cache_hit_ratio_l2,all,0.1056348823988914
2026-08-14_12-43-12-721406_earlyRefresh,earlyRefresh,synchronized-expiry,1786711402.721000,9.999594,cache_hit_ratio_l2,all,0.10357756538061072
2026-08-14_12-43-12-721406_earlyRefresh,earlyRefresh,synchronized-expiry,1786711403.721000,10.999594,cache_hit_ratio_l2,all,0.10684423826015026
2026-08-14_12-43-12-721406_earlyRefresh,earlyRefresh,synchronized-expiry,1786711404.721000,11.999594,cache_hit_ratio_l2,all,0.10138888888888889
2026-08-14_12-43-12-721406_earlyRefresh,earlyRefresh,synchronized-expiry,1786711405.721000,12.999594,cache_hit_ratio_l2,all,0.09166666666666667
2026-08-14_12-43-12-721406_earlyRefresh,earlyRefresh,synchronized-expiry,1786711406.721000,13.999594,cache_hit_ratio_l2,all,0.09305555555555556
2026-08-14_12-43-12-721406_earlyRefresh,earlyRefresh,synchronized-expiry,1786711407.721000,14.999594,cache_hit_ratio_l2,all,0.09305578704989784
2026-08-14_12-43-12-721406_earlyRefresh,earlyRefresh,synchronized-expiry,1786711408.721000,15.999594,cache_hit_ratio_l2,all,0.09444444444444446
2026-08-14_12-43-12-721406_earlyRefresh,earlyRefresh,synchronized-expiry,1786711409.721000,16.999594,cache_hit_ratio_l2,all,0.09305563271176293
2026-08-14_12-43-12-721406_earlyRefresh,earlyRefresh,synchronized-expiry,1786711410.721000,17.999594,cache_hit_ratio_l2,all,0.09305563272033632
2026-08-14_12-43-12-721406_earlyRefresh,earlyRefresh,synchronized-expiry,1786711411.721000,18.999594,cache_hit_ratio_l2,all,0.09305555555555556
2026-08-14_12-43-12-721406_earlyRefresh,earlyRefresh,synchronized-expiry,1786711412.721000,19.999594,cache_hit_ratio_l2,all,0.09444429011488292
2026-08-14_12-43-12-721406_earlyRefresh,earlyRefresh,synchronized-expiry,1786711413.721000,20.999594,cache_hit_ratio_l2,all,0.09722191356309917
2026-08-14_12-43-12-721406_earlyRefresh,earlyRefresh,synchronized-expiry,1786711414.721000,21.999594,cache_hit_ratio_l2,all,0.1125003858239038
2026-08-14_12-43-12-721406_earlyRefresh,earlyRefresh,synchronized-expiry,1786711415.721000,22.999594,cache_hit_ratio_l2,all,0.10972206786693338
2026-08-14_12-43-12-721406_earlyRefresh,earlyRefresh,synchronized-expiry,1786711416.721000,23.999594,cache_hit_ratio_l2,all,0.10694429008915558
2026-08-14_12-43-12-721406_earlyRefresh,earlyRefresh,synchronized-expiry,1786711417.721000,24.999594,cache_hit_ratio_l2,all,0.10833302463990911
2026-08-14_12-43-12-721406_earlyRefresh,earlyRefresh,synchronized-expiry,1786711418.721000,25.999594,cache_hit_ratio_l2,all,0.11111080241768687
2026-08-14_12-43-12-721406_earlyRefresh,earlyRefresh,synchronized-expiry,1786711419.721000,26.999594,cache_hit_ratio_l2,all,0.10694467596451258
2026-08-14_12-43-12-721406_earlyRefresh,earlyRefresh,synchronized-expiry,1786711420.721000,27.999594,cache_hit_ratio_l2,all,0.11111111111111112
2026-08-14_12-43-12-721406_earlyRefresh,earlyRefresh,synchronized-expiry,1786711421.721000,28.999594,cache_hit_ratio_l2,all,0.10972199070215406
2026-08-14_12-43-12-721406_earlyRefresh,earlyRefresh,synchronized-expiry,1786711422.721000,29.999594,cache_hit_ratio_l2,all,0.1111112654578232
2026-08-14_12-43-12-721406_earlyRefresh,earlyRefresh,synchronized-expiry,1786711423.721000,30.999594,cache_hit_ratio_l2,all,0.10277777777777776
2026-08-14_12-43-12-721406_earlyRefresh,earlyRefresh,synchronized-expiry,1786711424.721000,31.999594,cache_hit_ratio_l2,all,0.10694490740740742
2026-08-14_12-43-12-721406_earlyRefresh,earlyRefresh,synchronized-expiry,1786711425.721000,32.999594,cache_hit_ratio_l2,all,0.10694459876543211
2026-08-14_12-43-12-721406_earlyRefresh,earlyRefresh,synchronized-expiry,1786711426.721000,33.999594,cache_hit_ratio_l2,all,0.10277777777777779
2026-08-14_12-43-12-721406_earlyRefresh,earlyRefresh,synchronized-expiry,1786711427.721000,34.999594,cache_hit_ratio_l2,all,0.10138881172410813
2026-08-14_12-43-12-721406_earlyRefresh,earlyRefresh,synchronized-expiry,1786711428.721000,35.999594,cache_hit_ratio_l2,all,0.10277777777777779
2026-08-14_12-43-12-721406_earlyRefresh,earlyRefresh,synchronized-expiry,1786711429.721000,36.999594,cache_hit_ratio_l2,all,0.10138896605366964
2026-08-14_12-43-12-721406_earlyRefresh,earlyRefresh,synchronized-expiry,1786711430.721000,37.999594,cache_hit_ratio_l2,all,0.1
2026-08-14_12-43-12-721406_earlyRefresh,earlyRefresh,synchronized-expiry,1786711431.721000,38.999594,cache_hit_ratio_l2,all,0.09861118826731848
2026-08-14_12-43-12-721406_earlyRefresh,earlyRefresh,synchronized-expiry,1786711432.721000,39.999594,cache_hit_ratio_l2,all,0.10416666666666667
2026-08-14_12-43-12-721406_earlyRefresh,earlyRefresh,synchronized-expiry,1786711433.721000,40.999594,cache_hit_ratio_l2,all,0.10277793209019252
2026-08-14_12-43-12-721406_earlyRefresh,earlyRefresh,synchronized-expiry,1786711434.721000,41.999594,cache_hit_ratio_l2,all,0.10416674382287403
2026-08-14_12-43-12-721406_earlyRefresh,earlyRefresh,synchronized-expiry,1786711435.721000,42.999594,cache_hit_ratio_l2,all,0.11111111111111112
2026-08-14_12-43-12-721406_earlyRefresh,earlyRefresh,synchronized-expiry,1786711436.721000,43.999594,cache_hit_ratio_l2,all,0.10416666666666667
2026-08-14_12-43-12-721406_earlyRefresh,earlyRefresh,synchronized-expiry,1786711437.721000,44.999594,cache_hit_ratio_l2,all,0.10277793209019252
2026-08-14_12-43-12-721406_earlyRefresh,earlyRefresh,synchronized-expiry,1786711438.721000,45.999594,cache_hit_ratio_l2,all,0.10416689813528879
2026-08-14_12-43-12-721406_earlyRefresh,earlyRefresh,synchronized-expiry,1786711439.721000,46.999594,cache_hit_ratio_l2,all,0.10277777777777777
2026-08-14_12-43-12-721406_earlyRefresh,earlyRefresh,synchronized-expiry,1786711440.721000,47.999594,cache_hit_ratio_l2,all,0.10277777777777777
2026-08-14_12-43-12-721406_earlyRefresh,earlyRefresh,synchronized-expiry,1786711441.721000,48.999594,cache_hit_ratio_l2,all,0.10138888888888889
2026-08-14_12-43-12-721406_earlyRefresh,earlyRefresh,synchronized-expiry,1786711442.721000,49.999594,cache_hit_ratio_l2,all,0.10138888888888889
2026-08-14_12-43-12-721406_earlyRefresh,earlyRefresh,synchronized-expiry,1786711443.721000,50.999594,cache_hit_ratio_l2,all,0.1013886573945466
2026-08-14_12-43-12-721406_earlyRefresh,earlyRefresh,synchronized-expiry,1786711444.721000,51.999594,cache_hit_ratio_l2,all,0.09861103394633035
2026-08-14_12-43-12-721406_earlyRefresh,earlyRefresh,synchronized-expiry,1786711445.721000,52.999594,cache_hit_ratio_l2,all,0.10555555555555554
2026-08-14_12-43-12-721406_earlyRefresh,earlyRefresh,synchronized-expiry,1786711446.721000,53.999594,cache_hit_ratio_l2,all,0.10694444444444445
2026-08-14_12-43-12-721406_earlyRefresh,earlyRefresh,synchronized-expiry,1786711447.721000,54.999594,cache_hit_ratio_l2,all,0.10555540120884344
2026-08-14_12-43-12-721406_earlyRefresh,earlyRefresh,synchronized-expiry,1786711448.721000,55.999594,cache_hit_ratio_l2,all,0.10833333333333334
2026-08-14_12-43-12-721406_earlyRefresh,earlyRefresh,synchronized-expiry,1786711449.721000,56.999594,cache_hit_ratio_l2,all,0.10694444444444445
2026-08-14_12-43-12-721406_earlyRefresh,earlyRefresh,synchronized-expiry,1786711450.721000,57.999594,cache_hit_ratio_l2,all,0.10694444444444445
2026-08-14_12-43-12-721406_earlyRefresh,earlyRefresh,synchronized-expiry,1786711451.721000,58.999594,cache_hit_ratio_l2,all,0.10694436726251118
2026-08-14_12-43-12-721406_earlyRefresh,earlyRefresh,synchronized-expiry,1786711452.721000,59.999594,cache_hit_ratio_l2,all,0.10694444444444445
2026-08-14_12-43-12-721406_earlyRefresh,earlyRefresh,synchronized-expiry,1786711392.721000,-0.000406,request_duration_p95,all,NaN
2026-08-14_12-43-12-721406_earlyRefresh,earlyRefresh,synchronized-expiry,1786711393.721000,0.999594,request_duration_p95,all,NaN
2026-08-14_12-43-12-721406_earlyRefresh,earlyRefresh,synchronized-expiry,1786711394.721000,1.999594,request_duration_p95,all,0.16593888396811352
2026-08-14_12-43-12-721406_earlyRefresh,earlyRefresh,synchronized-expiry,1786711395.721000,2.999594,request_duration_p95,all,0.000983867390187261
2026-08-14_12-43-12-721406_earlyRefresh,earlyRefresh,synchronized-expiry,1786711396.721000,3.999594,request_duration_p95,all,0.0009715413574498905
2026-08-14_12-43-12-721406_earlyRefresh,earlyRefresh,synchronized-expiry,1786711397.721000,4.999594,request_duration_p95,all,0.0009657933708477289
2026-08-14_12-43-12-721406_earlyRefresh,earlyRefresh,synchronized-expiry,1786711398.721000,5.999594,request_duration_p95,all,0.0009624666839416601
2026-08-14_12-43-12-721406_earlyRefresh,earlyRefresh,synchronized-expiry,1786711399.721000,6.999594,request_duration_p95,all,0.000960297764378437
2026-08-14_12-43-12-721406_earlyRefresh,earlyRefresh,synchronized-expiry,1786711400.721000,7.999594,request_duration_p95,all,0.0009587715554054252
2026-08-14_12-43-12-721406_earlyRefresh,earlyRefresh,synchronized-expiry,1786711401.721000,8.999594,request_duration_p95,all,0.000957639311856597
2026-08-14_12-43-12-721406_earlyRefresh,earlyRefresh,synchronized-expiry,1786711402.721000,9.999594,request_duration_p95,all,0.0009567660884896499
2026-08-14_12-43-12-721406_earlyRefresh,earlyRefresh,synchronized-expiry,1786711403.721000,10.999594,request_duration_p95,all,0.0009500000000000001
2026-08-14_12-43-12-721406_earlyRefresh,earlyRefresh,synchronized-expiry,1786711404.721000,11.999594,request_duration_p95,all,0.0009664028776978417
2026-08-14_12-43-12-721406_earlyRefresh,earlyRefresh,synchronized-expiry,1786711405.721000,12.999594,request_duration_p95,all,0.0009898699927194893
2026-08-14_12-43-12-721406_earlyRefresh,earlyRefresh,synchronized-expiry,1786711406.721000,13.999594,request_duration_p95,all,0.0009898697539797397
2026-08-14_12-43-12-721406_earlyRefresh,earlyRefresh,synchronized-expiry,1786711407.721000,14.999594,request_duration_p95,all,0.0009898695152135769
2026-08-14_12-43-12-721406_earlyRefresh,earlyRefresh,synchronized-expiry,1786711408.721000,15.999594,request_duration_p95,all,0.0009898697539797397
2026-08-14_12-43-12-721406_earlyRefresh,earlyRefresh,synchronized-expiry,1786711409.721000,16.999594,request_duration_p95,all,0.0009898695152401047
2026-08-14_12-43-12-721406_earlyRefresh,earlyRefresh,synchronized-expiry,1786711410.721000,17.999594,request_duration_p95,all,0.0009898695152135769
2026-08-14_12-43-12-721406_earlyRefresh,earlyRefresh,synchronized-expiry,1786711411.721000,18.999594,request_duration_p95,all,0.0009898697539797397
2026-08-14_12-43-12-721406_earlyRefresh,earlyRefresh,synchronized-expiry,1786711412.721000,19.999594,request_duration_p95,all,0.0009898699927460175
2026-08-14_12-43-12-721406_earlyRefresh,earlyRefresh,synchronized-expiry,1786711413.721000,20.999594,request_duration_p95,all,0.0009725562415032497
2026-08-14_12-43-12-721406_earlyRefresh,earlyRefresh,synchronized-expiry,1786711414.721000,21.999594,request_duration_p95,all,0.0009539749693187642
2026-08-14_12-43-12-721406_earlyRefresh,earlyRefresh,synchronized-expiry,1786711415.721000,22.999594,request_duration_p95,all,0.0009580059170470832
2026-08-14_12-43-12-721406_earlyRefresh,earlyRefresh,synchronized-expiry,1786711416.721000,23.999594,request_duration_p95,all,0.0009606744572059889
2026-08-14_12-43-12-721406_earlyRefresh,earlyRefresh,synchronized-expiry,1786711417.721000,24.999594,request_duration_p95,all,0.0009606743072463245
2026-08-14_12-43-12-721406_earlyRefresh,earlyRefresh,synchronized-expiry,1786711418.721000,25.999594,request_duration_p95,all,0.0009606743072463245
2026-08-14_12-43-12-721406_earlyRefresh,earlyRefresh,synchronized-expiry,1786711419.721000,26.999594,request_duration_p95,all,0.0009606740073604641
2026-08-14_12-43-12-721406_earlyRefresh,earlyRefresh,synchronized-expiry,1786711420.721000,27.999594,request_duration_p95,all,0.000960674157303371
2026-08-14_12-43-12-721406_earlyRefresh,earlyRefresh,synchronized-expiry,1786711421.721000,28.999594,request_duration_p95,all,0.0009606743072463243
2026-08-14_12-43-12-721406_earlyRefresh,earlyRefresh,synchronized-expiry,1786711422.721000,29.999594,request_duration_p95,all,0.0009606740073604641
2026-08-14_12-43-12-721406_earlyRefresh,earlyRefresh,synchronized-expiry,1786711423.721000,30.999594,request_duration_p95,all,0.00095664357967437
2026-08-14_12-43-12-721406_earlyRefresh,earlyRefresh,synchronized-expiry,1786711424.721000,31.999594,request_duration_p95,all,0.000952638888888889
2026-08-14_12-43-12-721406_earlyRefresh,earlyRefresh,synchronized-expiry,1786711425.721000,32.999594,request_duration_p95,all,0.0009649503886267946
2026-08-14_12-43-12-721406_earlyRefresh,earlyRefresh,synchronized-expiry,1786711426.721000,33.999594,request_duration_p95,all,0.0009813486370157819
2026-08-14_12-43-12-721406_earlyRefresh,earlyRefresh,synchronized-expiry,1786711427.721000,34.999594,request_duration_p95,all,0.0009813487152401754
2026-08-14_12-43-12-721406_earlyRefresh,earlyRefresh,synchronized-expiry,1786711428.721000,35.999594,request_duration_p95,all,0.0009813486370157819
2026-08-14_12-43-12-721406_earlyRefresh,earlyRefresh,synchronized-expiry,1786711429.721000,36.999594,request_duration_p95,all,0.0009813487152401754
2026-08-14_12-43-12-721406_earlyRefresh,earlyRefresh,synchronized-expiry,1786711430.721000,37.999594,request_duration_p95,all,0.000981348715231484
2026-08-14_12-43-12-721406_earlyRefresh,earlyRefresh,synchronized-expiry,1786711431.721000,38.999594,request_duration_p95,all,0.0009813485588000923
2026-08-14_12-43-12-721406_earlyRefresh,earlyRefresh,synchronized-expiry,1786711432.721000,39.999594,request_duration_p95,all,0.0009813486370157819
2026-08-14_12-43-12-721406_earlyRefresh,earlyRefresh,synchronized-expiry,1786711433.721000,40.999594,request_duration_p95,all,0.0009813485588000923
2026-08-14_12-43-12-721406_earlyRefresh,earlyRefresh,synchronized-expiry,1786711434.721000,41.999594,request_duration_p95,all,0.0009658775867879805
2026-08-14_12-43-12-721406_earlyRefresh,earlyRefresh,synchronized-expiry,1786711435.721000,42.999594,request_duration_p95,all,0.0009539860139860139
2026-08-14_12-43-12-721406_earlyRefresh,earlyRefresh,synchronized-expiry,1786711436.721000,43.999594,request_duration_p95,all,0.0009634180790960451
2026-08-14_12-43-12-721406_earlyRefresh,earlyRefresh,synchronized-expiry,1786711437.721000,44.999594,request_duration_p95,all,0.0009661018465235683
2026-08-14_12-43-12-721406_earlyRefresh,earlyRefresh,synchronized-expiry,1786711438.721000,45.999594,request_duration_p95,all,0.0009661018465235683
2026-08-14_12-43-12-721406_earlyRefresh,earlyRefresh,synchronized-expiry,1786711439.721000,46.999594,request_duration_p95,all,0.0009661016949152543
2026-08-14_12-43-12-721406_earlyRefresh,earlyRefresh,synchronized-expiry,1786711440.721000,47.999594,request_duration_p95,all,0.0009661016949152543
2026-08-14_12-43-12-721406_earlyRefresh,earlyRefresh,synchronized-expiry,1786711441.721000,48.999594,request_duration_p95,all,0.0009661016949152543
2026-08-14_12-43-12-721406_earlyRefresh,earlyRefresh,synchronized-expiry,1786711442.721000,49.999594,request_duration_p95,all,0.0009661016949152543
2026-08-14_12-43-12-721406_earlyRefresh,earlyRefresh,synchronized-expiry,1786711443.721000,50.999594,request_duration_p95,all,0.0009661015432901416
2026-08-14_12-43-12-721406_earlyRefresh,earlyRefresh,synchronized-expiry,1786711444.721000,51.999594,request_duration_p95,all,0.0009619915098920869
2026-08-14_12-43-12-721406_earlyRefresh,earlyRefresh,synchronized-expiry,1786711445.721000,52.999594,request_duration_p95,all,0.0009539751159537656
2026-08-14_12-43-12-721406_earlyRefresh,earlyRefresh,synchronized-expiry,1786711446.721000,53.999594,request_duration_p95,all,0.0009661702127659577
2026-08-14_12-43-12-721406_earlyRefresh,earlyRefresh,synchronized-expiry,1786711447.721000,54.999594,request_duration_p95,all,0.00097435820313341
2026-08-14_12-43-12-721406_earlyRefresh,earlyRefresh,synchronized-expiry,1786711448.721000,55.999594,request_duration_p95,all,0.0009743589743589743
2026-08-14_12-43-12-721406_earlyRefresh,earlyRefresh,synchronized-expiry,1786711449.721000,56.999594,request_duration_p95,all,0.0009743589743589743
2026-08-14_12-43-12-721406_earlyRefresh,earlyRefresh,synchronized-expiry,1786711450.721000,57.999594,request_duration_p95,all,0.0009743589743589743
2026-08-14_12-43-12-721406_earlyRefresh,earlyRefresh,synchronized-expiry,1786711451.721000,58.999594,request_duration_p95,all,0.0009743582030476945
2026-08-14_12-43-12-721406_earlyRefresh,earlyRefresh,synchronized-expiry,1786711452.721000,59.999594,request_duration_p95,all,0.0009743589743589743
2026-08-14_12-43-12-721406_earlyRefresh,earlyRefresh,synchronized-expiry,1786711392.721000,-0.000406,request_duration_p99,all,NaN
2026-08-14_12-43-12-721406_earlyRefresh,earlyRefresh,synchronized-expiry,1786711393.721000,0.999594,request_duration_p99,all,NaN
2026-08-14_12-43-12-721406_earlyRefresh,earlyRefresh,synchronized-expiry,1786711394.721000,1.999594,request_duration_p99,all,0.34053633217993196
2026-08-14_12-43-12-721406_earlyRefresh,earlyRefresh,synchronized-expiry,1786711395.721000,2.999594,request_duration_p99,all,0.2336640000384597
2026-08-14_12-43-12-721406_earlyRefresh,earlyRefresh,synchronized-expiry,1786711396.721000,3.999594,request_duration_p99,all,0.20342591627810175
2026-08-14_12-43-12-721406_earlyRefresh,earlyRefresh,synchronized-expiry,1786711397.721000,4.999594,request_duration_p99,all,0.1731875667508938
2026-08-14_12-43-12-721406_earlyRefresh,earlyRefresh,synchronized-expiry,1786711398.721000,5.999594,request_duration_p99,all,0.14294862710363462
2026-08-14_12-43-12-721406_earlyRefresh,earlyRefresh,synchronized-expiry,1786711399.721000,6.999594,request_duration_p99,all,0.1127108676964772
2026-08-14_12-43-12-721406_earlyRefresh,earlyRefresh,synchronized-expiry,1786711400.721000,7.999594,request_duration_p99,all,0.0009991408840540747
2026-08-14_12-43-12-721406_earlyRefresh,earlyRefresh,synchronized-expiry,1786711401.721000,8.999594,request_duration_p99,all,0.0009979609670926644
2026-08-14_12-43-12-721406_earlyRefresh,earlyRefresh,synchronized-expiry,1786711402.721000,9.999594,request_duration_p99,all,0.0009970509764260563
2026-08-14_12-43-12-721406_earlyRefresh,earlyRefresh,synchronized-expiry,1786711403.721000,10.999594,request_duration_p99,all,0.00099
2026-08-14_12-43-12-721406_earlyRefresh,earlyRefresh,synchronized-expiry,1786711404.721000,11.999594,request_duration_p99,all,0.28874999999999645
2026-08-14_12-43-12-721406_earlyRefresh,earlyRefresh,synchronized-expiry,1786711405.721000,12.999594,request_duration_p99,all,0.8500000000000011
2026-08-14_12-43-12-721406_earlyRefresh,earlyRefresh,synchronized-expiry,1786711406.721000,13.999594,request_duration_p99,all,0.85
2026-08-14_12-43-12-721406_earlyRefresh,earlyRefresh,synchronized-expiry,1786711407.721000,14.999594,request_duration_p99,all,0.85
2026-08-14_12-43-12-721406_earlyRefresh,earlyRefresh,synchronized-expiry,1786711408.721000,15.999594,request_duration_p99,all,0.85
2026-08-14_12-43-12-721406_earlyRefresh,earlyRefresh,synchronized-expiry,1786711409.721000,16.999594,request_duration_p99,all,0.8500000000000011
2026-08-14_12-43-12-721406_earlyRefresh,earlyRefresh,synchronized-expiry,1786711410.721000,17.999594,request_duration_p99,all,0.85
2026-08-14_12-43-12-721406_earlyRefresh,earlyRefresh,synchronized-expiry,1786711411.721000,18.999594,request_duration_p99,all,0.85
2026-08-14_12-43-12-721406_earlyRefresh,earlyRefresh,synchronized-expiry,1786711412.721000,19.999594,request_duration_p99,all,0.8500000000000016
2026-08-14_12-43-12-721406_earlyRefresh,earlyRefresh,synchronized-expiry,1786711413.721000,20.999594,request_duration_p99,all,0.8472916550919503
2026-08-14_12-43-12-721406_earlyRefresh,earlyRefresh,synchronized-expiry,1786711414.721000,21.999594,request_duration_p99,all,0.0009941423364479753
2026-08-14_12-43-12-721406_earlyRefresh,earlyRefresh,synchronized-expiry,1786711415.721000,22.999594,request_duration_p99,all,0.000998343008291171
2026-08-14_12-43-12-721406_earlyRefresh,earlyRefresh,synchronized-expiry,1786711416.721000,23.999594,request_duration_p99,all,0.11500375072931156
2026-08-14_12-43-12-721406_earlyRefresh,earlyRefresh,synchronized-expiry,1786711417.721000,24.999594,request_duration_p99,all,0.11500187528650553
2026-08-14_12-43-12-721406_earlyRefresh,earlyRefresh,synchronized-expiry,1786711418.721000,25.999594,request_duration_p99,all,0.11500187528650553
2026-08-14_12-43-12-721406_earlyRefresh,earlyRefresh,synchronized-expiry,1786711419.721000,26.999594,request_duration_p99,all,0.11499812466140073
2026-08-14_12-43-12-721406_earlyRefresh,earlyRefresh,synchronized-expiry,1786711420.721000,27.999594,request_duration_p99,all,0.11500000000000096
2026-08-14_12-43-12-721406_earlyRefresh,earlyRefresh,synchronized-expiry,1786711421.721000,28.999594,request_duration_p99,all,0.11500187528650338
2026-08-14_12-43-12-721406_earlyRefresh,earlyRefresh,synchronized-expiry,1786711422.721000,29.999594,request_duration_p99,all,0.11499812466140073
2026-08-14_12-43-12-721406_earlyRefresh,earlyRefresh,synchronized-expiry,1786711423.721000,30.999594,request_duration_p99,all,0.00099692330934487
2026-08-14_12-43-12-721406_earlyRefresh,earlyRefresh,synchronized-expiry,1786711424.721000,31.999594,request_duration_p99,all,0.0009927500000000004
2026-08-14_12-43-12-721406_earlyRefresh,earlyRefresh,synchronized-expiry,1786711425.721000,32.999594,request_duration_p99,all,0.24626249999999816
2026-08-14_12-43-12-721406_earlyRefresh,earlyRefresh,synchronized-expiry,1786711426.721000,33.999594,request_duration_p99,all,0.4958333333333327
2026-08-14_12-43-12-721406_earlyRefresh,earlyRefresh,synchronized-expiry,1786711427.721000,34.999594,request_duration_p99,all,0.49583221445437475
2026-08-14_12-43-12-721406_earlyRefresh,earlyRefresh,synchronized-expiry,1786711428.721000,35.999594,request_duration_p99,all,0.4958333333333327
2026-08-14_12-43-12-721406_earlyRefresh,earlyRefresh,synchronized-expiry,1786711429.721000,36.999594,request_duration_p99,all,0.49583221445437475
2026-08-14_12-43-12-721406_earlyRefresh,earlyRefresh,synchronized-expiry,1786711430.721000,37.999594,request_duration_p99,all,0.49583221457868254
2026-08-14_12-43-12-721406_earlyRefresh,earlyRefresh,synchronized-expiry,1786711431.721000,38.999594,request_duration_p99,all,0.4958344521087016
2026-08-14_12-43-12-721406_earlyRefresh,earlyRefresh,synchronized-expiry,1786711432.721000,39.999594,request_duration_p99,all,0.4958333333333327
2026-08-14_12-43-12-721406_earlyRefresh,earlyRefresh,synchronized-expiry,1786711433.721000,40.999594,request_duration_p99,all,0.4958344521087016
2026-08-14_12-43-12-721406_earlyRefresh,earlyRefresh,synchronized-expiry,1786711434.721000,41.999594,request_duration_p99,all,0.4850029442481609
2026-08-14_12-43-12-721406_earlyRefresh,earlyRefresh,synchronized-expiry,1786711435.721000,42.999594,request_duration_p99,all,0.000994153846153846
2026-08-14_12-43-12-721406_earlyRefresh,earlyRefresh,synchronized-expiry,1786711436.721000,43.999594,request_duration_p99,all,0.14699999999999774
2026-08-14_12-43-12-721406_earlyRefresh,earlyRefresh,synchronized-expiry,1786711437.721000,44.999594,request_duration_p99,all,0.16545506883351768
2026-08-14_12-43-12-721406_earlyRefresh,earlyRefresh,synchronized-expiry,1786711438.721000,45.999594,request_duration_p99,all,0.16545506883351768
2026-08-14_12-43-12-721406_earlyRefresh,earlyRefresh,synchronized-expiry,1786711439.721000,46.999594,request_duration_p99,all,0.16545454545454563
2026-08-14_12-43-12-721406_earlyRefresh,earlyRefresh,synchronized-expiry,1786711440.721000,47.999594,request_duration_p99,all,0.16545454545454563
2026-08-14_12-43-12-721406_earlyRefresh,earlyRefresh,synchronized-expiry,1786711441.721000,48.999594,request_duration_p99,all,0.16545454545454563
2026-08-14_12-43-12-721406_earlyRefresh,earlyRefresh,synchronized-expiry,1786711442.721000,49.999594,request_duration_p99,all,0.16545454545454563
2026-08-14_12-43-12-721406_earlyRefresh,earlyRefresh,synchronized-expiry,1786711443.721000,50.999594,request_duration_p99,all,0.16545402200155673
2026-08-14_12-43-12-721406_earlyRefresh,earlyRefresh,synchronized-expiry,1786711444.721000,51.999594,request_duration_p99,all,0.13337442183485082
2026-08-14_12-43-12-721406_earlyRefresh,earlyRefresh,synchronized-expiry,1786711445.721000,52.999594,request_duration_p99,all,0.000994142489257082
2026-08-14_12-43-12-721406_earlyRefresh,earlyRefresh,synchronized-expiry,1786711446.721000,53.999594,request_duration_p99,all,0.18050000000000127
2026-08-14_12-43-12-721406_earlyRefresh,earlyRefresh,synchronized-expiry,1786711447.721000,54.999594,request_duration_p99,all,0.21307550266721365
2026-08-14_12-43-12-721406_earlyRefresh,earlyRefresh,synchronized-expiry,1786711448.721000,55.999594,request_duration_p99,all,0.2130769230769222
2026-08-14_12-43-12-721406_earlyRefresh,earlyRefresh,synchronized-expiry,1786711449.721000,56.999594,request_duration_p99,all,0.2130769230769222
2026-08-14_12-43-12-721406_earlyRefresh,earlyRefresh,synchronized-expiry,1786711450.721000,57.999594,request_duration_p99,all,0.2130769230769222
2026-08-14_12-43-12-721406_earlyRefresh,earlyRefresh,synchronized-expiry,1786711451.721000,58.999594,request_duration_p99,all,0.2130755025093399
2026-08-14_12-43-12-721406_earlyRefresh,earlyRefresh,synchronized-expiry,1786711452.721000,59.999594,request_duration_p99,all,0.2130769230769222
