experiment_id,experiment_name,test_name,timestamp,relative_time_seconds,metric,series,value
2026-09-03_10-14-11-226676_earlyRefresh,earlyRefresh,backend-unavailability,1788430451.227000,0.000324,all_requests,all,0
2026-09-03_10-14-11-226676_earlyRefresh,earlyRefresh,backend-unavailability,1788430452.227000,1.000324,all_requests,all,0
2026-09-03_10-14-11-226676_earlyRefresh,earlyRefresh,backend-unavailability,1788430453.227000,2.000324,all_requests,all,3
2026-09-03_10-14-11-226676_earlyRefresh,earlyRefresh,backend-unavailability,1788430454.227000,3.000324,all_requests,all,14
2026-09-03_10-14-11-226676_earlyRefresh,earlyRefresh,backend-unavailability,1788430455.227000,4.000324,all_requests,all,30
2026-09-03_10-14-11-226676_earlyRefresh,earlyRefresh,backend-unavailability,1788430456.227000,5.000324,all_requests,all,49
2026-09-03_10-14-11-226676_earlyRefresh,earlyRefresh,backend-unavailability,1788430457.227000,6.000324,all_requests,all,74
2026-09-03_10-14-11-226676_earlyRefresh,earlyRefresh,backend-unavailability,1788430458.227000,7.000324,all_requests,all,107
2026-09-03_10-14-11-226676_earlyRefresh,earlyRefresh,backend-unavailability,1788430459.227000,8.000324,all_requests,all,143
2026-09-03_10-14-11-226676_earlyRefresh,earlyRefresh,backend-unavailability,1788430460.227000,9.000324,all_requests,all,181
2026-09-03_10-14-11-226676_earlyRefresh,earlyRefresh,backend-unavailability,1788430461.227000,10.000324,all_requests,all,228
2026-09-03_10-14-11-226676_earlyRefresh,earlyRefresh,backend-unavailability,1788430462.227000,11.000324,all_requests,all,275
2026-09-03_10-14-11-226676_earlyRefresh,earlyRefresh,backend-unavailability,1788430463.227000,12.000324,all_requests,all,331
2026-09-03_10-14-11-226676_earlyRefresh,earlyRefresh,backend-unavailability,1788430464.227000,13.000324,all_requests,all,388
2026-09-03_10-14-11-226676_earlyRefresh,earlyRefresh,backend-unavailability,1788430465.227000,14.000324,all_requests,all,452
2026-09-03_10-14-11-226676_earlyRefresh,earlyRefresh,backend-unavailability,1788430466.227000,15.000324,all_requests,all,519
2026-09-03_10-14-11-226676_earlyRefresh,earlyRefresh,backend-unavailability,1788430467.227000,16.000324,all_requests,all,595
2026-09-03_10-14-11-226676_earlyRefresh,earlyRefresh,backend-unavailability,1788430468.227000,17.000324,all_requests,all,667
2026-09-03_10-14-11-226676_earlyRefresh,earlyRefresh,backend-unavailability,1788430469.227000,18.000324,all_requests,all,739
2026-09-03_10-14-11-226676_earlyRefresh,earlyRefresh,backend-unavailability,1788430470.227000,19.000324,all_requests,all,814
2026-09-03_10-14-11-226676_earlyRefresh,earlyRefresh,backend-unavailability,1788430471.227000,20.000324,all_requests,all,897
2026-09-03_10-14-11-226676_earlyRefresh,earlyRefresh,backend-unavailability,1788430472.227000,21.000324,all_requests,all,966
2026-09-03_10-14-11-226676_earlyRefresh,earlyRefresh,backend-unavailability,1788430473.227000,22.000324,all_requests,all,1046
2026-09-03_10-14-11-226676_earlyRefresh,earlyRefresh,backend-unavailability,1788430474.227000,23.000324,all_requests,all,1129
2026-09-03_10-14-11-226676_earlyRefresh,earlyRefresh,backend-unavailability,1788430475.227000,24.000324,all_requests,all,1203
2026-09-03_10-14-11-226676_earlyRefresh,earlyRefresh,backend-unavailability,1788430476.227000,25.000324,all_requests,all,1282
2026-09-03_10-14-11-226676_earlyRefresh,earlyRefresh,backend-unavailability,1788430477.227000,26.000324,all_requests,all,1361
2026-09-03_10-14-11-226676_earlyRefresh,earlyRefresh,backend-unavailability,1788430478.227000,27.000324,all_requests,all,1438
2026-09-03_10-14-11-226676_earlyRefresh,earlyRefresh,backend-unavailability,1788430479.227000,28.000324,all_requests,all,1518
2026-09-03_10-14-11-226676_earlyRefresh,earlyRefresh,backend-unavailability,1788430480.227000,29.000324,all_requests,all,1592
2026-09-03_10-14-11-226676_earlyRefresh,earlyRefresh,backend-unavailability,1788430481.227000,30.000324,all_requests,all,1669
2026-09-03_10-14-11-226676_earlyRefresh,earlyRefresh,backend-unavailability,1788430482.227000,31.000324,all_requests,all,1747
2026-09-03_10-14-11-226676_earlyRefresh,earlyRefresh,backend-unavailability,1788430483.227000,32.000324,all_requests,all,1824
2026-09-03_10-14-11-226676_earlyRefresh,earlyRefresh,backend-unavailability,1788430484.227000,33.000324,all_requests,all,1902
2026-09-03_10-14-11-226676_earlyRefresh,earlyRefresh,backend-unavailability,1788430485.227000,34.000324,all_requests,all,1975
2026-09-03_10-14-11-226676_earlyRefresh,earlyRefresh,backend-unavailability,1788430486.227000,35.000324,all_requests,all,2049
2026-09-03_10-14-11-226676_earlyRefresh,earlyRefresh,backend-unavailability,1788430487.227000,36.000324,all_requests,all,2129
2026-09-03_10-14-11-226676_earlyRefresh,earlyRefresh,backend-unavailability,1788430488.227000,37.000324,all_requests,all,2201
2026-09-03_10-14-11-226676_earlyRefresh,earlyRefresh,backend-unavailability,1788430489.227000,38.000324,all_requests,all,2280
2026-09-03_10-14-11-226676_earlyRefresh,earlyRefresh,backend-unavailability,1788430490.227000,39.000324,all_requests,all,2356
2026-09-03_10-14-11-226676_earlyRefresh,earlyRefresh,backend-unavailability,1788430491.227000,40.000324,all_requests,all,2432
2026-09-03_10-14-11-226676_earlyRefresh,earlyRefresh,backend-unavailability,1788430492.227000,41.000324,all_requests,all,2511
2026-09-03_10-14-11-226676_earlyRefresh,earlyRefresh,backend-unavailability,1788430493.227000,42.000324,all_requests,all,2588
2026-09-03_10-14-11-226676_earlyRefresh,earlyRefresh,backend-unavailability,1788430494.227000,43.000324,all_requests,all,2660
2026-09-03_10-14-11-226676_earlyRefresh,earlyRefresh,backend-unavailability,1788430495.227000,44.000324,all_requests,all,2734
2026-09-03_10-14-11-226676_earlyRefresh,earlyRefresh,backend-unavailability,1788430496.227000,45.000324,all_requests,all,2816
2026-09-03_10-14-11-226676_earlyRefresh,earlyRefresh,backend-unavailability,1788430497.227000,46.000324,all_requests,all,2901
2026-09-03_10-14-11-226676_earlyRefresh,earlyRefresh,backend-unavailability,1788430498.227000,47.000324,all_requests,all,2984
2026-09-03_10-14-11-226676_earlyRefresh,earlyRefresh,backend-unavailability,1788430499.227000,48.000324,all_requests,all,3062
2026-09-03_10-14-11-226676_earlyRefresh,earlyRefresh,backend-unavailability,1788430500.227000,49.000324,all_requests,all,3138
2026-09-03_10-14-11-226676_earlyRefresh,earlyRefresh,backend-unavailability,1788430501.227000,50.000324,all_requests,all,3216
2026-09-03_10-14-11-226676_earlyRefresh,earlyRefresh,backend-unavailability,1788430502.227000,51.000324,all_requests,all,3292
2026-09-03_10-14-11-226676_earlyRefresh,earlyRefresh,backend-unavailability,1788430503.227000,52.000324,all_requests,all,3370
2026-09-03_10-14-11-226676_earlyRefresh,earlyRefresh,backend-unavailability,1788430504.227000,53.000324,all_requests,all,3446
2026-09-03_10-14-11-226676_earlyRefresh,earlyRefresh,backend-unavailability,1788430505.227000,54.000324,all_requests,all,3524
2026-09-03_10-14-11-226676_earlyRefresh,earlyRefresh,backend-unavailability,1788430506.227000,55.000324,all_requests,all,3600
2026-09-03_10-14-11-226676_earlyRefresh,earlyRefresh,backend-unavailability,1788430507.227000,56.000324,all_requests,all,3678
2026-09-03_10-14-11-226676_earlyRefresh,earlyRefresh,backend-unavailability,1788430508.227000,57.000324,all_requests,all,3754
2026-09-03_10-14-11-226676_earlyRefresh,earlyRefresh,backend-unavailability,1788430509.227000,58.000324,all_requests,all,3832
2026-09-03_10-14-11-226676_earlyRefresh,earlyRefresh,backend-unavailability,1788430510.227000,59.000324,all_requests,all,3908
2026-09-03_10-14-11-226676_earlyRefresh,earlyRefresh,backend-unavailability,1788430511.227000,60.000324,all_requests,all,3960
2026-09-03_10-14-11-226676_earlyRefresh,earlyRefresh,backend-unavailability,1788430512.227000,61.000324,all_requests,all,4012
2026-09-03_10-14-11-226676_earlyRefresh,earlyRefresh,backend-unavailability,1788430513.227000,62.000324,all_requests,all,4073
2026-09-03_10-14-11-226676_earlyRefresh,earlyRefresh,backend-unavailability,1788430514.227000,63.000324,all_requests,all,4148
2026-09-03_10-14-11-226676_earlyRefresh,earlyRefresh,backend-unavailability,1788430515.227000,64.000324,all_requests,all,4238
2026-09-03_10-14-11-226676_earlyRefresh,earlyRefresh,backend-unavailability,1788430516.227000,65.000324,all_requests,all,4308
2026-09-03_10-14-11-226676_earlyRefresh,earlyRefresh,backend-unavailability,1788430517.227000,66.000324,all_requests,all,4374
2026-09-03_10-14-11-226676_earlyRefresh,earlyRefresh,backend-unavailability,1788430518.227000,67.000324,all_requests,all,4459
2026-09-03_10-14-11-226676_earlyRefresh,earlyRefresh,backend-unavailability,1788430519.227000,68.000324,all_requests,all,4538
2026-09-03_10-14-11-226676_earlyRefresh,earlyRefresh,backend-unavailability,1788430520.227000,69.000324,all_requests,all,4616
2026-09-03_10-14-11-226676_earlyRefresh,earlyRefresh,backend-unavailability,1788430521.227000,70.000324,all_requests,all,4672
2026-09-03_10-14-11-226676_earlyRefresh,earlyRefresh,backend-unavailability,1788430522.227000,71.000324,all_requests,all,4754
2026-09-03_10-14-11-226676_earlyRefresh,earlyRefresh,backend-unavailability,1788430523.227000,72.000324,all_requests,all,4842
2026-09-03_10-14-11-226676_earlyRefresh,earlyRefresh,backend-unavailability,1788430524.227000,73.000324,all_requests,all,4918
2026-09-03_10-14-11-226676_earlyRefresh,earlyRefresh,backend-unavailability,1788430525.227000,74.000324,all_requests,all,4998
2026-09-03_10-14-11-226676_earlyRefresh,earlyRefresh,backend-unavailability,1788430526.227000,75.000324,all_requests,all,5070
2026-09-03_10-14-11-226676_earlyRefresh,earlyRefresh,backend-unavailability,1788430527.227000,76.000324,all_requests,all,5123
2026-09-03_10-14-11-226676_earlyRefresh,earlyRefresh,backend-unavailability,1788430528.227000,77.000324,all_requests,all,5186
2026-09-03_10-14-11-226676_earlyRefresh,earlyRefresh,backend-unavailability,1788430529.227000,78.000324,all_requests,all,5255
2026-09-03_10-14-11-226676_earlyRefresh,earlyRefresh,backend-unavailability,1788430530.227000,79.000324,all_requests,all,5326
2026-09-03_10-14-11-226676_earlyRefresh,earlyRefresh,backend-unavailability,1788430531.227000,80.000324,all_requests,all,5400
2026-09-03_10-14-11-226676_earlyRefresh,earlyRefresh,backend-unavailability,1788430532.227000,81.000324,all_requests,all,5474
2026-09-03_10-14-11-226676_earlyRefresh,earlyRefresh,backend-unavailability,1788430533.227000,82.000324,all_requests,all,5550
2026-09-03_10-14-11-226676_earlyRefresh,earlyRefresh,backend-unavailability,1788430534.227000,83.000324,all_requests,all,5626
2026-09-03_10-14-11-226676_earlyRefresh,earlyRefresh,backend-unavailability,1788430535.227000,84.000324,all_requests,all,5702
2026-09-03_10-14-11-226676_earlyRefresh,earlyRefresh,backend-unavailability,1788430536.227000,85.000324,all_requests,all,5779
2026-09-03_10-14-11-226676_earlyRefresh,earlyRefresh,backend-unavailability,1788430537.227000,86.000324,all_requests,all,5856
2026-09-03_10-14-11-226676_earlyRefresh,earlyRefresh,backend-unavailability,1788430538.227000,87.000324,all_requests,all,5932
2026-09-03_10-14-11-226676_earlyRefresh,earlyRefresh,backend-unavailability,1788430539.227000,88.000324,all_requests,all,6009
2026-09-03_10-14-11-226676_earlyRefresh,earlyRefresh,backend-unavailability,1788430540.227000,89.000324,all_requests,all,6086
2026-09-03_10-14-11-226676_earlyRefresh,earlyRefresh,backend-unavailability,1788430541.227000,90.000324,all_requests,all,6163
2026-09-03_10-14-11-226676_earlyRefresh,earlyRefresh,backend-unavailability,1788430542.227000,91.000324,all_requests,all,6240
2026-09-03_10-14-11-226676_earlyRefresh,earlyRefresh,backend-unavailability,1788430543.227000,92.000324,all_requests,all,6317
2026-09-03_10-14-11-226676_earlyRefresh,earlyRefresh,backend-unavailability,1788430544.227000,93.000324,all_requests,all,6394
2026-09-03_10-14-11-226676_earlyRefresh,earlyRefresh,backend-unavailability,1788430545.227000,94.000324,all_requests,all,6471
2026-09-03_10-14-11-226676_earlyRefresh,earlyRefresh,backend-unavailability,1788430546.227000,95.000324,all_requests,all,6548
2026-09-03_10-14-11-226676_earlyRefresh,earlyRefresh,backend-unavailability,1788430547.227000,96.000324,all_requests,all,6625
2026-09-03_10-14-11-226676_earlyRefresh,earlyRefresh,backend-unavailability,1788430548.227000,97.000324,all_requests,all,6702
2026-09-03_10-14-11-226676_earlyRefresh,earlyRefresh,backend-unavailability,1788430549.227000,98.000324,all_requests,all,6779
2026-09-03_10-14-11-226676_earlyRefresh,earlyRefresh,backend-unavailability,1788430550.227000,99.000324,all_requests,all,6856
2026-09-03_10-14-11-226676_earlyRefresh,earlyRefresh,backend-unavailability,1788430551.227000,100.000324,all_requests,all,6933
2026-09-03_10-14-11-226676_earlyRefresh,earlyRefresh,backend-unavailability,1788430552.227000,101.000324,all_requests,all,7010
2026-09-03_10-14-11-226676_earlyRefresh,earlyRefresh,backend-unavailability,1788430553.227000,102.000324,all_requests,all,7086
2026-09-03_10-14-11-226676_earlyRefresh,earlyRefresh,backend-unavailability,1788430554.227000,103.000324,all_requests,all,7164
2026-09-03_10-14-11-226676_earlyRefresh,earlyRefresh,backend-unavailability,1788430555.227000,104.000324,all_requests,all,7240
2026-09-03_10-14-11-226676_earlyRefresh,earlyRefresh,backend-unavailability,1788430556.227000,105.000324,all_requests,all,7318
2026-09-03_10-14-11-226676_earlyRefresh,earlyRefresh,backend-unavailability,1788430557.227000,106.000324,all_requests,all,7395
2026-09-03_10-14-11-226676_earlyRefresh,earlyRefresh,backend-unavailability,1788430558.227000,107.000324,all_requests,all,7472
2026-09-03_10-14-11-226676_earlyRefresh,earlyRefresh,backend-unavailability,1788430451.227000,0.000324,l1_hits,all,0
2026-09-03_10-14-11-226676_earlyRefresh,earlyRefresh,backend-unavailability,1788430452.227000,1.000324,l1_hits,all,0
2026-09-03_10-14-11-226676_earlyRefresh,earlyRefresh,backend-unavailability,1788430453.227000,2.000324,l1_hits,all,0
2026-09-03_10-14-11-226676_earlyRefresh,earlyRefresh,backend-unavailability,1788430454.227000,3.000324,l1_hits,all,1
2026-09-03_10-14-11-226676_earlyRefresh,earlyRefresh,backend-unavailability,1788430455.227000,4.000324,l1_hits,all,6
2026-09-03_10-14-11-226676_earlyRefresh,earlyRefresh,backend-unavailability,1788430456.227000,5.000324,l1_hits,all,13
2026-09-03_10-14-11-226676_earlyRefresh,earlyRefresh,backend-unavailability,1788430457.227000,6.000324,l1_hits,all,22
2026-09-03_10-14-11-226676_earlyRefresh,earlyRefresh,backend-unavailability,1788430458.227000,7.000324,l1_hits,all,45
2026-09-03_10-14-11-226676_earlyRefresh,earlyRefresh,backend-unavailability,1788430459.227000,8.000324,l1_hits,all,62
2026-09-03_10-14-11-226676_earlyRefresh,earlyRefresh,backend-unavailability,1788430460.227000,9.000324,l1_hits,all,84
2026-09-03_10-14-11-226676_earlyRefresh,earlyRefresh,backend-unavailability,1788430461.227000,10.000324,l1_hits,all,109
2026-09-03_10-14-11-226676_earlyRefresh,earlyRefresh,backend-unavailability,1788430462.227000,11.000324,l1_hits,all,134
2026-09-03_10-14-11-226676_earlyRefresh,earlyRefresh,backend-unavailability,1788430463.227000,12.000324,l1_hits,all,167
2026-09-03_10-14-11-226676_earlyRefresh,earlyRefresh,backend-unavailability,1788430464.227000,13.000324,l1_hits,all,203
2026-09-03_10-14-11-226676_earlyRefresh,earlyRefresh,backend-unavailability,1788430465.227000,14.000324,l1_hits,all,237
2026-09-03_10-14-11-226676_earlyRefresh,earlyRefresh,backend-unavailability,1788430466.227000,15.000324,l1_hits,all,281
2026-09-03_10-14-11-226676_earlyRefresh,earlyRefresh,backend-unavailability,1788430467.227000,16.000324,l1_hits,all,325
2026-09-03_10-14-11-226676_earlyRefresh,earlyRefresh,backend-unavailability,1788430468.227000,17.000324,l1_hits,all,365
2026-09-03_10-14-11-226676_earlyRefresh,earlyRefresh,backend-unavailability,1788430469.227000,18.000324,l1_hits,all,402
2026-09-03_10-14-11-226676_earlyRefresh,earlyRefresh,backend-unavailability,1788430470.227000,19.000324,l1_hits,all,444
2026-09-03_10-14-11-226676_earlyRefresh,earlyRefresh,backend-unavailability,1788430471.227000,20.000324,l1_hits,all,486
2026-09-03_10-14-11-226676_earlyRefresh,earlyRefresh,backend-unavailability,1788430472.227000,21.000324,l1_hits,all,516
2026-09-03_10-14-11-226676_earlyRefresh,earlyRefresh,backend-unavailability,1788430473.227000,22.000324,l1_hits,all,555
2026-09-03_10-14-11-226676_earlyRefresh,earlyRefresh,backend-unavailability,1788430474.227000,23.000324,l1_hits,all,596
2026-09-03_10-14-11-226676_earlyRefresh,earlyRefresh,backend-unavailability,1788430475.227000,24.000324,l1_hits,all,636
2026-09-03_10-14-11-226676_earlyRefresh,earlyRefresh,backend-unavailability,1788430476.227000,25.000324,l1_hits,all,677
2026-09-03_10-14-11-226676_earlyRefresh,earlyRefresh,backend-unavailability,1788430477.227000,26.000324,l1_hits,all,720
2026-09-03_10-14-11-226676_earlyRefresh,earlyRefresh,backend-unavailability,1788430478.227000,27.000324,l1_hits,all,762
2026-09-03_10-14-11-226676_earlyRefresh,earlyRefresh,backend-unavailability,1788430479.227000,28.000324,l1_hits,all,813
2026-09-03_10-14-11-226676_earlyRefresh,earlyRefresh,backend-unavailability,1788430480.227000,29.000324,l1_hits,all,851
2026-09-03_10-14-11-226676_earlyRefresh,earlyRefresh,backend-unavailability,1788430481.227000,30.000324,l1_hits,all,889
2026-09-03_10-14-11-226676_earlyRefresh,earlyRefresh,backend-unavailability,1788430482.227000,31.000324,l1_hits,all,935
2026-09-03_10-14-11-226676_earlyRefresh,earlyRefresh,backend-unavailability,1788430483.227000,32.000324,l1_hits,all,980
2026-09-03_10-14-11-226676_earlyRefresh,earlyRefresh,backend-unavailability,1788430484.227000,33.000324,l1_hits,all,1024
2026-09-03_10-14-11-226676_earlyRefresh,earlyRefresh,backend-unavailability,1788430485.227000,34.000324,l1_hits,all,1052
2026-09-03_10-14-11-226676_earlyRefresh,earlyRefresh,backend-unavailability,1788430486.227000,35.000324,l1_hits,all,1088
2026-09-03_10-14-11-226676_earlyRefresh,earlyRefresh,backend-unavailability,1788430487.227000,36.000324,l1_hits,all,1125
2026-09-03_10-14-11-226676_earlyRefresh,earlyRefresh,backend-unavailability,1788430488.227000,37.000324,l1_hits,all,1165
2026-09-03_10-14-11-226676_earlyRefresh,earlyRefresh,backend-unavailability,1788430489.227000,38.000324,l1_hits,all,1200
2026-09-03_10-14-11-226676_earlyRefresh,earlyRefresh,backend-unavailability,1788430490.227000,39.000324,l1_hits,all,1240
2026-09-03_10-14-11-226676_earlyRefresh,earlyRefresh,backend-unavailability,1788430491.227000,40.000324,l1_hits,all,1278
2026-09-03_10-14-11-226676_earlyRefresh,earlyRefresh,backend-unavailability,1788430492.227000,41.000324,l1_hits,all,1317
2026-09-03_10-14-11-226676_earlyRefresh,earlyRefresh,backend-unavailability,1788430493.227000,42.000324,l1_hits,all,1356
2026-09-03_10-14-11-226676_earlyRefresh,earlyRefresh,backend-unavailability,1788430494.227000,43.000324,l1_hits,all,1389
2026-09-03_10-14-11-226676_earlyRefresh,earlyRefresh,backend-unavailability,1788430495.227000,44.000324,l1_hits,all,1430
2026-09-03_10-14-11-226676_earlyRefresh,earlyRefresh,backend-unavailability,1788430496.227000,45.000324,l1_hits,all,1472
2026-09-03_10-14-11-226676_earlyRefresh,earlyRefresh,backend-unavailability,1788430497.227000,46.000324,l1_hits,all,1520
2026-09-03_10-14-11-226676_earlyRefresh,earlyRefresh,backend-unavailability,1788430498.227000,47.000324,l1_hits,all,1551
2026-09-03_10-14-11-226676_earlyRefresh,earlyRefresh,backend-unavailability,1788430499.227000,48.000324,l1_hits,all,1590
2026-09-03_10-14-11-226676_earlyRefresh,earlyRefresh,backend-unavailability,1788430500.227000,49.000324,l1_hits,all,1626
2026-09-03_10-14-11-226676_earlyRefresh,earlyRefresh,backend-unavailability,1788430501.227000,50.000324,l1_hits,all,1675
2026-09-03_10-14-11-226676_earlyRefresh,earlyRefresh,backend-unavailability,1788430502.227000,51.000324,l1_hits,all,1714
2026-09-03_10-14-11-226676_earlyRefresh,earlyRefresh,backend-unavailability,1788430503.227000,52.000324,l1_hits,all,1753
2026-09-03_10-14-11-226676_earlyRefresh,earlyRefresh,backend-unavailability,1788430504.227000,53.000324,l1_hits,all,1791
2026-09-03_10-14-11-226676_earlyRefresh,earlyRefresh,backend-unavailability,1788430505.227000,54.000324,l1_hits,all,1831
2026-09-03_10-14-11-226676_earlyRefresh,earlyRefresh,backend-unavailability,1788430506.227000,55.000324,l1_hits,all,1870
2026-09-03_10-14-11-226676_earlyRefresh,earlyRefresh,backend-unavailability,1788430507.227000,56.000324,l1_hits,all,1898
2026-09-03_10-14-11-226676_earlyRefresh,earlyRefresh,backend-unavailability,1788430508.227000,57.000324,l1_hits,all,1927
2026-09-03_10-14-11-226676_earlyRefresh,earlyRefresh,backend-unavailability,1788430509.227000,58.000324,l1_hits,all,1966
2026-09-03_10-14-11-226676_earlyRefresh,earlyRefresh,backend-unavailability,1788430510.227000,59.000324,l1_hits,all,1995
2026-09-03_10-14-11-226676_earlyRefresh,earlyRefresh,backend-unavailability,1788430511.227000,60.000324,l1_hits,all,2017
2026-09-03_10-14-11-226676_earlyRefresh,earlyRefresh,backend-unavailability,1788430512.227000,61.000324,l1_hits,all,2043
2026-09-03_10-14-11-226676_earlyRefresh,earlyRefresh,backend-unavailability,1788430513.227000,62.000324,l1_hits,all,2069
2026-09-03_10-14-11-226676_earlyRefresh,earlyRefresh,backend-unavailability,1788430514.227000,63.000324,l1_hits,all,2100
2026-09-03_10-14-11-226676_earlyRefresh,earlyRefresh,backend-unavailability,1788430515.227000,64.000324,l1_hits,all,2134
2026-09-03_10-14-11-226676_earlyRefresh,earlyRefresh,backend-unavailability,1788430516.227000,65.000324,l1_hits,all,2164
2026-09-03_10-14-11-226676_earlyRefresh,earlyRefresh,backend-unavailability,1788430517.227000,66.000324,l1_hits,all,2181
2026-09-03_10-14-11-226676_earlyRefresh,earlyRefresh,backend-unavailability,1788430518.227000,67.000324,l1_hits,all,2201
2026-09-03_10-14-11-226676_earlyRefresh,earlyRefresh,backend-unavailability,1788430519.227000,68.000324,l1_hits,all,2224
2026-09-03_10-14-11-226676_earlyRefresh,earlyRefresh,backend-unavailability,1788430520.227000,69.000324,l1_hits,all,2250
2026-09-03_10-14-11-226676_earlyRefresh,earlyRefresh,backend-unavailability,1788430521.227000,70.000324,l1_hits,all,2265
2026-09-03_10-14-11-226676_earlyRefresh,earlyRefresh,backend-unavailability,1788430522.227000,71.000324,l1_hits,all,2287
2026-09-03_10-14-11-226676_earlyRefresh,earlyRefresh,backend-unavailability,1788430523.227000,72.000324,l1_hits,all,2313
2026-09-03_10-14-11-226676_earlyRefresh,earlyRefresh,backend-unavailability,1788430524.227000,73.000324,l1_hits,all,2332
2026-09-03_10-14-11-226676_earlyRefresh,earlyRefresh,backend-unavailability,1788430525.227000,74.000324,l1_hits,all,2359
2026-09-03_10-14-11-226676_earlyRefresh,earlyRefresh,backend-unavailability,1788430526.227000,75.000324,l1_hits,all,2382
2026-09-03_10-14-11-226676_earlyRefresh,earlyRefresh,backend-unavailability,1788430527.227000,76.000324,l1_hits,all,2392
2026-09-03_10-14-11-226676_earlyRefresh,earlyRefresh,backend-unavailability,1788430528.227000,77.000324,l1_hits,all,2394
2026-09-03_10-14-11-226676_earlyRefresh,earlyRefresh,backend-unavailability,1788430529.227000,78.000324,l1_hits,all,2394
2026-09-03_10-14-11-226676_earlyRefresh,earlyRefresh,backend-unavailability,1788430530.227000,79.000324,l1_hits,all,2394
2026-09-03_10-14-11-226676_earlyRefresh,earlyRefresh,backend-unavailability,1788430531.227000,80.000324,l1_hits,all,2394
2026-09-03_10-14-11-226676_earlyRefresh,earlyRefresh,backend-unavailability,1788430532.227000,81.000324,l1_hits,all,2394
2026-09-03_10-14-11-226676_earlyRefresh,earlyRefresh,backend-unavailability,1788430533.227000,82.000324,l1_hits,all,2394
2026-09-03_10-14-11-226676_earlyRefresh,earlyRefresh,backend-unavailability,1788430534.227000,83.000324,l1_hits,all,2394
2026-09-03_10-14-11-226676_earlyRefresh,earlyRefresh,backend-unavailability,1788430535.227000,84.000324,l1_hits,all,2394
2026-09-03_10-14-11-226676_earlyRefresh,earlyRefresh,backend-unavailability,1788430536.227000,85.000324,l1_hits,all,2394
2026-09-03_10-14-11-226676_earlyRefresh,earlyRefresh,backend-unavailability,1788430537.227000,86.000324,l1_hits,all,2394
2026-09-03_10-14-11-226676_earlyRefresh,earlyRefresh,backend-unavailability,1788430538.227000,87.000324,l1_hits,all,2394
2026-09-03_10-14-11-226676_earlyRefresh,earlyRefresh,backend-unavailability,1788430539.227000,88.000324,l1_hits,all,2394
2026-09-03_10-14-11-226676_earlyRefresh,earlyRefresh,backend-unavailability,1788430540.227000,89.000324,l1_hits,all,2394
2026-09-03_10-14-11-226676_earlyRefresh,earlyRefresh,backend-unavailability,1788430541.227000,90.000324,l1_hits,all,2394
2026-09-03_10-14-11-226676_earlyRefresh,earlyRefresh,backend-unavailability,1788430542.227000,91.000324,l1_hits,all,2394
2026-09-03_10-14-11-226676_earlyRefresh,earlyRefresh,backend-unavailability,1788430543.227000,92.000324,l1_hits,all,2394
2026-09-03_10-14-11-226676_earlyRefresh,earlyRefresh,backend-unavailability,1788430544.227000,93.000324,l1_hits,all,2394
2026-09-03_10-14-11-226676_earlyRefresh,earlyRefresh,backend-unavailability,1788430545.227000,94.000324,l1_hits,all,2394
2026-09-03_10-14-11-226676_earlyRefresh,earlyRefresh,backend-unavailability,1788430546.227000,95.000324,l1_hits,all,2394
2026-09-03_10-14-11-226676_earlyRefresh,earlyRefresh,backend-unavailability,1788430547.227000,96.000324,l1_hits,all,2394
2026-09-03_10-14-11-226676_earlyRefresh,earlyRefresh,backend-unavailability,1788430548.227000,97.000324,l1_hits,all,2394
2026-09-03_10-14-11-226676_earlyRefresh,earlyRefresh,backend-unavailability,1788430549.227000,98.000324,l1_hits,all,2394
2026-09-03_10-14-11-226676_earlyRefresh,earlyRefresh,backend-unavailability,1788430550.227000,99.000324,l1_hits,all,2394
2026-09-03_10-14-11-226676_earlyRefresh,earlyRefresh,backend-unavailability,1788430551.227000,100.000324,l1_hits,all,2394
2026-09-03_10-14-11-226676_earlyRefresh,earlyRefresh,backend-unavailability,1788430552.227000,101.000324,l1_hits,all,2394
2026-09-03_10-14-11-226676_earlyRefresh,earlyRefresh,backend-unavailability,1788430553.227000,102.000324,l1_hits,all,2394
2026-09-03_10-14-11-226676_earlyRefresh,earlyRefresh,backend-unavailability,1788430554.227000,103.000324,l1_hits,all,2394
2026-09-03_10-14-11-226676_earlyRefresh,earlyRefresh,backend-unavailability,1788430555.227000,104.000324,l1_hits,all,2394
2026-09-03_10-14-11-226676_earlyRefresh,earlyRefresh,backend-unavailability,1788430556.227000,105.000324,l1_hits,all,2394
2026-09-03_10-14-11-226676_earlyRefresh,earlyRefresh,backend-unavailability,1788430557.227000,106.000324,l1_hits,all,2394
2026-09-03_10-14-11-226676_earlyRefresh,earlyRefresh,backend-unavailability,1788430558.227000,107.000324,l1_hits,all,2394
2026-09-03_10-14-11-226676_earlyRefresh,earlyRefresh,backend-unavailability,1788430451.227000,0.000324,l2_hits,all,0
2026-09-03_10-14-11-226676_earlyRefresh,earlyRefresh,backend-unavailability,1788430452.227000,1.000324,l2_hits,all,0
2026-09-03_10-14-11-226676_earlyRefresh,earlyRefresh,backend-unavailability,1788430453.227000,2.000324,l2_hits,all,0
2026-09-03_10-14-11-226676_earlyRefresh,earlyRefresh,backend-unavailability,1788430454.227000,3.000324,l2_hits,all,1
2026-09-03_10-14-11-226676_earlyRefresh,earlyRefresh,backend-unavailability,1788430455.227000,4.000324,l2_hits,all,2
2026-09-03_10-14-11-226676_earlyRefresh,earlyRefresh,backend-unavailability,1788430456.227000,5.000324,l2_hits,all,5
2026-09-03_10-14-11-226676_earlyRefresh,earlyRefresh,backend-unavailability,1788430457.227000,6.000324,l2_hits,all,10
2026-09-03_10-14-11-226676_earlyRefresh,earlyRefresh,backend-unavailability,1788430458.227000,7.000324,l2_hits,all,12
2026-09-03_10-14-11-226676_earlyRefresh,earlyRefresh,backend-unavailability,1788430459.227000,8.000324,l2_hits,all,19
2026-09-03_10-14-11-226676_earlyRefresh,earlyRefresh,backend-unavailability,1788430460.227000,9.000324,l2_hits,all,30
2026-09-03_10-14-11-226676_earlyRefresh,earlyRefresh,backend-unavailability,1788430461.227000,10.000324,l2_hits,all,45
2026-09-03_10-14-11-226676_earlyRefresh,earlyRefresh,backend-unavailability,1788430462.227000,11.000324,l2_hits,all,59
2026-09-03_10-14-11-226676_earlyRefresh,earlyRefresh,backend-unavailability,1788430463.227000,12.000324,l2_hits,all,74
2026-09-03_10-14-11-226676_earlyRefresh,earlyRefresh,backend-unavailability,1788430464.227000,13.000324,l2_hits,all,86
2026-09-03_10-14-11-226676_earlyRefresh,earlyRefresh,backend-unavailability,1788430465.227000,14.000324,l2_hits,all,105
2026-09-03_10-14-11-226676_earlyRefresh,earlyRefresh,backend-unavailability,1788430466.227000,15.000324,l2_hits,all,115
2026-09-03_10-14-11-226676_earlyRefresh,earlyRefresh,backend-unavailability,1788430467.227000,16.000324,l2_hits,all,134
2026-09-03_10-14-11-226676_earlyRefresh,earlyRefresh,backend-unavailability,1788430468.227000,17.000324,l2_hits,all,155
2026-09-03_10-14-11-226676_earlyRefresh,earlyRefresh,backend-unavailability,1788430469.227000,18.000324,l2_hits,all,170
2026-09-03_10-14-11-226676_earlyRefresh,earlyRefresh,backend-unavailability,1788430470.227000,19.000324,l2_hits,all,186
2026-09-03_10-14-11-226676_earlyRefresh,earlyRefresh,backend-unavailability,1788430471.227000,20.000324,l2_hits,all,204
2026-09-03_10-14-11-226676_earlyRefresh,earlyRefresh,backend-unavailability,1788430472.227000,21.000324,l2_hits,all,224
2026-09-03_10-14-11-226676_earlyRefresh,earlyRefresh,backend-unavailability,1788430473.227000,22.000324,l2_hits,all,247
2026-09-03_10-14-11-226676_earlyRefresh,earlyRefresh,backend-unavailability,1788430474.227000,23.000324,l2_hits,all,266
2026-09-03_10-14-11-226676_earlyRefresh,earlyRefresh,backend-unavailability,1788430475.227000,24.000324,l2_hits,all,282
2026-09-03_10-14-11-226676_earlyRefresh,earlyRefresh,backend-unavailability,1788430476.227000,25.000324,l2_hits,all,299
2026-09-03_10-14-11-226676_earlyRefresh,earlyRefresh,backend-unavailability,1788430477.227000,26.000324,l2_hits,all,314
2026-09-03_10-14-11-226676_earlyRefresh,earlyRefresh,backend-unavailability,1788430478.227000,27.000324,l2_hits,all,332
2026-09-03_10-14-11-226676_earlyRefresh,earlyRefresh,backend-unavailability,1788430479.227000,28.000324,l2_hits,all,350
2026-09-03_10-14-11-226676_earlyRefresh,earlyRefresh,backend-unavailability,1788430480.227000,29.000324,l2_hits,all,371
2026-09-03_10-14-11-226676_earlyRefresh,earlyRefresh,backend-unavailability,1788430481.227000,30.000324,l2_hits,all,393
2026-09-03_10-14-11-226676_earlyRefresh,earlyRefresh,backend-unavailability,1788430482.227000,31.000324,l2_hits,all,406
2026-09-03_10-14-11-226676_earlyRefresh,earlyRefresh,backend-unavailability,1788430483.227000,32.000324,l2_hits,all,419
2026-09-03_10-14-11-226676_earlyRefresh,earlyRefresh,backend-unavailability,1788430484.227000,33.000324,l2_hits,all,436
2026-09-03_10-14-11-226676_earlyRefresh,earlyRefresh,backend-unavailability,1788430485.227000,34.000324,l2_hits,all,463
2026-09-03_10-14-11-226676_earlyRefresh,earlyRefresh,backend-unavailability,1788430486.227000,35.000324,l2_hits,all,481
2026-09-03_10-14-11-226676_earlyRefresh,earlyRefresh,backend-unavailability,1788430487.227000,36.000324,l2_hits,all,502
2026-09-03_10-14-11-226676_earlyRefresh,earlyRefresh,backend-unavailability,1788430488.227000,37.000324,l2_hits,all,515
2026-09-03_10-14-11-226676_earlyRefresh,earlyRefresh,backend-unavailability,1788430489.227000,38.000324,l2_hits,all,540
2026-09-03_10-14-11-226676_earlyRefresh,earlyRefresh,backend-unavailability,1788430490.227000,39.000324,l2_hits,all,556
2026-09-03_10-14-11-226676_earlyRefresh,earlyRefresh,backend-unavailability,1788430491.227000,40.000324,l2_hits,all,575
2026-09-03_10-14-11-226676_earlyRefresh,earlyRefresh,backend-unavailability,1788430492.227000,41.000324,l2_hits,all,592
2026-09-03_10-14-11-226676_earlyRefresh,earlyRefresh,backend-unavailability,1788430493.227000,42.000324,l2_hits,all,610
2026-09-03_10-14-11-226676_earlyRefresh,earlyRefresh,backend-unavailability,1788430494.227000,43.000324,l2_hits,all,629
2026-09-03_10-14-11-226676_earlyRefresh,earlyRefresh,backend-unavailability,1788430495.227000,44.000324,l2_hits,all,643
2026-09-03_10-14-11-226676_earlyRefresh,earlyRefresh,backend-unavailability,1788430496.227000,45.000324,l2_hits,all,663
2026-09-03_10-14-11-226676_earlyRefresh,earlyRefresh,backend-unavailability,1788430497.227000,46.000324,l2_hits,all,681
2026-09-03_10-14-11-226676_earlyRefresh,earlyRefresh,backend-unavailability,1788430498.227000,47.000324,l2_hits,all,707
2026-09-03_10-14-11-226676_earlyRefresh,earlyRefresh,backend-unavailability,1788430499.227000,48.000324,l2_hits,all,726
2026-09-03_10-14-11-226676_earlyRefresh,earlyRefresh,backend-unavailability,1788430500.227000,49.000324,l2_hits,all,747
2026-09-03_10-14-11-226676_earlyRefresh,earlyRefresh,backend-unavailability,1788430501.227000,50.000324,l2_hits,all,757
2026-09-03_10-14-11-226676_earlyRefresh,earlyRefresh,backend-unavailability,1788430502.227000,51.000324,l2_hits,all,767
2026-09-03_10-14-11-226676_earlyRefresh,earlyRefresh,backend-unavailability,1788430503.227000,52.000324,l2_hits,all,780
2026-09-03_10-14-11-226676_earlyRefresh,earlyRefresh,backend-unavailability,1788430504.227000,53.000324,l2_hits,all,800
2026-09-03_10-14-11-226676_earlyRefresh,earlyRefresh,backend-unavailability,1788430505.227000,54.000324,l2_hits,all,819
2026-09-03_10-14-11-226676_earlyRefresh,earlyRefresh,backend-unavailability,1788430506.227000,55.000324,l2_hits,all,830
2026-09-03_10-14-11-226676_earlyRefresh,earlyRefresh,backend-unavailability,1788430507.227000,56.000324,l2_hits,all,841
2026-09-03_10-14-11-226676_earlyRefresh,earlyRefresh,backend-unavailability,1788430508.227000,57.000324,l2_hits,all,856
2026-09-03_10-14-11-226676_earlyRefresh,earlyRefresh,backend-unavailability,1788430509.227000,58.000324,l2_hits,all,864
2026-09-03_10-14-11-226676_earlyRefresh,earlyRefresh,backend-unavailability,1788430510.227000,59.000324,l2_hits,all,871
2026-09-03_10-14-11-226676_earlyRefresh,earlyRefresh,backend-unavailability,1788430511.227000,60.000324,l2_hits,all,878
2026-09-03_10-14-11-226676_earlyRefresh,earlyRefresh,backend-unavailability,1788430512.227000,61.000324,l2_hits,all,883
2026-09-03_10-14-11-226676_earlyRefresh,earlyRefresh,backend-unavailability,1788430513.227000,62.000324,l2_hits,all,888
2026-09-03_10-14-11-226676_earlyRefresh,earlyRefresh,backend-unavailability,1788430514.227000,63.000324,l2_hits,all,893
2026-09-03_10-14-11-226676_earlyRefresh,earlyRefresh,backend-unavailability,1788430515.227000,64.000324,l2_hits,all,896
2026-09-03_10-14-11-226676_earlyRefresh,earlyRefresh,backend-unavailability,1788430516.227000,65.000324,l2_hits,all,898
2026-09-03_10-14-11-226676_earlyRefresh,earlyRefresh,backend-unavailability,1788430517.227000,66.000324,l2_hits,all,907
2026-09-03_10-14-11-226676_earlyRefresh,earlyRefresh,backend-unavailability,1788430518.227000,67.000324,l2_hits,all,923
2026-09-03_10-14-11-226676_earlyRefresh,earlyRefresh,backend-unavailability,1788430519.227000,68.000324,l2_hits,all,932
2026-09-03_10-14-11-226676_earlyRefresh,earlyRefresh,backend-unavailability,1788430520.227000,69.000324,l2_hits,all,941
2026-09-03_10-14-11-226676_earlyRefresh,earlyRefresh,backend-unavailability,1788430521.227000,70.000324,l2_hits,all,942
2026-09-03_10-14-11-226676_earlyRefresh,earlyRefresh,backend-unavailability,1788430522.227000,71.000324,l2_hits,all,950
2026-09-03_10-14-11-226676_earlyRefresh,earlyRefresh,backend-unavailability,1788430523.227000,72.000324,l2_hits,all,958
2026-09-03_10-14-11-226676_earlyRefresh,earlyRefresh,backend-unavailability,1788430524.227000,73.000324,l2_hits,all,969
2026-09-03_10-14-11-226676_earlyRefresh,earlyRefresh,backend-unavailability,1788430525.227000,74.000324,l2_hits,all,979
2026-09-03_10-14-11-226676_earlyRefresh,earlyRefresh,backend-unavailability,1788430526.227000,75.000324,l2_hits,all,983
2026-09-03_10-14-11-226676_earlyRefresh,earlyRefresh,backend-unavailability,1788430527.227000,76.000324,l2_hits,all,986
2026-09-03_10-14-11-226676_earlyRefresh,earlyRefresh,backend-unavailability,1788430528.227000,77.000324,l2_hits,all,987
2026-09-03_10-14-11-226676_earlyRefresh,earlyRefresh,backend-unavailability,1788430529.227000,78.000324,l2_hits,all,987
2026-09-03_10-14-11-226676_earlyRefresh,earlyRefresh,backend-unavailability,1788430530.227000,79.000324,l2_hits,all,987
2026-09-03_10-14-11-226676_earlyRefresh,earlyRefresh,backend-unavailability,1788430531.227000,80.000324,l2_hits,all,987
2026-09-03_10-14-11-226676_earlyRefresh,earlyRefresh,backend-unavailability,1788430532.227000,81.000324,l2_hits,all,987
2026-09-03_10-14-11-226676_earlyRefresh,earlyRefresh,backend-unavailability,1788430533.227000,82.000324,l2_hits,all,987
2026-09-03_10-14-11-226676_earlyRefresh,earlyRefresh,backend-unavailability,1788430534.227000,83.000324,l2_hits,all,987
2026-09-03_10-14-11-226676_earlyRefresh,earlyRefresh,backend-unavailability,1788430535.227000,84.000324,l2_hits,all,987
2026-09-03_10-14-11-226676_earlyRefresh,earlyRefresh,backend-unavailability,1788430536.227000,85.000324,l2_hits,all,987
2026-09-03_10-14-11-226676_earlyRefresh,earlyRefresh,backend-unavailability,1788430537.227000,86.000324,l2_hits,all,987
2026-09-03_10-14-11-226676_earlyRefresh,earlyRefresh,backend-unavailability,1788430538.227000,87.000324,l2_hits,all,987
2026-09-03_10-14-11-226676_earlyRefresh,earlyRefresh,backend-unavailability,1788430539.227000,88.000324,l2_hits,all,987
2026-09-03_10-14-11-226676_earlyRefresh,earlyRefresh,backend-unavailability,1788430540.227000,89.000324,l2_hits,all,987
2026-09-03_10-14-11-226676_earlyRefresh,earlyRefresh,backend-unavailability,1788430541.227000,90.000324,l2_hits,all,987
2026-09-03_10-14-11-226676_earlyRefresh,earlyRefresh,backend-unavailability,1788430542.227000,91.000324,l2_hits,all,987
2026-09-03_10-14-11-226676_earlyRefresh,earlyRefresh,backend-unavailability,1788430543.227000,92.000324,l2_hits,all,987
2026-09-03_10-14-11-226676_earlyRefresh,earlyRefresh,backend-unavailability,1788430544.227000,93.000324,l2_hits,all,987
2026-09-03_10-14-11-226676_earlyRefresh,earlyRefresh,backend-unavailability,1788430545.227000,94.000324,l2_hits,all,987
2026-09-03_10-14-11-226676_earlyRefresh,earlyRefresh,backend-unavailability,1788430546.227000,95.000324,l2_hits,all,987
2026-09-03_10-14-11-226676_earlyRefresh,earlyRefresh,backend-unavailability,1788430547.227000,96.000324,l2_hits,all,987
2026-09-03_10-14-11-226676_earlyRefresh,earlyRefresh,backend-unavailability,1788430548.227000,97.000324,l2_hits,all,987
2026-09-03_10-14-11-226676_earlyRefresh,earlyRefresh,backend-unavailability,1788430549.227000,98.000324,l2_hits,all,987
2026-09-03_10-14-11-226676_earlyRefresh,earlyRefresh,backend-unavailability,1788430550.227000,99.000324,l2_hits,all,987
2026-09-03_10-14-11-226676_earlyRefresh,earlyRefresh,backend-unavailability,1788430551.227000,100.000324,l2_hits,all,987
2026-09-03_10-14-11-226676_earlyRefresh,earlyRefresh,backend-unavailability,1788430552.227000,101.000324,l2_hits,all,987
2026-09-03_10-14-11-226676_earlyRefresh,earlyRefresh,backend-unavailability,1788430553.227000,102.000324,l2_hits,all,987
2026-09-03_10-14-11-226676_earlyRefresh,earlyRefresh,backend-unavailability,1788430554.227000,103.000324,l2_hits,all,987
2026-09-03_10-14-11-226676_earlyRefresh,earlyRefresh,backend-unavailability,1788430555.227000,104.000324,l2_hits,all,987
2026-09-03_10-14-11-226676_earlyRefresh,earlyRefresh,backend-unavailability,1788430556.227000,105.000324,l2_hits,all,987
2026-09-03_10-14-11-226676_earlyRefresh,earlyRefresh,backend-unavailability,1788430557.227000,106.000324,l2_hits,all,987
2026-09-03_10-14-11-226676_earlyRefresh,earlyRefresh,backend-unavailability,1788430558.227000,107.000324,l2_hits,all,987
2026-09-03_10-14-11-226676_earlyRefresh,earlyRefresh,backend-unavailability,1788430451.227000,0.000324,backend_calls,all,0
2026-09-03_10-14-11-226676_earlyRefresh,earlyRefresh,backend-unavailability,1788430452.227000,1.000324,backend_calls,all,0
2026-09-03_10-14-11-226676_earlyRefresh,earlyRefresh,backend-unavailability,1788430453.227000,2.000324,backend_calls,all,6
2026-09-03_10-14-11-226676_earlyRefresh,earlyRefresh,backend-unavailability,1788430454.227000,3.000324,backend_calls,all,17
2026-09-03_10-14-11-226676_earlyRefresh,earlyRefresh,backend-unavailability,1788430455.227000,4.000324,backend_calls,all,24
2026-09-03_10-14-11-226676_earlyRefresh,earlyRefresh,backend-unavailability,1788430456.227000,5.000324,backend_calls,all,37
2026-09-03_10-14-11-226676_earlyRefresh,earlyRefresh,backend-unavailability,1788430457.227000,6.000324,backend_calls,all,47
2026-09-03_10-14-11-226676_earlyRefresh,earlyRefresh,backend-unavailability,1788430458.227000,7.000324,backend_calls,all,52
2026-09-03_10-14-11-226676_earlyRefresh,earlyRefresh,backend-unavailability,1788430459.227000,8.000324,backend_calls,all,66
2026-09-03_10-14-11-226676_earlyRefresh,earlyRefresh,backend-unavailability,1788430460.227000,9.000324,backend_calls,all,70
2026-09-03_10-14-11-226676_earlyRefresh,earlyRefresh,backend-unavailability,1788430461.227000,10.000324,backend_calls,all,78
2026-09-03_10-14-11-226676_earlyRefresh,earlyRefresh,backend-unavailability,1788430462.227000,11.000324,backend_calls,all,88
2026-09-03_10-14-11-226676_earlyRefresh,earlyRefresh,backend-unavailability,1788430463.227000,12.000324,backend_calls,all,94
2026-09-03_10-14-11-226676_earlyRefresh,earlyRefresh,backend-unavailability,1788430464.227000,13.000324,backend_calls,all,104
2026-09-03_10-14-11-226676_earlyRefresh,earlyRefresh,backend-unavailability,1788430465.227000,14.000324,backend_calls,all,114
2026-09-03_10-14-11-226676_earlyRefresh,earlyRefresh,backend-unavailability,1788430466.227000,15.000324,backend_calls,all,130
2026-09-03_10-14-11-226676_earlyRefresh,earlyRefresh,backend-unavailability,1788430467.227000,16.000324,backend_calls,all,141
2026-09-03_10-14-11-226676_earlyRefresh,earlyRefresh,backend-unavailability,1788430468.227000,17.000324,backend_calls,all,159
2026-09-03_10-14-11-226676_earlyRefresh,earlyRefresh,backend-unavailability,1788430469.227000,18.000324,backend_calls,all,183
2026-09-03_10-14-11-226676_earlyRefresh,earlyRefresh,backend-unavailability,1788430470.227000,19.000324,backend_calls,all,202
2026-09-03_10-14-11-226676_earlyRefresh,earlyRefresh,backend-unavailability,1788430471.227000,20.000324,backend_calls,all,222
2026-09-03_10-14-11-226676_earlyRefresh,earlyRefresh,backend-unavailability,1788430472.227000,21.000324,backend_calls,all,245
2026-09-03_10-14-11-226676_earlyRefresh,earlyRefresh,backend-unavailability,1788430473.227000,22.000324,backend_calls,all,263
2026-09-03_10-14-11-226676_earlyRefresh,earlyRefresh,backend-unavailability,1788430474.227000,23.000324,backend_calls,all,277
2026-09-03_10-14-11-226676_earlyRefresh,earlyRefresh,backend-unavailability,1788430475.227000,24.000324,backend_calls,all,302
2026-09-03_10-14-11-226676_earlyRefresh,earlyRefresh,backend-unavailability,1788430476.227000,25.000324,backend_calls,all,317
2026-09-03_10-14-11-226676_earlyRefresh,earlyRefresh,backend-unavailability,1788430477.227000,26.000324,backend_calls,all,335
2026-09-03_10-14-11-226676_earlyRefresh,earlyRefresh,backend-unavailability,1788430478.227000,27.000324,backend_calls,all,351
2026-09-03_10-14-11-226676_earlyRefresh,earlyRefresh,backend-unavailability,1788430479.227000,28.000324,backend_calls,all,361
2026-09-03_10-14-11-226676_earlyRefresh,earlyRefresh,backend-unavailability,1788430480.227000,29.000324,backend_calls,all,377
2026-09-03_10-14-11-226676_earlyRefresh,earlyRefresh,backend-unavailability,1788430481.227000,30.000324,backend_calls,all,397
2026-09-03_10-14-11-226676_earlyRefresh,earlyRefresh,backend-unavailability,1788430482.227000,31.000324,backend_calls,all,416
2026-09-03_10-14-11-226676_earlyRefresh,earlyRefresh,backend-unavailability,1788430483.227000,32.000324,backend_calls,all,434
2026-09-03_10-14-11-226676_earlyRefresh,earlyRefresh,backend-unavailability,1788430484.227000,33.000324,backend_calls,all,450
2026-09-03_10-14-11-226676_earlyRefresh,earlyRefresh,backend-unavailability,1788430485.227000,34.000324,backend_calls,all,473
2026-09-03_10-14-11-226676_earlyRefresh,earlyRefresh,backend-unavailability,1788430486.227000,35.000324,backend_calls,all,495
2026-09-03_10-14-11-226676_earlyRefresh,earlyRefresh,backend-unavailability,1788430487.227000,36.000324,backend_calls,all,515
2026-09-03_10-14-11-226676_earlyRefresh,earlyRefresh,backend-unavailability,1788430488.227000,37.000324,backend_calls,all,536
2026-09-03_10-14-11-226676_earlyRefresh,earlyRefresh,backend-unavailability,1788430489.227000,38.000324,backend_calls,all,556
2026-09-03_10-14-11-226676_earlyRefresh,earlyRefresh,backend-unavailability,1788430490.227000,39.000324,backend_calls,all,575
2026-09-03_10-14-11-226676_earlyRefresh,earlyRefresh,backend-unavailability,1788430491.227000,40.000324,backend_calls,all,598
2026-09-03_10-14-11-226676_earlyRefresh,earlyRefresh,backend-unavailability,1788430492.227000,41.000324,backend_calls,all,616
2026-09-03_10-14-11-226676_earlyRefresh,earlyRefresh,backend-unavailability,1788430493.227000,42.000324,backend_calls,all,638
2026-09-03_10-14-11-226676_earlyRefresh,earlyRefresh,backend-unavailability,1788430494.227000,43.000324,backend_calls,all,662
2026-09-03_10-14-11-226676_earlyRefresh,earlyRefresh,backend-unavailability,1788430495.227000,44.000324,backend_calls,all,683
2026-09-03_10-14-11-226676_earlyRefresh,earlyRefresh,backend-unavailability,1788430496.227000,45.000324,backend_calls,all,697
2026-09-03_10-14-11-226676_earlyRefresh,earlyRefresh,backend-unavailability,1788430497.227000,46.000324,backend_calls,all,712
2026-09-03_10-14-11-226676_earlyRefresh,earlyRefresh,backend-unavailability,1788430498.227000,47.000324,backend_calls,all,728
2026-09-03_10-14-11-226676_earlyRefresh,earlyRefresh,backend-unavailability,1788430499.227000,48.000324,backend_calls,all,747
2026-09-03_10-14-11-226676_earlyRefresh,earlyRefresh,backend-unavailability,1788430500.227000,49.000324,backend_calls,all,766
2026-09-03_10-14-11-226676_earlyRefresh,earlyRefresh,backend-unavailability,1788430501.227000,50.000324,backend_calls,all,788
2026-09-03_10-14-11-226676_earlyRefresh,earlyRefresh,backend-unavailability,1788430502.227000,51.000324,backend_calls,all,814
2026-09-03_10-14-11-226676_earlyRefresh,earlyRefresh,backend-unavailability,1788430503.227000,52.000324,backend_calls,all,840
2026-09-03_10-14-11-226676_earlyRefresh,earlyRefresh,backend-unavailability,1788430504.227000,53.000324,backend_calls,all,860
2026-09-03_10-14-11-226676_earlyRefresh,earlyRefresh,backend-unavailability,1788430505.227000,54.000324,backend_calls,all,882
2026-09-03_10-14-11-226676_earlyRefresh,earlyRefresh,backend-unavailability,1788430506.227000,55.000324,backend_calls,all,907
2026-09-03_10-14-11-226676_earlyRefresh,earlyRefresh,backend-unavailability,1788430507.227000,56.000324,backend_calls,all,942
2026-09-03_10-14-11-226676_earlyRefresh,earlyRefresh,backend-unavailability,1788430508.227000,57.000324,backend_calls,all,976
2026-09-03_10-14-11-226676_earlyRefresh,earlyRefresh,backend-unavailability,1788430509.227000,58.000324,backend_calls,all,1011
2026-09-03_10-14-11-226676_earlyRefresh,earlyRefresh,backend-unavailability,1788430510.227000,59.000324,backend_calls,all,1053
2026-09-03_10-14-11-226676_earlyRefresh,earlyRefresh,backend-unavailability,1788430511.227000,60.000324,backend_calls,all,1101
2026-09-03_10-14-11-226676_earlyRefresh,earlyRefresh,backend-unavailability,1788430512.227000,61.000324,backend_calls,all,1145
2026-09-03_10-14-11-226676_earlyRefresh,earlyRefresh,backend-unavailability,1788430513.227000,62.000324,backend_calls,all,1194
2026-09-03_10-14-11-226676_earlyRefresh,earlyRefresh,backend-unavailability,1788430514.227000,63.000324,backend_calls,all,1234
2026-09-03_10-14-11-226676_earlyRefresh,earlyRefresh,backend-unavailability,1788430515.227000,64.000324,backend_calls,all,1273
2026-09-03_10-14-11-226676_earlyRefresh,earlyRefresh,backend-unavailability,1788430516.227000,65.000324,backend_calls,all,1319
2026-09-03_10-14-11-226676_earlyRefresh,earlyRefresh,backend-unavailability,1788430517.227000,66.000324,backend_calls,all,1368
2026-09-03_10-14-11-226676_earlyRefresh,earlyRefresh,backend-unavailability,1788430518.227000,67.000324,backend_calls,all,1411
2026-09-03_10-14-11-226676_earlyRefresh,earlyRefresh,backend-unavailability,1788430519.227000,68.000324,backend_calls,all,1454
2026-09-03_10-14-11-226676_earlyRefresh,earlyRefresh,backend-unavailability,1788430520.227000,69.000324,backend_calls,all,1501
2026-09-03_10-14-11-226676_earlyRefresh,earlyRefresh,backend-unavailability,1788430521.227000,70.000324,backend_calls,all,1560
2026-09-03_10-14-11-226676_earlyRefresh,earlyRefresh,backend-unavailability,1788430522.227000,71.000324,backend_calls,all,1602
2026-09-03_10-14-11-226676_earlyRefresh,earlyRefresh,backend-unavailability,1788430523.227000,72.000324,backend_calls,all,1649
2026-09-03_10-14-11-226676_earlyRefresh,earlyRefresh,backend-unavailability,1788430524.227000,73.000324,backend_calls,all,1695
2026-09-03_10-14-11-226676_earlyRefresh,earlyRefresh,backend-unavailability,1788430525.227000,74.000324,backend_calls,all,1735
2026-09-03_10-14-11-226676_earlyRefresh,earlyRefresh,backend-unavailability,1788430526.227000,75.000324,backend_calls,all,1787
2026-09-03_10-14-11-226676_earlyRefresh,earlyRefresh,backend-unavailability,1788430527.227000,76.000324,backend_calls,all,1854
2026-09-03_10-14-11-226676_earlyRefresh,earlyRefresh,backend-unavailability,1788430528.227000,77.000324,backend_calls,all,1925
2026-09-03_10-14-11-226676_earlyRefresh,earlyRefresh,backend-unavailability,1788430529.227000,78.000324,backend_calls,all,1998
2026-09-03_10-14-11-226676_earlyRefresh,earlyRefresh,backend-unavailability,1788430530.227000,79.000324,backend_calls,all,2072
2026-09-03_10-14-11-226676_earlyRefresh,earlyRefresh,backend-unavailability,1788430531.227000,80.000324,backend_calls,all,2147
2026-09-03_10-14-11-226676_earlyRefresh,earlyRefresh,backend-unavailability,1788430532.227000,81.000324,backend_calls,all,2223
2026-09-03_10-14-11-226676_earlyRefresh,earlyRefresh,backend-unavailability,1788430533.227000,82.000324,backend_calls,all,2299
2026-09-03_10-14-11-226676_earlyRefresh,earlyRefresh,backend-unavailability,1788430534.227000,83.000324,backend_calls,all,2376
2026-09-03_10-14-11-226676_earlyRefresh,earlyRefresh,backend-unavailability,1788430535.227000,84.000324,backend_calls,all,2453
2026-09-03_10-14-11-226676_earlyRefresh,earlyRefresh,backend-unavailability,1788430536.227000,85.000324,backend_calls,all,2530
2026-09-03_10-14-11-226676_earlyRefresh,earlyRefresh,backend-unavailability,1788430537.227000,86.000324,backend_calls,all,2606
2026-09-03_10-14-11-226676_earlyRefresh,earlyRefresh,backend-unavailability,1788430538.227000,87.000324,backend_calls,all,2683
2026-09-03_10-14-11-226676_earlyRefresh,earlyRefresh,backend-unavailability,1788430539.227000,88.000324,backend_calls,all,2760
2026-09-03_10-14-11-226676_earlyRefresh,earlyRefresh,backend-unavailability,1788430540.227000,89.000324,backend_calls,all,2837
2026-09-03_10-14-11-226676_earlyRefresh,earlyRefresh,backend-unavailability,1788430541.227000,90.000324,backend_calls,all,2914
2026-09-03_10-14-11-226676_earlyRefresh,earlyRefresh,backend-unavailability,1788430542.227000,91.000324,backend_calls,all,2991
2026-09-03_10-14-11-226676_earlyRefresh,earlyRefresh,backend-unavailability,1788430543.227000,92.000324,backend_calls,all,3068
2026-09-03_10-14-11-226676_earlyRefresh,earlyRefresh,backend-unavailability,1788430544.227000,93.000324,backend_calls,all,3145
2026-09-03_10-14-11-226676_earlyRefresh,earlyRefresh,backend-unavailability,1788430545.227000,94.000324,backend_calls,all,3222
2026-09-03_10-14-11-226676_earlyRefresh,earlyRefresh,backend-unavailability,1788430546.227000,95.000324,backend_calls,all,3299
2026-09-03_10-14-11-226676_earlyRefresh,earlyRefresh,backend-unavailability,1788430547.227000,96.000324,backend_calls,all,3376
2026-09-03_10-14-11-226676_earlyRefresh,earlyRefresh,backend-unavailability,1788430548.227000,97.000324,backend_calls,all,3453
2026-09-03_10-14-11-226676_earlyRefresh,earlyRefresh,backend-unavailability,1788430549.227000,98.000324,backend_calls,all,3530
2026-09-03_10-14-11-226676_earlyRefresh,earlyRefresh,backend-unavailability,1788430550.227000,99.000324,backend_calls,all,3607
2026-09-03_10-14-11-226676_earlyRefresh,earlyRefresh,backend-unavailability,1788430551.227000,100.000324,backend_calls,all,3684
2026-09-03_10-14-11-226676_earlyRefresh,earlyRefresh,backend-unavailability,1788430552.227000,101.000324,backend_calls,all,3761
2026-09-03_10-14-11-226676_earlyRefresh,earlyRefresh,backend-unavailability,1788430553.227000,102.000324,backend_calls,all,3838
2026-09-03_10-14-11-226676_earlyRefresh,earlyRefresh,backend-unavailability,1788430554.227000,103.000324,backend_calls,all,3915
2026-09-03_10-14-11-226676_earlyRefresh,earlyRefresh,backend-unavailability,1788430555.227000,104.000324,backend_calls,all,3992
2026-09-03_10-14-11-226676_earlyRefresh,earlyRefresh,backend-unavailability,1788430556.227000,105.000324,backend_calls,all,4069
2026-09-03_10-14-11-226676_earlyRefresh,earlyRefresh,backend-unavailability,1788430557.227000,106.000324,backend_calls,all,4146
2026-09-03_10-14-11-226676_earlyRefresh,earlyRefresh,backend-unavailability,1788430558.227000,107.000324,backend_calls,all,4148
2026-09-03_10-14-11-226676_earlyRefresh,earlyRefresh,backend-unavailability,1788430451.227000,0.000324,cache_misses,all,0
2026-09-03_10-14-11-226676_earlyRefresh,earlyRefresh,backend-unavailability,1788430452.227000,1.000324,cache_misses,all,0
2026-09-03_10-14-11-226676_earlyRefresh,earlyRefresh,backend-unavailability,1788430453.227000,2.000324,cache_misses,all,5
2026-09-03_10-14-11-226676_earlyRefresh,earlyRefresh,backend-unavailability,1788430454.227000,3.000324,cache_misses,all,14
2026-09-03_10-14-11-226676_earlyRefresh,earlyRefresh,backend-unavailability,1788430455.227000,4.000324,cache_misses,all,24
2026-09-03_10-14-11-226676_earlyRefresh,earlyRefresh,backend-unavailability,1788430456.227000,5.000324,cache_misses,all,35
2026-09-03_10-14-11-226676_earlyRefresh,earlyRefresh,backend-unavailability,1788430457.227000,6.000324,cache_misses,all,47
2026-09-03_10-14-11-226676_earlyRefresh,earlyRefresh,backend-unavailability,1788430458.227000,7.000324,cache_misses,all,51
2026-09-03_10-14-11-226676_earlyRefresh,earlyRefresh,backend-unavailability,1788430459.227000,8.000324,cache_misses,all,63
2026-09-03_10-14-11-226676_earlyRefresh,earlyRefresh,backend-unavailability,1788430460.227000,9.000324,cache_misses,all,70
2026-09-03_10-14-11-226676_earlyRefresh,earlyRefresh,backend-unavailability,1788430461.227000,10.000324,cache_misses,all,75
2026-09-03_10-14-11-226676_earlyRefresh,earlyRefresh,backend-unavailability,1788430462.227000,11.000324,cache_misses,all,85
2026-09-03_10-14-11-226676_earlyRefresh,earlyRefresh,backend-unavailability,1788430463.227000,12.000324,cache_misses,all,91
2026-09-03_10-14-11-226676_earlyRefresh,earlyRefresh,backend-unavailability,1788430464.227000,13.000324,cache_misses,all,102
2026-09-03_10-14-11-226676_earlyRefresh,earlyRefresh,backend-unavailability,1788430465.227000,14.000324,cache_misses,all,113
2026-09-03_10-14-11-226676_earlyRefresh,earlyRefresh,backend-unavailability,1788430466.227000,15.000324,cache_misses,all,128
2026-09-03_10-14-11-226676_earlyRefresh,earlyRefresh,backend-unavailability,1788430467.227000,16.000324,cache_misses,all,139
2026-09-03_10-14-11-226676_earlyRefresh,earlyRefresh,backend-unavailability,1788430468.227000,17.000324,cache_misses,all,154
2026-09-03_10-14-11-226676_earlyRefresh,earlyRefresh,backend-unavailability,1788430469.227000,18.000324,cache_misses,all,180
2026-09-03_10-14-11-226676_earlyRefresh,earlyRefresh,backend-unavailability,1788430470.227000,19.000324,cache_misses,all,198
2026-09-03_10-14-11-226676_earlyRefresh,earlyRefresh,backend-unavailability,1788430471.227000,20.000324,cache_misses,all,216
2026-09-03_10-14-11-226676_earlyRefresh,earlyRefresh,backend-unavailability,1788430472.227000,21.000324,cache_misses,all,242
2026-09-03_10-14-11-226676_earlyRefresh,earlyRefresh,backend-unavailability,1788430473.227000,22.000324,cache_misses,all,258
2026-09-03_10-14-11-226676_earlyRefresh,earlyRefresh,backend-unavailability,1788430474.227000,23.000324,cache_misses,all,274
2026-09-03_10-14-11-226676_earlyRefresh,earlyRefresh,backend-unavailability,1788430475.227000,24.000324,cache_misses,all,296
2026-09-03_10-14-11-226676_earlyRefresh,earlyRefresh,backend-unavailability,1788430476.227000,25.000324,cache_misses,all,314
2026-09-03_10-14-11-226676_earlyRefresh,earlyRefresh,backend-unavailability,1788430477.227000,26.000324,cache_misses,all,334
2026-09-03_10-14-11-226676_earlyRefresh,earlyRefresh,backend-unavailability,1788430478.227000,27.000324,cache_misses,all,350
2026-09-03_10-14-11-226676_earlyRefresh,earlyRefresh,backend-unavailability,1788430479.227000,28.000324,cache_misses,all,359
2026-09-03_10-14-11-226676_earlyRefresh,earlyRefresh,backend-unavailability,1788430480.227000,29.000324,cache_misses,all,376
2026-09-03_10-14-11-226676_earlyRefresh,earlyRefresh,backend-unavailability,1788430481.227000,30.000324,cache_misses,all,394
2026-09-03_10-14-11-226676_earlyRefresh,earlyRefresh,backend-unavailability,1788430482.227000,31.000324,cache_misses,all,411
2026-09-03_10-14-11-226676_earlyRefresh,earlyRefresh,backend-unavailability,1788430483.227000,32.000324,cache_misses,all,431
2026-09-03_10-14-11-226676_earlyRefresh,earlyRefresh,backend-unavailability,1788430484.227000,33.000324,cache_misses,all,446
2026-09-03_10-14-11-226676_earlyRefresh,earlyRefresh,backend-unavailability,1788430485.227000,34.000324,cache_misses,all,469
2026-09-03_10-14-11-226676_earlyRefresh,earlyRefresh,backend-unavailability,1788430486.227000,35.000324,cache_misses,all,491
2026-09-03_10-14-11-226676_earlyRefresh,earlyRefresh,backend-unavailability,1788430487.227000,36.000324,cache_misses,all,511
2026-09-03_10-14-11-226676_earlyRefresh,earlyRefresh,backend-unavailability,1788430488.227000,37.000324,cache_misses,all,534
2026-09-03_10-14-11-226676_earlyRefresh,earlyRefresh,backend-unavailability,1788430489.227000,38.000324,cache_misses,all,552
2026-09-03_10-14-11-226676_earlyRefresh,earlyRefresh,backend-unavailability,1788430490.227000,39.000324,cache_misses,all,572
2026-09-03_10-14-11-226676_earlyRefresh,earlyRefresh,backend-unavailability,1788430491.227000,40.000324,cache_misses,all,593
2026-09-03_10-14-11-226676_earlyRefresh,earlyRefresh,backend-unavailability,1788430492.227000,41.000324,cache_misses,all,613
2026-09-03_10-14-11-226676_earlyRefresh,earlyRefresh,backend-unavailability,1788430493.227000,42.000324,cache_misses,all,634
2026-09-03_10-14-11-226676_earlyRefresh,earlyRefresh,backend-unavailability,1788430494.227000,43.000324,cache_misses,all,658
2026-09-03_10-14-11-226676_earlyRefresh,earlyRefresh,backend-unavailability,1788430495.227000,44.000324,cache_misses,all,681
2026-09-03_10-14-11-226676_earlyRefresh,earlyRefresh,backend-unavailability,1788430496.227000,45.000324,cache_misses,all,695
2026-09-03_10-14-11-226676_earlyRefresh,earlyRefresh,backend-unavailability,1788430497.227000,46.000324,cache_misses,all,707
2026-09-03_10-14-11-226676_earlyRefresh,earlyRefresh,backend-unavailability,1788430498.227000,47.000324,cache_misses,all,726
2026-09-03_10-14-11-226676_earlyRefresh,earlyRefresh,backend-unavailability,1788430499.227000,48.000324,cache_misses,all,746
2026-09-03_10-14-11-226676_earlyRefresh,earlyRefresh,backend-unavailability,1788430500.227000,49.000324,cache_misses,all,765
2026-09-03_10-14-11-226676_earlyRefresh,earlyRefresh,backend-unavailability,1788430501.227000,50.000324,cache_misses,all,784
2026-09-03_10-14-11-226676_earlyRefresh,earlyRefresh,backend-unavailability,1788430502.227000,51.000324,cache_misses,all,811
2026-09-03_10-14-11-226676_earlyRefresh,earlyRefresh,backend-unavailability,1788430503.227000,52.000324,cache_misses,all,837
2026-09-03_10-14-11-226676_earlyRefresh,earlyRefresh,backend-unavailability,1788430504.227000,53.000324,cache_misses,all,855
2026-09-03_10-14-11-226676_earlyRefresh,earlyRefresh,backend-unavailability,1788430505.227000,54.000324,cache_misses,all,874
2026-09-03_10-14-11-226676_earlyRefresh,earlyRefresh,backend-unavailability,1788430506.227000,55.000324,cache_misses,all,900
2026-09-03_10-14-11-226676_earlyRefresh,earlyRefresh,backend-unavailability,1788430507.227000,56.000324,cache_misses,all,939
2026-09-03_10-14-11-226676_earlyRefresh,earlyRefresh,backend-unavailability,1788430508.227000,57.000324,cache_misses,all,971
2026-09-03_10-14-11-226676_earlyRefresh,earlyRefresh,backend-unavailability,1788430509.227000,58.000324,cache_misses,all,1002
2026-09-03_10-14-11-226676_earlyRefresh,earlyRefresh,backend-unavailability,1788430510.227000,59.000324,cache_misses,all,1042
2026-09-03_10-14-11-226676_earlyRefresh,earlyRefresh,backend-unavailability,1788430511.227000,60.000324,cache_misses,all,1091
2026-09-03_10-14-11-226676_earlyRefresh,earlyRefresh,backend-unavailability,1788430512.227000,61.000324,cache_misses,all,1135
2026-09-03_10-14-11-226676_earlyRefresh,earlyRefresh,backend-unavailability,1788430513.227000,62.000324,cache_misses,all,1182
2026-09-03_10-14-11-226676_earlyRefresh,earlyRefresh,backend-unavailability,1788430514.227000,63.000324,cache_misses,all,1223
2026-09-03_10-14-11-226676_earlyRefresh,earlyRefresh,backend-unavailability,1788430515.227000,64.000324,cache_misses,all,1264
2026-09-03_10-14-11-226676_earlyRefresh,earlyRefresh,backend-unavailability,1788430516.227000,65.000324,cache_misses,all,1308
2026-09-03_10-14-11-226676_earlyRefresh,earlyRefresh,backend-unavailability,1788430517.227000,66.000324,cache_misses,all,1360
2026-09-03_10-14-11-226676_earlyRefresh,earlyRefresh,backend-unavailability,1788430518.227000,67.000324,cache_misses,all,1400
2026-09-03_10-14-11-226676_earlyRefresh,earlyRefresh,backend-unavailability,1788430519.227000,68.000324,cache_misses,all,1446
2026-09-03_10-14-11-226676_earlyRefresh,earlyRefresh,backend-unavailability,1788430520.227000,69.000324,cache_misses,all,1487
2026-09-03_10-14-11-226676_earlyRefresh,earlyRefresh,backend-unavailability,1788430521.227000,70.000324,cache_misses,all,1549
2026-09-03_10-14-11-226676_earlyRefresh,earlyRefresh,backend-unavailability,1788430522.227000,71.000324,cache_misses,all,1595
2026-09-03_10-14-11-226676_earlyRefresh,earlyRefresh,backend-unavailability,1788430523.227000,72.000324,cache_misses,all,1639
2026-09-03_10-14-11-226676_earlyRefresh,earlyRefresh,backend-unavailability,1788430524.227000,73.000324,cache_misses,all,1685
2026-09-03_10-14-11-226676_earlyRefresh,earlyRefresh,backend-unavailability,1788430525.227000,74.000324,cache_misses,all,1726
2026-09-03_10-14-11-226676_earlyRefresh,earlyRefresh,backend-unavailability,1788430526.227000,75.000324,cache_misses,all,1775
2026-09-03_10-14-11-226676_earlyRefresh,earlyRefresh,backend-unavailability,1788430527.227000,76.000324,cache_misses,all,1840
2026-09-03_10-14-11-226676_earlyRefresh,earlyRefresh,backend-unavailability,1788430528.227000,77.000324,cache_misses,all,1909
2026-09-03_10-14-11-226676_earlyRefresh,earlyRefresh,backend-unavailability,1788430529.227000,78.000324,cache_misses,all,1982
2026-09-03_10-14-11-226676_earlyRefresh,earlyRefresh,backend-unavailability,1788430530.227000,79.000324,cache_misses,all,2055
2026-09-03_10-14-11-226676_earlyRefresh,earlyRefresh,backend-unavailability,1788430531.227000,80.000324,cache_misses,all,2131
2026-09-03_10-14-11-226676_earlyRefresh,earlyRefresh,backend-unavailability,1788430532.227000,81.000324,cache_misses,all,2207
2026-09-03_10-14-11-226676_earlyRefresh,earlyRefresh,backend-unavailability,1788430533.227000,82.000324,cache_misses,all,2283
2026-09-03_10-14-11-226676_earlyRefresh,earlyRefresh,backend-unavailability,1788430534.227000,83.000324,cache_misses,all,2359
2026-09-03_10-14-11-226676_earlyRefresh,earlyRefresh,backend-unavailability,1788430535.227000,84.000324,cache_misses,all,2437
2026-09-03_10-14-11-226676_earlyRefresh,earlyRefresh,backend-unavailability,1788430536.227000,85.000324,cache_misses,all,2513
2026-09-03_10-14-11-226676_earlyRefresh,earlyRefresh,backend-unavailability,1788430537.227000,86.000324,cache_misses,all,2589
2026-09-03_10-14-11-226676_earlyRefresh,earlyRefresh,backend-unavailability,1788430538.227000,87.000324,cache_misses,all,2667
2026-09-03_10-14-11-226676_earlyRefresh,earlyRefresh,backend-unavailability,1788430539.227000,88.000324,cache_misses,all,2743
2026-09-03_10-14-11-226676_earlyRefresh,earlyRefresh,backend-unavailability,1788430540.227000,89.000324,cache_misses,all,2821
2026-09-03_10-14-11-226676_earlyRefresh,earlyRefresh,backend-unavailability,1788430541.227000,90.000324,cache_misses,all,2897
2026-09-03_10-14-11-226676_earlyRefresh,earlyRefresh,backend-unavailability,1788430542.227000,91.000324,cache_misses,all,2975
2026-09-03_10-14-11-226676_earlyRefresh,earlyRefresh,backend-unavailability,1788430543.227000,92.000324,cache_misses,all,3051
2026-09-03_10-14-11-226676_earlyRefresh,earlyRefresh,backend-unavailability,1788430544.227000,93.000324,cache_misses,all,3129
2026-09-03_10-14-11-226676_earlyRefresh,earlyRefresh,backend-unavailability,1788430545.227000,94.000324,cache_misses,all,3205
2026-09-03_10-14-11-226676_earlyRefresh,earlyRefresh,backend-unavailability,1788430546.227000,95.000324,cache_misses,all,3283
2026-09-03_10-14-11-226676_earlyRefresh,earlyRefresh,backend-unavailability,1788430547.227000,96.000324,cache_misses,all,3359
2026-09-03_10-14-11-226676_earlyRefresh,earlyRefresh,backend-unavailability,1788430548.227000,97.000324,cache_misses,all,3437
2026-09-03_10-14-11-226676_earlyRefresh,earlyRefresh,backend-unavailability,1788430549.227000,98.000324,cache_misses,all,3513
2026-09-03_10-14-11-226676_earlyRefresh,earlyRefresh,backend-unavailability,1788430550.227000,99.000324,cache_misses,all,3591
2026-09-03_10-14-11-226676_earlyRefresh,earlyRefresh,backend-unavailability,1788430551.227000,100.000324,cache_misses,all,3667
2026-09-03_10-14-11-226676_earlyRefresh,earlyRefresh,backend-unavailability,1788430552.227000,101.000324,cache_misses,all,3745
2026-09-03_10-14-11-226676_earlyRefresh,earlyRefresh,backend-unavailability,1788430553.227000,102.000324,cache_misses,all,3821
2026-09-03_10-14-11-226676_earlyRefresh,earlyRefresh,backend-unavailability,1788430554.227000,103.000324,cache_misses,all,3899
2026-09-03_10-14-11-226676_earlyRefresh,earlyRefresh,backend-unavailability,1788430555.227000,104.000324,cache_misses,all,3975
2026-09-03_10-14-11-226676_earlyRefresh,earlyRefresh,backend-unavailability,1788430556.227000,105.000324,cache_misses,all,4053
2026-09-03_10-14-11-226676_earlyRefresh,earlyRefresh,backend-unavailability,1788430557.227000,106.000324,cache_misses,all,4129
2026-09-03_10-14-11-226676_earlyRefresh,earlyRefresh,backend-unavailability,1788430558.227000,107.000324,cache_misses,all,4146
2026-09-03_10-14-11-226676_earlyRefresh,earlyRefresh,backend-unavailability,1788430451.227000,0.000324,backend_throughput,all,0
2026-09-03_10-14-11-226676_earlyRefresh,earlyRefresh,backend-unavailability,1788430452.227000,1.000324,backend_throughput,all,0
2026-09-03_10-14-11-226676_earlyRefresh,earlyRefresh,backend-unavailability,1788430453.227000,2.000324,backend_throughput,all,0.6505563195399424
2026-09-03_10-14-11-226676_earlyRefresh,earlyRefresh,backend-unavailability,1788430454.227000,3.000324,backend_throughput,all,1.8271222222222223
2026-09-03_10-14-11-226676_earlyRefresh,earlyRefresh,backend-unavailability,1788430455.227000,4.000324,backend_throughput,all,2.57975330592288
2026-09-03_10-14-11-226676_earlyRefresh,earlyRefresh,backend-unavailability,1788430456.227000,5.000324,backend_throughput,all,3.9771196799644404
2026-09-03_10-14-11-226676_earlyRefresh,earlyRefresh,backend-unavailability,1788430457.227000,6.000324,backend_throughput,all,5.05201689076564
2026-09-03_10-14-11-226676_earlyRefresh,earlyRefresh,backend-unavailability,1788430458.227000,7.000324,backend_throughput,all,5.588844444444445
2026-09-03_10-14-11-226676_earlyRefresh,earlyRefresh,backend-unavailability,1788430459.227000,8.000324,backend_throughput,all,7.093533333333333
2026-09-03_10-14-11-226676_earlyRefresh,earlyRefresh,backend-unavailability,1788430460.227000,9.000324,backend_throughput,all,7.523444444444445
2026-09-03_10-14-11-226676_earlyRefresh,earlyRefresh,backend-unavailability,1788430461.227000,10.000324,backend_throughput,all,8.38419824424936
2026-09-03_10-14-11-226676_earlyRefresh,earlyRefresh,backend-unavailability,1788430462.227000,11.000324,backend_throughput,all,9.111111111111112
2026-09-03_10-14-11-226676_earlyRefresh,earlyRefresh,backend-unavailability,1788430463.227000,12.000324,backend_throughput,all,8.555555555555555
2026-09-03_10-14-11-226676_earlyRefresh,earlyRefresh,backend-unavailability,1788430464.227000,13.000324,backend_throughput,all,8.88888888888889
2026-09-03_10-14-11-226676_earlyRefresh,earlyRefresh,backend-unavailability,1788430465.227000,14.000324,backend_throughput,all,8.554605043884013
2026-09-03_10-14-11-226676_earlyRefresh,earlyRefresh,backend-unavailability,1788430466.227000,15.000324,backend_throughput,all,9.221197644706145
2026-09-03_10-14-11-226676_earlyRefresh,earlyRefresh,backend-unavailability,1788430467.227000,16.000324,backend_throughput,all,9.889987776419602
2026-09-03_10-14-11-226676_earlyRefresh,earlyRefresh,backend-unavailability,1788430468.227000,17.000324,backend_throughput,all,10.334481609067673
2026-09-03_10-14-11-226676_earlyRefresh,earlyRefresh,backend-unavailability,1788430469.227000,18.000324,backend_throughput,all,12.555555555555557
2026-09-03_10-14-11-226676_earlyRefresh,earlyRefresh,backend-unavailability,1788430470.227000,19.000324,backend_throughput,all,13.777777777777779
2026-09-03_10-14-11-226676_earlyRefresh,earlyRefresh,backend-unavailability,1788430471.227000,20.000324,backend_throughput,all,14.887234751694258
2026-09-03_10-14-11-226676_earlyRefresh,earlyRefresh,backend-unavailability,1788430472.227000,21.000324,backend_throughput,all,16.77777777777778
2026-09-03_10-14-11-226676_earlyRefresh,earlyRefresh,backend-unavailability,1788430473.227000,22.000324,backend_throughput,all,17.666666666666668
2026-09-03_10-14-11-226676_earlyRefresh,earlyRefresh,backend-unavailability,1788430474.227000,23.000324,backend_throughput,all,18.11111111111111
2026-09-03_10-14-11-226676_earlyRefresh,earlyRefresh,backend-unavailability,1788430475.227000,24.000324,backend_throughput,all,19.11111111111111
2026-09-03_10-14-11-226676_earlyRefresh,earlyRefresh,backend-unavailability,1788430476.227000,25.000324,backend_throughput,all,19.555555555555557
2026-09-03_10-14-11-226676_earlyRefresh,earlyRefresh,backend-unavailability,1788430477.227000,26.000324,backend_throughput,all,19.555555555555557
2026-09-03_10-14-11-226676_earlyRefresh,earlyRefresh,backend-unavailability,1788430478.227000,27.000324,backend_throughput,all,18.666666666666668
2026-09-03_10-14-11-226676_earlyRefresh,earlyRefresh,backend-unavailability,1788430479.227000,28.000324,backend_throughput,all,17.66470392178647
2026-09-03_10-14-11-226676_earlyRefresh,earlyRefresh,backend-unavailability,1788430480.227000,29.000324,backend_throughput,all,17.222222222222225
2026-09-03_10-14-11-226676_earlyRefresh,earlyRefresh,backend-unavailability,1788430481.227000,30.000324,backend_throughput,all,16.890765640626736
2026-09-03_10-14-11-226676_earlyRefresh,earlyRefresh,backend-unavailability,1788430482.227000,31.000324,backend_throughput,all,16.99811132096434
2026-09-03_10-14-11-226676_earlyRefresh,earlyRefresh,backend-unavailability,1788430483.227000,32.000324,backend_throughput,all,17.448321849299845
2026-09-03_10-14-11-226676_earlyRefresh,earlyRefresh,backend-unavailability,1788430484.227000,33.000324,backend_throughput,all,16.44809957768393
2026-09-03_10-14-11-226676_earlyRefresh,earlyRefresh,backend-unavailability,1788430485.227000,34.000324,backend_throughput,all,17.33718604134252
2026-09-03_10-14-11-226676_earlyRefresh,earlyRefresh,backend-unavailability,1788430486.227000,35.000324,backend_throughput,all,17.77975330592288
2026-09-03_10-14-11-226676_earlyRefresh,earlyRefresh,backend-unavailability,1788430487.227000,36.000324,backend_throughput,all,18.228298321662777
2026-09-03_10-14-11-226676_earlyRefresh,earlyRefresh,backend-unavailability,1788430488.227000,37.000324,backend_throughput,all,19.448766392531674
2026-09-03_10-14-11-226676_earlyRefresh,earlyRefresh,backend-unavailability,1788430489.227000,38.000324,backend_throughput,all,19.89330962436097
2026-09-03_10-14-11-226676_earlyRefresh,earlyRefresh,backend-unavailability,1788430490.227000,39.000324,backend_throughput,all,19.782173816403645
2026-09-03_10-14-11-226676_earlyRefresh,earlyRefresh,backend-unavailability,1788430491.227000,40.000324,backend_throughput,all,20.228965210625766
2026-09-03_10-14-11-226676_earlyRefresh,earlyRefresh,backend-unavailability,1788430492.227000,41.000324,backend_throughput,all,20.222222222222225
2026-09-03_10-14-11-226676_earlyRefresh,earlyRefresh,backend-unavailability,1788430493.227000,42.000324,backend_throughput,all,20.89121013445938
2026-09-03_10-14-11-226676_earlyRefresh,earlyRefresh,backend-unavailability,1788430494.227000,43.000324,backend_throughput,all,20.997666925897125
2026-09-03_10-14-11-226676_earlyRefresh,earlyRefresh,backend-unavailability,1788430495.227000,44.000324,backend_throughput,all,20.89121013445938
2026-09-03_10-14-11-226676_earlyRefresh,earlyRefresh,backend-unavailability,1788430496.227000,45.000324,backend_throughput,all,20.219975558271305
2026-09-03_10-14-11-226676_earlyRefresh,earlyRefresh,backend-unavailability,1788430497.227000,46.000324,backend_throughput,all,19.557728636515165
2026-09-03_10-14-11-226676_earlyRefresh,earlyRefresh,backend-unavailability,1788430498.227000,47.000324,backend_throughput,all,19.11111111111111
2026-09-03_10-14-11-226676_earlyRefresh,earlyRefresh,backend-unavailability,1788430499.227000,48.000324,backend_throughput,all,19.11111111111111
2026-09-03_10-14-11-226676_earlyRefresh,earlyRefresh,backend-unavailability,1788430500.227000,49.000324,backend_throughput,all,18.666666666666668
2026-09-03_10-14-11-226676_earlyRefresh,earlyRefresh,backend-unavailability,1788430501.227000,50.000324,backend_throughput,all,19.11111111111111
2026-09-03_10-14-11-226676_earlyRefresh,earlyRefresh,backend-unavailability,1788430502.227000,51.000324,backend_throughput,all,19.553382957449173
2026-09-03_10-14-11-226676_earlyRefresh,earlyRefresh,backend-unavailability,1788430503.227000,52.000324,backend_throughput,all,19.77777777777778
2026-09-03_10-14-11-226676_earlyRefresh,earlyRefresh,backend-unavailability,1788430504.227000,53.000324,backend_throughput,all,19.666666666666668
2026-09-03_10-14-11-226676_earlyRefresh,earlyRefresh,backend-unavailability,1788430505.227000,54.000324,backend_throughput,all,20.555555555555557
2026-09-03_10-14-11-226676_earlyRefresh,earlyRefresh,backend-unavailability,1788430506.227000,55.000324,backend_throughput,all,21.664259526719256
2026-09-03_10-14-11-226676_earlyRefresh,earlyRefresh,backend-unavailability,1788430507.227000,56.000324,backend_throughput,all,23.77777777777778
2026-09-03_10-14-11-226676_earlyRefresh,earlyRefresh,backend-unavailability,1788430508.227000,57.000324,backend_throughput,all,25.441617598044665
2026-09-03_10-14-11-226676_earlyRefresh,earlyRefresh,backend-unavailability,1788430509.227000,58.000324,backend_throughput,all,27.21919786690368
2026-09-03_10-14-11-226676_earlyRefresh,earlyRefresh,backend-unavailability,1788430510.227000,59.000324,backend_throughput,all,29.444444444444446
2026-09-03_10-14-11-226676_earlyRefresh,earlyRefresh,backend-unavailability,1788430511.227000,60.000324,backend_throughput,all,31.888888888888893
2026-09-03_10-14-11-226676_earlyRefresh,earlyRefresh,backend-unavailability,1788430512.227000,61.000324,backend_throughput,all,33.88888888888889
2026-09-03_10-14-11-226676_earlyRefresh,earlyRefresh,backend-unavailability,1788430513.227000,62.000324,backend_throughput,all,37.11523502611401
2026-09-03_10-14-11-226676_earlyRefresh,earlyRefresh,backend-unavailability,1788430514.227000,63.000324,backend_throughput,all,39.11980440097799
2026-09-03_10-14-11-226676_earlyRefresh,earlyRefresh,backend-unavailability,1788430515.227000,64.000324,backend_throughput,all,40.67570571238053
2026-09-03_10-14-11-226676_earlyRefresh,earlyRefresh,backend-unavailability,1788430516.227000,65.000324,backend_throughput,all,41.89819959991109
2026-09-03_10-14-11-226676_earlyRefresh,earlyRefresh,backend-unavailability,1788430517.227000,66.000324,backend_throughput,all,43.56523671927094
2026-09-03_10-14-11-226676_earlyRefresh,earlyRefresh,backend-unavailability,1788430518.227000,67.000324,backend_throughput,all,44.454323182929535
2026-09-03_10-14-11-226676_earlyRefresh,earlyRefresh,backend-unavailability,1788430519.227000,68.000324,backend_throughput,all,44.560506722969215
2026-09-03_10-14-11-226676_earlyRefresh,earlyRefresh,backend-unavailability,1788430520.227000,69.000324,backend_throughput,all,44.454323182929535
2026-09-03_10-14-11-226676_earlyRefresh,earlyRefresh,backend-unavailability,1788430521.227000,70.000324,backend_throughput,all,46.12136030228939
2026-09-03_10-14-11-226676_earlyRefresh,earlyRefresh,backend-unavailability,1788430522.227000,71.000324,backend_throughput,all,45.333333333333336
2026-09-03_10-14-11-226676_earlyRefresh,earlyRefresh,backend-unavailability,1788430523.227000,72.000324,backend_throughput,all,46.10598822353072
2026-09-03_10-14-11-226676_earlyRefresh,earlyRefresh,backend-unavailability,1788430524.227000,73.000324,backend_throughput,all,46.88367959115654
2026-09-03_10-14-11-226676_earlyRefresh,earlyRefresh,backend-unavailability,1788430525.227000,74.000324,backend_throughput,all,46.217086990334415
2026-09-03_10-14-11-226676_earlyRefresh,earlyRefresh,backend-unavailability,1788430526.227000,75.000324,backend_throughput,all,46.55555555555556
2026-09-03_10-14-11-226676_earlyRefresh,earlyRefresh,backend-unavailability,1788430527.227000,76.000324,backend_throughput,all,49.22222222222223
2026-09-03_10-14-11-226676_earlyRefresh,earlyRefresh,backend-unavailability,1788430528.227000,77.000324,backend_throughput,all,52.339148794310475
2026-09-03_10-14-11-226676_earlyRefresh,earlyRefresh,backend-unavailability,1788430529.227000,78.000324,backend_throughput,all,55.22222222222223
2026-09-03_10-14-11-226676_earlyRefresh,earlyRefresh,backend-unavailability,1788430530.227000,79.000324,backend_throughput,all,56.88888888888889
2026-09-03_10-14-11-226676_earlyRefresh,earlyRefresh,backend-unavailability,1788430531.227000,80.000324,backend_throughput,all,60.55555555555556
2026-09-03_10-14-11-226676_earlyRefresh,earlyRefresh,backend-unavailability,1788430532.227000,81.000324,backend_throughput,all,63.78486498499833
2026-09-03_10-14-11-226676_earlyRefresh,earlyRefresh,backend-unavailability,1788430533.227000,82.000324,backend_throughput,all,67.11111111111111
2026-09-03_10-14-11-226676_earlyRefresh,earlyRefresh,backend-unavailability,1788430534.227000,83.000324,backend_throughput,all,71.23013668185354
2026-09-03_10-14-11-226676_earlyRefresh,earlyRefresh,backend-unavailability,1788430535.227000,84.000324,backend_throughput,all,74
2026-09-03_10-14-11-226676_earlyRefresh,earlyRefresh,backend-unavailability,1788430536.227000,85.000324,backend_throughput,all,75.11111111111111
2026-09-03_10-14-11-226676_earlyRefresh,earlyRefresh,backend-unavailability,1788430537.227000,86.000324,backend_throughput,all,75.66666666666667
2026-09-03_10-14-11-226676_earlyRefresh,earlyRefresh,backend-unavailability,1788430538.227000,87.000324,backend_throughput,all,76.11111111111111
2026-09-03_10-14-11-226676_earlyRefresh,earlyRefresh,backend-unavailability,1788430539.227000,88.000324,backend_throughput,all,76.43595156093768
2026-09-03_10-14-11-226676_earlyRefresh,earlyRefresh,backend-unavailability,1788430540.227000,89.000324,backend_throughput,all,76.66666666666667
2026-09-03_10-14-11-226676_earlyRefresh,earlyRefresh,backend-unavailability,1788430541.227000,90.000324,backend_throughput,all,76.76924786134875
2026-09-03_10-14-11-226676_earlyRefresh,earlyRefresh,backend-unavailability,1788430542.227000,91.000324,backend_throughput,all,76.89743304811645
2026-09-03_10-14-11-226676_earlyRefresh,earlyRefresh,backend-unavailability,1788430543.227000,92.000324,backend_throughput,all,76.89743304811645
2026-09-03_10-14-11-226676_earlyRefresh,earlyRefresh,backend-unavailability,1788430544.227000,93.000324,backend_throughput,all,76.89743304811645
2026-09-03_10-14-11-226676_earlyRefresh,earlyRefresh,backend-unavailability,1788430545.227000,94.000324,backend_throughput,all,76.89743304811645
2026-09-03_10-14-11-226676_earlyRefresh,earlyRefresh,backend-unavailability,1788430546.227000,95.000324,backend_throughput,all,77.00855650627848
2026-09-03_10-14-11-226676_earlyRefresh,earlyRefresh,backend-unavailability,1788430547.227000,96.000324,backend_throughput,all,77.00855650627848
2026-09-03_10-14-11-226676_earlyRefresh,earlyRefresh,backend-unavailability,1788430548.227000,97.000324,backend_throughput,all,77.01711491442542
2026-09-03_10-14-11-226676_earlyRefresh,earlyRefresh,backend-unavailability,1788430549.227000,98.000324,backend_throughput,all,77.00855650627848
2026-09-03_10-14-11-226676_earlyRefresh,earlyRefresh,backend-unavailability,1788430550.227000,99.000324,backend_throughput,all,77.01711491442542
2026-09-03_10-14-11-226676_earlyRefresh,earlyRefresh,backend-unavailability,1788430551.227000,100.000324,backend_throughput,all,77
2026-09-03_10-14-11-226676_earlyRefresh,earlyRefresh,backend-unavailability,1788430552.227000,101.000324,backend_throughput,all,77
2026-09-03_10-14-11-226676_earlyRefresh,earlyRefresh,backend-unavailability,1788430553.227000,102.000324,backend_throughput,all,77
2026-09-03_10-14-11-226676_earlyRefresh,earlyRefresh,backend-unavailability,1788430554.227000,103.000324,backend_throughput,all,77
2026-09-03_10-14-11-226676_earlyRefresh,earlyRefresh,backend-unavailability,1788430555.227000,104.000324,backend_throughput,all,77
2026-09-03_10-14-11-226676_earlyRefresh,earlyRefresh,backend-unavailability,1788430556.227000,105.000324,backend_throughput,all,77
2026-09-03_10-14-11-226676_earlyRefresh,earlyRefresh,backend-unavailability,1788430557.227000,106.000324,backend_throughput,all,77
2026-09-03_10-14-11-226676_earlyRefresh,earlyRefresh,backend-unavailability,1788430558.227000,107.000324,backend_throughput,all,68.66666666666667
2026-09-03_10-14-11-226676_earlyRefresh,earlyRefresh,backend-unavailability,1788430451.227000,0.000324,active_backend_requests,all,0
2026-09-03_10-14-11-226676_earlyRefresh,earlyRefresh,backend-unavailability,1788430452.227000,1.000324,active_backend_requests,all,0
2026-09-03_10-14-11-226676_earlyRefresh,earlyRefresh,backend-unavailability,1788430453.227000,2.000324,active_backend_requests,all,1
2026-09-03_10-14-11-226676_earlyRefresh,earlyRefresh,backend-unavailability,1788430454.227000,3.000324,active_backend_requests,all,3
2026-09-03_10-14-11-226676_earlyRefresh,earlyRefresh,backend-unavailability,1788430455.227000,4.000324,active_backend_requests,all,0
2026-09-03_10-14-11-226676_earlyRefresh,earlyRefresh,backend-unavailability,1788430456.227000,5.000324,active_backend_requests,all,2
2026-09-03_10-14-11-226676_earlyRefresh,earlyRefresh,backend-unavailability,1788430457.227000,6.000324,active_backend_requests,all,1
2026-09-03_10-14-11-226676_earlyRefresh,earlyRefresh,backend-unavailability,1788430458.227000,7.000324,active_backend_requests,all,1
2026-09-03_10-14-11-226676_earlyRefresh,earlyRefresh,backend-unavailability,1788430459.227000,8.000324,active_backend_requests,all,3
2026-09-03_10-14-11-226676_earlyRefresh,earlyRefresh,backend-unavailability,1788430460.227000,9.000324,active_backend_requests,all,1
2026-09-03_10-14-11-226676_earlyRefresh,earlyRefresh,backend-unavailability,1788430461.227000,10.000324,active_backend_requests,all,3
2026-09-03_10-14-11-226676_earlyRefresh,earlyRefresh,backend-unavailability,1788430462.227000,11.000324,active_backend_requests,all,3
2026-09-03_10-14-11-226676_earlyRefresh,earlyRefresh,backend-unavailability,1788430463.227000,12.000324,active_backend_requests,all,3
2026-09-03_10-14-11-226676_earlyRefresh,earlyRefresh,backend-unavailability,1788430464.227000,13.000324,active_backend_requests,all,1
2026-09-03_10-14-11-226676_earlyRefresh,earlyRefresh,backend-unavailability,1788430465.227000,14.000324,active_backend_requests,all,2
2026-09-03_10-14-11-226676_earlyRefresh,earlyRefresh,backend-unavailability,1788430466.227000,15.000324,active_backend_requests,all,4
2026-09-03_10-14-11-226676_earlyRefresh,earlyRefresh,backend-unavailability,1788430467.227000,16.000324,active_backend_requests,all,3
2026-09-03_10-14-11-226676_earlyRefresh,earlyRefresh,backend-unavailability,1788430468.227000,17.000324,active_backend_requests,all,9
2026-09-03_10-14-11-226676_earlyRefresh,earlyRefresh,backend-unavailability,1788430469.227000,18.000324,active_backend_requests,all,13
2026-09-03_10-14-11-226676_earlyRefresh,earlyRefresh,backend-unavailability,1788430470.227000,19.000324,active_backend_requests,all,12
2026-09-03_10-14-11-226676_earlyRefresh,earlyRefresh,backend-unavailability,1788430471.227000,20.000324,active_backend_requests,all,12
2026-09-03_10-14-11-226676_earlyRefresh,earlyRefresh,backend-unavailability,1788430472.227000,21.000324,active_backend_requests,all,15
2026-09-03_10-14-11-226676_earlyRefresh,earlyRefresh,backend-unavailability,1788430473.227000,22.000324,active_backend_requests,all,13
2026-09-03_10-14-11-226676_earlyRefresh,earlyRefresh,backend-unavailability,1788430474.227000,23.000324,active_backend_requests,all,7
2026-09-03_10-14-11-226676_earlyRefresh,earlyRefresh,backend-unavailability,1788430475.227000,24.000324,active_backend_requests,all,12
2026-09-03_10-14-11-226676_earlyRefresh,earlyRefresh,backend-unavailability,1788430476.227000,25.000324,active_backend_requests,all,7
2026-09-03_10-14-11-226676_earlyRefresh,earlyRefresh,backend-unavailability,1788430477.227000,26.000324,active_backend_requests,all,6
2026-09-03_10-14-11-226676_earlyRefresh,earlyRefresh,backend-unavailability,1788430478.227000,27.000324,active_backend_requests,all,2
2026-09-03_10-14-11-226676_earlyRefresh,earlyRefresh,backend-unavailability,1788430479.227000,28.000324,active_backend_requests,all,4
2026-09-03_10-14-11-226676_earlyRefresh,earlyRefresh,backend-unavailability,1788430480.227000,29.000324,active_backend_requests,all,4
2026-09-03_10-14-11-226676_earlyRefresh,earlyRefresh,backend-unavailability,1788430481.227000,30.000324,active_backend_requests,all,5
2026-09-03_10-14-11-226676_earlyRefresh,earlyRefresh,backend-unavailability,1788430482.227000,31.000324,active_backend_requests,all,7
2026-09-03_10-14-11-226676_earlyRefresh,earlyRefresh,backend-unavailability,1788430483.227000,32.000324,active_backend_requests,all,5
2026-09-03_10-14-11-226676_earlyRefresh,earlyRefresh,backend-unavailability,1788430484.227000,33.000324,active_backend_requests,all,5
2026-09-03_10-14-11-226676_earlyRefresh,earlyRefresh,backend-unavailability,1788430485.227000,34.000324,active_backend_requests,all,8
2026-09-03_10-14-11-226676_earlyRefresh,earlyRefresh,backend-unavailability,1788430486.227000,35.000324,active_backend_requests,all,10
2026-09-03_10-14-11-226676_earlyRefresh,earlyRefresh,backend-unavailability,1788430487.227000,36.000324,active_backend_requests,all,11
2026-09-03_10-14-11-226676_earlyRefresh,earlyRefresh,backend-unavailability,1788430488.227000,37.000324,active_backend_requests,all,12
2026-09-03_10-14-11-226676_earlyRefresh,earlyRefresh,backend-unavailability,1788430489.227000,38.000324,active_backend_requests,all,12
2026-09-03_10-14-11-226676_earlyRefresh,earlyRefresh,backend-unavailability,1788430490.227000,39.000324,active_backend_requests,all,11
2026-09-03_10-14-11-226676_earlyRefresh,earlyRefresh,backend-unavailability,1788430491.227000,40.000324,active_backend_requests,all,14
2026-09-03_10-14-11-226676_earlyRefresh,earlyRefresh,backend-unavailability,1788430492.227000,41.000324,active_backend_requests,all,12
2026-09-03_10-14-11-226676_earlyRefresh,earlyRefresh,backend-unavailability,1788430493.227000,42.000324,active_backend_requests,all,14
2026-09-03_10-14-11-226676_earlyRefresh,earlyRefresh,backend-unavailability,1788430494.227000,43.000324,active_backend_requests,all,18
2026-09-03_10-14-11-226676_earlyRefresh,earlyRefresh,backend-unavailability,1788430495.227000,44.000324,active_backend_requests,all,19
2026-09-03_10-14-11-226676_earlyRefresh,earlyRefresh,backend-unavailability,1788430496.227000,45.000324,active_backend_requests,all,13
2026-09-03_10-14-11-226676_earlyRefresh,earlyRefresh,backend-unavailability,1788430497.227000,46.000324,active_backend_requests,all,8
2026-09-03_10-14-11-226676_earlyRefresh,earlyRefresh,backend-unavailability,1788430498.227000,47.000324,active_backend_requests,all,0
2026-09-03_10-14-11-226676_earlyRefresh,earlyRefresh,backend-unavailability,1788430499.227000,48.000324,active_backend_requests,all,0
2026-09-03_10-14-11-226676_earlyRefresh,earlyRefresh,backend-unavailability,1788430500.227000,49.000324,active_backend_requests,all,0
2026-09-03_10-14-11-226676_earlyRefresh,earlyRefresh,backend-unavailability,1788430501.227000,50.000324,active_backend_requests,all,0
2026-09-03_10-14-11-226676_earlyRefresh,earlyRefresh,backend-unavailability,1788430502.227000,51.000324,active_backend_requests,all,0
2026-09-03_10-14-11-226676_earlyRefresh,earlyRefresh,backend-unavailability,1788430503.227000,52.000324,active_backend_requests,all,0
2026-09-03_10-14-11-226676_earlyRefresh,earlyRefresh,backend-unavailability,1788430504.227000,53.000324,active_backend_requests,all,0
2026-09-03_10-14-11-226676_earlyRefresh,earlyRefresh,backend-unavailability,1788430505.227000,54.000324,active_backend_requests,all,0
2026-09-03_10-14-11-226676_earlyRefresh,earlyRefresh,backend-unavailability,1788430506.227000,55.000324,active_backend_requests,all,0
2026-09-03_10-14-11-226676_earlyRefresh,earlyRefresh,backend-unavailability,1788430507.227000,56.000324,active_backend_requests,all,0
2026-09-03_10-14-11-226676_earlyRefresh,earlyRefresh,backend-unavailability,1788430508.227000,57.000324,active_backend_requests,all,0
2026-09-03_10-14-11-226676_earlyRefresh,earlyRefresh,backend-unavailability,1788430509.227000,58.000324,active_backend_requests,all,0
2026-09-03_10-14-11-226676_earlyRefresh,earlyRefresh,backend-unavailability,1788430510.227000,59.000324,active_backend_requests,all,0
2026-09-03_10-14-11-226676_earlyRefresh,earlyRefresh,backend-unavailability,1788430511.227000,60.000324,active_backend_requests,all,31
2026-09-03_10-14-11-226676_earlyRefresh,earlyRefresh,backend-unavailability,1788430512.227000,61.000324,active_backend_requests,all,55
2026-09-03_10-14-11-226676_earlyRefresh,earlyRefresh,backend-unavailability,1788430513.227000,62.000324,active_backend_requests,all,66
2026-09-03_10-14-11-226676_earlyRefresh,earlyRefresh,backend-unavailability,1788430514.227000,63.000324,active_backend_requests,all,66
2026-09-03_10-14-11-226676_earlyRefresh,earlyRefresh,backend-unavailability,1788430515.227000,64.000324,active_backend_requests,all,58
2026-09-03_10-14-11-226676_earlyRefresh,earlyRefresh,backend-unavailability,1788430516.227000,65.000324,active_backend_requests,all,65
2026-09-03_10-14-11-226676_earlyRefresh,earlyRefresh,backend-unavailability,1788430517.227000,66.000324,active_backend_requests,all,70
2026-09-03_10-14-11-226676_earlyRefresh,earlyRefresh,backend-unavailability,1788430518.227000,67.000324,active_backend_requests,all,64
2026-09-03_10-14-11-226676_earlyRefresh,earlyRefresh,backend-unavailability,1788430519.227000,68.000324,active_backend_requests,all,65
2026-09-03_10-14-11-226676_earlyRefresh,earlyRefresh,backend-unavailability,1788430520.227000,69.000324,active_backend_requests,all,63
2026-09-03_10-14-11-226676_earlyRefresh,earlyRefresh,backend-unavailability,1788430521.227000,70.000324,active_backend_requests,all,84
2026-09-03_10-14-11-226676_earlyRefresh,earlyRefresh,backend-unavailability,1788430522.227000,71.000324,active_backend_requests,all,69
2026-09-03_10-14-11-226676_earlyRefresh,earlyRefresh,backend-unavailability,1788430523.227000,72.000324,active_backend_requests,all,67
2026-09-03_10-14-11-226676_earlyRefresh,earlyRefresh,backend-unavailability,1788430524.227000,73.000324,active_backend_requests,all,67
2026-09-03_10-14-11-226676_earlyRefresh,earlyRefresh,backend-unavailability,1788430525.227000,74.000324,active_backend_requests,all,63
2026-09-03_10-14-11-226676_earlyRefresh,earlyRefresh,backend-unavailability,1788430526.227000,75.000324,active_backend_requests,all,73
2026-09-03_10-14-11-226676_earlyRefresh,earlyRefresh,backend-unavailability,1788430527.227000,76.000324,active_backend_requests,all,95
2026-09-03_10-14-11-226676_earlyRefresh,earlyRefresh,backend-unavailability,1788430528.227000,77.000324,active_backend_requests,all,104
2026-09-03_10-14-11-226676_earlyRefresh,earlyRefresh,backend-unavailability,1788430529.227000,78.000324,active_backend_requests,all,109
2026-09-03_10-14-11-226676_earlyRefresh,earlyRefresh,backend-unavailability,1788430530.227000,79.000324,active_backend_requests,all,111
2026-09-03_10-14-11-226676_earlyRefresh,earlyRefresh,backend-unavailability,1788430531.227000,80.000324,active_backend_requests,all,112
2026-09-03_10-14-11-226676_earlyRefresh,earlyRefresh,backend-unavailability,1788430532.227000,81.000324,active_backend_requests,all,113
2026-09-03_10-14-11-226676_earlyRefresh,earlyRefresh,backend-unavailability,1788430533.227000,82.000324,active_backend_requests,all,114
2026-09-03_10-14-11-226676_earlyRefresh,earlyRefresh,backend-unavailability,1788430534.227000,83.000324,active_backend_requests,all,114
2026-09-03_10-14-11-226676_earlyRefresh,earlyRefresh,backend-unavailability,1788430535.227000,84.000324,active_backend_requests,all,115
2026-09-03_10-14-11-226676_earlyRefresh,earlyRefresh,backend-unavailability,1788430536.227000,85.000324,active_backend_requests,all,115
2026-09-03_10-14-11-226676_earlyRefresh,earlyRefresh,backend-unavailability,1788430537.227000,86.000324,active_backend_requests,all,114
2026-09-03_10-14-11-226676_earlyRefresh,earlyRefresh,backend-unavailability,1788430538.227000,87.000324,active_backend_requests,all,115
2026-09-03_10-14-11-226676_earlyRefresh,earlyRefresh,backend-unavailability,1788430539.227000,88.000324,active_backend_requests,all,115
2026-09-03_10-14-11-226676_earlyRefresh,earlyRefresh,backend-unavailability,1788430540.227000,89.000324,active_backend_requests,all,115
2026-09-03_10-14-11-226676_earlyRefresh,earlyRefresh,backend-unavailability,1788430541.227000,90.000324,active_backend_requests,all,115
2026-09-03_10-14-11-226676_earlyRefresh,earlyRefresh,backend-unavailability,1788430542.227000,91.000324,active_backend_requests,all,115
2026-09-03_10-14-11-226676_earlyRefresh,earlyRefresh,backend-unavailability,1788430543.227000,92.000324,active_backend_requests,all,115
2026-09-03_10-14-11-226676_earlyRefresh,earlyRefresh,backend-unavailability,1788430544.227000,93.000324,active_backend_requests,all,115
2026-09-03_10-14-11-226676_earlyRefresh,earlyRefresh,backend-unavailability,1788430545.227000,94.000324,active_backend_requests,all,115
2026-09-03_10-14-11-226676_earlyRefresh,earlyRefresh,backend-unavailability,1788430546.227000,95.000324,active_backend_requests,all,115
2026-09-03_10-14-11-226676_earlyRefresh,earlyRefresh,backend-unavailability,1788430547.227000,96.000324,active_backend_requests,all,115
2026-09-03_10-14-11-226676_earlyRefresh,earlyRefresh,backend-unavailability,1788430548.227000,97.000324,active_backend_requests,all,115
2026-09-03_10-14-11-226676_earlyRefresh,earlyRefresh,backend-unavailability,1788430549.227000,98.000324,active_backend_requests,all,115
2026-09-03_10-14-11-226676_earlyRefresh,earlyRefresh,backend-unavailability,1788430550.227000,99.000324,active_backend_requests,all,115
2026-09-03_10-14-11-226676_earlyRefresh,earlyRefresh,backend-unavailability,1788430551.227000,100.000324,active_backend_requests,all,115
2026-09-03_10-14-11-226676_earlyRefresh,earlyRefresh,backend-unavailability,1788430552.227000,101.000324,active_backend_requests,all,115
2026-09-03_10-14-11-226676_earlyRefresh,earlyRefresh,backend-unavailability,1788430553.227000,102.000324,active_backend_requests,all,115
2026-09-03_10-14-11-226676_earlyRefresh,earlyRefresh,backend-unavailability,1788430554.227000,103.000324,active_backend_requests,all,115
2026-09-03_10-14-11-226676_earlyRefresh,earlyRefresh,backend-unavailability,1788430555.227000,104.000324,active_backend_requests,all,115
2026-09-03_10-14-11-226676_earlyRefresh,earlyRefresh,backend-unavailability,1788430556.227000,105.000324,active_backend_requests,all,115
2026-09-03_10-14-11-226676_earlyRefresh,earlyRefresh,backend-unavailability,1788430557.227000,106.000324,active_backend_requests,all,115
2026-09-03_10-14-11-226676_earlyRefresh,earlyRefresh,backend-unavailability,1788430558.227000,107.000324,active_backend_requests,all,40
2026-09-03_10-14-11-226676_earlyRefresh,earlyRefresh,backend-unavailability,1788430451.227000,0.000324,failed_request_ratio,all,0
2026-09-03_10-14-11-226676_earlyRefresh,earlyRefresh,backend-unavailability,1788430452.227000,1.000324,failed_request_ratio,all,0
2026-09-03_10-14-11-226676_earlyRefresh,earlyRefresh,backend-unavailability,1788430453.227000,2.000324,failed_request_ratio,all,0
2026-09-03_10-14-11-226676_earlyRefresh,earlyRefresh,backend-unavailability,1788430454.227000,3.000324,failed_request_ratio,all,0
2026-09-03_10-14-11-226676_earlyRefresh,earlyRefresh,backend-unavailability,1788430455.227000,4.000324,failed_request_ratio,all,0
2026-09-03_10-14-11-226676_earlyRefresh,earlyRefresh,backend-unavailability,1788430456.227000,5.000324,failed_request_ratio,all,0
2026-09-03_10-14-11-226676_earlyRefresh,earlyRefresh,backend-unavailability,1788430457.227000,6.000324,failed_request_ratio,all,0
2026-09-03_10-14-11-226676_earlyRefresh,earlyRefresh,backend-unavailability,1788430458.227000,7.000324,failed_request_ratio,all,0
2026-09-03_10-14-11-226676_earlyRefresh,earlyRefresh,backend-unavailability,1788430459.227000,8.000324,failed_request_ratio,all,0
2026-09-03_10-14-11-226676_earlyRefresh,earlyRefresh,backend-unavailability,1788430460.227000,9.000324,failed_request_ratio,all,0
2026-09-03_10-14-11-226676_earlyRefresh,earlyRefresh,backend-unavailability,1788430461.227000,10.000324,failed_request_ratio,all,0
2026-09-03_10-14-11-226676_earlyRefresh,earlyRefresh,backend-unavailability,1788430462.227000,11.000324,failed_request_ratio,all,0
2026-09-03_10-14-11-226676_earlyRefresh,earlyRefresh,backend-unavailability,1788430463.227000,12.000324,failed_request_ratio,all,0
2026-09-03_10-14-11-226676_earlyRefresh,earlyRefresh,backend-unavailability,1788430464.227000,13.000324,failed_request_ratio,all,0
2026-09-03_10-14-11-226676_earlyRefresh,earlyRefresh,backend-unavailability,1788430465.227000,14.000324,failed_request_ratio,all,0
2026-09-03_10-14-11-226676_earlyRefresh,earlyRefresh,backend-unavailability,1788430466.227000,15.000324,failed_request_ratio,all,0
2026-09-03_10-14-11-226676_earlyRefresh,earlyRefresh,backend-unavailability,1788430467.227000,16.000324,failed_request_ratio,all,0
2026-09-03_10-14-11-226676_earlyRefresh,earlyRefresh,backend-unavailability,1788430468.227000,17.000324,failed_request_ratio,all,0
2026-09-03_10-14-11-226676_earlyRefresh,earlyRefresh,backend-unavailability,1788430469.227000,18.000324,failed_request_ratio,all,0
2026-09-03_10-14-11-226676_earlyRefresh,earlyRefresh,backend-unavailability,1788430470.227000,19.000324,failed_request_ratio,all,0
2026-09-03_10-14-11-226676_earlyRefresh,earlyRefresh,backend-unavailability,1788430471.227000,20.000324,failed_request_ratio,all,0
2026-09-03_10-14-11-226676_earlyRefresh,earlyRefresh,backend-unavailability,1788430472.227000,21.000324,failed_request_ratio,all,0
2026-09-03_10-14-11-226676_earlyRefresh,earlyRefresh,backend-unavailability,1788430473.227000,22.000324,failed_request_ratio,all,0
2026-09-03_10-14-11-226676_earlyRefresh,earlyRefresh,backend-unavailability,1788430474.227000,23.000324,failed_request_ratio,all,0
2026-09-03_10-14-11-226676_earlyRefresh,earlyRefresh,backend-unavailability,1788430475.227000,24.000324,failed_request_ratio,all,0
2026-09-03_10-14-11-226676_earlyRefresh,earlyRefresh,backend-unavailability,1788430476.227000,25.000324,failed_request_ratio,all,0
2026-09-03_10-14-11-226676_earlyRefresh,earlyRefresh,backend-unavailability,1788430477.227000,26.000324,failed_request_ratio,all,0
2026-09-03_10-14-11-226676_earlyRefresh,earlyRefresh,backend-unavailability,1788430478.227000,27.000324,failed_request_ratio,all,0
2026-09-03_10-14-11-226676_earlyRefresh,earlyRefresh,backend-unavailability,1788430479.227000,28.000324,failed_request_ratio,all,0
2026-09-03_10-14-11-226676_earlyRefresh,earlyRefresh,backend-unavailability,1788430480.227000,29.000324,failed_request_ratio,all,0
2026-09-03_10-14-11-226676_earlyRefresh,earlyRefresh,backend-unavailability,1788430481.227000,30.000324,failed_request_ratio,all,0
2026-09-03_10-14-11-226676_earlyRefresh,earlyRefresh,backend-unavailability,1788430482.227000,31.000324,failed_request_ratio,all,0
2026-09-03_10-14-11-226676_earlyRefresh,earlyRefresh,backend-unavailability,1788430483.227000,32.000324,failed_request_ratio,all,0
2026-09-03_10-14-11-226676_earlyRefresh,earlyRefresh,backend-unavailability,1788430484.227000,33.000324,failed_request_ratio,all,0
2026-09-03_10-14-11-226676_earlyRefresh,earlyRefresh,backend-unavailability,1788430485.227000,34.000324,failed_request_ratio,all,0
2026-09-03_10-14-11-226676_earlyRefresh,earlyRefresh,backend-unavailability,1788430486.227000,35.000324,failed_request_ratio,all,0
2026-09-03_10-14-11-226676_earlyRefresh,earlyRefresh,backend-unavailability,1788430487.227000,36.000324,failed_request_ratio,all,0
2026-09-03_10-14-11-226676_earlyRefresh,earlyRefresh,backend-unavailability,1788430488.227000,37.000324,failed_request_ratio,all,0
2026-09-03_10-14-11-226676_earlyRefresh,earlyRefresh,backend-unavailability,1788430489.227000,38.000324,failed_request_ratio,all,0
2026-09-03_10-14-11-226676_earlyRefresh,earlyRefresh,backend-unavailability,1788430490.227000,39.000324,failed_request_ratio,all,0
2026-09-03_10-14-11-226676_earlyRefresh,earlyRefresh,backend-unavailability,1788430491.227000,40.000324,failed_request_ratio,all,0
2026-09-03_10-14-11-226676_earlyRefresh,earlyRefresh,backend-unavailability,1788430492.227000,41.000324,failed_request_ratio,all,0
2026-09-03_10-14-11-226676_earlyRefresh,earlyRefresh,backend-unavailability,1788430493.227000,42.000324,failed_request_ratio,all,0
2026-09-03_10-14-11-226676_earlyRefresh,earlyRefresh,backend-unavailability,1788430494.227000,43.000324,failed_request_ratio,all,0
2026-09-03_10-14-11-226676_earlyRefresh,earlyRefresh,backend-unavailability,1788430495.227000,44.000324,failed_request_ratio,all,0
2026-09-03_10-14-11-226676_earlyRefresh,earlyRefresh,backend-unavailability,1788430496.227000,45.000324,failed_request_ratio,all,0
2026-09-03_10-14-11-226676_earlyRefresh,earlyRefresh,backend-unavailability,1788430497.227000,46.000324,failed_request_ratio,all,0
2026-09-03_10-14-11-226676_earlyRefresh,earlyRefresh,backend-unavailability,1788430498.227000,47.000324,failed_request_ratio,all,0.018264772727272727
2026-09-03_10-14-11-226676_earlyRefresh,earlyRefresh,backend-unavailability,1788430499.227000,48.000324,failed_request_ratio,all,0.04610869903674206
2026-09-03_10-14-11-226676_earlyRefresh,earlyRefresh,backend-unavailability,1788430500.227000,49.000324,failed_request_ratio,all,0.07267847025495751
2026-09-03_10-14-11-226676_earlyRefresh,earlyRefresh,backend-unavailability,1788430501.227000,50.000324,failed_request_ratio,all,0.09933248226950354
2026-09-03_10-14-11-226676_earlyRefresh,earlyRefresh,backend-unavailability,1788430502.227000,51.000324,failed_request_ratio,all,0.13732477263181722
2026-09-03_10-14-11-226676_earlyRefresh,earlyRefresh,backend-unavailability,1788430503.227000,52.000324,failed_request_ratio,all,0.17224909269113783
2026-09-03_10-14-11-226676_earlyRefresh,earlyRefresh,backend-unavailability,1788430504.227000,53.000324,failed_request_ratio,all,0.1967676528894462
2026-09-03_10-14-11-226676_earlyRefresh,earlyRefresh,backend-unavailability,1788430505.227000,54.000324,failed_request_ratio,all,0.22435720331249698
2026-09-03_10-14-11-226676_earlyRefresh,earlyRefresh,backend-unavailability,1788430506.227000,55.000324,failed_request_ratio,all,0.2640938483547926
2026-09-03_10-14-11-226676_earlyRefresh,earlyRefresh,backend-unavailability,1788430507.227000,56.000324,failed_request_ratio,all,0.30691554599832505
2026-09-03_10-14-11-226676_earlyRefresh,earlyRefresh,backend-unavailability,1788430508.227000,57.000324,failed_request_ratio,all,0.3251445086705202
2026-09-03_10-14-11-226676_earlyRefresh,earlyRefresh,backend-unavailability,1788430509.227000,58.000324,failed_request_ratio,all,0.3414984790221295
2026-09-03_10-14-11-226676_earlyRefresh,earlyRefresh,backend-unavailability,1788430510.227000,59.000324,failed_request_ratio,all,0.37283269109041695
2026-09-03_10-14-11-226676_earlyRefresh,earlyRefresh,backend-unavailability,1788430511.227000,60.000324,failed_request_ratio,all,0.3637724550898203
2026-09-03_10-14-11-226676_earlyRefresh,earlyRefresh,backend-unavailability,1788430512.227000,61.000324,failed_request_ratio,all,0.3380055101720796
2026-09-03_10-14-11-226676_earlyRefresh,earlyRefresh,backend-unavailability,1788430513.227000,62.000324,failed_request_ratio,all,0.34449760765550247
2026-09-03_10-14-11-226676_earlyRefresh,earlyRefresh,backend-unavailability,1788430514.227000,63.000324,failed_request_ratio,all,0.3782051282051282
2026-09-03_10-14-11-226676_earlyRefresh,earlyRefresh,backend-unavailability,1788430515.227000,64.000324,failed_request_ratio,all,0.41222660218821017
2026-09-03_10-14-11-226676_earlyRefresh,earlyRefresh,backend-unavailability,1788430516.227000,65.000324,failed_request_ratio,all,0.4158712519105918
2026-09-03_10-14-11-226676_earlyRefresh,earlyRefresh,backend-unavailability,1788430517.227000,66.000324,failed_request_ratio,all,0.4354838709677419
2026-09-03_10-14-11-226676_earlyRefresh,earlyRefresh,backend-unavailability,1788430518.227000,67.000324,failed_request_ratio,all,0.4593307973066014
2026-09-03_10-14-11-226676_earlyRefresh,earlyRefresh,backend-unavailability,1788430519.227000,68.000324,failed_request_ratio,all,0.46825396825396826
2026-09-03_10-14-11-226676_earlyRefresh,earlyRefresh,backend-unavailability,1788430520.227000,69.000324,failed_request_ratio,all,0.4969495275299762
2026-09-03_10-14-11-226676_earlyRefresh,earlyRefresh,backend-unavailability,1788430521.227000,70.000324,failed_request_ratio,all,0.5545454545454546
2026-09-03_10-14-11-226676_earlyRefresh,earlyRefresh,backend-unavailability,1788430522.227000,71.000324,failed_request_ratio,all,0.5888399412628488
2026-09-03_10-14-11-226676_earlyRefresh,earlyRefresh,backend-unavailability,1788430523.227000,72.000324,failed_request_ratio,all,0.5994236311239194
2026-09-03_10-14-11-226676_earlyRefresh,earlyRefresh,backend-unavailability,1788430524.227000,73.000324,failed_request_ratio,all,0.601470588235294
2026-09-03_10-14-11-226676_earlyRefresh,earlyRefresh,backend-unavailability,1788430525.227000,74.000324,failed_request_ratio,all,0.6000005152694465
2026-09-03_10-14-11-226676_earlyRefresh,earlyRefresh,backend-unavailability,1788430526.227000,75.000324,failed_request_ratio,all,0.6020114942528735
2026-09-03_10-14-11-226676_earlyRefresh,earlyRefresh,backend-unavailability,1788430527.227000,76.000324,failed_request_ratio,all,0.6174693774821493
2026-09-03_10-14-11-226676_earlyRefresh,earlyRefresh,backend-unavailability,1788430528.227000,77.000324,failed_request_ratio,all,0.6527777777777778
2026-09-03_10-14-11-226676_earlyRefresh,earlyRefresh,backend-unavailability,1788430529.227000,78.000324,failed_request_ratio,all,0.7026605361484889
2026-09-03_10-14-11-226676_earlyRefresh,earlyRefresh,backend-unavailability,1788430530.227000,79.000324,failed_request_ratio,all,0.7339448185319056
2026-09-03_10-14-11-226676_earlyRefresh,earlyRefresh,backend-unavailability,1788430531.227000,80.000324,failed_request_ratio,all,0.7770897832817337
2026-09-03_10-14-11-226676_earlyRefresh,earlyRefresh,backend-unavailability,1788430532.227000,81.000324,failed_request_ratio,all,0.8259487250888575
2026-09-03_10-14-11-226676_earlyRefresh,earlyRefresh,backend-unavailability,1788430533.227000,82.000324,failed_request_ratio,all,0.8734177215189873
2026-09-03_10-14-11-226676_earlyRefresh,earlyRefresh,backend-unavailability,1788430534.227000,83.000324,failed_request_ratio,all,0.931528195843929
2026-09-03_10-14-11-226676_earlyRefresh,earlyRefresh,backend-unavailability,1788430535.227000,84.000324,failed_request_ratio,all,0.9746835443037976
2026-09-03_10-14-11-226676_earlyRefresh,earlyRefresh,backend-unavailability,1788430536.227000,85.000324,failed_request_ratio,all,0.995426829268293
2026-09-03_10-14-11-226676_earlyRefresh,earlyRefresh,backend-unavailability,1788430537.227000,86.000324,failed_request_ratio,all,1
2026-09-03_10-14-11-226676_earlyRefresh,earlyRefresh,backend-unavailability,1788430538.227000,87.000324,failed_request_ratio,all,1
2026-09-03_10-14-11-226676_earlyRefresh,earlyRefresh,backend-unavailability,1788430539.227000,88.000324,failed_request_ratio,all,1
2026-09-03_10-14-11-226676_earlyRefresh,earlyRefresh,backend-unavailability,1788430540.227000,89.000324,failed_request_ratio,all,1
2026-09-03_10-14-11-226676_earlyRefresh,earlyRefresh,backend-unavailability,1788430541.227000,90.000324,failed_request_ratio,all,1
2026-09-03_10-14-11-226676_earlyRefresh,earlyRefresh,backend-unavailability,1788430542.227000,91.000324,failed_request_ratio,all,1
2026-09-03_10-14-11-226676_earlyRefresh,earlyRefresh,backend-unavailability,1788430543.227000,92.000324,failed_request_ratio,all,1
2026-09-03_10-14-11-226676_earlyRefresh,earlyRefresh,backend-unavailability,1788430544.227000,93.000324,failed_request_ratio,all,1
2026-09-03_10-14-11-226676_earlyRefresh,earlyRefresh,backend-unavailability,1788430545.227000,94.000324,failed_request_ratio,all,1
2026-09-03_10-14-11-226676_earlyRefresh,earlyRefresh,backend-unavailability,1788430546.227000,95.000324,failed_request_ratio,all,1
2026-09-03_10-14-11-226676_earlyRefresh,earlyRefresh,backend-unavailability,1788430547.227000,96.000324,failed_request_ratio,all,1
2026-09-03_10-14-11-226676_earlyRefresh,earlyRefresh,backend-unavailability,1788430548.227000,97.000324,failed_request_ratio,all,1
2026-09-03_10-14-11-226676_earlyRefresh,earlyRefresh,backend-unavailability,1788430549.227000,98.000324,failed_request_ratio,all,1
2026-09-03_10-14-11-226676_earlyRefresh,earlyRefresh,backend-unavailability,1788430550.227000,99.000324,failed_request_ratio,all,1
2026-09-03_10-14-11-226676_earlyRefresh,earlyRefresh,backend-unavailability,1788430551.227000,100.000324,failed_request_ratio,all,1
2026-09-03_10-14-11-226676_earlyRefresh,earlyRefresh,backend-unavailability,1788430552.227000,101.000324,failed_request_ratio,all,1
2026-09-03_10-14-11-226676_earlyRefresh,earlyRefresh,backend-unavailability,1788430553.227000,102.000324,failed_request_ratio,all,1
2026-09-03_10-14-11-226676_earlyRefresh,earlyRefresh,backend-unavailability,1788430554.227000,103.000324,failed_request_ratio,all,1
2026-09-03_10-14-11-226676_earlyRefresh,earlyRefresh,backend-unavailability,1788430555.227000,104.000324,failed_request_ratio,all,1
2026-09-03_10-14-11-226676_earlyRefresh,earlyRefresh,backend-unavailability,1788430556.227000,105.000324,failed_request_ratio,all,1
2026-09-03_10-14-11-226676_earlyRefresh,earlyRefresh,backend-unavailability,1788430557.227000,106.000324,failed_request_ratio,all,1
2026-09-03_10-14-11-226676_earlyRefresh,earlyRefresh,backend-unavailability,1788430558.227000,107.000324,failed_request_ratio,all,1
2026-09-03_10-14-11-226676_earlyRefresh,earlyRefresh,backend-unavailability,1788430451.227000,0.000324,singleflight_waiting_requests,all,0
2026-09-03_10-14-11-226676_earlyRefresh,earlyRefresh,backend-unavailability,1788430452.227000,1.000324,singleflight_waiting_requests,all,0
2026-09-03_10-14-11-226676_earlyRefresh,earlyRefresh,backend-unavailability,1788430453.227000,2.000324,singleflight_waiting_requests,all,0
2026-09-03_10-14-11-226676_earlyRefresh,earlyRefresh,backend-unavailability,1788430454.227000,3.000324,singleflight_waiting_requests,all,0
2026-09-03_10-14-11-226676_earlyRefresh,earlyRefresh,backend-unavailability,1788430455.227000,4.000324,singleflight_waiting_requests,all,0
2026-09-03_10-14-11-226676_earlyRefresh,earlyRefresh,backend-unavailability,1788430456.227000,5.000324,singleflight_waiting_requests,all,0
2026-09-03_10-14-11-226676_earlyRefresh,earlyRefresh,backend-unavailability,1788430457.227000,6.000324,singleflight_waiting_requests,all,0
2026-09-03_10-14-11-226676_earlyRefresh,earlyRefresh,backend-unavailability,1788430458.227000,7.000324,singleflight_waiting_requests,all,0
2026-09-03_10-14-11-226676_earlyRefresh,earlyRefresh,backend-unavailability,1788430459.227000,8.000324,singleflight_waiting_requests,all,0
2026-09-03_10-14-11-226676_earlyRefresh,earlyRefresh,backend-unavailability,1788430460.227000,9.000324,singleflight_waiting_requests,all,0
2026-09-03_10-14-11-226676_earlyRefresh,earlyRefresh,backend-unavailability,1788430461.227000,10.000324,singleflight_waiting_requests,all,0
2026-09-03_10-14-11-226676_earlyRefresh,earlyRefresh,backend-unavailability,1788430462.227000,11.000324,singleflight_waiting_requests,all,0
2026-09-03_10-14-11-226676_earlyRefresh,earlyRefresh,backend-unavailability,1788430463.227000,12.000324,singleflight_waiting_requests,all,0
2026-09-03_10-14-11-226676_earlyRefresh,earlyRefresh,backend-unavailability,1788430464.227000,13.000324,singleflight_waiting_requests,all,0
2026-09-03_10-14-11-226676_earlyRefresh,earlyRefresh,backend-unavailability,1788430465.227000,14.000324,singleflight_waiting_requests,all,0
2026-09-03_10-14-11-226676_earlyRefresh,earlyRefresh,backend-unavailability,1788430466.227000,15.000324,singleflight_waiting_requests,all,0
2026-09-03_10-14-11-226676_earlyRefresh,earlyRefresh,backend-unavailability,1788430467.227000,16.000324,singleflight_waiting_requests,all,0
2026-09-03_10-14-11-226676_earlyRefresh,earlyRefresh,backend-unavailability,1788430468.227000,17.000324,singleflight_waiting_requests,all,0
2026-09-03_10-14-11-226676_earlyRefresh,earlyRefresh,backend-unavailability,1788430469.227000,18.000324,singleflight_waiting_requests,all,0
2026-09-03_10-14-11-226676_earlyRefresh,earlyRefresh,backend-unavailability,1788430470.227000,19.000324,singleflight_waiting_requests,all,0
2026-09-03_10-14-11-226676_earlyRefresh,earlyRefresh,backend-unavailability,1788430471.227000,20.000324,singleflight_waiting_requests,all,0
2026-09-03_10-14-11-226676_earlyRefresh,earlyRefresh,backend-unavailability,1788430472.227000,21.000324,singleflight_waiting_requests,all,0
2026-09-03_10-14-11-226676_earlyRefresh,earlyRefresh,backend-unavailability,1788430473.227000,22.000324,singleflight_waiting_requests,all,0
2026-09-03_10-14-11-226676_earlyRefresh,earlyRefresh,backend-unavailability,1788430474.227000,23.000324,singleflight_waiting_requests,all,0
2026-09-03_10-14-11-226676_earlyRefresh,earlyRefresh,backend-unavailability,1788430475.227000,24.000324,singleflight_waiting_requests,all,0
2026-09-03_10-14-11-226676_earlyRefresh,earlyRefresh,backend-unavailability,1788430476.227000,25.000324,singleflight_waiting_requests,all,0
2026-09-03_10-14-11-226676_earlyRefresh,earlyRefresh,backend-unavailability,1788430477.227000,26.000324,singleflight_waiting_requests,all,0
2026-09-03_10-14-11-226676_earlyRefresh,earlyRefresh,backend-unavailability,1788430478.227000,27.000324,singleflight_waiting_requests,all,0
2026-09-03_10-14-11-226676_earlyRefresh,earlyRefresh,backend-unavailability,1788430479.227000,28.000324,singleflight_waiting_requests,all,0
2026-09-03_10-14-11-226676_earlyRefresh,earlyRefresh,backend-unavailability,1788430480.227000,29.000324,singleflight_waiting_requests,all,0
2026-09-03_10-14-11-226676_earlyRefresh,earlyRefresh,backend-unavailability,1788430481.227000,30.000324,singleflight_waiting_requests,all,0
2026-09-03_10-14-11-226676_earlyRefresh,earlyRefresh,backend-unavailability,1788430482.227000,31.000324,singleflight_waiting_requests,all,0
2026-09-03_10-14-11-226676_earlyRefresh,earlyRefresh,backend-unavailability,1788430483.227000,32.000324,singleflight_waiting_requests,all,0
2026-09-03_10-14-11-226676_earlyRefresh,earlyRefresh,backend-unavailability,1788430484.227000,33.000324,singleflight_waiting_requests,all,0
2026-09-03_10-14-11-226676_earlyRefresh,earlyRefresh,backend-unavailability,1788430485.227000,34.000324,singleflight_waiting_requests,all,0
2026-09-03_10-14-11-226676_earlyRefresh,earlyRefresh,backend-unavailability,1788430486.227000,35.000324,singleflight_waiting_requests,all,0
2026-09-03_10-14-11-226676_earlyRefresh,earlyRefresh,backend-unavailability,1788430487.227000,36.000324,singleflight_waiting_requests,all,0
2026-09-03_10-14-11-226676_earlyRefresh,earlyRefresh,backend-unavailability,1788430488.227000,37.000324,singleflight_waiting_requests,all,0
2026-09-03_10-14-11-226676_earlyRefresh,earlyRefresh,backend-unavailability,1788430489.227000,38.000324,singleflight_waiting_requests,all,0
2026-09-03_10-14-11-226676_earlyRefresh,earlyRefresh,backend-unavailability,1788430490.227000,39.000324,singleflight_waiting_requests,all,0
2026-09-03_10-14-11-226676_earlyRefresh,earlyRefresh,backend-unavailability,1788430491.227000,40.000324,singleflight_waiting_requests,all,0
2026-09-03_10-14-11-226676_earlyRefresh,earlyRefresh,backend-unavailability,1788430492.227000,41.000324,singleflight_waiting_requests,all,0
2026-09-03_10-14-11-226676_earlyRefresh,earlyRefresh,backend-unavailability,1788430493.227000,42.000324,singleflight_waiting_requests,all,0
2026-09-03_10-14-11-226676_earlyRefresh,earlyRefresh,backend-unavailability,1788430494.227000,43.000324,singleflight_waiting_requests,all,0
2026-09-03_10-14-11-226676_earlyRefresh,earlyRefresh,backend-unavailability,1788430495.227000,44.000324,singleflight_waiting_requests,all,0
2026-09-03_10-14-11-226676_earlyRefresh,earlyRefresh,backend-unavailability,1788430496.227000,45.000324,singleflight_waiting_requests,all,0
2026-09-03_10-14-11-226676_earlyRefresh,earlyRefresh,backend-unavailability,1788430497.227000,46.000324,singleflight_waiting_requests,all,0
2026-09-03_10-14-11-226676_earlyRefresh,earlyRefresh,backend-unavailability,1788430498.227000,47.000324,singleflight_waiting_requests,all,0
2026-09-03_10-14-11-226676_earlyRefresh,earlyRefresh,backend-unavailability,1788430499.227000,48.000324,singleflight_waiting_requests,all,0
2026-09-03_10-14-11-226676_earlyRefresh,earlyRefresh,backend-unavailability,1788430500.227000,49.000324,singleflight_waiting_requests,all,0
2026-09-03_10-14-11-226676_earlyRefresh,earlyRefresh,backend-unavailability,1788430501.227000,50.000324,singleflight_waiting_requests,all,0
2026-09-03_10-14-11-226676_earlyRefresh,earlyRefresh,backend-unavailability,1788430502.227000,51.000324,singleflight_waiting_requests,all,0
2026-09-03_10-14-11-226676_earlyRefresh,earlyRefresh,backend-unavailability,1788430503.227000,52.000324,singleflight_waiting_requests,all,0
2026-09-03_10-14-11-226676_earlyRefresh,earlyRefresh,backend-unavailability,1788430504.227000,53.000324,singleflight_waiting_requests,all,0
2026-09-03_10-14-11-226676_earlyRefresh,earlyRefresh,backend-unavailability,1788430505.227000,54.000324,singleflight_waiting_requests,all,0
2026-09-03_10-14-11-226676_earlyRefresh,earlyRefresh,backend-unavailability,1788430506.227000,55.000324,singleflight_waiting_requests,all,0
2026-09-03_10-14-11-226676_earlyRefresh,earlyRefresh,backend-unavailability,1788430507.227000,56.000324,singleflight_waiting_requests,all,0
2026-09-03_10-14-11-226676_earlyRefresh,earlyRefresh,backend-unavailability,1788430508.227000,57.000324,singleflight_waiting_requests,all,0
2026-09-03_10-14-11-226676_earlyRefresh,earlyRefresh,backend-unavailability,1788430509.227000,58.000324,singleflight_waiting_requests,all,0
2026-09-03_10-14-11-226676_earlyRefresh,earlyRefresh,backend-unavailability,1788430510.227000,59.000324,singleflight_waiting_requests,all,0
2026-09-03_10-14-11-226676_earlyRefresh,earlyRefresh,backend-unavailability,1788430511.227000,60.000324,singleflight_waiting_requests,all,0
2026-09-03_10-14-11-226676_earlyRefresh,earlyRefresh,backend-unavailability,1788430512.227000,61.000324,singleflight_waiting_requests,all,0
2026-09-03_10-14-11-226676_earlyRefresh,earlyRefresh,backend-unavailability,1788430513.227000,62.000324,singleflight_waiting_requests,all,0
2026-09-03_10-14-11-226676_earlyRefresh,earlyRefresh,backend-unavailability,1788430514.227000,63.000324,singleflight_waiting_requests,all,0
2026-09-03_10-14-11-226676_earlyRefresh,earlyRefresh,backend-unavailability,1788430515.227000,64.000324,singleflight_waiting_requests,all,0
2026-09-03_10-14-11-226676_earlyRefresh,earlyRefresh,backend-unavailability,1788430516.227000,65.000324,singleflight_waiting_requests,all,0
2026-09-03_10-14-11-226676_earlyRefresh,earlyRefresh,backend-unavailability,1788430517.227000,66.000324,singleflight_waiting_requests,all,0
2026-09-03_10-14-11-226676_earlyRefresh,earlyRefresh,backend-unavailability,1788430518.227000,67.000324,singleflight_waiting_requests,all,0
2026-09-03_10-14-11-226676_earlyRefresh,earlyRefresh,backend-unavailability,1788430519.227000,68.000324,singleflight_waiting_requests,all,0
2026-09-03_10-14-11-226676_earlyRefresh,earlyRefresh,backend-unavailability,1788430520.227000,69.000324,singleflight_waiting_requests,all,0
2026-09-03_10-14-11-226676_earlyRefresh,earlyRefresh,backend-unavailability,1788430521.227000,70.000324,singleflight_waiting_requests,all,0
2026-09-03_10-14-11-226676_earlyRefresh,earlyRefresh,backend-unavailability,1788430522.227000,71.000324,singleflight_waiting_requests,all,0
2026-09-03_10-14-11-226676_earlyRefresh,earlyRefresh,backend-unavailability,1788430523.227000,72.000324,singleflight_waiting_requests,all,0
2026-09-03_10-14-11-226676_earlyRefresh,earlyRefresh,backend-unavailability,1788430524.227000,73.000324,singleflight_waiting_requests,all,0
2026-09-03_10-14-11-226676_earlyRefresh,earlyRefresh,backend-unavailability,1788430525.227000,74.000324,singleflight_waiting_requests,all,0
2026-09-03_10-14-11-226676_earlyRefresh,earlyRefresh,backend-unavailability,1788430526.227000,75.000324,singleflight_waiting_requests,all,0
2026-09-03_10-14-11-226676_earlyRefresh,earlyRefresh,backend-unavailability,1788430527.227000,76.000324,singleflight_waiting_requests,all,0
2026-09-03_10-14-11-226676_earlyRefresh,earlyRefresh,backend-unavailability,1788430528.227000,77.000324,singleflight_waiting_requests,all,0
2026-09-03_10-14-11-226676_earlyRefresh,earlyRefresh,backend-unavailability,1788430529.227000,78.000324,singleflight_waiting_requests,all,0
2026-09-03_10-14-11-226676_earlyRefresh,earlyRefresh,backend-unavailability,1788430530.227000,79.000324,singleflight_waiting_requests,all,0
2026-09-03_10-14-11-226676_earlyRefresh,earlyRefresh,backend-unavailability,1788430531.227000,80.000324,singleflight_waiting_requests,all,0
2026-09-03_10-14-11-226676_earlyRefresh,earlyRefresh,backend-unavailability,1788430532.227000,81.000324,singleflight_waiting_requests,all,0
2026-09-03_10-14-11-226676_earlyRefresh,earlyRefresh,backend-unavailability,1788430533.227000,82.000324,singleflight_waiting_requests,all,0
2026-09-03_10-14-11-226676_earlyRefresh,earlyRefresh,backend-unavailability,1788430534.227000,83.000324,singleflight_waiting_requests,all,0
2026-09-03_10-14-11-226676_earlyRefresh,earlyRefresh,backend-unavailability,1788430535.227000,84.000324,singleflight_waiting_requests,all,0
2026-09-03_10-14-11-226676_earlyRefresh,earlyRefresh,backend-unavailability,1788430536.227000,85.000324,singleflight_waiting_requests,all,0
2026-09-03_10-14-11-226676_earlyRefresh,earlyRefresh,backend-unavailability,1788430537.227000,86.000324,singleflight_waiting_requests,all,0
2026-09-03_10-14-11-226676_earlyRefresh,earlyRefresh,backend-unavailability,1788430538.227000,87.000324,singleflight_waiting_requests,all,0
2026-09-03_10-14-11-226676_earlyRefresh,earlyRefresh,backend-unavailability,1788430539.227000,88.000324,singleflight_waiting_requests,all,0
2026-09-03_10-14-11-226676_earlyRefresh,earlyRefresh,backend-unavailability,1788430540.227000,89.000324,singleflight_waiting_requests,all,0
2026-09-03_10-14-11-226676_earlyRefresh,earlyRefresh,backend-unavailability,1788430541.227000,90.000324,singleflight_waiting_requests,all,0
2026-09-03_10-14-11-226676_earlyRefresh,earlyRefresh,backend-unavailability,1788430542.227000,91.000324,singleflight_waiting_requests,all,0
2026-09-03_10-14-11-226676_earlyRefresh,earlyRefresh,backend-unavailability,1788430543.227000,92.000324,singleflight_waiting_requests,all,0
2026-09-03_10-14-11-226676_earlyRefresh,earlyRefresh,backend-unavailability,1788430544.227000,93.000324,singleflight_waiting_requests,all,0
2026-09-03_10-14-11-226676_earlyRefresh,earlyRefresh,backend-unavailability,1788430545.227000,94.000324,singleflight_waiting_requests,all,0
2026-09-03_10-14-11-226676_earlyRefresh,earlyRefresh,backend-unavailability,1788430546.227000,95.000324,singleflight_waiting_requests,all,0
2026-09-03_10-14-11-226676_earlyRefresh,earlyRefresh,backend-unavailability,1788430547.227000,96.000324,singleflight_waiting_requests,all,0
2026-09-03_10-14-11-226676_earlyRefresh,earlyRefresh,backend-unavailability,1788430548.227000,97.000324,singleflight_waiting_requests,all,0
2026-09-03_10-14-11-226676_earlyRefresh,earlyRefresh,backend-unavailability,1788430549.227000,98.000324,singleflight_waiting_requests,all,0
2026-09-03_10-14-11-226676_earlyRefresh,earlyRefresh,backend-unavailability,1788430550.227000,99.000324,singleflight_waiting_requests,all,0
2026-09-03_10-14-11-226676_earlyRefresh,earlyRefresh,backend-unavailability,1788430551.227000,100.000324,singleflight_waiting_requests,all,0
2026-09-03_10-14-11-226676_earlyRefresh,earlyRefresh,backend-unavailability,1788430552.227000,101.000324,singleflight_waiting_requests,all,0
2026-09-03_10-14-11-226676_earlyRefresh,earlyRefresh,backend-unavailability,1788430553.227000,102.000324,singleflight_waiting_requests,all,0
2026-09-03_10-14-11-226676_earlyRefresh,earlyRefresh,backend-unavailability,1788430554.227000,103.000324,singleflight_waiting_requests,all,0
2026-09-03_10-14-11-226676_earlyRefresh,earlyRefresh,backend-unavailability,1788430555.227000,104.000324,singleflight_waiting_requests,all,0
2026-09-03_10-14-11-226676_earlyRefresh,earlyRefresh,backend-unavailability,1788430556.227000,105.000324,singleflight_waiting_requests,all,0
2026-09-03_10-14-11-226676_earlyRefresh,earlyRefresh,backend-unavailability,1788430557.227000,106.000324,singleflight_waiting_requests,all,0
2026-09-03_10-14-11-226676_earlyRefresh,earlyRefresh,backend-unavailability,1788430558.227000,107.000324,singleflight_waiting_requests,all,0
2026-09-03_10-14-11-226676_earlyRefresh,earlyRefresh,backend-unavailability,1788430474.227000,23.000324,faf_by_key,key=/api/backend/1,6
2026-09-03_10-14-11-226676_earlyRefresh,earlyRefresh,backend-unavailability,1788430475.227000,24.000324,faf_by_key,key=/api/backend/1,7.119924154025671
2026-09-03_10-14-11-226676_earlyRefresh,earlyRefresh,backend-unavailability,1788430476.227000,25.000324,faf_by_key,key=/api/backend/1,7.088503459677913
2026-09-03_10-14-11-226676_earlyRefresh,earlyRefresh,backend-unavailability,1788430477.227000,26.000324,faf_by_key,key=/api/backend/1,5.125140642580322
2026-09-03_10-14-11-226676_earlyRefresh,earlyRefresh,backend-unavailability,1788430478.227000,27.000324,faf_by_key,key=/api/backend/1,4
2026-09-03_10-14-11-226676_earlyRefresh,earlyRefresh,backend-unavailability,1788430479.227000,28.000324,faf_by_key,key=/api/backend/1,4
2026-09-03_10-14-11-226676_earlyRefresh,earlyRefresh,backend-unavailability,1788430480.227000,29.000324,faf_by_key,key=/api/backend/1,2.9999999999999996
2026-09-03_10-14-11-226676_earlyRefresh,earlyRefresh,backend-unavailability,1788430481.227000,30.000324,faf_by_key,key=/api/backend/1,3.500111123458162
2026-09-03_10-14-11-226676_earlyRefresh,earlyRefresh,backend-unavailability,1788430482.227000,31.000324,faf_by_key,key=/api/backend/1,3.5
2026-09-03_10-14-11-226676_earlyRefresh,earlyRefresh,backend-unavailability,1788430483.227000,32.000324,faf_by_key,key=/api/backend/1,4.000222271615915
2026-09-03_10-14-11-226676_earlyRefresh,earlyRefresh,backend-unavailability,1788430484.227000,33.000324,faf_by_key,key=/api/backend/1,3
2026-09-03_10-14-11-226676_earlyRefresh,earlyRefresh,backend-unavailability,1788430485.227000,34.000324,faf_by_key,key=/api/backend/1,3
2026-09-03_10-14-11-226676_earlyRefresh,earlyRefresh,backend-unavailability,1788430486.227000,35.000324,faf_by_key,key=/api/backend/1,3
2026-09-03_10-14-11-226676_earlyRefresh,earlyRefresh,backend-unavailability,1788430487.227000,36.000324,faf_by_key,key=/api/backend/1,3
2026-09-03_10-14-11-226676_earlyRefresh,earlyRefresh,backend-unavailability,1788430488.227000,37.000324,faf_by_key,key=/api/backend/1,3
2026-09-03_10-14-11-226676_earlyRefresh,earlyRefresh,backend-unavailability,1788430489.227000,38.000324,faf_by_key,key=/api/backend/1,4
2026-09-03_10-14-11-226676_earlyRefresh,earlyRefresh,backend-unavailability,1788430490.227000,39.000324,faf_by_key,key=/api/backend/1,3
2026-09-03_10-14-11-226676_earlyRefresh,earlyRefresh,backend-unavailability,1788430491.227000,40.000324,faf_by_key,key=/api/backend/1,4
2026-09-03_10-14-11-226676_earlyRefresh,earlyRefresh,backend-unavailability,1788430492.227000,41.000324,faf_by_key,key=/api/backend/1,5
2026-09-03_10-14-11-226676_earlyRefresh,earlyRefresh,backend-unavailability,1788430493.227000,42.000324,faf_by_key,key=/api/backend/1,5
2026-09-03_10-14-11-226676_earlyRefresh,earlyRefresh,backend-unavailability,1788430494.227000,43.000324,faf_by_key,key=/api/backend/1,5
2026-09-03_10-14-11-226676_earlyRefresh,earlyRefresh,backend-unavailability,1788430495.227000,44.000324,faf_by_key,key=/api/backend/1,6.999777802466393
2026-09-03_10-14-11-226676_earlyRefresh,earlyRefresh,backend-unavailability,1788430496.227000,45.000324,faf_by_key,key=/api/backend/1,7.000222246916324
2026-09-03_10-14-11-226676_earlyRefresh,earlyRefresh,backend-unavailability,1788430497.227000,46.000324,faf_by_key,key=/api/backend/1,3.9999444413578535
2026-09-03_10-14-11-226676_earlyRefresh,earlyRefresh,backend-unavailability,1788430498.227000,47.000324,faf_by_key,key=/api/backend/1,4.5
2026-09-03_10-14-11-226676_earlyRefresh,earlyRefresh,backend-unavailability,1788430499.227000,48.000324,faf_by_key,key=/api/backend/1,4.500027779321073
2026-09-03_10-14-11-226676_earlyRefresh,earlyRefresh,backend-unavailability,1788430500.227000,49.000324,faf_by_key,key=/api/backend/1,4
2026-09-03_10-14-11-226676_earlyRefresh,earlyRefresh,backend-unavailability,1788430501.227000,50.000324,faf_by_key,key=/api/backend/1,2
2026-09-03_10-14-11-226676_earlyRefresh,earlyRefresh,backend-unavailability,1788430502.227000,51.000324,faf_by_key,key=/api/backend/1,2
2026-09-03_10-14-11-226676_earlyRefresh,earlyRefresh,backend-unavailability,1788430503.227000,52.000324,faf_by_key,key=/api/backend/1,2
2026-09-03_10-14-11-226676_earlyRefresh,earlyRefresh,backend-unavailability,1788430504.227000,53.000324,faf_by_key,key=/api/backend/1,2
2026-09-03_10-14-11-226676_earlyRefresh,earlyRefresh,backend-unavailability,1788430505.227000,54.000324,faf_by_key,key=/api/backend/1,2
2026-09-03_10-14-11-226676_earlyRefresh,earlyRefresh,backend-unavailability,1788430513.227000,62.000324,faf_by_key,key=/api/backend/1,4.999999999999999
2026-09-03_10-14-11-226676_earlyRefresh,earlyRefresh,backend-unavailability,1788430514.227000,63.000324,faf_by_key,key=/api/backend/1,11
2026-09-03_10-14-11-226676_earlyRefresh,earlyRefresh,backend-unavailability,1788430515.227000,64.000324,faf_by_key,key=/api/backend/1,23.998777641960217
2026-09-03_10-14-11-226676_earlyRefresh,earlyRefresh,backend-unavailability,1788430516.227000,65.000324,faf_by_key,key=/api/backend/1,31.001667037119358
2026-09-03_10-14-11-226676_earlyRefresh,earlyRefresh,backend-unavailability,1788430517.227000,66.000324,faf_by_key,key=/api/backend/1,23.499999999999996
2026-09-03_10-14-11-226676_earlyRefresh,earlyRefresh,backend-unavailability,1788430518.227000,67.000324,faf_by_key,key=/api/backend/1,26.500194455247517
2026-09-03_10-14-11-226676_earlyRefresh,earlyRefresh,backend-unavailability,1788430519.227000,68.000324,faf_by_key,key=/api/backend/1,32.49999999999999
2026-09-03_10-14-11-226676_earlyRefresh,earlyRefresh,backend-unavailability,1788430520.227000,69.000324,faf_by_key,key=/api/backend/1,25.332604830345232
2026-09-03_10-14-11-226676_earlyRefresh,earlyRefresh,backend-unavailability,1788430521.227000,70.000324,faf_by_key,key=/api/backend/1,28.666666666666668
2026-09-03_10-14-11-226676_earlyRefresh,earlyRefresh,backend-unavailability,1788430522.227000,71.000324,faf_by_key,key=/api/backend/1,44.5
2026-09-03_10-14-11-226676_earlyRefresh,earlyRefresh,backend-unavailability,1788430523.227000,72.000324,faf_by_key,key=/api/backend/1,46.49999999999999
2026-09-03_10-14-11-226676_earlyRefresh,earlyRefresh,backend-unavailability,1788430524.227000,73.000324,faf_by_key,key=/api/backend/1,31.66666666666667
2026-09-03_10-14-11-226676_earlyRefresh,earlyRefresh,backend-unavailability,1788430525.227000,74.000324,faf_by_key,key=/api/backend/1,32.33548148148148
2026-09-03_10-14-11-226676_earlyRefresh,earlyRefresh,backend-unavailability,1788430526.227000,75.000324,faf_by_key,key=/api/backend/1,46.5
2026-09-03_10-14-11-226676_earlyRefresh,earlyRefresh,backend-unavailability,1788430527.227000,76.000324,faf_by_key,key=/api/backend/1,34.33230860402237
2026-09-03_10-14-11-226676_earlyRefresh,earlyRefresh,backend-unavailability,1788430528.227000,77.000324,faf_by_key,key=/api/backend/1,33
2026-09-03_10-14-11-226676_earlyRefresh,earlyRefresh,backend-unavailability,1788430529.227000,78.000324,faf_by_key,key=/api/backend/1,47.50019445524752
2026-09-03_10-14-11-226676_earlyRefresh,earlyRefresh,backend-unavailability,1788430530.227000,79.000324,faf_by_key,key=/api/backend/1,48.49980556635742
2026-09-03_10-14-11-226676_earlyRefresh,earlyRefresh,backend-unavailability,1788430531.227000,80.000324,faf_by_key,key=/api/backend/1,34.66666666666667
2026-09-03_10-14-11-226676_earlyRefresh,earlyRefresh,backend-unavailability,1788430532.227000,81.000324,faf_by_key,key=/api/backend/1,33.33383948742639
2026-09-03_10-14-11-226676_earlyRefresh,earlyRefresh,backend-unavailability,1788430533.227000,82.000324,faf_by_key,key=/api/backend/1,46
2026-09-03_10-14-11-226676_earlyRefresh,earlyRefresh,backend-unavailability,1788430534.227000,83.000324,faf_by_key,key=/api/backend/1,30.001592769566983
2026-09-03_10-14-11-226676_earlyRefresh,earlyRefresh,backend-unavailability,1788430535.227000,84.000324,faf_by_key,key=/api/backend/1,29
2026-09-03_10-14-11-226676_earlyRefresh,earlyRefresh,backend-unavailability,1788430536.227000,85.000324,faf_by_key,key=/api/backend/1,40
2026-09-03_10-14-11-226676_earlyRefresh,earlyRefresh,backend-unavailability,1788430537.227000,86.000324,faf_by_key,key=/api/backend/1,39.49999999999999
2026-09-03_10-14-11-226676_earlyRefresh,earlyRefresh,backend-unavailability,1788430538.227000,87.000324,faf_by_key,key=/api/backend/1,26
2026-09-03_10-14-11-226676_earlyRefresh,earlyRefresh,backend-unavailability,1788430539.227000,88.000324,faf_by_key,key=/api/backend/1,25.332975295381313
2026-09-03_10-14-11-226676_earlyRefresh,earlyRefresh,backend-unavailability,1788430540.227000,89.000324,faf_by_key,key=/api/backend/1,35
2026-09-03_10-14-11-226676_earlyRefresh,earlyRefresh,backend-unavailability,1788430541.227000,90.000324,faf_by_key,key=/api/backend/1,36
2026-09-03_10-14-11-226676_earlyRefresh,earlyRefresh,backend-unavailability,1788430542.227000,91.000324,faf_by_key,key=/api/backend/1,25.332938256972483
2026-09-03_10-14-11-226676_earlyRefresh,earlyRefresh,backend-unavailability,1788430543.227000,92.000324,faf_by_key,key=/api/backend/1,38.49999999999999
2026-09-03_10-14-11-226676_earlyRefresh,earlyRefresh,backend-unavailability,1788430544.227000,93.000324,faf_by_key,key=/api/backend/1,36
2026-09-03_10-14-11-226676_earlyRefresh,earlyRefresh,backend-unavailability,1788430545.227000,94.000324,faf_by_key,key=/api/backend/1,22.999999999999996
2026-09-03_10-14-11-226676_earlyRefresh,earlyRefresh,backend-unavailability,1788430546.227000,95.000324,faf_by_key,key=/api/backend/1,22.33333333333333
2026-09-03_10-14-11-226676_earlyRefresh,earlyRefresh,backend-unavailability,1788430547.227000,96.000324,faf_by_key,key=/api/backend/1,34.50025001388966
2026-09-03_10-14-11-226676_earlyRefresh,earlyRefresh,backend-unavailability,1788430548.227000,97.000324,faf_by_key,key=/api/backend/1,32.99999999999999
2026-09-03_10-14-11-226676_earlyRefresh,earlyRefresh,backend-unavailability,1788430549.227000,98.000324,faf_by_key,key=/api/backend/1,21.66666666666667
2026-09-03_10-14-11-226676_earlyRefresh,earlyRefresh,backend-unavailability,1788430550.227000,99.000324,faf_by_key,key=/api/backend/1,21.666666666666664
2026-09-03_10-14-11-226676_earlyRefresh,earlyRefresh,backend-unavailability,1788430551.227000,100.000324,faf_by_key,key=/api/backend/1,32.00000000000001
2026-09-03_10-14-11-226676_earlyRefresh,earlyRefresh,backend-unavailability,1788430552.227000,101.000324,faf_by_key,key=/api/backend/1,31.5
2026-09-03_10-14-11-226676_earlyRefresh,earlyRefresh,backend-unavailability,1788430553.227000,102.000324,faf_by_key,key=/api/backend/1,22.666666666666668
2026-09-03_10-14-11-226676_earlyRefresh,earlyRefresh,backend-unavailability,1788430554.227000,103.000324,faf_by_key,key=/api/backend/1,37
2026-09-03_10-14-11-226676_earlyRefresh,earlyRefresh,backend-unavailability,1788430555.227000,104.000324,faf_by_key,key=/api/backend/1,40.499916662036775
2026-09-03_10-14-11-226676_earlyRefresh,earlyRefresh,backend-unavailability,1788430556.227000,105.000324,faf_by_key,key=/api/backend/1,41
2026-09-03_10-14-11-226676_earlyRefresh,earlyRefresh,backend-unavailability,1788430557.227000,106.000324,faf_by_key,key=/api/backend/1,26.99940738545872
2026-09-03_10-14-11-226676_earlyRefresh,earlyRefresh,backend-unavailability,1788430558.227000,107.000324,faf_by_key,key=/api/backend/1,37.5
2026-09-03_10-14-11-226676_earlyRefresh,earlyRefresh,backend-unavailability,1788430477.227000,26.000324,faf_by_key,key=/api/backend/2,3
2026-09-03_10-14-11-226676_earlyRefresh,earlyRefresh,backend-unavailability,1788430478.227000,27.000324,faf_by_key,key=/api/backend/2,3
2026-09-03_10-14-11-226676_earlyRefresh,earlyRefresh,backend-unavailability,1788430479.227000,28.000324,faf_by_key,key=/api/backend/2,3
2026-09-03_10-14-11-226676_earlyRefresh,earlyRefresh,backend-unavailability,1788430480.227000,29.000324,faf_by_key,key=/api/backend/2,3
2026-09-03_10-14-11-226676_earlyRefresh,earlyRefresh,backend-unavailability,1788430481.227000,30.000324,faf_by_key,key=/api/backend/2,2
2026-09-03_10-14-11-226676_earlyRefresh,earlyRefresh,backend-unavailability,1788430482.227000,31.000324,faf_by_key,key=/api/backend/2,2
2026-09-03_10-14-11-226676_earlyRefresh,earlyRefresh,backend-unavailability,1788430483.227000,32.000324,faf_by_key,key=/api/backend/2,2
2026-09-03_10-14-11-226676_earlyRefresh,earlyRefresh,backend-unavailability,1788430484.227000,33.000324,faf_by_key,key=/api/backend/2,2
2026-09-03_10-14-11-226676_earlyRefresh,earlyRefresh,backend-unavailability,1788430485.227000,34.000324,faf_by_key,key=/api/backend/2,2
2026-09-03_10-14-11-226676_earlyRefresh,earlyRefresh,backend-unavailability,1788430486.227000,35.000324,faf_by_key,key=/api/backend/2,1
2026-09-03_10-14-11-226676_earlyRefresh,earlyRefresh,backend-unavailability,1788430487.227000,36.000324,faf_by_key,key=/api/backend/2,1
2026-09-03_10-14-11-226676_earlyRefresh,earlyRefresh,backend-unavailability,1788430488.227000,37.000324,faf_by_key,key=/api/backend/2,1
2026-09-03_10-14-11-226676_earlyRefresh,earlyRefresh,backend-unavailability,1788430489.227000,38.000324,faf_by_key,key=/api/backend/2,1
2026-09-03_10-14-11-226676_earlyRefresh,earlyRefresh,backend-unavailability,1788430490.227000,39.000324,faf_by_key,key=/api/backend/2,2
2026-09-03_10-14-11-226676_earlyRefresh,earlyRefresh,backend-unavailability,1788430491.227000,40.000324,faf_by_key,key=/api/backend/2,4
2026-09-03_10-14-11-226676_earlyRefresh,earlyRefresh,backend-unavailability,1788430492.227000,41.000324,faf_by_key,key=/api/backend/2,4
2026-09-03_10-14-11-226676_earlyRefresh,earlyRefresh,backend-unavailability,1788430493.227000,42.000324,faf_by_key,key=/api/backend/2,4
2026-09-03_10-14-11-226676_earlyRefresh,earlyRefresh,backend-unavailability,1788430494.227000,43.000324,faf_by_key,key=/api/backend/2,4
2026-09-03_10-14-11-226676_earlyRefresh,earlyRefresh,backend-unavailability,1788430495.227000,44.000324,faf_by_key,key=/api/backend/2,4
2026-09-03_10-14-11-226676_earlyRefresh,earlyRefresh,backend-unavailability,1788430496.227000,45.000324,faf_by_key,key=/api/backend/2,4.499972220678926
2026-09-03_10-14-11-226676_earlyRefresh,earlyRefresh,backend-unavailability,1788430497.227000,46.000324,faf_by_key,key=/api/backend/2,4.499972220678926
2026-09-03_10-14-11-226676_earlyRefresh,earlyRefresh,backend-unavailability,1788430498.227000,47.000324,faf_by_key,key=/api/backend/2,4.5
2026-09-03_10-14-11-226676_earlyRefresh,earlyRefresh,backend-unavailability,1788430499.227000,48.000324,faf_by_key,key=/api/backend/2,6.999777777777778
2026-09-03_10-14-11-226676_earlyRefresh,earlyRefresh,backend-unavailability,1788430500.227000,49.000324,faf_by_key,key=/api/backend/2,5
2026-09-03_10-14-11-226676_earlyRefresh,earlyRefresh,backend-unavailability,1788430501.227000,50.000324,faf_by_key,key=/api/backend/2,5
2026-09-03_10-14-11-226676_earlyRefresh,earlyRefresh,backend-unavailability,1788430502.227000,51.000324,faf_by_key,key=/api/backend/2,5
2026-09-03_10-14-11-226676_earlyRefresh,earlyRefresh,backend-unavailability,1788430503.227000,52.000324,faf_by_key,key=/api/backend/2,5
2026-09-03_10-14-11-226676_earlyRefresh,earlyRefresh,backend-unavailability,1788430512.227000,61.000324,faf_by_key,key=/api/backend/2,10.000333370374486
2026-09-03_10-14-11-226676_earlyRefresh,earlyRefresh,backend-unavailability,1788430513.227000,62.000324,faf_by_key,key=/api/backend/2,16
2026-09-03_10-14-11-226676_earlyRefresh,earlyRefresh,backend-unavailability,1788430514.227000,63.000324,faf_by_key,key=/api/backend/2,21.000000000000004
2026-09-03_10-14-11-226676_earlyRefresh,earlyRefresh,backend-unavailability,1788430515.227000,64.000324,faf_by_key,key=/api/backend/2,14.000777950655703
2026-09-03_10-14-11-226676_earlyRefresh,earlyRefresh,backend-unavailability,1788430516.227000,65.000324,faf_by_key,key=/api/backend/2,15.999111012334703
2026-09-03_10-14-11-226676_earlyRefresh,earlyRefresh,backend-unavailability,1788430517.227000,66.000324,faf_by_key,key=/api/backend/2,18
2026-09-03_10-14-11-226676_earlyRefresh,earlyRefresh,backend-unavailability,1788430518.227000,67.000324,faf_by_key,key=/api/backend/2,22.00122235803978
2026-09-03_10-14-11-226676_earlyRefresh,earlyRefresh,backend-unavailability,1788430519.227000,68.000324,faf_by_key,key=/api/backend/2,16
2026-09-03_10-14-11-226676_earlyRefresh,earlyRefresh,backend-unavailability,1788430520.227000,69.000324,faf_by_key,key=/api/backend/2,16.66574063784865
2026-09-03_10-14-11-226676_earlyRefresh,earlyRefresh,backend-unavailability,1788430521.227000,70.000324,faf_by_key,key=/api/backend/2,24.5
2026-09-03_10-14-11-226676_earlyRefresh,earlyRefresh,backend-unavailability,1788430522.227000,71.000324,faf_by_key,key=/api/backend/2,22.5
2026-09-03_10-14-11-226676_earlyRefresh,earlyRefresh,backend-unavailability,1788430523.227000,72.000324,faf_by_key,key=/api/backend/2,15.333333333333334
2026-09-03_10-14-11-226676_earlyRefresh,earlyRefresh,backend-unavailability,1788430524.227000,73.000324,faf_by_key,key=/api/backend/2,20.5
2026-09-03_10-14-11-226676_earlyRefresh,earlyRefresh,backend-unavailability,1788430525.227000,74.000324,faf_by_key,key=/api/backend/2,20
2026-09-03_10-14-11-226676_earlyRefresh,earlyRefresh,backend-unavailability,1788430526.227000,75.000324,faf_by_key,key=/api/backend/2,20.5
2026-09-03_10-14-11-226676_earlyRefresh,earlyRefresh,backend-unavailability,1788430527.227000,76.000324,faf_by_key,key=/api/backend/2,13.3330864106078
2026-09-03_10-14-11-226676_earlyRefresh,earlyRefresh,backend-unavailability,1788430528.227000,77.000324,faf_by_key,key=/api/backend/2,21
2026-09-03_10-14-11-226676_earlyRefresh,earlyRefresh,backend-unavailability,1788430529.227000,78.000324,faf_by_key,key=/api/backend/2,23.000055558642146
2026-09-03_10-14-11-226676_earlyRefresh,earlyRefresh,backend-unavailability,1788430530.227000,79.000324,faf_by_key,key=/api/backend/2,14.333012369454114
2026-09-03_10-14-11-226676_earlyRefresh,earlyRefresh,backend-unavailability,1788430531.227000,80.000324,faf_by_key,key=/api/backend/2,16
2026-09-03_10-14-11-226676_earlyRefresh,earlyRefresh,backend-unavailability,1788430532.227000,81.000324,faf_by_key,key=/api/backend/2,21.998666814798355
2026-09-03_10-14-11-226676_earlyRefresh,earlyRefresh,backend-unavailability,1788430533.227000,82.000324,faf_by_key,key=/api/backend/2,22.5
2026-09-03_10-14-11-226676_earlyRefresh,earlyRefresh,backend-unavailability,1788430534.227000,83.000324,faf_by_key,key=/api/backend/2,15.665814814814818
2026-09-03_10-14-11-226676_earlyRefresh,earlyRefresh,backend-unavailability,1788430535.227000,84.000324,faf_by_key,key=/api/backend/2,15.333333333333334
2026-09-03_10-14-11-226676_earlyRefresh,earlyRefresh,backend-unavailability,1788430536.227000,85.000324,faf_by_key,key=/api/backend/2,22.5
2026-09-03_10-14-11-226676_earlyRefresh,earlyRefresh,backend-unavailability,1788430537.227000,86.000324,faf_by_key,key=/api/backend/2,13.666666666666666
2026-09-03_10-14-11-226676_earlyRefresh,earlyRefresh,backend-unavailability,1788430538.227000,87.000324,faf_by_key,key=/api/backend/2,13.333333333333332
2026-09-03_10-14-11-226676_earlyRefresh,earlyRefresh,backend-unavailability,1788430539.227000,88.000324,faf_by_key,key=/api/backend/2,19.500250013889662
2026-09-03_10-14-11-226676_earlyRefresh,earlyRefresh,backend-unavailability,1788430540.227000,89.000324,faf_by_key,key=/api/backend/2,20
2026-09-03_10-14-11-226676_earlyRefresh,earlyRefresh,backend-unavailability,1788430541.227000,90.000324,faf_by_key,key=/api/backend/2,14.666666666666664
2026-09-03_10-14-11-226676_earlyRefresh,earlyRefresh,backend-unavailability,1788430542.227000,91.000324,faf_by_key,key=/api/backend/2,16.000111119342172
2026-09-03_10-14-11-226676_earlyRefresh,earlyRefresh,backend-unavailability,1788430543.227000,92.000324,faf_by_key,key=/api/backend/2,23.000000000000004
2026-09-03_10-14-11-226676_earlyRefresh,earlyRefresh,backend-unavailability,1788430544.227000,93.000324,faf_by_key,key=/api/backend/2,22.500000000000004
2026-09-03_10-14-11-226676_earlyRefresh,earlyRefresh,backend-unavailability,1788430545.227000,94.000324,faf_by_key,key=/api/backend/2,15.000000000000002
2026-09-03_10-14-11-226676_earlyRefresh,earlyRefresh,backend-unavailability,1788430546.227000,95.000324,faf_by_key,key=/api/backend/2,24
2026-09-03_10-14-11-226676_earlyRefresh,earlyRefresh,backend-unavailability,1788430547.227000,96.000324,faf_by_key,key=/api/backend/2,24.99983332407356
2026-09-03_10-14-11-226676_earlyRefresh,earlyRefresh,backend-unavailability,1788430548.227000,97.000324,faf_by_key,key=/api/backend/2,23.5
2026-09-03_10-14-11-226676_earlyRefresh,earlyRefresh,backend-unavailability,1788430549.227000,98.000324,faf_by_key,key=/api/backend/2,15.666666666666664
2026-09-03_10-14-11-226676_earlyRefresh,earlyRefresh,backend-unavailability,1788430550.227000,99.000324,faf_by_key,key=/api/backend/2,23.5
2026-09-03_10-14-11-226676_earlyRefresh,earlyRefresh,backend-unavailability,1788430551.227000,100.000324,faf_by_key,key=/api/backend/2,22
2026-09-03_10-14-11-226676_earlyRefresh,earlyRefresh,backend-unavailability,1788430552.227000,101.000324,faf_by_key,key=/api/backend/2,14.666666666666668
2026-09-03_10-14-11-226676_earlyRefresh,earlyRefresh,backend-unavailability,1788430553.227000,102.000324,faf_by_key,key=/api/backend/2,15
2026-09-03_10-14-11-226676_earlyRefresh,earlyRefresh,backend-unavailability,1788430554.227000,103.000324,faf_by_key,key=/api/backend/2,24
2026-09-03_10-14-11-226676_earlyRefresh,earlyRefresh,backend-unavailability,1788430555.227000,104.000324,faf_by_key,key=/api/backend/2,22.501222358039783
2026-09-03_10-14-11-226676_earlyRefresh,earlyRefresh,backend-unavailability,1788430556.227000,105.000324,faf_by_key,key=/api/backend/2,14.333333333333332
2026-09-03_10-14-11-226676_earlyRefresh,earlyRefresh,backend-unavailability,1788430557.227000,106.000324,faf_by_key,key=/api/backend/2,15.334074156387747
2026-09-03_10-14-11-226676_earlyRefresh,earlyRefresh,backend-unavailability,1788430558.227000,107.000324,faf_by_key,key=/api/backend/2,19.499999999999996
2026-09-03_10-14-11-226676_earlyRefresh,earlyRefresh,backend-unavailability,1788430469.227000,18.000324,faf_by_key,key=/api/backend/3,1
2026-09-03_10-14-11-226676_earlyRefresh,earlyRefresh,backend-unavailability,1788430470.227000,19.000324,faf_by_key,key=/api/backend/3,2
2026-09-03_10-14-11-226676_earlyRefresh,earlyRefresh,backend-unavailability,1788430471.227000,20.000324,faf_by_key,key=/api/backend/3,2
2026-09-03_10-14-11-226676_earlyRefresh,earlyRefresh,backend-unavailability,1788430472.227000,21.000324,faf_by_key,key=/api/backend/3,2
2026-09-03_10-14-11-226676_earlyRefresh,earlyRefresh,backend-unavailability,1788430473.227000,22.000324,faf_by_key,key=/api/backend/3,2
2026-09-03_10-14-11-226676_earlyRefresh,earlyRefresh,backend-unavailability,1788430474.227000,23.000324,faf_by_key,key=/api/backend/3,2
2026-09-03_10-14-11-226676_earlyRefresh,earlyRefresh,backend-unavailability,1788430475.227000,24.000324,faf_by_key,key=/api/backend/3,2
2026-09-03_10-14-11-226676_earlyRefresh,earlyRefresh,backend-unavailability,1788430476.227000,25.000324,faf_by_key,key=/api/backend/3,2
2026-09-03_10-14-11-226676_earlyRefresh,earlyRefresh,backend-unavailability,1788430477.227000,26.000324,faf_by_key,key=/api/backend/3,2
2026-09-03_10-14-11-226676_earlyRefresh,earlyRefresh,backend-unavailability,1788430478.227000,27.000324,faf_by_key,key=/api/backend/3,3
2026-09-03_10-14-11-226676_earlyRefresh,earlyRefresh,backend-unavailability,1788430479.227000,28.000324,faf_by_key,key=/api/backend/3,2
2026-09-03_10-14-11-226676_earlyRefresh,earlyRefresh,backend-unavailability,1788430480.227000,29.000324,faf_by_key,key=/api/backend/3,2
2026-09-03_10-14-11-226676_earlyRefresh,earlyRefresh,backend-unavailability,1788430481.227000,30.000324,faf_by_key,key=/api/backend/3,2
2026-09-03_10-14-11-226676_earlyRefresh,earlyRefresh,backend-unavailability,1788430482.227000,31.000324,faf_by_key,key=/api/backend/3,2
2026-09-03_10-14-11-226676_earlyRefresh,earlyRefresh,backend-unavailability,1788430483.227000,32.000324,faf_by_key,key=/api/backend/3,4
2026-09-03_10-14-11-226676_earlyRefresh,earlyRefresh,backend-unavailability,1788430484.227000,33.000324,faf_by_key,key=/api/backend/3,5
2026-09-03_10-14-11-226676_earlyRefresh,earlyRefresh,backend-unavailability,1788430487.227000,36.000324,faf_by_key,key=/api/backend/3,3.53147509303717
2026-09-03_10-14-11-226676_earlyRefresh,earlyRefresh,backend-unavailability,1788430488.227000,37.000324,faf_by_key,key=/api/backend/3,3.6595345576536813
2026-09-03_10-14-11-226676_earlyRefresh,earlyRefresh,backend-unavailability,1788430489.227000,38.000324,faf_by_key,key=/api/backend/3,3.75235182616372
2026-09-03_10-14-11-226676_earlyRefresh,earlyRefresh,backend-unavailability,1788430490.227000,39.000324,faf_by_key,key=/api/backend/3,4.764125587038912
2026-09-03_10-14-11-226676_earlyRefresh,earlyRefresh,backend-unavailability,1788430491.227000,40.000324,faf_by_key,key=/api/backend/3,4.836765023344473
2026-09-03_10-14-11-226676_earlyRefresh,earlyRefresh,backend-unavailability,1788430492.227000,41.000324,faf_by_key,key=/api/backend/3,2.999555604932785
2026-09-03_10-14-11-226676_earlyRefresh,earlyRefresh,backend-unavailability,1788430493.227000,42.000324,faf_by_key,key=/api/backend/3,2
2026-09-03_10-14-11-226676_earlyRefresh,earlyRefresh,backend-unavailability,1788430494.227000,43.000324,faf_by_key,key=/api/backend/3,1.9998889012331962
2026-09-03_10-14-11-226676_earlyRefresh,earlyRefresh,backend-unavailability,1788430495.227000,44.000324,faf_by_key,key=/api/backend/3,1.9998889012331962
2026-09-03_10-14-11-226676_earlyRefresh,earlyRefresh,backend-unavailability,1788430498.227000,47.000324,faf_by_key,key=/api/backend/3,3
2026-09-03_10-14-11-226676_earlyRefresh,earlyRefresh,backend-unavailability,1788430499.227000,48.000324,faf_by_key,key=/api/backend/3,3.000111123458162
2026-09-03_10-14-11-226676_earlyRefresh,earlyRefresh,backend-unavailability,1788430500.227000,49.000324,faf_by_key,key=/api/backend/3,5
2026-09-03_10-14-11-226676_earlyRefresh,earlyRefresh,backend-unavailability,1788430501.227000,50.000324,faf_by_key,key=/api/backend/3,9
2026-09-03_10-14-11-226676_earlyRefresh,earlyRefresh,backend-unavailability,1788430502.227000,51.000324,faf_by_key,key=/api/backend/3,8.500222246916325
2026-09-03_10-14-11-226676_earlyRefresh,earlyRefresh,backend-unavailability,1788430503.227000,52.000324,faf_by_key,key=/api/backend/3,11.499222308632374
2026-09-03_10-14-11-226676_earlyRefresh,earlyRefresh,backend-unavailability,1788430504.227000,53.000324,faf_by_key,key=/api/backend/3,14.499500055549383
2026-09-03_10-14-11-226676_earlyRefresh,earlyRefresh,backend-unavailability,1788430505.227000,54.000324,faf_by_key,key=/api/backend/3,11
2026-09-03_10-14-11-226676_earlyRefresh,earlyRefresh,backend-unavailability,1788430506.227000,55.000324,faf_by_key,key=/api/backend/3,13.333333333333334
2026-09-03_10-14-11-226676_earlyRefresh,earlyRefresh,backend-unavailability,1788430507.227000,56.000324,faf_by_key,key=/api/backend/3,23.999500027776236
2026-09-03_10-14-11-226676_earlyRefresh,earlyRefresh,backend-unavailability,1788430508.227000,57.000324,faf_by_key,key=/api/backend/3,25.5
2026-09-03_10-14-11-226676_earlyRefresh,earlyRefresh,backend-unavailability,1788430509.227000,58.000324,faf_by_key,key=/api/backend/3,17.333345679469613
2026-09-03_10-14-11-226676_earlyRefresh,earlyRefresh,backend-unavailability,1788430510.227000,59.000324,faf_by_key,key=/api/backend/3,18.66665432053039
2026-09-03_10-14-11-226676_earlyRefresh,earlyRefresh,backend-unavailability,1788430511.227000,60.000324,faf_by_key,key=/api/backend/3,25
2026-09-03_10-14-11-226676_earlyRefresh,earlyRefresh,backend-unavailability,1788430512.227000,61.000324,faf_by_key,key=/api/backend/3,21.99966664814712
2026-09-03_10-14-11-226676_earlyRefresh,earlyRefresh,backend-unavailability,1788430513.227000,62.000324,faf_by_key,key=/api/backend/3,19
2026-09-03_10-14-11-226676_earlyRefresh,earlyRefresh,backend-unavailability,1788430514.227000,63.000324,faf_by_key,key=/api/backend/3,33.99999999999999
2026-09-03_10-14-11-226676_earlyRefresh,earlyRefresh,backend-unavailability,1788430515.227000,64.000324,faf_by_key,key=/api/backend/3,27.000889086463662
2026-09-03_10-14-11-226676_earlyRefresh,earlyRefresh,backend-unavailability,1788430516.227000,65.000324,faf_by_key,key=/api/backend/3,16.999222135792866
2026-09-03_10-14-11-226676_earlyRefresh,earlyRefresh,backend-unavailability,1788430517.227000,66.000324,faf_by_key,key=/api/backend/3,13
2026-09-03_10-14-11-226676_earlyRefresh,earlyRefresh,backend-unavailability,1788430527.227000,76.000324,faf_by_key,key=/api/backend/3,4.000333370374485
2026-09-03_10-14-11-226676_earlyRefresh,earlyRefresh,backend-unavailability,1788430528.227000,77.000324,faf_by_key,key=/api/backend/3,8
2026-09-03_10-14-11-226676_earlyRefresh,earlyRefresh,backend-unavailability,1788430529.227000,78.000324,faf_by_key,key=/api/backend/3,11.999333333333334
2026-09-03_10-14-11-226676_earlyRefresh,earlyRefresh,backend-unavailability,1788430530.227000,79.000324,faf_by_key,key=/api/backend/3,13.000666666666666
2026-09-03_10-14-11-226676_earlyRefresh,earlyRefresh,backend-unavailability,1788430531.227000,80.000324,faf_by_key,key=/api/backend/3,7
2026-09-03_10-14-11-226676_earlyRefresh,earlyRefresh,backend-unavailability,1788430532.227000,81.000324,faf_by_key,key=/api/backend/3,7.499972223765348
2026-09-03_10-14-11-226676_earlyRefresh,earlyRefresh,backend-unavailability,1788430533.227000,82.000324,faf_by_key,key=/api/backend/3,8.5
2026-09-03_10-14-11-226676_earlyRefresh,earlyRefresh,backend-unavailability,1788430534.227000,83.000324,faf_by_key,key=/api/backend/3,10.499861103394634
2026-09-03_10-14-11-226676_earlyRefresh,earlyRefresh,backend-unavailability,1788430535.227000,84.000324,faf_by_key,key=/api/backend/3,7.333333333333332
2026-09-03_10-14-11-226676_earlyRefresh,earlyRefresh,backend-unavailability,1788430536.227000,85.000324,faf_by_key,key=/api/backend/3,9.5
2026-09-03_10-14-11-226676_earlyRefresh,earlyRefresh,backend-unavailability,1788430537.227000,86.000324,faf_by_key,key=/api/backend/3,9.500000000000002
2026-09-03_10-14-11-226676_earlyRefresh,earlyRefresh,backend-unavailability,1788430538.227000,87.000324,faf_by_key,key=/api/backend/3,7.5
2026-09-03_10-14-11-226676_earlyRefresh,earlyRefresh,backend-unavailability,1788430539.227000,88.000324,faf_by_key,key=/api/backend/3,6.333666703707818
2026-09-03_10-14-11-226676_earlyRefresh,earlyRefresh,backend-unavailability,1788430540.227000,89.000324,faf_by_key,key=/api/backend/3,10.999999999999998
2026-09-03_10-14-11-226676_earlyRefresh,earlyRefresh,backend-unavailability,1788430541.227000,90.000324,faf_by_key,key=/api/backend/3,12
2026-09-03_10-14-11-226676_earlyRefresh,earlyRefresh,backend-unavailability,1788430542.227000,91.000324,faf_by_key,key=/api/backend/3,9.332851851851853
2026-09-03_10-14-11-226676_earlyRefresh,earlyRefresh,backend-unavailability,1788430543.227000,92.000324,faf_by_key,key=/api/backend/3,8.666666666666666
2026-09-03_10-14-11-226676_earlyRefresh,earlyRefresh,backend-unavailability,1788430544.227000,93.000324,faf_by_key,key=/api/backend/3,16.5
2026-09-03_10-14-11-226676_earlyRefresh,earlyRefresh,backend-unavailability,1788430545.227000,94.000324,faf_by_key,key=/api/backend/3,17.5
2026-09-03_10-14-11-226676_earlyRefresh,earlyRefresh,backend-unavailability,1788430546.227000,95.000324,faf_by_key,key=/api/backend/3,15.5
2026-09-03_10-14-11-226676_earlyRefresh,earlyRefresh,backend-unavailability,1788430547.227000,96.000324,faf_by_key,key=/api/backend/3,10.99970369272936
2026-09-03_10-14-11-226676_earlyRefresh,earlyRefresh,backend-unavailability,1788430548.227000,97.000324,faf_by_key,key=/api/backend/3,16
2026-09-03_10-14-11-226676_earlyRefresh,earlyRefresh,backend-unavailability,1788430549.227000,98.000324,faf_by_key,key=/api/backend/3,16.499999999999996
2026-09-03_10-14-11-226676_earlyRefresh,earlyRefresh,backend-unavailability,1788430550.227000,99.000324,faf_by_key,key=/api/backend/3,11.000000000000002
2026-09-03_10-14-11-226676_earlyRefresh,earlyRefresh,backend-unavailability,1788430551.227000,100.000324,faf_by_key,key=/api/backend/3,15.500000000000004
2026-09-03_10-14-11-226676_earlyRefresh,earlyRefresh,backend-unavailability,1788430552.227000,101.000324,faf_by_key,key=/api/backend/3,16
2026-09-03_10-14-11-226676_earlyRefresh,earlyRefresh,backend-unavailability,1788430553.227000,102.000324,faf_by_key,key=/api/backend/3,15
2026-09-03_10-14-11-226676_earlyRefresh,earlyRefresh,backend-unavailability,1788430554.227000,103.000324,faf_by_key,key=/api/backend/3,10
2026-09-03_10-14-11-226676_earlyRefresh,earlyRefresh,backend-unavailability,1788430555.227000,104.000324,faf_by_key,key=/api/backend/3,11.332703703703702
2026-09-03_10-14-11-226676_earlyRefresh,earlyRefresh,backend-unavailability,1788430556.227000,105.000324,faf_by_key,key=/api/backend/3,19.000000000000004
2026-09-03_10-14-11-226676_earlyRefresh,earlyRefresh,backend-unavailability,1788430557.227000,106.000324,faf_by_key,key=/api/backend/3,17.998944444444447
2026-09-03_10-14-11-226676_earlyRefresh,earlyRefresh,backend-unavailability,1788430558.227000,107.000324,faf_by_key,key=/api/backend/3,16
2026-09-03_10-14-11-226676_earlyRefresh,earlyRefresh,backend-unavailability,1788430478.227000,27.000324,faf_by_key,key=/api/backend/4,4
2026-09-03_10-14-11-226676_earlyRefresh,earlyRefresh,backend-unavailability,1788430479.227000,28.000324,faf_by_key,key=/api/backend/4,4
2026-09-03_10-14-11-226676_earlyRefresh,earlyRefresh,backend-unavailability,1788430480.227000,29.000324,faf_by_key,key=/api/backend/4,4
2026-09-03_10-14-11-226676_earlyRefresh,earlyRefresh,backend-unavailability,1788430481.227000,30.000324,faf_by_key,key=/api/backend/4,2
2026-09-03_10-14-11-226676_earlyRefresh,earlyRefresh,backend-unavailability,1788430482.227000,31.000324,faf_by_key,key=/api/backend/4,2
2026-09-03_10-14-11-226676_earlyRefresh,earlyRefresh,backend-unavailability,1788430483.227000,32.000324,faf_by_key,key=/api/backend/4,2.5000277824081794
2026-09-03_10-14-11-226676_earlyRefresh,earlyRefresh,backend-unavailability,1788430484.227000,33.000324,faf_by_key,key=/api/backend/4,2.4999999999999996
2026-09-03_10-14-11-226676_earlyRefresh,earlyRefresh,backend-unavailability,1788430485.227000,34.000324,faf_by_key,key=/api/backend/4,2.5
2026-09-03_10-14-11-226676_earlyRefresh,earlyRefresh,backend-unavailability,1788430486.227000,35.000324,faf_by_key,key=/api/backend/4,2.5
2026-09-03_10-14-11-226676_earlyRefresh,earlyRefresh,backend-unavailability,1788430487.227000,36.000324,faf_by_key,key=/api/backend/4,3
2026-09-03_10-14-11-226676_earlyRefresh,earlyRefresh,backend-unavailability,1788430488.227000,37.000324,faf_by_key,key=/api/backend/4,3
2026-09-03_10-14-11-226676_earlyRefresh,earlyRefresh,backend-unavailability,1788430489.227000,38.000324,faf_by_key,key=/api/backend/4,3
2026-09-03_10-14-11-226676_earlyRefresh,earlyRefresh,backend-unavailability,1788430490.227000,39.000324,faf_by_key,key=/api/backend/4,3.0001111358079573
2026-09-03_10-14-11-226676_earlyRefresh,earlyRefresh,backend-unavailability,1788430491.227000,40.000324,faf_by_key,key=/api/backend/4,2.49997221759182
2026-09-03_10-14-11-226676_earlyRefresh,earlyRefresh,backend-unavailability,1788430492.227000,41.000324,faf_by_key,key=/api/backend/4,2
2026-09-03_10-14-11-226676_earlyRefresh,earlyRefresh,backend-unavailability,1788430493.227000,42.000324,faf_by_key,key=/api/backend/4,2
2026-09-03_10-14-11-226676_earlyRefresh,earlyRefresh,backend-unavailability,1788430494.227000,43.000324,faf_by_key,key=/api/backend/4,2
2026-09-03_10-14-11-226676_earlyRefresh,earlyRefresh,backend-unavailability,1788430495.227000,44.000324,faf_by_key,key=/api/backend/4,2
2026-09-03_10-14-11-226676_earlyRefresh,earlyRefresh,backend-unavailability,1788430496.227000,45.000324,faf_by_key,key=/api/backend/4,2
2026-09-03_10-14-11-226676_earlyRefresh,earlyRefresh,backend-unavailability,1788430497.227000,46.000324,faf_by_key,key=/api/backend/4,2
2026-09-03_10-14-11-226676_earlyRefresh,earlyRefresh,backend-unavailability,1788430498.227000,47.000324,faf_by_key,key=/api/backend/4,2
2026-09-03_10-14-11-226676_earlyRefresh,earlyRefresh,backend-unavailability,1788430499.227000,48.000324,faf_by_key,key=/api/backend/4,2
2026-09-03_10-14-11-226676_earlyRefresh,earlyRefresh,backend-unavailability,1788430507.227000,56.000324,faf_by_key,key=/api/backend/4,2
2026-09-03_10-14-11-226676_earlyRefresh,earlyRefresh,backend-unavailability,1788430508.227000,57.000324,faf_by_key,key=/api/backend/4,5.999999999999999
2026-09-03_10-14-11-226676_earlyRefresh,earlyRefresh,backend-unavailability,1788430509.227000,58.000324,faf_by_key,key=/api/backend/4,10.000333370374486
2026-09-03_10-14-11-226676_earlyRefresh,earlyRefresh,backend-unavailability,1788430510.227000,59.000324,faf_by_key,key=/api/backend/4,14.000555617290809
2026-09-03_10-14-11-226676_earlyRefresh,earlyRefresh,backend-unavailability,1788430511.227000,60.000324,faf_by_key,key=/api/backend/4,7.5
2026-09-03_10-14-11-226676_earlyRefresh,earlyRefresh,backend-unavailability,1788430512.227000,61.000324,faf_by_key,key=/api/backend/4,8.000055558642147
2026-09-03_10-14-11-226676_earlyRefresh,earlyRefresh,backend-unavailability,1788430513.227000,62.000324,faf_by_key,key=/api/backend/4,8
2026-09-03_10-14-11-226676_earlyRefresh,earlyRefresh,backend-unavailability,1788430514.227000,63.000324,faf_by_key,key=/api/backend/4,8
2026-09-03_10-14-11-226676_earlyRefresh,earlyRefresh,backend-unavailability,1788430515.227000,64.000324,faf_by_key,key=/api/backend/4,8.000055564816359
2026-09-03_10-14-11-226676_earlyRefresh,earlyRefresh,backend-unavailability,1788430516.227000,65.000324,faf_by_key,key=/api/backend/4,13.999222135792866
2026-09-03_10-14-11-226676_earlyRefresh,earlyRefresh,backend-unavailability,1788430517.227000,66.000324,faf_by_key,key=/api/backend/4,10
2026-09-03_10-14-11-226676_earlyRefresh,earlyRefresh,backend-unavailability,1788430518.227000,67.000324,faf_by_key,key=/api/backend/4,6.000222246916324
2026-09-03_10-14-11-226676_earlyRefresh,earlyRefresh,backend-unavailability,1788430519.227000,68.000324,faf_by_key,key=/api/backend/4,2
2026-09-03_10-14-11-226676_earlyRefresh,earlyRefresh,backend-unavailability,1788430528.227000,77.000324,faf_by_key,key=/api/backend/4,4
2026-09-03_10-14-11-226676_earlyRefresh,earlyRefresh,backend-unavailability,1788430529.227000,78.000324,faf_by_key,key=/api/backend/4,7.000333370374485
2026-09-03_10-14-11-226676_earlyRefresh,earlyRefresh,backend-unavailability,1788430530.227000,79.000324,faf_by_key,key=/api/backend/4,8.999555604932784
2026-09-03_10-14-11-226676_earlyRefresh,earlyRefresh,backend-unavailability,1788430531.227000,80.000324,faf_by_key,key=/api/backend/4,5.499999999999999
2026-09-03_10-14-11-226676_earlyRefresh,earlyRefresh,backend-unavailability,1788430532.227000,81.000324,faf_by_key,key=/api/backend/4,6.000055552469308
2026-09-03_10-14-11-226676_earlyRefresh,earlyRefresh,backend-unavailability,1788430533.227000,82.000324,faf_by_key,key=/api/backend/4,7
2026-09-03_10-14-11-226676_earlyRefresh,earlyRefresh,backend-unavailability,1788430534.227000,83.000324,faf_by_key,key=/api/backend/4,8.500083337963222
2026-09-03_10-14-11-226676_earlyRefresh,earlyRefresh,backend-unavailability,1788430535.227000,84.000324,faf_by_key,key=/api/backend/4,10
2026-09-03_10-14-11-226676_earlyRefresh,earlyRefresh,backend-unavailability,1788430536.227000,85.000324,faf_by_key,key=/api/backend/4,7.666666666666667
2026-09-03_10-14-11-226676_earlyRefresh,earlyRefresh,backend-unavailability,1788430537.227000,86.000324,faf_by_key,key=/api/backend/4,11
2026-09-03_10-14-11-226676_earlyRefresh,earlyRefresh,backend-unavailability,1788430538.227000,87.000324,faf_by_key,key=/api/backend/4,10.999999999999998
2026-09-03_10-14-11-226676_earlyRefresh,earlyRefresh,backend-unavailability,1788430539.227000,88.000324,faf_by_key,key=/api/backend/4,7.6667160530409655
2026-09-03_10-14-11-226676_earlyRefresh,earlyRefresh,backend-unavailability,1788430540.227000,89.000324,faf_by_key,key=/api/backend/4,12
2026-09-03_10-14-11-226676_earlyRefresh,earlyRefresh,backend-unavailability,1788430541.227000,90.000324,faf_by_key,key=/api/backend/4,13.000000000000002
2026-09-03_10-14-11-226676_earlyRefresh,earlyRefresh,backend-unavailability,1788430542.227000,91.000324,faf_by_key,key=/api/backend/4,12.999333333333334
2026-09-03_10-14-11-226676_earlyRefresh,earlyRefresh,backend-unavailability,1788430543.227000,92.000324,faf_by_key,key=/api/backend/4,8.333333333333332
2026-09-03_10-14-11-226676_earlyRefresh,earlyRefresh,backend-unavailability,1788430544.227000,93.000324,faf_by_key,key=/api/backend/4,8
2026-09-03_10-14-11-226676_earlyRefresh,earlyRefresh,backend-unavailability,1788430545.227000,94.000324,faf_by_key,key=/api/backend/4,12.499999999999998
2026-09-03_10-14-11-226676_earlyRefresh,earlyRefresh,backend-unavailability,1788430546.227000,95.000324,faf_by_key,key=/api/backend/4,11.5
2026-09-03_10-14-11-226676_earlyRefresh,earlyRefresh,backend-unavailability,1788430547.227000,96.000324,faf_by_key,key=/api/backend/4,7.66658024371273
2026-09-03_10-14-11-226676_earlyRefresh,earlyRefresh,backend-unavailability,1788430548.227000,97.000324,faf_by_key,key=/api/backend/4,12.999999999999998
2026-09-03_10-14-11-226676_earlyRefresh,earlyRefresh,backend-unavailability,1788430549.227000,98.000324,faf_by_key,key=/api/backend/4,13.499999999999998
2026-09-03_10-14-11-226676_earlyRefresh,earlyRefresh,backend-unavailability,1788430550.227000,99.000324,faf_by_key,key=/api/backend/4,9.666666666666666
2026-09-03_10-14-11-226676_earlyRefresh,earlyRefresh,backend-unavailability,1788430551.227000,100.000324,faf_by_key,key=/api/backend/4,10
2026-09-03_10-14-11-226676_earlyRefresh,earlyRefresh,backend-unavailability,1788430552.227000,101.000324,faf_by_key,key=/api/backend/4,14
2026-09-03_10-14-11-226676_earlyRefresh,earlyRefresh,backend-unavailability,1788430553.227000,102.000324,faf_by_key,key=/api/backend/4,15
2026-09-03_10-14-11-226676_earlyRefresh,earlyRefresh,backend-unavailability,1788430554.227000,103.000324,faf_by_key,key=/api/backend/4,9
2026-09-03_10-14-11-226676_earlyRefresh,earlyRefresh,backend-unavailability,1788430555.227000,104.000324,faf_by_key,key=/api/backend/4,9.666938291725314
2026-09-03_10-14-11-226676_earlyRefresh,earlyRefresh,backend-unavailability,1788430556.227000,105.000324,faf_by_key,key=/api/backend/4,14.499999999999998
2026-09-03_10-14-11-226676_earlyRefresh,earlyRefresh,backend-unavailability,1788430557.227000,106.000324,faf_by_key,key=/api/backend/4,13.000777864207134
2026-09-03_10-14-11-226676_earlyRefresh,earlyRefresh,backend-unavailability,1788430558.227000,107.000324,faf_by_key,key=/api/backend/4,7.666666666666667
2026-09-03_10-14-11-226676_earlyRefresh,earlyRefresh,backend-unavailability,1788430478.227000,27.000324,faf_by_key,key=/api/backend/5,1
2026-09-03_10-14-11-226676_earlyRefresh,earlyRefresh,backend-unavailability,1788430479.227000,28.000324,faf_by_key,key=/api/backend/5,1
2026-09-03_10-14-11-226676_earlyRefresh,earlyRefresh,backend-unavailability,1788430480.227000,29.000324,faf_by_key,key=/api/backend/5,1
2026-09-03_10-14-11-226676_earlyRefresh,earlyRefresh,backend-unavailability,1788430481.227000,30.000324,faf_by_key,key=/api/backend/5,1
2026-09-03_10-14-11-226676_earlyRefresh,earlyRefresh,backend-unavailability,1788430482.227000,31.000324,faf_by_key,key=/api/backend/5,1
2026-09-03_10-14-11-226676_earlyRefresh,earlyRefresh,backend-unavailability,1788430483.227000,32.000324,faf_by_key,key=/api/backend/5,1
2026-09-03_10-14-11-226676_earlyRefresh,earlyRefresh,backend-unavailability,1788430484.227000,33.000324,faf_by_key,key=/api/backend/5,1
2026-09-03_10-14-11-226676_earlyRefresh,earlyRefresh,backend-unavailability,1788430485.227000,34.000324,faf_by_key,key=/api/backend/5,1
2026-09-03_10-14-11-226676_earlyRefresh,earlyRefresh,backend-unavailability,1788430486.227000,35.000324,faf_by_key,key=/api/backend/5,1.5
2026-09-03_10-14-11-226676_earlyRefresh,earlyRefresh,backend-unavailability,1788430487.227000,36.000324,faf_by_key,key=/api/backend/5,2
2026-09-03_10-14-11-226676_earlyRefresh,earlyRefresh,backend-unavailability,1788430488.227000,37.000324,faf_by_key,key=/api/backend/5,2
2026-09-03_10-14-11-226676_earlyRefresh,earlyRefresh,backend-unavailability,1788430489.227000,38.000324,faf_by_key,key=/api/backend/5,2
2026-09-03_10-14-11-226676_earlyRefresh,earlyRefresh,backend-unavailability,1788430490.227000,39.000324,faf_by_key,key=/api/backend/5,2
2026-09-03_10-14-11-226676_earlyRefresh,earlyRefresh,backend-unavailability,1788430491.227000,40.000324,faf_by_key,key=/api/backend/5,2
2026-09-03_10-14-11-226676_earlyRefresh,earlyRefresh,backend-unavailability,1788430492.227000,41.000324,faf_by_key,key=/api/backend/5,2
2026-09-03_10-14-11-226676_earlyRefresh,earlyRefresh,backend-unavailability,1788430493.227000,42.000324,faf_by_key,key=/api/backend/5,1.5
2026-09-03_10-14-11-226676_earlyRefresh,earlyRefresh,backend-unavailability,1788430494.227000,43.000324,faf_by_key,key=/api/backend/5,1.4999722237653466
2026-09-03_10-14-11-226676_earlyRefresh,earlyRefresh,backend-unavailability,1788430495.227000,44.000324,faf_by_key,key=/api/backend/5,1
2026-09-03_10-14-11-226676_earlyRefresh,earlyRefresh,backend-unavailability,1788430496.227000,45.000324,faf_by_key,key=/api/backend/5,1
2026-09-03_10-14-11-226676_earlyRefresh,earlyRefresh,backend-unavailability,1788430497.227000,46.000324,faf_by_key,key=/api/backend/5,1
2026-09-03_10-14-11-226676_earlyRefresh,earlyRefresh,backend-unavailability,1788430498.227000,47.000324,faf_by_key,key=/api/backend/5,1
2026-09-03_10-14-11-226676_earlyRefresh,earlyRefresh,backend-unavailability,1788430499.227000,48.000324,faf_by_key,key=/api/backend/5,1
2026-09-03_10-14-11-226676_earlyRefresh,earlyRefresh,backend-unavailability,1788430500.227000,49.000324,faf_by_key,key=/api/backend/5,1
2026-09-03_10-14-11-226676_earlyRefresh,earlyRefresh,backend-unavailability,1788430501.227000,50.000324,faf_by_key,key=/api/backend/5,1
2026-09-03_10-14-11-226676_earlyRefresh,earlyRefresh,backend-unavailability,1788430510.227000,59.000324,faf_by_key,key=/api/backend/5,4.999666666666667
2026-09-03_10-14-11-226676_earlyRefresh,earlyRefresh,backend-unavailability,1788430511.227000,60.000324,faf_by_key,key=/api/backend/5,8
2026-09-03_10-14-11-226676_earlyRefresh,earlyRefresh,backend-unavailability,1788430512.227000,61.000324,faf_by_key,key=/api/backend/5,8.000333370374486
2026-09-03_10-14-11-226676_earlyRefresh,earlyRefresh,backend-unavailability,1788430513.227000,62.000324,faf_by_key,key=/api/backend/5,8
2026-09-03_10-14-11-226676_earlyRefresh,earlyRefresh,backend-unavailability,1788430514.227000,63.000324,faf_by_key,key=/api/backend/5,8
2026-09-03_10-14-11-226676_earlyRefresh,earlyRefresh,backend-unavailability,1788430515.227000,64.000324,faf_by_key,key=/api/backend/5,8.000333407423872
2026-09-03_10-14-11-226676_earlyRefresh,earlyRefresh,backend-unavailability,1788430516.227000,65.000324,faf_by_key,key=/api/backend/5,7.999666629625514
2026-09-03_10-14-11-226676_earlyRefresh,earlyRefresh,backend-unavailability,1788430517.227000,66.000324,faf_by_key,key=/api/backend/5,8
2026-09-03_10-14-11-226676_earlyRefresh,earlyRefresh,backend-unavailability,1788430518.227000,67.000324,faf_by_key,key=/api/backend/5,8.000333370374484
2026-09-03_10-14-11-226676_earlyRefresh,earlyRefresh,backend-unavailability,1788430527.227000,76.000324,faf_by_key,key=/api/backend/5,2.9997777777777785
2026-09-03_10-14-11-226676_earlyRefresh,earlyRefresh,backend-unavailability,1788430528.227000,77.000324,faf_by_key,key=/api/backend/5,6
2026-09-03_10-14-11-226676_earlyRefresh,earlyRefresh,backend-unavailability,1788430529.227000,78.000324,faf_by_key,key=/api/backend/5,8.000555617290809
2026-09-03_10-14-11-226676_earlyRefresh,earlyRefresh,backend-unavailability,1788430530.227000,79.000324,faf_by_key,key=/api/backend/5,11.999222308632374
2026-09-03_10-14-11-226676_earlyRefresh,earlyRefresh,backend-unavailability,1788430531.227000,80.000324,faf_by_key,key=/api/backend/5,7.499999999999998
2026-09-03_10-14-11-226676_earlyRefresh,earlyRefresh,backend-unavailability,1788430532.227000,81.000324,faf_by_key,key=/api/backend/5,9.99977779012277
2026-09-03_10-14-11-226676_earlyRefresh,earlyRefresh,backend-unavailability,1788430533.227000,82.000324,faf_by_key,key=/api/backend/5,10.5
2026-09-03_10-14-11-226676_earlyRefresh,earlyRefresh,backend-unavailability,1788430534.227000,83.000324,faf_by_key,key=/api/backend/5,12.499861103394634
2026-09-03_10-14-11-226676_earlyRefresh,earlyRefresh,backend-unavailability,1788430535.227000,84.000324,faf_by_key,key=/api/backend/5,8.666666666666668
2026-09-03_10-14-11-226676_earlyRefresh,earlyRefresh,backend-unavailability,1788430536.227000,85.000324,faf_by_key,key=/api/backend/5,14.500000000000002
2026-09-03_10-14-11-226676_earlyRefresh,earlyRefresh,backend-unavailability,1788430537.227000,86.000324,faf_by_key,key=/api/backend/5,14
2026-09-03_10-14-11-226676_earlyRefresh,earlyRefresh,backend-unavailability,1788430538.227000,87.000324,faf_by_key,key=/api/backend/5,14
2026-09-03_10-14-11-226676_earlyRefresh,earlyRefresh,backend-unavailability,1788430539.227000,88.000324,faf_by_key,key=/api/backend/5,9.999777769547022
2026-09-03_10-14-11-226676_earlyRefresh,earlyRefresh,backend-unavailability,1788430540.227000,89.000324,faf_by_key,key=/api/backend/5,13.5
2026-09-03_10-14-11-226676_earlyRefresh,earlyRefresh,backend-unavailability,1788430541.227000,90.000324,faf_by_key,key=/api/backend/5,11.5
2026-09-03_10-14-11-226676_earlyRefresh,earlyRefresh,backend-unavailability,1788430542.227000,91.000324,faf_by_key,key=/api/backend/5,7.666901251944588
2026-09-03_10-14-11-226676_earlyRefresh,earlyRefresh,backend-unavailability,1788430543.227000,92.000324,faf_by_key,key=/api/backend/5,7.666666666666668
2026-09-03_10-14-11-226676_earlyRefresh,earlyRefresh,backend-unavailability,1788430544.227000,93.000324,faf_by_key,key=/api/backend/5,12.500000000000002
2026-09-03_10-14-11-226676_earlyRefresh,earlyRefresh,backend-unavailability,1788430545.227000,94.000324,faf_by_key,key=/api/backend/5,11.000000000000002
2026-09-03_10-14-11-226676_earlyRefresh,earlyRefresh,backend-unavailability,1788430546.227000,95.000324,faf_by_key,key=/api/backend/5,10.500000000000002
2026-09-03_10-14-11-226676_earlyRefresh,earlyRefresh,backend-unavailability,1788430547.227000,96.000324,faf_by_key,key=/api/backend/5,7.0004074526799265
2026-09-03_10-14-11-226676_earlyRefresh,earlyRefresh,backend-unavailability,1788430548.227000,97.000324,faf_by_key,key=/api/backend/5,8.500000000000002
2026-09-03_10-14-11-226676_earlyRefresh,earlyRefresh,backend-unavailability,1788430549.227000,98.000324,faf_by_key,key=/api/backend/5,9.5
2026-09-03_10-14-11-226676_earlyRefresh,earlyRefresh,backend-unavailability,1788430550.227000,99.000324,faf_by_key,key=/api/backend/5,9.000000000000002
2026-09-03_10-14-11-226676_earlyRefresh,earlyRefresh,backend-unavailability,1788430551.227000,100.000324,faf_by_key,key=/api/backend/5,10.499999999999998
2026-09-03_10-14-11-226676_earlyRefresh,earlyRefresh,backend-unavailability,1788430552.227000,101.000324,faf_by_key,key=/api/backend/5,9
2026-09-03_10-14-11-226676_earlyRefresh,earlyRefresh,backend-unavailability,1788430553.227000,102.000324,faf_by_key,key=/api/backend/5,9
2026-09-03_10-14-11-226676_earlyRefresh,earlyRefresh,backend-unavailability,1788430554.227000,103.000324,faf_by_key,key=/api/backend/5,6
2026-09-03_10-14-11-226676_earlyRefresh,earlyRefresh,backend-unavailability,1788430555.227000,104.000324,faf_by_key,key=/api/backend/5,6.000148159122897
2026-09-03_10-14-11-226676_earlyRefresh,earlyRefresh,backend-unavailability,1788430556.227000,105.000324,faf_by_key,key=/api/backend/5,10
2026-09-03_10-14-11-226676_earlyRefresh,earlyRefresh,backend-unavailability,1788430557.227000,106.000324,faf_by_key,key=/api/backend/5,11.00044449383265
2026-09-03_10-14-11-226676_earlyRefresh,earlyRefresh,backend-unavailability,1788430558.227000,107.000324,faf_by_key,key=/api/backend/5,10.5
2026-09-03_10-14-11-226676_earlyRefresh,earlyRefresh,backend-unavailability,1788430475.227000,24.000324,faf_by_key,key=/api/backend/6,2.0001111234581614
2026-09-03_10-14-11-226676_earlyRefresh,earlyRefresh,backend-unavailability,1788430476.227000,25.000324,faf_by_key,key=/api/backend/6,2
2026-09-03_10-14-11-226676_earlyRefresh,earlyRefresh,backend-unavailability,1788430477.227000,26.000324,faf_by_key,key=/api/backend/6,2.0001111234581614
2026-09-03_10-14-11-226676_earlyRefresh,earlyRefresh,backend-unavailability,1788430478.227000,27.000324,faf_by_key,key=/api/backend/6,2
2026-09-03_10-14-11-226676_earlyRefresh,earlyRefresh,backend-unavailability,1788430479.227000,28.000324,faf_by_key,key=/api/backend/6,1
2026-09-03_10-14-11-226676_earlyRefresh,earlyRefresh,backend-unavailability,1788430480.227000,29.000324,faf_by_key,key=/api/backend/6,1
2026-09-03_10-14-11-226676_earlyRefresh,earlyRefresh,backend-unavailability,1788430481.227000,30.000324,faf_by_key,key=/api/backend/6,1
2026-09-03_10-14-11-226676_earlyRefresh,earlyRefresh,backend-unavailability,1788430482.227000,31.000324,faf_by_key,key=/api/backend/6,1
2026-09-03_10-14-11-226676_earlyRefresh,earlyRefresh,backend-unavailability,1788430483.227000,32.000324,faf_by_key,key=/api/backend/6,1
2026-09-03_10-14-11-226676_earlyRefresh,earlyRefresh,backend-unavailability,1788430484.227000,33.000324,faf_by_key,key=/api/backend/6,1
2026-09-03_10-14-11-226676_earlyRefresh,earlyRefresh,backend-unavailability,1788430485.227000,34.000324,faf_by_key,key=/api/backend/6,3
2026-09-03_10-14-11-226676_earlyRefresh,earlyRefresh,backend-unavailability,1788430486.227000,35.000324,faf_by_key,key=/api/backend/6,3
2026-09-03_10-14-11-226676_earlyRefresh,earlyRefresh,backend-unavailability,1788430487.227000,36.000324,faf_by_key,key=/api/backend/6,3
2026-09-03_10-14-11-226676_earlyRefresh,earlyRefresh,backend-unavailability,1788430488.227000,37.000324,faf_by_key,key=/api/backend/6,3
2026-09-03_10-14-11-226676_earlyRefresh,earlyRefresh,backend-unavailability,1788430489.227000,38.000324,faf_by_key,key=/api/backend/6,3
2026-09-03_10-14-11-226676_earlyRefresh,earlyRefresh,backend-unavailability,1788430495.227000,44.000324,faf_by_key,key=/api/backend/6,2
2026-09-03_10-14-11-226676_earlyRefresh,earlyRefresh,backend-unavailability,1788430496.227000,45.000324,faf_by_key,key=/api/backend/6,2
2026-09-03_10-14-11-226676_earlyRefresh,earlyRefresh,backend-unavailability,1788430497.227000,46.000324,faf_by_key,key=/api/backend/6,2
2026-09-03_10-14-11-226676_earlyRefresh,earlyRefresh,backend-unavailability,1788430498.227000,47.000324,faf_by_key,key=/api/backend/6,2
2026-09-03_10-14-11-226676_earlyRefresh,earlyRefresh,backend-unavailability,1788430499.227000,48.000324,faf_by_key,key=/api/backend/6,2
2026-09-03_10-14-11-226676_earlyRefresh,earlyRefresh,backend-unavailability,1788430500.227000,49.000324,faf_by_key,key=/api/backend/6,2
2026-09-03_10-14-11-226676_earlyRefresh,earlyRefresh,backend-unavailability,1788430501.227000,50.000324,faf_by_key,key=/api/backend/6,2
2026-09-03_10-14-11-226676_earlyRefresh,earlyRefresh,backend-unavailability,1788430502.227000,51.000324,faf_by_key,key=/api/backend/6,2
2026-09-03_10-14-11-226676_earlyRefresh,earlyRefresh,backend-unavailability,1788430503.227000,52.000324,faf_by_key,key=/api/backend/6,2
2026-09-03_10-14-11-226676_earlyRefresh,earlyRefresh,backend-unavailability,1788430511.227000,60.000324,faf_by_key,key=/api/backend/6,1
2026-09-03_10-14-11-226676_earlyRefresh,earlyRefresh,backend-unavailability,1788430512.227000,61.000324,faf_by_key,key=/api/backend/6,1
2026-09-03_10-14-11-226676_earlyRefresh,earlyRefresh,backend-unavailability,1788430513.227000,62.000324,faf_by_key,key=/api/backend/6,1
2026-09-03_10-14-11-226676_earlyRefresh,earlyRefresh,backend-unavailability,1788430514.227000,63.000324,faf_by_key,key=/api/backend/6,1
2026-09-03_10-14-11-226676_earlyRefresh,earlyRefresh,backend-unavailability,1788430515.227000,64.000324,faf_by_key,key=/api/backend/6,1
2026-09-03_10-14-11-226676_earlyRefresh,earlyRefresh,backend-unavailability,1788430516.227000,65.000324,faf_by_key,key=/api/backend/6,1
2026-09-03_10-14-11-226676_earlyRefresh,earlyRefresh,backend-unavailability,1788430517.227000,66.000324,faf_by_key,key=/api/backend/6,1
2026-09-03_10-14-11-226676_earlyRefresh,earlyRefresh,backend-unavailability,1788430518.227000,67.000324,faf_by_key,key=/api/backend/6,1
2026-09-03_10-14-11-226676_earlyRefresh,earlyRefresh,backend-unavailability,1788430519.227000,68.000324,faf_by_key,key=/api/backend/6,1
2026-09-03_10-14-11-226676_earlyRefresh,earlyRefresh,backend-unavailability,1788430528.227000,77.000324,faf_by_key,key=/api/backend/6,2
2026-09-03_10-14-11-226676_earlyRefresh,earlyRefresh,backend-unavailability,1788430529.227000,78.000324,faf_by_key,key=/api/backend/6,5.0004444938326476
2026-09-03_10-14-11-226676_earlyRefresh,earlyRefresh,backend-unavailability,1788430530.227000,79.000324,faf_by_key,key=/api/backend/6,5.999555604932786
2026-09-03_10-14-11-226676_earlyRefresh,earlyRefresh,backend-unavailability,1788430531.227000,80.000324,faf_by_key,key=/api/backend/6,4.5
2026-09-03_10-14-11-226676_earlyRefresh,earlyRefresh,backend-unavailability,1788430532.227000,81.000324,faf_by_key,key=/api/backend/6,4.49991667129604
2026-09-03_10-14-11-226676_earlyRefresh,earlyRefresh,backend-unavailability,1788430533.227000,82.000324,faf_by_key,key=/api/backend/6,5
2026-09-03_10-14-11-226676_earlyRefresh,earlyRefresh,backend-unavailability,1788430534.227000,83.000324,faf_by_key,key=/api/backend/6,5.999944441357854
2026-09-03_10-14-11-226676_earlyRefresh,earlyRefresh,backend-unavailability,1788430535.227000,84.000324,faf_by_key,key=/api/backend/6,4.666666666666666
2026-09-03_10-14-11-226676_earlyRefresh,earlyRefresh,backend-unavailability,1788430536.227000,85.000324,faf_by_key,key=/api/backend/6,5.333333333333333
2026-09-03_10-14-11-226676_earlyRefresh,earlyRefresh,backend-unavailability,1788430537.227000,86.000324,faf_by_key,key=/api/backend/6,9.5
2026-09-03_10-14-11-226676_earlyRefresh,earlyRefresh,backend-unavailability,1788430538.227000,87.000324,faf_by_key,key=/api/backend/6,9.500000000000002
2026-09-03_10-14-11-226676_earlyRefresh,earlyRefresh,backend-unavailability,1788430539.227000,88.000324,faf_by_key,key=/api/backend/6,6.33330864106078
2026-09-03_10-14-11-226676_earlyRefresh,earlyRefresh,backend-unavailability,1788430540.227000,89.000324,faf_by_key,key=/api/backend/6,8.5
2026-09-03_10-14-11-226676_earlyRefresh,earlyRefresh,backend-unavailability,1788430541.227000,90.000324,faf_by_key,key=/api/backend/6,9
2026-09-03_10-14-11-226676_earlyRefresh,earlyRefresh,backend-unavailability,1788430542.227000,91.000324,faf_by_key,key=/api/backend/6,8.999888882715707
2026-09-03_10-14-11-226676_earlyRefresh,earlyRefresh,backend-unavailability,1788430543.227000,92.000324,faf_by_key,key=/api/backend/6,6.333333333333332
2026-09-03_10-14-11-226676_earlyRefresh,earlyRefresh,backend-unavailability,1788430544.227000,93.000324,faf_by_key,key=/api/backend/6,9
2026-09-03_10-14-11-226676_earlyRefresh,earlyRefresh,backend-unavailability,1788430545.227000,94.000324,faf_by_key,key=/api/backend/6,8.499999999999998
2026-09-03_10-14-11-226676_earlyRefresh,earlyRefresh,backend-unavailability,1788430546.227000,95.000324,faf_by_key,key=/api/backend/6,4.333333333333332
2026-09-03_10-14-11-226676_earlyRefresh,earlyRefresh,backend-unavailability,1788430547.227000,96.000324,faf_by_key,key=/api/backend/6,3.3331851851851853
2026-09-03_10-14-11-226676_earlyRefresh,earlyRefresh,backend-unavailability,1788430548.227000,97.000324,faf_by_key,key=/api/backend/6,4.999999999999999
2026-09-03_10-14-11-226676_earlyRefresh,earlyRefresh,backend-unavailability,1788430549.227000,98.000324,faf_by_key,key=/api/backend/6,6.499999999999999
2026-09-03_10-14-11-226676_earlyRefresh,earlyRefresh,backend-unavailability,1788430550.227000,99.000324,faf_by_key,key=/api/backend/6,5
2026-09-03_10-14-11-226676_earlyRefresh,earlyRefresh,backend-unavailability,1788430551.227000,100.000324,faf_by_key,key=/api/backend/6,5
2026-09-03_10-14-11-226676_earlyRefresh,earlyRefresh,backend-unavailability,1788430552.227000,101.000324,faf_by_key,key=/api/backend/6,6
2026-09-03_10-14-11-226676_earlyRefresh,earlyRefresh,backend-unavailability,1788430553.227000,102.000324,faf_by_key,key=/api/backend/6,5.499999999999999
2026-09-03_10-14-11-226676_earlyRefresh,earlyRefresh,backend-unavailability,1788430554.227000,103.000324,faf_by_key,key=/api/backend/6,4
2026-09-03_10-14-11-226676_earlyRefresh,earlyRefresh,backend-unavailability,1788430555.227000,104.000324,faf_by_key,key=/api/backend/6,6.5004444938326476
2026-09-03_10-14-11-226676_earlyRefresh,earlyRefresh,backend-unavailability,1788430556.227000,105.000324,faf_by_key,key=/api/backend/6,7.5
2026-09-03_10-14-11-226676_earlyRefresh,earlyRefresh,backend-unavailability,1788430557.227000,106.000324,faf_by_key,key=/api/backend/6,8.50050005556173
2026-09-03_10-14-11-226676_earlyRefresh,earlyRefresh,backend-unavailability,1788430558.227000,107.000324,faf_by_key,key=/api/backend/6,7
2026-09-03_10-14-11-226676_earlyRefresh,earlyRefresh,backend-unavailability,1788430451.227000,0.000324,average_request_duration,all,0
2026-09-03_10-14-11-226676_earlyRefresh,earlyRefresh,backend-unavailability,1788430452.227000,1.000324,average_request_duration,all,0
2026-09-03_10-14-11-226676_earlyRefresh,earlyRefresh,backend-unavailability,1788430453.227000,2.000324,average_request_duration,all,0.22018650643735793
2026-09-03_10-14-11-226676_earlyRefresh,earlyRefresh,backend-unavailability,1788430454.227000,3.000324,average_request_duration,all,0.19352513326056892
2026-09-03_10-14-11-226676_earlyRefresh,earlyRefresh,backend-unavailability,1788430455.227000,4.000324,average_request_duration,all,0.167738039138897
2026-09-03_10-14-11-226676_earlyRefresh,earlyRefresh,backend-unavailability,1788430456.227000,5.000324,average_request_duration,all,0.14487658927586747
2026-09-03_10-14-11-226676_earlyRefresh,earlyRefresh,backend-unavailability,1788430457.227000,6.000324,average_request_duration,all,0.13163085533941013
2026-09-03_10-14-11-226676_earlyRefresh,earlyRefresh,backend-unavailability,1788430458.227000,7.000324,average_request_duration,all,0.10803608837375503
2026-09-03_10-14-11-226676_earlyRefresh,earlyRefresh,backend-unavailability,1788430459.227000,8.000324,average_request_duration,all,0.10118560587145141
2026-09-03_10-14-11-226676_earlyRefresh,earlyRefresh,backend-unavailability,1788430460.227000,9.000324,average_request_duration,all,0.08629095577790288
2026-09-03_10-14-11-226676_earlyRefresh,earlyRefresh,backend-unavailability,1788430461.227000,10.000324,average_request_duration,all,0.07533890544821627
2026-09-03_10-14-11-226676_earlyRefresh,earlyRefresh,backend-unavailability,1788430462.227000,11.000324,average_request_duration,all,0.06772660485479418
2026-09-03_10-14-11-226676_earlyRefresh,earlyRefresh,backend-unavailability,1788430463.227000,12.000324,average_request_duration,all,0.057243930072146065
2026-09-03_10-14-11-226676_earlyRefresh,earlyRefresh,backend-unavailability,1788430464.227000,13.000324,average_request_duration,all,0.050061513053187706
2026-09-03_10-14-11-226676_earlyRefresh,earlyRefresh,backend-unavailability,1788430465.227000,14.000324,average_request_duration,all,0.04567333765508684
2026-09-03_10-14-11-226676_earlyRefresh,earlyRefresh,backend-unavailability,1788430466.227000,15.000324,average_request_duration,all,0.042845086043797796
2026-09-03_10-14-11-226676_earlyRefresh,earlyRefresh,backend-unavailability,1788430467.227000,16.000324,average_request_duration,all,0.04173065413052438
2026-09-03_10-14-11-226676_earlyRefresh,earlyRefresh,backend-unavailability,1788430468.227000,17.000324,average_request_duration,all,0.03849978054775602
2026-09-03_10-14-11-226676_earlyRefresh,earlyRefresh,backend-unavailability,1788430469.227000,18.000324,average_request_duration,all,0.04953088725390804
2026-09-03_10-14-11-226676_earlyRefresh,earlyRefresh,backend-unavailability,1788430470.227000,19.000324,average_request_duration,all,0.06298504518793159
2026-09-03_10-14-11-226676_earlyRefresh,earlyRefresh,backend-unavailability,1788430471.227000,20.000324,average_request_duration,all,0.07861340918060065
2026-09-03_10-14-11-226676_earlyRefresh,earlyRefresh,backend-unavailability,1788430472.227000,21.000324,average_request_duration,all,0.09297833970848451
2026-09-03_10-14-11-226676_earlyRefresh,earlyRefresh,backend-unavailability,1788430473.227000,22.000324,average_request_duration,all,0.1074903223237082
2026-09-03_10-14-11-226676_earlyRefresh,earlyRefresh,backend-unavailability,1788430474.227000,23.000324,average_request_duration,all,0.12240861506056125
2026-09-03_10-14-11-226676_earlyRefresh,earlyRefresh,backend-unavailability,1788430475.227000,24.000324,average_request_duration,all,0.12852910018504263
2026-09-03_10-14-11-226676_earlyRefresh,earlyRefresh,backend-unavailability,1788430476.227000,25.000324,average_request_duration,all,0.14093883194614268
2026-09-03_10-14-11-226676_earlyRefresh,earlyRefresh,backend-unavailability,1788430477.227000,26.000324,average_request_duration,all,0.15046537809041724
2026-09-03_10-14-11-226676_earlyRefresh,earlyRefresh,backend-unavailability,1788430478.227000,27.000324,average_request_duration,all,0.14679145979828329
2026-09-03_10-14-11-226676_earlyRefresh,earlyRefresh,backend-unavailability,1788430479.227000,28.000324,average_request_duration,all,0.13505969152698863
2026-09-03_10-14-11-226676_earlyRefresh,earlyRefresh,backend-unavailability,1788430480.227000,29.000324,average_request_duration,all,0.1221032840359712
2026-09-03_10-14-11-226676_earlyRefresh,earlyRefresh,backend-unavailability,1788430481.227000,30.000324,average_request_duration,all,0.11002168755041843
2026-09-03_10-14-11-226676_earlyRefresh,earlyRefresh,backend-unavailability,1788430482.227000,31.000324,average_request_duration,all,0.09881664315977186
2026-09-03_10-14-11-226676_earlyRefresh,earlyRefresh,backend-unavailability,1788430483.227000,32.000324,average_request_duration,all,0.08786834823562603
2026-09-03_10-14-11-226676_earlyRefresh,earlyRefresh,backend-unavailability,1788430484.227000,33.000324,average_request_duration,all,0.08327445839198856
2026-09-03_10-14-11-226676_earlyRefresh,earlyRefresh,backend-unavailability,1788430485.227000,34.000324,average_request_duration,all,0.0739941383751804
2026-09-03_10-14-11-226676_earlyRefresh,earlyRefresh,backend-unavailability,1788430486.227000,35.000324,average_request_duration,all,0.0699526930872092
2026-09-03_10-14-11-226676_earlyRefresh,earlyRefresh,backend-unavailability,1788430487.227000,36.000324,average_request_duration,all,0.07253388464978287
2026-09-03_10-14-11-226676_earlyRefresh,earlyRefresh,backend-unavailability,1788430488.227000,37.000324,average_request_duration,all,0.08188184426939962
2026-09-03_10-14-11-226676_earlyRefresh,earlyRefresh,backend-unavailability,1788430489.227000,38.000324,average_request_duration,all,0.09204165384447682
2026-09-03_10-14-11-226676_earlyRefresh,earlyRefresh,backend-unavailability,1788430490.227000,39.000324,average_request_duration,all,0.10173564021182172
2026-09-03_10-14-11-226676_earlyRefresh,earlyRefresh,backend-unavailability,1788430491.227000,40.000324,average_request_duration,all,0.11084971752268881
2026-09-03_10-14-11-226676_earlyRefresh,earlyRefresh,backend-unavailability,1788430492.227000,41.000324,average_request_duration,all,0.12021979164208346
2026-09-03_10-14-11-226676_earlyRefresh,earlyRefresh,backend-unavailability,1788430493.227000,42.000324,average_request_duration,all,0.1315366408658894
2026-09-03_10-14-11-226676_earlyRefresh,earlyRefresh,backend-unavailability,1788430494.227000,43.000324,average_request_duration,all,0.14233282469525074
2026-09-03_10-14-11-226676_earlyRefresh,earlyRefresh,backend-unavailability,1788430495.227000,44.000324,average_request_duration,all,0.1535328822620023
2026-09-03_10-14-11-226676_earlyRefresh,earlyRefresh,backend-unavailability,1788430496.227000,45.000324,average_request_duration,all,0.1679882477799289
2026-09-03_10-14-11-226676_earlyRefresh,earlyRefresh,backend-unavailability,1788430497.227000,46.000324,average_request_duration,all,0.17563941356961446
2026-09-03_10-14-11-226676_earlyRefresh,earlyRefresh,backend-unavailability,1788430498.227000,47.000324,average_request_duration,all,0.16605593121874987
2026-09-03_10-14-11-226676_earlyRefresh,earlyRefresh,backend-unavailability,1788430499.227000,48.000324,average_request_duration,all,0.1499554973547388
2026-09-03_10-14-11-226676_earlyRefresh,earlyRefresh,backend-unavailability,1788430500.227000,49.000324,average_request_duration,all,0.13336156713597716
2026-09-03_10-14-11-226676_earlyRefresh,earlyRefresh,backend-unavailability,1788430501.227000,50.000324,average_request_duration,all,0.11492963945106359
2026-09-03_10-14-11-226676_earlyRefresh,earlyRefresh,backend-unavailability,1788430502.227000,51.000324,average_request_duration,all,0.09651053837119711
2026-09-03_10-14-11-226676_earlyRefresh,earlyRefresh,backend-unavailability,1788430503.227000,52.000324,average_request_duration,all,0.07832857265474939
2026-09-03_10-14-11-226676_earlyRefresh,earlyRefresh,backend-unavailability,1788430504.227000,53.000324,average_request_duration,all,0.05732130902686876
2026-09-03_10-14-11-226676_earlyRefresh,earlyRefresh,backend-unavailability,1788430505.227000,54.000324,average_request_duration,all,0.030807170343927277
2026-09-03_10-14-11-226676_earlyRefresh,earlyRefresh,backend-unavailability,1788430506.227000,55.000324,average_request_duration,all,0.007437494389127709
2026-09-03_10-14-11-226676_earlyRefresh,earlyRefresh,backend-unavailability,1788430507.227000,56.000324,average_request_duration,all,0.00043909302767108986
2026-09-03_10-14-11-226676_earlyRefresh,earlyRefresh,backend-unavailability,1788430508.227000,57.000324,average_request_duration,all,0.00045912248554996337
2026-09-03_10-14-11-226676_earlyRefresh,earlyRefresh,backend-unavailability,1788430509.227000,58.000324,average_request_duration,all,0.0004680414501995791
2026-09-03_10-14-11-226676_earlyRefresh,earlyRefresh,backend-unavailability,1788430510.227000,59.000324,average_request_duration,all,0.0005042595299250806
2026-09-03_10-14-11-226676_earlyRefresh,earlyRefresh,backend-unavailability,1788430511.227000,60.000324,average_request_duration,all,0.0058497670838330955
2026-09-03_10-14-11-226676_earlyRefresh,earlyRefresh,backend-unavailability,1788430512.227000,61.000324,average_request_duration,all,0.03267524554904779
2026-09-03_10-14-11-226676_earlyRefresh,earlyRefresh,backend-unavailability,1788430513.227000,62.000324,average_request_duration,all,0.10066239177193026
2026-09-03_10-14-11-226676_earlyRefresh,earlyRefresh,backend-unavailability,1788430514.227000,63.000324,average_request_duration,all,0.1973461976073719
2026-09-03_10-14-11-226676_earlyRefresh,earlyRefresh,backend-unavailability,1788430515.227000,64.000324,average_request_duration,all,0.3176878157087616
2026-09-03_10-14-11-226676_earlyRefresh,earlyRefresh,backend-unavailability,1788430516.227000,65.000324,average_request_duration,all,0.41220718621828223
2026-09-03_10-14-11-226676_earlyRefresh,earlyRefresh,backend-unavailability,1788430517.227000,66.000324,average_request_duration,all,0.5156572635967737
2026-09-03_10-14-11-226676_earlyRefresh,earlyRefresh,backend-unavailability,1788430518.227000,67.000324,average_request_duration,all,0.6271898342080956
2026-09-03_10-14-11-226676_earlyRefresh,earlyRefresh,backend-unavailability,1788430519.227000,68.000324,average_request_duration,all,0.736137673541269
2026-09-03_10-14-11-226676_earlyRefresh,earlyRefresh,backend-unavailability,1788430520.227000,69.000324,average_request_duration,all,0.7999021088629786
2026-09-03_10-14-11-226676_earlyRefresh,earlyRefresh,backend-unavailability,1788430521.227000,70.000324,average_request_duration,all,0.8601354365893934
2026-09-03_10-14-11-226676_earlyRefresh,earlyRefresh,backend-unavailability,1788430522.227000,71.000324,average_request_duration,all,0.8863416537738616
2026-09-03_10-14-11-226676_earlyRefresh,earlyRefresh,backend-unavailability,1788430523.227000,72.000324,average_request_duration,all,0.9000283705778094
2026-09-03_10-14-11-226676_earlyRefresh,earlyRefresh,backend-unavailability,1788430524.227000,73.000324,average_request_duration,all,0.9031088648588226
2026-09-03_10-14-11-226676_earlyRefresh,earlyRefresh,backend-unavailability,1788430525.227000,74.000324,average_request_duration,all,0.9009055027301502
2026-09-03_10-14-11-226676_earlyRefresh,earlyRefresh,backend-unavailability,1788430526.227000,75.000324,average_request_duration,all,0.9039188508520112
2026-09-03_10-14-11-226676_earlyRefresh,earlyRefresh,backend-unavailability,1788430527.227000,76.000324,average_request_duration,all,0.9271128080002247
2026-09-03_10-14-11-226676_earlyRefresh,earlyRefresh,backend-unavailability,1788430528.227000,77.000324,average_request_duration,all,0.9801278832993832
2026-09-03_10-14-11-226676_earlyRefresh,earlyRefresh,backend-unavailability,1788430529.227000,78.000324,average_request_duration,all,1.0550098033475779
2026-09-03_10-14-11-226676_earlyRefresh,earlyRefresh,backend-unavailability,1788430530.227000,79.000324,average_request_duration,all,1.1019741653460617
2026-09-03_10-14-11-226676_earlyRefresh,earlyRefresh,backend-unavailability,1788430531.227000,80.000324,average_request_duration,all,1.166748943626937
2026-09-03_10-14-11-226676_earlyRefresh,earlyRefresh,backend-unavailability,1788430532.227000,81.000324,average_request_duration,all,1.2401135076868548
2026-09-03_10-14-11-226676_earlyRefresh,earlyRefresh,backend-unavailability,1788430533.227000,82.000324,average_request_duration,all,1.311386026401901
2026-09-03_10-14-11-226676_earlyRefresh,earlyRefresh,backend-unavailability,1788430534.227000,83.000324,average_request_duration,all,1.3986225949400264
2026-09-03_10-14-11-226676_earlyRefresh,earlyRefresh,backend-unavailability,1788430535.227000,84.000324,average_request_duration,all,1.4634179960110765
2026-09-03_10-14-11-226676_earlyRefresh,earlyRefresh,backend-unavailability,1788430536.227000,85.000324,average_request_duration,all,1.494571121702744
2026-09-03_10-14-11-226676_earlyRefresh,earlyRefresh,backend-unavailability,1788430537.227000,86.000324,average_request_duration,all,1.5014252462671647
2026-09-03_10-14-11-226676_earlyRefresh,earlyRefresh,backend-unavailability,1788430538.227000,87.000324,average_request_duration,all,1.5014327910531753
2026-09-03_10-14-11-226676_earlyRefresh,earlyRefresh,backend-unavailability,1788430539.227000,88.000324,average_request_duration,all,1.5014476550504525
2026-09-03_10-14-11-226676_earlyRefresh,earlyRefresh,backend-unavailability,1788430540.227000,89.000324,average_request_duration,all,1.5014466148658878
2026-09-03_10-14-11-226676_earlyRefresh,earlyRefresh,backend-unavailability,1788430541.227000,90.000324,average_request_duration,all,1.5014404917764856
2026-09-03_10-14-11-226676_earlyRefresh,earlyRefresh,backend-unavailability,1788430542.227000,91.000324,average_request_duration,all,1.501434421188556
2026-09-03_10-14-11-226676_earlyRefresh,earlyRefresh,backend-unavailability,1788430543.227000,92.000324,average_request_duration,all,1.5014388249609238
2026-09-03_10-14-11-226676_earlyRefresh,earlyRefresh,backend-unavailability,1788430544.227000,93.000324,average_request_duration,all,1.5014355284335237
2026-09-03_10-14-11-226676_earlyRefresh,earlyRefresh,backend-unavailability,1788430545.227000,94.000324,average_request_duration,all,1.501437393395952
2026-09-03_10-14-11-226676_earlyRefresh,earlyRefresh,backend-unavailability,1788430546.227000,95.000324,average_request_duration,all,1.5014429701430596
2026-09-03_10-14-11-226676_earlyRefresh,earlyRefresh,backend-unavailability,1788430547.227000,96.000324,average_request_duration,all,1.5014526281846512
2026-09-03_10-14-11-226676_earlyRefresh,earlyRefresh,backend-unavailability,1788430548.227000,97.000324,average_request_duration,all,1.501437898285712
2026-09-03_10-14-11-226676_earlyRefresh,earlyRefresh,backend-unavailability,1788430549.227000,98.000324,average_request_duration,all,1.5014409430606044
2026-09-03_10-14-11-226676_earlyRefresh,earlyRefresh,backend-unavailability,1788430550.227000,99.000324,average_request_duration,all,1.5014387688499262
2026-09-03_10-14-11-226676_earlyRefresh,earlyRefresh,backend-unavailability,1788430551.227000,100.000324,average_request_duration,all,1.5014429553924946
2026-09-03_10-14-11-226676_earlyRefresh,earlyRefresh,backend-unavailability,1788430552.227000,101.000324,average_request_duration,all,1.5014423896248192
2026-09-03_10-14-11-226676_earlyRefresh,earlyRefresh,backend-unavailability,1788430553.227000,102.000324,average_request_duration,all,1.5014440489508656
2026-09-03_10-14-11-226676_earlyRefresh,earlyRefresh,backend-unavailability,1788430554.227000,103.000324,average_request_duration,all,1.5014449609668095
2026-09-03_10-14-11-226676_earlyRefresh,earlyRefresh,backend-unavailability,1788430555.227000,104.000324,average_request_duration,all,1.5014426171553041
2026-09-03_10-14-11-226676_earlyRefresh,earlyRefresh,backend-unavailability,1788430556.227000,105.000324,average_request_duration,all,1.5014302884603166
2026-09-03_10-14-11-226676_earlyRefresh,earlyRefresh,backend-unavailability,1788430557.227000,106.000324,average_request_duration,all,1.5014341830595062
2026-09-03_10-14-11-226676_earlyRefresh,earlyRefresh,backend-unavailability,1788430558.227000,107.000324,average_request_duration,all,1.501433080489175
2026-09-03_10-14-11-226676_earlyRefresh,earlyRefresh,backend-unavailability,1788430451.227000,0.000324,average_backend_duration,all,0
2026-09-03_10-14-11-226676_earlyRefresh,earlyRefresh,backend-unavailability,1788430452.227000,1.000324,average_backend_duration,all,0
2026-09-03_10-14-11-226676_earlyRefresh,earlyRefresh,backend-unavailability,1788430453.227000,2.000324,average_backend_duration,all,0.21910224274683088
2026-09-03_10-14-11-226676_earlyRefresh,earlyRefresh,backend-unavailability,1788430454.227000,3.000324,average_backend_duration,all,0.2246313039510753
2026-09-03_10-14-11-226676_earlyRefresh,earlyRefresh,backend-unavailability,1788430455.227000,4.000324,average_backend_duration,all,0.22745154799616668
2026-09-03_10-14-11-226676_earlyRefresh,earlyRefresh,backend-unavailability,1788430456.227000,5.000324,average_backend_duration,all,0.2278171947120856
2026-09-03_10-14-11-226676_earlyRefresh,earlyRefresh,backend-unavailability,1788430457.227000,6.000324,average_backend_duration,all,0.23047100575967522
2026-09-03_10-14-11-226676_earlyRefresh,earlyRefresh,backend-unavailability,1788430458.227000,7.000324,average_backend_duration,all,0.22988327784332874
2026-09-03_10-14-11-226676_earlyRefresh,earlyRefresh,backend-unavailability,1788430459.227000,8.000324,average_backend_duration,all,0.23195197689266273
2026-09-03_10-14-11-226676_earlyRefresh,earlyRefresh,backend-unavailability,1788430460.227000,9.000324,average_backend_duration,all,0.23166283624546538
2026-09-03_10-14-11-226676_earlyRefresh,earlyRefresh,backend-unavailability,1788430461.227000,10.000324,average_backend_duration,all,0.23058872633908065
2026-09-03_10-14-11-226676_earlyRefresh,earlyRefresh,backend-unavailability,1788430462.227000,11.000324,average_backend_duration,all,0.23048769898563368
2026-09-03_10-14-11-226676_earlyRefresh,earlyRefresh,backend-unavailability,1788430463.227000,12.000324,average_backend_duration,all,0.2310836763547803
2026-09-03_10-14-11-226676_earlyRefresh,earlyRefresh,backend-unavailability,1788430464.227000,13.000324,average_backend_duration,all,0.23108573286714565
2026-09-03_10-14-11-226676_earlyRefresh,earlyRefresh,backend-unavailability,1788430465.227000,14.000324,average_backend_duration,all,0.2312077362278481
2026-09-03_10-14-11-226676_earlyRefresh,earlyRefresh,backend-unavailability,1788430466.227000,15.000324,average_backend_duration,all,0.23355857345734674
2026-09-03_10-14-11-226676_earlyRefresh,earlyRefresh,backend-unavailability,1788430467.227000,16.000324,average_backend_duration,all,0.23489146234411382
2026-09-03_10-14-11-226676_earlyRefresh,earlyRefresh,backend-unavailability,1788430468.227000,17.000324,average_backend_duration,all,0.2353142549134157
2026-09-03_10-14-11-226676_earlyRefresh,earlyRefresh,backend-unavailability,1788430469.227000,18.000324,average_backend_duration,all,0.2744359534933999
2026-09-03_10-14-11-226676_earlyRefresh,earlyRefresh,backend-unavailability,1788430470.227000,19.000324,average_backend_duration,all,0.33363043461537645
2026-09-03_10-14-11-226676_earlyRefresh,earlyRefresh,backend-unavailability,1788430471.227000,20.000324,average_backend_duration,all,0.38933951866642047
2026-09-03_10-14-11-226676_earlyRefresh,earlyRefresh,backend-unavailability,1788430472.227000,21.000324,average_backend_duration,all,0.43232912337135243
2026-09-03_10-14-11-226676_earlyRefresh,earlyRefresh,backend-unavailability,1788430473.227000,22.000324,average_backend_duration,all,0.48599943622068953
2026-09-03_10-14-11-226676_earlyRefresh,earlyRefresh,backend-unavailability,1788430474.227000,23.000324,average_backend_duration,all,0.5261011576050956
2026-09-03_10-14-11-226676_earlyRefresh,earlyRefresh,backend-unavailability,1788430475.227000,24.000324,average_backend_duration,all,0.5409450582016165
2026-09-03_10-14-11-226676_earlyRefresh,earlyRefresh,backend-unavailability,1788430476.227000,25.000324,average_backend_duration,all,0.567850551917647
2026-09-03_10-14-11-226676_earlyRefresh,earlyRefresh,backend-unavailability,1788430477.227000,26.000324,average_backend_duration,all,0.5784653014176938
2026-09-03_10-14-11-226676_earlyRefresh,earlyRefresh,backend-unavailability,1788430478.227000,27.000324,average_backend_duration,all,0.578017272344633
2026-09-03_10-14-11-226676_earlyRefresh,earlyRefresh,backend-unavailability,1788430479.227000,28.000324,average_backend_duration,all,0.5543378960058482
2026-09-03_10-14-11-226676_earlyRefresh,earlyRefresh,backend-unavailability,1788430480.227000,29.000324,average_backend_duration,all,0.5188947965889574
2026-09-03_10-14-11-226676_earlyRefresh,earlyRefresh,backend-unavailability,1788430481.227000,30.000324,average_backend_duration,all,0.47865318806491597
2026-09-03_10-14-11-226676_earlyRefresh,earlyRefresh,backend-unavailability,1788430482.227000,31.000324,average_backend_duration,all,0.42586133481481503
2026-09-03_10-14-11-226676_earlyRefresh,earlyRefresh,backend-unavailability,1788430483.227000,32.000324,average_backend_duration,all,0.38477022883808093
2026-09-03_10-14-11-226676_earlyRefresh,earlyRefresh,backend-unavailability,1788430484.227000,33.000324,average_backend_duration,all,0.36827043366455714
2026-09-03_10-14-11-226676_earlyRefresh,earlyRefresh,backend-unavailability,1788430485.227000,34.000324,average_backend_duration,all,0.33119586863636374
2026-09-03_10-14-11-226676_earlyRefresh,earlyRefresh,backend-unavailability,1788430486.227000,35.000324,average_backend_duration,all,0.3127529301764706
2026-09-03_10-14-11-226676_earlyRefresh,earlyRefresh,backend-unavailability,1788430487.227000,36.000324,average_backend_duration,all,0.3154237767025315
2026-09-03_10-14-11-226676_earlyRefresh,earlyRefresh,backend-unavailability,1788430488.227000,37.000324,average_backend_duration,all,0.3351384041746988
2026-09-03_10-14-11-226676_earlyRefresh,earlyRefresh,backend-unavailability,1788430489.227000,38.000324,average_backend_duration,all,0.37073644175294107
2026-09-03_10-14-11-226676_earlyRefresh,earlyRefresh,backend-unavailability,1788430490.227000,39.000324,average_backend_duration,all,0.4022627491834908
2026-09-03_10-14-11-226676_earlyRefresh,earlyRefresh,backend-unavailability,1788430491.227000,40.000324,average_backend_duration,all,0.4371698659896912
2026-09-03_10-14-11-226676_earlyRefresh,earlyRefresh,backend-unavailability,1788430492.227000,41.000324,average_backend_duration,all,0.464875025307416
2026-09-03_10-14-11-226676_earlyRefresh,earlyRefresh,backend-unavailability,1788430493.227000,42.000324,average_backend_duration,all,0.5009284735418995
2026-09-03_10-14-11-226676_earlyRefresh,earlyRefresh,backend-unavailability,1788430494.227000,43.000324,average_backend_duration,all,0.5339450501311567
2026-09-03_10-14-11-226676_earlyRefresh,earlyRefresh,backend-unavailability,1788430495.227000,44.000324,average_backend_duration,all,0.5792876606520153
2026-09-03_10-14-11-226676_earlyRefresh,earlyRefresh,backend-unavailability,1788430496.227000,45.000324,average_backend_duration,all,0.6429822378844292
2026-09-03_10-14-11-226676_earlyRefresh,earlyRefresh,backend-unavailability,1788430497.227000,46.000324,average_backend_duration,all,0.6850956840247959
2026-09-03_10-14-11-226676_earlyRefresh,earlyRefresh,backend-unavailability,1788430498.227000,47.000324,average_backend_duration,all,0.6268142183978503
2026-09-03_10-14-11-226676_earlyRefresh,earlyRefresh,backend-unavailability,1788430499.227000,48.000324,average_backend_duration,all,0.5675764279186019
2026-09-03_10-14-11-226676_earlyRefresh,earlyRefresh,backend-unavailability,1788430500.227000,49.000324,average_backend_duration,all,0.5046661278548396
2026-09-03_10-14-11-226676_earlyRefresh,earlyRefresh,backend-unavailability,1788430501.227000,50.000324,average_backend_duration,all,0.4437747828241768
2026-09-03_10-14-11-226676_earlyRefresh,earlyRefresh,backend-unavailability,1788430502.227000,51.000324,average_backend_duration,all,0.35822962892611954
2026-09-03_10-14-11-226676_earlyRefresh,earlyRefresh,backend-unavailability,1788430503.227000,52.000324,average_backend_duration,all,0.2840879947247176
2026-09-03_10-14-11-226676_earlyRefresh,earlyRefresh,backend-unavailability,1788430504.227000,53.000324,average_backend_duration,all,0.20935079771919315
2026-09-03_10-14-11-226676_earlyRefresh,earlyRefresh,backend-unavailability,1788430505.227000,54.000324,average_backend_duration,all,0.11150476828108374
2026-09-03_10-14-11-226676_earlyRefresh,earlyRefresh,backend-unavailability,1788430506.227000,55.000324,average_backend_duration,all,0.02505554930348285
2026-09-03_10-14-11-226676_earlyRefresh,earlyRefresh,backend-unavailability,1788430507.227000,56.000324,average_backend_duration,all,0.0007383307689066568
2026-09-03_10-14-11-226676_earlyRefresh,earlyRefresh,backend-unavailability,1788430508.227000,57.000324,average_backend_duration,all,0.0007419642654864205
2026-09-03_10-14-11-226676_earlyRefresh,earlyRefresh,backend-unavailability,1788430509.227000,58.000324,average_backend_duration,all,0.0007411419297851762
2026-09-03_10-14-11-226676_earlyRefresh,earlyRefresh,backend-unavailability,1788430510.227000,59.000324,average_backend_duration,all,0.0007445137642828602
2026-09-03_10-14-11-226676_earlyRefresh,earlyRefresh,backend-unavailability,1788430511.227000,60.000324,average_backend_duration,all,0.01469252092548949
2026-09-03_10-14-11-226676_earlyRefresh,earlyRefresh,backend-unavailability,1788430512.227000,61.000324,average_backend_duration,all,0.08323648816129589
2026-09-03_10-14-11-226676_earlyRefresh,earlyRefresh,backend-unavailability,1788430513.227000,62.000324,average_backend_duration,all,0.24022198509160195
2026-09-03_10-14-11-226676_earlyRefresh,earlyRefresh,backend-unavailability,1788430514.227000,63.000324,average_backend_duration,all,0.43604198987588555
2026-09-03_10-14-11-226676_earlyRefresh,earlyRefresh,backend-unavailability,1788430515.227000,64.000324,average_backend_duration,all,0.655328140819367
2026-09-03_10-14-11-226676_earlyRefresh,earlyRefresh,backend-unavailability,1788430516.227000,65.000324,average_backend_duration,all,0.8425540640543949
2026-09-03_10-14-11-226676_earlyRefresh,earlyRefresh,backend-unavailability,1788430517.227000,66.000324,average_backend_duration,all,1.01114422849367
2026-09-03_10-14-11-226676_earlyRefresh,earlyRefresh,backend-unavailability,1788430518.227000,67.000324,average_backend_duration,all,1.1767983918000329
2026-09-03_10-14-11-226676_earlyRefresh,earlyRefresh,backend-unavailability,1788430519.227000,68.000324,average_backend_duration,all,1.3594316828738995
2026-09-03_10-14-11-226676_earlyRefresh,earlyRefresh,backend-unavailability,1788430520.227000,69.000324,average_backend_duration,all,1.4530062420210759
2026-09-03_10-14-11-226676_earlyRefresh,earlyRefresh,backend-unavailability,1788430521.227000,70.000324,average_backend_duration,all,1.4934069129105259
2026-09-03_10-14-11-226676_earlyRefresh,earlyRefresh,backend-unavailability,1788430522.227000,71.000324,average_backend_duration,all,1.50100627539801
2026-09-03_10-14-11-226676_earlyRefresh,earlyRefresh,backend-unavailability,1788430523.227000,72.000324,average_backend_duration,all,1.5010060978221151
2026-09-03_10-14-11-226676_earlyRefresh,earlyRefresh,backend-unavailability,1788430524.227000,73.000324,average_backend_duration,all,1.501009907200489
2026-09-03_10-14-11-226676_earlyRefresh,earlyRefresh,backend-unavailability,1788430525.227000,74.000324,average_backend_duration,all,1.5010108984558073
2026-09-03_10-14-11-226676_earlyRefresh,earlyRefresh,backend-unavailability,1788430526.227000,75.000324,average_backend_duration,all,1.5010079911789982
2026-09-03_10-14-11-226676_earlyRefresh,earlyRefresh,backend-unavailability,1788430527.227000,76.000324,average_backend_duration,all,1.5009955937432737
2026-09-03_10-14-11-226676_earlyRefresh,earlyRefresh,backend-unavailability,1788430528.227000,77.000324,average_backend_duration,all,1.5010044947234058
2026-09-03_10-14-11-226676_earlyRefresh,earlyRefresh,backend-unavailability,1788430529.227000,78.000324,average_backend_duration,all,1.5009943854150627
2026-09-03_10-14-11-226676_earlyRefresh,earlyRefresh,backend-unavailability,1788430530.227000,79.000324,average_backend_duration,all,1.500988416350334
2026-09-03_10-14-11-226676_earlyRefresh,earlyRefresh,backend-unavailability,1788430531.227000,80.000324,average_backend_duration,all,1.500988033326694
2026-09-03_10-14-11-226676_earlyRefresh,earlyRefresh,backend-unavailability,1788430532.227000,81.000324,average_backend_duration,all,1.5010005201412866
2026-09-03_10-14-11-226676_earlyRefresh,earlyRefresh,backend-unavailability,1788430533.227000,82.000324,average_backend_duration,all,1.5010075268115959
2026-09-03_10-14-11-226676_earlyRefresh,earlyRefresh,backend-unavailability,1788430534.227000,83.000324,average_backend_duration,all,1.5009961911661933
2026-09-03_10-14-11-226676_earlyRefresh,earlyRefresh,backend-unavailability,1788430535.227000,84.000324,average_backend_duration,all,1.5010005817840917
2026-09-03_10-14-11-226676_earlyRefresh,earlyRefresh,backend-unavailability,1788430536.227000,85.000324,average_backend_duration,all,1.5010101000428804
2026-09-03_10-14-11-226676_earlyRefresh,earlyRefresh,backend-unavailability,1788430537.227000,86.000324,average_backend_duration,all,1.500999136195524
2026-09-03_10-14-11-226676_earlyRefresh,earlyRefresh,backend-unavailability,1788430538.227000,87.000324,average_backend_duration,all,1.5010068518936508
2026-09-03_10-14-11-226676_earlyRefresh,earlyRefresh,backend-unavailability,1788430539.227000,88.000324,average_backend_duration,all,1.5010177526400728
2026-09-03_10-14-11-226676_earlyRefresh,earlyRefresh,backend-unavailability,1788430540.227000,89.000324,average_backend_duration,all,1.501017868793005
2026-09-03_10-14-11-226676_earlyRefresh,earlyRefresh,backend-unavailability,1788430541.227000,90.000324,average_backend_duration,all,1.501011518915824
2026-09-03_10-14-11-226676_earlyRefresh,earlyRefresh,backend-unavailability,1788430542.227000,91.000324,average_backend_duration,all,1.5010043250350829
2026-09-03_10-14-11-226676_earlyRefresh,earlyRefresh,backend-unavailability,1788430543.227000,92.000324,average_backend_duration,all,1.5010115157308268
2026-09-03_10-14-11-226676_earlyRefresh,earlyRefresh,backend-unavailability,1788430544.227000,93.000324,average_backend_duration,all,1.5010085127630084
2026-09-03_10-14-11-226676_earlyRefresh,earlyRefresh,backend-unavailability,1788430545.227000,94.000324,average_backend_duration,all,1.501011287192199
2026-09-03_10-14-11-226676_earlyRefresh,earlyRefresh,backend-unavailability,1788430546.227000,95.000324,average_backend_duration,all,1.501016953440753
2026-09-03_10-14-11-226676_earlyRefresh,earlyRefresh,backend-unavailability,1788430547.227000,96.000324,average_backend_duration,all,1.501023338926613
2026-09-03_10-14-11-226676_earlyRefresh,earlyRefresh,backend-unavailability,1788430548.227000,97.000324,average_backend_duration,all,1.5010123765353542
2026-09-03_10-14-11-226676_earlyRefresh,earlyRefresh,backend-unavailability,1788430549.227000,98.000324,average_backend_duration,all,1.501014391584417
2026-09-03_10-14-11-226676_earlyRefresh,earlyRefresh,backend-unavailability,1788430550.227000,99.000324,average_backend_duration,all,1.5010124265396823
2026-09-03_10-14-11-226676_earlyRefresh,earlyRefresh,backend-unavailability,1788430551.227000,100.000324,average_backend_duration,all,1.5010186821240983
2026-09-03_10-14-11-226676_earlyRefresh,earlyRefresh,backend-unavailability,1788430552.227000,101.000324,average_backend_duration,all,1.5010198724502166
2026-09-03_10-14-11-226676_earlyRefresh,earlyRefresh,backend-unavailability,1788430553.227000,102.000324,average_backend_duration,all,1.5010226913116884
2026-09-03_10-14-11-226676_earlyRefresh,earlyRefresh,backend-unavailability,1788430554.227000,103.000324,average_backend_duration,all,1.501023036806637
2026-09-03_10-14-11-226676_earlyRefresh,earlyRefresh,backend-unavailability,1788430555.227000,104.000324,average_backend_duration,all,1.501019854815735
2026-09-03_10-14-11-226676_earlyRefresh,earlyRefresh,backend-unavailability,1788430556.227000,105.000324,average_backend_duration,all,1.501010032383837
2026-09-03_10-14-11-226676_earlyRefresh,earlyRefresh,backend-unavailability,1788430557.227000,106.000324,average_backend_duration,all,1.5010150793267931
2026-09-03_10-14-11-226676_earlyRefresh,earlyRefresh,backend-unavailability,1788430558.227000,107.000324,average_backend_duration,all,1.5010142847965338
2026-09-03_10-14-11-226676_earlyRefresh,earlyRefresh,backend-unavailability,1788430451.227000,0.000324,failure_amplification_factor,all,0
2026-09-03_10-14-11-226676_earlyRefresh,earlyRefresh,backend-unavailability,1788430452.227000,1.000324,failure_amplification_factor,all,0
2026-09-03_10-14-11-226676_earlyRefresh,earlyRefresh,backend-unavailability,1788430453.227000,2.000324,failure_amplification_factor,all,1.9640828881627888
2026-09-03_10-14-11-226676_earlyRefresh,earlyRefresh,backend-unavailability,1788430454.227000,3.000324,failure_amplification_factor,all,1.190592034289769
2026-09-03_10-14-11-226676_earlyRefresh,earlyRefresh,backend-unavailability,1788430455.227000,4.000324,failure_amplification_factor,all,0.7863853740469422
2026-09-03_10-14-11-226676_earlyRefresh,earlyRefresh,backend-unavailability,1788430456.227000,5.000324,failure_amplification_factor,all,0.7435247905554327
2026-09-03_10-14-11-226676_earlyRefresh,earlyRefresh,backend-unavailability,1788430457.227000,6.000324,failure_amplification_factor,all,0.6259208690850281
2026-09-03_10-14-11-226676_earlyRefresh,earlyRefresh,backend-unavailability,1788430458.227000,7.000324,failure_amplification_factor,all,0.47939500145302677
2026-09-03_10-14-11-226676_earlyRefresh,earlyRefresh,backend-unavailability,1788430459.227000,8.000324,failure_amplification_factor,all,0.4556097323349646
2026-09-03_10-14-11-226676_earlyRefresh,earlyRefresh,backend-unavailability,1788430460.227000,9.000324,failure_amplification_factor,all,0.38210165008820424
2026-09-03_10-14-11-226676_earlyRefresh,earlyRefresh,backend-unavailability,1788430461.227000,10.000324,failure_amplification_factor,all,0.33824623219044087
2026-09-03_10-14-11-226676_earlyRefresh,earlyRefresh,backend-unavailability,1788430462.227000,11.000324,failure_amplification_factor,all,0.3166155208961354
2026-09-03_10-14-11-226676_earlyRefresh,earlyRefresh,backend-unavailability,1788430463.227000,12.000324,failure_amplification_factor,all,0.28110482055546304
2026-09-03_10-14-11-226676_earlyRefresh,earlyRefresh,backend-unavailability,1788430464.227000,13.000324,failure_amplification_factor,all,0.26548527499039043
2026-09-03_10-14-11-226676_earlyRefresh,earlyRefresh,backend-unavailability,1788430465.227000,14.000324,failure_amplification_factor,all,0.24989516389111724
2026-09-03_10-14-11-226676_earlyRefresh,earlyRefresh,backend-unavailability,1788430466.227000,15.000324,failure_amplification_factor,all,0.24829173796725942
2026-09-03_10-14-11-226676_earlyRefresh,earlyRefresh,backend-unavailability,1788430467.227000,16.000324,failure_amplification_factor,all,0.23500061351005988
2026-09-03_10-14-11-226676_earlyRefresh,earlyRefresh,backend-unavailability,1788430468.227000,17.000324,failure_amplification_factor,all,0.23647864950891415
2026-09-03_10-14-11-226676_earlyRefresh,earlyRefresh,backend-unavailability,1788430469.227000,18.000324,failure_amplification_factor,all,0.24572150790740976
2026-09-03_10-14-11-226676_earlyRefresh,earlyRefresh,backend-unavailability,1788430470.227000,19.000324,failure_amplification_factor,all,0.2463341984606347
2026-09-03_10-14-11-226676_earlyRefresh,earlyRefresh,backend-unavailability,1788430471.227000,20.000324,failure_amplification_factor,all,0.24572475646942887
2026-09-03_10-14-11-226676_earlyRefresh,earlyRefresh,backend-unavailability,1788430472.227000,21.000324,failure_amplification_factor,all,0.251872974812201
2026-09-03_10-14-11-226676_earlyRefresh,earlyRefresh,backend-unavailability,1788430473.227000,22.000324,failure_amplification_factor,all,0.24976831937753627
2026-09-03_10-14-11-226676_earlyRefresh,earlyRefresh,backend-unavailability,1788430474.227000,23.000324,failure_amplification_factor,all,0.2437678471465798
2026-09-03_10-14-11-226676_earlyRefresh,earlyRefresh,backend-unavailability,1788430475.227000,24.000324,failure_amplification_factor,all,0.24947393680815824
2026-09-03_10-14-11-226676_earlyRefresh,earlyRefresh,backend-unavailability,1788430476.227000,25.000324,failure_amplification_factor,all,0.24578489510942142
2026-09-03_10-14-11-226676_earlyRefresh,earlyRefresh,backend-unavailability,1788430477.227000,26.000324,failure_amplification_factor,all,0.2447084767122099
2026-09-03_10-14-11-226676_earlyRefresh,earlyRefresh,backend-unavailability,1788430478.227000,27.000324,failure_amplification_factor,all,0.24270650825172185
2026-09-03_10-14-11-226676_earlyRefresh,earlyRefresh,backend-unavailability,1788430479.227000,28.000324,failure_amplification_factor,all,0.23650345196761613
2026-09-03_10-14-11-226676_earlyRefresh,earlyRefresh,backend-unavailability,1788430480.227000,29.000324,failure_amplification_factor,all,0.23553712715026018
2026-09-03_10-14-11-226676_earlyRefresh,earlyRefresh,backend-unavailability,1788430481.227000,30.000324,failure_amplification_factor,all,0.23663088999587437
2026-09-03_10-14-11-226676_earlyRefresh,earlyRefresh,backend-unavailability,1788430482.227000,31.000324,failure_amplification_factor,all,0.2369119461683936
2026-09-03_10-14-11-226676_earlyRefresh,earlyRefresh,backend-unavailability,1788430483.227000,32.000324,failure_amplification_factor,all,0.23676410430845796
2026-09-03_10-14-11-226676_earlyRefresh,earlyRefresh,backend-unavailability,1788430484.227000,33.000324,failure_amplification_factor,all,0.23545673118574859
2026-09-03_10-14-11-226676_earlyRefresh,earlyRefresh,backend-unavailability,1788430485.227000,34.000324,failure_amplification_factor,all,0.23837233042475803
2026-09-03_10-14-11-226676_earlyRefresh,earlyRefresh,backend-unavailability,1788430486.227000,35.000324,failure_amplification_factor,all,0.24046891654766508
2026-09-03_10-14-11-226676_earlyRefresh,earlyRefresh,backend-unavailability,1788430487.227000,36.000324,failure_amplification_factor,all,0.2408183397463521
2026-09-03_10-14-11-226676_earlyRefresh,earlyRefresh,backend-unavailability,1788430488.227000,37.000324,failure_amplification_factor,all,0.2424597271515925
2026-09-03_10-14-11-226676_earlyRefresh,earlyRefresh,backend-unavailability,1788430489.227000,38.000324,failure_amplification_factor,all,0.24281247806527992
2026-09-03_10-14-11-226676_earlyRefresh,earlyRefresh,backend-unavailability,1788430490.227000,39.000324,failure_amplification_factor,all,0.24304105149503605
2026-09-03_10-14-11-226676_earlyRefresh,earlyRefresh,backend-unavailability,1788430491.227000,40.000324,failure_amplification_factor,all,0.24488520653516985
2026-09-03_10-14-11-226676_earlyRefresh,earlyRefresh,backend-unavailability,1788430492.227000,41.000324,failure_amplification_factor,all,0.24433540300259318
2026-09-03_10-14-11-226676_earlyRefresh,earlyRefresh,backend-unavailability,1788430493.227000,42.000324,failure_amplification_factor,all,0.2455600983999957
2026-09-03_10-14-11-226676_earlyRefresh,earlyRefresh,backend-unavailability,1788430494.227000,43.000324,failure_amplification_factor,all,0.24791218203319143
2026-09-03_10-14-11-226676_earlyRefresh,earlyRefresh,backend-unavailability,1788430495.227000,44.000324,failure_amplification_factor,all,0.24887808955778232
2026-09-03_10-14-11-226676_earlyRefresh,earlyRefresh,backend-unavailability,1788430496.227000,45.000324,failure_amplification_factor,all,0.24659481603746683
2026-09-03_10-14-11-226676_earlyRefresh,earlyRefresh,backend-unavailability,1788430497.227000,46.000324,failure_amplification_factor,all,0.24454301287791344
2026-09-03_10-14-11-226676_earlyRefresh,earlyRefresh,backend-unavailability,1788430498.227000,47.000324,failure_amplification_factor,all,0.24309486899796598
2026-09-03_10-14-11-226676_earlyRefresh,earlyRefresh,backend-unavailability,1788430499.227000,48.000324,failure_amplification_factor,all,0.24310565510741033
2026-09-03_10-14-11-226676_earlyRefresh,earlyRefresh,backend-unavailability,1788430500.227000,49.000324,failure_amplification_factor,all,0.24326892346421308
2026-09-03_10-14-11-226676_earlyRefresh,earlyRefresh,backend-unavailability,1788430501.227000,50.000324,failure_amplification_factor,all,0.24419648500033786
2026-09-03_10-14-11-226676_earlyRefresh,earlyRefresh,backend-unavailability,1788430502.227000,51.000324,failure_amplification_factor,all,0.24644455425341574
2026-09-03_10-14-11-226676_earlyRefresh,earlyRefresh,backend-unavailability,1788430503.227000,52.000324,failure_amplification_factor,all,0.24844404424596975
2026-09-03_10-14-11-226676_earlyRefresh,earlyRefresh,backend-unavailability,1788430504.227000,53.000324,failure_amplification_factor,all,0.2487695130589087
2026-09-03_10-14-11-226676_earlyRefresh,earlyRefresh,backend-unavailability,1788430505.227000,54.000324,failure_amplification_factor,all,0.24949311906230665
2026-09-03_10-14-11-226676_earlyRefresh,earlyRefresh,backend-unavailability,1788430506.227000,55.000324,failure_amplification_factor,all,0.2511634546010502
2026-09-03_10-14-11-226676_earlyRefresh,earlyRefresh,backend-unavailability,1788430507.227000,56.000324,failure_amplification_factor,all,0.25533407872059105
2026-09-03_10-14-11-226676_earlyRefresh,earlyRefresh,backend-unavailability,1788430508.227000,57.000324,failure_amplification_factor,all,0.25920450311368975
2026-09-03_10-14-11-226676_earlyRefresh,earlyRefresh,backend-unavailability,1788430509.227000,58.000324,failure_amplification_factor,all,0.2630467205895047
2026-09-03_10-14-11-226676_earlyRefresh,earlyRefresh,backend-unavailability,1788430510.227000,59.000324,failure_amplification_factor,all,0.26865856010254574
2026-09-03_10-14-11-226676_earlyRefresh,earlyRefresh,backend-unavailability,1788430511.227000,60.000324,failure_amplification_factor,all,0.27723091955804297
2026-09-03_10-14-11-226676_earlyRefresh,earlyRefresh,backend-unavailability,1788430512.227000,61.000324,failure_amplification_factor,all,0.28458280124486895
2026-09-03_10-14-11-226676_earlyRefresh,earlyRefresh,backend-unavailability,1788430513.227000,62.000324,failure_amplification_factor,all,0.2923332365472132
2026-09-03_10-14-11-226676_earlyRefresh,earlyRefresh,backend-unavailability,1788430514.227000,63.000324,failure_amplification_factor,all,0.2966782022770967
2026-09-03_10-14-11-226676_earlyRefresh,earlyRefresh,backend-unavailability,1788430515.227000,64.000324,failure_amplification_factor,all,0.29956586667795443
2026-09-03_10-14-11-226676_earlyRefresh,earlyRefresh,backend-unavailability,1788430516.227000,65.000324,failure_amplification_factor,all,0.3053573718266583
2026-09-03_10-14-11-226676_earlyRefresh,earlyRefresh,backend-unavailability,1788430517.227000,66.000324,failure_amplification_factor,all,0.3119344764742747
2026-09-03_10-14-11-226676_earlyRefresh,earlyRefresh,backend-unavailability,1788430518.227000,67.000324,failure_amplification_factor,all,0.3156187967958807
2026-09-03_10-14-11-226676_earlyRefresh,earlyRefresh,backend-unavailability,1788430519.227000,68.000324,failure_amplification_factor,all,0.3195798274746502
2026-09-03_10-14-11-226676_earlyRefresh,earlyRefresh,backend-unavailability,1788430520.227000,69.000324,failure_amplification_factor,all,0.3243505651040796
2026-09-03_10-14-11-226676_earlyRefresh,earlyRefresh,backend-unavailability,1788430521.227000,70.000324,failure_amplification_factor,all,0.3330702626491359
2026-09-03_10-14-11-226676_earlyRefresh,earlyRefresh,backend-unavailability,1788430522.227000,71.000324,failure_amplification_factor,all,0.33614993450437625
2026-09-03_10-14-11-226676_earlyRefresh,earlyRefresh,backend-unavailability,1788430523.227000,72.000324,failure_amplification_factor,all,0.33972719280392444
2026-09-03_10-14-11-226676_earlyRefresh,earlyRefresh,backend-unavailability,1788430524.227000,73.000324,failure_amplification_factor,all,0.3438226266289015
2026-09-03_10-14-11-226676_earlyRefresh,earlyRefresh,backend-unavailability,1788430525.227000,74.000324,failure_amplification_factor,all,0.34631283391174056
2026-09-03_10-14-11-226676_earlyRefresh,earlyRefresh,backend-unavailability,1788430526.227000,75.000324,failure_amplification_factor,all,0.3516393660000479
2026-09-03_10-14-11-226676_earlyRefresh,earlyRefresh,backend-unavailability,1788430527.227000,76.000324,failure_amplification_factor,all,0.3610592475526839
2026-09-03_10-14-11-226676_earlyRefresh,earlyRefresh,backend-unavailability,1788430528.227000,77.000324,failure_amplification_factor,all,0.3703423974095134
2026-09-03_10-14-11-226676_earlyRefresh,earlyRefresh,backend-unavailability,1788430529.227000,78.000324,failure_amplification_factor,all,0.3793474899491893
2026-09-03_10-14-11-226676_earlyRefresh,earlyRefresh,backend-unavailability,1788430530.227000,79.000324,failure_amplification_factor,all,0.38816799805832364
2026-09-03_10-14-11-226676_earlyRefresh,earlyRefresh,backend-unavailability,1788430531.227000,80.000324,failure_amplification_factor,all,0.39671448024711653
2026-09-03_10-14-11-226676_earlyRefresh,earlyRefresh,backend-unavailability,1788430532.227000,81.000324,failure_amplification_factor,all,0.40521486432210235
2026-09-03_10-14-11-226676_earlyRefresh,earlyRefresh,backend-unavailability,1788430533.227000,82.000324,failure_amplification_factor,all,0.41333758921678626
2026-09-03_10-14-11-226676_earlyRefresh,earlyRefresh,backend-unavailability,1788430534.227000,83.000324,failure_amplification_factor,all,0.42142329383890076
2026-09-03_10-14-11-226676_earlyRefresh,earlyRefresh,backend-unavailability,1788430535.227000,84.000324,failure_amplification_factor,all,0.4292915897891986
2026-09-03_10-14-11-226676_earlyRefresh,earlyRefresh,backend-unavailability,1788430536.227000,85.000324,failure_amplification_factor,all,0.4368777707528008
2026-09-03_10-14-11-226676_earlyRefresh,earlyRefresh,backend-unavailability,1788430537.227000,86.000324,failure_amplification_factor,all,0.4440942610437259
2026-09-03_10-14-11-226676_earlyRefresh,earlyRefresh,backend-unavailability,1788430538.227000,87.000324,failure_amplification_factor,all,0.45136573047848433
2026-09-03_10-14-11-226676_earlyRefresh,earlyRefresh,backend-unavailability,1788430539.227000,88.000324,failure_amplification_factor,all,0.4583772875872562
2026-09-03_10-14-11-226676_earlyRefresh,earlyRefresh,backend-unavailability,1788430540.227000,89.000324,failure_amplification_factor,all,0.4652188648837119
2026-09-03_10-14-11-226676_earlyRefresh,earlyRefresh,backend-unavailability,1788430541.227000,90.000324,failure_amplification_factor,all,0.47188029427655354
2026-09-03_10-14-11-226676_earlyRefresh,earlyRefresh,backend-unavailability,1788430542.227000,91.000324,failure_amplification_factor,all,0.4783871842656701
2026-09-03_10-14-11-226676_earlyRefresh,earlyRefresh,backend-unavailability,1788430543.227000,92.000324,failure_amplification_factor,all,0.4847310984823975
2026-09-03_10-14-11-226676_earlyRefresh,earlyRefresh,backend-unavailability,1788430544.227000,93.000324,failure_amplification_factor,all,0.4909223478607321
2026-09-03_10-14-11-226676_earlyRefresh,earlyRefresh,backend-unavailability,1788430545.227000,94.000324,failure_amplification_factor,all,0.49696667738270456
2026-09-03_10-14-11-226676_earlyRefresh,earlyRefresh,backend-unavailability,1788430546.227000,95.000324,failure_amplification_factor,all,0.5028689615858959
2026-09-03_10-14-11-226676_earlyRefresh,earlyRefresh,backend-unavailability,1788430547.227000,96.000324,failure_amplification_factor,all,0.5086344435804834
2026-09-03_10-14-11-226676_earlyRefresh,earlyRefresh,backend-unavailability,1788430548.227000,97.000324,failure_amplification_factor,all,0.5142675366021635
2026-09-03_10-14-11-226676_earlyRefresh,earlyRefresh,backend-unavailability,1788430549.227000,98.000324,failure_amplification_factor,all,0.5197730371089123
2026-09-03_10-14-11-226676_earlyRefresh,earlyRefresh,backend-unavailability,1788430550.227000,99.000324,failure_amplification_factor,all,0.525154948641359
2026-09-03_10-14-11-226676_earlyRefresh,earlyRefresh,backend-unavailability,1788430551.227000,100.000324,failure_amplification_factor,all,0.5304126648813351
2026-09-03_10-14-11-226676_earlyRefresh,earlyRefresh,backend-unavailability,1788430552.227000,101.000324,failure_amplification_factor,all,0.5355559060196665
2026-09-03_10-14-11-226676_earlyRefresh,earlyRefresh,backend-unavailability,1788430553.227000,102.000324,failure_amplification_factor,all,0.5406588483268148
2026-09-03_10-14-11-226676_earlyRefresh,earlyRefresh,backend-unavailability,1788430554.227000,103.000324,failure_amplification_factor,all,0.5455011579199565
2026-09-03_10-14-11-226676_earlyRefresh,earlyRefresh,backend-unavailability,1788430555.227000,104.000324,failure_amplification_factor,all,0.5503885623528988
2026-09-03_10-14-11-226676_earlyRefresh,earlyRefresh,backend-unavailability,1788430556.227000,105.000324,failure_amplification_factor,all,0.5550278336083171
2026-09-03_10-14-11-226676_earlyRefresh,earlyRefresh,backend-unavailability,1788430557.227000,106.000324,failure_amplification_factor,all,0.5596398075235292
2026-09-03_10-14-11-226676_earlyRefresh,earlyRefresh,backend-unavailability,1788430558.227000,107.000324,failure_amplification_factor,all,0.5541423643347743
2026-09-03_10-14-11-226676_earlyRefresh,earlyRefresh,backend-unavailability,1788430451.227000,0.000324,cache_hit_ratio_total,all,0
2026-09-03_10-14-11-226676_earlyRefresh,earlyRefresh,backend-unavailability,1788430452.227000,1.000324,cache_hit_ratio_total,all,0
2026-09-03_10-14-11-226676_earlyRefresh,earlyRefresh,backend-unavailability,1788430453.227000,2.000324,cache_hit_ratio_total,all,0
2026-09-03_10-14-11-226676_earlyRefresh,earlyRefresh,backend-unavailability,1788430454.227000,3.000324,cache_hit_ratio_total,all,0.14285714285714285
2026-09-03_10-14-11-226676_earlyRefresh,earlyRefresh,backend-unavailability,1788430455.227000,4.000324,cache_hit_ratio_total,all,0.2661732585895607
2026-09-03_10-14-11-226676_earlyRefresh,earlyRefresh,backend-unavailability,1788430456.227000,5.000324,cache_hit_ratio_total,all,0.36731311383543597
2026-09-03_10-14-11-226676_earlyRefresh,earlyRefresh,backend-unavailability,1788430457.227000,6.000324,cache_hit_ratio_total,all,0.4318468994842412
2026-09-03_10-14-11-226676_earlyRefresh,earlyRefresh,backend-unavailability,1788430458.227000,7.000324,cache_hit_ratio_total,all,0.5324899465553861
2026-09-03_10-14-11-226676_earlyRefresh,earlyRefresh,backend-unavailability,1788430459.227000,8.000324,cache_hit_ratio_total,all,0.5660575740056606
2026-09-03_10-14-11-226676_earlyRefresh,earlyRefresh,backend-unavailability,1788430460.227000,9.000324,cache_hit_ratio_total,all,0.6295623920800696
2026-09-03_10-14-11-226676_earlyRefresh,earlyRefresh,backend-unavailability,1788430461.227000,10.000324,cache_hit_ratio_total,all,0.6752028940525032
2026-09-03_10-14-11-226676_earlyRefresh,earlyRefresh,backend-unavailability,1788430462.227000,11.000324,cache_hit_ratio_total,all,0.7033304611825768
2026-09-03_10-14-11-226676_earlyRefresh,earlyRefresh,backend-unavailability,1788430463.227000,12.000324,cache_hit_ratio_total,all,0.7466157483825762
2026-09-03_10-14-11-226676_earlyRefresh,earlyRefresh,backend-unavailability,1788430464.227000,13.000324,cache_hit_ratio_total,all,0.7839655511781085
2026-09-03_10-14-11-226676_earlyRefresh,earlyRefresh,backend-unavailability,1788430465.227000,14.000324,cache_hit_ratio_total,all,0.8039702233250619
2026-09-03_10-14-11-226676_earlyRefresh,earlyRefresh,backend-unavailability,1788430466.227000,15.000324,cache_hit_ratio_total,all,0.8179772217483966
2026-09-03_10-14-11-226676_earlyRefresh,earlyRefresh,backend-unavailability,1788430467.227000,16.000324,cache_hit_ratio_total,all,0.823770639248009
2026-09-03_10-14-11-226676_earlyRefresh,earlyRefresh,backend-unavailability,1788430468.227000,17.000324,cache_hit_ratio_total,all,0.8377855862182438
2026-09-03_10-14-11-226676_earlyRefresh,earlyRefresh,backend-unavailability,1788430469.227000,18.000324,cache_hit_ratio_total,all,0.8207879331275703
2026-09-03_10-14-11-226676_earlyRefresh,earlyRefresh,backend-unavailability,1788430470.227000,19.000324,cache_hit_ratio_total,all,0.8122860733857042
2026-09-03_10-14-11-226676_earlyRefresh,earlyRefresh,backend-unavailability,1788430471.227000,20.000324,cache_hit_ratio_total,all,0.7990359232304342
2026-09-03_10-14-11-226676_earlyRefresh,earlyRefresh,backend-unavailability,1788430472.227000,21.000324,cache_hit_ratio_total,all,0.7858265404747524
2026-09-03_10-14-11-226676_earlyRefresh,earlyRefresh,backend-unavailability,1788430473.227000,22.000324,cache_hit_ratio_total,all,0.7796352583586625
2026-09-03_10-14-11-226676_earlyRefresh,earlyRefresh,backend-unavailability,1788430474.227000,23.000324,cache_hit_ratio_total,all,0.7680945347119645
2026-09-03_10-14-11-226676_earlyRefresh,earlyRefresh,backend-unavailability,1788430475.227000,24.000324,cache_hit_ratio_total,all,0.7631583820933522
2026-09-03_10-14-11-226676_earlyRefresh,earlyRefresh,backend-unavailability,1788430476.227000,25.000324,cache_hit_ratio_total,all,0.75254730713246
2026-09-03_10-14-11-226676_earlyRefresh,earlyRefresh,backend-unavailability,1788430477.227000,26.000324,cache_hit_ratio_total,all,0.7406341658750495
2026-09-03_10-14-11-226676_earlyRefresh,earlyRefresh,backend-unavailability,1788430478.227000,27.000324,cache_hit_ratio_total,all,0.7467811158798283
2026-09-03_10-14-11-226676_earlyRefresh,earlyRefresh,backend-unavailability,1788430479.227000,28.000324,cache_hit_ratio_total,all,0.7571022727272727
2026-09-03_10-14-11-226676_earlyRefresh,earlyRefresh,backend-unavailability,1788430480.227000,29.000324,cache_hit_ratio_total,all,0.7654676258992805
2026-09-03_10-14-11-226676_earlyRefresh,earlyRefresh,backend-unavailability,1788430481.227000,30.000324,cache_hit_ratio_total,all,0.7709832350348037
2026-09-03_10-14-11-226676_earlyRefresh,earlyRefresh,backend-unavailability,1788430482.227000,31.000324,cache_hit_ratio_total,all,0.768901569186876
2026-09-03_10-14-11-226676_earlyRefresh,earlyRefresh,backend-unavailability,1788430483.227000,32.000324,cache_hit_ratio_total,all,0.7726628625666258
2026-09-03_10-14-11-226676_earlyRefresh,earlyRefresh,backend-unavailability,1788430484.227000,33.000324,cache_hit_ratio_total,all,0.7753934191702432
2026-09-03_10-14-11-226676_earlyRefresh,earlyRefresh,backend-unavailability,1788430485.227000,34.000324,cache_hit_ratio_total,all,0.7777777777777778
2026-09-03_10-14-11-226676_earlyRefresh,earlyRefresh,backend-unavailability,1788430486.227000,35.000324,cache_hit_ratio_total,all,0.7776162790697674
2026-09-03_10-14-11-226676_earlyRefresh,earlyRefresh,backend-unavailability,1788430487.227000,36.000324,cache_hit_ratio_total,all,0.7713458755426917
2026-09-03_10-14-11-226676_earlyRefresh,earlyRefresh,backend-unavailability,1788430488.227000,37.000324,cache_hit_ratio_total,all,0.7569546120058567
2026-09-03_10-14-11-226676_earlyRefresh,earlyRefresh,backend-unavailability,1788430489.227000,38.000324,cache_hit_ratio_total,all,0.752906976744186
2026-09-03_10-14-11-226676_earlyRefresh,earlyRefresh,backend-unavailability,1788430490.227000,39.000324,cache_hit_ratio_total,all,0.7481792205977126
2026-09-03_10-14-11-226676_earlyRefresh,earlyRefresh,backend-unavailability,1788430491.227000,40.000324,cache_hit_ratio_total,all,0.7474464517359911
2026-09-03_10-14-11-226676_earlyRefresh,earlyRefresh,backend-unavailability,1788430492.227000,41.000324,cache_hit_ratio_total,all,0.7423599727963552
2026-09-03_10-14-11-226676_earlyRefresh,earlyRefresh,backend-unavailability,1788430493.227000,42.000324,cache_hit_ratio_total,all,0.737609329446064
2026-09-03_10-14-11-226676_earlyRefresh,earlyRefresh,backend-unavailability,1788430494.227000,43.000324,cache_hit_ratio_total,all,0.734306213219778
2026-09-03_10-14-11-226676_earlyRefresh,earlyRefresh,backend-unavailability,1788430495.227000,44.000324,cache_hit_ratio_total,all,0.7357652711673509
2026-09-03_10-14-11-226676_earlyRefresh,earlyRefresh,backend-unavailability,1788430496.227000,45.000324,cache_hit_ratio_total,all,0.7394476546803362
2026-09-03_10-14-11-226676_earlyRefresh,earlyRefresh,backend-unavailability,1788430497.227000,46.000324,cache_hit_ratio_total,all,0.7442861111331582
2026-09-03_10-14-11-226676_earlyRefresh,earlyRefresh,backend-unavailability,1788430498.227000,47.000324,cache_hit_ratio_total,all,0.7357954545454545
2026-09-03_10-14-11-226676_earlyRefresh,earlyRefresh,backend-unavailability,1788430499.227000,48.000324,cache_hit_ratio_total,all,0.7365433957132644
2026-09-03_10-14-11-226676_earlyRefresh,earlyRefresh,backend-unavailability,1788430500.227000,49.000324,cache_hit_ratio_total,all,0.736543909348442
2026-09-03_10-14-11-226676_earlyRefresh,earlyRefresh,backend-unavailability,1788430501.227000,50.000324,cache_hit_ratio_total,all,0.7418439716312057
2026-09-03_10-14-11-226676_earlyRefresh,earlyRefresh,backend-unavailability,1788430502.227000,51.000324,cache_hit_ratio_total,all,0.7315337386903852
2026-09-03_10-14-11-226676_earlyRefresh,earlyRefresh,backend-unavailability,1788430503.227000,52.000324,cache_hit_ratio_total,all,0.7253527232254918
2026-09-03_10-14-11-226676_earlyRefresh,earlyRefresh,backend-unavailability,1788430504.227000,53.000324,cache_hit_ratio_total,all,0.7275277777951161
2026-09-03_10-14-11-226676_earlyRefresh,earlyRefresh,backend-unavailability,1788430505.227000,54.000324,cache_hit_ratio_total,all,0.7274014794848935
2026-09-03_10-14-11-226676_earlyRefresh,earlyRefresh,backend-unavailability,1788430506.227000,55.000324,cache_hit_ratio_total,all,0.7138769670958511
2026-09-03_10-14-11-226676_earlyRefresh,earlyRefresh,backend-unavailability,1788430507.227000,56.000324,cache_hit_ratio_total,all,0.693084454001675
2026-09-03_10-14-11-226676_earlyRefresh,earlyRefresh,backend-unavailability,1788430508.227000,57.000324,cache_hit_ratio_total,all,0.6748554913294799
2026-09-03_10-14-11-226676_earlyRefresh,earlyRefresh,backend-unavailability,1788430509.227000,58.000324,cache_hit_ratio_total,all,0.6585015209778707
2026-09-03_10-14-11-226676_earlyRefresh,earlyRefresh,backend-unavailability,1788430510.227000,59.000324,cache_hit_ratio_total,all,0.6271673089095829
2026-09-03_10-14-11-226676_earlyRefresh,earlyRefresh,backend-unavailability,1788430511.227000,60.000324,cache_hit_ratio_total,all,0.6197604790419162
2026-09-03_10-14-11-226676_earlyRefresh,earlyRefresh,backend-unavailability,1788430512.227000,61.000324,cache_hit_ratio_total,all,0.6121505906005839
2026-09-03_10-14-11-226676_earlyRefresh,earlyRefresh,backend-unavailability,1788430513.227000,62.000324,cache_hit_ratio_total,all,0.583732057416268
2026-09-03_10-14-11-226676_earlyRefresh,earlyRefresh,backend-unavailability,1788430514.227000,63.000324,cache_hit_ratio_total,all,0.5496794871794871
2026-09-03_10-14-11-226676_earlyRefresh,earlyRefresh,backend-unavailability,1788430515.227000,64.000324,cache_hit_ratio_total,all,0.5172408687695729
2026-09-03_10-14-11-226676_earlyRefresh,earlyRefresh,backend-unavailability,1788430516.227000,65.000324,cache_hit_ratio_total,all,0.5126997356702309
2026-09-03_10-14-11-226676_earlyRefresh,earlyRefresh,backend-unavailability,1788430517.227000,66.000324,cache_hit_ratio_total,all,0.49193548387096775
2026-09-03_10-14-11-226676_earlyRefresh,earlyRefresh,backend-unavailability,1788430518.227000,67.000324,cache_hit_ratio_total,all,0.4688992917378873
2026-09-03_10-14-11-226676_earlyRefresh,earlyRefresh,backend-unavailability,1788430519.227000,68.000324,cache_hit_ratio_total,all,0.4603174603174603
2026-09-03_10-14-11-226676_earlyRefresh,earlyRefresh,backend-unavailability,1788430520.227000,69.000324,cache_hit_ratio_total,all,0.4512207310834116
2026-09-03_10-14-11-226676_earlyRefresh,earlyRefresh,backend-unavailability,1788430521.227000,70.000324,cache_hit_ratio_total,all,0.4257575757575756
2026-09-03_10-14-11-226676_earlyRefresh,earlyRefresh,backend-unavailability,1788430522.227000,71.000324,cache_hit_ratio_total,all,0.4111600587371513
2026-09-03_10-14-11-226676_earlyRefresh,earlyRefresh,backend-unavailability,1788430523.227000,72.000324,cache_hit_ratio_total,all,0.4005763688760807
2026-09-03_10-14-11-226676_earlyRefresh,earlyRefresh,backend-unavailability,1788430524.227000,73.000324,cache_hit_ratio_total,all,0.39852941176470585
2026-09-03_10-14-11-226676_earlyRefresh,earlyRefresh,backend-unavailability,1788430525.227000,74.000324,cache_hit_ratio_total,all,0.3999994847305536
2026-09-03_10-14-11-226676_earlyRefresh,earlyRefresh,backend-unavailability,1788430526.227000,75.000324,cache_hit_ratio_total,all,0.39798850574712646
2026-09-03_10-14-11-226676_earlyRefresh,earlyRefresh,backend-unavailability,1788430527.227000,76.000324,cache_hit_ratio_total,all,0.3825306225178507
2026-09-03_10-14-11-226676_earlyRefresh,earlyRefresh,backend-unavailability,1788430528.227000,77.000324,cache_hit_ratio_total,all,0.3472222222222222
2026-09-03_10-14-11-226676_earlyRefresh,earlyRefresh,backend-unavailability,1788430529.227000,78.000324,cache_hit_ratio_total,all,0.2973394638515112
2026-09-03_10-14-11-226676_earlyRefresh,earlyRefresh,backend-unavailability,1788430530.227000,79.000324,cache_hit_ratio_total,all,0.26605518146809454
2026-09-03_10-14-11-226676_earlyRefresh,earlyRefresh,backend-unavailability,1788430531.227000,80.000324,cache_hit_ratio_total,all,0.22291021671826622
2026-09-03_10-14-11-226676_earlyRefresh,earlyRefresh,backend-unavailability,1788430532.227000,81.000324,cache_hit_ratio_total,all,0.17405127491114245
2026-09-03_10-14-11-226676_earlyRefresh,earlyRefresh,backend-unavailability,1788430533.227000,82.000324,cache_hit_ratio_total,all,0.12658227848101264
2026-09-03_10-14-11-226676_earlyRefresh,earlyRefresh,backend-unavailability,1788430534.227000,83.000324,cache_hit_ratio_total,all,0.06847180415607101
2026-09-03_10-14-11-226676_earlyRefresh,earlyRefresh,backend-unavailability,1788430535.227000,84.000324,cache_hit_ratio_total,all,0.02531645569620253
2026-09-03_10-14-11-226676_earlyRefresh,earlyRefresh,backend-unavailability,1788430536.227000,85.000324,cache_hit_ratio_total,all,0.004573170731707318
2026-09-03_10-14-11-226676_earlyRefresh,earlyRefresh,backend-unavailability,1788430537.227000,86.000324,cache_hit_ratio_total,all,0
2026-09-03_10-14-11-226676_earlyRefresh,earlyRefresh,backend-unavailability,1788430538.227000,87.000324,cache_hit_ratio_total,all,0
2026-09-03_10-14-11-226676_earlyRefresh,earlyRefresh,backend-unavailability,1788430539.227000,88.000324,cache_hit_ratio_total,all,0
2026-09-03_10-14-11-226676_earlyRefresh,earlyRefresh,backend-unavailability,1788430540.227000,89.000324,cache_hit_ratio_total,all,0
2026-09-03_10-14-11-226676_earlyRefresh,earlyRefresh,backend-unavailability,1788430541.227000,90.000324,cache_hit_ratio_total,all,0
2026-09-03_10-14-11-226676_earlyRefresh,earlyRefresh,backend-unavailability,1788430542.227000,91.000324,cache_hit_ratio_total,all,0
2026-09-03_10-14-11-226676_earlyRefresh,earlyRefresh,backend-unavailability,1788430543.227000,92.000324,cache_hit_ratio_total,all,0
2026-09-03_10-14-11-226676_earlyRefresh,earlyRefresh,backend-unavailability,1788430544.227000,93.000324,cache_hit_ratio_total,all,0
2026-09-03_10-14-11-226676_earlyRefresh,earlyRefresh,backend-unavailability,1788430545.227000,94.000324,cache_hit_ratio_total,all,0
2026-09-03_10-14-11-226676_earlyRefresh,earlyRefresh,backend-unavailability,1788430546.227000,95.000324,cache_hit_ratio_total,all,0
2026-09-03_10-14-11-226676_earlyRefresh,earlyRefresh,backend-unavailability,1788430547.227000,96.000324,cache_hit_ratio_total,all,0
2026-09-03_10-14-11-226676_earlyRefresh,earlyRefresh,backend-unavailability,1788430548.227000,97.000324,cache_hit_ratio_total,all,0
2026-09-03_10-14-11-226676_earlyRefresh,earlyRefresh,backend-unavailability,1788430549.227000,98.000324,cache_hit_ratio_total,all,0
2026-09-03_10-14-11-226676_earlyRefresh,earlyRefresh,backend-unavailability,1788430550.227000,99.000324,cache_hit_ratio_total,all,0
2026-09-03_10-14-11-226676_earlyRefresh,earlyRefresh,backend-unavailability,1788430551.227000,100.000324,cache_hit_ratio_total,all,0
2026-09-03_10-14-11-226676_earlyRefresh,earlyRefresh,backend-unavailability,1788430552.227000,101.000324,cache_hit_ratio_total,all,0
2026-09-03_10-14-11-226676_earlyRefresh,earlyRefresh,backend-unavailability,1788430553.227000,102.000324,cache_hit_ratio_total,all,0
2026-09-03_10-14-11-226676_earlyRefresh,earlyRefresh,backend-unavailability,1788430554.227000,103.000324,cache_hit_ratio_total,all,0
2026-09-03_10-14-11-226676_earlyRefresh,earlyRefresh,backend-unavailability,1788430555.227000,104.000324,cache_hit_ratio_total,all,0
2026-09-03_10-14-11-226676_earlyRefresh,earlyRefresh,backend-unavailability,1788430556.227000,105.000324,cache_hit_ratio_total,all,0
2026-09-03_10-14-11-226676_earlyRefresh,earlyRefresh,backend-unavailability,1788430557.227000,106.000324,cache_hit_ratio_total,all,0
2026-09-03_10-14-11-226676_earlyRefresh,earlyRefresh,backend-unavailability,1788430558.227000,107.000324,cache_hit_ratio_total,all,0
2026-09-03_10-14-11-226676_earlyRefresh,earlyRefresh,backend-unavailability,1788430451.227000,0.000324,cache_hit_ratio_l1,all,0
2026-09-03_10-14-11-226676_earlyRefresh,earlyRefresh,backend-unavailability,1788430452.227000,1.000324,cache_hit_ratio_l1,all,0
2026-09-03_10-14-11-226676_earlyRefresh,earlyRefresh,backend-unavailability,1788430453.227000,2.000324,cache_hit_ratio_l1,all,0
2026-09-03_10-14-11-226676_earlyRefresh,earlyRefresh,backend-unavailability,1788430454.227000,3.000324,cache_hit_ratio_l1,all,0.07070816771288112
2026-09-03_10-14-11-226676_earlyRefresh,earlyRefresh,backend-unavailability,1788430455.227000,4.000324,cache_hit_ratio_l1,all,0.1994617366431571
2026-09-03_10-14-11-226676_earlyRefresh,earlyRefresh,backend-unavailability,1788430456.227000,5.000324,cache_hit_ratio_l1,all,0.2653737723291281
2026-09-03_10-14-11-226676_earlyRefresh,earlyRefresh,backend-unavailability,1788430457.227000,6.000324,cache_hit_ratio_l1,all,0.296911883204817
2026-09-03_10-14-11-226676_earlyRefresh,earlyRefresh,backend-unavailability,1788430458.227000,7.000324,cache_hit_ratio_l1,all,0.4206647452258578
2026-09-03_10-14-11-226676_earlyRefresh,earlyRefresh,backend-unavailability,1788430459.227000,8.000324,cache_hit_ratio_l1,all,0.4335168303437547
2026-09-03_10-14-11-226676_earlyRefresh,earlyRefresh,backend-unavailability,1788430460.227000,9.000324,cache_hit_ratio_l1,all,0.46421844570201665
2026-09-03_10-14-11-226676_earlyRefresh,earlyRefresh,backend-unavailability,1788430461.227000,10.000324,cache_hit_ratio_l1,all,0.47819973373273
2026-09-03_10-14-11-226676_earlyRefresh,earlyRefresh,backend-unavailability,1788430462.227000,11.000324,cache_hit_ratio_l1,all,0.48880152922085607
2026-09-03_10-14-11-226676_earlyRefresh,earlyRefresh,backend-unavailability,1788430463.227000,12.000324,cache_hit_ratio_l1,all,0.5195820357896117
2026-09-03_10-14-11-226676_earlyRefresh,earlyRefresh,backend-unavailability,1788430464.227000,13.000324,cache_hit_ratio_l1,all,0.5502820302953272
2026-09-03_10-14-11-226676_earlyRefresh,earlyRefresh,backend-unavailability,1788430465.227000,14.000324,cache_hit_ratio_l1,all,0.5558312655086849
2026-09-03_10-14-11-226676_earlyRefresh,earlyRefresh,backend-unavailability,1788430466.227000,15.000324,cache_hit_ratio_l1,all,0.5820201317079894
2026-09-03_10-14-11-226676_earlyRefresh,earlyRefresh,backend-unavailability,1788430467.227000,16.000324,cache_hit_ratio_l1,all,0.5737718915950211
2026-09-03_10-14-11-226676_earlyRefresh,earlyRefresh,backend-unavailability,1788430468.227000,17.000324,cache_hit_ratio_l1,all,0.5782428634190113
2026-09-03_10-14-11-226676_earlyRefresh,earlyRefresh,backend-unavailability,1788430469.227000,18.000324,cache_hit_ratio_l1,all,0.5698916766671068
2026-09-03_10-14-11-226676_earlyRefresh,earlyRefresh,backend-unavailability,1788430470.227000,19.000324,cache_hit_ratio_l1,all,0.5716716369973098
2026-09-03_10-14-11-226676_earlyRefresh,earlyRefresh,backend-unavailability,1788430471.227000,20.000324,cache_hit_ratio_l1,all,0.5659166009103402
2026-09-03_10-14-11-226676_earlyRefresh,earlyRefresh,backend-unavailability,1788430472.227000,21.000324,cache_hit_ratio_l1,all,0.5496058310686582
2026-09-03_10-14-11-226676_earlyRefresh,earlyRefresh,backend-unavailability,1788430473.227000,22.000324,cache_hit_ratio_l1,all,0.5349544072948329
2026-09-03_10-14-11-226676_earlyRefresh,earlyRefresh,backend-unavailability,1788430474.227000,23.000324,cache_hit_ratio_l1,all,0.5302806499261448
2026-09-03_10-14-11-226676_earlyRefresh,earlyRefresh,backend-unavailability,1788430475.227000,24.000324,cache_hit_ratio_l1,all,0.5190067414401515
2026-09-03_10-14-11-226676_earlyRefresh,earlyRefresh,backend-unavailability,1788430476.227000,25.000324,cache_hit_ratio_l1,all,0.512372634643377
2026-09-03_10-14-11-226676_earlyRefresh,earlyRefresh,backend-unavailability,1788430477.227000,26.000324,cache_hit_ratio_l1,all,0.5115280980227368
2026-09-03_10-14-11-226676_earlyRefresh,earlyRefresh,backend-unavailability,1788430478.227000,27.000324,cache_hit_ratio_l1,all,0.5150214592274678
2026-09-03_10-14-11-226676_earlyRefresh,earlyRefresh,backend-unavailability,1788430479.227000,28.000324,cache_hit_ratio_l1,all,0.5241477272727272
2026-09-03_10-14-11-226676_earlyRefresh,earlyRefresh,backend-unavailability,1788430480.227000,29.000324,cache_hit_ratio_l1,all,0.5251798561151079
2026-09-03_10-14-11-226676_earlyRefresh,earlyRefresh,backend-unavailability,1788430481.227000,30.000324,cache_hit_ratio_l1,all,0.5305846099181146
2026-09-03_10-14-11-226676_earlyRefresh,earlyRefresh,backend-unavailability,1788430482.227000,31.000324,cache_hit_ratio_l1,all,0.5420827389443653
2026-09-03_10-14-11-226676_earlyRefresh,earlyRefresh,backend-unavailability,1788430483.227000,32.000324,cache_hit_ratio_l1,all,0.5525184547248029
2026-09-03_10-14-11-226676_earlyRefresh,earlyRefresh,backend-unavailability,1788430484.227000,33.000324,cache_hit_ratio_l1,all,0.5550786838340486
2026-09-03_10-14-11-226676_earlyRefresh,earlyRefresh,backend-unavailability,1788430485.227000,34.000324,cache_hit_ratio_l1,all,0.5411255411255411
2026-09-03_10-14-11-226676_earlyRefresh,earlyRefresh,backend-unavailability,1788430486.227000,35.000324,cache_hit_ratio_l1,all,0.5348837209302325
2026-09-03_10-14-11-226676_earlyRefresh,earlyRefresh,backend-unavailability,1788430487.227000,36.000324,cache_hit_ratio_l1,all,0.5253256150506512
2026-09-03_10-14-11-226676_earlyRefresh,earlyRefresh,backend-unavailability,1788430488.227000,37.000324,cache_hit_ratio_l1,all,0.5153733528550514
2026-09-03_10-14-11-226676_earlyRefresh,earlyRefresh,backend-unavailability,1788430489.227000,38.000324,cache_hit_ratio_l1,all,0.5072674418604651
2026-09-03_10-14-11-226676_earlyRefresh,earlyRefresh,backend-unavailability,1788430490.227000,39.000324,cache_hit_ratio_l1,all,0.5109149707665909
2026-09-03_10-14-11-226676_earlyRefresh,earlyRefresh,backend-unavailability,1788430491.227000,40.000324,cache_hit_ratio_l1,all,0.5007319955379421
2026-09-03_10-14-11-226676_earlyRefresh,earlyRefresh,backend-unavailability,1788430492.227000,41.000324,cache_hit_ratio_l1,all,0.490542366603887
2026-09-03_10-14-11-226676_earlyRefresh,earlyRefresh,backend-unavailability,1788430493.227000,42.000324,cache_hit_ratio_l1,all,0.4839650145772594
2026-09-03_10-14-11-226676_earlyRefresh,earlyRefresh,backend-unavailability,1788430494.227000,43.000324,cache_hit_ratio_l1,all,0.49197124310135143
2026-09-03_10-14-11-226676_earlyRefresh,earlyRefresh,backend-unavailability,1788430495.227000,44.000324,cache_hit_ratio_l1,all,0.4992701137195264
2026-09-03_10-14-11-226676_earlyRefresh,earlyRefresh,backend-unavailability,1788430496.227000,45.000324,cache_hit_ratio_l1,all,0.5050940906607421
2026-09-03_10-14-11-226676_earlyRefresh,earlyRefresh,backend-unavailability,1788430497.227000,46.000324,cache_hit_ratio_l1,all,0.5071416666005255
2026-09-03_10-14-11-226676_earlyRefresh,earlyRefresh,backend-unavailability,1788430498.227000,47.000324,cache_hit_ratio_l1,all,0.4985795454545454
2026-09-03_10-14-11-226676_earlyRefresh,earlyRefresh,backend-unavailability,1788430499.227000,48.000324,cache_hit_ratio_l1,all,0.49575141580125803
2026-09-03_10-14-11-226676_earlyRefresh,earlyRefresh,backend-unavailability,1788430500.227000,49.000324,cache_hit_ratio_l1,all,0.49291784702549585
2026-09-03_10-14-11-226676_earlyRefresh,earlyRefresh,backend-unavailability,1788430501.227000,50.000324,cache_hit_ratio_l1,all,0.5078014184397164
2026-09-03_10-14-11-226676_earlyRefresh,earlyRefresh,backend-unavailability,1788430502.227000,51.000324,cache_hit_ratio_l1,all,0.5085234361941453
2026-09-03_10-14-11-226676_earlyRefresh,earlyRefresh,backend-unavailability,1788430503.227000,52.000324,cache_hit_ratio_l1,all,0.5126751253052427
2026-09-03_10-14-11-226676_earlyRefresh,earlyRefresh,backend-unavailability,1788430504.227000,53.000324,cache_hit_ratio_l1,all,0.5070220817944571
2026-09-03_10-14-11-226676_earlyRefresh,earlyRefresh,backend-unavailability,1788430505.227000,54.000324,cache_hit_ratio_l1,all,0.5070624618567113
2026-09-03_10-14-11-226676_earlyRefresh,earlyRefresh,backend-unavailability,1788430506.227000,55.000324,cache_hit_ratio_l1,all,0.5007153075822603
2026-09-03_10-14-11-226676_earlyRefresh,earlyRefresh,backend-unavailability,1788430507.227000,56.000324,cache_hit_ratio_l1,all,0.5000008805146432
2026-09-03_10-14-11-226676_earlyRefresh,earlyRefresh,backend-unavailability,1788430508.227000,57.000324,cache_hit_ratio_l1,all,0.4869942196531792
2026-09-03_10-14-11-226676_earlyRefresh,earlyRefresh,backend-unavailability,1788430509.227000,58.000324,cache_hit_ratio_l1,all,0.4899137047799486
2026-09-03_10-14-11-226676_earlyRefresh,earlyRefresh,backend-unavailability,1788430510.227000,59.000324,cache_hit_ratio_l1,all,0.4624274245165193
2026-09-03_10-14-11-226676_earlyRefresh,earlyRefresh,backend-unavailability,1788430511.227000,60.000324,cache_hit_ratio_l1,all,0.45359281437125754
2026-09-03_10-14-11-226676_earlyRefresh,earlyRefresh,backend-unavailability,1788430512.227000,61.000324,cache_hit_ratio_l1,all,0.4517141661407923
2026-09-03_10-14-11-226676_earlyRefresh,earlyRefresh,backend-unavailability,1788430513.227000,62.000324,cache_hit_ratio_l1,all,0.44338118022328554
2026-09-03_10-14-11-226676_earlyRefresh,earlyRefresh,backend-unavailability,1788430514.227000,63.000324,cache_hit_ratio_l1,all,0.43108974358974356
2026-09-03_10-14-11-226676_earlyRefresh,earlyRefresh,backend-unavailability,1788430515.227000,64.000324,cache_hit_ratio_l1,all,0.41379199827766366
2026-09-03_10-14-11-226676_earlyRefresh,earlyRefresh,backend-unavailability,1788430516.227000,65.000324,cache_hit_ratio_l1,all,0.42222416258088874
2026-09-03_10-14-11-226676_earlyRefresh,earlyRefresh,backend-unavailability,1788430517.227000,66.000324,cache_hit_ratio_l1,all,0.40967741935483865
2026-09-03_10-14-11-226676_earlyRefresh,earlyRefresh,backend-unavailability,1788430518.227000,67.000324,cache_hit_ratio_l1,all,0.37480011732003476
2026-09-03_10-14-11-226676_earlyRefresh,earlyRefresh,backend-unavailability,1788430519.227000,68.000324,cache_hit_ratio_l1,all,0.3634920634920635
2026-09-03_10-14-11-226676_earlyRefresh,earlyRefresh,backend-unavailability,1788430520.227000,69.000324,cache_hit_ratio_l1,all,0.3551842954962037
2026-09-03_10-14-11-226676_earlyRefresh,earlyRefresh,backend-unavailability,1788430521.227000,70.000324,cache_hit_ratio_l1,all,0.33636363636363625
2026-09-03_10-14-11-226676_earlyRefresh,earlyRefresh,backend-unavailability,1788430522.227000,71.000324,cache_hit_ratio_l1,all,0.3201174743024963
2026-09-03_10-14-11-226676_earlyRefresh,earlyRefresh,backend-unavailability,1788430523.227000,72.000324,cache_hit_ratio_l1,all,0.3069164265129683
2026-09-03_10-14-11-226676_earlyRefresh,earlyRefresh,backend-unavailability,1788430524.227000,73.000324,cache_hit_ratio_l1,all,0.29117647058823526
2026-09-03_10-14-11-226676_earlyRefresh,earlyRefresh,backend-unavailability,1788430525.227000,74.000324,cache_hit_ratio_l1,all,0.28260838411018524
2026-09-03_10-14-11-226676_earlyRefresh,earlyRefresh,backend-unavailability,1788430526.227000,75.000324,cache_hit_ratio_l1,all,0.28879310344827586
2026-09-03_10-14-11-226676_earlyRefresh,earlyRefresh,backend-unavailability,1788430527.227000,76.000324,cache_hit_ratio_l1,all,0.2876511881182154
2026-09-03_10-14-11-226676_earlyRefresh,earlyRefresh,backend-unavailability,1788430528.227000,77.000324,cache_hit_ratio_l1,all,0.2623456790123457
2026-09-03_10-14-11-226676_earlyRefresh,earlyRefresh,backend-unavailability,1788430529.227000,78.000324,cache_hit_ratio_l1,all,0.22535201470851374
2026-09-03_10-14-11-226676_earlyRefresh,earlyRefresh,backend-unavailability,1788430530.227000,79.000324,cache_hit_ratio_l1,all,0.19724772200782698
2026-09-03_10-14-11-226676_earlyRefresh,earlyRefresh,backend-unavailability,1788430531.227000,80.000324,cache_hit_ratio_l1,all,0.16563467492260062
2026-09-03_10-14-11-226676_earlyRefresh,earlyRefresh,backend-unavailability,1788430532.227000,81.000324,cache_hit_ratio_l1,all,0.12816495139688042
2026-09-03_10-14-11-226676_earlyRefresh,earlyRefresh,backend-unavailability,1788430533.227000,82.000324,cache_hit_ratio_l1,all,0.0981012658227848
2026-09-03_10-14-11-226676_earlyRefresh,earlyRefresh,backend-unavailability,1788430534.227000,83.000324,cache_hit_ratio_l1,all,0.05573276920648785
2026-09-03_10-14-11-226676_earlyRefresh,earlyRefresh,backend-unavailability,1788430535.227000,84.000324,cache_hit_ratio_l1,all,0.0189873417721519
2026-09-03_10-14-11-226676_earlyRefresh,earlyRefresh,backend-unavailability,1788430536.227000,85.000324,cache_hit_ratio_l1,all,0.0030487804878048786
2026-09-03_10-14-11-226676_earlyRefresh,earlyRefresh,backend-unavailability,1788430537.227000,86.000324,cache_hit_ratio_l1,all,0
2026-09-03_10-14-11-226676_earlyRefresh,earlyRefresh,backend-unavailability,1788430538.227000,87.000324,cache_hit_ratio_l1,all,0
2026-09-03_10-14-11-226676_earlyRefresh,earlyRefresh,backend-unavailability,1788430539.227000,88.000324,cache_hit_ratio_l1,all,0
2026-09-03_10-14-11-226676_earlyRefresh,earlyRefresh,backend-unavailability,1788430540.227000,89.000324,cache_hit_ratio_l1,all,0
2026-09-03_10-14-11-226676_earlyRefresh,earlyRefresh,backend-unavailability,1788430541.227000,90.000324,cache_hit_ratio_l1,all,0
2026-09-03_10-14-11-226676_earlyRefresh,earlyRefresh,backend-unavailability,1788430542.227000,91.000324,cache_hit_ratio_l1,all,0
2026-09-03_10-14-11-226676_earlyRefresh,earlyRefresh,backend-unavailability,1788430543.227000,92.000324,cache_hit_ratio_l1,all,0
2026-09-03_10-14-11-226676_earlyRefresh,earlyRefresh,backend-unavailability,1788430544.227000,93.000324,cache_hit_ratio_l1,all,0
2026-09-03_10-14-11-226676_earlyRefresh,earlyRefresh,backend-unavailability,1788430545.227000,94.000324,cache_hit_ratio_l1,all,0
2026-09-03_10-14-11-226676_earlyRefresh,earlyRefresh,backend-unavailability,1788430546.227000,95.000324,cache_hit_ratio_l1,all,0
2026-09-03_10-14-11-226676_earlyRefresh,earlyRefresh,backend-unavailability,1788430547.227000,96.000324,cache_hit_ratio_l1,all,0
2026-09-03_10-14-11-226676_earlyRefresh,earlyRefresh,backend-unavailability,1788430548.227000,97.000324,cache_hit_ratio_l1,all,0
2026-09-03_10-14-11-226676_earlyRefresh,earlyRefresh,backend-unavailability,1788430549.227000,98.000324,cache_hit_ratio_l1,all,0
2026-09-03_10-14-11-226676_earlyRefresh,earlyRefresh,backend-unavailability,1788430550.227000,99.000324,cache_hit_ratio_l1,all,0
2026-09-03_10-14-11-226676_earlyRefresh,earlyRefresh,backend-unavailability,1788430551.227000,100.000324,cache_hit_ratio_l1,all,0
2026-09-03_10-14-11-226676_earlyRefresh,earlyRefresh,backend-unavailability,1788430552.227000,101.000324,cache_hit_ratio_l1,all,0
2026-09-03_10-14-11-226676_earlyRefresh,earlyRefresh,backend-unavailability,1788430553.227000,102.000324,cache_hit_ratio_l1,all,0
2026-09-03_10-14-11-226676_earlyRefresh,earlyRefresh,backend-unavailability,1788430554.227000,103.000324,cache_hit_ratio_l1,all,0
2026-09-03_10-14-11-226676_earlyRefresh,earlyRefresh,backend-unavailability,1788430555.227000,104.000324,cache_hit_ratio_l1,all,0
2026-09-03_10-14-11-226676_earlyRefresh,earlyRefresh,backend-unavailability,1788430556.227000,105.000324,cache_hit_ratio_l1,all,0
2026-09-03_10-14-11-226676_earlyRefresh,earlyRefresh,backend-unavailability,1788430557.227000,106.000324,cache_hit_ratio_l1,all,0
2026-09-03_10-14-11-226676_earlyRefresh,earlyRefresh,backend-unavailability,1788430558.227000,107.000324,cache_hit_ratio_l1,all,0
2026-09-03_10-14-11-226676_earlyRefresh,earlyRefresh,backend-unavailability,1788430451.227000,0.000324,cache_hit_ratio_l2,all,0
2026-09-03_10-14-11-226676_earlyRefresh,earlyRefresh,backend-unavailability,1788430452.227000,1.000324,cache_hit_ratio_l2,all,0
2026-09-03_10-14-11-226676_earlyRefresh,earlyRefresh,backend-unavailability,1788430453.227000,2.000324,cache_hit_ratio_l2,all,0
2026-09-03_10-14-11-226676_earlyRefresh,earlyRefresh,backend-unavailability,1788430454.227000,3.000324,cache_hit_ratio_l2,all,0.07214897514426175
2026-09-03_10-14-11-226676_earlyRefresh,earlyRefresh,backend-unavailability,1788430455.227000,4.000324,cache_hit_ratio_l2,all,0.06671152194640358
2026-09-03_10-14-11-226676_earlyRefresh,earlyRefresh,backend-unavailability,1788430456.227000,5.000324,cache_hit_ratio_l2,all,0.10193934150630783
2026-09-03_10-14-11-226676_earlyRefresh,earlyRefresh,backend-unavailability,1788430457.227000,6.000324,cache_hit_ratio_l2,all,0.13493501627942425
2026-09-03_10-14-11-226676_earlyRefresh,earlyRefresh,backend-unavailability,1788430458.227000,7.000324,cache_hit_ratio_l2,all,0.11182520132952838
2026-09-03_10-14-11-226676_earlyRefresh,earlyRefresh,backend-unavailability,1788430459.227000,8.000324,cache_hit_ratio_l2,all,0.13254074366190594
2026-09-03_10-14-11-226676_earlyRefresh,earlyRefresh,backend-unavailability,1788430460.227000,9.000324,cache_hit_ratio_l2,all,0.16534394637805294
2026-09-03_10-14-11-226676_earlyRefresh,earlyRefresh,backend-unavailability,1788430461.227000,10.000324,cache_hit_ratio_l2,all,0.19700316031977327
2026-09-03_10-14-11-226676_earlyRefresh,earlyRefresh,backend-unavailability,1788430462.227000,11.000324,cache_hit_ratio_l2,all,0.2145289319617207
2026-09-03_10-14-11-226676_earlyRefresh,earlyRefresh,backend-unavailability,1788430463.227000,12.000324,cache_hit_ratio_l2,all,0.22703371259296443
2026-09-03_10-14-11-226676_earlyRefresh,earlyRefresh,backend-unavailability,1788430464.227000,13.000324,cache_hit_ratio_l2,all,0.23368352088278135
2026-09-03_10-14-11-226676_earlyRefresh,earlyRefresh,backend-unavailability,1788430465.227000,14.000324,cache_hit_ratio_l2,all,0.24813895781637713
2026-09-03_10-14-11-226676_earlyRefresh,earlyRefresh,backend-unavailability,1788430466.227000,15.000324,cache_hit_ratio_l2,all,0.23595709004040724
2026-09-03_10-14-11-226676_earlyRefresh,earlyRefresh,backend-unavailability,1788430467.227000,16.000324,cache_hit_ratio_l2,all,0.24999874765298785
2026-09-03_10-14-11-226676_earlyRefresh,earlyRefresh,backend-unavailability,1788430468.227000,17.000324,cache_hit_ratio_l2,all,0.2595427227992326
2026-09-03_10-14-11-226676_earlyRefresh,earlyRefresh,backend-unavailability,1788430469.227000,18.000324,cache_hit_ratio_l2,all,0.25089625646046343
2026-09-03_10-14-11-226676_earlyRefresh,earlyRefresh,backend-unavailability,1788430470.227000,19.000324,cache_hit_ratio_l2,all,0.2406144363883945
2026-09-03_10-14-11-226676_earlyRefresh,earlyRefresh,backend-unavailability,1788430471.227000,20.000324,cache_hit_ratio_l2,all,0.23311932232009397
2026-09-03_10-14-11-226676_earlyRefresh,earlyRefresh,backend-unavailability,1788430472.227000,21.000324,cache_hit_ratio_l2,all,0.23622070940609405
2026-09-03_10-14-11-226676_earlyRefresh,earlyRefresh,backend-unavailability,1788430473.227000,22.000324,cache_hit_ratio_l2,all,0.24468085106382978
2026-09-03_10-14-11-226676_earlyRefresh,earlyRefresh,backend-unavailability,1788430474.227000,23.000324,cache_hit_ratio_l2,all,0.23781388478581983
2026-09-03_10-14-11-226676_earlyRefresh,earlyRefresh,backend-unavailability,1788430475.227000,24.000324,cache_hit_ratio_l2,all,0.24415164065320066
2026-09-03_10-14-11-226676_earlyRefresh,earlyRefresh,backend-unavailability,1788430476.227000,25.000324,cache_hit_ratio_l2,all,0.24017467248908297
2026-09-03_10-14-11-226676_earlyRefresh,earlyRefresh,backend-unavailability,1788430477.227000,26.000324,cache_hit_ratio_l2,all,0.22910606785231266
2026-09-03_10-14-11-226676_earlyRefresh,earlyRefresh,backend-unavailability,1788430478.227000,27.000324,cache_hit_ratio_l2,all,0.2317596566523605
2026-09-03_10-14-11-226676_earlyRefresh,earlyRefresh,backend-unavailability,1788430479.227000,28.000324,cache_hit_ratio_l2,all,0.23295454545454541
2026-09-03_10-14-11-226676_earlyRefresh,earlyRefresh,backend-unavailability,1788430480.227000,29.000324,cache_hit_ratio_l2,all,0.24028776978417266
2026-09-03_10-14-11-226676_earlyRefresh,earlyRefresh,backend-unavailability,1788430481.227000,30.000324,cache_hit_ratio_l2,all,0.24039862511668905
2026-09-03_10-14-11-226676_earlyRefresh,earlyRefresh,backend-unavailability,1788430482.227000,31.000324,cache_hit_ratio_l2,all,0.22681883024251073
2026-09-03_10-14-11-226676_earlyRefresh,earlyRefresh,backend-unavailability,1788430483.227000,32.000324,cache_hit_ratio_l2,all,0.22014440784182293
2026-09-03_10-14-11-226676_earlyRefresh,earlyRefresh,backend-unavailability,1788430484.227000,33.000324,cache_hit_ratio_l2,all,0.22031473533619456
2026-09-03_10-14-11-226676_earlyRefresh,earlyRefresh,backend-unavailability,1788430485.227000,34.000324,cache_hit_ratio_l2,all,0.23665223665223664
2026-09-03_10-14-11-226676_earlyRefresh,earlyRefresh,backend-unavailability,1788430486.227000,35.000324,cache_hit_ratio_l2,all,0.24273255813953484
2026-09-03_10-14-11-226676_earlyRefresh,earlyRefresh,backend-unavailability,1788430487.227000,36.000324,cache_hit_ratio_l2,all,0.24602026049204054
2026-09-03_10-14-11-226676_earlyRefresh,earlyRefresh,backend-unavailability,1788430488.227000,37.000324,cache_hit_ratio_l2,all,0.24158125915080533
2026-09-03_10-14-11-226676_earlyRefresh,earlyRefresh,backend-unavailability,1788430489.227000,38.000324,cache_hit_ratio_l2,all,0.24563953488372092
2026-09-03_10-14-11-226676_earlyRefresh,earlyRefresh,backend-unavailability,1788430490.227000,39.000324,cache_hit_ratio_l2,all,0.23726424983112174
2026-09-03_10-14-11-226676_earlyRefresh,earlyRefresh,backend-unavailability,1788430491.227000,40.000324,cache_hit_ratio_l2,all,0.24671445619804896
2026-09-03_10-14-11-226676_earlyRefresh,earlyRefresh,backend-unavailability,1788430492.227000,41.000324,cache_hit_ratio_l2,all,0.25181760619246824
2026-09-03_10-14-11-226676_earlyRefresh,earlyRefresh,backend-unavailability,1788430493.227000,42.000324,cache_hit_ratio_l2,all,0.2536443148688047
2026-09-03_10-14-11-226676_earlyRefresh,earlyRefresh,backend-unavailability,1788430494.227000,43.000324,cache_hit_ratio_l2,all,0.24233497011842656
2026-09-03_10-14-11-226676_earlyRefresh,earlyRefresh,backend-unavailability,1788430495.227000,44.000324,cache_hit_ratio_l2,all,0.23649515744782446
2026-09-03_10-14-11-226676_earlyRefresh,earlyRefresh,backend-unavailability,1788430496.227000,45.000324,cache_hit_ratio_l2,all,0.23435356401959417
2026-09-03_10-14-11-226676_earlyRefresh,earlyRefresh,backend-unavailability,1788430497.227000,46.000324,cache_hit_ratio_l2,all,0.23714444453263278
2026-09-03_10-14-11-226676_earlyRefresh,earlyRefresh,backend-unavailability,1788430498.227000,47.000324,cache_hit_ratio_l2,all,0.2372159090909091
2026-09-03_10-14-11-226676_earlyRefresh,earlyRefresh,backend-unavailability,1788430499.227000,48.000324,cache_hit_ratio_l2,all,0.2407919799120064
2026-09-03_10-14-11-226676_earlyRefresh,earlyRefresh,backend-unavailability,1788430500.227000,49.000324,cache_hit_ratio_l2,all,0.24362606232294623
2026-09-03_10-14-11-226676_earlyRefresh,earlyRefresh,backend-unavailability,1788430501.227000,50.000324,cache_hit_ratio_l2,all,0.23404255319148937
2026-09-03_10-14-11-226676_earlyRefresh,earlyRefresh,backend-unavailability,1788430502.227000,51.000324,cache_hit_ratio_l2,all,0.22301030249623993
2026-09-03_10-14-11-226676_earlyRefresh,earlyRefresh,backend-unavailability,1788430503.227000,52.000324,cache_hit_ratio_l2,all,0.21267759792024907
2026-09-03_10-14-11-226676_earlyRefresh,earlyRefresh,backend-unavailability,1788430504.227000,53.000324,cache_hit_ratio_l2,all,0.22050569600065914
2026-09-03_10-14-11-226676_earlyRefresh,earlyRefresh,backend-unavailability,1788430505.227000,54.000324,cache_hit_ratio_l2,all,0.22033901762818225
2026-09-03_10-14-11-226676_earlyRefresh,earlyRefresh,backend-unavailability,1788430506.227000,55.000324,cache_hit_ratio_l2,all,0.21316165951359087
2026-09-03_10-14-11-226676_earlyRefresh,earlyRefresh,backend-unavailability,1788430507.227000,56.000324,cache_hit_ratio_l2,all,0.1930835734870317
2026-09-03_10-14-11-226676_earlyRefresh,earlyRefresh,backend-unavailability,1788430508.227000,57.000324,cache_hit_ratio_l2,all,0.18786127167630057
2026-09-03_10-14-11-226676_earlyRefresh,earlyRefresh,backend-unavailability,1788430509.227000,58.000324,cache_hit_ratio_l2,all,0.16858781619792199
2026-09-03_10-14-11-226676_earlyRefresh,earlyRefresh,backend-unavailability,1788430510.227000,59.000324,cache_hit_ratio_l2,all,0.16473988439306356
2026-09-03_10-14-11-226676_earlyRefresh,earlyRefresh,backend-unavailability,1788430511.227000,60.000324,cache_hit_ratio_l2,all,0.1661676646706587
2026-09-03_10-14-11-226676_earlyRefresh,earlyRefresh,backend-unavailability,1788430512.227000,61.000324,cache_hit_ratio_l2,all,0.16043642445979164
2026-09-03_10-14-11-226676_earlyRefresh,earlyRefresh,backend-unavailability,1788430513.227000,62.000324,cache_hit_ratio_l2,all,0.1403508771929825
2026-09-03_10-14-11-226676_earlyRefresh,earlyRefresh,backend-unavailability,1788430514.227000,63.000324,cache_hit_ratio_l2,all,0.11858974358974358
2026-09-03_10-14-11-226676_earlyRefresh,earlyRefresh,backend-unavailability,1788430515.227000,64.000324,cache_hit_ratio_l2,all,0.1034488704919092
2026-09-03_10-14-11-226676_earlyRefresh,earlyRefresh,backend-unavailability,1788430516.227000,65.000324,cache_hit_ratio_l2,all,0.09047557308934207
2026-09-03_10-14-11-226676_earlyRefresh,earlyRefresh,backend-unavailability,1788430517.227000,66.000324,cache_hit_ratio_l2,all,0.08225806451612902
2026-09-03_10-14-11-226676_earlyRefresh,earlyRefresh,backend-unavailability,1788430518.227000,67.000324,cache_hit_ratio_l2,all,0.0940991744178525
2026-09-03_10-14-11-226676_earlyRefresh,earlyRefresh,backend-unavailability,1788430519.227000,68.000324,cache_hit_ratio_l2,all,0.09682539682539683
2026-09-03_10-14-11-226676_earlyRefresh,earlyRefresh,backend-unavailability,1788430520.227000,69.000324,cache_hit_ratio_l2,all,0.09603643558720792
2026-09-03_10-14-11-226676_earlyRefresh,earlyRefresh,backend-unavailability,1788430521.227000,70.000324,cache_hit_ratio_l2,all,0.08939393939393937
2026-09-03_10-14-11-226676_earlyRefresh,earlyRefresh,backend-unavailability,1788430522.227000,71.000324,cache_hit_ratio_l2,all,0.09104258443465492
2026-09-03_10-14-11-226676_earlyRefresh,earlyRefresh,backend-unavailability,1788430523.227000,72.000324,cache_hit_ratio_l2,all,0.0936599423631124
2026-09-03_10-14-11-226676_earlyRefresh,earlyRefresh,backend-unavailability,1788430524.227000,73.000324,cache_hit_ratio_l2,all,0.10735294117647058
2026-09-03_10-14-11-226676_earlyRefresh,earlyRefresh,backend-unavailability,1788430525.227000,74.000324,cache_hit_ratio_l2,all,0.11739110062036832
2026-09-03_10-14-11-226676_earlyRefresh,earlyRefresh,backend-unavailability,1788430526.227000,75.000324,cache_hit_ratio_l2,all,0.10919540229885058
2026-09-03_10-14-11-226676_earlyRefresh,earlyRefresh,backend-unavailability,1788430527.227000,76.000324,cache_hit_ratio_l2,all,0.09487943439963531
2026-09-03_10-14-11-226676_earlyRefresh,earlyRefresh,backend-unavailability,1788430528.227000,77.000324,cache_hit_ratio_l2,all,0.08487654320987653
2026-09-03_10-14-11-226676_earlyRefresh,earlyRefresh,backend-unavailability,1788430529.227000,78.000324,cache_hit_ratio_l2,all,0.07198744914299746
2026-09-03_10-14-11-226676_earlyRefresh,earlyRefresh,backend-unavailability,1788430530.227000,79.000324,cache_hit_ratio_l2,all,0.06880745946026756
2026-09-03_10-14-11-226676_earlyRefresh,earlyRefresh,backend-unavailability,1788430531.227000,80.000324,cache_hit_ratio_l2,all,0.05727554179566564
2026-09-03_10-14-11-226676_earlyRefresh,earlyRefresh,backend-unavailability,1788430532.227000,81.000324,cache_hit_ratio_l2,all,0.045886323514262035
2026-09-03_10-14-11-226676_earlyRefresh,earlyRefresh,backend-unavailability,1788430533.227000,82.000324,cache_hit_ratio_l2,all,0.028481012658227847
2026-09-03_10-14-11-226676_earlyRefresh,earlyRefresh,backend-unavailability,1788430534.227000,83.000324,cache_hit_ratio_l2,all,0.012739034949583169
2026-09-03_10-14-11-226676_earlyRefresh,earlyRefresh,backend-unavailability,1788430535.227000,84.000324,cache_hit_ratio_l2,all,0.006329113924050633
2026-09-03_10-14-11-226676_earlyRefresh,earlyRefresh,backend-unavailability,1788430536.227000,85.000324,cache_hit_ratio_l2,all,0.0015243902439024393
2026-09-03_10-14-11-226676_earlyRefresh,earlyRefresh,backend-unavailability,1788430537.227000,86.000324,cache_hit_ratio_l2,all,0
2026-09-03_10-14-11-226676_earlyRefresh,earlyRefresh,backend-unavailability,1788430538.227000,87.000324,cache_hit_ratio_l2,all,0
2026-09-03_10-14-11-226676_earlyRefresh,earlyRefresh,backend-unavailability,1788430539.227000,88.000324,cache_hit_ratio_l2,all,0
2026-09-03_10-14-11-226676_earlyRefresh,earlyRefresh,backend-unavailability,1788430540.227000,89.000324,cache_hit_ratio_l2,all,0
2026-09-03_10-14-11-226676_earlyRefresh,earlyRefresh,backend-unavailability,1788430541.227000,90.000324,cache_hit_ratio_l2,all,0
2026-09-03_10-14-11-226676_earlyRefresh,earlyRefresh,backend-unavailability,1788430542.227000,91.000324,cache_hit_ratio_l2,all,0
2026-09-03_10-14-11-226676_earlyRefresh,earlyRefresh,backend-unavailability,1788430543.227000,92.000324,cache_hit_ratio_l2,all,0
2026-09-03_10-14-11-226676_earlyRefresh,earlyRefresh,backend-unavailability,1788430544.227000,93.000324,cache_hit_ratio_l2,all,0
2026-09-03_10-14-11-226676_earlyRefresh,earlyRefresh,backend-unavailability,1788430545.227000,94.000324,cache_hit_ratio_l2,all,0
2026-09-03_10-14-11-226676_earlyRefresh,earlyRefresh,backend-unavailability,1788430546.227000,95.000324,cache_hit_ratio_l2,all,0
2026-09-03_10-14-11-226676_earlyRefresh,earlyRefresh,backend-unavailability,1788430547.227000,96.000324,cache_hit_ratio_l2,all,0
2026-09-03_10-14-11-226676_earlyRefresh,earlyRefresh,backend-unavailability,1788430548.227000,97.000324,cache_hit_ratio_l2,all,0
2026-09-03_10-14-11-226676_earlyRefresh,earlyRefresh,backend-unavailability,1788430549.227000,98.000324,cache_hit_ratio_l2,all,0
2026-09-03_10-14-11-226676_earlyRefresh,earlyRefresh,backend-unavailability,1788430550.227000,99.000324,cache_hit_ratio_l2,all,0
2026-09-03_10-14-11-226676_earlyRefresh,earlyRefresh,backend-unavailability,1788430551.227000,100.000324,cache_hit_ratio_l2,all,0
2026-09-03_10-14-11-226676_earlyRefresh,earlyRefresh,backend-unavailability,1788430552.227000,101.000324,cache_hit_ratio_l2,all,0
2026-09-03_10-14-11-226676_earlyRefresh,earlyRefresh,backend-unavailability,1788430553.227000,102.000324,cache_hit_ratio_l2,all,0
2026-09-03_10-14-11-226676_earlyRefresh,earlyRefresh,backend-unavailability,1788430554.227000,103.000324,cache_hit_ratio_l2,all,0
2026-09-03_10-14-11-226676_earlyRefresh,earlyRefresh,backend-unavailability,1788430555.227000,104.000324,cache_hit_ratio_l2,all,0
2026-09-03_10-14-11-226676_earlyRefresh,earlyRefresh,backend-unavailability,1788430556.227000,105.000324,cache_hit_ratio_l2,all,0
2026-09-03_10-14-11-226676_earlyRefresh,earlyRefresh,backend-unavailability,1788430557.227000,106.000324,cache_hit_ratio_l2,all,0
2026-09-03_10-14-11-226676_earlyRefresh,earlyRefresh,backend-unavailability,1788430558.227000,107.000324,cache_hit_ratio_l2,all,0
2026-09-03_10-14-11-226676_earlyRefresh,earlyRefresh,backend-unavailability,1788430451.227000,0.000324,request_duration_p95,all,NaN
2026-09-03_10-14-11-226676_earlyRefresh,earlyRefresh,backend-unavailability,1788430452.227000,1.000324,request_duration_p95,all,NaN
2026-09-03_10-14-11-226676_earlyRefresh,earlyRefresh,backend-unavailability,1788430453.227000,2.000324,request_duration_p95,all,0.2425
2026-09-03_10-14-11-226676_earlyRefresh,earlyRefresh,backend-unavailability,1788430454.227000,3.000324,request_duration_p95,all,0.24125
2026-09-03_10-14-11-226676_earlyRefresh,earlyRefresh,backend-unavailability,1788430455.227000,4.000324,request_duration_p95,all,0.23977960385364977
2026-09-03_10-14-11-226676_earlyRefresh,earlyRefresh,backend-unavailability,1788430456.227000,5.000324,request_duration_p95,all,0.24270703985441178
2026-09-03_10-14-11-226676_earlyRefresh,earlyRefresh,backend-unavailability,1788430457.227000,6.000324,request_duration_p95,all,0.24727861153531372
2026-09-03_10-14-11-226676_earlyRefresh,earlyRefresh,backend-unavailability,1788430458.227000,7.000324,request_duration_p95,all,0.24247747305823042
2026-09-03_10-14-11-226676_earlyRefresh,earlyRefresh,backend-unavailability,1788430459.227000,8.000324,request_duration_p95,all,0.2443244698235013
2026-09-03_10-14-11-226676_earlyRefresh,earlyRefresh,backend-unavailability,1788430460.227000,9.000324,request_duration_p95,all,0.24018963016653952
2026-09-03_10-14-11-226676_earlyRefresh,earlyRefresh,backend-unavailability,1788430461.227000,10.000324,request_duration_p95,all,0.23607954936404352
2026-09-03_10-14-11-226676_earlyRefresh,earlyRefresh,backend-unavailability,1788430462.227000,11.000324,request_duration_p95,all,0.23288103655576803
2026-09-03_10-14-11-226676_earlyRefresh,earlyRefresh,backend-unavailability,1788430463.227000,12.000324,request_duration_p95,all,0.2300406145409198
2026-09-03_10-14-11-226676_earlyRefresh,earlyRefresh,backend-unavailability,1788430464.227000,13.000324,request_duration_p95,all,0.22664282278726147
2026-09-03_10-14-11-226676_earlyRefresh,earlyRefresh,backend-unavailability,1788430465.227000,14.000324,request_duration_p95,all,0.22433098591549294
2026-09-03_10-14-11-226676_earlyRefresh,earlyRefresh,backend-unavailability,1788430466.227000,15.000324,request_duration_p95,all,0.224119761453562
2026-09-03_10-14-11-226676_earlyRefresh,earlyRefresh,backend-unavailability,1788430467.227000,16.000324,request_duration_p95,all,0.2265750406414963
2026-09-03_10-14-11-226676_earlyRefresh,earlyRefresh,backend-unavailability,1788430468.227000,17.000324,request_duration_p95,all,0.22082223429659428
2026-09-03_10-14-11-226676_earlyRefresh,earlyRefresh,backend-unavailability,1788430469.227000,18.000324,request_duration_p95,all,0.2910012021581073
2026-09-03_10-14-11-226676_earlyRefresh,earlyRefresh,backend-unavailability,1788430470.227000,19.000324,request_duration_p95,all,0.44700188212184205
2026-09-03_10-14-11-226676_earlyRefresh,earlyRefresh,backend-unavailability,1788430471.227000,20.000324,request_duration_p95,all,0.5772216439986565
2026-09-03_10-14-11-226676_earlyRefresh,earlyRefresh,backend-unavailability,1788430472.227000,21.000324,request_duration_p95,all,0.6300403742457827
2026-09-03_10-14-11-226676_earlyRefresh,earlyRefresh,backend-unavailability,1788430473.227000,22.000324,request_duration_p95,all,0.6753571428571428
2026-09-03_10-14-11-226676_earlyRefresh,earlyRefresh,backend-unavailability,1788430474.227000,23.000324,request_duration_p95,all,0.6987068965517238
2026-09-03_10-14-11-226676_earlyRefresh,earlyRefresh,backend-unavailability,1788430475.227000,24.000324,request_duration_p95,all,0.7010747655176529
2026-09-03_10-14-11-226676_earlyRefresh,earlyRefresh,backend-unavailability,1788430476.227000,25.000324,request_duration_p95,all,0.7090401785714283
2026-09-03_10-14-11-226676_earlyRefresh,earlyRefresh,backend-unavailability,1788430477.227000,26.000324,request_duration_p95,all,0.7113632116363342
2026-09-03_10-14-11-226676_earlyRefresh,earlyRefresh,backend-unavailability,1788430478.227000,27.000324,request_duration_p95,all,0.7101890756302521
2026-09-03_10-14-11-226676_earlyRefresh,earlyRefresh,backend-unavailability,1788430479.227000,28.000324,request_duration_p95,all,0.7029411764705882
2026-09-03_10-14-11-226676_earlyRefresh,earlyRefresh,backend-unavailability,1788430480.227000,29.000324,request_duration_p95,all,0.6921296296296293
2026-09-03_10-14-11-226676_earlyRefresh,earlyRefresh,backend-unavailability,1788430481.227000,30.000324,request_duration_p95,all,0.6673817192166116
2026-09-03_10-14-11-226676_earlyRefresh,earlyRefresh,backend-unavailability,1788430482.227000,31.000324,request_duration_p95,all,0.611383928571428
2026-09-03_10-14-11-226676_earlyRefresh,earlyRefresh,backend-unavailability,1788430483.227000,32.000324,request_duration_p95,all,0.5272408580457466
2026-09-03_10-14-11-226676_earlyRefresh,earlyRefresh,backend-unavailability,1788430484.227000,33.000324,request_duration_p95,all,0.4948684210526315
2026-09-03_10-14-11-226676_earlyRefresh,earlyRefresh,backend-unavailability,1788430485.227000,34.000324,request_duration_p95,all,0.45175233644859814
2026-09-03_10-14-11-226676_earlyRefresh,earlyRefresh,backend-unavailability,1788430486.227000,35.000324,request_duration_p95,all,0.43608695652173923
2026-09-03_10-14-11-226676_earlyRefresh,earlyRefresh,backend-unavailability,1788430487.227000,36.000324,request_duration_p95,all,0.43235887096774217
2026-09-03_10-14-11-226676_earlyRefresh,earlyRefresh,backend-unavailability,1788430488.227000,37.000324,request_duration_p95,all,0.4493217054263565
2026-09-03_10-14-11-226676_earlyRefresh,earlyRefresh,backend-unavailability,1788430489.227000,38.000324,request_duration_p95,all,0.48
2026-09-03_10-14-11-226676_earlyRefresh,earlyRefresh,backend-unavailability,1788430490.227000,39.000324,request_duration_p95,all,0.5455363048965703
2026-09-03_10-14-11-226676_earlyRefresh,earlyRefresh,backend-unavailability,1788430491.227000,40.000324,request_duration_p95,all,0.6096305196153802
2026-09-03_10-14-11-226676_earlyRefresh,earlyRefresh,backend-unavailability,1788430492.227000,41.000324,request_duration_p95,all,0.641297403371875
2026-09-03_10-14-11-226676_earlyRefresh,earlyRefresh,backend-unavailability,1788430493.227000,42.000324,request_duration_p95,all,0.6684895833333333
2026-09-03_10-14-11-226676_earlyRefresh,earlyRefresh,backend-unavailability,1788430494.227000,43.000324,request_duration_p95,all,0.681469608472807
2026-09-03_10-14-11-226676_earlyRefresh,earlyRefresh,backend-unavailability,1788430495.227000,44.000324,request_duration_p95,all,0.7102279206988025
2026-09-03_10-14-11-226676_earlyRefresh,earlyRefresh,backend-unavailability,1788430496.227000,45.000324,request_duration_p95,all,0.7558002690647039
2026-09-03_10-14-11-226676_earlyRefresh,earlyRefresh,backend-unavailability,1788430497.227000,46.000324,request_duration_p95,all,0.8571417799803801
2026-09-03_10-14-11-226676_earlyRefresh,earlyRefresh,backend-unavailability,1788430498.227000,47.000324,request_duration_p95,all,0.8557142857142859
2026-09-03_10-14-11-226676_earlyRefresh,earlyRefresh,backend-unavailability,1788430499.227000,48.000324,request_duration_p95,all,0.8550011270413738
2026-09-03_10-14-11-226676_earlyRefresh,earlyRefresh,backend-unavailability,1788430500.227000,49.000324,request_duration_p95,all,0.8549999999999992
2026-09-03_10-14-11-226676_earlyRefresh,earlyRefresh,backend-unavailability,1788430501.227000,50.000324,request_duration_p95,all,0.8553571428571433
2026-09-03_10-14-11-226676_earlyRefresh,earlyRefresh,backend-unavailability,1788430502.227000,51.000324,request_duration_p95,all,0.8421884386339562
2026-09-03_10-14-11-226676_earlyRefresh,earlyRefresh,backend-unavailability,1788430503.227000,52.000324,request_duration_p95,all,0.8398419433468287
2026-09-03_10-14-11-226676_earlyRefresh,earlyRefresh,backend-unavailability,1788430504.227000,53.000324,request_duration_p95,all,0.675011109876673
2026-09-03_10-14-11-226676_earlyRefresh,earlyRefresh,backend-unavailability,1788430505.227000,54.000324,request_duration_p95,all,0.004915517075995064
2026-09-03_10-14-11-226676_earlyRefresh,earlyRefresh,backend-unavailability,1788430506.227000,55.000324,request_duration_p95,all,0.0045279569892473105
2026-09-03_10-14-11-226676_earlyRefresh,earlyRefresh,backend-unavailability,1788430507.227000,56.000324,request_duration_p95,all,0.004342178189668791
2026-09-03_10-14-11-226676_earlyRefresh,earlyRefresh,backend-unavailability,1788430508.227000,57.000324,request_duration_p95,all,0.0043765765765765765
2026-09-03_10-14-11-226676_earlyRefresh,earlyRefresh,backend-unavailability,1788430509.227000,58.000324,request_duration_p95,all,0.0044068376068376065
2026-09-03_10-14-11-226676_earlyRefresh,earlyRefresh,backend-unavailability,1788430510.227000,59.000324,request_duration_p95,all,0.004459375469318201
2026-09-03_10-14-11-226676_earlyRefresh,earlyRefresh,backend-unavailability,1788430511.227000,60.000324,request_duration_p95,all,0.0046282157676348565
2026-09-03_10-14-11-226676_earlyRefresh,earlyRefresh,backend-unavailability,1788430512.227000,61.000324,request_duration_p95,all,0.0049981354993157215
2026-09-03_10-14-11-226676_earlyRefresh,earlyRefresh,backend-unavailability,1788430513.227000,62.000324,request_duration_p95,all,1.066249999999996
2026-09-03_10-14-11-226676_earlyRefresh,earlyRefresh,backend-unavailability,1788430514.227000,63.000324,request_duration_p95,all,1.6131578947368423
2026-09-03_10-14-11-226676_earlyRefresh,earlyRefresh,backend-unavailability,1788430515.227000,64.000324,request_duration_p95,all,1.6775001970021326
2026-09-03_10-14-11-226676_earlyRefresh,earlyRefresh,backend-unavailability,1788430516.227000,65.000324,request_duration_p95,all,1.6967903407712877
2026-09-03_10-14-11-226676_earlyRefresh,earlyRefresh,backend-unavailability,1788430517.227000,66.000324,request_duration_p95,all,1.708776595744681
2026-09-03_10-14-11-226676_earlyRefresh,earlyRefresh,backend-unavailability,1788430518.227000,67.000324,request_duration_p95,all,1.7169304738131932
2026-09-03_10-14-11-226676_earlyRefresh,earlyRefresh,backend-unavailability,1788430519.227000,68.000324,request_duration_p95,all,1.7222711267605633
2026-09-03_10-14-11-226676_earlyRefresh,earlyRefresh,backend-unavailability,1788430520.227000,69.000324,request_duration_p95,all,1.7249234579699377
2026-09-03_10-14-11-226676_earlyRefresh,earlyRefresh,backend-unavailability,1788430521.227000,70.000324,request_duration_p95,all,1.7275204359673024
2026-09-03_10-14-11-226676_earlyRefresh,earlyRefresh,backend-unavailability,1788430522.227000,71.000324,request_duration_p95,all,1.7288246268656717
2026-09-03_10-14-11-226676_earlyRefresh,earlyRefresh,backend-unavailability,1788430523.227000,72.000324,request_duration_p95,all,1.7291466346153845
2026-09-03_10-14-11-226676_earlyRefresh,earlyRefresh,backend-unavailability,1788430524.227000,73.000324,request_duration_p95,all,1.7292176039119804
2026-09-03_10-14-11-226676_earlyRefresh,earlyRefresh,backend-unavailability,1788430525.227000,74.000324,request_duration_p95,all,1.7291666845579514
2026-09-03_10-14-11-226676_earlyRefresh,earlyRefresh,backend-unavailability,1788430526.227000,75.000324,request_duration_p95,all,1.7292362768496419
2026-09-03_10-14-11-226676_earlyRefresh,earlyRefresh,backend-unavailability,1788430527.227000,76.000324,request_duration_p95,all,1.7297560811015906
2026-09-03_10-14-11-226676_earlyRefresh,earlyRefresh,backend-unavailability,1788430528.227000,77.000324,request_duration_p95,all,1.7308510638297872
2026-09-03_10-14-11-226676_earlyRefresh,earlyRefresh,backend-unavailability,1788430529.227000,78.000324,request_duration_p95,all,1.7322104709786086
2026-09-03_10-14-11-226676_earlyRefresh,earlyRefresh,backend-unavailability,1788430530.227000,79.000324,request_duration_p95,all,1.7329687468534711
2026-09-03_10-14-11-226676_earlyRefresh,earlyRefresh,backend-unavailability,1788430531.227000,80.000324,request_duration_p95,all,1.733914342629482
2026-09-03_10-14-11-226676_earlyRefresh,earlyRefresh,backend-unavailability,1788430532.227000,81.000324,request_duration_p95,all,1.734865888619593
2026-09-03_10-14-11-226676_earlyRefresh,earlyRefresh,backend-unavailability,1788430533.227000,82.000324,request_duration_p95,all,1.7356884057971014
2026-09-03_10-14-11-226676_earlyRefresh,earlyRefresh,backend-unavailability,1788430534.227000,83.000324,request_duration_p95,all,1.7365811898600927
2026-09-03_10-14-11-226676_earlyRefresh,earlyRefresh,backend-unavailability,1788430535.227000,84.000324,request_duration_p95,all,1.7371753246753245
2026-09-03_10-14-11-226676_earlyRefresh,earlyRefresh,backend-unavailability,1788430536.227000,85.000324,request_duration_p95,all,1.7374425727411944
2026-09-03_10-14-11-226676_earlyRefresh,earlyRefresh,backend-unavailability,1788430537.227000,86.000324,request_duration_p95,all,1.7375
2026-09-03_10-14-11-226676_earlyRefresh,earlyRefresh,backend-unavailability,1788430538.227000,87.000324,request_duration_p95,all,1.7375
2026-09-03_10-14-11-226676_earlyRefresh,earlyRefresh,backend-unavailability,1788430539.227000,88.000324,request_duration_p95,all,1.7375
2026-09-03_10-14-11-226676_earlyRefresh,earlyRefresh,backend-unavailability,1788430540.227000,89.000324,request_duration_p95,all,1.7375
2026-09-03_10-14-11-226676_earlyRefresh,earlyRefresh,backend-unavailability,1788430541.227000,90.000324,request_duration_p95,all,1.7375
2026-09-03_10-14-11-226676_earlyRefresh,earlyRefresh,backend-unavailability,1788430542.227000,91.000324,request_duration_p95,all,1.7375
2026-09-03_10-14-11-226676_earlyRefresh,earlyRefresh,backend-unavailability,1788430543.227000,92.000324,request_duration_p95,all,1.7375
2026-09-03_10-14-11-226676_earlyRefresh,earlyRefresh,backend-unavailability,1788430544.227000,93.000324,request_duration_p95,all,1.7375
2026-09-03_10-14-11-226676_earlyRefresh,earlyRefresh,backend-unavailability,1788430545.227000,94.000324,request_duration_p95,all,1.7375
2026-09-03_10-14-11-226676_earlyRefresh,earlyRefresh,backend-unavailability,1788430546.227000,95.000324,request_duration_p95,all,1.7375
2026-09-03_10-14-11-226676_earlyRefresh,earlyRefresh,backend-unavailability,1788430547.227000,96.000324,request_duration_p95,all,1.7375
2026-09-03_10-14-11-226676_earlyRefresh,earlyRefresh,backend-unavailability,1788430548.227000,97.000324,request_duration_p95,all,1.7375
2026-09-03_10-14-11-226676_earlyRefresh,earlyRefresh,backend-unavailability,1788430549.227000,98.000324,request_duration_p95,all,1.7375
2026-09-03_10-14-11-226676_earlyRefresh,earlyRefresh,backend-unavailability,1788430550.227000,99.000324,request_duration_p95,all,1.7375
2026-09-03_10-14-11-226676_earlyRefresh,earlyRefresh,backend-unavailability,1788430551.227000,100.000324,request_duration_p95,all,1.7375
2026-09-03_10-14-11-226676_earlyRefresh,earlyRefresh,backend-unavailability,1788430552.227000,101.000324,request_duration_p95,all,1.7375
2026-09-03_10-14-11-226676_earlyRefresh,earlyRefresh,backend-unavailability,1788430553.227000,102.000324,request_duration_p95,all,1.7375
2026-09-03_10-14-11-226676_earlyRefresh,earlyRefresh,backend-unavailability,1788430554.227000,103.000324,request_duration_p95,all,1.7375
2026-09-03_10-14-11-226676_earlyRefresh,earlyRefresh,backend-unavailability,1788430555.227000,104.000324,request_duration_p95,all,1.7375
2026-09-03_10-14-11-226676_earlyRefresh,earlyRefresh,backend-unavailability,1788430556.227000,105.000324,request_duration_p95,all,1.7375
2026-09-03_10-14-11-226676_earlyRefresh,earlyRefresh,backend-unavailability,1788430557.227000,106.000324,request_duration_p95,all,1.7375
2026-09-03_10-14-11-226676_earlyRefresh,earlyRefresh,backend-unavailability,1788430558.227000,107.000324,request_duration_p95,all,1.7375
2026-09-03_10-14-11-226676_earlyRefresh,earlyRefresh,backend-unavailability,1788430451.227000,0.000324,request_duration_p99,all,NaN
2026-09-03_10-14-11-226676_earlyRefresh,earlyRefresh,backend-unavailability,1788430452.227000,1.000324,request_duration_p99,all,NaN
2026-09-03_10-14-11-226676_earlyRefresh,earlyRefresh,backend-unavailability,1788430453.227000,2.000324,request_duration_p99,all,0.24849999999999997
2026-09-03_10-14-11-226676_earlyRefresh,earlyRefresh,backend-unavailability,1788430454.227000,3.000324,request_duration_p99,all,0.24825
2026-09-03_10-14-11-226676_earlyRefresh,earlyRefresh,backend-unavailability,1788430455.227000,4.000324,request_duration_p99,all,0.24795592077072995
2026-09-03_10-14-11-226676_earlyRefresh,earlyRefresh,backend-unavailability,1788430456.227000,5.000324,request_duration_p99,all,0.3763730387068065
2026-09-03_10-14-11-226676_earlyRefresh,earlyRefresh,backend-unavailability,1788430457.227000,6.000324,request_duration_p99,all,0.438158086844056
2026-09-03_10-14-11-226676_earlyRefresh,earlyRefresh,backend-unavailability,1788430458.227000,7.000324,request_duration_p99,all,0.4105747194629962
2026-09-03_10-14-11-226676_earlyRefresh,earlyRefresh,backend-unavailability,1788430459.227000,8.000324,request_duration_p99,all,0.42836992876044555
2026-09-03_10-14-11-226676_earlyRefresh,earlyRefresh,backend-unavailability,1788430460.227000,9.000324,request_duration_p99,all,0.4093414756767931
2026-09-03_10-14-11-226676_earlyRefresh,earlyRefresh,backend-unavailability,1788430461.227000,10.000324,request_duration_p99,all,0.38578863423572374
2026-09-03_10-14-11-226676_earlyRefresh,earlyRefresh,backend-unavailability,1788430462.227000,11.000324,request_duration_p99,all,0.3628013215814025
2026-09-03_10-14-11-226676_earlyRefresh,earlyRefresh,backend-unavailability,1788430463.227000,12.000324,request_duration_p99,all,0.3679167824138367
2026-09-03_10-14-11-226676_earlyRefresh,earlyRefresh,backend-unavailability,1788430464.227000,13.000324,request_duration_p99,all,0.37214200107943385
2026-09-03_10-14-11-226676_earlyRefresh,earlyRefresh,backend-unavailability,1788430465.227000,14.000324,request_duration_p99,all,0.37406249999999985
2026-09-03_10-14-11-226676_earlyRefresh,earlyRefresh,backend-unavailability,1788430466.227000,15.000324,request_duration_p99,all,0.38874995833564696
2026-09-03_10-14-11-226676_earlyRefresh,earlyRefresh,backend-unavailability,1788430467.227000,16.000324,request_duration_p99,all,0.40615268565371954
2026-09-03_10-14-11-226676_earlyRefresh,earlyRefresh,backend-unavailability,1788430468.227000,17.000324,request_duration_p99,all,0.39083429777699547
2026-09-03_10-14-11-226676_earlyRefresh,earlyRefresh,backend-unavailability,1788430469.227000,18.000324,request_duration_p99,all,0.5507190302356954
2026-09-03_10-14-11-226676_earlyRefresh,earlyRefresh,backend-unavailability,1788430470.227000,19.000324,request_duration_p99,all,0.6889588522040243
2026-09-03_10-14-11-226676_earlyRefresh,earlyRefresh,backend-unavailability,1788430471.227000,20.000324,request_duration_p99,all,0.7154443287997312
2026-09-03_10-14-11-226676_earlyRefresh,earlyRefresh,backend-unavailability,1788430472.227000,21.000324,request_duration_p99,all,0.7324600692795534
2026-09-03_10-14-11-226676_earlyRefresh,earlyRefresh,backend-unavailability,1788430473.227000,22.000324,request_duration_p99,all,0.8629166666666662
2026-09-03_10-14-11-226676_earlyRefresh,earlyRefresh,backend-unavailability,1788430474.227000,23.000324,request_duration_p99,all,0.8942187499999985
2026-09-03_10-14-11-226676_earlyRefresh,earlyRefresh,backend-unavailability,1788430475.227000,24.000324,request_duration_p99,all,0.8931242577661087
2026-09-03_10-14-11-226676_earlyRefresh,earlyRefresh,backend-unavailability,1788430476.227000,25.000324,request_duration_p99,all,0.8926562499999993
2026-09-03_10-14-11-226676_earlyRefresh,earlyRefresh,backend-unavailability,1788430477.227000,26.000324,request_duration_p99,all,0.8915617469147383
2026-09-03_10-14-11-226676_earlyRefresh,earlyRefresh,backend-unavailability,1788430478.227000,27.000324,request_duration_p99,all,0.8907812499999999
2026-09-03_10-14-11-226676_earlyRefresh,earlyRefresh,backend-unavailability,1788430479.227000,28.000324,request_duration_p99,all,0.8900000000000003
2026-09-03_10-14-11-226676_earlyRefresh,earlyRefresh,backend-unavailability,1788430480.227000,29.000324,request_duration_p99,all,0.8914062499999991
2026-09-03_10-14-11-226676_earlyRefresh,earlyRefresh,backend-unavailability,1788430481.227000,30.000324,request_duration_p99,all,0.8744643353202152
2026-09-03_10-14-11-226676_earlyRefresh,earlyRefresh,backend-unavailability,1788430482.227000,31.000324,request_duration_p99,all,0.7365624999999995
2026-09-03_10-14-11-226676_earlyRefresh,earlyRefresh,backend-unavailability,1788430483.227000,32.000324,request_duration_p99,all,0.7054481716091496
2026-09-03_10-14-11-226676_earlyRefresh,earlyRefresh,backend-unavailability,1788430484.227000,33.000324,request_duration_p99,all,0.6970454545454549
2026-09-03_10-14-11-226676_earlyRefresh,earlyRefresh,backend-unavailability,1788430485.227000,34.000324,request_duration_p99,all,0.6262499999999991
2026-09-03_10-14-11-226676_earlyRefresh,earlyRefresh,backend-unavailability,1788430486.227000,35.000324,request_duration_p99,all,0.49591304347826104
2026-09-03_10-14-11-226676_earlyRefresh,earlyRefresh,backend-unavailability,1788430487.227000,36.000324,request_duration_p99,all,0.48808467741935513
2026-09-03_10-14-11-226676_earlyRefresh,earlyRefresh,backend-unavailability,1788430488.227000,37.000324,request_duration_p99,all,0.5365624999999983
2026-09-03_10-14-11-226676_earlyRefresh,earlyRefresh,backend-unavailability,1788430489.227000,38.000324,request_duration_p99,all,0.6783333333333336
2026-09-03_10-14-11-226676_earlyRefresh,earlyRefresh,backend-unavailability,1788430490.227000,39.000324,request_duration_p99,all,0.7091072609793143
2026-09-03_10-14-11-226676_earlyRefresh,earlyRefresh,backend-unavailability,1788430491.227000,40.000324,request_duration_p99,all,0.7219261039230758
2026-09-03_10-14-11-226676_earlyRefresh,earlyRefresh,backend-unavailability,1788430492.227000,41.000324,request_duration_p99,all,0.728259480674375
2026-09-03_10-14-11-226676_earlyRefresh,earlyRefresh,backend-unavailability,1788430493.227000,42.000324,request_duration_p99,all,0.7399479166666669
2026-09-03_10-14-11-226676_earlyRefresh,earlyRefresh,backend-unavailability,1788430494.227000,43.000324,request_duration_p99,all,0.7415571667906036
2026-09-03_10-14-11-226676_earlyRefresh,earlyRefresh,backend-unavailability,1788430495.227000,44.000324,request_duration_p99,all,0.8858354195985472
2026-09-03_10-14-11-226676_earlyRefresh,earlyRefresh,backend-unavailability,1788430496.227000,45.000324,request_duration_p99,all,1.0046371140566728
2026-09-03_10-14-11-226676_earlyRefresh,earlyRefresh,backend-unavailability,1788430497.227000,46.000324,request_duration_p99,all,1.1333329012089606
2026-09-03_10-14-11-226676_earlyRefresh,earlyRefresh,backend-unavailability,1788430498.227000,47.000324,request_duration_p99,all,1.1326666666666678
2026-09-03_10-14-11-226676_earlyRefresh,earlyRefresh,backend-unavailability,1788430499.227000,48.000324,request_duration_p99,all,1.1323337876778807
2026-09-03_10-14-11-226676_earlyRefresh,earlyRefresh,backend-unavailability,1788430500.227000,49.000324,request_duration_p99,all,1.1323333333333323
2026-09-03_10-14-11-226676_earlyRefresh,earlyRefresh,backend-unavailability,1788430501.227000,50.000324,request_duration_p99,all,1.1325000000000007
2026-09-03_10-14-11-226676_earlyRefresh,earlyRefresh,backend-unavailability,1788430502.227000,51.000324,request_duration_p99,all,1.132667082737622
2026-09-03_10-14-11-226676_earlyRefresh,earlyRefresh,backend-unavailability,1788430503.227000,52.000324,request_duration_p99,all,1.131665864191587
2026-09-03_10-14-11-226676_earlyRefresh,earlyRefresh,backend-unavailability,1788430504.227000,53.000324,request_duration_p99,all,1.1313328938499492
2026-09-03_10-14-11-226676_earlyRefresh,earlyRefresh,backend-unavailability,1788430505.227000,54.000324,request_duration_p99,all,1.0287469619321388
2026-09-03_10-14-11-226676_earlyRefresh,earlyRefresh,backend-unavailability,1788430506.227000,55.000324,request_duration_p99,all,0.36557692307692363
2026-09-03_10-14-11-226676_earlyRefresh,earlyRefresh,backend-unavailability,1788430507.227000,56.000324,request_duration_p99,all,0.004868435637933757
2026-09-03_10-14-11-226676_earlyRefresh,earlyRefresh,backend-unavailability,1788430508.227000,57.000324,request_duration_p99,all,0.0048753153153153145
2026-09-03_10-14-11-226676_earlyRefresh,earlyRefresh,backend-unavailability,1788430509.227000,58.000324,request_duration_p99,all,0.004881367521367521
2026-09-03_10-14-11-226676_earlyRefresh,earlyRefresh,backend-unavailability,1788430510.227000,59.000324,request_duration_p99,all,0.00489187509386364
2026-09-03_10-14-11-226676_earlyRefresh,earlyRefresh,backend-unavailability,1788430511.227000,60.000324,request_duration_p99,all,0.26333333333333026
2026-09-03_10-14-11-226676_earlyRefresh,earlyRefresh,backend-unavailability,1788430512.227000,61.000324,request_duration_p99,all,0.9243760851146563
2026-09-03_10-14-11-226676_earlyRefresh,earlyRefresh,backend-unavailability,1788430513.227000,62.000324,request_duration_p99,all,1.6577941176470579
2026-09-03_10-14-11-226676_earlyRefresh,earlyRefresh,backend-unavailability,1788430514.227000,63.000324,request_duration_p99,all,1.7226315789473685
2026-09-03_10-14-11-226676_earlyRefresh,earlyRefresh,backend-unavailability,1788430515.227000,64.000324,request_duration_p99,all,1.7355000394004265
2026-09-03_10-14-11-226676_earlyRefresh,earlyRefresh,backend-unavailability,1788430516.227000,65.000324,request_duration_p99,all,1.7393580681542575
2026-09-03_10-14-11-226676_earlyRefresh,earlyRefresh,backend-unavailability,1788430517.227000,66.000324,request_duration_p99,all,1.7417553191489363
2026-09-03_10-14-11-226676_earlyRefresh,earlyRefresh,backend-unavailability,1788430518.227000,67.000324,request_duration_p99,all,1.7433860947626387
2026-09-03_10-14-11-226676_earlyRefresh,earlyRefresh,backend-unavailability,1788430519.227000,68.000324,request_duration_p99,all,1.7444542253521127
2026-09-03_10-14-11-226676_earlyRefresh,earlyRefresh,backend-unavailability,1788430520.227000,69.000324,request_duration_p99,all,1.7449846915939875
2026-09-03_10-14-11-226676_earlyRefresh,earlyRefresh,backend-unavailability,1788430521.227000,70.000324,request_duration_p99,all,1.7455040871934604
2026-09-03_10-14-11-226676_earlyRefresh,earlyRefresh,backend-unavailability,1788430522.227000,71.000324,request_duration_p99,all,1.7457649253731344
2026-09-03_10-14-11-226676_earlyRefresh,earlyRefresh,backend-unavailability,1788430523.227000,72.000324,request_duration_p99,all,1.745829326923077
2026-09-03_10-14-11-226676_earlyRefresh,earlyRefresh,backend-unavailability,1788430524.227000,73.000324,request_duration_p99,all,1.7458435207823961
2026-09-03_10-14-11-226676_earlyRefresh,earlyRefresh,backend-unavailability,1788430525.227000,74.000324,request_duration_p99,all,1.7458333369115904
2026-09-03_10-14-11-226676_earlyRefresh,earlyRefresh,backend-unavailability,1788430526.227000,75.000324,request_duration_p99,all,1.7458472553699282
2026-09-03_10-14-11-226676_earlyRefresh,earlyRefresh,backend-unavailability,1788430527.227000,76.000324,request_duration_p99,all,1.7459512162203181
2026-09-03_10-14-11-226676_earlyRefresh,earlyRefresh,backend-unavailability,1788430528.227000,77.000324,request_duration_p99,all,1.7461702127659575
2026-09-03_10-14-11-226676_earlyRefresh,earlyRefresh,backend-unavailability,1788430529.227000,78.000324,request_duration_p99,all,1.7464420941957217
2026-09-03_10-14-11-226676_earlyRefresh,earlyRefresh,backend-unavailability,1788430530.227000,79.000324,request_duration_p99,all,1.7465937493706942
2026-09-03_10-14-11-226676_earlyRefresh,earlyRefresh,backend-unavailability,1788430531.227000,80.000324,request_duration_p99,all,1.7467828685258964
2026-09-03_10-14-11-226676_earlyRefresh,earlyRefresh,backend-unavailability,1788430532.227000,81.000324,request_duration_p99,all,1.7469731777239186
2026-09-03_10-14-11-226676_earlyRefresh,earlyRefresh,backend-unavailability,1788430533.227000,82.000324,request_duration_p99,all,1.7471376811594204
2026-09-03_10-14-11-226676_earlyRefresh,earlyRefresh,backend-unavailability,1788430534.227000,83.000324,request_duration_p99,all,1.7473162379720186
2026-09-03_10-14-11-226676_earlyRefresh,earlyRefresh,backend-unavailability,1788430535.227000,84.000324,request_duration_p99,all,1.747435064935065
2026-09-03_10-14-11-226676_earlyRefresh,earlyRefresh,backend-unavailability,1788430536.227000,85.000324,request_duration_p99,all,1.7474885145482388
2026-09-03_10-14-11-226676_earlyRefresh,earlyRefresh,backend-unavailability,1788430537.227000,86.000324,request_duration_p99,all,1.7475
2026-09-03_10-14-11-226676_earlyRefresh,earlyRefresh,backend-unavailability,1788430538.227000,87.000324,request_duration_p99,all,1.7475
2026-09-03_10-14-11-226676_earlyRefresh,earlyRefresh,backend-unavailability,1788430539.227000,88.000324,request_duration_p99,all,1.7475
2026-09-03_10-14-11-226676_earlyRefresh,earlyRefresh,backend-unavailability,1788430540.227000,89.000324,request_duration_p99,all,1.7475
2026-09-03_10-14-11-226676_earlyRefresh,earlyRefresh,backend-unavailability,1788430541.227000,90.000324,request_duration_p99,all,1.7475
2026-09-03_10-14-11-226676_earlyRefresh,earlyRefresh,backend-unavailability,1788430542.227000,91.000324,request_duration_p99,all,1.7475
2026-09-03_10-14-11-226676_earlyRefresh,earlyRefresh,backend-unavailability,1788430543.227000,92.000324,request_duration_p99,all,1.7475
2026-09-03_10-14-11-226676_earlyRefresh,earlyRefresh,backend-unavailability,1788430544.227000,93.000324,request_duration_p99,all,1.7475
2026-09-03_10-14-11-226676_earlyRefresh,earlyRefresh,backend-unavailability,1788430545.227000,94.000324,request_duration_p99,all,1.7475
2026-09-03_10-14-11-226676_earlyRefresh,earlyRefresh,backend-unavailability,1788430546.227000,95.000324,request_duration_p99,all,1.7475
2026-09-03_10-14-11-226676_earlyRefresh,earlyRefresh,backend-unavailability,1788430547.227000,96.000324,request_duration_p99,all,1.7475
2026-09-03_10-14-11-226676_earlyRefresh,earlyRefresh,backend-unavailability,1788430548.227000,97.000324,request_duration_p99,all,1.7475
2026-09-03_10-14-11-226676_earlyRefresh,earlyRefresh,backend-unavailability,1788430549.227000,98.000324,request_duration_p99,all,1.7475
2026-09-03_10-14-11-226676_earlyRefresh,earlyRefresh,backend-unavailability,1788430550.227000,99.000324,request_duration_p99,all,1.7475
2026-09-03_10-14-11-226676_earlyRefresh,earlyRefresh,backend-unavailability,1788430551.227000,100.000324,request_duration_p99,all,1.7475
2026-09-03_10-14-11-226676_earlyRefresh,earlyRefresh,backend-unavailability,1788430552.227000,101.000324,request_duration_p99,all,1.7475
2026-09-03_10-14-11-226676_earlyRefresh,earlyRefresh,backend-unavailability,1788430553.227000,102.000324,request_duration_p99,all,1.7475
2026-09-03_10-14-11-226676_earlyRefresh,earlyRefresh,backend-unavailability,1788430554.227000,103.000324,request_duration_p99,all,1.7475
2026-09-03_10-14-11-226676_earlyRefresh,earlyRefresh,backend-unavailability,1788430555.227000,104.000324,request_duration_p99,all,1.7475
2026-09-03_10-14-11-226676_earlyRefresh,earlyRefresh,backend-unavailability,1788430556.227000,105.000324,request_duration_p99,all,1.7475
2026-09-03_10-14-11-226676_earlyRefresh,earlyRefresh,backend-unavailability,1788430557.227000,106.000324,request_duration_p99,all,1.7475
2026-09-03_10-14-11-226676_earlyRefresh,earlyRefresh,backend-unavailability,1788430558.227000,107.000324,request_duration_p99,all,1.7475
2026-09-03_10-14-11-226676_earlyRefresh,earlyRefresh,backend-unavailability,1788430451.227000,0.000324,adaptive_ttl_factor,all,1
2026-09-03_10-14-11-226676_earlyRefresh,earlyRefresh,backend-unavailability,1788430452.227000,1.000324,adaptive_ttl_factor,all,1
2026-09-03_10-14-11-226676_earlyRefresh,earlyRefresh,backend-unavailability,1788430453.227000,2.000324,adaptive_ttl_factor,all,1
2026-09-03_10-14-11-226676_earlyRefresh,earlyRefresh,backend-unavailability,1788430454.227000,3.000324,adaptive_ttl_factor,all,1
2026-09-03_10-14-11-226676_earlyRefresh,earlyRefresh,backend-unavailability,1788430455.227000,4.000324,adaptive_ttl_factor,all,1
2026-09-03_10-14-11-226676_earlyRefresh,earlyRefresh,backend-unavailability,1788430456.227000,5.000324,adaptive_ttl_factor,all,1
2026-09-03_10-14-11-226676_earlyRefresh,earlyRefresh,backend-unavailability,1788430457.227000,6.000324,adaptive_ttl_factor,all,1
2026-09-03_10-14-11-226676_earlyRefresh,earlyRefresh,backend-unavailability,1788430458.227000,7.000324,adaptive_ttl_factor,all,1
2026-09-03_10-14-11-226676_earlyRefresh,earlyRefresh,backend-unavailability,1788430459.227000,8.000324,adaptive_ttl_factor,all,1
2026-09-03_10-14-11-226676_earlyRefresh,earlyRefresh,backend-unavailability,1788430460.227000,9.000324,adaptive_ttl_factor,all,1
2026-09-03_10-14-11-226676_earlyRefresh,earlyRefresh,backend-unavailability,1788430461.227000,10.000324,adaptive_ttl_factor,all,1
2026-09-03_10-14-11-226676_earlyRefresh,earlyRefresh,backend-unavailability,1788430462.227000,11.000324,adaptive_ttl_factor,all,1
2026-09-03_10-14-11-226676_earlyRefresh,earlyRefresh,backend-unavailability,1788430463.227000,12.000324,adaptive_ttl_factor,all,1
2026-09-03_10-14-11-226676_earlyRefresh,earlyRefresh,backend-unavailability,1788430464.227000,13.000324,adaptive_ttl_factor,all,1
2026-09-03_10-14-11-226676_earlyRefresh,earlyRefresh,backend-unavailability,1788430465.227000,14.000324,adaptive_ttl_factor,all,1
2026-09-03_10-14-11-226676_earlyRefresh,earlyRefresh,backend-unavailability,1788430466.227000,15.000324,adaptive_ttl_factor,all,1
2026-09-03_10-14-11-226676_earlyRefresh,earlyRefresh,backend-unavailability,1788430467.227000,16.000324,adaptive_ttl_factor,all,1
2026-09-03_10-14-11-226676_earlyRefresh,earlyRefresh,backend-unavailability,1788430468.227000,17.000324,adaptive_ttl_factor,all,1
2026-09-03_10-14-11-226676_earlyRefresh,earlyRefresh,backend-unavailability,1788430469.227000,18.000324,adaptive_ttl_factor,all,1
2026-09-03_10-14-11-226676_earlyRefresh,earlyRefresh,backend-unavailability,1788430470.227000,19.000324,adaptive_ttl_factor,all,1
2026-09-03_10-14-11-226676_earlyRefresh,earlyRefresh,backend-unavailability,1788430471.227000,20.000324,adaptive_ttl_factor,all,1
2026-09-03_10-14-11-226676_earlyRefresh,earlyRefresh,backend-unavailability,1788430472.227000,21.000324,adaptive_ttl_factor,all,1
2026-09-03_10-14-11-226676_earlyRefresh,earlyRefresh,backend-unavailability,1788430473.227000,22.000324,adaptive_ttl_factor,all,1
2026-09-03_10-14-11-226676_earlyRefresh,earlyRefresh,backend-unavailability,1788430474.227000,23.000324,adaptive_ttl_factor,all,1
2026-09-03_10-14-11-226676_earlyRefresh,earlyRefresh,backend-unavailability,1788430475.227000,24.000324,adaptive_ttl_factor,all,1
2026-09-03_10-14-11-226676_earlyRefresh,earlyRefresh,backend-unavailability,1788430476.227000,25.000324,adaptive_ttl_factor,all,1
2026-09-03_10-14-11-226676_earlyRefresh,earlyRefresh,backend-unavailability,1788430477.227000,26.000324,adaptive_ttl_factor,all,1
2026-09-03_10-14-11-226676_earlyRefresh,earlyRefresh,backend-unavailability,1788430478.227000,27.000324,adaptive_ttl_factor,all,1
2026-09-03_10-14-11-226676_earlyRefresh,earlyRefresh,backend-unavailability,1788430479.227000,28.000324,adaptive_ttl_factor,all,1
2026-09-03_10-14-11-226676_earlyRefresh,earlyRefresh,backend-unavailability,1788430480.227000,29.000324,adaptive_ttl_factor,all,1
2026-09-03_10-14-11-226676_earlyRefresh,earlyRefresh,backend-unavailability,1788430481.227000,30.000324,adaptive_ttl_factor,all,1
2026-09-03_10-14-11-226676_earlyRefresh,earlyRefresh,backend-unavailability,1788430482.227000,31.000324,adaptive_ttl_factor,all,1
2026-09-03_10-14-11-226676_earlyRefresh,earlyRefresh,backend-unavailability,1788430483.227000,32.000324,adaptive_ttl_factor,all,1
2026-09-03_10-14-11-226676_earlyRefresh,earlyRefresh,backend-unavailability,1788430484.227000,33.000324,adaptive_ttl_factor,all,1
2026-09-03_10-14-11-226676_earlyRefresh,earlyRefresh,backend-unavailability,1788430485.227000,34.000324,adaptive_ttl_factor,all,1
2026-09-03_10-14-11-226676_earlyRefresh,earlyRefresh,backend-unavailability,1788430486.227000,35.000324,adaptive_ttl_factor,all,1
2026-09-03_10-14-11-226676_earlyRefresh,earlyRefresh,backend-unavailability,1788430487.227000,36.000324,adaptive_ttl_factor,all,1
2026-09-03_10-14-11-226676_earlyRefresh,earlyRefresh,backend-unavailability,1788430488.227000,37.000324,adaptive_ttl_factor,all,1
2026-09-03_10-14-11-226676_earlyRefresh,earlyRefresh,backend-unavailability,1788430489.227000,38.000324,adaptive_ttl_factor,all,1
2026-09-03_10-14-11-226676_earlyRefresh,earlyRefresh,backend-unavailability,1788430490.227000,39.000324,adaptive_ttl_factor,all,1
2026-09-03_10-14-11-226676_earlyRefresh,earlyRefresh,backend-unavailability,1788430491.227000,40.000324,adaptive_ttl_factor,all,1
2026-09-03_10-14-11-226676_earlyRefresh,earlyRefresh,backend-unavailability,1788430492.227000,41.000324,adaptive_ttl_factor,all,1
2026-09-03_10-14-11-226676_earlyRefresh,earlyRefresh,backend-unavailability,1788430493.227000,42.000324,adaptive_ttl_factor,all,1
2026-09-03_10-14-11-226676_earlyRefresh,earlyRefresh,backend-unavailability,1788430494.227000,43.000324,adaptive_ttl_factor,all,1
2026-09-03_10-14-11-226676_earlyRefresh,earlyRefresh,backend-unavailability,1788430495.227000,44.000324,adaptive_ttl_factor,all,1
2026-09-03_10-14-11-226676_earlyRefresh,earlyRefresh,backend-unavailability,1788430496.227000,45.000324,adaptive_ttl_factor,all,1
2026-09-03_10-14-11-226676_earlyRefresh,earlyRefresh,backend-unavailability,1788430497.227000,46.000324,adaptive_ttl_factor,all,1
2026-09-03_10-14-11-226676_earlyRefresh,earlyRefresh,backend-unavailability,1788430498.227000,47.000324,adaptive_ttl_factor,all,1
2026-09-03_10-14-11-226676_earlyRefresh,earlyRefresh,backend-unavailability,1788430499.227000,48.000324,adaptive_ttl_factor,all,1
2026-09-03_10-14-11-226676_earlyRefresh,earlyRefresh,backend-unavailability,1788430500.227000,49.000324,adaptive_ttl_factor,all,1
2026-09-03_10-14-11-226676_earlyRefresh,earlyRefresh,backend-unavailability,1788430501.227000,50.000324,adaptive_ttl_factor,all,1
2026-09-03_10-14-11-226676_earlyRefresh,earlyRefresh,backend-unavailability,1788430502.227000,51.000324,adaptive_ttl_factor,all,1
2026-09-03_10-14-11-226676_earlyRefresh,earlyRefresh,backend-unavailability,1788430503.227000,52.000324,adaptive_ttl_factor,all,1
2026-09-03_10-14-11-226676_earlyRefresh,earlyRefresh,backend-unavailability,1788430504.227000,53.000324,adaptive_ttl_factor,all,1
2026-09-03_10-14-11-226676_earlyRefresh,earlyRefresh,backend-unavailability,1788430505.227000,54.000324,adaptive_ttl_factor,all,1
2026-09-03_10-14-11-226676_earlyRefresh,earlyRefresh,backend-unavailability,1788430506.227000,55.000324,adaptive_ttl_factor,all,1
2026-09-03_10-14-11-226676_earlyRefresh,earlyRefresh,backend-unavailability,1788430507.227000,56.000324,adaptive_ttl_factor,all,1
2026-09-03_10-14-11-226676_earlyRefresh,earlyRefresh,backend-unavailability,1788430508.227000,57.000324,adaptive_ttl_factor,all,1
2026-09-03_10-14-11-226676_earlyRefresh,earlyRefresh,backend-unavailability,1788430509.227000,58.000324,adaptive_ttl_factor,all,1
2026-09-03_10-14-11-226676_earlyRefresh,earlyRefresh,backend-unavailability,1788430510.227000,59.000324,adaptive_ttl_factor,all,1
2026-09-03_10-14-11-226676_earlyRefresh,earlyRefresh,backend-unavailability,1788430511.227000,60.000324,adaptive_ttl_factor,all,1
2026-09-03_10-14-11-226676_earlyRefresh,earlyRefresh,backend-unavailability,1788430512.227000,61.000324,adaptive_ttl_factor,all,1
2026-09-03_10-14-11-226676_earlyRefresh,earlyRefresh,backend-unavailability,1788430513.227000,62.000324,adaptive_ttl_factor,all,1
2026-09-03_10-14-11-226676_earlyRefresh,earlyRefresh,backend-unavailability,1788430514.227000,63.000324,adaptive_ttl_factor,all,1
2026-09-03_10-14-11-226676_earlyRefresh,earlyRefresh,backend-unavailability,1788430515.227000,64.000324,adaptive_ttl_factor,all,1
2026-09-03_10-14-11-226676_earlyRefresh,earlyRefresh,backend-unavailability,1788430516.227000,65.000324,adaptive_ttl_factor,all,1
2026-09-03_10-14-11-226676_earlyRefresh,earlyRefresh,backend-unavailability,1788430517.227000,66.000324,adaptive_ttl_factor,all,1
2026-09-03_10-14-11-226676_earlyRefresh,earlyRefresh,backend-unavailability,1788430518.227000,67.000324,adaptive_ttl_factor,all,1
2026-09-03_10-14-11-226676_earlyRefresh,earlyRefresh,backend-unavailability,1788430519.227000,68.000324,adaptive_ttl_factor,all,1
2026-09-03_10-14-11-226676_earlyRefresh,earlyRefresh,backend-unavailability,1788430520.227000,69.000324,adaptive_ttl_factor,all,1
2026-09-03_10-14-11-226676_earlyRefresh,earlyRefresh,backend-unavailability,1788430521.227000,70.000324,adaptive_ttl_factor,all,1
2026-09-03_10-14-11-226676_earlyRefresh,earlyRefresh,backend-unavailability,1788430522.227000,71.000324,adaptive_ttl_factor,all,1
2026-09-03_10-14-11-226676_earlyRefresh,earlyRefresh,backend-unavailability,1788430523.227000,72.000324,adaptive_ttl_factor,all,1
2026-09-03_10-14-11-226676_earlyRefresh,earlyRefresh,backend-unavailability,1788430524.227000,73.000324,adaptive_ttl_factor,all,1
2026-09-03_10-14-11-226676_earlyRefresh,earlyRefresh,backend-unavailability,1788430525.227000,74.000324,adaptive_ttl_factor,all,1
2026-09-03_10-14-11-226676_earlyRefresh,earlyRefresh,backend-unavailability,1788430526.227000,75.000324,adaptive_ttl_factor,all,1
2026-09-03_10-14-11-226676_earlyRefresh,earlyRefresh,backend-unavailability,1788430527.227000,76.000324,adaptive_ttl_factor,all,1
2026-09-03_10-14-11-226676_earlyRefresh,earlyRefresh,backend-unavailability,1788430528.227000,77.000324,adaptive_ttl_factor,all,1
2026-09-03_10-14-11-226676_earlyRefresh,earlyRefresh,backend-unavailability,1788430529.227000,78.000324,adaptive_ttl_factor,all,1
2026-09-03_10-14-11-226676_earlyRefresh,earlyRefresh,backend-unavailability,1788430530.227000,79.000324,adaptive_ttl_factor,all,1
2026-09-03_10-14-11-226676_earlyRefresh,earlyRefresh,backend-unavailability,1788430531.227000,80.000324,adaptive_ttl_factor,all,1
2026-09-03_10-14-11-226676_earlyRefresh,earlyRefresh,backend-unavailability,1788430532.227000,81.000324,adaptive_ttl_factor,all,1
2026-09-03_10-14-11-226676_earlyRefresh,earlyRefresh,backend-unavailability,1788430533.227000,82.000324,adaptive_ttl_factor,all,1
2026-09-03_10-14-11-226676_earlyRefresh,earlyRefresh,backend-unavailability,1788430534.227000,83.000324,adaptive_ttl_factor,all,1
2026-09-03_10-14-11-226676_earlyRefresh,earlyRefresh,backend-unavailability,1788430535.227000,84.000324,adaptive_ttl_factor,all,1
2026-09-03_10-14-11-226676_earlyRefresh,earlyRefresh,backend-unavailability,1788430536.227000,85.000324,adaptive_ttl_factor,all,1
2026-09-03_10-14-11-226676_earlyRefresh,earlyRefresh,backend-unavailability,1788430537.227000,86.000324,adaptive_ttl_factor,all,1
2026-09-03_10-14-11-226676_earlyRefresh,earlyRefresh,backend-unavailability,1788430538.227000,87.000324,adaptive_ttl_factor,all,1
2026-09-03_10-14-11-226676_earlyRefresh,earlyRefresh,backend-unavailability,1788430539.227000,88.000324,adaptive_ttl_factor,all,1
2026-09-03_10-14-11-226676_earlyRefresh,earlyRefresh,backend-unavailability,1788430540.227000,89.000324,adaptive_ttl_factor,all,1
2026-09-03_10-14-11-226676_earlyRefresh,earlyRefresh,backend-unavailability,1788430541.227000,90.000324,adaptive_ttl_factor,all,1
2026-09-03_10-14-11-226676_earlyRefresh,earlyRefresh,backend-unavailability,1788430542.227000,91.000324,adaptive_ttl_factor,all,1
2026-09-03_10-14-11-226676_earlyRefresh,earlyRefresh,backend-unavailability,1788430543.227000,92.000324,adaptive_ttl_factor,all,1
2026-09-03_10-14-11-226676_earlyRefresh,earlyRefresh,backend-unavailability,1788430544.227000,93.000324,adaptive_ttl_factor,all,1
2026-09-03_10-14-11-226676_earlyRefresh,earlyRefresh,backend-unavailability,1788430545.227000,94.000324,adaptive_ttl_factor,all,1
2026-09-03_10-14-11-226676_earlyRefresh,earlyRefresh,backend-unavailability,1788430546.227000,95.000324,adaptive_ttl_factor,all,1
2026-09-03_10-14-11-226676_earlyRefresh,earlyRefresh,backend-unavailability,1788430547.227000,96.000324,adaptive_ttl_factor,all,1
2026-09-03_10-14-11-226676_earlyRefresh,earlyRefresh,backend-unavailability,1788430548.227000,97.000324,adaptive_ttl_factor,all,1
2026-09-03_10-14-11-226676_earlyRefresh,earlyRefresh,backend-unavailability,1788430549.227000,98.000324,adaptive_ttl_factor,all,1
2026-09-03_10-14-11-226676_earlyRefresh,earlyRefresh,backend-unavailability,1788430550.227000,99.000324,adaptive_ttl_factor,all,1
2026-09-03_10-14-11-226676_earlyRefresh,earlyRefresh,backend-unavailability,1788430551.227000,100.000324,adaptive_ttl_factor,all,1
2026-09-03_10-14-11-226676_earlyRefresh,earlyRefresh,backend-unavailability,1788430552.227000,101.000324,adaptive_ttl_factor,all,1
2026-09-03_10-14-11-226676_earlyRefresh,earlyRefresh,backend-unavailability,1788430553.227000,102.000324,adaptive_ttl_factor,all,1
2026-09-03_10-14-11-226676_earlyRefresh,earlyRefresh,backend-unavailability,1788430554.227000,103.000324,adaptive_ttl_factor,all,1
2026-09-03_10-14-11-226676_earlyRefresh,earlyRefresh,backend-unavailability,1788430555.227000,104.000324,adaptive_ttl_factor,all,1
2026-09-03_10-14-11-226676_earlyRefresh,earlyRefresh,backend-unavailability,1788430556.227000,105.000324,adaptive_ttl_factor,all,1
2026-09-03_10-14-11-226676_earlyRefresh,earlyRefresh,backend-unavailability,1788430557.227000,106.000324,adaptive_ttl_factor,all,1
2026-09-03_10-14-11-226676_earlyRefresh,earlyRefresh,backend-unavailability,1788430558.227000,107.000324,adaptive_ttl_factor,all,1
2026-09-03_10-14-11-226676_earlyRefresh,earlyRefresh,backend-unavailability,1788430451.227000,0.000324,adaptive_ttl_effective_seconds,level=l1,5
2026-09-03_10-14-11-226676_earlyRefresh,earlyRefresh,backend-unavailability,1788430452.227000,1.000324,adaptive_ttl_effective_seconds,level=l1,5
2026-09-03_10-14-11-226676_earlyRefresh,earlyRefresh,backend-unavailability,1788430453.227000,2.000324,adaptive_ttl_effective_seconds,level=l1,5
2026-09-03_10-14-11-226676_earlyRefresh,earlyRefresh,backend-unavailability,1788430454.227000,3.000324,adaptive_ttl_effective_seconds,level=l1,5
2026-09-03_10-14-11-226676_earlyRefresh,earlyRefresh,backend-unavailability,1788430455.227000,4.000324,adaptive_ttl_effective_seconds,level=l1,5
2026-09-03_10-14-11-226676_earlyRefresh,earlyRefresh,backend-unavailability,1788430456.227000,5.000324,adaptive_ttl_effective_seconds,level=l1,5
2026-09-03_10-14-11-226676_earlyRefresh,earlyRefresh,backend-unavailability,1788430457.227000,6.000324,adaptive_ttl_effective_seconds,level=l1,5
2026-09-03_10-14-11-226676_earlyRefresh,earlyRefresh,backend-unavailability,1788430458.227000,7.000324,adaptive_ttl_effective_seconds,level=l1,5
2026-09-03_10-14-11-226676_earlyRefresh,earlyRefresh,backend-unavailability,1788430459.227000,8.000324,adaptive_ttl_effective_seconds,level=l1,5
2026-09-03_10-14-11-226676_earlyRefresh,earlyRefresh,backend-unavailability,1788430460.227000,9.000324,adaptive_ttl_effective_seconds,level=l1,5
2026-09-03_10-14-11-226676_earlyRefresh,earlyRefresh,backend-unavailability,1788430461.227000,10.000324,adaptive_ttl_effective_seconds,level=l1,5
2026-09-03_10-14-11-226676_earlyRefresh,earlyRefresh,backend-unavailability,1788430462.227000,11.000324,adaptive_ttl_effective_seconds,level=l1,5
2026-09-03_10-14-11-226676_earlyRefresh,earlyRefresh,backend-unavailability,1788430463.227000,12.000324,adaptive_ttl_effective_seconds,level=l1,5
2026-09-03_10-14-11-226676_earlyRefresh,earlyRefresh,backend-unavailability,1788430464.227000,13.000324,adaptive_ttl_effective_seconds,level=l1,5
2026-09-03_10-14-11-226676_earlyRefresh,earlyRefresh,backend-unavailability,1788430465.227000,14.000324,adaptive_ttl_effective_seconds,level=l1,5
2026-09-03_10-14-11-226676_earlyRefresh,earlyRefresh,backend-unavailability,1788430466.227000,15.000324,adaptive_ttl_effective_seconds,level=l1,5
2026-09-03_10-14-11-226676_earlyRefresh,earlyRefresh,backend-unavailability,1788430467.227000,16.000324,adaptive_ttl_effective_seconds,level=l1,5
2026-09-03_10-14-11-226676_earlyRefresh,earlyRefresh,backend-unavailability,1788430468.227000,17.000324,adaptive_ttl_effective_seconds,level=l1,5
2026-09-03_10-14-11-226676_earlyRefresh,earlyRefresh,backend-unavailability,1788430469.227000,18.000324,adaptive_ttl_effective_seconds,level=l1,5
2026-09-03_10-14-11-226676_earlyRefresh,earlyRefresh,backend-unavailability,1788430470.227000,19.000324,adaptive_ttl_effective_seconds,level=l1,5
2026-09-03_10-14-11-226676_earlyRefresh,earlyRefresh,backend-unavailability,1788430471.227000,20.000324,adaptive_ttl_effective_seconds,level=l1,5
2026-09-03_10-14-11-226676_earlyRefresh,earlyRefresh,backend-unavailability,1788430472.227000,21.000324,adaptive_ttl_effective_seconds,level=l1,5
2026-09-03_10-14-11-226676_earlyRefresh,earlyRefresh,backend-unavailability,1788430473.227000,22.000324,adaptive_ttl_effective_seconds,level=l1,5
2026-09-03_10-14-11-226676_earlyRefresh,earlyRefresh,backend-unavailability,1788430474.227000,23.000324,adaptive_ttl_effective_seconds,level=l1,5
2026-09-03_10-14-11-226676_earlyRefresh,earlyRefresh,backend-unavailability,1788430475.227000,24.000324,adaptive_ttl_effective_seconds,level=l1,5
2026-09-03_10-14-11-226676_earlyRefresh,earlyRefresh,backend-unavailability,1788430476.227000,25.000324,adaptive_ttl_effective_seconds,level=l1,5
2026-09-03_10-14-11-226676_earlyRefresh,earlyRefresh,backend-unavailability,1788430477.227000,26.000324,adaptive_ttl_effective_seconds,level=l1,5
2026-09-03_10-14-11-226676_earlyRefresh,earlyRefresh,backend-unavailability,1788430478.227000,27.000324,adaptive_ttl_effective_seconds,level=l1,5
2026-09-03_10-14-11-226676_earlyRefresh,earlyRefresh,backend-unavailability,1788430479.227000,28.000324,adaptive_ttl_effective_seconds,level=l1,5
2026-09-03_10-14-11-226676_earlyRefresh,earlyRefresh,backend-unavailability,1788430480.227000,29.000324,adaptive_ttl_effective_seconds,level=l1,5
2026-09-03_10-14-11-226676_earlyRefresh,earlyRefresh,backend-unavailability,1788430481.227000,30.000324,adaptive_ttl_effective_seconds,level=l1,5
2026-09-03_10-14-11-226676_earlyRefresh,earlyRefresh,backend-unavailability,1788430482.227000,31.000324,adaptive_ttl_effective_seconds,level=l1,5
2026-09-03_10-14-11-226676_earlyRefresh,earlyRefresh,backend-unavailability,1788430483.227000,32.000324,adaptive_ttl_effective_seconds,level=l1,5
2026-09-03_10-14-11-226676_earlyRefresh,earlyRefresh,backend-unavailability,1788430484.227000,33.000324,adaptive_ttl_effective_seconds,level=l1,5
2026-09-03_10-14-11-226676_earlyRefresh,earlyRefresh,backend-unavailability,1788430485.227000,34.000324,adaptive_ttl_effective_seconds,level=l1,5
2026-09-03_10-14-11-226676_earlyRefresh,earlyRefresh,backend-unavailability,1788430486.227000,35.000324,adaptive_ttl_effective_seconds,level=l1,5
2026-09-03_10-14-11-226676_earlyRefresh,earlyRefresh,backend-unavailability,1788430487.227000,36.000324,adaptive_ttl_effective_seconds,level=l1,5
2026-09-03_10-14-11-226676_earlyRefresh,earlyRefresh,backend-unavailability,1788430488.227000,37.000324,adaptive_ttl_effective_seconds,level=l1,5
2026-09-03_10-14-11-226676_earlyRefresh,earlyRefresh,backend-unavailability,1788430489.227000,38.000324,adaptive_ttl_effective_seconds,level=l1,5
2026-09-03_10-14-11-226676_earlyRefresh,earlyRefresh,backend-unavailability,1788430490.227000,39.000324,adaptive_ttl_effective_seconds,level=l1,5
2026-09-03_10-14-11-226676_earlyRefresh,earlyRefresh,backend-unavailability,1788430491.227000,40.000324,adaptive_ttl_effective_seconds,level=l1,5
2026-09-03_10-14-11-226676_earlyRefresh,earlyRefresh,backend-unavailability,1788430492.227000,41.000324,adaptive_ttl_effective_seconds,level=l1,5
2026-09-03_10-14-11-226676_earlyRefresh,earlyRefresh,backend-unavailability,1788430493.227000,42.000324,adaptive_ttl_effective_seconds,level=l1,5
2026-09-03_10-14-11-226676_earlyRefresh,earlyRefresh,backend-unavailability,1788430494.227000,43.000324,adaptive_ttl_effective_seconds,level=l1,5
2026-09-03_10-14-11-226676_earlyRefresh,earlyRefresh,backend-unavailability,1788430495.227000,44.000324,adaptive_ttl_effective_seconds,level=l1,5
2026-09-03_10-14-11-226676_earlyRefresh,earlyRefresh,backend-unavailability,1788430496.227000,45.000324,adaptive_ttl_effective_seconds,level=l1,5
2026-09-03_10-14-11-226676_earlyRefresh,earlyRefresh,backend-unavailability,1788430497.227000,46.000324,adaptive_ttl_effective_seconds,level=l1,5
2026-09-03_10-14-11-226676_earlyRefresh,earlyRefresh,backend-unavailability,1788430498.227000,47.000324,adaptive_ttl_effective_seconds,level=l1,5
2026-09-03_10-14-11-226676_earlyRefresh,earlyRefresh,backend-unavailability,1788430499.227000,48.000324,adaptive_ttl_effective_seconds,level=l1,5
2026-09-03_10-14-11-226676_earlyRefresh,earlyRefresh,backend-unavailability,1788430500.227000,49.000324,adaptive_ttl_effective_seconds,level=l1,5
2026-09-03_10-14-11-226676_earlyRefresh,earlyRefresh,backend-unavailability,1788430501.227000,50.000324,adaptive_ttl_effective_seconds,level=l1,5
2026-09-03_10-14-11-226676_earlyRefresh,earlyRefresh,backend-unavailability,1788430502.227000,51.000324,adaptive_ttl_effective_seconds,level=l1,5
2026-09-03_10-14-11-226676_earlyRefresh,earlyRefresh,backend-unavailability,1788430503.227000,52.000324,adaptive_ttl_effective_seconds,level=l1,5
2026-09-03_10-14-11-226676_earlyRefresh,earlyRefresh,backend-unavailability,1788430504.227000,53.000324,adaptive_ttl_effective_seconds,level=l1,5
2026-09-03_10-14-11-226676_earlyRefresh,earlyRefresh,backend-unavailability,1788430505.227000,54.000324,adaptive_ttl_effective_seconds,level=l1,5
2026-09-03_10-14-11-226676_earlyRefresh,earlyRefresh,backend-unavailability,1788430506.227000,55.000324,adaptive_ttl_effective_seconds,level=l1,5
2026-09-03_10-14-11-226676_earlyRefresh,earlyRefresh,backend-unavailability,1788430507.227000,56.000324,adaptive_ttl_effective_seconds,level=l1,5
2026-09-03_10-14-11-226676_earlyRefresh,earlyRefresh,backend-unavailability,1788430508.227000,57.000324,adaptive_ttl_effective_seconds,level=l1,5
2026-09-03_10-14-11-226676_earlyRefresh,earlyRefresh,backend-unavailability,1788430509.227000,58.000324,adaptive_ttl_effective_seconds,level=l1,5
2026-09-03_10-14-11-226676_earlyRefresh,earlyRefresh,backend-unavailability,1788430510.227000,59.000324,adaptive_ttl_effective_seconds,level=l1,5
2026-09-03_10-14-11-226676_earlyRefresh,earlyRefresh,backend-unavailability,1788430511.227000,60.000324,adaptive_ttl_effective_seconds,level=l1,5
2026-09-03_10-14-11-226676_earlyRefresh,earlyRefresh,backend-unavailability,1788430512.227000,61.000324,adaptive_ttl_effective_seconds,level=l1,5
2026-09-03_10-14-11-226676_earlyRefresh,earlyRefresh,backend-unavailability,1788430513.227000,62.000324,adaptive_ttl_effective_seconds,level=l1,5
2026-09-03_10-14-11-226676_earlyRefresh,earlyRefresh,backend-unavailability,1788430514.227000,63.000324,adaptive_ttl_effective_seconds,level=l1,5
2026-09-03_10-14-11-226676_earlyRefresh,earlyRefresh,backend-unavailability,1788430515.227000,64.000324,adaptive_ttl_effective_seconds,level=l1,5
2026-09-03_10-14-11-226676_earlyRefresh,earlyRefresh,backend-unavailability,1788430516.227000,65.000324,adaptive_ttl_effective_seconds,level=l1,5
2026-09-03_10-14-11-226676_earlyRefresh,earlyRefresh,backend-unavailability,1788430517.227000,66.000324,adaptive_ttl_effective_seconds,level=l1,5
2026-09-03_10-14-11-226676_earlyRefresh,earlyRefresh,backend-unavailability,1788430518.227000,67.000324,adaptive_ttl_effective_seconds,level=l1,5
2026-09-03_10-14-11-226676_earlyRefresh,earlyRefresh,backend-unavailability,1788430519.227000,68.000324,adaptive_ttl_effective_seconds,level=l1,5
2026-09-03_10-14-11-226676_earlyRefresh,earlyRefresh,backend-unavailability,1788430520.227000,69.000324,adaptive_ttl_effective_seconds,level=l1,5
2026-09-03_10-14-11-226676_earlyRefresh,earlyRefresh,backend-unavailability,1788430521.227000,70.000324,adaptive_ttl_effective_seconds,level=l1,5
2026-09-03_10-14-11-226676_earlyRefresh,earlyRefresh,backend-unavailability,1788430522.227000,71.000324,adaptive_ttl_effective_seconds,level=l1,5
2026-09-03_10-14-11-226676_earlyRefresh,earlyRefresh,backend-unavailability,1788430523.227000,72.000324,adaptive_ttl_effective_seconds,level=l1,5
2026-09-03_10-14-11-226676_earlyRefresh,earlyRefresh,backend-unavailability,1788430524.227000,73.000324,adaptive_ttl_effective_seconds,level=l1,5
2026-09-03_10-14-11-226676_earlyRefresh,earlyRefresh,backend-unavailability,1788430525.227000,74.000324,adaptive_ttl_effective_seconds,level=l1,5
2026-09-03_10-14-11-226676_earlyRefresh,earlyRefresh,backend-unavailability,1788430526.227000,75.000324,adaptive_ttl_effective_seconds,level=l1,5
2026-09-03_10-14-11-226676_earlyRefresh,earlyRefresh,backend-unavailability,1788430527.227000,76.000324,adaptive_ttl_effective_seconds,level=l1,5
2026-09-03_10-14-11-226676_earlyRefresh,earlyRefresh,backend-unavailability,1788430528.227000,77.000324,adaptive_ttl_effective_seconds,level=l1,5
2026-09-03_10-14-11-226676_earlyRefresh,earlyRefresh,backend-unavailability,1788430529.227000,78.000324,adaptive_ttl_effective_seconds,level=l1,5
2026-09-03_10-14-11-226676_earlyRefresh,earlyRefresh,backend-unavailability,1788430530.227000,79.000324,adaptive_ttl_effective_seconds,level=l1,5
2026-09-03_10-14-11-226676_earlyRefresh,earlyRefresh,backend-unavailability,1788430531.227000,80.000324,adaptive_ttl_effective_seconds,level=l1,5
2026-09-03_10-14-11-226676_earlyRefresh,earlyRefresh,backend-unavailability,1788430532.227000,81.000324,adaptive_ttl_effective_seconds,level=l1,5
2026-09-03_10-14-11-226676_earlyRefresh,earlyRefresh,backend-unavailability,1788430533.227000,82.000324,adaptive_ttl_effective_seconds,level=l1,5
2026-09-03_10-14-11-226676_earlyRefresh,earlyRefresh,backend-unavailability,1788430534.227000,83.000324,adaptive_ttl_effective_seconds,level=l1,5
2026-09-03_10-14-11-226676_earlyRefresh,earlyRefresh,backend-unavailability,1788430535.227000,84.000324,adaptive_ttl_effective_seconds,level=l1,5
2026-09-03_10-14-11-226676_earlyRefresh,earlyRefresh,backend-unavailability,1788430536.227000,85.000324,adaptive_ttl_effective_seconds,level=l1,5
2026-09-03_10-14-11-226676_earlyRefresh,earlyRefresh,backend-unavailability,1788430537.227000,86.000324,adaptive_ttl_effective_seconds,level=l1,5
2026-09-03_10-14-11-226676_earlyRefresh,earlyRefresh,backend-unavailability,1788430538.227000,87.000324,adaptive_ttl_effective_seconds,level=l1,5
2026-09-03_10-14-11-226676_earlyRefresh,earlyRefresh,backend-unavailability,1788430539.227000,88.000324,adaptive_ttl_effective_seconds,level=l1,5
2026-09-03_10-14-11-226676_earlyRefresh,earlyRefresh,backend-unavailability,1788430540.227000,89.000324,adaptive_ttl_effective_seconds,level=l1,5
2026-09-03_10-14-11-226676_earlyRefresh,earlyRefresh,backend-unavailability,1788430541.227000,90.000324,adaptive_ttl_effective_seconds,level=l1,5
2026-09-03_10-14-11-226676_earlyRefresh,earlyRefresh,backend-unavailability,1788430542.227000,91.000324,adaptive_ttl_effective_seconds,level=l1,5
2026-09-03_10-14-11-226676_earlyRefresh,earlyRefresh,backend-unavailability,1788430543.227000,92.000324,adaptive_ttl_effective_seconds,level=l1,5
2026-09-03_10-14-11-226676_earlyRefresh,earlyRefresh,backend-unavailability,1788430544.227000,93.000324,adaptive_ttl_effective_seconds,level=l1,5
2026-09-03_10-14-11-226676_earlyRefresh,earlyRefresh,backend-unavailability,1788430545.227000,94.000324,adaptive_ttl_effective_seconds,level=l1,5
2026-09-03_10-14-11-226676_earlyRefresh,earlyRefresh,backend-unavailability,1788430546.227000,95.000324,adaptive_ttl_effective_seconds,level=l1,5
2026-09-03_10-14-11-226676_earlyRefresh,earlyRefresh,backend-unavailability,1788430547.227000,96.000324,adaptive_ttl_effective_seconds,level=l1,5
2026-09-03_10-14-11-226676_earlyRefresh,earlyRefresh,backend-unavailability,1788430548.227000,97.000324,adaptive_ttl_effective_seconds,level=l1,5
2026-09-03_10-14-11-226676_earlyRefresh,earlyRefresh,backend-unavailability,1788430549.227000,98.000324,adaptive_ttl_effective_seconds,level=l1,5
2026-09-03_10-14-11-226676_earlyRefresh,earlyRefresh,backend-unavailability,1788430550.227000,99.000324,adaptive_ttl_effective_seconds,level=l1,5
2026-09-03_10-14-11-226676_earlyRefresh,earlyRefresh,backend-unavailability,1788430551.227000,100.000324,adaptive_ttl_effective_seconds,level=l1,5
2026-09-03_10-14-11-226676_earlyRefresh,earlyRefresh,backend-unavailability,1788430552.227000,101.000324,adaptive_ttl_effective_seconds,level=l1,5
2026-09-03_10-14-11-226676_earlyRefresh,earlyRefresh,backend-unavailability,1788430553.227000,102.000324,adaptive_ttl_effective_seconds,level=l1,5
2026-09-03_10-14-11-226676_earlyRefresh,earlyRefresh,backend-unavailability,1788430554.227000,103.000324,adaptive_ttl_effective_seconds,level=l1,5
2026-09-03_10-14-11-226676_earlyRefresh,earlyRefresh,backend-unavailability,1788430555.227000,104.000324,adaptive_ttl_effective_seconds,level=l1,5
2026-09-03_10-14-11-226676_earlyRefresh,earlyRefresh,backend-unavailability,1788430556.227000,105.000324,adaptive_ttl_effective_seconds,level=l1,5
2026-09-03_10-14-11-226676_earlyRefresh,earlyRefresh,backend-unavailability,1788430557.227000,106.000324,adaptive_ttl_effective_seconds,level=l1,5
2026-09-03_10-14-11-226676_earlyRefresh,earlyRefresh,backend-unavailability,1788430558.227000,107.000324,adaptive_ttl_effective_seconds,level=l1,5
2026-09-03_10-14-11-226676_earlyRefresh,earlyRefresh,backend-unavailability,1788430451.227000,0.000324,adaptive_ttl_effective_seconds,level=l2,15
2026-09-03_10-14-11-226676_earlyRefresh,earlyRefresh,backend-unavailability,1788430452.227000,1.000324,adaptive_ttl_effective_seconds,level=l2,15
2026-09-03_10-14-11-226676_earlyRefresh,earlyRefresh,backend-unavailability,1788430453.227000,2.000324,adaptive_ttl_effective_seconds,level=l2,15
2026-09-03_10-14-11-226676_earlyRefresh,earlyRefresh,backend-unavailability,1788430454.227000,3.000324,adaptive_ttl_effective_seconds,level=l2,15
2026-09-03_10-14-11-226676_earlyRefresh,earlyRefresh,backend-unavailability,1788430455.227000,4.000324,adaptive_ttl_effective_seconds,level=l2,15
2026-09-03_10-14-11-226676_earlyRefresh,earlyRefresh,backend-unavailability,1788430456.227000,5.000324,adaptive_ttl_effective_seconds,level=l2,15
2026-09-03_10-14-11-226676_earlyRefresh,earlyRefresh,backend-unavailability,1788430457.227000,6.000324,adaptive_ttl_effective_seconds,level=l2,15
2026-09-03_10-14-11-226676_earlyRefresh,earlyRefresh,backend-unavailability,1788430458.227000,7.000324,adaptive_ttl_effective_seconds,level=l2,15
2026-09-03_10-14-11-226676_earlyRefresh,earlyRefresh,backend-unavailability,1788430459.227000,8.000324,adaptive_ttl_effective_seconds,level=l2,15
2026-09-03_10-14-11-226676_earlyRefresh,earlyRefresh,backend-unavailability,1788430460.227000,9.000324,adaptive_ttl_effective_seconds,level=l2,15
2026-09-03_10-14-11-226676_earlyRefresh,earlyRefresh,backend-unavailability,1788430461.227000,10.000324,adaptive_ttl_effective_seconds,level=l2,15
2026-09-03_10-14-11-226676_earlyRefresh,earlyRefresh,backend-unavailability,1788430462.227000,11.000324,adaptive_ttl_effective_seconds,level=l2,15
2026-09-03_10-14-11-226676_earlyRefresh,earlyRefresh,backend-unavailability,1788430463.227000,12.000324,adaptive_ttl_effective_seconds,level=l2,15
2026-09-03_10-14-11-226676_earlyRefresh,earlyRefresh,backend-unavailability,1788430464.227000,13.000324,adaptive_ttl_effective_seconds,level=l2,15
2026-09-03_10-14-11-226676_earlyRefresh,earlyRefresh,backend-unavailability,1788430465.227000,14.000324,adaptive_ttl_effective_seconds,level=l2,15
2026-09-03_10-14-11-226676_earlyRefresh,earlyRefresh,backend-unavailability,1788430466.227000,15.000324,adaptive_ttl_effective_seconds,level=l2,15
2026-09-03_10-14-11-226676_earlyRefresh,earlyRefresh,backend-unavailability,1788430467.227000,16.000324,adaptive_ttl_effective_seconds,level=l2,15
2026-09-03_10-14-11-226676_earlyRefresh,earlyRefresh,backend-unavailability,1788430468.227000,17.000324,adaptive_ttl_effective_seconds,level=l2,15
2026-09-03_10-14-11-226676_earlyRefresh,earlyRefresh,backend-unavailability,1788430469.227000,18.000324,adaptive_ttl_effective_seconds,level=l2,15
2026-09-03_10-14-11-226676_earlyRefresh,earlyRefresh,backend-unavailability,1788430470.227000,19.000324,adaptive_ttl_effective_seconds,level=l2,15
2026-09-03_10-14-11-226676_earlyRefresh,earlyRefresh,backend-unavailability,1788430471.227000,20.000324,adaptive_ttl_effective_seconds,level=l2,15
2026-09-03_10-14-11-226676_earlyRefresh,earlyRefresh,backend-unavailability,1788430472.227000,21.000324,adaptive_ttl_effective_seconds,level=l2,15
2026-09-03_10-14-11-226676_earlyRefresh,earlyRefresh,backend-unavailability,1788430473.227000,22.000324,adaptive_ttl_effective_seconds,level=l2,15
2026-09-03_10-14-11-226676_earlyRefresh,earlyRefresh,backend-unavailability,1788430474.227000,23.000324,adaptive_ttl_effective_seconds,level=l2,15
2026-09-03_10-14-11-226676_earlyRefresh,earlyRefresh,backend-unavailability,1788430475.227000,24.000324,adaptive_ttl_effective_seconds,level=l2,15
2026-09-03_10-14-11-226676_earlyRefresh,earlyRefresh,backend-unavailability,1788430476.227000,25.000324,adaptive_ttl_effective_seconds,level=l2,15
2026-09-03_10-14-11-226676_earlyRefresh,earlyRefresh,backend-unavailability,1788430477.227000,26.000324,adaptive_ttl_effective_seconds,level=l2,15
2026-09-03_10-14-11-226676_earlyRefresh,earlyRefresh,backend-unavailability,1788430478.227000,27.000324,adaptive_ttl_effective_seconds,level=l2,15
2026-09-03_10-14-11-226676_earlyRefresh,earlyRefresh,backend-unavailability,1788430479.227000,28.000324,adaptive_ttl_effective_seconds,level=l2,15
2026-09-03_10-14-11-226676_earlyRefresh,earlyRefresh,backend-unavailability,1788430480.227000,29.000324,adaptive_ttl_effective_seconds,level=l2,15
2026-09-03_10-14-11-226676_earlyRefresh,earlyRefresh,backend-unavailability,1788430481.227000,30.000324,adaptive_ttl_effective_seconds,level=l2,15
2026-09-03_10-14-11-226676_earlyRefresh,earlyRefresh,backend-unavailability,1788430482.227000,31.000324,adaptive_ttl_effective_seconds,level=l2,15
2026-09-03_10-14-11-226676_earlyRefresh,earlyRefresh,backend-unavailability,1788430483.227000,32.000324,adaptive_ttl_effective_seconds,level=l2,15
2026-09-03_10-14-11-226676_earlyRefresh,earlyRefresh,backend-unavailability,1788430484.227000,33.000324,adaptive_ttl_effective_seconds,level=l2,15
2026-09-03_10-14-11-226676_earlyRefresh,earlyRefresh,backend-unavailability,1788430485.227000,34.000324,adaptive_ttl_effective_seconds,level=l2,15
2026-09-03_10-14-11-226676_earlyRefresh,earlyRefresh,backend-unavailability,1788430486.227000,35.000324,adaptive_ttl_effective_seconds,level=l2,15
2026-09-03_10-14-11-226676_earlyRefresh,earlyRefresh,backend-unavailability,1788430487.227000,36.000324,adaptive_ttl_effective_seconds,level=l2,15
2026-09-03_10-14-11-226676_earlyRefresh,earlyRefresh,backend-unavailability,1788430488.227000,37.000324,adaptive_ttl_effective_seconds,level=l2,15
2026-09-03_10-14-11-226676_earlyRefresh,earlyRefresh,backend-unavailability,1788430489.227000,38.000324,adaptive_ttl_effective_seconds,level=l2,15
2026-09-03_10-14-11-226676_earlyRefresh,earlyRefresh,backend-unavailability,1788430490.227000,39.000324,adaptive_ttl_effective_seconds,level=l2,15
2026-09-03_10-14-11-226676_earlyRefresh,earlyRefresh,backend-unavailability,1788430491.227000,40.000324,adaptive_ttl_effective_seconds,level=l2,15
2026-09-03_10-14-11-226676_earlyRefresh,earlyRefresh,backend-unavailability,1788430492.227000,41.000324,adaptive_ttl_effective_seconds,level=l2,15
2026-09-03_10-14-11-226676_earlyRefresh,earlyRefresh,backend-unavailability,1788430493.227000,42.000324,adaptive_ttl_effective_seconds,level=l2,15
2026-09-03_10-14-11-226676_earlyRefresh,earlyRefresh,backend-unavailability,1788430494.227000,43.000324,adaptive_ttl_effective_seconds,level=l2,15
2026-09-03_10-14-11-226676_earlyRefresh,earlyRefresh,backend-unavailability,1788430495.227000,44.000324,adaptive_ttl_effective_seconds,level=l2,15
2026-09-03_10-14-11-226676_earlyRefresh,earlyRefresh,backend-unavailability,1788430496.227000,45.000324,adaptive_ttl_effective_seconds,level=l2,15
2026-09-03_10-14-11-226676_earlyRefresh,earlyRefresh,backend-unavailability,1788430497.227000,46.000324,adaptive_ttl_effective_seconds,level=l2,15
2026-09-03_10-14-11-226676_earlyRefresh,earlyRefresh,backend-unavailability,1788430498.227000,47.000324,adaptive_ttl_effective_seconds,level=l2,15
2026-09-03_10-14-11-226676_earlyRefresh,earlyRefresh,backend-unavailability,1788430499.227000,48.000324,adaptive_ttl_effective_seconds,level=l2,15
2026-09-03_10-14-11-226676_earlyRefresh,earlyRefresh,backend-unavailability,1788430500.227000,49.000324,adaptive_ttl_effective_seconds,level=l2,15
2026-09-03_10-14-11-226676_earlyRefresh,earlyRefresh,backend-unavailability,1788430501.227000,50.000324,adaptive_ttl_effective_seconds,level=l2,15
2026-09-03_10-14-11-226676_earlyRefresh,earlyRefresh,backend-unavailability,1788430502.227000,51.000324,adaptive_ttl_effective_seconds,level=l2,15
2026-09-03_10-14-11-226676_earlyRefresh,earlyRefresh,backend-unavailability,1788430503.227000,52.000324,adaptive_ttl_effective_seconds,level=l2,15
2026-09-03_10-14-11-226676_earlyRefresh,earlyRefresh,backend-unavailability,1788430504.227000,53.000324,adaptive_ttl_effective_seconds,level=l2,15
2026-09-03_10-14-11-226676_earlyRefresh,earlyRefresh,backend-unavailability,1788430505.227000,54.000324,adaptive_ttl_effective_seconds,level=l2,15
2026-09-03_10-14-11-226676_earlyRefresh,earlyRefresh,backend-unavailability,1788430506.227000,55.000324,adaptive_ttl_effective_seconds,level=l2,15
2026-09-03_10-14-11-226676_earlyRefresh,earlyRefresh,backend-unavailability,1788430507.227000,56.000324,adaptive_ttl_effective_seconds,level=l2,15
2026-09-03_10-14-11-226676_earlyRefresh,earlyRefresh,backend-unavailability,1788430508.227000,57.000324,adaptive_ttl_effective_seconds,level=l2,15
2026-09-03_10-14-11-226676_earlyRefresh,earlyRefresh,backend-unavailability,1788430509.227000,58.000324,adaptive_ttl_effective_seconds,level=l2,15
2026-09-03_10-14-11-226676_earlyRefresh,earlyRefresh,backend-unavailability,1788430510.227000,59.000324,adaptive_ttl_effective_seconds,level=l2,15
2026-09-03_10-14-11-226676_earlyRefresh,earlyRefresh,backend-unavailability,1788430511.227000,60.000324,adaptive_ttl_effective_seconds,level=l2,15
2026-09-03_10-14-11-226676_earlyRefresh,earlyRefresh,backend-unavailability,1788430512.227000,61.000324,adaptive_ttl_effective_seconds,level=l2,15
2026-09-03_10-14-11-226676_earlyRefresh,earlyRefresh,backend-unavailability,1788430513.227000,62.000324,adaptive_ttl_effective_seconds,level=l2,15
2026-09-03_10-14-11-226676_earlyRefresh,earlyRefresh,backend-unavailability,1788430514.227000,63.000324,adaptive_ttl_effective_seconds,level=l2,15
2026-09-03_10-14-11-226676_earlyRefresh,earlyRefresh,backend-unavailability,1788430515.227000,64.000324,adaptive_ttl_effective_seconds,level=l2,15
2026-09-03_10-14-11-226676_earlyRefresh,earlyRefresh,backend-unavailability,1788430516.227000,65.000324,adaptive_ttl_effective_seconds,level=l2,15
2026-09-03_10-14-11-226676_earlyRefresh,earlyRefresh,backend-unavailability,1788430517.227000,66.000324,adaptive_ttl_effective_seconds,level=l2,15
2026-09-03_10-14-11-226676_earlyRefresh,earlyRefresh,backend-unavailability,1788430518.227000,67.000324,adaptive_ttl_effective_seconds,level=l2,15
2026-09-03_10-14-11-226676_earlyRefresh,earlyRefresh,backend-unavailability,1788430519.227000,68.000324,adaptive_ttl_effective_seconds,level=l2,15
2026-09-03_10-14-11-226676_earlyRefresh,earlyRefresh,backend-unavailability,1788430520.227000,69.000324,adaptive_ttl_effective_seconds,level=l2,15
2026-09-03_10-14-11-226676_earlyRefresh,earlyRefresh,backend-unavailability,1788430521.227000,70.000324,adaptive_ttl_effective_seconds,level=l2,15
2026-09-03_10-14-11-226676_earlyRefresh,earlyRefresh,backend-unavailability,1788430522.227000,71.000324,adaptive_ttl_effective_seconds,level=l2,15
2026-09-03_10-14-11-226676_earlyRefresh,earlyRefresh,backend-unavailability,1788430523.227000,72.000324,adaptive_ttl_effective_seconds,level=l2,15
2026-09-03_10-14-11-226676_earlyRefresh,earlyRefresh,backend-unavailability,1788430524.227000,73.000324,adaptive_ttl_effective_seconds,level=l2,15
2026-09-03_10-14-11-226676_earlyRefresh,earlyRefresh,backend-unavailability,1788430525.227000,74.000324,adaptive_ttl_effective_seconds,level=l2,15
2026-09-03_10-14-11-226676_earlyRefresh,earlyRefresh,backend-unavailability,1788430526.227000,75.000324,adaptive_ttl_effective_seconds,level=l2,15
2026-09-03_10-14-11-226676_earlyRefresh,earlyRefresh,backend-unavailability,1788430527.227000,76.000324,adaptive_ttl_effective_seconds,level=l2,15
2026-09-03_10-14-11-226676_earlyRefresh,earlyRefresh,backend-unavailability,1788430528.227000,77.000324,adaptive_ttl_effective_seconds,level=l2,15
2026-09-03_10-14-11-226676_earlyRefresh,earlyRefresh,backend-unavailability,1788430529.227000,78.000324,adaptive_ttl_effective_seconds,level=l2,15
2026-09-03_10-14-11-226676_earlyRefresh,earlyRefresh,backend-unavailability,1788430530.227000,79.000324,adaptive_ttl_effective_seconds,level=l2,15
2026-09-03_10-14-11-226676_earlyRefresh,earlyRefresh,backend-unavailability,1788430531.227000,80.000324,adaptive_ttl_effective_seconds,level=l2,15
2026-09-03_10-14-11-226676_earlyRefresh,earlyRefresh,backend-unavailability,1788430532.227000,81.000324,adaptive_ttl_effective_seconds,level=l2,15
2026-09-03_10-14-11-226676_earlyRefresh,earlyRefresh,backend-unavailability,1788430533.227000,82.000324,adaptive_ttl_effective_seconds,level=l2,15
2026-09-03_10-14-11-226676_earlyRefresh,earlyRefresh,backend-unavailability,1788430534.227000,83.000324,adaptive_ttl_effective_seconds,level=l2,15
2026-09-03_10-14-11-226676_earlyRefresh,earlyRefresh,backend-unavailability,1788430535.227000,84.000324,adaptive_ttl_effective_seconds,level=l2,15
2026-09-03_10-14-11-226676_earlyRefresh,earlyRefresh,backend-unavailability,1788430536.227000,85.000324,adaptive_ttl_effective_seconds,level=l2,15
2026-09-03_10-14-11-226676_earlyRefresh,earlyRefresh,backend-unavailability,1788430537.227000,86.000324,adaptive_ttl_effective_seconds,level=l2,15
2026-09-03_10-14-11-226676_earlyRefresh,earlyRefresh,backend-unavailability,1788430538.227000,87.000324,adaptive_ttl_effective_seconds,level=l2,15
2026-09-03_10-14-11-226676_earlyRefresh,earlyRefresh,backend-unavailability,1788430539.227000,88.000324,adaptive_ttl_effective_seconds,level=l2,15
2026-09-03_10-14-11-226676_earlyRefresh,earlyRefresh,backend-unavailability,1788430540.227000,89.000324,adaptive_ttl_effective_seconds,level=l2,15
2026-09-03_10-14-11-226676_earlyRefresh,earlyRefresh,backend-unavailability,1788430541.227000,90.000324,adaptive_ttl_effective_seconds,level=l2,15
2026-09-03_10-14-11-226676_earlyRefresh,earlyRefresh,backend-unavailability,1788430542.227000,91.000324,adaptive_ttl_effective_seconds,level=l2,15
2026-09-03_10-14-11-226676_earlyRefresh,earlyRefresh,backend-unavailability,1788430543.227000,92.000324,adaptive_ttl_effective_seconds,level=l2,15
2026-09-03_10-14-11-226676_earlyRefresh,earlyRefresh,backend-unavailability,1788430544.227000,93.000324,adaptive_ttl_effective_seconds,level=l2,15
2026-09-03_10-14-11-226676_earlyRefresh,earlyRefresh,backend-unavailability,1788430545.227000,94.000324,adaptive_ttl_effective_seconds,level=l2,15
2026-09-03_10-14-11-226676_earlyRefresh,earlyRefresh,backend-unavailability,1788430546.227000,95.000324,adaptive_ttl_effective_seconds,level=l2,15
2026-09-03_10-14-11-226676_earlyRefresh,earlyRefresh,backend-unavailability,1788430547.227000,96.000324,adaptive_ttl_effective_seconds,level=l2,15
2026-09-03_10-14-11-226676_earlyRefresh,earlyRefresh,backend-unavailability,1788430548.227000,97.000324,adaptive_ttl_effective_seconds,level=l2,15
2026-09-03_10-14-11-226676_earlyRefresh,earlyRefresh,backend-unavailability,1788430549.227000,98.000324,adaptive_ttl_effective_seconds,level=l2,15
2026-09-03_10-14-11-226676_earlyRefresh,earlyRefresh,backend-unavailability,1788430550.227000,99.000324,adaptive_ttl_effective_seconds,level=l2,15
2026-09-03_10-14-11-226676_earlyRefresh,earlyRefresh,backend-unavailability,1788430551.227000,100.000324,adaptive_ttl_effective_seconds,level=l2,15
2026-09-03_10-14-11-226676_earlyRefresh,earlyRefresh,backend-unavailability,1788430552.227000,101.000324,adaptive_ttl_effective_seconds,level=l2,15
2026-09-03_10-14-11-226676_earlyRefresh,earlyRefresh,backend-unavailability,1788430553.227000,102.000324,adaptive_ttl_effective_seconds,level=l2,15
2026-09-03_10-14-11-226676_earlyRefresh,earlyRefresh,backend-unavailability,1788430554.227000,103.000324,adaptive_ttl_effective_seconds,level=l2,15
2026-09-03_10-14-11-226676_earlyRefresh,earlyRefresh,backend-unavailability,1788430555.227000,104.000324,adaptive_ttl_effective_seconds,level=l2,15
2026-09-03_10-14-11-226676_earlyRefresh,earlyRefresh,backend-unavailability,1788430556.227000,105.000324,adaptive_ttl_effective_seconds,level=l2,15
2026-09-03_10-14-11-226676_earlyRefresh,earlyRefresh,backend-unavailability,1788430557.227000,106.000324,adaptive_ttl_effective_seconds,level=l2,15
2026-09-03_10-14-11-226676_earlyRefresh,earlyRefresh,backend-unavailability,1788430558.227000,107.000324,adaptive_ttl_effective_seconds,level=l2,15
2026-09-03_10-14-11-226676_earlyRefresh,earlyRefresh,backend-unavailability,1788430451.227000,0.000324,adaptive_ttl_state,all,0
2026-09-03_10-14-11-226676_earlyRefresh,earlyRefresh,backend-unavailability,1788430452.227000,1.000324,adaptive_ttl_state,all,0
2026-09-03_10-14-11-226676_earlyRefresh,earlyRefresh,backend-unavailability,1788430453.227000,2.000324,adaptive_ttl_state,all,0
2026-09-03_10-14-11-226676_earlyRefresh,earlyRefresh,backend-unavailability,1788430454.227000,3.000324,adaptive_ttl_state,all,0
2026-09-03_10-14-11-226676_earlyRefresh,earlyRefresh,backend-unavailability,1788430455.227000,4.000324,adaptive_ttl_state,all,0
2026-09-03_10-14-11-226676_earlyRefresh,earlyRefresh,backend-unavailability,1788430456.227000,5.000324,adaptive_ttl_state,all,0
2026-09-03_10-14-11-226676_earlyRefresh,earlyRefresh,backend-unavailability,1788430457.227000,6.000324,adaptive_ttl_state,all,0
2026-09-03_10-14-11-226676_earlyRefresh,earlyRefresh,backend-unavailability,1788430458.227000,7.000324,adaptive_ttl_state,all,0
2026-09-03_10-14-11-226676_earlyRefresh,earlyRefresh,backend-unavailability,1788430459.227000,8.000324,adaptive_ttl_state,all,0
2026-09-03_10-14-11-226676_earlyRefresh,earlyRefresh,backend-unavailability,1788430460.227000,9.000324,adaptive_ttl_state,all,0
2026-09-03_10-14-11-226676_earlyRefresh,earlyRefresh,backend-unavailability,1788430461.227000,10.000324,adaptive_ttl_state,all,0
2026-09-03_10-14-11-226676_earlyRefresh,earlyRefresh,backend-unavailability,1788430462.227000,11.000324,adaptive_ttl_state,all,0
2026-09-03_10-14-11-226676_earlyRefresh,earlyRefresh,backend-unavailability,1788430463.227000,12.000324,adaptive_ttl_state,all,0
2026-09-03_10-14-11-226676_earlyRefresh,earlyRefresh,backend-unavailability,1788430464.227000,13.000324,adaptive_ttl_state,all,0
2026-09-03_10-14-11-226676_earlyRefresh,earlyRefresh,backend-unavailability,1788430465.227000,14.000324,adaptive_ttl_state,all,0
2026-09-03_10-14-11-226676_earlyRefresh,earlyRefresh,backend-unavailability,1788430466.227000,15.000324,adaptive_ttl_state,all,0
2026-09-03_10-14-11-226676_earlyRefresh,earlyRefresh,backend-unavailability,1788430467.227000,16.000324,adaptive_ttl_state,all,0
2026-09-03_10-14-11-226676_earlyRefresh,earlyRefresh,backend-unavailability,1788430468.227000,17.000324,adaptive_ttl_state,all,0
2026-09-03_10-14-11-226676_earlyRefresh,earlyRefresh,backend-unavailability,1788430469.227000,18.000324,adaptive_ttl_state,all,0
2026-09-03_10-14-11-226676_earlyRefresh,earlyRefresh,backend-unavailability,1788430470.227000,19.000324,adaptive_ttl_state,all,0
2026-09-03_10-14-11-226676_earlyRefresh,earlyRefresh,backend-unavailability,1788430471.227000,20.000324,adaptive_ttl_state,all,0
2026-09-03_10-14-11-226676_earlyRefresh,earlyRefresh,backend-unavailability,1788430472.227000,21.000324,adaptive_ttl_state,all,0
2026-09-03_10-14-11-226676_earlyRefresh,earlyRefresh,backend-unavailability,1788430473.227000,22.000324,adaptive_ttl_state,all,0
2026-09-03_10-14-11-226676_earlyRefresh,earlyRefresh,backend-unavailability,1788430474.227000,23.000324,adaptive_ttl_state,all,0
2026-09-03_10-14-11-226676_earlyRefresh,earlyRefresh,backend-unavailability,1788430475.227000,24.000324,adaptive_ttl_state,all,0
2026-09-03_10-14-11-226676_earlyRefresh,earlyRefresh,backend-unavailability,1788430476.227000,25.000324,adaptive_ttl_state,all,0
2026-09-03_10-14-11-226676_earlyRefresh,earlyRefresh,backend-unavailability,1788430477.227000,26.000324,adaptive_ttl_state,all,0
2026-09-03_10-14-11-226676_earlyRefresh,earlyRefresh,backend-unavailability,1788430478.227000,27.000324,adaptive_ttl_state,all,0
2026-09-03_10-14-11-226676_earlyRefresh,earlyRefresh,backend-unavailability,1788430479.227000,28.000324,adaptive_ttl_state,all,0
2026-09-03_10-14-11-226676_earlyRefresh,earlyRefresh,backend-unavailability,1788430480.227000,29.000324,adaptive_ttl_state,all,0
2026-09-03_10-14-11-226676_earlyRefresh,earlyRefresh,backend-unavailability,1788430481.227000,30.000324,adaptive_ttl_state,all,0
2026-09-03_10-14-11-226676_earlyRefresh,earlyRefresh,backend-unavailability,1788430482.227000,31.000324,adaptive_ttl_state,all,0
2026-09-03_10-14-11-226676_earlyRefresh,earlyRefresh,backend-unavailability,1788430483.227000,32.000324,adaptive_ttl_state,all,0
2026-09-03_10-14-11-226676_earlyRefresh,earlyRefresh,backend-unavailability,1788430484.227000,33.000324,adaptive_ttl_state,all,0
2026-09-03_10-14-11-226676_earlyRefresh,earlyRefresh,backend-unavailability,1788430485.227000,34.000324,adaptive_ttl_state,all,0
2026-09-03_10-14-11-226676_earlyRefresh,earlyRefresh,backend-unavailability,1788430486.227000,35.000324,adaptive_ttl_state,all,0
2026-09-03_10-14-11-226676_earlyRefresh,earlyRefresh,backend-unavailability,1788430487.227000,36.000324,adaptive_ttl_state,all,0
2026-09-03_10-14-11-226676_earlyRefresh,earlyRefresh,backend-unavailability,1788430488.227000,37.000324,adaptive_ttl_state,all,0
2026-09-03_10-14-11-226676_earlyRefresh,earlyRefresh,backend-unavailability,1788430489.227000,38.000324,adaptive_ttl_state,all,0
2026-09-03_10-14-11-226676_earlyRefresh,earlyRefresh,backend-unavailability,1788430490.227000,39.000324,adaptive_ttl_state,all,0
2026-09-03_10-14-11-226676_earlyRefresh,earlyRefresh,backend-unavailability,1788430491.227000,40.000324,adaptive_ttl_state,all,0
2026-09-03_10-14-11-226676_earlyRefresh,earlyRefresh,backend-unavailability,1788430492.227000,41.000324,adaptive_ttl_state,all,0
2026-09-03_10-14-11-226676_earlyRefresh,earlyRefresh,backend-unavailability,1788430493.227000,42.000324,adaptive_ttl_state,all,0
2026-09-03_10-14-11-226676_earlyRefresh,earlyRefresh,backend-unavailability,1788430494.227000,43.000324,adaptive_ttl_state,all,0
2026-09-03_10-14-11-226676_earlyRefresh,earlyRefresh,backend-unavailability,1788430495.227000,44.000324,adaptive_ttl_state,all,0
2026-09-03_10-14-11-226676_earlyRefresh,earlyRefresh,backend-unavailability,1788430496.227000,45.000324,adaptive_ttl_state,all,0
2026-09-03_10-14-11-226676_earlyRefresh,earlyRefresh,backend-unavailability,1788430497.227000,46.000324,adaptive_ttl_state,all,0
2026-09-03_10-14-11-226676_earlyRefresh,earlyRefresh,backend-unavailability,1788430498.227000,47.000324,adaptive_ttl_state,all,0
2026-09-03_10-14-11-226676_earlyRefresh,earlyRefresh,backend-unavailability,1788430499.227000,48.000324,adaptive_ttl_state,all,0
2026-09-03_10-14-11-226676_earlyRefresh,earlyRefresh,backend-unavailability,1788430500.227000,49.000324,adaptive_ttl_state,all,0
2026-09-03_10-14-11-226676_earlyRefresh,earlyRefresh,backend-unavailability,1788430501.227000,50.000324,adaptive_ttl_state,all,0
2026-09-03_10-14-11-226676_earlyRefresh,earlyRefresh,backend-unavailability,1788430502.227000,51.000324,adaptive_ttl_state,all,0
2026-09-03_10-14-11-226676_earlyRefresh,earlyRefresh,backend-unavailability,1788430503.227000,52.000324,adaptive_ttl_state,all,0
2026-09-03_10-14-11-226676_earlyRefresh,earlyRefresh,backend-unavailability,1788430504.227000,53.000324,adaptive_ttl_state,all,0
2026-09-03_10-14-11-226676_earlyRefresh,earlyRefresh,backend-unavailability,1788430505.227000,54.000324,adaptive_ttl_state,all,0
2026-09-03_10-14-11-226676_earlyRefresh,earlyRefresh,backend-unavailability,1788430506.227000,55.000324,adaptive_ttl_state,all,0
2026-09-03_10-14-11-226676_earlyRefresh,earlyRefresh,backend-unavailability,1788430507.227000,56.000324,adaptive_ttl_state,all,0
2026-09-03_10-14-11-226676_earlyRefresh,earlyRefresh,backend-unavailability,1788430508.227000,57.000324,adaptive_ttl_state,all,0
2026-09-03_10-14-11-226676_earlyRefresh,earlyRefresh,backend-unavailability,1788430509.227000,58.000324,adaptive_ttl_state,all,0
2026-09-03_10-14-11-226676_earlyRefresh,earlyRefresh,backend-unavailability,1788430510.227000,59.000324,adaptive_ttl_state,all,0
2026-09-03_10-14-11-226676_earlyRefresh,earlyRefresh,backend-unavailability,1788430511.227000,60.000324,adaptive_ttl_state,all,0
2026-09-03_10-14-11-226676_earlyRefresh,earlyRefresh,backend-unavailability,1788430512.227000,61.000324,adaptive_ttl_state,all,0
2026-09-03_10-14-11-226676_earlyRefresh,earlyRefresh,backend-unavailability,1788430513.227000,62.000324,adaptive_ttl_state,all,0
2026-09-03_10-14-11-226676_earlyRefresh,earlyRefresh,backend-unavailability,1788430514.227000,63.000324,adaptive_ttl_state,all,0
2026-09-03_10-14-11-226676_earlyRefresh,earlyRefresh,backend-unavailability,1788430515.227000,64.000324,adaptive_ttl_state,all,0
2026-09-03_10-14-11-226676_earlyRefresh,earlyRefresh,backend-unavailability,1788430516.227000,65.000324,adaptive_ttl_state,all,0
2026-09-03_10-14-11-226676_earlyRefresh,earlyRefresh,backend-unavailability,1788430517.227000,66.000324,adaptive_ttl_state,all,0
2026-09-03_10-14-11-226676_earlyRefresh,earlyRefresh,backend-unavailability,1788430518.227000,67.000324,adaptive_ttl_state,all,0
2026-09-03_10-14-11-226676_earlyRefresh,earlyRefresh,backend-unavailability,1788430519.227000,68.000324,adaptive_ttl_state,all,0
2026-09-03_10-14-11-226676_earlyRefresh,earlyRefresh,backend-unavailability,1788430520.227000,69.000324,adaptive_ttl_state,all,0
2026-09-03_10-14-11-226676_earlyRefresh,earlyRefresh,backend-unavailability,1788430521.227000,70.000324,adaptive_ttl_state,all,0
2026-09-03_10-14-11-226676_earlyRefresh,earlyRefresh,backend-unavailability,1788430522.227000,71.000324,adaptive_ttl_state,all,0
2026-09-03_10-14-11-226676_earlyRefresh,earlyRefresh,backend-unavailability,1788430523.227000,72.000324,adaptive_ttl_state,all,0
2026-09-03_10-14-11-226676_earlyRefresh,earlyRefresh,backend-unavailability,1788430524.227000,73.000324,adaptive_ttl_state,all,0
2026-09-03_10-14-11-226676_earlyRefresh,earlyRefresh,backend-unavailability,1788430525.227000,74.000324,adaptive_ttl_state,all,0
2026-09-03_10-14-11-226676_earlyRefresh,earlyRefresh,backend-unavailability,1788430526.227000,75.000324,adaptive_ttl_state,all,0
2026-09-03_10-14-11-226676_earlyRefresh,earlyRefresh,backend-unavailability,1788430527.227000,76.000324,adaptive_ttl_state,all,0
2026-09-03_10-14-11-226676_earlyRefresh,earlyRefresh,backend-unavailability,1788430528.227000,77.000324,adaptive_ttl_state,all,0
2026-09-03_10-14-11-226676_earlyRefresh,earlyRefresh,backend-unavailability,1788430529.227000,78.000324,adaptive_ttl_state,all,0
2026-09-03_10-14-11-226676_earlyRefresh,earlyRefresh,backend-unavailability,1788430530.227000,79.000324,adaptive_ttl_state,all,0
2026-09-03_10-14-11-226676_earlyRefresh,earlyRefresh,backend-unavailability,1788430531.227000,80.000324,adaptive_ttl_state,all,0
2026-09-03_10-14-11-226676_earlyRefresh,earlyRefresh,backend-unavailability,1788430532.227000,81.000324,adaptive_ttl_state,all,0
2026-09-03_10-14-11-226676_earlyRefresh,earlyRefresh,backend-unavailability,1788430533.227000,82.000324,adaptive_ttl_state,all,0
2026-09-03_10-14-11-226676_earlyRefresh,earlyRefresh,backend-unavailability,1788430534.227000,83.000324,adaptive_ttl_state,all,0
2026-09-03_10-14-11-226676_earlyRefresh,earlyRefresh,backend-unavailability,1788430535.227000,84.000324,adaptive_ttl_state,all,0
2026-09-03_10-14-11-226676_earlyRefresh,earlyRefresh,backend-unavailability,1788430536.227000,85.000324,adaptive_ttl_state,all,0
2026-09-03_10-14-11-226676_earlyRefresh,earlyRefresh,backend-unavailability,1788430537.227000,86.000324,adaptive_ttl_state,all,0
2026-09-03_10-14-11-226676_earlyRefresh,earlyRefresh,backend-unavailability,1788430538.227000,87.000324,adaptive_ttl_state,all,0
2026-09-03_10-14-11-226676_earlyRefresh,earlyRefresh,backend-unavailability,1788430539.227000,88.000324,adaptive_ttl_state,all,0
2026-09-03_10-14-11-226676_earlyRefresh,earlyRefresh,backend-unavailability,1788430540.227000,89.000324,adaptive_ttl_state,all,0
2026-09-03_10-14-11-226676_earlyRefresh,earlyRefresh,backend-unavailability,1788430541.227000,90.000324,adaptive_ttl_state,all,0
2026-09-03_10-14-11-226676_earlyRefresh,earlyRefresh,backend-unavailability,1788430542.227000,91.000324,adaptive_ttl_state,all,0
2026-09-03_10-14-11-226676_earlyRefresh,earlyRefresh,backend-unavailability,1788430543.227000,92.000324,adaptive_ttl_state,all,0
2026-09-03_10-14-11-226676_earlyRefresh,earlyRefresh,backend-unavailability,1788430544.227000,93.000324,adaptive_ttl_state,all,0
2026-09-03_10-14-11-226676_earlyRefresh,earlyRefresh,backend-unavailability,1788430545.227000,94.000324,adaptive_ttl_state,all,0
2026-09-03_10-14-11-226676_earlyRefresh,earlyRefresh,backend-unavailability,1788430546.227000,95.000324,adaptive_ttl_state,all,0
2026-09-03_10-14-11-226676_earlyRefresh,earlyRefresh,backend-unavailability,1788430547.227000,96.000324,adaptive_ttl_state,all,0
2026-09-03_10-14-11-226676_earlyRefresh,earlyRefresh,backend-unavailability,1788430548.227000,97.000324,adaptive_ttl_state,all,0
2026-09-03_10-14-11-226676_earlyRefresh,earlyRefresh,backend-unavailability,1788430549.227000,98.000324,adaptive_ttl_state,all,0
2026-09-03_10-14-11-226676_earlyRefresh,earlyRefresh,backend-unavailability,1788430550.227000,99.000324,adaptive_ttl_state,all,0
2026-09-03_10-14-11-226676_earlyRefresh,earlyRefresh,backend-unavailability,1788430551.227000,100.000324,adaptive_ttl_state,all,0
2026-09-03_10-14-11-226676_earlyRefresh,earlyRefresh,backend-unavailability,1788430552.227000,101.000324,adaptive_ttl_state,all,0
2026-09-03_10-14-11-226676_earlyRefresh,earlyRefresh,backend-unavailability,1788430553.227000,102.000324,adaptive_ttl_state,all,0
2026-09-03_10-14-11-226676_earlyRefresh,earlyRefresh,backend-unavailability,1788430554.227000,103.000324,adaptive_ttl_state,all,0
2026-09-03_10-14-11-226676_earlyRefresh,earlyRefresh,backend-unavailability,1788430555.227000,104.000324,adaptive_ttl_state,all,0
2026-09-03_10-14-11-226676_earlyRefresh,earlyRefresh,backend-unavailability,1788430556.227000,105.000324,adaptive_ttl_state,all,0
2026-09-03_10-14-11-226676_earlyRefresh,earlyRefresh,backend-unavailability,1788430557.227000,106.000324,adaptive_ttl_state,all,0
2026-09-03_10-14-11-226676_earlyRefresh,earlyRefresh,backend-unavailability,1788430558.227000,107.000324,adaptive_ttl_state,all,0
2026-09-03_10-14-11-226676_earlyRefresh,earlyRefresh,backend-unavailability,1788430451.227000,0.000324,adaptive_ttl_backend_p99_milliseconds,all,0
2026-09-03_10-14-11-226676_earlyRefresh,earlyRefresh,backend-unavailability,1788430452.227000,1.000324,adaptive_ttl_backend_p99_milliseconds,all,0
2026-09-03_10-14-11-226676_earlyRefresh,earlyRefresh,backend-unavailability,1788430453.227000,2.000324,adaptive_ttl_backend_p99_milliseconds,all,0
2026-09-03_10-14-11-226676_earlyRefresh,earlyRefresh,backend-unavailability,1788430454.227000,3.000324,adaptive_ttl_backend_p99_milliseconds,all,0
2026-09-03_10-14-11-226676_earlyRefresh,earlyRefresh,backend-unavailability,1788430455.227000,4.000324,adaptive_ttl_backend_p99_milliseconds,all,0
2026-09-03_10-14-11-226676_earlyRefresh,earlyRefresh,backend-unavailability,1788430456.227000,5.000324,adaptive_ttl_backend_p99_milliseconds,all,0
2026-09-03_10-14-11-226676_earlyRefresh,earlyRefresh,backend-unavailability,1788430457.227000,6.000324,adaptive_ttl_backend_p99_milliseconds,all,0
2026-09-03_10-14-11-226676_earlyRefresh,earlyRefresh,backend-unavailability,1788430458.227000,7.000324,adaptive_ttl_backend_p99_milliseconds,all,0
2026-09-03_10-14-11-226676_earlyRefresh,earlyRefresh,backend-unavailability,1788430459.227000,8.000324,adaptive_ttl_backend_p99_milliseconds,all,0
2026-09-03_10-14-11-226676_earlyRefresh,earlyRefresh,backend-unavailability,1788430460.227000,9.000324,adaptive_ttl_backend_p99_milliseconds,all,0
2026-09-03_10-14-11-226676_earlyRefresh,earlyRefresh,backend-unavailability,1788430461.227000,10.000324,adaptive_ttl_backend_p99_milliseconds,all,0
2026-09-03_10-14-11-226676_earlyRefresh,earlyRefresh,backend-unavailability,1788430462.227000,11.000324,adaptive_ttl_backend_p99_milliseconds,all,0
2026-09-03_10-14-11-226676_earlyRefresh,earlyRefresh,backend-unavailability,1788430463.227000,12.000324,adaptive_ttl_backend_p99_milliseconds,all,0
2026-09-03_10-14-11-226676_earlyRefresh,earlyRefresh,backend-unavailability,1788430464.227000,13.000324,adaptive_ttl_backend_p99_milliseconds,all,0
2026-09-03_10-14-11-226676_earlyRefresh,earlyRefresh,backend-unavailability,1788430465.227000,14.000324,adaptive_ttl_backend_p99_milliseconds,all,0
2026-09-03_10-14-11-226676_earlyRefresh,earlyRefresh,backend-unavailability,1788430466.227000,15.000324,adaptive_ttl_backend_p99_milliseconds,all,0
2026-09-03_10-14-11-226676_earlyRefresh,earlyRefresh,backend-unavailability,1788430467.227000,16.000324,adaptive_ttl_backend_p99_milliseconds,all,0
2026-09-03_10-14-11-226676_earlyRefresh,earlyRefresh,backend-unavailability,1788430468.227000,17.000324,adaptive_ttl_backend_p99_milliseconds,all,0
2026-09-03_10-14-11-226676_earlyRefresh,earlyRefresh,backend-unavailability,1788430469.227000,18.000324,adaptive_ttl_backend_p99_milliseconds,all,0
2026-09-03_10-14-11-226676_earlyRefresh,earlyRefresh,backend-unavailability,1788430470.227000,19.000324,adaptive_ttl_backend_p99_milliseconds,all,0
2026-09-03_10-14-11-226676_earlyRefresh,earlyRefresh,backend-unavailability,1788430471.227000,20.000324,adaptive_ttl_backend_p99_milliseconds,all,0
2026-09-03_10-14-11-226676_earlyRefresh,earlyRefresh,backend-unavailability,1788430472.227000,21.000324,adaptive_ttl_backend_p99_milliseconds,all,0
2026-09-03_10-14-11-226676_earlyRefresh,earlyRefresh,backend-unavailability,1788430473.227000,22.000324,adaptive_ttl_backend_p99_milliseconds,all,0
2026-09-03_10-14-11-226676_earlyRefresh,earlyRefresh,backend-unavailability,1788430474.227000,23.000324,adaptive_ttl_backend_p99_milliseconds,all,0
2026-09-03_10-14-11-226676_earlyRefresh,earlyRefresh,backend-unavailability,1788430475.227000,24.000324,adaptive_ttl_backend_p99_milliseconds,all,0
2026-09-03_10-14-11-226676_earlyRefresh,earlyRefresh,backend-unavailability,1788430476.227000,25.000324,adaptive_ttl_backend_p99_milliseconds,all,0
2026-09-03_10-14-11-226676_earlyRefresh,earlyRefresh,backend-unavailability,1788430477.227000,26.000324,adaptive_ttl_backend_p99_milliseconds,all,0
2026-09-03_10-14-11-226676_earlyRefresh,earlyRefresh,backend-unavailability,1788430478.227000,27.000324,adaptive_ttl_backend_p99_milliseconds,all,0
2026-09-03_10-14-11-226676_earlyRefresh,earlyRefresh,backend-unavailability,1788430479.227000,28.000324,adaptive_ttl_backend_p99_milliseconds,all,0
2026-09-03_10-14-11-226676_earlyRefresh,earlyRefresh,backend-unavailability,1788430480.227000,29.000324,adaptive_ttl_backend_p99_milliseconds,all,0
2026-09-03_10-14-11-226676_earlyRefresh,earlyRefresh,backend-unavailability,1788430481.227000,30.000324,adaptive_ttl_backend_p99_milliseconds,all,0
2026-09-03_10-14-11-226676_earlyRefresh,earlyRefresh,backend-unavailability,1788430482.227000,31.000324,adaptive_ttl_backend_p99_milliseconds,all,0
2026-09-03_10-14-11-226676_earlyRefresh,earlyRefresh,backend-unavailability,1788430483.227000,32.000324,adaptive_ttl_backend_p99_milliseconds,all,0
2026-09-03_10-14-11-226676_earlyRefresh,earlyRefresh,backend-unavailability,1788430484.227000,33.000324,adaptive_ttl_backend_p99_milliseconds,all,0
2026-09-03_10-14-11-226676_earlyRefresh,earlyRefresh,backend-unavailability,1788430485.227000,34.000324,adaptive_ttl_backend_p99_milliseconds,all,0
2026-09-03_10-14-11-226676_earlyRefresh,earlyRefresh,backend-unavailability,1788430486.227000,35.000324,adaptive_ttl_backend_p99_milliseconds,all,0
2026-09-03_10-14-11-226676_earlyRefresh,earlyRefresh,backend-unavailability,1788430487.227000,36.000324,adaptive_ttl_backend_p99_milliseconds,all,0
2026-09-03_10-14-11-226676_earlyRefresh,earlyRefresh,backend-unavailability,1788430488.227000,37.000324,adaptive_ttl_backend_p99_milliseconds,all,0
2026-09-03_10-14-11-226676_earlyRefresh,earlyRefresh,backend-unavailability,1788430489.227000,38.000324,adaptive_ttl_backend_p99_milliseconds,all,0
2026-09-03_10-14-11-226676_earlyRefresh,earlyRefresh,backend-unavailability,1788430490.227000,39.000324,adaptive_ttl_backend_p99_milliseconds,all,0
2026-09-03_10-14-11-226676_earlyRefresh,earlyRefresh,backend-unavailability,1788430491.227000,40.000324,adaptive_ttl_backend_p99_milliseconds,all,0
2026-09-03_10-14-11-226676_earlyRefresh,earlyRefresh,backend-unavailability,1788430492.227000,41.000324,adaptive_ttl_backend_p99_milliseconds,all,0
2026-09-03_10-14-11-226676_earlyRefresh,earlyRefresh,backend-unavailability,1788430493.227000,42.000324,adaptive_ttl_backend_p99_milliseconds,all,0
2026-09-03_10-14-11-226676_earlyRefresh,earlyRefresh,backend-unavailability,1788430494.227000,43.000324,adaptive_ttl_backend_p99_milliseconds,all,0
2026-09-03_10-14-11-226676_earlyRefresh,earlyRefresh,backend-unavailability,1788430495.227000,44.000324,adaptive_ttl_backend_p99_milliseconds,all,0
2026-09-03_10-14-11-226676_earlyRefresh,earlyRefresh,backend-unavailability,1788430496.227000,45.000324,adaptive_ttl_backend_p99_milliseconds,all,0
2026-09-03_10-14-11-226676_earlyRefresh,earlyRefresh,backend-unavailability,1788430497.227000,46.000324,adaptive_ttl_backend_p99_milliseconds,all,0
2026-09-03_10-14-11-226676_earlyRefresh,earlyRefresh,backend-unavailability,1788430498.227000,47.000324,adaptive_ttl_backend_p99_milliseconds,all,0
2026-09-03_10-14-11-226676_earlyRefresh,earlyRefresh,backend-unavailability,1788430499.227000,48.000324,adaptive_ttl_backend_p99_milliseconds,all,0
2026-09-03_10-14-11-226676_earlyRefresh,earlyRefresh,backend-unavailability,1788430500.227000,49.000324,adaptive_ttl_backend_p99_milliseconds,all,0
2026-09-03_10-14-11-226676_earlyRefresh,earlyRefresh,backend-unavailability,1788430501.227000,50.000324,adaptive_ttl_backend_p99_milliseconds,all,0
2026-09-03_10-14-11-226676_earlyRefresh,earlyRefresh,backend-unavailability,1788430502.227000,51.000324,adaptive_ttl_backend_p99_milliseconds,all,0
2026-09-03_10-14-11-226676_earlyRefresh,earlyRefresh,backend-unavailability,1788430503.227000,52.000324,adaptive_ttl_backend_p99_milliseconds,all,0
2026-09-03_10-14-11-226676_earlyRefresh,earlyRefresh,backend-unavailability,1788430504.227000,53.000324,adaptive_ttl_backend_p99_milliseconds,all,0
2026-09-03_10-14-11-226676_earlyRefresh,earlyRefresh,backend-unavailability,1788430505.227000,54.000324,adaptive_ttl_backend_p99_milliseconds,all,0
2026-09-03_10-14-11-226676_earlyRefresh,earlyRefresh,backend-unavailability,1788430506.227000,55.000324,adaptive_ttl_backend_p99_milliseconds,all,0
2026-09-03_10-14-11-226676_earlyRefresh,earlyRefresh,backend-unavailability,1788430507.227000,56.000324,adaptive_ttl_backend_p99_milliseconds,all,0
2026-09-03_10-14-11-226676_earlyRefresh,earlyRefresh,backend-unavailability,1788430508.227000,57.000324,adaptive_ttl_backend_p99_milliseconds,all,0
2026-09-03_10-14-11-226676_earlyRefresh,earlyRefresh,backend-unavailability,1788430509.227000,58.000324,adaptive_ttl_backend_p99_milliseconds,all,0
2026-09-03_10-14-11-226676_earlyRefresh,earlyRefresh,backend-unavailability,1788430510.227000,59.000324,adaptive_ttl_backend_p99_milliseconds,all,0
2026-09-03_10-14-11-226676_earlyRefresh,earlyRefresh,backend-unavailability,1788430511.227000,60.000324,adaptive_ttl_backend_p99_milliseconds,all,0
2026-09-03_10-14-11-226676_earlyRefresh,earlyRefresh,backend-unavailability,1788430512.227000,61.000324,adaptive_ttl_backend_p99_milliseconds,all,0
2026-09-03_10-14-11-226676_earlyRefresh,earlyRefresh,backend-unavailability,1788430513.227000,62.000324,adaptive_ttl_backend_p99_milliseconds,all,0
2026-09-03_10-14-11-226676_earlyRefresh,earlyRefresh,backend-unavailability,1788430514.227000,63.000324,adaptive_ttl_backend_p99_milliseconds,all,0
2026-09-03_10-14-11-226676_earlyRefresh,earlyRefresh,backend-unavailability,1788430515.227000,64.000324,adaptive_ttl_backend_p99_milliseconds,all,0
2026-09-03_10-14-11-226676_earlyRefresh,earlyRefresh,backend-unavailability,1788430516.227000,65.000324,adaptive_ttl_backend_p99_milliseconds,all,0
2026-09-03_10-14-11-226676_earlyRefresh,earlyRefresh,backend-unavailability,1788430517.227000,66.000324,adaptive_ttl_backend_p99_milliseconds,all,0
2026-09-03_10-14-11-226676_earlyRefresh,earlyRefresh,backend-unavailability,1788430518.227000,67.000324,adaptive_ttl_backend_p99_milliseconds,all,0
2026-09-03_10-14-11-226676_earlyRefresh,earlyRefresh,backend-unavailability,1788430519.227000,68.000324,adaptive_ttl_backend_p99_milliseconds,all,0
2026-09-03_10-14-11-226676_earlyRefresh,earlyRefresh,backend-unavailability,1788430520.227000,69.000324,adaptive_ttl_backend_p99_milliseconds,all,0
2026-09-03_10-14-11-226676_earlyRefresh,earlyRefresh,backend-unavailability,1788430521.227000,70.000324,adaptive_ttl_backend_p99_milliseconds,all,0
2026-09-03_10-14-11-226676_earlyRefresh,earlyRefresh,backend-unavailability,1788430522.227000,71.000324,adaptive_ttl_backend_p99_milliseconds,all,0
2026-09-03_10-14-11-226676_earlyRefresh,earlyRefresh,backend-unavailability,1788430523.227000,72.000324,adaptive_ttl_backend_p99_milliseconds,all,0
2026-09-03_10-14-11-226676_earlyRefresh,earlyRefresh,backend-unavailability,1788430524.227000,73.000324,adaptive_ttl_backend_p99_milliseconds,all,0
2026-09-03_10-14-11-226676_earlyRefresh,earlyRefresh,backend-unavailability,1788430525.227000,74.000324,adaptive_ttl_backend_p99_milliseconds,all,0
2026-09-03_10-14-11-226676_earlyRefresh,earlyRefresh,backend-unavailability,1788430526.227000,75.000324,adaptive_ttl_backend_p99_milliseconds,all,0
2026-09-03_10-14-11-226676_earlyRefresh,earlyRefresh,backend-unavailability,1788430527.227000,76.000324,adaptive_ttl_backend_p99_milliseconds,all,0
2026-09-03_10-14-11-226676_earlyRefresh,earlyRefresh,backend-unavailability,1788430528.227000,77.000324,adaptive_ttl_backend_p99_milliseconds,all,0
2026-09-03_10-14-11-226676_earlyRefresh,earlyRefresh,backend-unavailability,1788430529.227000,78.000324,adaptive_ttl_backend_p99_milliseconds,all,0
2026-09-03_10-14-11-226676_earlyRefresh,earlyRefresh,backend-unavailability,1788430530.227000,79.000324,adaptive_ttl_backend_p99_milliseconds,all,0
2026-09-03_10-14-11-226676_earlyRefresh,earlyRefresh,backend-unavailability,1788430531.227000,80.000324,adaptive_ttl_backend_p99_milliseconds,all,0
2026-09-03_10-14-11-226676_earlyRefresh,earlyRefresh,backend-unavailability,1788430532.227000,81.000324,adaptive_ttl_backend_p99_milliseconds,all,0
2026-09-03_10-14-11-226676_earlyRefresh,earlyRefresh,backend-unavailability,1788430533.227000,82.000324,adaptive_ttl_backend_p99_milliseconds,all,0
2026-09-03_10-14-11-226676_earlyRefresh,earlyRefresh,backend-unavailability,1788430534.227000,83.000324,adaptive_ttl_backend_p99_milliseconds,all,0
2026-09-03_10-14-11-226676_earlyRefresh,earlyRefresh,backend-unavailability,1788430535.227000,84.000324,adaptive_ttl_backend_p99_milliseconds,all,0
2026-09-03_10-14-11-226676_earlyRefresh,earlyRefresh,backend-unavailability,1788430536.227000,85.000324,adaptive_ttl_backend_p99_milliseconds,all,0
2026-09-03_10-14-11-226676_earlyRefresh,earlyRefresh,backend-unavailability,1788430537.227000,86.000324,adaptive_ttl_backend_p99_milliseconds,all,0
2026-09-03_10-14-11-226676_earlyRefresh,earlyRefresh,backend-unavailability,1788430538.227000,87.000324,adaptive_ttl_backend_p99_milliseconds,all,0
2026-09-03_10-14-11-226676_earlyRefresh,earlyRefresh,backend-unavailability,1788430539.227000,88.000324,adaptive_ttl_backend_p99_milliseconds,all,0
2026-09-03_10-14-11-226676_earlyRefresh,earlyRefresh,backend-unavailability,1788430540.227000,89.000324,adaptive_ttl_backend_p99_milliseconds,all,0
2026-09-03_10-14-11-226676_earlyRefresh,earlyRefresh,backend-unavailability,1788430541.227000,90.000324,adaptive_ttl_backend_p99_milliseconds,all,0
2026-09-03_10-14-11-226676_earlyRefresh,earlyRefresh,backend-unavailability,1788430542.227000,91.000324,adaptive_ttl_backend_p99_milliseconds,all,0
2026-09-03_10-14-11-226676_earlyRefresh,earlyRefresh,backend-unavailability,1788430543.227000,92.000324,adaptive_ttl_backend_p99_milliseconds,all,0
2026-09-03_10-14-11-226676_earlyRefresh,earlyRefresh,backend-unavailability,1788430544.227000,93.000324,adaptive_ttl_backend_p99_milliseconds,all,0
2026-09-03_10-14-11-226676_earlyRefresh,earlyRefresh,backend-unavailability,1788430545.227000,94.000324,adaptive_ttl_backend_p99_milliseconds,all,0
2026-09-03_10-14-11-226676_earlyRefresh,earlyRefresh,backend-unavailability,1788430546.227000,95.000324,adaptive_ttl_backend_p99_milliseconds,all,0
2026-09-03_10-14-11-226676_earlyRefresh,earlyRefresh,backend-unavailability,1788430547.227000,96.000324,adaptive_ttl_backend_p99_milliseconds,all,0
2026-09-03_10-14-11-226676_earlyRefresh,earlyRefresh,backend-unavailability,1788430548.227000,97.000324,adaptive_ttl_backend_p99_milliseconds,all,0
2026-09-03_10-14-11-226676_earlyRefresh,earlyRefresh,backend-unavailability,1788430549.227000,98.000324,adaptive_ttl_backend_p99_milliseconds,all,0
2026-09-03_10-14-11-226676_earlyRefresh,earlyRefresh,backend-unavailability,1788430550.227000,99.000324,adaptive_ttl_backend_p99_milliseconds,all,0
2026-09-03_10-14-11-226676_earlyRefresh,earlyRefresh,backend-unavailability,1788430551.227000,100.000324,adaptive_ttl_backend_p99_milliseconds,all,0
2026-09-03_10-14-11-226676_earlyRefresh,earlyRefresh,backend-unavailability,1788430552.227000,101.000324,adaptive_ttl_backend_p99_milliseconds,all,0
2026-09-03_10-14-11-226676_earlyRefresh,earlyRefresh,backend-unavailability,1788430553.227000,102.000324,adaptive_ttl_backend_p99_milliseconds,all,0
2026-09-03_10-14-11-226676_earlyRefresh,earlyRefresh,backend-unavailability,1788430554.227000,103.000324,adaptive_ttl_backend_p99_milliseconds,all,0
2026-09-03_10-14-11-226676_earlyRefresh,earlyRefresh,backend-unavailability,1788430555.227000,104.000324,adaptive_ttl_backend_p99_milliseconds,all,0
2026-09-03_10-14-11-226676_earlyRefresh,earlyRefresh,backend-unavailability,1788430556.227000,105.000324,adaptive_ttl_backend_p99_milliseconds,all,0
2026-09-03_10-14-11-226676_earlyRefresh,earlyRefresh,backend-unavailability,1788430557.227000,106.000324,adaptive_ttl_backend_p99_milliseconds,all,0
2026-09-03_10-14-11-226676_earlyRefresh,earlyRefresh,backend-unavailability,1788430558.227000,107.000324,adaptive_ttl_backend_p99_milliseconds,all,0
