experiment_id,experiment_name,test_name,timestamp,relative_time_seconds,metric,series,value
2026-08-15_18-01-48-825386_distributedLock,distributedLock,burst-load,1786816908.825000,-0.000386,all_requests,all,0
2026-08-15_18-01-48-825386_distributedLock,distributedLock,burst-load,1786816909.825000,0.999614,all_requests,all,6
2026-08-15_18-01-48-825386_distributedLock,distributedLock,burst-load,1786816910.825000,1.999614,all_requests,all,26
2026-08-15_18-01-48-825386_distributedLock,distributedLock,burst-load,1786816911.825000,2.999614,all_requests,all,46
2026-08-15_18-01-48-825386_distributedLock,distributedLock,burst-load,1786816912.825000,3.999614,all_requests,all,66
2026-08-15_18-01-48-825386_distributedLock,distributedLock,burst-load,1786816913.825000,4.999614,all_requests,all,86
2026-08-15_18-01-48-825386_distributedLock,distributedLock,burst-load,1786816914.825000,5.999614,all_requests,all,106
2026-08-15_18-01-48-825386_distributedLock,distributedLock,burst-load,1786816915.825000,6.999614,all_requests,all,126
2026-08-15_18-01-48-825386_distributedLock,distributedLock,burst-load,1786816916.825000,7.999614,all_requests,all,146
2026-08-15_18-01-48-825386_distributedLock,distributedLock,burst-load,1786816917.825000,8.999614,all_requests,all,166
2026-08-15_18-01-48-825386_distributedLock,distributedLock,burst-load,1786816918.825000,9.999614,all_requests,all,186
2026-08-15_18-01-48-825386_distributedLock,distributedLock,burst-load,1786816919.825000,10.999614,all_requests,all,206
2026-08-15_18-01-48-825386_distributedLock,distributedLock,burst-load,1786816920.825000,11.999614,all_requests,all,226
2026-08-15_18-01-48-825386_distributedLock,distributedLock,burst-load,1786816921.825000,12.999614,all_requests,all,246
2026-08-15_18-01-48-825386_distributedLock,distributedLock,burst-load,1786816922.825000,13.999614,all_requests,all,266
2026-08-15_18-01-48-825386_distributedLock,distributedLock,burst-load,1786816923.825000,14.999614,all_requests,all,286
2026-08-15_18-01-48-825386_distributedLock,distributedLock,burst-load,1786816924.825000,15.999614,all_requests,all,306
2026-08-15_18-01-48-825386_distributedLock,distributedLock,burst-load,1786816925.825000,16.999614,all_requests,all,326
2026-08-15_18-01-48-825386_distributedLock,distributedLock,burst-load,1786816926.825000,17.999614,all_requests,all,346
2026-08-15_18-01-48-825386_distributedLock,distributedLock,burst-load,1786816927.825000,18.999614,all_requests,all,366
2026-08-15_18-01-48-825386_distributedLock,distributedLock,burst-load,1786816928.825000,19.999614,all_requests,all,386
2026-08-15_18-01-48-825386_distributedLock,distributedLock,burst-load,1786816929.825000,20.999614,all_requests,all,406
2026-08-15_18-01-48-825386_distributedLock,distributedLock,burst-load,1786816930.825000,21.999614,all_requests,all,426
2026-08-15_18-01-48-825386_distributedLock,distributedLock,burst-load,1786816931.825000,22.999614,all_requests,all,446
2026-08-15_18-01-48-825386_distributedLock,distributedLock,burst-load,1786816932.825000,23.999614,all_requests,all,466
2026-08-15_18-01-48-825386_distributedLock,distributedLock,burst-load,1786816933.825000,24.999614,all_requests,all,486
2026-08-15_18-01-48-825386_distributedLock,distributedLock,burst-load,1786816934.825000,25.999614,all_requests,all,506
2026-08-15_18-01-48-825386_distributedLock,distributedLock,burst-load,1786816935.825000,26.999614,all_requests,all,526
2026-08-15_18-01-48-825386_distributedLock,distributedLock,burst-load,1786816936.825000,27.999614,all_requests,all,546
2026-08-15_18-01-48-825386_distributedLock,distributedLock,burst-load,1786816937.825000,28.999614,all_requests,all,566
2026-08-15_18-01-48-825386_distributedLock,distributedLock,burst-load,1786816938.825000,29.999614,all_requests,all,586
2026-08-15_18-01-48-825386_distributedLock,distributedLock,burst-load,1786816939.825000,30.999614,all_requests,all,616
2026-08-15_18-01-48-825386_distributedLock,distributedLock,burst-load,1786816940.825000,31.999614,all_requests,all,758
2026-08-15_18-01-48-825386_distributedLock,distributedLock,burst-load,1786816941.825000,32.999614,all_requests,all,938
2026-08-15_18-01-48-825386_distributedLock,distributedLock,burst-load,1786816942.825000,33.999614,all_requests,all,1118
2026-08-15_18-01-48-825386_distributedLock,distributedLock,burst-load,1786816943.825000,34.999614,all_requests,all,1298
2026-08-15_18-01-48-825386_distributedLock,distributedLock,burst-load,1786816944.825000,35.999614,all_requests,all,1478
2026-08-15_18-01-48-825386_distributedLock,distributedLock,burst-load,1786816945.825000,36.999614,all_requests,all,1658
2026-08-15_18-01-48-825386_distributedLock,distributedLock,burst-load,1786816946.825000,37.999614,all_requests,all,1838
2026-08-15_18-01-48-825386_distributedLock,distributedLock,burst-load,1786816947.825000,38.999614,all_requests,all,2018
2026-08-15_18-01-48-825386_distributedLock,distributedLock,burst-load,1786816948.825000,39.999614,all_requests,all,2198
2026-08-15_18-01-48-825386_distributedLock,distributedLock,burst-load,1786816949.825000,40.999614,all_requests,all,2378
2026-08-15_18-01-48-825386_distributedLock,distributedLock,burst-load,1786816950.825000,41.999614,all_requests,all,2558
2026-08-15_18-01-48-825386_distributedLock,distributedLock,burst-load,1786816951.825000,42.999614,all_requests,all,2738
2026-08-15_18-01-48-825386_distributedLock,distributedLock,burst-load,1786816952.825000,43.999614,all_requests,all,2918
2026-08-15_18-01-48-825386_distributedLock,distributedLock,burst-load,1786816953.825000,44.999614,all_requests,all,3098
2026-08-15_18-01-48-825386_distributedLock,distributedLock,burst-load,1786816954.825000,45.999614,all_requests,all,3278
2026-08-15_18-01-48-825386_distributedLock,distributedLock,burst-load,1786816955.825000,46.999614,all_requests,all,3458
2026-08-15_18-01-48-825386_distributedLock,distributedLock,burst-load,1786816956.825000,47.999614,all_requests,all,3638
2026-08-15_18-01-48-825386_distributedLock,distributedLock,burst-load,1786816957.825000,48.999614,all_requests,all,3818
2026-08-15_18-01-48-825386_distributedLock,distributedLock,burst-load,1786816958.825000,49.999614,all_requests,all,3998
2026-08-15_18-01-48-825386_distributedLock,distributedLock,burst-load,1786816959.825000,50.999614,all_requests,all,4178
2026-08-15_18-01-48-825386_distributedLock,distributedLock,burst-load,1786816960.825000,51.999614,all_requests,all,4358
2026-08-15_18-01-48-825386_distributedLock,distributedLock,burst-load,1786816961.825000,52.999614,all_requests,all,4538
2026-08-15_18-01-48-825386_distributedLock,distributedLock,burst-load,1786816962.825000,53.999614,all_requests,all,4718
2026-08-15_18-01-48-825386_distributedLock,distributedLock,burst-load,1786816963.825000,54.999614,all_requests,all,4898
2026-08-15_18-01-48-825386_distributedLock,distributedLock,burst-load,1786816964.825000,55.999614,all_requests,all,5078
2026-08-15_18-01-48-825386_distributedLock,distributedLock,burst-load,1786816965.825000,56.999614,all_requests,all,5258
2026-08-15_18-01-48-825386_distributedLock,distributedLock,burst-load,1786816966.825000,57.999614,all_requests,all,5438
2026-08-15_18-01-48-825386_distributedLock,distributedLock,burst-load,1786816967.825000,58.999614,all_requests,all,5618
2026-08-15_18-01-48-825386_distributedLock,distributedLock,burst-load,1786816968.825000,59.999614,all_requests,all,5798
2026-08-15_18-01-48-825386_distributedLock,distributedLock,burst-load,1786816969.825000,60.999614,all_requests,all,5978
2026-08-15_18-01-48-825386_distributedLock,distributedLock,burst-load,1786816970.825000,61.999614,all_requests,all,6158
2026-08-15_18-01-48-825386_distributedLock,distributedLock,burst-load,1786816971.825000,62.999614,all_requests,all,6338
2026-08-15_18-01-48-825386_distributedLock,distributedLock,burst-load,1786816972.825000,63.999614,all_requests,all,6517
2026-08-15_18-01-48-825386_distributedLock,distributedLock,burst-load,1786816973.825000,64.999614,all_requests,all,6698
2026-08-15_18-01-48-825386_distributedLock,distributedLock,burst-load,1786816974.825000,65.999614,all_requests,all,6878
2026-08-15_18-01-48-825386_distributedLock,distributedLock,burst-load,1786816975.825000,66.999614,all_requests,all,7058
2026-08-15_18-01-48-825386_distributedLock,distributedLock,burst-load,1786816976.825000,67.999614,all_requests,all,7238
2026-08-15_18-01-48-825386_distributedLock,distributedLock,burst-load,1786816977.825000,68.999614,all_requests,all,7418
2026-08-15_18-01-48-825386_distributedLock,distributedLock,burst-load,1786816978.825000,69.999614,all_requests,all,7598
2026-08-15_18-01-48-825386_distributedLock,distributedLock,burst-load,1786816979.825000,70.999614,all_requests,all,7777
2026-08-15_18-01-48-825386_distributedLock,distributedLock,burst-load,1786816980.825000,71.999614,all_requests,all,7958
2026-08-15_18-01-48-825386_distributedLock,distributedLock,burst-load,1786816981.825000,72.999614,all_requests,all,8138
2026-08-15_18-01-48-825386_distributedLock,distributedLock,burst-load,1786816982.825000,73.999614,all_requests,all,8318
2026-08-15_18-01-48-825386_distributedLock,distributedLock,burst-load,1786816983.825000,74.999614,all_requests,all,8497
2026-08-15_18-01-48-825386_distributedLock,distributedLock,burst-load,1786816984.825000,75.999614,all_requests,all,8677
2026-08-15_18-01-48-825386_distributedLock,distributedLock,burst-load,1786816985.825000,76.999614,all_requests,all,8848
2026-08-15_18-01-48-825386_distributedLock,distributedLock,burst-load,1786816986.825000,77.999614,all_requests,all,8906
2026-08-15_18-01-48-825386_distributedLock,distributedLock,burst-load,1786816987.825000,78.999614,all_requests,all,8926
2026-08-15_18-01-48-825386_distributedLock,distributedLock,burst-load,1786816988.825000,79.999614,all_requests,all,8946
2026-08-15_18-01-48-825386_distributedLock,distributedLock,burst-load,1786816989.825000,80.999614,all_requests,all,8966
2026-08-15_18-01-48-825386_distributedLock,distributedLock,burst-load,1786816990.825000,81.999614,all_requests,all,8986
2026-08-15_18-01-48-825386_distributedLock,distributedLock,burst-load,1786816991.825000,82.999614,all_requests,all,9006
2026-08-15_18-01-48-825386_distributedLock,distributedLock,burst-load,1786816992.825000,83.999614,all_requests,all,9026
2026-08-15_18-01-48-825386_distributedLock,distributedLock,burst-load,1786816993.825000,84.999614,all_requests,all,9046
2026-08-15_18-01-48-825386_distributedLock,distributedLock,burst-load,1786816994.825000,85.999614,all_requests,all,9066
2026-08-15_18-01-48-825386_distributedLock,distributedLock,burst-load,1786816995.825000,86.999614,all_requests,all,9086
2026-08-15_18-01-48-825386_distributedLock,distributedLock,burst-load,1786816996.825000,87.999614,all_requests,all,9106
2026-08-15_18-01-48-825386_distributedLock,distributedLock,burst-load,1786816997.825000,88.999614,all_requests,all,9126
2026-08-15_18-01-48-825386_distributedLock,distributedLock,burst-load,1786816998.825000,89.999614,all_requests,all,9146
2026-08-15_18-01-48-825386_distributedLock,distributedLock,burst-load,1786816999.825000,90.999614,all_requests,all,9166
2026-08-15_18-01-48-825386_distributedLock,distributedLock,burst-load,1786817000.825000,91.999614,all_requests,all,9186
2026-08-15_18-01-48-825386_distributedLock,distributedLock,burst-load,1786817001.825000,92.999614,all_requests,all,9206
2026-08-15_18-01-48-825386_distributedLock,distributedLock,burst-load,1786817002.825000,93.999614,all_requests,all,9226
2026-08-15_18-01-48-825386_distributedLock,distributedLock,burst-load,1786817003.825000,94.999614,all_requests,all,9246
2026-08-15_18-01-48-825386_distributedLock,distributedLock,burst-load,1786817004.825000,95.999614,all_requests,all,9266
2026-08-15_18-01-48-825386_distributedLock,distributedLock,burst-load,1786817005.825000,96.999614,all_requests,all,9286
2026-08-15_18-01-48-825386_distributedLock,distributedLock,burst-load,1786817006.825000,97.999614,all_requests,all,9306
2026-08-15_18-01-48-825386_distributedLock,distributedLock,burst-load,1786817007.825000,98.999614,all_requests,all,9326
2026-08-15_18-01-48-825386_distributedLock,distributedLock,burst-load,1786817008.825000,99.999614,all_requests,all,9346
2026-08-15_18-01-48-825386_distributedLock,distributedLock,burst-load,1786817009.825000,100.999614,all_requests,all,9366
2026-08-15_18-01-48-825386_distributedLock,distributedLock,burst-load,1786817010.825000,101.999614,all_requests,all,9386
2026-08-15_18-01-48-825386_distributedLock,distributedLock,burst-load,1786817011.825000,102.999614,all_requests,all,9406
2026-08-15_18-01-48-825386_distributedLock,distributedLock,burst-load,1786817012.825000,103.999614,all_requests,all,9426
2026-08-15_18-01-48-825386_distributedLock,distributedLock,burst-load,1786817013.825000,104.999614,all_requests,all,9446
2026-08-15_18-01-48-825386_distributedLock,distributedLock,burst-load,1786817014.825000,105.999614,all_requests,all,9466
2026-08-15_18-01-48-825386_distributedLock,distributedLock,burst-load,1786817015.825000,106.999614,all_requests,all,9486
2026-08-15_18-01-48-825386_distributedLock,distributedLock,burst-load,1786817016.825000,107.999614,all_requests,all,9506
2026-08-15_18-01-48-825386_distributedLock,distributedLock,burst-load,1786817017.825000,108.999614,all_requests,all,9526
2026-08-15_18-01-48-825386_distributedLock,distributedLock,burst-load,1786817018.825000,109.999614,all_requests,all,9546
2026-08-15_18-01-48-825386_distributedLock,distributedLock,burst-load,1786817019.825000,110.999614,all_requests,all,9566
2026-08-15_18-01-48-825386_distributedLock,distributedLock,burst-load,1786817020.825000,111.999614,all_requests,all,9586
2026-08-15_18-01-48-825386_distributedLock,distributedLock,burst-load,1786817021.825000,112.999614,all_requests,all,9606
2026-08-15_18-01-48-825386_distributedLock,distributedLock,burst-load,1786817022.825000,113.999614,all_requests,all,9626
2026-08-15_18-01-48-825386_distributedLock,distributedLock,burst-load,1786817023.825000,114.999614,all_requests,all,9646
2026-08-15_18-01-48-825386_distributedLock,distributedLock,burst-load,1786817024.825000,115.999614,all_requests,all,9666
2026-08-15_18-01-48-825386_distributedLock,distributedLock,burst-load,1786817025.825000,116.999614,all_requests,all,9686
2026-08-15_18-01-48-825386_distributedLock,distributedLock,burst-load,1786817026.825000,117.999614,all_requests,all,9706
2026-08-15_18-01-48-825386_distributedLock,distributedLock,burst-load,1786817027.825000,118.999614,all_requests,all,9726
2026-08-15_18-01-48-825386_distributedLock,distributedLock,burst-load,1786817028.825000,119.999614,all_requests,all,9746
2026-08-15_18-01-48-825386_distributedLock,distributedLock,burst-load,1786817029.825000,120.999614,all_requests,all,9766
2026-08-15_18-01-48-825386_distributedLock,distributedLock,burst-load,1786817030.825000,121.999614,all_requests,all,9786
2026-08-15_18-01-48-825386_distributedLock,distributedLock,burst-load,1786816908.825000,-0.000386,l1_hits,all,0
2026-08-15_18-01-48-825386_distributedLock,distributedLock,burst-load,1786816909.825000,0.999614,l1_hits,all,0
2026-08-15_18-01-48-825386_distributedLock,distributedLock,burst-load,1786816910.825000,1.999614,l1_hits,all,3
2026-08-15_18-01-48-825386_distributedLock,distributedLock,burst-load,1786816911.825000,2.999614,l1_hits,all,8
2026-08-15_18-01-48-825386_distributedLock,distributedLock,burst-load,1786816912.825000,3.999614,l1_hits,all,17
2026-08-15_18-01-48-825386_distributedLock,distributedLock,burst-load,1786816913.825000,4.999614,l1_hits,all,26
2026-08-15_18-01-48-825386_distributedLock,distributedLock,burst-load,1786816914.825000,5.999614,l1_hits,all,34
2026-08-15_18-01-48-825386_distributedLock,distributedLock,burst-load,1786816915.825000,6.999614,l1_hits,all,43
2026-08-15_18-01-48-825386_distributedLock,distributedLock,burst-load,1786816916.825000,7.999614,l1_hits,all,55
2026-08-15_18-01-48-825386_distributedLock,distributedLock,burst-load,1786816917.825000,8.999614,l1_hits,all,62
2026-08-15_18-01-48-825386_distributedLock,distributedLock,burst-load,1786816918.825000,9.999614,l1_hits,all,73
2026-08-15_18-01-48-825386_distributedLock,distributedLock,burst-load,1786816919.825000,10.999614,l1_hits,all,85
2026-08-15_18-01-48-825386_distributedLock,distributedLock,burst-load,1786816920.825000,11.999614,l1_hits,all,95
2026-08-15_18-01-48-825386_distributedLock,distributedLock,burst-load,1786816921.825000,12.999614,l1_hits,all,107
2026-08-15_18-01-48-825386_distributedLock,distributedLock,burst-load,1786816922.825000,13.999614,l1_hits,all,118
2026-08-15_18-01-48-825386_distributedLock,distributedLock,burst-load,1786816923.825000,14.999614,l1_hits,all,128
2026-08-15_18-01-48-825386_distributedLock,distributedLock,burst-load,1786816924.825000,15.999614,l1_hits,all,136
2026-08-15_18-01-48-825386_distributedLock,distributedLock,burst-load,1786816925.825000,16.999614,l1_hits,all,144
2026-08-15_18-01-48-825386_distributedLock,distributedLock,burst-load,1786816926.825000,17.999614,l1_hits,all,148
2026-08-15_18-01-48-825386_distributedLock,distributedLock,burst-load,1786816927.825000,18.999614,l1_hits,all,156
2026-08-15_18-01-48-825386_distributedLock,distributedLock,burst-load,1786816928.825000,19.999614,l1_hits,all,166
2026-08-15_18-01-48-825386_distributedLock,distributedLock,burst-load,1786816929.825000,20.999614,l1_hits,all,177
2026-08-15_18-01-48-825386_distributedLock,distributedLock,burst-load,1786816930.825000,21.999614,l1_hits,all,188
2026-08-15_18-01-48-825386_distributedLock,distributedLock,burst-load,1786816931.825000,22.999614,l1_hits,all,196
2026-08-15_18-01-48-825386_distributedLock,distributedLock,burst-load,1786816932.825000,23.999614,l1_hits,all,207
2026-08-15_18-01-48-825386_distributedLock,distributedLock,burst-load,1786816933.825000,24.999614,l1_hits,all,219
2026-08-15_18-01-48-825386_distributedLock,distributedLock,burst-load,1786816934.825000,25.999614,l1_hits,all,228
2026-08-15_18-01-48-825386_distributedLock,distributedLock,burst-load,1786816935.825000,26.999614,l1_hits,all,235
2026-08-15_18-01-48-825386_distributedLock,distributedLock,burst-load,1786816936.825000,27.999614,l1_hits,all,247
2026-08-15_18-01-48-825386_distributedLock,distributedLock,burst-load,1786816937.825000,28.999614,l1_hits,all,259
2026-08-15_18-01-48-825386_distributedLock,distributedLock,burst-load,1786816938.825000,29.999614,l1_hits,all,271
2026-08-15_18-01-48-825386_distributedLock,distributedLock,burst-load,1786816939.825000,30.999614,l1_hits,all,284
2026-08-15_18-01-48-825386_distributedLock,distributedLock,burst-load,1786816940.825000,31.999614,l1_hits,all,357
2026-08-15_18-01-48-825386_distributedLock,distributedLock,burst-load,1786816941.825000,32.999614,l1_hits,all,470
2026-08-15_18-01-48-825386_distributedLock,distributedLock,burst-load,1786816942.825000,33.999614,l1_hits,all,591
2026-08-15_18-01-48-825386_distributedLock,distributedLock,burst-load,1786816943.825000,34.999614,l1_hits,all,718
2026-08-15_18-01-48-825386_distributedLock,distributedLock,burst-load,1786816944.825000,35.999614,l1_hits,all,836
2026-08-15_18-01-48-825386_distributedLock,distributedLock,burst-load,1786816945.825000,36.999614,l1_hits,all,963
2026-08-15_18-01-48-825386_distributedLock,distributedLock,burst-load,1786816946.825000,37.999614,l1_hits,all,1080
2026-08-15_18-01-48-825386_distributedLock,distributedLock,burst-load,1786816947.825000,38.999614,l1_hits,all,1212
2026-08-15_18-01-48-825386_distributedLock,distributedLock,burst-load,1786816948.825000,39.999614,l1_hits,all,1341
2026-08-15_18-01-48-825386_distributedLock,distributedLock,burst-load,1786816949.825000,40.999614,l1_hits,all,1457
2026-08-15_18-01-48-825386_distributedLock,distributedLock,burst-load,1786816950.825000,41.999614,l1_hits,all,1580
2026-08-15_18-01-48-825386_distributedLock,distributedLock,burst-load,1786816951.825000,42.999614,l1_hits,all,1715
2026-08-15_18-01-48-825386_distributedLock,distributedLock,burst-load,1786816952.825000,43.999614,l1_hits,all,1834
2026-08-15_18-01-48-825386_distributedLock,distributedLock,burst-load,1786816953.825000,44.999614,l1_hits,all,1968
2026-08-15_18-01-48-825386_distributedLock,distributedLock,burst-load,1786816954.825000,45.999614,l1_hits,all,2093
2026-08-15_18-01-48-825386_distributedLock,distributedLock,burst-load,1786816955.825000,46.999614,l1_hits,all,2208
2026-08-15_18-01-48-825386_distributedLock,distributedLock,burst-load,1786816956.825000,47.999614,l1_hits,all,2328
2026-08-15_18-01-48-825386_distributedLock,distributedLock,burst-load,1786816957.825000,48.999614,l1_hits,all,2452
2026-08-15_18-01-48-825386_distributedLock,distributedLock,burst-load,1786816958.825000,49.999614,l1_hits,all,2572
2026-08-15_18-01-48-825386_distributedLock,distributedLock,burst-load,1786816959.825000,50.999614,l1_hits,all,2695
2026-08-15_18-01-48-825386_distributedLock,distributedLock,burst-load,1786816960.825000,51.999614,l1_hits,all,2814
2026-08-15_18-01-48-825386_distributedLock,distributedLock,burst-load,1786816961.825000,52.999614,l1_hits,all,2943
2026-08-15_18-01-48-825386_distributedLock,distributedLock,burst-load,1786816962.825000,53.999614,l1_hits,all,3068
2026-08-15_18-01-48-825386_distributedLock,distributedLock,burst-load,1786816963.825000,54.999614,l1_hits,all,3185
2026-08-15_18-01-48-825386_distributedLock,distributedLock,burst-load,1786816964.825000,55.999614,l1_hits,all,3307
2026-08-15_18-01-48-825386_distributedLock,distributedLock,burst-load,1786816965.825000,56.999614,l1_hits,all,3436
2026-08-15_18-01-48-825386_distributedLock,distributedLock,burst-load,1786816966.825000,57.999614,l1_hits,all,3557
2026-08-15_18-01-48-825386_distributedLock,distributedLock,burst-load,1786816967.825000,58.999614,l1_hits,all,3693
2026-08-15_18-01-48-825386_distributedLock,distributedLock,burst-load,1786816968.825000,59.999614,l1_hits,all,3817
2026-08-15_18-01-48-825386_distributedLock,distributedLock,burst-load,1786816969.825000,60.999614,l1_hits,all,3957
2026-08-15_18-01-48-825386_distributedLock,distributedLock,burst-load,1786816970.825000,61.999614,l1_hits,all,4083
2026-08-15_18-01-48-825386_distributedLock,distributedLock,burst-load,1786816971.825000,62.999614,l1_hits,all,4206
2026-08-15_18-01-48-825386_distributedLock,distributedLock,burst-load,1786816972.825000,63.999614,l1_hits,all,4321
2026-08-15_18-01-48-825386_distributedLock,distributedLock,burst-load,1786816973.825000,64.999614,l1_hits,all,4437
2026-08-15_18-01-48-825386_distributedLock,distributedLock,burst-load,1786816974.825000,65.999614,l1_hits,all,4554
2026-08-15_18-01-48-825386_distributedLock,distributedLock,burst-load,1786816975.825000,66.999614,l1_hits,all,4684
2026-08-15_18-01-48-825386_distributedLock,distributedLock,burst-load,1786816976.825000,67.999614,l1_hits,all,4803
2026-08-15_18-01-48-825386_distributedLock,distributedLock,burst-load,1786816977.825000,68.999614,l1_hits,all,4930
2026-08-15_18-01-48-825386_distributedLock,distributedLock,burst-load,1786816978.825000,69.999614,l1_hits,all,5040
2026-08-15_18-01-48-825386_distributedLock,distributedLock,burst-load,1786816979.825000,70.999614,l1_hits,all,5160
2026-08-15_18-01-48-825386_distributedLock,distributedLock,burst-load,1786816980.825000,71.999614,l1_hits,all,5289
2026-08-15_18-01-48-825386_distributedLock,distributedLock,burst-load,1786816981.825000,72.999614,l1_hits,all,5409
2026-08-15_18-01-48-825386_distributedLock,distributedLock,burst-load,1786816982.825000,73.999614,l1_hits,all,5532
2026-08-15_18-01-48-825386_distributedLock,distributedLock,burst-load,1786816983.825000,74.999614,l1_hits,all,5661
2026-08-15_18-01-48-825386_distributedLock,distributedLock,burst-load,1786816984.825000,75.999614,l1_hits,all,5772
2026-08-15_18-01-48-825386_distributedLock,distributedLock,burst-load,1786816985.825000,76.999614,l1_hits,all,5892
2026-08-15_18-01-48-825386_distributedLock,distributedLock,burst-load,1786816986.825000,77.999614,l1_hits,all,5923
2026-08-15_18-01-48-825386_distributedLock,distributedLock,burst-load,1786816987.825000,78.999614,l1_hits,all,5935
2026-08-15_18-01-48-825386_distributedLock,distributedLock,burst-load,1786816988.825000,79.999614,l1_hits,all,5947
2026-08-15_18-01-48-825386_distributedLock,distributedLock,burst-load,1786816989.825000,80.999614,l1_hits,all,5954
2026-08-15_18-01-48-825386_distributedLock,distributedLock,burst-load,1786816990.825000,81.999614,l1_hits,all,5962
2026-08-15_18-01-48-825386_distributedLock,distributedLock,burst-load,1786816991.825000,82.999614,l1_hits,all,5972
2026-08-15_18-01-48-825386_distributedLock,distributedLock,burst-load,1786816992.825000,83.999614,l1_hits,all,5977
2026-08-15_18-01-48-825386_distributedLock,distributedLock,burst-load,1786816993.825000,84.999614,l1_hits,all,5986
2026-08-15_18-01-48-825386_distributedLock,distributedLock,burst-load,1786816994.825000,85.999614,l1_hits,all,5992
2026-08-15_18-01-48-825386_distributedLock,distributedLock,burst-load,1786816995.825000,86.999614,l1_hits,all,5998
2026-08-15_18-01-48-825386_distributedLock,distributedLock,burst-load,1786816996.825000,87.999614,l1_hits,all,6007
2026-08-15_18-01-48-825386_distributedLock,distributedLock,burst-load,1786816997.825000,88.999614,l1_hits,all,6020
2026-08-15_18-01-48-825386_distributedLock,distributedLock,burst-load,1786816998.825000,89.999614,l1_hits,all,6032
2026-08-15_18-01-48-825386_distributedLock,distributedLock,burst-load,1786816999.825000,90.999614,l1_hits,all,6040
2026-08-15_18-01-48-825386_distributedLock,distributedLock,burst-load,1786817000.825000,91.999614,l1_hits,all,6049
2026-08-15_18-01-48-825386_distributedLock,distributedLock,burst-load,1786817001.825000,92.999614,l1_hits,all,6056
2026-08-15_18-01-48-825386_distributedLock,distributedLock,burst-load,1786817002.825000,93.999614,l1_hits,all,6059
2026-08-15_18-01-48-825386_distributedLock,distributedLock,burst-load,1786817003.825000,94.999614,l1_hits,all,6068
2026-08-15_18-01-48-825386_distributedLock,distributedLock,burst-load,1786817004.825000,95.999614,l1_hits,all,6078
2026-08-15_18-01-48-825386_distributedLock,distributedLock,burst-load,1786817005.825000,96.999614,l1_hits,all,6088
2026-08-15_18-01-48-825386_distributedLock,distributedLock,burst-load,1786817006.825000,97.999614,l1_hits,all,6095
2026-08-15_18-01-48-825386_distributedLock,distributedLock,burst-load,1786817007.825000,98.999614,l1_hits,all,6104
2026-08-15_18-01-48-825386_distributedLock,distributedLock,burst-load,1786817008.825000,99.999614,l1_hits,all,6114
2026-08-15_18-01-48-825386_distributedLock,distributedLock,burst-load,1786817009.825000,100.999614,l1_hits,all,6122
2026-08-15_18-01-48-825386_distributedLock,distributedLock,burst-load,1786817010.825000,101.999614,l1_hits,all,6130
2026-08-15_18-01-48-825386_distributedLock,distributedLock,burst-load,1786817011.825000,102.999614,l1_hits,all,6137
2026-08-15_18-01-48-825386_distributedLock,distributedLock,burst-load,1786817012.825000,103.999614,l1_hits,all,6147
2026-08-15_18-01-48-825386_distributedLock,distributedLock,burst-load,1786817013.825000,104.999614,l1_hits,all,6153
2026-08-15_18-01-48-825386_distributedLock,distributedLock,burst-load,1786817014.825000,105.999614,l1_hits,all,6165
2026-08-15_18-01-48-825386_distributedLock,distributedLock,burst-load,1786817015.825000,106.999614,l1_hits,all,6176
2026-08-15_18-01-48-825386_distributedLock,distributedLock,burst-load,1786817016.825000,107.999614,l1_hits,all,6186
2026-08-15_18-01-48-825386_distributedLock,distributedLock,burst-load,1786817017.825000,108.999614,l1_hits,all,6191
2026-08-15_18-01-48-825386_distributedLock,distributedLock,burst-load,1786817018.825000,109.999614,l1_hits,all,6201
2026-08-15_18-01-48-825386_distributedLock,distributedLock,burst-load,1786817019.825000,110.999614,l1_hits,all,6206
2026-08-15_18-01-48-825386_distributedLock,distributedLock,burst-load,1786817020.825000,111.999614,l1_hits,all,6219
2026-08-15_18-01-48-825386_distributedLock,distributedLock,burst-load,1786817021.825000,112.999614,l1_hits,all,6229
2026-08-15_18-01-48-825386_distributedLock,distributedLock,burst-load,1786817022.825000,113.999614,l1_hits,all,6235
2026-08-15_18-01-48-825386_distributedLock,distributedLock,burst-load,1786817023.825000,114.999614,l1_hits,all,6245
2026-08-15_18-01-48-825386_distributedLock,distributedLock,burst-load,1786817024.825000,115.999614,l1_hits,all,6254
2026-08-15_18-01-48-825386_distributedLock,distributedLock,burst-load,1786817025.825000,116.999614,l1_hits,all,6263
2026-08-15_18-01-48-825386_distributedLock,distributedLock,burst-load,1786817026.825000,117.999614,l1_hits,all,6270
2026-08-15_18-01-48-825386_distributedLock,distributedLock,burst-load,1786817027.825000,118.999614,l1_hits,all,6280
2026-08-15_18-01-48-825386_distributedLock,distributedLock,burst-load,1786817028.825000,119.999614,l1_hits,all,6288
2026-08-15_18-01-48-825386_distributedLock,distributedLock,burst-load,1786817029.825000,120.999614,l1_hits,all,6296
2026-08-15_18-01-48-825386_distributedLock,distributedLock,burst-load,1786817030.825000,121.999614,l1_hits,all,6304
2026-08-15_18-01-48-825386_distributedLock,distributedLock,burst-load,1786816908.825000,-0.000386,l2_hits,all,0
2026-08-15_18-01-48-825386_distributedLock,distributedLock,burst-load,1786816909.825000,0.999614,l2_hits,all,0
2026-08-15_18-01-48-825386_distributedLock,distributedLock,burst-load,1786816910.825000,1.999614,l2_hits,all,1
2026-08-15_18-01-48-825386_distributedLock,distributedLock,burst-load,1786816911.825000,2.999614,l2_hits,all,6
2026-08-15_18-01-48-825386_distributedLock,distributedLock,burst-load,1786816912.825000,3.999614,l2_hits,all,10
2026-08-15_18-01-48-825386_distributedLock,distributedLock,burst-load,1786816913.825000,4.999614,l2_hits,all,14
2026-08-15_18-01-48-825386_distributedLock,distributedLock,burst-load,1786816914.825000,5.999614,l2_hits,all,17
2026-08-15_18-01-48-825386_distributedLock,distributedLock,burst-load,1786816915.825000,6.999614,l2_hits,all,25
2026-08-15_18-01-48-825386_distributedLock,distributedLock,burst-load,1786816916.825000,7.999614,l2_hits,all,29
2026-08-15_18-01-48-825386_distributedLock,distributedLock,burst-load,1786816917.825000,8.999614,l2_hits,all,39
2026-08-15_18-01-48-825386_distributedLock,distributedLock,burst-load,1786816918.825000,9.999614,l2_hits,all,45
2026-08-15_18-01-48-825386_distributedLock,distributedLock,burst-load,1786816919.825000,10.999614,l2_hits,all,52
2026-08-15_18-01-48-825386_distributedLock,distributedLock,burst-load,1786816920.825000,11.999614,l2_hits,all,59
2026-08-15_18-01-48-825386_distributedLock,distributedLock,burst-load,1786816921.825000,12.999614,l2_hits,all,64
2026-08-15_18-01-48-825386_distributedLock,distributedLock,burst-load,1786816922.825000,13.999614,l2_hits,all,71
2026-08-15_18-01-48-825386_distributedLock,distributedLock,burst-load,1786816923.825000,14.999614,l2_hits,all,80
2026-08-15_18-01-48-825386_distributedLock,distributedLock,burst-load,1786816924.825000,15.999614,l2_hits,all,90
2026-08-15_18-01-48-825386_distributedLock,distributedLock,burst-load,1786816925.825000,16.999614,l2_hits,all,97
2026-08-15_18-01-48-825386_distributedLock,distributedLock,burst-load,1786816926.825000,17.999614,l2_hits,all,104
2026-08-15_18-01-48-825386_distributedLock,distributedLock,burst-load,1786816927.825000,18.999614,l2_hits,all,111
2026-08-15_18-01-48-825386_distributedLock,distributedLock,burst-load,1786816928.825000,19.999614,l2_hits,all,115
2026-08-15_18-01-48-825386_distributedLock,distributedLock,burst-load,1786816929.825000,20.999614,l2_hits,all,118
2026-08-15_18-01-48-825386_distributedLock,distributedLock,burst-load,1786816930.825000,21.999614,l2_hits,all,124
2026-08-15_18-01-48-825386_distributedLock,distributedLock,burst-load,1786816931.825000,22.999614,l2_hits,all,131
2026-08-15_18-01-48-825386_distributedLock,distributedLock,burst-load,1786816932.825000,23.999614,l2_hits,all,135
2026-08-15_18-01-48-825386_distributedLock,distributedLock,burst-load,1786816933.825000,24.999614,l2_hits,all,138
2026-08-15_18-01-48-825386_distributedLock,distributedLock,burst-load,1786816934.825000,25.999614,l2_hits,all,145
2026-08-15_18-01-48-825386_distributedLock,distributedLock,burst-load,1786816935.825000,26.999614,l2_hits,all,154
2026-08-15_18-01-48-825386_distributedLock,distributedLock,burst-load,1786816936.825000,27.999614,l2_hits,all,158
2026-08-15_18-01-48-825386_distributedLock,distributedLock,burst-load,1786816937.825000,28.999614,l2_hits,all,162
2026-08-15_18-01-48-825386_distributedLock,distributedLock,burst-load,1786816938.825000,29.999614,l2_hits,all,168
2026-08-15_18-01-48-825386_distributedLock,distributedLock,burst-load,1786816939.825000,30.999614,l2_hits,all,181
2026-08-15_18-01-48-825386_distributedLock,distributedLock,burst-load,1786816940.825000,31.999614,l2_hits,all,222
2026-08-15_18-01-48-825386_distributedLock,distributedLock,burst-load,1786816941.825000,32.999614,l2_hits,all,259
2026-08-15_18-01-48-825386_distributedLock,distributedLock,burst-load,1786816942.825000,33.999614,l2_hits,all,303
2026-08-15_18-01-48-825386_distributedLock,distributedLock,burst-load,1786816943.825000,34.999614,l2_hits,all,344
2026-08-15_18-01-48-825386_distributedLock,distributedLock,burst-load,1786816944.825000,35.999614,l2_hits,all,400
2026-08-15_18-01-48-825386_distributedLock,distributedLock,burst-load,1786816945.825000,36.999614,l2_hits,all,449
2026-08-15_18-01-48-825386_distributedLock,distributedLock,burst-load,1786816946.825000,37.999614,l2_hits,all,504
2026-08-15_18-01-48-825386_distributedLock,distributedLock,burst-load,1786816947.825000,38.999614,l2_hits,all,544
2026-08-15_18-01-48-825386_distributedLock,distributedLock,burst-load,1786816948.825000,39.999614,l2_hits,all,591
2026-08-15_18-01-48-825386_distributedLock,distributedLock,burst-load,1786816949.825000,40.999614,l2_hits,all,651
2026-08-15_18-01-48-825386_distributedLock,distributedLock,burst-load,1786816950.825000,41.999614,l2_hits,all,702
2026-08-15_18-01-48-825386_distributedLock,distributedLock,burst-load,1786816951.825000,42.999614,l2_hits,all,742
2026-08-15_18-01-48-825386_distributedLock,distributedLock,burst-load,1786816952.825000,43.999614,l2_hits,all,796
2026-08-15_18-01-48-825386_distributedLock,distributedLock,burst-load,1786816953.825000,44.999614,l2_hits,all,840
2026-08-15_18-01-48-825386_distributedLock,distributedLock,burst-load,1786816954.825000,45.999614,l2_hits,all,892
2026-08-15_18-01-48-825386_distributedLock,distributedLock,burst-load,1786816955.825000,46.999614,l2_hits,all,945
2026-08-15_18-01-48-825386_distributedLock,distributedLock,burst-load,1786816956.825000,47.999614,l2_hits,all,990
2026-08-15_18-01-48-825386_distributedLock,distributedLock,burst-load,1786816957.825000,48.999614,l2_hits,all,1023
2026-08-15_18-01-48-825386_distributedLock,distributedLock,burst-load,1786816958.825000,49.999614,l2_hits,all,1075
2026-08-15_18-01-48-825386_distributedLock,distributedLock,burst-load,1786816959.825000,50.999614,l2_hits,all,1117
2026-08-15_18-01-48-825386_distributedLock,distributedLock,burst-load,1786816960.825000,51.999614,l2_hits,all,1165
2026-08-15_18-01-48-825386_distributedLock,distributedLock,burst-load,1786816961.825000,52.999614,l2_hits,all,1211
2026-08-15_18-01-48-825386_distributedLock,distributedLock,burst-load,1786816962.825000,53.999614,l2_hits,all,1258
2026-08-15_18-01-48-825386_distributedLock,distributedLock,burst-load,1786816963.825000,54.999614,l2_hits,all,1314
2026-08-15_18-01-48-825386_distributedLock,distributedLock,burst-load,1786816964.825000,55.999614,l2_hits,all,1364
2026-08-15_18-01-48-825386_distributedLock,distributedLock,burst-load,1786816965.825000,56.999614,l2_hits,all,1411
2026-08-15_18-01-48-825386_distributedLock,distributedLock,burst-load,1786816966.825000,57.999614,l2_hits,all,1466
2026-08-15_18-01-48-825386_distributedLock,distributedLock,burst-load,1786816967.825000,58.999614,l2_hits,all,1507
2026-08-15_18-01-48-825386_distributedLock,distributedLock,burst-load,1786816968.825000,59.999614,l2_hits,all,1554
2026-08-15_18-01-48-825386_distributedLock,distributedLock,burst-load,1786816969.825000,60.999614,l2_hits,all,1593
2026-08-15_18-01-48-825386_distributedLock,distributedLock,burst-load,1786816970.825000,61.999614,l2_hits,all,1639
2026-08-15_18-01-48-825386_distributedLock,distributedLock,burst-load,1786816971.825000,62.999614,l2_hits,all,1685
2026-08-15_18-01-48-825386_distributedLock,distributedLock,burst-load,1786816972.825000,63.999614,l2_hits,all,1732
2026-08-15_18-01-48-825386_distributedLock,distributedLock,burst-load,1786816973.825000,64.999614,l2_hits,all,1777
2026-08-15_18-01-48-825386_distributedLock,distributedLock,burst-load,1786816974.825000,65.999614,l2_hits,all,1825
2026-08-15_18-01-48-825386_distributedLock,distributedLock,burst-load,1786816975.825000,66.999614,l2_hits,all,1867
2026-08-15_18-01-48-825386_distributedLock,distributedLock,burst-load,1786816976.825000,67.999614,l2_hits,all,1921
2026-08-15_18-01-48-825386_distributedLock,distributedLock,burst-load,1786816977.825000,68.999614,l2_hits,all,1966
2026-08-15_18-01-48-825386_distributedLock,distributedLock,burst-load,1786816978.825000,69.999614,l2_hits,all,2031
2026-08-15_18-01-48-825386_distributedLock,distributedLock,burst-load,1786816979.825000,70.999614,l2_hits,all,2084
2026-08-15_18-01-48-825386_distributedLock,distributedLock,burst-load,1786816980.825000,71.999614,l2_hits,all,2134
2026-08-15_18-01-48-825386_distributedLock,distributedLock,burst-load,1786816981.825000,72.999614,l2_hits,all,2189
2026-08-15_18-01-48-825386_distributedLock,distributedLock,burst-load,1786816982.825000,73.999614,l2_hits,all,2242
2026-08-15_18-01-48-825386_distributedLock,distributedLock,burst-load,1786816983.825000,74.999614,l2_hits,all,2287
2026-08-15_18-01-48-825386_distributedLock,distributedLock,burst-load,1786816984.825000,75.999614,l2_hits,all,2341
2026-08-15_18-01-48-825386_distributedLock,distributedLock,burst-load,1786816985.825000,76.999614,l2_hits,all,2390
2026-08-15_18-01-48-825386_distributedLock,distributedLock,burst-load,1786816986.825000,77.999614,l2_hits,all,2412
2026-08-15_18-01-48-825386_distributedLock,distributedLock,burst-load,1786816987.825000,78.999614,l2_hits,all,2418
2026-08-15_18-01-48-825386_distributedLock,distributedLock,burst-load,1786816988.825000,79.999614,l2_hits,all,2420
2026-08-15_18-01-48-825386_distributedLock,distributedLock,burst-load,1786816989.825000,80.999614,l2_hits,all,2427
2026-08-15_18-01-48-825386_distributedLock,distributedLock,burst-load,1786816990.825000,81.999614,l2_hits,all,2436
2026-08-15_18-01-48-825386_distributedLock,distributedLock,burst-load,1786816991.825000,82.999614,l2_hits,all,2441
2026-08-15_18-01-48-825386_distributedLock,distributedLock,burst-load,1786816992.825000,83.999614,l2_hits,all,2450
2026-08-15_18-01-48-825386_distributedLock,distributedLock,burst-load,1786816993.825000,84.999614,l2_hits,all,2456
2026-08-15_18-01-48-825386_distributedLock,distributedLock,burst-load,1786816994.825000,85.999614,l2_hits,all,2460
2026-08-15_18-01-48-825386_distributedLock,distributedLock,burst-load,1786816995.825000,86.999614,l2_hits,all,2471
2026-08-15_18-01-48-825386_distributedLock,distributedLock,burst-load,1786816996.825000,87.999614,l2_hits,all,2480
2026-08-15_18-01-48-825386_distributedLock,distributedLock,burst-load,1786816997.825000,88.999614,l2_hits,all,2484
2026-08-15_18-01-48-825386_distributedLock,distributedLock,burst-load,1786816998.825000,89.999614,l2_hits,all,2487
2026-08-15_18-01-48-825386_distributedLock,distributedLock,burst-load,1786816999.825000,90.999614,l2_hits,all,2494
2026-08-15_18-01-48-825386_distributedLock,distributedLock,burst-load,1786817000.825000,91.999614,l2_hits,all,2501
2026-08-15_18-01-48-825386_distributedLock,distributedLock,burst-load,1786817001.825000,92.999614,l2_hits,all,2511
2026-08-15_18-01-48-825386_distributedLock,distributedLock,burst-load,1786817002.825000,93.999614,l2_hits,all,2523
2026-08-15_18-01-48-825386_distributedLock,distributedLock,burst-load,1786817003.825000,94.999614,l2_hits,all,2531
2026-08-15_18-01-48-825386_distributedLock,distributedLock,burst-load,1786817004.825000,95.999614,l2_hits,all,2539
2026-08-15_18-01-48-825386_distributedLock,distributedLock,burst-load,1786817005.825000,96.999614,l2_hits,all,2546
2026-08-15_18-01-48-825386_distributedLock,distributedLock,burst-load,1786817006.825000,97.999614,l2_hits,all,2555
2026-08-15_18-01-48-825386_distributedLock,distributedLock,burst-load,1786817007.825000,98.999614,l2_hits,all,2563
2026-08-15_18-01-48-825386_distributedLock,distributedLock,burst-load,1786817008.825000,99.999614,l2_hits,all,2569
2026-08-15_18-01-48-825386_distributedLock,distributedLock,burst-load,1786817009.825000,100.999614,l2_hits,all,2577
2026-08-15_18-01-48-825386_distributedLock,distributedLock,burst-load,1786817010.825000,101.999614,l2_hits,all,2582
2026-08-15_18-01-48-825386_distributedLock,distributedLock,burst-load,1786817011.825000,102.999614,l2_hits,all,2592
2026-08-15_18-01-48-825386_distributedLock,distributedLock,burst-load,1786817012.825000,103.999614,l2_hits,all,2597
2026-08-15_18-01-48-825386_distributedLock,distributedLock,burst-load,1786817013.825000,104.999614,l2_hits,all,2602
2026-08-15_18-01-48-825386_distributedLock,distributedLock,burst-load,1786817014.825000,105.999614,l2_hits,all,2606
2026-08-15_18-01-48-825386_distributedLock,distributedLock,burst-load,1786817015.825000,106.999614,l2_hits,all,2610
2026-08-15_18-01-48-825386_distributedLock,distributedLock,burst-load,1786817016.825000,107.999614,l2_hits,all,2613
2026-08-15_18-01-48-825386_distributedLock,distributedLock,burst-load,1786817017.825000,108.999614,l2_hits,all,2623
2026-08-15_18-01-48-825386_distributedLock,distributedLock,burst-load,1786817018.825000,109.999614,l2_hits,all,2629
2026-08-15_18-01-48-825386_distributedLock,distributedLock,burst-load,1786817019.825000,110.999614,l2_hits,all,2637
2026-08-15_18-01-48-825386_distributedLock,distributedLock,burst-load,1786817020.825000,111.999614,l2_hits,all,2639
2026-08-15_18-01-48-825386_distributedLock,distributedLock,burst-load,1786817021.825000,112.999614,l2_hits,all,2644
2026-08-15_18-01-48-825386_distributedLock,distributedLock,burst-load,1786817022.825000,113.999614,l2_hits,all,2655
2026-08-15_18-01-48-825386_distributedLock,distributedLock,burst-load,1786817023.825000,114.999614,l2_hits,all,2664
2026-08-15_18-01-48-825386_distributedLock,distributedLock,burst-load,1786817024.825000,115.999614,l2_hits,all,2670
2026-08-15_18-01-48-825386_distributedLock,distributedLock,burst-load,1786817025.825000,116.999614,l2_hits,all,2677
2026-08-15_18-01-48-825386_distributedLock,distributedLock,burst-load,1786817026.825000,117.999614,l2_hits,all,2685
2026-08-15_18-01-48-825386_distributedLock,distributedLock,burst-load,1786817027.825000,118.999614,l2_hits,all,2691
2026-08-15_18-01-48-825386_distributedLock,distributedLock,burst-load,1786817028.825000,119.999614,l2_hits,all,2699
2026-08-15_18-01-48-825386_distributedLock,distributedLock,burst-load,1786817029.825000,120.999614,l2_hits,all,2707
2026-08-15_18-01-48-825386_distributedLock,distributedLock,burst-load,1786817030.825000,121.999614,l2_hits,all,2714
2026-08-15_18-01-48-825386_distributedLock,distributedLock,burst-load,1786816908.825000,-0.000386,backend_calls,all,0
2026-08-15_18-01-48-825386_distributedLock,distributedLock,burst-load,1786816909.825000,0.999614,backend_calls,all,0
2026-08-15_18-01-48-825386_distributedLock,distributedLock,burst-load,1786816910.825000,1.999614,backend_calls,all,12
2026-08-15_18-01-48-825386_distributedLock,distributedLock,burst-load,1786816911.825000,2.999614,backend_calls,all,24
2026-08-15_18-01-48-825386_distributedLock,distributedLock,burst-load,1786816912.825000,3.999614,backend_calls,all,34
2026-08-15_18-01-48-825386_distributedLock,distributedLock,burst-load,1786816913.825000,4.999614,backend_calls,all,41
2026-08-15_18-01-48-825386_distributedLock,distributedLock,burst-load,1786816914.825000,5.999614,backend_calls,all,46
2026-08-15_18-01-48-825386_distributedLock,distributedLock,burst-load,1786816915.825000,6.999614,backend_calls,all,52
2026-08-15_18-01-48-825386_distributedLock,distributedLock,burst-load,1786816916.825000,7.999614,backend_calls,all,56
2026-08-15_18-01-48-825386_distributedLock,distributedLock,burst-load,1786816917.825000,8.999614,backend_calls,all,61
2026-08-15_18-01-48-825386_distributedLock,distributedLock,burst-load,1786816918.825000,9.999614,backend_calls,all,64
2026-08-15_18-01-48-825386_distributedLock,distributedLock,burst-load,1786816919.825000,10.999614,backend_calls,all,65
2026-08-15_18-01-48-825386_distributedLock,distributedLock,burst-load,1786816920.825000,11.999614,backend_calls,all,67
2026-08-15_18-01-48-825386_distributedLock,distributedLock,burst-load,1786816921.825000,12.999614,backend_calls,all,69
2026-08-15_18-01-48-825386_distributedLock,distributedLock,burst-load,1786816922.825000,13.999614,backend_calls,all,73
2026-08-15_18-01-48-825386_distributedLock,distributedLock,burst-load,1786816923.825000,14.999614,backend_calls,all,74
2026-08-15_18-01-48-825386_distributedLock,distributedLock,burst-load,1786816924.825000,15.999614,backend_calls,all,75
2026-08-15_18-01-48-825386_distributedLock,distributedLock,burst-load,1786816925.825000,16.999614,backend_calls,all,77
2026-08-15_18-01-48-825386_distributedLock,distributedLock,burst-load,1786816926.825000,17.999614,backend_calls,all,82
2026-08-15_18-01-48-825386_distributedLock,distributedLock,burst-load,1786816927.825000,18.999614,backend_calls,all,89
2026-08-15_18-01-48-825386_distributedLock,distributedLock,burst-load,1786816928.825000,19.999614,backend_calls,all,91
2026-08-15_18-01-48-825386_distributedLock,distributedLock,burst-load,1786816929.825000,20.999614,backend_calls,all,98
2026-08-15_18-01-48-825386_distributedLock,distributedLock,burst-load,1786816930.825000,21.999614,backend_calls,all,102
2026-08-15_18-01-48-825386_distributedLock,distributedLock,burst-load,1786816931.825000,22.999614,backend_calls,all,106
2026-08-15_18-01-48-825386_distributedLock,distributedLock,burst-load,1786816932.825000,23.999614,backend_calls,all,112
2026-08-15_18-01-48-825386_distributedLock,distributedLock,burst-load,1786816933.825000,24.999614,backend_calls,all,118
2026-08-15_18-01-48-825386_distributedLock,distributedLock,burst-load,1786816934.825000,25.999614,backend_calls,all,121
2026-08-15_18-01-48-825386_distributedLock,distributedLock,burst-load,1786816935.825000,26.999614,backend_calls,all,126
2026-08-15_18-01-48-825386_distributedLock,distributedLock,burst-load,1786816936.825000,27.999614,backend_calls,all,128
2026-08-15_18-01-48-825386_distributedLock,distributedLock,burst-load,1786816937.825000,28.999614,backend_calls,all,131
2026-08-15_18-01-48-825386_distributedLock,distributedLock,burst-load,1786816938.825000,29.999614,backend_calls,all,135
2026-08-15_18-01-48-825386_distributedLock,distributedLock,burst-load,1786816939.825000,30.999614,backend_calls,all,137
2026-08-15_18-01-48-825386_distributedLock,distributedLock,burst-load,1786816940.825000,31.999614,backend_calls,all,146
2026-08-15_18-01-48-825386_distributedLock,distributedLock,burst-load,1786816941.825000,32.999614,backend_calls,all,165
2026-08-15_18-01-48-825386_distributedLock,distributedLock,burst-load,1786816942.825000,33.999614,backend_calls,all,177
2026-08-15_18-01-48-825386_distributedLock,distributedLock,burst-load,1786816943.825000,34.999614,backend_calls,all,182
2026-08-15_18-01-48-825386_distributedLock,distributedLock,burst-load,1786816944.825000,35.999614,backend_calls,all,192
2026-08-15_18-01-48-825386_distributedLock,distributedLock,burst-load,1786816945.825000,36.999614,backend_calls,all,196
2026-08-15_18-01-48-825386_distributedLock,distributedLock,burst-load,1786816946.825000,37.999614,backend_calls,all,202
2026-08-15_18-01-48-825386_distributedLock,distributedLock,burst-load,1786816947.825000,38.999614,backend_calls,all,207
2026-08-15_18-01-48-825386_distributedLock,distributedLock,burst-load,1786816948.825000,39.999614,backend_calls,all,212
2026-08-15_18-01-48-825386_distributedLock,distributedLock,burst-load,1786816949.825000,40.999614,backend_calls,all,215
2026-08-15_18-01-48-825386_distributedLock,distributedLock,burst-load,1786816950.825000,41.999614,backend_calls,all,219
2026-08-15_18-01-48-825386_distributedLock,distributedLock,burst-load,1786816951.825000,42.999614,backend_calls,all,223
2026-08-15_18-01-48-825386_distributedLock,distributedLock,burst-load,1786816952.825000,43.999614,backend_calls,all,228
2026-08-15_18-01-48-825386_distributedLock,distributedLock,burst-load,1786816953.825000,44.999614,backend_calls,all,232
2026-08-15_18-01-48-825386_distributedLock,distributedLock,burst-load,1786816954.825000,45.999614,backend_calls,all,234
2026-08-15_18-01-48-825386_distributedLock,distributedLock,burst-load,1786816955.825000,46.999614,backend_calls,all,235
2026-08-15_18-01-48-825386_distributedLock,distributedLock,burst-load,1786816956.825000,47.999614,backend_calls,all,247
2026-08-15_18-01-48-825386_distributedLock,distributedLock,burst-load,1786816957.825000,48.999614,backend_calls,all,260
2026-08-15_18-01-48-825386_distributedLock,distributedLock,burst-load,1786816958.825000,49.999614,backend_calls,all,271
2026-08-15_18-01-48-825386_distributedLock,distributedLock,burst-load,1786816959.825000,50.999614,backend_calls,all,279
2026-08-15_18-01-48-825386_distributedLock,distributedLock,burst-load,1786816960.825000,51.999614,backend_calls,all,288
2026-08-15_18-01-48-825386_distributedLock,distributedLock,burst-load,1786816961.825000,52.999614,backend_calls,all,296
2026-08-15_18-01-48-825386_distributedLock,distributedLock,burst-load,1786816962.825000,53.999614,backend_calls,all,301
2026-08-15_18-01-48-825386_distributedLock,distributedLock,burst-load,1786816963.825000,54.999614,backend_calls,all,305
2026-08-15_18-01-48-825386_distributedLock,distributedLock,burst-load,1786816964.825000,55.999614,backend_calls,all,311
2026-08-15_18-01-48-825386_distributedLock,distributedLock,burst-load,1786816965.825000,56.999614,backend_calls,all,315
2026-08-15_18-01-48-825386_distributedLock,distributedLock,burst-load,1786816966.825000,57.999614,backend_calls,all,319
2026-08-15_18-01-48-825386_distributedLock,distributedLock,burst-load,1786816967.825000,58.999614,backend_calls,all,323
2026-08-15_18-01-48-825386_distributedLock,distributedLock,burst-load,1786816968.825000,59.999614,backend_calls,all,324
2026-08-15_18-01-48-825386_distributedLock,distributedLock,burst-load,1786816969.825000,60.999614,backend_calls,all,331
2026-08-15_18-01-48-825386_distributedLock,distributedLock,burst-load,1786816970.825000,61.999614,backend_calls,all,333
2026-08-15_18-01-48-825386_distributedLock,distributedLock,burst-load,1786816971.825000,62.999614,backend_calls,all,338
2026-08-15_18-01-48-825386_distributedLock,distributedLock,burst-load,1786816972.825000,63.999614,backend_calls,all,347
2026-08-15_18-01-48-825386_distributedLock,distributedLock,burst-load,1786816973.825000,64.999614,backend_calls,all,359
2026-08-15_18-01-48-825386_distributedLock,distributedLock,burst-load,1786816974.825000,65.999614,backend_calls,all,370
2026-08-15_18-01-48-825386_distributedLock,distributedLock,burst-load,1786816975.825000,66.999614,backend_calls,all,378
2026-08-15_18-01-48-825386_distributedLock,distributedLock,burst-load,1786816976.825000,67.999614,backend_calls,all,388
2026-08-15_18-01-48-825386_distributedLock,distributedLock,burst-load,1786816977.825000,68.999614,backend_calls,all,391
2026-08-15_18-01-48-825386_distributedLock,distributedLock,burst-load,1786816978.825000,69.999614,backend_calls,all,398
2026-08-15_18-01-48-825386_distributedLock,distributedLock,burst-load,1786816979.825000,70.999614,backend_calls,all,404
2026-08-15_18-01-48-825386_distributedLock,distributedLock,burst-load,1786816980.825000,71.999614,backend_calls,all,407
2026-08-15_18-01-48-825386_distributedLock,distributedLock,burst-load,1786816981.825000,72.999614,backend_calls,all,410
2026-08-15_18-01-48-825386_distributedLock,distributedLock,burst-load,1786816982.825000,73.999614,backend_calls,all,414
2026-08-15_18-01-48-825386_distributedLock,distributedLock,burst-load,1786816983.825000,74.999614,backend_calls,all,418
2026-08-15_18-01-48-825386_distributedLock,distributedLock,burst-load,1786816984.825000,75.999614,backend_calls,all,426
2026-08-15_18-01-48-825386_distributedLock,distributedLock,burst-load,1786816985.825000,76.999614,backend_calls,all,431
2026-08-15_18-01-48-825386_distributedLock,distributedLock,burst-load,1786816986.825000,77.999614,backend_calls,all,432
2026-08-15_18-01-48-825386_distributedLock,distributedLock,burst-load,1786816987.825000,78.999614,backend_calls,all,434
2026-08-15_18-01-48-825386_distributedLock,distributedLock,burst-load,1786816988.825000,79.999614,backend_calls,all,437
2026-08-15_18-01-48-825386_distributedLock,distributedLock,burst-load,1786816989.825000,80.999614,backend_calls,all,443
2026-08-15_18-01-48-825386_distributedLock,distributedLock,burst-load,1786816990.825000,81.999614,backend_calls,all,450
2026-08-15_18-01-48-825386_distributedLock,distributedLock,burst-load,1786816991.825000,82.999614,backend_calls,all,451
2026-08-15_18-01-48-825386_distributedLock,distributedLock,burst-load,1786816992.825000,83.999614,backend_calls,all,457
2026-08-15_18-01-48-825386_distributedLock,distributedLock,burst-load,1786816993.825000,84.999614,backend_calls,all,463
2026-08-15_18-01-48-825386_distributedLock,distributedLock,burst-load,1786816994.825000,85.999614,backend_calls,all,468
2026-08-15_18-01-48-825386_distributedLock,distributedLock,burst-load,1786816995.825000,86.999614,backend_calls,all,477
2026-08-15_18-01-48-825386_distributedLock,distributedLock,burst-load,1786816996.825000,87.999614,backend_calls,all,479
2026-08-15_18-01-48-825386_distributedLock,distributedLock,burst-load,1786816997.825000,88.999614,backend_calls,all,483
2026-08-15_18-01-48-825386_distributedLock,distributedLock,burst-load,1786816998.825000,89.999614,backend_calls,all,488
2026-08-15_18-01-48-825386_distributedLock,distributedLock,burst-load,1786816999.825000,90.999614,backend_calls,all,491
2026-08-15_18-01-48-825386_distributedLock,distributedLock,burst-load,1786817000.825000,91.999614,backend_calls,all,495
2026-08-15_18-01-48-825386_distributedLock,distributedLock,burst-load,1786817001.825000,92.999614,backend_calls,all,498
2026-08-15_18-01-48-825386_distributedLock,distributedLock,burst-load,1786817002.825000,93.999614,backend_calls,all,503
2026-08-15_18-01-48-825386_distributedLock,distributedLock,burst-load,1786817003.825000,94.999614,backend_calls,all,507
2026-08-15_18-01-48-825386_distributedLock,distributedLock,burst-load,1786817004.825000,95.999614,backend_calls,all,509
2026-08-15_18-01-48-825386_distributedLock,distributedLock,burst-load,1786817005.825000,96.999614,backend_calls,all,512
2026-08-15_18-01-48-825386_distributedLock,distributedLock,burst-load,1786817006.825000,97.999614,backend_calls,all,515
2026-08-15_18-01-48-825386_distributedLock,distributedLock,burst-load,1786817007.825000,98.999614,backend_calls,all,518
2026-08-15_18-01-48-825386_distributedLock,distributedLock,burst-load,1786817008.825000,99.999614,backend_calls,all,521
2026-08-15_18-01-48-825386_distributedLock,distributedLock,burst-load,1786817009.825000,100.999614,backend_calls,all,524
2026-08-15_18-01-48-825386_distributedLock,distributedLock,burst-load,1786817010.825000,101.999614,backend_calls,all,528
2026-08-15_18-01-48-825386_distributedLock,distributedLock,burst-load,1786817011.825000,102.999614,backend_calls,all,537
2026-08-15_18-01-48-825386_distributedLock,distributedLock,burst-load,1786817012.825000,103.999614,backend_calls,all,540
2026-08-15_18-01-48-825386_distributedLock,distributedLock,burst-load,1786817013.825000,104.999614,backend_calls,all,544
2026-08-15_18-01-48-825386_distributedLock,distributedLock,burst-load,1786817014.825000,105.999614,backend_calls,all,553
2026-08-15_18-01-48-825386_distributedLock,distributedLock,burst-load,1786817015.825000,106.999614,backend_calls,all,557
2026-08-15_18-01-48-825386_distributedLock,distributedLock,burst-load,1786817016.825000,107.999614,backend_calls,all,561
2026-08-15_18-01-48-825386_distributedLock,distributedLock,burst-load,1786817017.825000,108.999614,backend_calls,all,566
2026-08-15_18-01-48-825386_distributedLock,distributedLock,burst-load,1786817018.825000,109.999614,backend_calls,all,572
2026-08-15_18-01-48-825386_distributedLock,distributedLock,burst-load,1786817019.825000,110.999614,backend_calls,all,578
2026-08-15_18-01-48-825386_distributedLock,distributedLock,burst-load,1786817020.825000,111.999614,backend_calls,all,582
2026-08-15_18-01-48-825386_distributedLock,distributedLock,burst-load,1786817021.825000,112.999614,backend_calls,all,587
2026-08-15_18-01-48-825386_distributedLock,distributedLock,burst-load,1786817022.825000,113.999614,backend_calls,all,591
2026-08-15_18-01-48-825386_distributedLock,distributedLock,burst-load,1786817023.825000,114.999614,backend_calls,all,595
2026-08-15_18-01-48-825386_distributedLock,distributedLock,burst-load,1786817024.825000,115.999614,backend_calls,all,597
2026-08-15_18-01-48-825386_distributedLock,distributedLock,burst-load,1786817025.825000,116.999614,backend_calls,all,601
2026-08-15_18-01-48-825386_distributedLock,distributedLock,burst-load,1786817026.825000,117.999614,backend_calls,all,604
2026-08-15_18-01-48-825386_distributedLock,distributedLock,burst-load,1786817027.825000,118.999614,backend_calls,all,609
2026-08-15_18-01-48-825386_distributedLock,distributedLock,burst-load,1786817028.825000,119.999614,backend_calls,all,612
2026-08-15_18-01-48-825386_distributedLock,distributedLock,burst-load,1786817029.825000,120.999614,backend_calls,all,618
2026-08-15_18-01-48-825386_distributedLock,distributedLock,burst-load,1786817030.825000,121.999614,backend_calls,all,622
2026-08-15_18-01-48-825386_distributedLock,distributedLock,burst-load,1786816908.825000,-0.000386,cache_misses,all,0
2026-08-15_18-01-48-825386_distributedLock,distributedLock,burst-load,1786816909.825000,0.999614,cache_misses,all,6
2026-08-15_18-01-48-825386_distributedLock,distributedLock,burst-load,1786816910.825000,1.999614,cache_misses,all,22
2026-08-15_18-01-48-825386_distributedLock,distributedLock,burst-load,1786816911.825000,2.999614,cache_misses,all,32
2026-08-15_18-01-48-825386_distributedLock,distributedLock,burst-load,1786816912.825000,3.999614,cache_misses,all,39
2026-08-15_18-01-48-825386_distributedLock,distributedLock,burst-load,1786816913.825000,4.999614,cache_misses,all,46
2026-08-15_18-01-48-825386_distributedLock,distributedLock,burst-load,1786816914.825000,5.999614,cache_misses,all,55
2026-08-15_18-01-48-825386_distributedLock,distributedLock,burst-load,1786816915.825000,6.999614,cache_misses,all,58
2026-08-15_18-01-48-825386_distributedLock,distributedLock,burst-load,1786816916.825000,7.999614,cache_misses,all,62
2026-08-15_18-01-48-825386_distributedLock,distributedLock,burst-load,1786816917.825000,8.999614,cache_misses,all,65
2026-08-15_18-01-48-825386_distributedLock,distributedLock,burst-load,1786816918.825000,9.999614,cache_misses,all,68
2026-08-15_18-01-48-825386_distributedLock,distributedLock,burst-load,1786816919.825000,10.999614,cache_misses,all,69
2026-08-15_18-01-48-825386_distributedLock,distributedLock,burst-load,1786816920.825000,11.999614,cache_misses,all,72
2026-08-15_18-01-48-825386_distributedLock,distributedLock,burst-load,1786816921.825000,12.999614,cache_misses,all,75
2026-08-15_18-01-48-825386_distributedLock,distributedLock,burst-load,1786816922.825000,13.999614,cache_misses,all,77
2026-08-15_18-01-48-825386_distributedLock,distributedLock,burst-load,1786816923.825000,14.999614,cache_misses,all,78
2026-08-15_18-01-48-825386_distributedLock,distributedLock,burst-load,1786816924.825000,15.999614,cache_misses,all,80
2026-08-15_18-01-48-825386_distributedLock,distributedLock,burst-load,1786816925.825000,16.999614,cache_misses,all,85
2026-08-15_18-01-48-825386_distributedLock,distributedLock,burst-load,1786816926.825000,17.999614,cache_misses,all,94
2026-08-15_18-01-48-825386_distributedLock,distributedLock,burst-load,1786816927.825000,18.999614,cache_misses,all,99
2026-08-15_18-01-48-825386_distributedLock,distributedLock,burst-load,1786816928.825000,19.999614,cache_misses,all,105
2026-08-15_18-01-48-825386_distributedLock,distributedLock,burst-load,1786816929.825000,20.999614,cache_misses,all,111
2026-08-15_18-01-48-825386_distributedLock,distributedLock,burst-load,1786816930.825000,21.999614,cache_misses,all,114
2026-08-15_18-01-48-825386_distributedLock,distributedLock,burst-load,1786816931.825000,22.999614,cache_misses,all,119
2026-08-15_18-01-48-825386_distributedLock,distributedLock,burst-load,1786816932.825000,23.999614,cache_misses,all,124
2026-08-15_18-01-48-825386_distributedLock,distributedLock,burst-load,1786816933.825000,24.999614,cache_misses,all,129
2026-08-15_18-01-48-825386_distributedLock,distributedLock,burst-load,1786816934.825000,25.999614,cache_misses,all,133
2026-08-15_18-01-48-825386_distributedLock,distributedLock,burst-load,1786816935.825000,26.999614,cache_misses,all,137
2026-08-15_18-01-48-825386_distributedLock,distributedLock,burst-load,1786816936.825000,27.999614,cache_misses,all,141
2026-08-15_18-01-48-825386_distributedLock,distributedLock,burst-load,1786816937.825000,28.999614,cache_misses,all,145
2026-08-15_18-01-48-825386_distributedLock,distributedLock,burst-load,1786816938.825000,29.999614,cache_misses,all,147
2026-08-15_18-01-48-825386_distributedLock,distributedLock,burst-load,1786816939.825000,30.999614,cache_misses,all,151
2026-08-15_18-01-48-825386_distributedLock,distributedLock,burst-load,1786816940.825000,31.999614,cache_misses,all,179
2026-08-15_18-01-48-825386_distributedLock,distributedLock,burst-load,1786816941.825000,32.999614,cache_misses,all,209
2026-08-15_18-01-48-825386_distributedLock,distributedLock,burst-load,1786816942.825000,33.999614,cache_misses,all,224
2026-08-15_18-01-48-825386_distributedLock,distributedLock,burst-load,1786816943.825000,34.999614,cache_misses,all,236
2026-08-15_18-01-48-825386_distributedLock,distributedLock,burst-load,1786816944.825000,35.999614,cache_misses,all,242
2026-08-15_18-01-48-825386_distributedLock,distributedLock,burst-load,1786816945.825000,36.999614,cache_misses,all,246
2026-08-15_18-01-48-825386_distributedLock,distributedLock,burst-load,1786816946.825000,37.999614,cache_misses,all,254
2026-08-15_18-01-48-825386_distributedLock,distributedLock,burst-load,1786816947.825000,38.999614,cache_misses,all,262
2026-08-15_18-01-48-825386_distributedLock,distributedLock,burst-load,1786816948.825000,39.999614,cache_misses,all,266
2026-08-15_18-01-48-825386_distributedLock,distributedLock,burst-load,1786816949.825000,40.999614,cache_misses,all,270
2026-08-15_18-01-48-825386_distributedLock,distributedLock,burst-load,1786816950.825000,41.999614,cache_misses,all,276
2026-08-15_18-01-48-825386_distributedLock,distributedLock,burst-load,1786816951.825000,42.999614,cache_misses,all,281
2026-08-15_18-01-48-825386_distributedLock,distributedLock,burst-load,1786816952.825000,43.999614,cache_misses,all,288
2026-08-15_18-01-48-825386_distributedLock,distributedLock,burst-load,1786816953.825000,44.999614,cache_misses,all,290
2026-08-15_18-01-48-825386_distributedLock,distributedLock,burst-load,1786816954.825000,45.999614,cache_misses,all,293
2026-08-15_18-01-48-825386_distributedLock,distributedLock,burst-load,1786816955.825000,46.999614,cache_misses,all,305
2026-08-15_18-01-48-825386_distributedLock,distributedLock,burst-load,1786816956.825000,47.999614,cache_misses,all,320
2026-08-15_18-01-48-825386_distributedLock,distributedLock,burst-load,1786816957.825000,48.999614,cache_misses,all,343
2026-08-15_18-01-48-825386_distributedLock,distributedLock,burst-load,1786816958.825000,49.999614,cache_misses,all,351
2026-08-15_18-01-48-825386_distributedLock,distributedLock,burst-load,1786816959.825000,50.999614,cache_misses,all,366
2026-08-15_18-01-48-825386_distributedLock,distributedLock,burst-load,1786816960.825000,51.999614,cache_misses,all,379
2026-08-15_18-01-48-825386_distributedLock,distributedLock,burst-load,1786816961.825000,52.999614,cache_misses,all,384
2026-08-15_18-01-48-825386_distributedLock,distributedLock,burst-load,1786816962.825000,53.999614,cache_misses,all,392
2026-08-15_18-01-48-825386_distributedLock,distributedLock,burst-load,1786816963.825000,54.999614,cache_misses,all,399
2026-08-15_18-01-48-825386_distributedLock,distributedLock,burst-load,1786816964.825000,55.999614,cache_misses,all,407
2026-08-15_18-01-48-825386_distributedLock,distributedLock,burst-load,1786816965.825000,56.999614,cache_misses,all,411
2026-08-15_18-01-48-825386_distributedLock,distributedLock,burst-load,1786816966.825000,57.999614,cache_misses,all,415
2026-08-15_18-01-48-825386_distributedLock,distributedLock,burst-load,1786816967.825000,58.999614,cache_misses,all,418
2026-08-15_18-01-48-825386_distributedLock,distributedLock,burst-load,1786816968.825000,59.999614,cache_misses,all,427
2026-08-15_18-01-48-825386_distributedLock,distributedLock,burst-load,1786816969.825000,60.999614,cache_misses,all,428
2026-08-15_18-01-48-825386_distributedLock,distributedLock,burst-load,1786816970.825000,61.999614,cache_misses,all,436
2026-08-15_18-01-48-825386_distributedLock,distributedLock,burst-load,1786816971.825000,62.999614,cache_misses,all,447
2026-08-15_18-01-48-825386_distributedLock,distributedLock,burst-load,1786816972.825000,63.999614,cache_misses,all,464
2026-08-15_18-01-48-825386_distributedLock,distributedLock,burst-load,1786816973.825000,64.999614,cache_misses,all,484
2026-08-15_18-01-48-825386_distributedLock,distributedLock,burst-load,1786816974.825000,65.999614,cache_misses,all,498
2026-08-15_18-01-48-825386_distributedLock,distributedLock,burst-load,1786816975.825000,66.999614,cache_misses,all,507
2026-08-15_18-01-48-825386_distributedLock,distributedLock,burst-load,1786816976.825000,67.999614,cache_misses,all,514
2026-08-15_18-01-48-825386_distributedLock,distributedLock,burst-load,1786816977.825000,68.999614,cache_misses,all,522
2026-08-15_18-01-48-825386_distributedLock,distributedLock,burst-load,1786816978.825000,69.999614,cache_misses,all,526
2026-08-15_18-01-48-825386_distributedLock,distributedLock,burst-load,1786816979.825000,70.999614,cache_misses,all,533
2026-08-15_18-01-48-825386_distributedLock,distributedLock,burst-load,1786816980.825000,71.999614,cache_misses,all,535
2026-08-15_18-01-48-825386_distributedLock,distributedLock,burst-load,1786816981.825000,72.999614,cache_misses,all,540
2026-08-15_18-01-48-825386_distributedLock,distributedLock,burst-load,1786816982.825000,73.999614,cache_misses,all,544
2026-08-15_18-01-48-825386_distributedLock,distributedLock,burst-load,1786816983.825000,74.999614,cache_misses,all,549
2026-08-15_18-01-48-825386_distributedLock,distributedLock,burst-load,1786816984.825000,75.999614,cache_misses,all,564
2026-08-15_18-01-48-825386_distributedLock,distributedLock,burst-load,1786816985.825000,76.999614,cache_misses,all,566
2026-08-15_18-01-48-825386_distributedLock,distributedLock,burst-load,1786816986.825000,77.999614,cache_misses,all,571
2026-08-15_18-01-48-825386_distributedLock,distributedLock,burst-load,1786816987.825000,78.999614,cache_misses,all,573
2026-08-15_18-01-48-825386_distributedLock,distributedLock,burst-load,1786816988.825000,79.999614,cache_misses,all,579
2026-08-15_18-01-48-825386_distributedLock,distributedLock,burst-load,1786816989.825000,80.999614,cache_misses,all,585
2026-08-15_18-01-48-825386_distributedLock,distributedLock,burst-load,1786816990.825000,81.999614,cache_misses,all,588
2026-08-15_18-01-48-825386_distributedLock,distributedLock,burst-load,1786816991.825000,82.999614,cache_misses,all,593
2026-08-15_18-01-48-825386_distributedLock,distributedLock,burst-load,1786816992.825000,83.999614,cache_misses,all,599
2026-08-15_18-01-48-825386_distributedLock,distributedLock,burst-load,1786816993.825000,84.999614,cache_misses,all,604
2026-08-15_18-01-48-825386_distributedLock,distributedLock,burst-load,1786816994.825000,85.999614,cache_misses,all,614
2026-08-15_18-01-48-825386_distributedLock,distributedLock,burst-load,1786816995.825000,86.999614,cache_misses,all,617
2026-08-15_18-01-48-825386_distributedLock,distributedLock,burst-load,1786816996.825000,87.999614,cache_misses,all,619
2026-08-15_18-01-48-825386_distributedLock,distributedLock,burst-load,1786816997.825000,88.999614,cache_misses,all,622
2026-08-15_18-01-48-825386_distributedLock,distributedLock,burst-load,1786816998.825000,89.999614,cache_misses,all,627
2026-08-15_18-01-48-825386_distributedLock,distributedLock,burst-load,1786816999.825000,90.999614,cache_misses,all,632
2026-08-15_18-01-48-825386_distributedLock,distributedLock,burst-load,1786817000.825000,91.999614,cache_misses,all,636
2026-08-15_18-01-48-825386_distributedLock,distributedLock,burst-load,1786817001.825000,92.999614,cache_misses,all,639
2026-08-15_18-01-48-825386_distributedLock,distributedLock,burst-load,1786817002.825000,93.999614,cache_misses,all,644
2026-08-15_18-01-48-825386_distributedLock,distributedLock,burst-load,1786817003.825000,94.999614,cache_misses,all,647
2026-08-15_18-01-48-825386_distributedLock,distributedLock,burst-load,1786817004.825000,95.999614,cache_misses,all,649
2026-08-15_18-01-48-825386_distributedLock,distributedLock,burst-load,1786817005.825000,96.999614,cache_misses,all,652
2026-08-15_18-01-48-825386_distributedLock,distributedLock,burst-load,1786817006.825000,97.999614,cache_misses,all,656
2026-08-15_18-01-48-825386_distributedLock,distributedLock,burst-load,1786817007.825000,98.999614,cache_misses,all,659
2026-08-15_18-01-48-825386_distributedLock,distributedLock,burst-load,1786817008.825000,99.999614,cache_misses,all,663
2026-08-15_18-01-48-825386_distributedLock,distributedLock,burst-load,1786817009.825000,100.999614,cache_misses,all,667
2026-08-15_18-01-48-825386_distributedLock,distributedLock,burst-load,1786817010.825000,101.999614,cache_misses,all,674
2026-08-15_18-01-48-825386_distributedLock,distributedLock,burst-load,1786817011.825000,102.999614,cache_misses,all,677
2026-08-15_18-01-48-825386_distributedLock,distributedLock,burst-load,1786817012.825000,103.999614,cache_misses,all,682
2026-08-15_18-01-48-825386_distributedLock,distributedLock,burst-load,1786817013.825000,104.999614,cache_misses,all,691
2026-08-15_18-01-48-825386_distributedLock,distributedLock,burst-load,1786817014.825000,105.999614,cache_misses,all,695
2026-08-15_18-01-48-825386_distributedLock,distributedLock,burst-load,1786817015.825000,106.999614,cache_misses,all,700
2026-08-15_18-01-48-825386_distributedLock,distributedLock,burst-load,1786817016.825000,107.999614,cache_misses,all,707
2026-08-15_18-01-48-825386_distributedLock,distributedLock,burst-load,1786817017.825000,108.999614,cache_misses,all,712
2026-08-15_18-01-48-825386_distributedLock,distributedLock,burst-load,1786817018.825000,109.999614,cache_misses,all,716
2026-08-15_18-01-48-825386_distributedLock,distributedLock,burst-load,1786817019.825000,110.999614,cache_misses,all,723
2026-08-15_18-01-48-825386_distributedLock,distributedLock,burst-load,1786817020.825000,111.999614,cache_misses,all,728
2026-08-15_18-01-48-825386_distributedLock,distributedLock,burst-load,1786817021.825000,112.999614,cache_misses,all,733
2026-08-15_18-01-48-825386_distributedLock,distributedLock,burst-load,1786817022.825000,113.999614,cache_misses,all,736
2026-08-15_18-01-48-825386_distributedLock,distributedLock,burst-load,1786817023.825000,114.999614,cache_misses,all,737
2026-08-15_18-01-48-825386_distributedLock,distributedLock,burst-load,1786817024.825000,115.999614,cache_misses,all,742
2026-08-15_18-01-48-825386_distributedLock,distributedLock,burst-load,1786817025.825000,116.999614,cache_misses,all,746
2026-08-15_18-01-48-825386_distributedLock,distributedLock,burst-load,1786817026.825000,117.999614,cache_misses,all,751
2026-08-15_18-01-48-825386_distributedLock,distributedLock,burst-load,1786817027.825000,118.999614,cache_misses,all,755
2026-08-15_18-01-48-825386_distributedLock,distributedLock,burst-load,1786817028.825000,119.999614,cache_misses,all,759
2026-08-15_18-01-48-825386_distributedLock,distributedLock,burst-load,1786817029.825000,120.999614,cache_misses,all,763
2026-08-15_18-01-48-825386_distributedLock,distributedLock,burst-load,1786817030.825000,121.999614,cache_misses,all,768
2026-08-15_18-01-48-825386_distributedLock,distributedLock,burst-load,1786816908.825000,-0.000386,backend_throughput,all,0
2026-08-15_18-01-48-825386_distributedLock,distributedLock,burst-load,1786816909.825000,0.999614,backend_throughput,all,0
2026-08-15_18-01-48-825386_distributedLock,distributedLock,burst-load,1786816910.825000,1.999614,backend_throughput,all,1.3281475719524392
2026-08-15_18-01-48-825386_distributedLock,distributedLock,burst-load,1786816911.825000,2.999614,backend_throughput,all,2.6562951439048783
2026-08-15_18-01-48-825386_distributedLock,distributedLock,burst-load,1786816912.825000,3.999614,backend_throughput,all,3.7630847871985775
2026-08-15_18-01-48-825386_distributedLock,distributedLock,burst-load,1786816913.825000,4.999614,backend_throughput,all,4.537837537504167
2026-08-15_18-01-48-825386_distributedLock,distributedLock,burst-load,1786816914.825000,5.999614,backend_throughput,all,5.091232359151016
2026-08-15_18-01-48-825386_distributedLock,distributedLock,burst-load,1786816915.825000,6.999614,backend_throughput,all,5.755945765725716
2026-08-15_18-01-48-825386_distributedLock,distributedLock,burst-load,1786816916.825000,7.999614,backend_throughput,all,6.1980220024447155
2026-08-15_18-01-48-825386_distributedLock,distributedLock,burst-load,1786816917.825000,8.999614,backend_throughput,all,6.751344444444445
2026-08-15_18-01-48-825386_distributedLock,distributedLock,burst-load,1786816918.825000,9.999614,backend_throughput,all,7.083377777777779
2026-08-15_18-01-48-825386_distributedLock,distributedLock,burst-load,1786816919.825000,10.999614,backend_throughput,all,5.888888888888889
2026-08-15_18-01-48-825386_distributedLock,distributedLock,burst-load,1786816920.825000,11.999614,backend_throughput,all,4.777777777777778
2026-08-15_18-01-48-825386_distributedLock,distributedLock,burst-load,1786816921.825000,12.999614,backend_throughput,all,3.8888888888888893
2026-08-15_18-01-48-825386_distributedLock,distributedLock,burst-load,1786816922.825000,13.999614,backend_throughput,all,3.5559506611845757
2026-08-15_18-01-48-825386_distributedLock,distributedLock,burst-load,1786816923.825000,14.999614,backend_throughput,all,3.111111111111111
2026-08-15_18-01-48-825386_distributedLock,distributedLock,burst-load,1786816924.825000,15.999614,backend_throughput,all,2.5552716364848354
2026-08-15_18-01-48-825386_distributedLock,distributedLock,burst-load,1786816925.825000,16.999614,backend_throughput,all,2.3333333333333335
2026-08-15_18-01-48-825386_distributedLock,distributedLock,burst-load,1786816926.825000,17.999614,backend_throughput,all,2.3333333333333335
2026-08-15_18-01-48-825386_distributedLock,distributedLock,burst-load,1786816927.825000,18.999614,backend_throughput,all,2.777777777777778
2026-08-15_18-01-48-825386_distributedLock,distributedLock,burst-load,1786816928.825000,19.999614,backend_throughput,all,2.8888888888888893
2026-08-15_18-01-48-825386_distributedLock,distributedLock,burst-load,1786816929.825000,20.999614,backend_throughput,all,3.4444444444444446
2026-08-15_18-01-48-825386_distributedLock,distributedLock,burst-load,1786816930.825000,21.999614,backend_throughput,all,3.666666666666667
2026-08-15_18-01-48-825386_distributedLock,distributedLock,burst-load,1786816931.825000,22.999614,backend_throughput,all,3.6662593045217204
2026-08-15_18-01-48-825386_distributedLock,distributedLock,burst-load,1786816932.825000,23.999614,backend_throughput,all,4.222222222222222
2026-08-15_18-01-48-825386_distributedLock,distributedLock,burst-load,1786816933.825000,24.999614,backend_throughput,all,4.777777777777778
2026-08-15_18-01-48-825386_distributedLock,distributedLock,burst-load,1786816934.825000,25.999614,backend_throughput,all,4.888888888888889
2026-08-15_18-01-48-825386_distributedLock,distributedLock,burst-load,1786816935.825000,26.999614,backend_throughput,all,4.888888888888889
2026-08-15_18-01-48-825386_distributedLock,distributedLock,burst-load,1786816936.825000,27.999614,backend_throughput,all,4.333333333333334
2026-08-15_18-01-48-825386_distributedLock,distributedLock,burst-load,1786816937.825000,28.999614,backend_throughput,all,4.444938326480719
2026-08-15_18-01-48-825386_distributedLock,distributedLock,burst-load,1786816938.825000,29.999614,backend_throughput,all,4.112024894420982
2026-08-15_18-01-48-825386_distributedLock,distributedLock,burst-load,1786816939.825000,30.999614,backend_throughput,all,3.88932103567063
2026-08-15_18-01-48-825386_distributedLock,distributedLock,burst-load,1786816940.825000,31.999614,backend_throughput,all,4.445432318292953
2026-08-15_18-01-48-825386_distributedLock,distributedLock,burst-load,1786816941.825000,32.999614,backend_throughput,all,5.890197821738163
2026-08-15_18-01-48-825386_distributedLock,distributedLock,burst-load,1786816942.825000,33.999614,backend_throughput,all,6.5570126694821065
2026-08-15_18-01-48-825386_distributedLock,distributedLock,burst-load,1786816943.825000,34.999614,backend_throughput,all,6.779284285396754
2026-08-15_18-01-48-825386_distributedLock,distributedLock,burst-load,1786816944.825000,35.999614,backend_throughput,all,7.334963325183373
2026-08-15_18-01-48-825386_distributedLock,distributedLock,burst-load,1786816945.825000,36.999614,backend_throughput,all,7.557234941098021
2026-08-15_18-01-48-825386_distributedLock,distributedLock,burst-load,1786816946.825000,37.999614,backend_throughput,all,7.888888888888889
2026-08-15_18-01-48-825386_distributedLock,distributedLock,burst-load,1786816947.825000,38.999614,backend_throughput,all,7.999111209865571
2026-08-15_18-01-48-825386_distributedLock,distributedLock,burst-load,1786816948.825000,39.999614,backend_throughput,all,8.333333333333334
2026-08-15_18-01-48-825386_distributedLock,distributedLock,burst-load,1786816949.825000,40.999614,backend_throughput,all,7.665814909454506
2026-08-15_18-01-48-825386_distributedLock,distributedLock,burst-load,1786816950.825000,41.999614,backend_throughput,all,6
2026-08-15_18-01-48-825386_distributedLock,distributedLock,burst-load,1786816951.825000,42.999614,backend_throughput,all,5.111111111111112
2026-08-15_18-01-48-825386_distributedLock,distributedLock,burst-load,1786816952.825000,43.999614,backend_throughput,all,5.111111111111112
2026-08-15_18-01-48-825386_distributedLock,distributedLock,burst-load,1786816953.825000,44.999614,backend_throughput,all,4.444444444444445
2026-08-15_18-01-48-825386_distributedLock,distributedLock,burst-load,1786816954.825000,45.999614,backend_throughput,all,4.222222222222222
2026-08-15_18-01-48-825386_distributedLock,distributedLock,burst-load,1786816955.825000,46.999614,backend_throughput,all,3.667074119346594
2026-08-15_18-01-48-825386_distributedLock,distributedLock,burst-load,1786816956.825000,47.999614,backend_throughput,all,4.444938326480719
2026-08-15_18-01-48-825386_distributedLock,distributedLock,burst-load,1786816957.825000,48.999614,backend_throughput,all,5.333925991776864
2026-08-15_18-01-48-825386_distributedLock,distributedLock,burst-load,1786816958.825000,49.999614,backend_throughput,all,6.222913657073008
2026-08-15_18-01-48-825386_distributedLock,distributedLock,burst-load,1786816959.825000,50.999614,backend_throughput,all,6.666666666666667
2026-08-15_18-01-48-825386_distributedLock,distributedLock,burst-load,1786816960.825000,51.999614,backend_throughput,all,7.221419842239752
2026-08-15_18-01-48-825386_distributedLock,distributedLock,burst-load,1786816961.825000,52.999614,backend_throughput,all,7.555555555555556
2026-08-15_18-01-48-825386_distributedLock,distributedLock,burst-load,1786816962.825000,53.999614,backend_throughput,all,7.665814909454506
2026-08-15_18-01-48-825386_distributedLock,distributedLock,burst-load,1786816963.825000,54.999614,backend_throughput,all,7.888012443061883
2026-08-15_18-01-48-825386_distributedLock,distributedLock,burst-load,1786816964.825000,55.999614,backend_throughput,all,8.444444444444445
2026-08-15_18-01-48-825386_distributedLock,distributedLock,burst-load,1786816965.825000,56.999614,backend_throughput,all,7.555555555555556
2026-08-15_18-01-48-825386_distributedLock,distributedLock,burst-load,1786816966.825000,57.999614,backend_throughput,all,6.554827241417621
2026-08-15_18-01-48-825386_distributedLock,distributedLock,burst-load,1786816967.825000,58.999614,backend_throughput,all,5.777777777777779
2026-08-15_18-01-48-825386_distributedLock,distributedLock,burst-load,1786816968.825000,59.999614,backend_throughput,all,5.00055561729081
2026-08-15_18-01-48-825386_distributedLock,distributedLock,burst-load,1786816969.825000,60.999614,backend_throughput,all,4.778839742164926
2026-08-15_18-01-48-825386_distributedLock,distributedLock,burst-load,1786816970.825000,61.999614,backend_throughput,all,4.111567951994666
2026-08-15_18-01-48-825386_distributedLock,distributedLock,burst-load,1786816971.825000,62.999614,backend_throughput,all,4.1120248944209825
2026-08-15_18-01-48-825386_distributedLock,distributedLock,burst-load,1786816972.825000,63.999614,backend_throughput,all,4.667703934207601
2026-08-15_18-01-48-825386_distributedLock,distributedLock,burst-load,1786816973.825000,64.999614,backend_throughput,all,5.333925991776864
2026-08-15_18-01-48-825386_distributedLock,distributedLock,burst-load,1786816974.825000,65.999614,backend_throughput,all,6.11179019891099
2026-08-15_18-01-48-825386_distributedLock,distributedLock,burst-load,1786816975.825000,66.999614,backend_throughput,all,6.557012669482107
2026-08-15_18-01-48-825386_distributedLock,distributedLock,burst-load,1786816976.825000,67.999614,backend_throughput,all,7.22382751722605
2026-08-15_18-01-48-825386_distributedLock,distributedLock,burst-load,1786816977.825000,68.999614,backend_throughput,all,7.444444444444445
2026-08-15_18-01-48-825386_distributedLock,distributedLock,burst-load,1786816978.825000,69.999614,backend_throughput,all,7.444444444444445
2026-08-15_18-01-48-825386_distributedLock,distributedLock,burst-load,1786816979.825000,70.999614,backend_throughput,all,7.888888888888889
2026-08-15_18-01-48-825386_distributedLock,distributedLock,burst-load,1786816980.825000,71.999614,backend_throughput,all,7.666666666666667
2026-08-15_18-01-48-825386_distributedLock,distributedLock,burst-load,1786816981.825000,72.999614,backend_throughput,all,7.000000000000001
2026-08-15_18-01-48-825386_distributedLock,distributedLock,burst-load,1786816982.825000,73.999614,backend_throughput,all,6.111111111111112
2026-08-15_18-01-48-825386_distributedLock,distributedLock,burst-load,1786816983.825000,74.999614,backend_throughput,all,5.333333333333334
2026-08-15_18-01-48-825386_distributedLock,distributedLock,burst-load,1786816984.825000,75.999614,backend_throughput,all,5.333333333333334
2026-08-15_18-01-48-825386_distributedLock,distributedLock,burst-load,1786816985.825000,76.999614,backend_throughput,all,4.777777777777778
2026-08-15_18-01-48-825386_distributedLock,distributedLock,burst-load,1786816986.825000,77.999614,backend_throughput,all,4.555555555555556
2026-08-15_18-01-48-825386_distributedLock,distributedLock,burst-load,1786816987.825000,78.999614,backend_throughput,all,4.0004444938326476
2026-08-15_18-01-48-825386_distributedLock,distributedLock,burst-load,1786816988.825000,79.999614,backend_throughput,all,3.666666666666667
2026-08-15_18-01-48-825386_distributedLock,distributedLock,burst-load,1786816989.825000,80.999614,backend_throughput,all,4.0004444938326476
2026-08-15_18-01-48-825386_distributedLock,distributedLock,burst-load,1786816990.825000,81.999614,backend_throughput,all,4.444938326480719
2026-08-15_18-01-48-825386_distributedLock,distributedLock,burst-load,1786816991.825000,82.999614,backend_throughput,all,4.111111111111112
2026-08-15_18-01-48-825386_distributedLock,distributedLock,burst-load,1786816992.825000,83.999614,backend_throughput,all,4.333333333333334
2026-08-15_18-01-48-825386_distributedLock,distributedLock,burst-load,1786816993.825000,84.999614,backend_throughput,all,4.111111111111112
2026-08-15_18-01-48-825386_distributedLock,distributedLock,burst-load,1786816994.825000,85.999614,backend_throughput,all,4.110654371736474
2026-08-15_18-01-48-825386_distributedLock,distributedLock,burst-load,1786816995.825000,86.999614,backend_throughput,all,5
2026-08-15_18-01-48-825386_distributedLock,distributedLock,burst-load,1786816996.825000,87.999614,backend_throughput,all,4.9994445061659825
2026-08-15_18-01-48-825386_distributedLock,distributedLock,burst-load,1786816997.825000,88.999614,backend_throughput,all,5.111111111111112
2026-08-15_18-01-48-825386_distributedLock,distributedLock,burst-load,1786816998.825000,89.999614,backend_throughput,all,5
2026-08-15_18-01-48-825386_distributedLock,distributedLock,burst-load,1786816999.825000,90.999614,backend_throughput,all,4.556061784642738
2026-08-15_18-01-48-825386_distributedLock,distributedLock,burst-load,1786817000.825000,91.999614,backend_throughput,all,4.889975550122249
2026-08-15_18-01-48-825386_distributedLock,distributedLock,burst-load,1786817001.825000,92.999614,backend_throughput,all,4.556061784642738
2026-08-15_18-01-48-825386_distributedLock,distributedLock,burst-load,1786817002.825000,93.999614,backend_throughput,all,4.444938326480719
2026-08-15_18-01-48-825386_distributedLock,distributedLock,burst-load,1786817003.825000,94.999614,backend_throughput,all,4.33429651033563
2026-08-15_18-01-48-825386_distributedLock,distributedLock,burst-load,1786817004.825000,95.999614,backend_throughput,all,3.5559506611845757
2026-08-15_18-01-48-825386_distributedLock,distributedLock,burst-load,1786817005.825000,96.999614,backend_throughput,all,3.6674816625916864
2026-08-15_18-01-48-825386_distributedLock,distributedLock,burst-load,1786817006.825000,97.999614,backend_throughput,all,3.5559506611845757
2026-08-15_18-01-48-825386_distributedLock,distributedLock,burst-load,1786817007.825000,98.999614,backend_throughput,all,3.3337037448605398
2026-08-15_18-01-48-825386_distributedLock,distributedLock,burst-load,1786817008.825000,99.999614,backend_throughput,all,3.3333333333333335
2026-08-15_18-01-48-825386_distributedLock,distributedLock,burst-load,1786817009.825000,100.999614,backend_throughput,all,3.2222222222222223
2026-08-15_18-01-48-825386_distributedLock,distributedLock,burst-load,1786817010.825000,101.999614,backend_throughput,all,3.3337037448605398
2026-08-15_18-01-48-825386_distributedLock,distributedLock,burst-load,1786817011.825000,102.999614,backend_throughput,all,3.7781975775086116
2026-08-15_18-01-48-825386_distributedLock,distributedLock,burst-load,1786817012.825000,103.999614,backend_throughput,all,3.666666666666667
2026-08-15_18-01-48-825386_distributedLock,distributedLock,burst-load,1786817013.825000,104.999614,backend_throughput,all,3.8888888888888893
2026-08-15_18-01-48-825386_distributedLock,distributedLock,burst-load,1786817014.825000,105.999614,backend_throughput,all,4.555555555555556
2026-08-15_18-01-48-825386_distributedLock,distributedLock,burst-load,1786817015.825000,106.999614,backend_throughput,all,4.667185242804756
2026-08-15_18-01-48-825386_distributedLock,distributedLock,burst-load,1786817016.825000,107.999614,backend_throughput,all,4.777246972558605
2026-08-15_18-01-48-825386_distributedLock,distributedLock,burst-load,1786817017.825000,108.999614,backend_throughput,all,4.9994445061659825
2026-08-15_18-01-48-825386_distributedLock,distributedLock,burst-load,1786817018.825000,109.999614,backend_throughput,all,5.332740806577048
2026-08-15_18-01-48-825386_distributedLock,distributedLock,burst-load,1786817019.825000,110.999614,backend_throughput,all,5.554938340184425
2026-08-15_18-01-48-825386_distributedLock,distributedLock,burst-load,1786817020.825000,111.999614,backend_throughput,all,5
2026-08-15_18-01-48-825386_distributedLock,distributedLock,burst-load,1786817021.825000,112.999614,backend_throughput,all,5.222222222222222
2026-08-15_18-01-48-825386_distributedLock,distributedLock,burst-load,1786817022.825000,113.999614,backend_throughput,all,5.222222222222222
2026-08-15_18-01-48-825386_distributedLock,distributedLock,burst-load,1786817023.825000,114.999614,backend_throughput,all,4.666666666666667
2026-08-15_18-01-48-825386_distributedLock,distributedLock,burst-load,1786817024.825000,115.999614,backend_throughput,all,4.444444444444445
2026-08-15_18-01-48-825386_distributedLock,distributedLock,burst-load,1786817025.825000,116.999614,backend_throughput,all,4.444938326480719
2026-08-15_18-01-48-825386_distributedLock,distributedLock,burst-load,1786817026.825000,117.999614,backend_throughput,all,4.222222222222222
2026-08-15_18-01-48-825386_distributedLock,distributedLock,burst-load,1786817027.825000,118.999614,backend_throughput,all,4.111567951994665
2026-08-15_18-01-48-825386_distributedLock,distributedLock,burst-load,1786817028.825000,119.999614,backend_throughput,all,3.778617470549011
2026-08-15_18-01-48-825386_distributedLock,distributedLock,burst-load,1786817029.825000,120.999614,backend_throughput,all,4.000444493832648
2026-08-15_18-01-48-825386_distributedLock,distributedLock,burst-load,1786817030.825000,121.999614,backend_throughput,all,3.8893210356706303
2026-08-15_18-01-48-825386_distributedLock,distributedLock,burst-load,1786816908.825000,-0.000386,active_backend_requests,all,0
2026-08-15_18-01-48-825386_distributedLock,distributedLock,burst-load,1786816909.825000,0.999614,active_backend_requests,all,0
2026-08-15_18-01-48-825386_distributedLock,distributedLock,burst-load,1786816910.825000,1.999614,active_backend_requests,all,5
2026-08-15_18-01-48-825386_distributedLock,distributedLock,burst-load,1786816911.825000,2.999614,active_backend_requests,all,2
2026-08-15_18-01-48-825386_distributedLock,distributedLock,burst-load,1786816912.825000,3.999614,active_backend_requests,all,1
2026-08-15_18-01-48-825386_distributedLock,distributedLock,burst-load,1786816913.825000,4.999614,active_backend_requests,all,2
2026-08-15_18-01-48-825386_distributedLock,distributedLock,burst-load,1786816914.825000,5.999614,active_backend_requests,all,2
2026-08-15_18-01-48-825386_distributedLock,distributedLock,burst-load,1786816915.825000,6.999614,active_backend_requests,all,0
2026-08-15_18-01-48-825386_distributedLock,distributedLock,burst-load,1786816916.825000,7.999614,active_backend_requests,all,1
2026-08-15_18-01-48-825386_distributedLock,distributedLock,burst-load,1786816917.825000,8.999614,active_backend_requests,all,1
2026-08-15_18-01-48-825386_distributedLock,distributedLock,burst-load,1786816918.825000,9.999614,active_backend_requests,all,0
2026-08-15_18-01-48-825386_distributedLock,distributedLock,burst-load,1786816919.825000,10.999614,active_backend_requests,all,0
2026-08-15_18-01-48-825386_distributedLock,distributedLock,burst-load,1786816920.825000,11.999614,active_backend_requests,all,1
2026-08-15_18-01-48-825386_distributedLock,distributedLock,burst-load,1786816921.825000,12.999614,active_backend_requests,all,0
2026-08-15_18-01-48-825386_distributedLock,distributedLock,burst-load,1786816922.825000,13.999614,active_backend_requests,all,0
2026-08-15_18-01-48-825386_distributedLock,distributedLock,burst-load,1786816923.825000,14.999614,active_backend_requests,all,0
2026-08-15_18-01-48-825386_distributedLock,distributedLock,burst-load,1786816924.825000,15.999614,active_backend_requests,all,1
2026-08-15_18-01-48-825386_distributedLock,distributedLock,burst-load,1786816925.825000,16.999614,active_backend_requests,all,1
2026-08-15_18-01-48-825386_distributedLock,distributedLock,burst-load,1786816926.825000,17.999614,active_backend_requests,all,3
2026-08-15_18-01-48-825386_distributedLock,distributedLock,burst-load,1786816927.825000,18.999614,active_backend_requests,all,2
2026-08-15_18-01-48-825386_distributedLock,distributedLock,burst-load,1786816928.825000,19.999614,active_backend_requests,all,0
2026-08-15_18-01-48-825386_distributedLock,distributedLock,burst-load,1786816929.825000,20.999614,active_backend_requests,all,1
2026-08-15_18-01-48-825386_distributedLock,distributedLock,burst-load,1786816930.825000,21.999614,active_backend_requests,all,0
2026-08-15_18-01-48-825386_distributedLock,distributedLock,burst-load,1786816931.825000,22.999614,active_backend_requests,all,1
2026-08-15_18-01-48-825386_distributedLock,distributedLock,burst-load,1786816932.825000,23.999614,active_backend_requests,all,1
2026-08-15_18-01-48-825386_distributedLock,distributedLock,burst-load,1786816933.825000,24.999614,active_backend_requests,all,1
2026-08-15_18-01-48-825386_distributedLock,distributedLock,burst-load,1786816934.825000,25.999614,active_backend_requests,all,0
2026-08-15_18-01-48-825386_distributedLock,distributedLock,burst-load,1786816935.825000,26.999614,active_backend_requests,all,2
2026-08-15_18-01-48-825386_distributedLock,distributedLock,burst-load,1786816936.825000,27.999614,active_backend_requests,all,0
2026-08-15_18-01-48-825386_distributedLock,distributedLock,burst-load,1786816937.825000,28.999614,active_backend_requests,all,1
2026-08-15_18-01-48-825386_distributedLock,distributedLock,burst-load,1786816938.825000,29.999614,active_backend_requests,all,1
2026-08-15_18-01-48-825386_distributedLock,distributedLock,burst-load,1786816939.825000,30.999614,active_backend_requests,all,1
2026-08-15_18-01-48-825386_distributedLock,distributedLock,burst-load,1786816940.825000,31.999614,active_backend_requests,all,6
2026-08-15_18-01-48-825386_distributedLock,distributedLock,burst-load,1786816941.825000,32.999614,active_backend_requests,all,6
2026-08-15_18-01-48-825386_distributedLock,distributedLock,burst-load,1786816942.825000,33.999614,active_backend_requests,all,3
2026-08-15_18-01-48-825386_distributedLock,distributedLock,burst-load,1786816943.825000,34.999614,active_backend_requests,all,1
2026-08-15_18-01-48-825386_distributedLock,distributedLock,burst-load,1786816944.825000,35.999614,active_backend_requests,all,1
2026-08-15_18-01-48-825386_distributedLock,distributedLock,burst-load,1786816945.825000,36.999614,active_backend_requests,all,2
2026-08-15_18-01-48-825386_distributedLock,distributedLock,burst-load,1786816946.825000,37.999614,active_backend_requests,all,4
2026-08-15_18-01-48-825386_distributedLock,distributedLock,burst-load,1786816947.825000,38.999614,active_backend_requests,all,1
2026-08-15_18-01-48-825386_distributedLock,distributedLock,burst-load,1786816948.825000,39.999614,active_backend_requests,all,1
2026-08-15_18-01-48-825386_distributedLock,distributedLock,burst-load,1786816949.825000,40.999614,active_backend_requests,all,0
2026-08-15_18-01-48-825386_distributedLock,distributedLock,burst-load,1786816950.825000,41.999614,active_backend_requests,all,1
2026-08-15_18-01-48-825386_distributedLock,distributedLock,burst-load,1786816951.825000,42.999614,active_backend_requests,all,0
2026-08-15_18-01-48-825386_distributedLock,distributedLock,burst-load,1786816952.825000,43.999614,active_backend_requests,all,1
2026-08-15_18-01-48-825386_distributedLock,distributedLock,burst-load,1786816953.825000,44.999614,active_backend_requests,all,1
2026-08-15_18-01-48-825386_distributedLock,distributedLock,burst-load,1786816954.825000,45.999614,active_backend_requests,all,0
2026-08-15_18-01-48-825386_distributedLock,distributedLock,burst-load,1786816955.825000,46.999614,active_backend_requests,all,0
2026-08-15_18-01-48-825386_distributedLock,distributedLock,burst-load,1786816956.825000,47.999614,active_backend_requests,all,3
2026-08-15_18-01-48-825386_distributedLock,distributedLock,burst-load,1786816957.825000,48.999614,active_backend_requests,all,6
2026-08-15_18-01-48-825386_distributedLock,distributedLock,burst-load,1786816958.825000,49.999614,active_backend_requests,all,2
2026-08-15_18-01-48-825386_distributedLock,distributedLock,burst-load,1786816959.825000,50.999614,active_backend_requests,all,2
2026-08-15_18-01-48-825386_distributedLock,distributedLock,burst-load,1786816960.825000,51.999614,active_backend_requests,all,1
2026-08-15_18-01-48-825386_distributedLock,distributedLock,burst-load,1786816961.825000,52.999614,active_backend_requests,all,0
2026-08-15_18-01-48-825386_distributedLock,distributedLock,burst-load,1786816962.825000,53.999614,active_backend_requests,all,2
2026-08-15_18-01-48-825386_distributedLock,distributedLock,burst-load,1786816963.825000,54.999614,active_backend_requests,all,0
2026-08-15_18-01-48-825386_distributedLock,distributedLock,burst-load,1786816964.825000,55.999614,active_backend_requests,all,2
2026-08-15_18-01-48-825386_distributedLock,distributedLock,burst-load,1786816965.825000,56.999614,active_backend_requests,all,0
2026-08-15_18-01-48-825386_distributedLock,distributedLock,burst-load,1786816966.825000,57.999614,active_backend_requests,all,1
2026-08-15_18-01-48-825386_distributedLock,distributedLock,burst-load,1786816967.825000,58.999614,active_backend_requests,all,1
2026-08-15_18-01-48-825386_distributedLock,distributedLock,burst-load,1786816968.825000,59.999614,active_backend_requests,all,0
2026-08-15_18-01-48-825386_distributedLock,distributedLock,burst-load,1786816969.825000,60.999614,active_backend_requests,all,1
2026-08-15_18-01-48-825386_distributedLock,distributedLock,burst-load,1786816970.825000,61.999614,active_backend_requests,all,1
2026-08-15_18-01-48-825386_distributedLock,distributedLock,burst-load,1786816971.825000,62.999614,active_backend_requests,all,3
2026-08-15_18-01-48-825386_distributedLock,distributedLock,burst-load,1786816972.825000,63.999614,active_backend_requests,all,3
2026-08-15_18-01-48-825386_distributedLock,distributedLock,burst-load,1786816973.825000,64.999614,active_backend_requests,all,3
2026-08-15_18-01-48-825386_distributedLock,distributedLock,burst-load,1786816974.825000,65.999614,active_backend_requests,all,4
2026-08-15_18-01-48-825386_distributedLock,distributedLock,burst-load,1786816975.825000,66.999614,active_backend_requests,all,1
2026-08-15_18-01-48-825386_distributedLock,distributedLock,burst-load,1786816976.825000,67.999614,active_backend_requests,all,2
2026-08-15_18-01-48-825386_distributedLock,distributedLock,burst-load,1786816977.825000,68.999614,active_backend_requests,all,0
2026-08-15_18-01-48-825386_distributedLock,distributedLock,burst-load,1786816978.825000,69.999614,active_backend_requests,all,1
2026-08-15_18-01-48-825386_distributedLock,distributedLock,burst-load,1786816979.825000,70.999614,active_backend_requests,all,2
2026-08-15_18-01-48-825386_distributedLock,distributedLock,burst-load,1786816980.825000,71.999614,active_backend_requests,all,0
2026-08-15_18-01-48-825386_distributedLock,distributedLock,burst-load,1786816981.825000,72.999614,active_backend_requests,all,1
2026-08-15_18-01-48-825386_distributedLock,distributedLock,burst-load,1786816982.825000,73.999614,active_backend_requests,all,1
2026-08-15_18-01-48-825386_distributedLock,distributedLock,burst-load,1786816983.825000,74.999614,active_backend_requests,all,1
2026-08-15_18-01-48-825386_distributedLock,distributedLock,burst-load,1786816984.825000,75.999614,active_backend_requests,all,4
2026-08-15_18-01-48-825386_distributedLock,distributedLock,burst-load,1786816985.825000,76.999614,active_backend_requests,all,1
2026-08-15_18-01-48-825386_distributedLock,distributedLock,burst-load,1786816986.825000,77.999614,active_backend_requests,all,0
2026-08-15_18-01-48-825386_distributedLock,distributedLock,burst-load,1786816987.825000,78.999614,active_backend_requests,all,0
2026-08-15_18-01-48-825386_distributedLock,distributedLock,burst-load,1786816988.825000,79.999614,active_backend_requests,all,1
2026-08-15_18-01-48-825386_distributedLock,distributedLock,burst-load,1786816989.825000,80.999614,active_backend_requests,all,2
2026-08-15_18-01-48-825386_distributedLock,distributedLock,burst-load,1786816990.825000,81.999614,active_backend_requests,all,1
2026-08-15_18-01-48-825386_distributedLock,distributedLock,burst-load,1786816991.825000,82.999614,active_backend_requests,all,1
2026-08-15_18-01-48-825386_distributedLock,distributedLock,burst-load,1786816992.825000,83.999614,active_backend_requests,all,1
2026-08-15_18-01-48-825386_distributedLock,distributedLock,burst-load,1786816993.825000,84.999614,active_backend_requests,all,2
2026-08-15_18-01-48-825386_distributedLock,distributedLock,burst-load,1786816994.825000,85.999614,active_backend_requests,all,1
2026-08-15_18-01-48-825386_distributedLock,distributedLock,burst-load,1786816995.825000,86.999614,active_backend_requests,all,1
2026-08-15_18-01-48-825386_distributedLock,distributedLock,burst-load,1786816996.825000,87.999614,active_backend_requests,all,0
2026-08-15_18-01-48-825386_distributedLock,distributedLock,burst-load,1786816997.825000,88.999614,active_backend_requests,all,2
2026-08-15_18-01-48-825386_distributedLock,distributedLock,burst-load,1786816998.825000,89.999614,active_backend_requests,all,3
2026-08-15_18-01-48-825386_distributedLock,distributedLock,burst-load,1786816999.825000,90.999614,active_backend_requests,all,2
2026-08-15_18-01-48-825386_distributedLock,distributedLock,burst-load,1786817000.825000,91.999614,active_backend_requests,all,1
2026-08-15_18-01-48-825386_distributedLock,distributedLock,burst-load,1786817001.825000,92.999614,active_backend_requests,all,0
2026-08-15_18-01-48-825386_distributedLock,distributedLock,burst-load,1786817002.825000,93.999614,active_backend_requests,all,1
2026-08-15_18-01-48-825386_distributedLock,distributedLock,burst-load,1786817003.825000,94.999614,active_backend_requests,all,1
2026-08-15_18-01-48-825386_distributedLock,distributedLock,burst-load,1786817004.825000,95.999614,active_backend_requests,all,0
2026-08-15_18-01-48-825386_distributedLock,distributedLock,burst-load,1786817005.825000,96.999614,active_backend_requests,all,1
2026-08-15_18-01-48-825386_distributedLock,distributedLock,burst-load,1786817006.825000,97.999614,active_backend_requests,all,1
2026-08-15_18-01-48-825386_distributedLock,distributedLock,burst-load,1786817007.825000,98.999614,active_backend_requests,all,1
2026-08-15_18-01-48-825386_distributedLock,distributedLock,burst-load,1786817008.825000,99.999614,active_backend_requests,all,1
2026-08-15_18-01-48-825386_distributedLock,distributedLock,burst-load,1786817009.825000,100.999614,active_backend_requests,all,1
2026-08-15_18-01-48-825386_distributedLock,distributedLock,burst-load,1786817010.825000,101.999614,active_backend_requests,all,1
2026-08-15_18-01-48-825386_distributedLock,distributedLock,burst-load,1786817011.825000,102.999614,active_backend_requests,all,3
2026-08-15_18-01-48-825386_distributedLock,distributedLock,burst-load,1786817012.825000,103.999614,active_backend_requests,all,2
2026-08-15_18-01-48-825386_distributedLock,distributedLock,burst-load,1786817013.825000,104.999614,active_backend_requests,all,1
2026-08-15_18-01-48-825386_distributedLock,distributedLock,burst-load,1786817014.825000,105.999614,active_backend_requests,all,2
2026-08-15_18-01-48-825386_distributedLock,distributedLock,burst-load,1786817015.825000,106.999614,active_backend_requests,all,3
2026-08-15_18-01-48-825386_distributedLock,distributedLock,burst-load,1786817016.825000,107.999614,active_backend_requests,all,1
2026-08-15_18-01-48-825386_distributedLock,distributedLock,burst-load,1786817017.825000,108.999614,active_backend_requests,all,0
2026-08-15_18-01-48-825386_distributedLock,distributedLock,burst-load,1786817018.825000,109.999614,active_backend_requests,all,1
2026-08-15_18-01-48-825386_distributedLock,distributedLock,burst-load,1786817019.825000,110.999614,active_backend_requests,all,3
2026-08-15_18-01-48-825386_distributedLock,distributedLock,burst-load,1786817020.825000,111.999614,active_backend_requests,all,0
2026-08-15_18-01-48-825386_distributedLock,distributedLock,burst-load,1786817021.825000,112.999614,active_backend_requests,all,1
2026-08-15_18-01-48-825386_distributedLock,distributedLock,burst-load,1786817022.825000,113.999614,active_backend_requests,all,0
2026-08-15_18-01-48-825386_distributedLock,distributedLock,burst-load,1786817023.825000,114.999614,active_backend_requests,all,1
2026-08-15_18-01-48-825386_distributedLock,distributedLock,burst-load,1786817024.825000,115.999614,active_backend_requests,all,2
2026-08-15_18-01-48-825386_distributedLock,distributedLock,burst-load,1786817025.825000,116.999614,active_backend_requests,all,1
2026-08-15_18-01-48-825386_distributedLock,distributedLock,burst-load,1786817026.825000,117.999614,active_backend_requests,all,1
2026-08-15_18-01-48-825386_distributedLock,distributedLock,burst-load,1786817027.825000,118.999614,active_backend_requests,all,1
2026-08-15_18-01-48-825386_distributedLock,distributedLock,burst-load,1786817028.825000,119.999614,active_backend_requests,all,0
2026-08-15_18-01-48-825386_distributedLock,distributedLock,burst-load,1786817029.825000,120.999614,active_backend_requests,all,1
2026-08-15_18-01-48-825386_distributedLock,distributedLock,burst-load,1786817030.825000,121.999614,active_backend_requests,all,1
2026-08-15_18-01-48-825386_distributedLock,distributedLock,burst-load,1786816908.825000,-0.000386,failed_request_ratio,all,0
2026-08-15_18-01-48-825386_distributedLock,distributedLock,burst-load,1786816909.825000,0.999614,failed_request_ratio,all,0
2026-08-15_18-01-48-825386_distributedLock,distributedLock,burst-load,1786816910.825000,1.999614,failed_request_ratio,all,0
2026-08-15_18-01-48-825386_distributedLock,distributedLock,burst-load,1786816911.825000,2.999614,failed_request_ratio,all,0
2026-08-15_18-01-48-825386_distributedLock,distributedLock,burst-load,1786816912.825000,3.999614,failed_request_ratio,all,0
2026-08-15_18-01-48-825386_distributedLock,distributedLock,burst-load,1786816913.825000,4.999614,failed_request_ratio,all,0
2026-08-15_18-01-48-825386_distributedLock,distributedLock,burst-load,1786816914.825000,5.999614,failed_request_ratio,all,0
2026-08-15_18-01-48-825386_distributedLock,distributedLock,burst-load,1786816915.825000,6.999614,failed_request_ratio,all,0
2026-08-15_18-01-48-825386_distributedLock,distributedLock,burst-load,1786816916.825000,7.999614,failed_request_ratio,all,0
2026-08-15_18-01-48-825386_distributedLock,distributedLock,burst-load,1786816917.825000,8.999614,failed_request_ratio,all,0
2026-08-15_18-01-48-825386_distributedLock,distributedLock,burst-load,1786816918.825000,9.999614,failed_request_ratio,all,0
2026-08-15_18-01-48-825386_distributedLock,distributedLock,burst-load,1786816919.825000,10.999614,failed_request_ratio,all,0
2026-08-15_18-01-48-825386_distributedLock,distributedLock,burst-load,1786816920.825000,11.999614,failed_request_ratio,all,0
2026-08-15_18-01-48-825386_distributedLock,distributedLock,burst-load,1786816921.825000,12.999614,failed_request_ratio,all,0
2026-08-15_18-01-48-825386_distributedLock,distributedLock,burst-load,1786816922.825000,13.999614,failed_request_ratio,all,0
2026-08-15_18-01-48-825386_distributedLock,distributedLock,burst-load,1786816923.825000,14.999614,failed_request_ratio,all,0
2026-08-15_18-01-48-825386_distributedLock,distributedLock,burst-load,1786816924.825000,15.999614,failed_request_ratio,all,0
2026-08-15_18-01-48-825386_distributedLock,distributedLock,burst-load,1786816925.825000,16.999614,failed_request_ratio,all,0
2026-08-15_18-01-48-825386_distributedLock,distributedLock,burst-load,1786816926.825000,17.999614,failed_request_ratio,all,0
2026-08-15_18-01-48-825386_distributedLock,distributedLock,burst-load,1786816927.825000,18.999614,failed_request_ratio,all,0
2026-08-15_18-01-48-825386_distributedLock,distributedLock,burst-load,1786816928.825000,19.999614,failed_request_ratio,all,0
2026-08-15_18-01-48-825386_distributedLock,distributedLock,burst-load,1786816929.825000,20.999614,failed_request_ratio,all,0
2026-08-15_18-01-48-825386_distributedLock,distributedLock,burst-load,1786816930.825000,21.999614,failed_request_ratio,all,0
2026-08-15_18-01-48-825386_distributedLock,distributedLock,burst-load,1786816931.825000,22.999614,failed_request_ratio,all,0
2026-08-15_18-01-48-825386_distributedLock,distributedLock,burst-load,1786816932.825000,23.999614,failed_request_ratio,all,0
2026-08-15_18-01-48-825386_distributedLock,distributedLock,burst-load,1786816933.825000,24.999614,failed_request_ratio,all,0
2026-08-15_18-01-48-825386_distributedLock,distributedLock,burst-load,1786816934.825000,25.999614,failed_request_ratio,all,0
2026-08-15_18-01-48-825386_distributedLock,distributedLock,burst-load,1786816935.825000,26.999614,failed_request_ratio,all,0
2026-08-15_18-01-48-825386_distributedLock,distributedLock,burst-load,1786816936.825000,27.999614,failed_request_ratio,all,0
2026-08-15_18-01-48-825386_distributedLock,distributedLock,burst-load,1786816937.825000,28.999614,failed_request_ratio,all,0
2026-08-15_18-01-48-825386_distributedLock,distributedLock,burst-load,1786816938.825000,29.999614,failed_request_ratio,all,0
2026-08-15_18-01-48-825386_distributedLock,distributedLock,burst-load,1786816939.825000,30.999614,failed_request_ratio,all,0
2026-08-15_18-01-48-825386_distributedLock,distributedLock,burst-load,1786816940.825000,31.999614,failed_request_ratio,all,0
2026-08-15_18-01-48-825386_distributedLock,distributedLock,burst-load,1786816941.825000,32.999614,failed_request_ratio,all,0
2026-08-15_18-01-48-825386_distributedLock,distributedLock,burst-load,1786816942.825000,33.999614,failed_request_ratio,all,0
2026-08-15_18-01-48-825386_distributedLock,distributedLock,burst-load,1786816943.825000,34.999614,failed_request_ratio,all,0
2026-08-15_18-01-48-825386_distributedLock,distributedLock,burst-load,1786816944.825000,35.999614,failed_request_ratio,all,0
2026-08-15_18-01-48-825386_distributedLock,distributedLock,burst-load,1786816945.825000,36.999614,failed_request_ratio,all,0
2026-08-15_18-01-48-825386_distributedLock,distributedLock,burst-load,1786816946.825000,37.999614,failed_request_ratio,all,0
2026-08-15_18-01-48-825386_distributedLock,distributedLock,burst-load,1786816947.825000,38.999614,failed_request_ratio,all,0
2026-08-15_18-01-48-825386_distributedLock,distributedLock,burst-load,1786816948.825000,39.999614,failed_request_ratio,all,0
2026-08-15_18-01-48-825386_distributedLock,distributedLock,burst-load,1786816949.825000,40.999614,failed_request_ratio,all,0
2026-08-15_18-01-48-825386_distributedLock,distributedLock,burst-load,1786816950.825000,41.999614,failed_request_ratio,all,0
2026-08-15_18-01-48-825386_distributedLock,distributedLock,burst-load,1786816951.825000,42.999614,failed_request_ratio,all,0
2026-08-15_18-01-48-825386_distributedLock,distributedLock,burst-load,1786816952.825000,43.999614,failed_request_ratio,all,0
2026-08-15_18-01-48-825386_distributedLock,distributedLock,burst-load,1786816953.825000,44.999614,failed_request_ratio,all,0
2026-08-15_18-01-48-825386_distributedLock,distributedLock,burst-load,1786816954.825000,45.999614,failed_request_ratio,all,0
2026-08-15_18-01-48-825386_distributedLock,distributedLock,burst-load,1786816955.825000,46.999614,failed_request_ratio,all,0
2026-08-15_18-01-48-825386_distributedLock,distributedLock,burst-load,1786816956.825000,47.999614,failed_request_ratio,all,0
2026-08-15_18-01-48-825386_distributedLock,distributedLock,burst-load,1786816957.825000,48.999614,failed_request_ratio,all,0
2026-08-15_18-01-48-825386_distributedLock,distributedLock,burst-load,1786816958.825000,49.999614,failed_request_ratio,all,0
2026-08-15_18-01-48-825386_distributedLock,distributedLock,burst-load,1786816959.825000,50.999614,failed_request_ratio,all,0
2026-08-15_18-01-48-825386_distributedLock,distributedLock,burst-load,1786816960.825000,51.999614,failed_request_ratio,all,0
2026-08-15_18-01-48-825386_distributedLock,distributedLock,burst-load,1786816961.825000,52.999614,failed_request_ratio,all,0
2026-08-15_18-01-48-825386_distributedLock,distributedLock,burst-load,1786816962.825000,53.999614,failed_request_ratio,all,0
2026-08-15_18-01-48-825386_distributedLock,distributedLock,burst-load,1786816963.825000,54.999614,failed_request_ratio,all,0
2026-08-15_18-01-48-825386_distributedLock,distributedLock,burst-load,1786816964.825000,55.999614,failed_request_ratio,all,0
2026-08-15_18-01-48-825386_distributedLock,distributedLock,burst-load,1786816965.825000,56.999614,failed_request_ratio,all,0
2026-08-15_18-01-48-825386_distributedLock,distributedLock,burst-load,1786816966.825000,57.999614,failed_request_ratio,all,0
2026-08-15_18-01-48-825386_distributedLock,distributedLock,burst-load,1786816967.825000,58.999614,failed_request_ratio,all,0
2026-08-15_18-01-48-825386_distributedLock,distributedLock,burst-load,1786816968.825000,59.999614,failed_request_ratio,all,0
2026-08-15_18-01-48-825386_distributedLock,distributedLock,burst-load,1786816969.825000,60.999614,failed_request_ratio,all,0
2026-08-15_18-01-48-825386_distributedLock,distributedLock,burst-load,1786816970.825000,61.999614,failed_request_ratio,all,0
2026-08-15_18-01-48-825386_distributedLock,distributedLock,burst-load,1786816971.825000,62.999614,failed_request_ratio,all,0
2026-08-15_18-01-48-825386_distributedLock,distributedLock,burst-load,1786816972.825000,63.999614,failed_request_ratio,all,0
2026-08-15_18-01-48-825386_distributedLock,distributedLock,burst-load,1786816973.825000,64.999614,failed_request_ratio,all,0
2026-08-15_18-01-48-825386_distributedLock,distributedLock,burst-load,1786816974.825000,65.999614,failed_request_ratio,all,0
2026-08-15_18-01-48-825386_distributedLock,distributedLock,burst-load,1786816975.825000,66.999614,failed_request_ratio,all,0
2026-08-15_18-01-48-825386_distributedLock,distributedLock,burst-load,1786816976.825000,67.999614,failed_request_ratio,all,0
2026-08-15_18-01-48-825386_distributedLock,distributedLock,burst-load,1786816977.825000,68.999614,failed_request_ratio,all,0
2026-08-15_18-01-48-825386_distributedLock,distributedLock,burst-load,1786816978.825000,69.999614,failed_request_ratio,all,0
2026-08-15_18-01-48-825386_distributedLock,distributedLock,burst-load,1786816979.825000,70.999614,failed_request_ratio,all,0
2026-08-15_18-01-48-825386_distributedLock,distributedLock,burst-load,1786816980.825000,71.999614,failed_request_ratio,all,0
2026-08-15_18-01-48-825386_distributedLock,distributedLock,burst-load,1786816981.825000,72.999614,failed_request_ratio,all,0
2026-08-15_18-01-48-825386_distributedLock,distributedLock,burst-load,1786816982.825000,73.999614,failed_request_ratio,all,0
2026-08-15_18-01-48-825386_distributedLock,distributedLock,burst-load,1786816983.825000,74.999614,failed_request_ratio,all,0
2026-08-15_18-01-48-825386_distributedLock,distributedLock,burst-load,1786816984.825000,75.999614,failed_request_ratio,all,0
2026-08-15_18-01-48-825386_distributedLock,distributedLock,burst-load,1786816985.825000,76.999614,failed_request_ratio,all,0
2026-08-15_18-01-48-825386_distributedLock,distributedLock,burst-load,1786816986.825000,77.999614,failed_request_ratio,all,0
2026-08-15_18-01-48-825386_distributedLock,distributedLock,burst-load,1786816987.825000,78.999614,failed_request_ratio,all,0
2026-08-15_18-01-48-825386_distributedLock,distributedLock,burst-load,1786816988.825000,79.999614,failed_request_ratio,all,0
2026-08-15_18-01-48-825386_distributedLock,distributedLock,burst-load,1786816989.825000,80.999614,failed_request_ratio,all,0
2026-08-15_18-01-48-825386_distributedLock,distributedLock,burst-load,1786816990.825000,81.999614,failed_request_ratio,all,0
2026-08-15_18-01-48-825386_distributedLock,distributedLock,burst-load,1786816991.825000,82.999614,failed_request_ratio,all,0
2026-08-15_18-01-48-825386_distributedLock,distributedLock,burst-load,1786816992.825000,83.999614,failed_request_ratio,all,0
2026-08-15_18-01-48-825386_distributedLock,distributedLock,burst-load,1786816993.825000,84.999614,failed_request_ratio,all,0
2026-08-15_18-01-48-825386_distributedLock,distributedLock,burst-load,1786816994.825000,85.999614,failed_request_ratio,all,0
2026-08-15_18-01-48-825386_distributedLock,distributedLock,burst-load,1786816995.825000,86.999614,failed_request_ratio,all,0
2026-08-15_18-01-48-825386_distributedLock,distributedLock,burst-load,1786816996.825000,87.999614,failed_request_ratio,all,0
2026-08-15_18-01-48-825386_distributedLock,distributedLock,burst-load,1786816997.825000,88.999614,failed_request_ratio,all,0
2026-08-15_18-01-48-825386_distributedLock,distributedLock,burst-load,1786816998.825000,89.999614,failed_request_ratio,all,0
2026-08-15_18-01-48-825386_distributedLock,distributedLock,burst-load,1786816999.825000,90.999614,failed_request_ratio,all,0
2026-08-15_18-01-48-825386_distributedLock,distributedLock,burst-load,1786817000.825000,91.999614,failed_request_ratio,all,0
2026-08-15_18-01-48-825386_distributedLock,distributedLock,burst-load,1786817001.825000,92.999614,failed_request_ratio,all,0
2026-08-15_18-01-48-825386_distributedLock,distributedLock,burst-load,1786817002.825000,93.999614,failed_request_ratio,all,0
2026-08-15_18-01-48-825386_distributedLock,distributedLock,burst-load,1786817003.825000,94.999614,failed_request_ratio,all,0
2026-08-15_18-01-48-825386_distributedLock,distributedLock,burst-load,1786817004.825000,95.999614,failed_request_ratio,all,0
2026-08-15_18-01-48-825386_distributedLock,distributedLock,burst-load,1786817005.825000,96.999614,failed_request_ratio,all,0
2026-08-15_18-01-48-825386_distributedLock,distributedLock,burst-load,1786817006.825000,97.999614,failed_request_ratio,all,0
2026-08-15_18-01-48-825386_distributedLock,distributedLock,burst-load,1786817007.825000,98.999614,failed_request_ratio,all,0
2026-08-15_18-01-48-825386_distributedLock,distributedLock,burst-load,1786817008.825000,99.999614,failed_request_ratio,all,0
2026-08-15_18-01-48-825386_distributedLock,distributedLock,burst-load,1786817009.825000,100.999614,failed_request_ratio,all,0
2026-08-15_18-01-48-825386_distributedLock,distributedLock,burst-load,1786817010.825000,101.999614,failed_request_ratio,all,0
2026-08-15_18-01-48-825386_distributedLock,distributedLock,burst-load,1786817011.825000,102.999614,failed_request_ratio,all,0
2026-08-15_18-01-48-825386_distributedLock,distributedLock,burst-load,1786817012.825000,103.999614,failed_request_ratio,all,0
2026-08-15_18-01-48-825386_distributedLock,distributedLock,burst-load,1786817013.825000,104.999614,failed_request_ratio,all,0
2026-08-15_18-01-48-825386_distributedLock,distributedLock,burst-load,1786817014.825000,105.999614,failed_request_ratio,all,0
2026-08-15_18-01-48-825386_distributedLock,distributedLock,burst-load,1786817015.825000,106.999614,failed_request_ratio,all,0
2026-08-15_18-01-48-825386_distributedLock,distributedLock,burst-load,1786817016.825000,107.999614,failed_request_ratio,all,0
2026-08-15_18-01-48-825386_distributedLock,distributedLock,burst-load,1786817017.825000,108.999614,failed_request_ratio,all,0
2026-08-15_18-01-48-825386_distributedLock,distributedLock,burst-load,1786817018.825000,109.999614,failed_request_ratio,all,0
2026-08-15_18-01-48-825386_distributedLock,distributedLock,burst-load,1786817019.825000,110.999614,failed_request_ratio,all,0
2026-08-15_18-01-48-825386_distributedLock,distributedLock,burst-load,1786817020.825000,111.999614,failed_request_ratio,all,0
2026-08-15_18-01-48-825386_distributedLock,distributedLock,burst-load,1786817021.825000,112.999614,failed_request_ratio,all,0
2026-08-15_18-01-48-825386_distributedLock,distributedLock,burst-load,1786817022.825000,113.999614,failed_request_ratio,all,0
2026-08-15_18-01-48-825386_distributedLock,distributedLock,burst-load,1786817023.825000,114.999614,failed_request_ratio,all,0
2026-08-15_18-01-48-825386_distributedLock,distributedLock,burst-load,1786817024.825000,115.999614,failed_request_ratio,all,0
2026-08-15_18-01-48-825386_distributedLock,distributedLock,burst-load,1786817025.825000,116.999614,failed_request_ratio,all,0
2026-08-15_18-01-48-825386_distributedLock,distributedLock,burst-load,1786817026.825000,117.999614,failed_request_ratio,all,0
2026-08-15_18-01-48-825386_distributedLock,distributedLock,burst-load,1786817027.825000,118.999614,failed_request_ratio,all,0
2026-08-15_18-01-48-825386_distributedLock,distributedLock,burst-load,1786817028.825000,119.999614,failed_request_ratio,all,0
2026-08-15_18-01-48-825386_distributedLock,distributedLock,burst-load,1786817029.825000,120.999614,failed_request_ratio,all,0
2026-08-15_18-01-48-825386_distributedLock,distributedLock,burst-load,1786817030.825000,121.999614,failed_request_ratio,all,0
2026-08-15_18-01-48-825386_distributedLock,distributedLock,burst-load,1786816908.825000,-0.000386,singleflight_waiting_requests,all,0
2026-08-15_18-01-48-825386_distributedLock,distributedLock,burst-load,1786816909.825000,0.999614,singleflight_waiting_requests,all,0
2026-08-15_18-01-48-825386_distributedLock,distributedLock,burst-load,1786816910.825000,1.999614,singleflight_waiting_requests,all,0
2026-08-15_18-01-48-825386_distributedLock,distributedLock,burst-load,1786816911.825000,2.999614,singleflight_waiting_requests,all,0
2026-08-15_18-01-48-825386_distributedLock,distributedLock,burst-load,1786816912.825000,3.999614,singleflight_waiting_requests,all,0
2026-08-15_18-01-48-825386_distributedLock,distributedLock,burst-load,1786816913.825000,4.999614,singleflight_waiting_requests,all,0
2026-08-15_18-01-48-825386_distributedLock,distributedLock,burst-load,1786816914.825000,5.999614,singleflight_waiting_requests,all,0
2026-08-15_18-01-48-825386_distributedLock,distributedLock,burst-load,1786816915.825000,6.999614,singleflight_waiting_requests,all,0
2026-08-15_18-01-48-825386_distributedLock,distributedLock,burst-load,1786816916.825000,7.999614,singleflight_waiting_requests,all,0
2026-08-15_18-01-48-825386_distributedLock,distributedLock,burst-load,1786816917.825000,8.999614,singleflight_waiting_requests,all,0
2026-08-15_18-01-48-825386_distributedLock,distributedLock,burst-load,1786816918.825000,9.999614,singleflight_waiting_requests,all,0
2026-08-15_18-01-48-825386_distributedLock,distributedLock,burst-load,1786816919.825000,10.999614,singleflight_waiting_requests,all,0
2026-08-15_18-01-48-825386_distributedLock,distributedLock,burst-load,1786816920.825000,11.999614,singleflight_waiting_requests,all,0
2026-08-15_18-01-48-825386_distributedLock,distributedLock,burst-load,1786816921.825000,12.999614,singleflight_waiting_requests,all,0
2026-08-15_18-01-48-825386_distributedLock,distributedLock,burst-load,1786816922.825000,13.999614,singleflight_waiting_requests,all,0
2026-08-15_18-01-48-825386_distributedLock,distributedLock,burst-load,1786816923.825000,14.999614,singleflight_waiting_requests,all,0
2026-08-15_18-01-48-825386_distributedLock,distributedLock,burst-load,1786816924.825000,15.999614,singleflight_waiting_requests,all,0
2026-08-15_18-01-48-825386_distributedLock,distributedLock,burst-load,1786816925.825000,16.999614,singleflight_waiting_requests,all,0
2026-08-15_18-01-48-825386_distributedLock,distributedLock,burst-load,1786816926.825000,17.999614,singleflight_waiting_requests,all,0
2026-08-15_18-01-48-825386_distributedLock,distributedLock,burst-load,1786816927.825000,18.999614,singleflight_waiting_requests,all,0
2026-08-15_18-01-48-825386_distributedLock,distributedLock,burst-load,1786816928.825000,19.999614,singleflight_waiting_requests,all,0
2026-08-15_18-01-48-825386_distributedLock,distributedLock,burst-load,1786816929.825000,20.999614,singleflight_waiting_requests,all,0
2026-08-15_18-01-48-825386_distributedLock,distributedLock,burst-load,1786816930.825000,21.999614,singleflight_waiting_requests,all,0
2026-08-15_18-01-48-825386_distributedLock,distributedLock,burst-load,1786816931.825000,22.999614,singleflight_waiting_requests,all,0
2026-08-15_18-01-48-825386_distributedLock,distributedLock,burst-load,1786816932.825000,23.999614,singleflight_waiting_requests,all,0
2026-08-15_18-01-48-825386_distributedLock,distributedLock,burst-load,1786816933.825000,24.999614,singleflight_waiting_requests,all,0
2026-08-15_18-01-48-825386_distributedLock,distributedLock,burst-load,1786816934.825000,25.999614,singleflight_waiting_requests,all,0
2026-08-15_18-01-48-825386_distributedLock,distributedLock,burst-load,1786816935.825000,26.999614,singleflight_waiting_requests,all,0
2026-08-15_18-01-48-825386_distributedLock,distributedLock,burst-load,1786816936.825000,27.999614,singleflight_waiting_requests,all,0
2026-08-15_18-01-48-825386_distributedLock,distributedLock,burst-load,1786816937.825000,28.999614,singleflight_waiting_requests,all,0
2026-08-15_18-01-48-825386_distributedLock,distributedLock,burst-load,1786816938.825000,29.999614,singleflight_waiting_requests,all,0
2026-08-15_18-01-48-825386_distributedLock,distributedLock,burst-load,1786816939.825000,30.999614,singleflight_waiting_requests,all,0
2026-08-15_18-01-48-825386_distributedLock,distributedLock,burst-load,1786816940.825000,31.999614,singleflight_waiting_requests,all,0
2026-08-15_18-01-48-825386_distributedLock,distributedLock,burst-load,1786816941.825000,32.999614,singleflight_waiting_requests,all,0
2026-08-15_18-01-48-825386_distributedLock,distributedLock,burst-load,1786816942.825000,33.999614,singleflight_waiting_requests,all,0
2026-08-15_18-01-48-825386_distributedLock,distributedLock,burst-load,1786816943.825000,34.999614,singleflight_waiting_requests,all,0
2026-08-15_18-01-48-825386_distributedLock,distributedLock,burst-load,1786816944.825000,35.999614,singleflight_waiting_requests,all,0
2026-08-15_18-01-48-825386_distributedLock,distributedLock,burst-load,1786816945.825000,36.999614,singleflight_waiting_requests,all,0
2026-08-15_18-01-48-825386_distributedLock,distributedLock,burst-load,1786816946.825000,37.999614,singleflight_waiting_requests,all,0
2026-08-15_18-01-48-825386_distributedLock,distributedLock,burst-load,1786816947.825000,38.999614,singleflight_waiting_requests,all,0
2026-08-15_18-01-48-825386_distributedLock,distributedLock,burst-load,1786816948.825000,39.999614,singleflight_waiting_requests,all,0
2026-08-15_18-01-48-825386_distributedLock,distributedLock,burst-load,1786816949.825000,40.999614,singleflight_waiting_requests,all,0
2026-08-15_18-01-48-825386_distributedLock,distributedLock,burst-load,1786816950.825000,41.999614,singleflight_waiting_requests,all,0
2026-08-15_18-01-48-825386_distributedLock,distributedLock,burst-load,1786816951.825000,42.999614,singleflight_waiting_requests,all,0
2026-08-15_18-01-48-825386_distributedLock,distributedLock,burst-load,1786816952.825000,43.999614,singleflight_waiting_requests,all,0
2026-08-15_18-01-48-825386_distributedLock,distributedLock,burst-load,1786816953.825000,44.999614,singleflight_waiting_requests,all,0
2026-08-15_18-01-48-825386_distributedLock,distributedLock,burst-load,1786816954.825000,45.999614,singleflight_waiting_requests,all,0
2026-08-15_18-01-48-825386_distributedLock,distributedLock,burst-load,1786816955.825000,46.999614,singleflight_waiting_requests,all,0
2026-08-15_18-01-48-825386_distributedLock,distributedLock,burst-load,1786816956.825000,47.999614,singleflight_waiting_requests,all,0
2026-08-15_18-01-48-825386_distributedLock,distributedLock,burst-load,1786816957.825000,48.999614,singleflight_waiting_requests,all,0
2026-08-15_18-01-48-825386_distributedLock,distributedLock,burst-load,1786816958.825000,49.999614,singleflight_waiting_requests,all,0
2026-08-15_18-01-48-825386_distributedLock,distributedLock,burst-load,1786816959.825000,50.999614,singleflight_waiting_requests,all,0
2026-08-15_18-01-48-825386_distributedLock,distributedLock,burst-load,1786816960.825000,51.999614,singleflight_waiting_requests,all,0
2026-08-15_18-01-48-825386_distributedLock,distributedLock,burst-load,1786816961.825000,52.999614,singleflight_waiting_requests,all,0
2026-08-15_18-01-48-825386_distributedLock,distributedLock,burst-load,1786816962.825000,53.999614,singleflight_waiting_requests,all,0
2026-08-15_18-01-48-825386_distributedLock,distributedLock,burst-load,1786816963.825000,54.999614,singleflight_waiting_requests,all,0
2026-08-15_18-01-48-825386_distributedLock,distributedLock,burst-load,1786816964.825000,55.999614,singleflight_waiting_requests,all,0
2026-08-15_18-01-48-825386_distributedLock,distributedLock,burst-load,1786816965.825000,56.999614,singleflight_waiting_requests,all,0
2026-08-15_18-01-48-825386_distributedLock,distributedLock,burst-load,1786816966.825000,57.999614,singleflight_waiting_requests,all,0
2026-08-15_18-01-48-825386_distributedLock,distributedLock,burst-load,1786816967.825000,58.999614,singleflight_waiting_requests,all,0
2026-08-15_18-01-48-825386_distributedLock,distributedLock,burst-load,1786816968.825000,59.999614,singleflight_waiting_requests,all,0
2026-08-15_18-01-48-825386_distributedLock,distributedLock,burst-load,1786816969.825000,60.999614,singleflight_waiting_requests,all,0
2026-08-15_18-01-48-825386_distributedLock,distributedLock,burst-load,1786816970.825000,61.999614,singleflight_waiting_requests,all,0
2026-08-15_18-01-48-825386_distributedLock,distributedLock,burst-load,1786816971.825000,62.999614,singleflight_waiting_requests,all,0
2026-08-15_18-01-48-825386_distributedLock,distributedLock,burst-load,1786816972.825000,63.999614,singleflight_waiting_requests,all,0
2026-08-15_18-01-48-825386_distributedLock,distributedLock,burst-load,1786816973.825000,64.999614,singleflight_waiting_requests,all,0
2026-08-15_18-01-48-825386_distributedLock,distributedLock,burst-load,1786816974.825000,65.999614,singleflight_waiting_requests,all,0
2026-08-15_18-01-48-825386_distributedLock,distributedLock,burst-load,1786816975.825000,66.999614,singleflight_waiting_requests,all,0
2026-08-15_18-01-48-825386_distributedLock,distributedLock,burst-load,1786816976.825000,67.999614,singleflight_waiting_requests,all,0
2026-08-15_18-01-48-825386_distributedLock,distributedLock,burst-load,1786816977.825000,68.999614,singleflight_waiting_requests,all,0
2026-08-15_18-01-48-825386_distributedLock,distributedLock,burst-load,1786816978.825000,69.999614,singleflight_waiting_requests,all,0
2026-08-15_18-01-48-825386_distributedLock,distributedLock,burst-load,1786816979.825000,70.999614,singleflight_waiting_requests,all,0
2026-08-15_18-01-48-825386_distributedLock,distributedLock,burst-load,1786816980.825000,71.999614,singleflight_waiting_requests,all,0
2026-08-15_18-01-48-825386_distributedLock,distributedLock,burst-load,1786816981.825000,72.999614,singleflight_waiting_requests,all,0
2026-08-15_18-01-48-825386_distributedLock,distributedLock,burst-load,1786816982.825000,73.999614,singleflight_waiting_requests,all,0
2026-08-15_18-01-48-825386_distributedLock,distributedLock,burst-load,1786816983.825000,74.999614,singleflight_waiting_requests,all,0
2026-08-15_18-01-48-825386_distributedLock,distributedLock,burst-load,1786816984.825000,75.999614,singleflight_waiting_requests,all,0
2026-08-15_18-01-48-825386_distributedLock,distributedLock,burst-load,1786816985.825000,76.999614,singleflight_waiting_requests,all,0
2026-08-15_18-01-48-825386_distributedLock,distributedLock,burst-load,1786816986.825000,77.999614,singleflight_waiting_requests,all,0
2026-08-15_18-01-48-825386_distributedLock,distributedLock,burst-load,1786816987.825000,78.999614,singleflight_waiting_requests,all,0
2026-08-15_18-01-48-825386_distributedLock,distributedLock,burst-load,1786816988.825000,79.999614,singleflight_waiting_requests,all,0
2026-08-15_18-01-48-825386_distributedLock,distributedLock,burst-load,1786816989.825000,80.999614,singleflight_waiting_requests,all,0
2026-08-15_18-01-48-825386_distributedLock,distributedLock,burst-load,1786816990.825000,81.999614,singleflight_waiting_requests,all,0
2026-08-15_18-01-48-825386_distributedLock,distributedLock,burst-load,1786816991.825000,82.999614,singleflight_waiting_requests,all,0
2026-08-15_18-01-48-825386_distributedLock,distributedLock,burst-load,1786816992.825000,83.999614,singleflight_waiting_requests,all,0
2026-08-15_18-01-48-825386_distributedLock,distributedLock,burst-load,1786816993.825000,84.999614,singleflight_waiting_requests,all,0
2026-08-15_18-01-48-825386_distributedLock,distributedLock,burst-load,1786816994.825000,85.999614,singleflight_waiting_requests,all,0
2026-08-15_18-01-48-825386_distributedLock,distributedLock,burst-load,1786816995.825000,86.999614,singleflight_waiting_requests,all,0
2026-08-15_18-01-48-825386_distributedLock,distributedLock,burst-load,1786816996.825000,87.999614,singleflight_waiting_requests,all,0
2026-08-15_18-01-48-825386_distributedLock,distributedLock,burst-load,1786816997.825000,88.999614,singleflight_waiting_requests,all,0
2026-08-15_18-01-48-825386_distributedLock,distributedLock,burst-load,1786816998.825000,89.999614,singleflight_waiting_requests,all,0
2026-08-15_18-01-48-825386_distributedLock,distributedLock,burst-load,1786816999.825000,90.999614,singleflight_waiting_requests,all,0
2026-08-15_18-01-48-825386_distributedLock,distributedLock,burst-load,1786817000.825000,91.999614,singleflight_waiting_requests,all,0
2026-08-15_18-01-48-825386_distributedLock,distributedLock,burst-load,1786817001.825000,92.999614,singleflight_waiting_requests,all,0
2026-08-15_18-01-48-825386_distributedLock,distributedLock,burst-load,1786817002.825000,93.999614,singleflight_waiting_requests,all,0
2026-08-15_18-01-48-825386_distributedLock,distributedLock,burst-load,1786817003.825000,94.999614,singleflight_waiting_requests,all,0
2026-08-15_18-01-48-825386_distributedLock,distributedLock,burst-load,1786817004.825000,95.999614,singleflight_waiting_requests,all,0
2026-08-15_18-01-48-825386_distributedLock,distributedLock,burst-load,1786817005.825000,96.999614,singleflight_waiting_requests,all,0
2026-08-15_18-01-48-825386_distributedLock,distributedLock,burst-load,1786817006.825000,97.999614,singleflight_waiting_requests,all,0
2026-08-15_18-01-48-825386_distributedLock,distributedLock,burst-load,1786817007.825000,98.999614,singleflight_waiting_requests,all,0
2026-08-15_18-01-48-825386_distributedLock,distributedLock,burst-load,1786817008.825000,99.999614,singleflight_waiting_requests,all,0
2026-08-15_18-01-48-825386_distributedLock,distributedLock,burst-load,1786817009.825000,100.999614,singleflight_waiting_requests,all,0
2026-08-15_18-01-48-825386_distributedLock,distributedLock,burst-load,1786817010.825000,101.999614,singleflight_waiting_requests,all,0
2026-08-15_18-01-48-825386_distributedLock,distributedLock,burst-load,1786817011.825000,102.999614,singleflight_waiting_requests,all,0
2026-08-15_18-01-48-825386_distributedLock,distributedLock,burst-load,1786817012.825000,103.999614,singleflight_waiting_requests,all,0
2026-08-15_18-01-48-825386_distributedLock,distributedLock,burst-load,1786817013.825000,104.999614,singleflight_waiting_requests,all,0
2026-08-15_18-01-48-825386_distributedLock,distributedLock,burst-load,1786817014.825000,105.999614,singleflight_waiting_requests,all,0
2026-08-15_18-01-48-825386_distributedLock,distributedLock,burst-load,1786817015.825000,106.999614,singleflight_waiting_requests,all,0
2026-08-15_18-01-48-825386_distributedLock,distributedLock,burst-load,1786817016.825000,107.999614,singleflight_waiting_requests,all,0
2026-08-15_18-01-48-825386_distributedLock,distributedLock,burst-load,1786817017.825000,108.999614,singleflight_waiting_requests,all,0
2026-08-15_18-01-48-825386_distributedLock,distributedLock,burst-load,1786817018.825000,109.999614,singleflight_waiting_requests,all,0
2026-08-15_18-01-48-825386_distributedLock,distributedLock,burst-load,1786817019.825000,110.999614,singleflight_waiting_requests,all,0
2026-08-15_18-01-48-825386_distributedLock,distributedLock,burst-load,1786817020.825000,111.999614,singleflight_waiting_requests,all,0
2026-08-15_18-01-48-825386_distributedLock,distributedLock,burst-load,1786817021.825000,112.999614,singleflight_waiting_requests,all,0
2026-08-15_18-01-48-825386_distributedLock,distributedLock,burst-load,1786817022.825000,113.999614,singleflight_waiting_requests,all,0
2026-08-15_18-01-48-825386_distributedLock,distributedLock,burst-load,1786817023.825000,114.999614,singleflight_waiting_requests,all,0
2026-08-15_18-01-48-825386_distributedLock,distributedLock,burst-load,1786817024.825000,115.999614,singleflight_waiting_requests,all,0
2026-08-15_18-01-48-825386_distributedLock,distributedLock,burst-load,1786817025.825000,116.999614,singleflight_waiting_requests,all,0
2026-08-15_18-01-48-825386_distributedLock,distributedLock,burst-load,1786817026.825000,117.999614,singleflight_waiting_requests,all,0
2026-08-15_18-01-48-825386_distributedLock,distributedLock,burst-load,1786817027.825000,118.999614,singleflight_waiting_requests,all,0
2026-08-15_18-01-48-825386_distributedLock,distributedLock,burst-load,1786817028.825000,119.999614,singleflight_waiting_requests,all,0
2026-08-15_18-01-48-825386_distributedLock,distributedLock,burst-load,1786817029.825000,120.999614,singleflight_waiting_requests,all,0
2026-08-15_18-01-48-825386_distributedLock,distributedLock,burst-load,1786817030.825000,121.999614,singleflight_waiting_requests,all,0
2026-08-15_18-01-48-825386_distributedLock,distributedLock,burst-load,1786816909.825000,0.999614,distributed_lock_successful,all,6
2026-08-15_18-01-48-825386_distributedLock,distributedLock,burst-load,1786816910.825000,1.999614,distributed_lock_successful,all,22
2026-08-15_18-01-48-825386_distributedLock,distributedLock,burst-load,1786816911.825000,2.999614,distributed_lock_successful,all,32
2026-08-15_18-01-48-825386_distributedLock,distributedLock,burst-load,1786816912.825000,3.999614,distributed_lock_successful,all,39
2026-08-15_18-01-48-825386_distributedLock,distributedLock,burst-load,1786816913.825000,4.999614,distributed_lock_successful,all,46
2026-08-15_18-01-48-825386_distributedLock,distributedLock,burst-load,1786816914.825000,5.999614,distributed_lock_successful,all,55
2026-08-15_18-01-48-825386_distributedLock,distributedLock,burst-load,1786816915.825000,6.999614,distributed_lock_successful,all,58
2026-08-15_18-01-48-825386_distributedLock,distributedLock,burst-load,1786816916.825000,7.999614,distributed_lock_successful,all,62
2026-08-15_18-01-48-825386_distributedLock,distributedLock,burst-load,1786816917.825000,8.999614,distributed_lock_successful,all,65
2026-08-15_18-01-48-825386_distributedLock,distributedLock,burst-load,1786816918.825000,9.999614,distributed_lock_successful,all,68
2026-08-15_18-01-48-825386_distributedLock,distributedLock,burst-load,1786816919.825000,10.999614,distributed_lock_successful,all,69
2026-08-15_18-01-48-825386_distributedLock,distributedLock,burst-load,1786816920.825000,11.999614,distributed_lock_successful,all,72
2026-08-15_18-01-48-825386_distributedLock,distributedLock,burst-load,1786816921.825000,12.999614,distributed_lock_successful,all,75
2026-08-15_18-01-48-825386_distributedLock,distributedLock,burst-load,1786816922.825000,13.999614,distributed_lock_successful,all,77
2026-08-15_18-01-48-825386_distributedLock,distributedLock,burst-load,1786816923.825000,14.999614,distributed_lock_successful,all,78
2026-08-15_18-01-48-825386_distributedLock,distributedLock,burst-load,1786816924.825000,15.999614,distributed_lock_successful,all,80
2026-08-15_18-01-48-825386_distributedLock,distributedLock,burst-load,1786816925.825000,16.999614,distributed_lock_successful,all,85
2026-08-15_18-01-48-825386_distributedLock,distributedLock,burst-load,1786816926.825000,17.999614,distributed_lock_successful,all,94
2026-08-15_18-01-48-825386_distributedLock,distributedLock,burst-load,1786816927.825000,18.999614,distributed_lock_successful,all,99
2026-08-15_18-01-48-825386_distributedLock,distributedLock,burst-load,1786816928.825000,19.999614,distributed_lock_successful,all,105
2026-08-15_18-01-48-825386_distributedLock,distributedLock,burst-load,1786816929.825000,20.999614,distributed_lock_successful,all,111
2026-08-15_18-01-48-825386_distributedLock,distributedLock,burst-load,1786816930.825000,21.999614,distributed_lock_successful,all,114
2026-08-15_18-01-48-825386_distributedLock,distributedLock,burst-load,1786816931.825000,22.999614,distributed_lock_successful,all,119
2026-08-15_18-01-48-825386_distributedLock,distributedLock,burst-load,1786816932.825000,23.999614,distributed_lock_successful,all,124
2026-08-15_18-01-48-825386_distributedLock,distributedLock,burst-load,1786816933.825000,24.999614,distributed_lock_successful,all,129
2026-08-15_18-01-48-825386_distributedLock,distributedLock,burst-load,1786816934.825000,25.999614,distributed_lock_successful,all,133
2026-08-15_18-01-48-825386_distributedLock,distributedLock,burst-load,1786816935.825000,26.999614,distributed_lock_successful,all,137
2026-08-15_18-01-48-825386_distributedLock,distributedLock,burst-load,1786816936.825000,27.999614,distributed_lock_successful,all,141
2026-08-15_18-01-48-825386_distributedLock,distributedLock,burst-load,1786816937.825000,28.999614,distributed_lock_successful,all,145
2026-08-15_18-01-48-825386_distributedLock,distributedLock,burst-load,1786816938.825000,29.999614,distributed_lock_successful,all,147
2026-08-15_18-01-48-825386_distributedLock,distributedLock,burst-load,1786816939.825000,30.999614,distributed_lock_successful,all,151
2026-08-15_18-01-48-825386_distributedLock,distributedLock,burst-load,1786816940.825000,31.999614,distributed_lock_successful,all,175
2026-08-15_18-01-48-825386_distributedLock,distributedLock,burst-load,1786816941.825000,32.999614,distributed_lock_successful,all,204
2026-08-15_18-01-48-825386_distributedLock,distributedLock,burst-load,1786816942.825000,33.999614,distributed_lock_successful,all,217
2026-08-15_18-01-48-825386_distributedLock,distributedLock,burst-load,1786816943.825000,34.999614,distributed_lock_successful,all,229
2026-08-15_18-01-48-825386_distributedLock,distributedLock,burst-load,1786816944.825000,35.999614,distributed_lock_successful,all,236
2026-08-15_18-01-48-825386_distributedLock,distributedLock,burst-load,1786816945.825000,36.999614,distributed_lock_successful,all,240
2026-08-15_18-01-48-825386_distributedLock,distributedLock,burst-load,1786816946.825000,37.999614,distributed_lock_successful,all,246
2026-08-15_18-01-48-825386_distributedLock,distributedLock,burst-load,1786816947.825000,38.999614,distributed_lock_successful,all,255
2026-08-15_18-01-48-825386_distributedLock,distributedLock,burst-load,1786816948.825000,39.999614,distributed_lock_successful,all,260
2026-08-15_18-01-48-825386_distributedLock,distributedLock,burst-load,1786816949.825000,40.999614,distributed_lock_successful,all,264
2026-08-15_18-01-48-825386_distributedLock,distributedLock,burst-load,1786816950.825000,41.999614,distributed_lock_successful,all,270
2026-08-15_18-01-48-825386_distributedLock,distributedLock,burst-load,1786816951.825000,42.999614,distributed_lock_successful,all,275
2026-08-15_18-01-48-825386_distributedLock,distributedLock,burst-load,1786816952.825000,43.999614,distributed_lock_successful,all,282
2026-08-15_18-01-48-825386_distributedLock,distributedLock,burst-load,1786816953.825000,44.999614,distributed_lock_successful,all,284
2026-08-15_18-01-48-825386_distributedLock,distributedLock,burst-load,1786816954.825000,45.999614,distributed_lock_successful,all,287
2026-08-15_18-01-48-825386_distributedLock,distributedLock,burst-load,1786816955.825000,46.999614,distributed_lock_successful,all,297
2026-08-15_18-01-48-825386_distributedLock,distributedLock,burst-load,1786816956.825000,47.999614,distributed_lock_successful,all,312
2026-08-15_18-01-48-825386_distributedLock,distributedLock,burst-load,1786816957.825000,48.999614,distributed_lock_successful,all,336
2026-08-15_18-01-48-825386_distributedLock,distributedLock,burst-load,1786816958.825000,49.999614,distributed_lock_successful,all,343
2026-08-15_18-01-48-825386_distributedLock,distributedLock,burst-load,1786816959.825000,50.999614,distributed_lock_successful,all,359
2026-08-15_18-01-48-825386_distributedLock,distributedLock,burst-load,1786816960.825000,51.999614,distributed_lock_successful,all,372
2026-08-15_18-01-48-825386_distributedLock,distributedLock,burst-load,1786816961.825000,52.999614,distributed_lock_successful,all,377
2026-08-15_18-01-48-825386_distributedLock,distributedLock,burst-load,1786816962.825000,53.999614,distributed_lock_successful,all,385
2026-08-15_18-01-48-825386_distributedLock,distributedLock,burst-load,1786816963.825000,54.999614,distributed_lock_successful,all,390
2026-08-15_18-01-48-825386_distributedLock,distributedLock,burst-load,1786816964.825000,55.999614,distributed_lock_successful,all,399
2026-08-15_18-01-48-825386_distributedLock,distributedLock,burst-load,1786816965.825000,56.999614,distributed_lock_successful,all,403
2026-08-15_18-01-48-825386_distributedLock,distributedLock,burst-load,1786816966.825000,57.999614,distributed_lock_successful,all,407
2026-08-15_18-01-48-825386_distributedLock,distributedLock,burst-load,1786816967.825000,58.999614,distributed_lock_successful,all,409
2026-08-15_18-01-48-825386_distributedLock,distributedLock,burst-load,1786816968.825000,59.999614,distributed_lock_successful,all,419
2026-08-15_18-01-48-825386_distributedLock,distributedLock,burst-load,1786816969.825000,60.999614,distributed_lock_successful,all,420
2026-08-15_18-01-48-825386_distributedLock,distributedLock,burst-load,1786816970.825000,61.999614,distributed_lock_successful,all,428
2026-08-15_18-01-48-825386_distributedLock,distributedLock,burst-load,1786816971.825000,62.999614,distributed_lock_successful,all,437
2026-08-15_18-01-48-825386_distributedLock,distributedLock,burst-load,1786816972.825000,63.999614,distributed_lock_successful,all,453
2026-08-15_18-01-48-825386_distributedLock,distributedLock,burst-load,1786816973.825000,64.999614,distributed_lock_successful,all,474
2026-08-15_18-01-48-825386_distributedLock,distributedLock,burst-load,1786816974.825000,65.999614,distributed_lock_successful,all,487
2026-08-15_18-01-48-825386_distributedLock,distributedLock,burst-load,1786816975.825000,66.999614,distributed_lock_successful,all,496
2026-08-15_18-01-48-825386_distributedLock,distributedLock,burst-load,1786816976.825000,67.999614,distributed_lock_successful,all,503
2026-08-15_18-01-48-825386_distributedLock,distributedLock,burst-load,1786816977.825000,68.999614,distributed_lock_successful,all,511
2026-08-15_18-01-48-825386_distributedLock,distributedLock,burst-load,1786816978.825000,69.999614,distributed_lock_successful,all,515
2026-08-15_18-01-48-825386_distributedLock,distributedLock,burst-load,1786816979.825000,70.999614,distributed_lock_successful,all,522
2026-08-15_18-01-48-825386_distributedLock,distributedLock,burst-load,1786816980.825000,71.999614,distributed_lock_successful,all,524
2026-08-15_18-01-48-825386_distributedLock,distributedLock,burst-load,1786816981.825000,72.999614,distributed_lock_successful,all,529
2026-08-15_18-01-48-825386_distributedLock,distributedLock,burst-load,1786816982.825000,73.999614,distributed_lock_successful,all,533
2026-08-15_18-01-48-825386_distributedLock,distributedLock,burst-load,1786816983.825000,74.999614,distributed_lock_successful,all,538
2026-08-15_18-01-48-825386_distributedLock,distributedLock,burst-load,1786816984.825000,75.999614,distributed_lock_successful,all,553
2026-08-15_18-01-48-825386_distributedLock,distributedLock,burst-load,1786816985.825000,76.999614,distributed_lock_successful,all,554
2026-08-15_18-01-48-825386_distributedLock,distributedLock,burst-load,1786816986.825000,77.999614,distributed_lock_successful,all,559
2026-08-15_18-01-48-825386_distributedLock,distributedLock,burst-load,1786816987.825000,78.999614,distributed_lock_successful,all,561
2026-08-15_18-01-48-825386_distributedLock,distributedLock,burst-load,1786816988.825000,79.999614,distributed_lock_successful,all,567
2026-08-15_18-01-48-825386_distributedLock,distributedLock,burst-load,1786816989.825000,80.999614,distributed_lock_successful,all,573
2026-08-15_18-01-48-825386_distributedLock,distributedLock,burst-load,1786816990.825000,81.999614,distributed_lock_successful,all,576
2026-08-15_18-01-48-825386_distributedLock,distributedLock,burst-load,1786816991.825000,82.999614,distributed_lock_successful,all,581
2026-08-15_18-01-48-825386_distributedLock,distributedLock,burst-load,1786816992.825000,83.999614,distributed_lock_successful,all,587
2026-08-15_18-01-48-825386_distributedLock,distributedLock,burst-load,1786816993.825000,84.999614,distributed_lock_successful,all,592
2026-08-15_18-01-48-825386_distributedLock,distributedLock,burst-load,1786816994.825000,85.999614,distributed_lock_successful,all,602
2026-08-15_18-01-48-825386_distributedLock,distributedLock,burst-load,1786816995.825000,86.999614,distributed_lock_successful,all,605
2026-08-15_18-01-48-825386_distributedLock,distributedLock,burst-load,1786816996.825000,87.999614,distributed_lock_successful,all,607
2026-08-15_18-01-48-825386_distributedLock,distributedLock,burst-load,1786816997.825000,88.999614,distributed_lock_successful,all,610
2026-08-15_18-01-48-825386_distributedLock,distributedLock,burst-load,1786816998.825000,89.999614,distributed_lock_successful,all,615
2026-08-15_18-01-48-825386_distributedLock,distributedLock,burst-load,1786816999.825000,90.999614,distributed_lock_successful,all,620
2026-08-15_18-01-48-825386_distributedLock,distributedLock,burst-load,1786817000.825000,91.999614,distributed_lock_successful,all,624
2026-08-15_18-01-48-825386_distributedLock,distributedLock,burst-load,1786817001.825000,92.999614,distributed_lock_successful,all,627
2026-08-15_18-01-48-825386_distributedLock,distributedLock,burst-load,1786817002.825000,93.999614,distributed_lock_successful,all,632
2026-08-15_18-01-48-825386_distributedLock,distributedLock,burst-load,1786817003.825000,94.999614,distributed_lock_successful,all,635
2026-08-15_18-01-48-825386_distributedLock,distributedLock,burst-load,1786817004.825000,95.999614,distributed_lock_successful,all,637
2026-08-15_18-01-48-825386_distributedLock,distributedLock,burst-load,1786817005.825000,96.999614,distributed_lock_successful,all,640
2026-08-15_18-01-48-825386_distributedLock,distributedLock,burst-load,1786817006.825000,97.999614,distributed_lock_successful,all,644
2026-08-15_18-01-48-825386_distributedLock,distributedLock,burst-load,1786817007.825000,98.999614,distributed_lock_successful,all,647
2026-08-15_18-01-48-825386_distributedLock,distributedLock,burst-load,1786817008.825000,99.999614,distributed_lock_successful,all,650
2026-08-15_18-01-48-825386_distributedLock,distributedLock,burst-load,1786817009.825000,100.999614,distributed_lock_successful,all,655
2026-08-15_18-01-48-825386_distributedLock,distributedLock,burst-load,1786817010.825000,101.999614,distributed_lock_successful,all,662
2026-08-15_18-01-48-825386_distributedLock,distributedLock,burst-load,1786817011.825000,102.999614,distributed_lock_successful,all,665
2026-08-15_18-01-48-825386_distributedLock,distributedLock,burst-load,1786817012.825000,103.999614,distributed_lock_successful,all,670
2026-08-15_18-01-48-825386_distributedLock,distributedLock,burst-load,1786817013.825000,104.999614,distributed_lock_successful,all,679
2026-08-15_18-01-48-825386_distributedLock,distributedLock,burst-load,1786817014.825000,105.999614,distributed_lock_successful,all,683
2026-08-15_18-01-48-825386_distributedLock,distributedLock,burst-load,1786817015.825000,106.999614,distributed_lock_successful,all,688
2026-08-15_18-01-48-825386_distributedLock,distributedLock,burst-load,1786817016.825000,107.999614,distributed_lock_successful,all,695
2026-08-15_18-01-48-825386_distributedLock,distributedLock,burst-load,1786817017.825000,108.999614,distributed_lock_successful,all,700
2026-08-15_18-01-48-825386_distributedLock,distributedLock,burst-load,1786817018.825000,109.999614,distributed_lock_successful,all,704
2026-08-15_18-01-48-825386_distributedLock,distributedLock,burst-load,1786817019.825000,110.999614,distributed_lock_successful,all,711
2026-08-15_18-01-48-825386_distributedLock,distributedLock,burst-load,1786817020.825000,111.999614,distributed_lock_successful,all,716
2026-08-15_18-01-48-825386_distributedLock,distributedLock,burst-load,1786817021.825000,112.999614,distributed_lock_successful,all,721
2026-08-15_18-01-48-825386_distributedLock,distributedLock,burst-load,1786817022.825000,113.999614,distributed_lock_successful,all,724
2026-08-15_18-01-48-825386_distributedLock,distributedLock,burst-load,1786817023.825000,114.999614,distributed_lock_successful,all,725
2026-08-15_18-01-48-825386_distributedLock,distributedLock,burst-load,1786817024.825000,115.999614,distributed_lock_successful,all,730
2026-08-15_18-01-48-825386_distributedLock,distributedLock,burst-load,1786817025.825000,116.999614,distributed_lock_successful,all,734
2026-08-15_18-01-48-825386_distributedLock,distributedLock,burst-load,1786817026.825000,117.999614,distributed_lock_successful,all,739
2026-08-15_18-01-48-825386_distributedLock,distributedLock,burst-load,1786817027.825000,118.999614,distributed_lock_successful,all,743
2026-08-15_18-01-48-825386_distributedLock,distributedLock,burst-load,1786817028.825000,119.999614,distributed_lock_successful,all,747
2026-08-15_18-01-48-825386_distributedLock,distributedLock,burst-load,1786817029.825000,120.999614,distributed_lock_successful,all,751
2026-08-15_18-01-48-825386_distributedLock,distributedLock,burst-load,1786817030.825000,121.999614,distributed_lock_successful,all,756
2026-08-15_18-01-48-825386_distributedLock,distributedLock,burst-load,1786816912.825000,3.999614,distributed_lock_failed,all,5
2026-08-15_18-01-48-825386_distributedLock,distributedLock,burst-load,1786816913.825000,4.999614,distributed_lock_failed,all,9
2026-08-15_18-01-48-825386_distributedLock,distributedLock,burst-load,1786816914.825000,5.999614,distributed_lock_failed,all,12
2026-08-15_18-01-48-825386_distributedLock,distributedLock,burst-load,1786816915.825000,6.999614,distributed_lock_failed,all,12
2026-08-15_18-01-48-825386_distributedLock,distributedLock,burst-load,1786816916.825000,7.999614,distributed_lock_failed,all,12
2026-08-15_18-01-48-825386_distributedLock,distributedLock,burst-load,1786816917.825000,8.999614,distributed_lock_failed,all,12
2026-08-15_18-01-48-825386_distributedLock,distributedLock,burst-load,1786816918.825000,9.999614,distributed_lock_failed,all,12
2026-08-15_18-01-48-825386_distributedLock,distributedLock,burst-load,1786816919.825000,10.999614,distributed_lock_failed,all,12
2026-08-15_18-01-48-825386_distributedLock,distributedLock,burst-load,1786816920.825000,11.999614,distributed_lock_failed,all,12
2026-08-15_18-01-48-825386_distributedLock,distributedLock,burst-load,1786816921.825000,12.999614,distributed_lock_failed,all,12
2026-08-15_18-01-48-825386_distributedLock,distributedLock,burst-load,1786816922.825000,13.999614,distributed_lock_failed,all,17
2026-08-15_18-01-48-825386_distributedLock,distributedLock,burst-load,1786816923.825000,14.999614,distributed_lock_failed,all,17
2026-08-15_18-01-48-825386_distributedLock,distributedLock,burst-load,1786816924.825000,15.999614,distributed_lock_failed,all,17
2026-08-15_18-01-48-825386_distributedLock,distributedLock,burst-load,1786816925.825000,16.999614,distributed_lock_failed,all,23
2026-08-15_18-01-48-825386_distributedLock,distributedLock,burst-load,1786816926.825000,17.999614,distributed_lock_failed,all,32
2026-08-15_18-01-48-825386_distributedLock,distributedLock,burst-load,1786816927.825000,18.999614,distributed_lock_failed,all,32
2026-08-15_18-01-48-825386_distributedLock,distributedLock,burst-load,1786816928.825000,19.999614,distributed_lock_failed,all,39
2026-08-15_18-01-48-825386_distributedLock,distributedLock,burst-load,1786816929.825000,20.999614,distributed_lock_failed,all,39
2026-08-15_18-01-48-825386_distributedLock,distributedLock,burst-load,1786816930.825000,21.999614,distributed_lock_failed,all,39
2026-08-15_18-01-48-825386_distributedLock,distributedLock,burst-load,1786816931.825000,22.999614,distributed_lock_failed,all,39
2026-08-15_18-01-48-825386_distributedLock,distributedLock,burst-load,1786816932.825000,23.999614,distributed_lock_failed,all,39
2026-08-15_18-01-48-825386_distributedLock,distributedLock,burst-load,1786816933.825000,24.999614,distributed_lock_failed,all,39
2026-08-15_18-01-48-825386_distributedLock,distributedLock,burst-load,1786816934.825000,25.999614,distributed_lock_failed,all,39
2026-08-15_18-01-48-825386_distributedLock,distributedLock,burst-load,1786816935.825000,26.999614,distributed_lock_failed,all,44
2026-08-15_18-01-48-825386_distributedLock,distributedLock,burst-load,1786816936.825000,27.999614,distributed_lock_failed,all,47
2026-08-15_18-01-48-825386_distributedLock,distributedLock,burst-load,1786816937.825000,28.999614,distributed_lock_failed,all,47
2026-08-15_18-01-48-825386_distributedLock,distributedLock,burst-load,1786816938.825000,29.999614,distributed_lock_failed,all,47
2026-08-15_18-01-48-825386_distributedLock,distributedLock,burst-load,1786816939.825000,30.999614,distributed_lock_failed,all,50
2026-08-15_18-01-48-825386_distributedLock,distributedLock,burst-load,1786816940.825000,31.999614,distributed_lock_failed,all,98
2026-08-15_18-01-48-825386_distributedLock,distributedLock,burst-load,1786816941.825000,32.999614,distributed_lock_failed,all,174
2026-08-15_18-01-48-825386_distributedLock,distributedLock,burst-load,1786816942.825000,33.999614,distributed_lock_failed,all,216
2026-08-15_18-01-48-825386_distributedLock,distributedLock,burst-load,1786816943.825000,34.999614,distributed_lock_failed,all,233
2026-08-15_18-01-48-825386_distributedLock,distributedLock,burst-load,1786816944.825000,35.999614,distributed_lock_failed,all,240
2026-08-15_18-01-48-825386_distributedLock,distributedLock,burst-load,1786816945.825000,36.999614,distributed_lock_failed,all,240
2026-08-15_18-01-48-825386_distributedLock,distributedLock,burst-load,1786816946.825000,37.999614,distributed_lock_failed,all,248
2026-08-15_18-01-48-825386_distributedLock,distributedLock,burst-load,1786816947.825000,38.999614,distributed_lock_failed,all,263
2026-08-15_18-01-48-825386_distributedLock,distributedLock,burst-load,1786816948.825000,39.999614,distributed_lock_failed,all,271
2026-08-15_18-01-48-825386_distributedLock,distributedLock,burst-load,1786816949.825000,40.999614,distributed_lock_failed,all,271
2026-08-15_18-01-48-825386_distributedLock,distributedLock,burst-load,1786816950.825000,41.999614,distributed_lock_failed,all,280
2026-08-15_18-01-48-825386_distributedLock,distributedLock,burst-load,1786816951.825000,42.999614,distributed_lock_failed,all,286
2026-08-15_18-01-48-825386_distributedLock,distributedLock,burst-load,1786816952.825000,43.999614,distributed_lock_failed,all,294
2026-08-15_18-01-48-825386_distributedLock,distributedLock,burst-load,1786816953.825000,44.999614,distributed_lock_failed,all,299
2026-08-15_18-01-48-825386_distributedLock,distributedLock,burst-load,1786816954.825000,45.999614,distributed_lock_failed,all,299
2026-08-15_18-01-48-825386_distributedLock,distributedLock,burst-load,1786816955.825000,46.999614,distributed_lock_failed,all,319
2026-08-15_18-01-48-825386_distributedLock,distributedLock,burst-load,1786816956.825000,47.999614,distributed_lock_failed,all,342
2026-08-15_18-01-48-825386_distributedLock,distributedLock,burst-load,1786816957.825000,48.999614,distributed_lock_failed,all,357
2026-08-15_18-01-48-825386_distributedLock,distributedLock,burst-load,1786816958.825000,49.999614,distributed_lock_failed,all,362
2026-08-15_18-01-48-825386_distributedLock,distributedLock,burst-load,1786816959.825000,50.999614,distributed_lock_failed,all,376
2026-08-15_18-01-48-825386_distributedLock,distributedLock,burst-load,1786816960.825000,51.999614,distributed_lock_failed,all,414
2026-08-15_18-01-48-825386_distributedLock,distributedLock,burst-load,1786816961.825000,52.999614,distributed_lock_failed,all,414
2026-08-15_18-01-48-825386_distributedLock,distributedLock,burst-load,1786816962.825000,53.999614,distributed_lock_failed,all,422
2026-08-15_18-01-48-825386_distributedLock,distributedLock,burst-load,1786816963.825000,54.999614,distributed_lock_failed,all,440
2026-08-15_18-01-48-825386_distributedLock,distributedLock,burst-load,1786816964.825000,55.999614,distributed_lock_failed,all,453
2026-08-15_18-01-48-825386_distributedLock,distributedLock,burst-load,1786816965.825000,56.999614,distributed_lock_failed,all,460
2026-08-15_18-01-48-825386_distributedLock,distributedLock,burst-load,1786816966.825000,57.999614,distributed_lock_failed,all,460
2026-08-15_18-01-48-825386_distributedLock,distributedLock,burst-load,1786816967.825000,58.999614,distributed_lock_failed,all,465
2026-08-15_18-01-48-825386_distributedLock,distributedLock,burst-load,1786816968.825000,59.999614,distributed_lock_failed,all,471
2026-08-15_18-01-48-825386_distributedLock,distributedLock,burst-load,1786816969.825000,60.999614,distributed_lock_failed,all,471
2026-08-15_18-01-48-825386_distributedLock,distributedLock,burst-load,1786816970.825000,61.999614,distributed_lock_failed,all,488
2026-08-15_18-01-48-825386_distributedLock,distributedLock,burst-load,1786816971.825000,62.999614,distributed_lock_failed,all,501
2026-08-15_18-01-48-825386_distributedLock,distributedLock,burst-load,1786816972.825000,63.999614,distributed_lock_failed,all,531
2026-08-15_18-01-48-825386_distributedLock,distributedLock,burst-load,1786816973.825000,64.999614,distributed_lock_failed,all,568
2026-08-15_18-01-48-825386_distributedLock,distributedLock,burst-load,1786816974.825000,65.999614,distributed_lock_failed,all,599
2026-08-15_18-01-48-825386_distributedLock,distributedLock,burst-load,1786816975.825000,66.999614,distributed_lock_failed,all,599
2026-08-15_18-01-48-825386_distributedLock,distributedLock,burst-load,1786816976.825000,67.999614,distributed_lock_failed,all,601
2026-08-15_18-01-48-825386_distributedLock,distributedLock,burst-load,1786816977.825000,68.999614,distributed_lock_failed,all,611
2026-08-15_18-01-48-825386_distributedLock,distributedLock,burst-load,1786816978.825000,69.999614,distributed_lock_failed,all,611
2026-08-15_18-01-48-825386_distributedLock,distributedLock,burst-load,1786816979.825000,70.999614,distributed_lock_failed,all,616
2026-08-15_18-01-48-825386_distributedLock,distributedLock,burst-load,1786816980.825000,71.999614,distributed_lock_failed,all,616
2026-08-15_18-01-48-825386_distributedLock,distributedLock,burst-load,1786816981.825000,72.999614,distributed_lock_failed,all,620
2026-08-15_18-01-48-825386_distributedLock,distributedLock,burst-load,1786816982.825000,73.999614,distributed_lock_failed,all,620
2026-08-15_18-01-48-825386_distributedLock,distributedLock,burst-load,1786816983.825000,74.999614,distributed_lock_failed,all,621
2026-08-15_18-01-48-825386_distributedLock,distributedLock,burst-load,1786816984.825000,75.999614,distributed_lock_failed,all,642
2026-08-15_18-01-48-825386_distributedLock,distributedLock,burst-load,1786816985.825000,76.999614,distributed_lock_failed,all,645
2026-08-15_18-01-48-825386_distributedLock,distributedLock,burst-load,1786816986.825000,77.999614,distributed_lock_failed,all,660
2026-08-15_18-01-48-825386_distributedLock,distributedLock,burst-load,1786816987.825000,78.999614,distributed_lock_failed,all,660
2026-08-15_18-01-48-825386_distributedLock,distributedLock,burst-load,1786816988.825000,79.999614,distributed_lock_failed,all,665
2026-08-15_18-01-48-825386_distributedLock,distributedLock,burst-load,1786816989.825000,80.999614,distributed_lock_failed,all,665
2026-08-15_18-01-48-825386_distributedLock,distributedLock,burst-load,1786816990.825000,81.999614,distributed_lock_failed,all,665
2026-08-15_18-01-48-825386_distributedLock,distributedLock,burst-load,1786816991.825000,82.999614,distributed_lock_failed,all,665
2026-08-15_18-01-48-825386_distributedLock,distributedLock,burst-load,1786816992.825000,83.999614,distributed_lock_failed,all,665
2026-08-15_18-01-48-825386_distributedLock,distributedLock,burst-load,1786816993.825000,84.999614,distributed_lock_failed,all,665
2026-08-15_18-01-48-825386_distributedLock,distributedLock,burst-load,1786816994.825000,85.999614,distributed_lock_failed,all,665
2026-08-15_18-01-48-825386_distributedLock,distributedLock,burst-load,1786816995.825000,86.999614,distributed_lock_failed,all,665
2026-08-15_18-01-48-825386_distributedLock,distributedLock,burst-load,1786816996.825000,87.999614,distributed_lock_failed,all,665
2026-08-15_18-01-48-825386_distributedLock,distributedLock,burst-load,1786816997.825000,88.999614,distributed_lock_failed,all,665
2026-08-15_18-01-48-825386_distributedLock,distributedLock,burst-load,1786816998.825000,89.999614,distributed_lock_failed,all,665
2026-08-15_18-01-48-825386_distributedLock,distributedLock,burst-load,1786816999.825000,90.999614,distributed_lock_failed,all,665
2026-08-15_18-01-48-825386_distributedLock,distributedLock,burst-load,1786817000.825000,91.999614,distributed_lock_failed,all,665
2026-08-15_18-01-48-825386_distributedLock,distributedLock,burst-load,1786817001.825000,92.999614,distributed_lock_failed,all,665
2026-08-15_18-01-48-825386_distributedLock,distributedLock,burst-load,1786817002.825000,93.999614,distributed_lock_failed,all,665
2026-08-15_18-01-48-825386_distributedLock,distributedLock,burst-load,1786817003.825000,94.999614,distributed_lock_failed,all,665
2026-08-15_18-01-48-825386_distributedLock,distributedLock,burst-load,1786817004.825000,95.999614,distributed_lock_failed,all,665
2026-08-15_18-01-48-825386_distributedLock,distributedLock,burst-load,1786817005.825000,96.999614,distributed_lock_failed,all,665
2026-08-15_18-01-48-825386_distributedLock,distributedLock,burst-load,1786817006.825000,97.999614,distributed_lock_failed,all,668
2026-08-15_18-01-48-825386_distributedLock,distributedLock,burst-load,1786817007.825000,98.999614,distributed_lock_failed,all,668
2026-08-15_18-01-48-825386_distributedLock,distributedLock,burst-load,1786817008.825000,99.999614,distributed_lock_failed,all,671
2026-08-15_18-01-48-825386_distributedLock,distributedLock,burst-load,1786817009.825000,100.999614,distributed_lock_failed,all,671
2026-08-15_18-01-48-825386_distributedLock,distributedLock,burst-load,1786817010.825000,101.999614,distributed_lock_failed,all,671
2026-08-15_18-01-48-825386_distributedLock,distributedLock,burst-load,1786817011.825000,102.999614,distributed_lock_failed,all,671
2026-08-15_18-01-48-825386_distributedLock,distributedLock,burst-load,1786817012.825000,103.999614,distributed_lock_failed,all,671
2026-08-15_18-01-48-825386_distributedLock,distributedLock,burst-load,1786817013.825000,104.999614,distributed_lock_failed,all,672
2026-08-15_18-01-48-825386_distributedLock,distributedLock,burst-load,1786817014.825000,105.999614,distributed_lock_failed,all,672
2026-08-15_18-01-48-825386_distributedLock,distributedLock,burst-load,1786817015.825000,106.999614,distributed_lock_failed,all,672
2026-08-15_18-01-48-825386_distributedLock,distributedLock,burst-load,1786817016.825000,107.999614,distributed_lock_failed,all,672
2026-08-15_18-01-48-825386_distributedLock,distributedLock,burst-load,1786817017.825000,108.999614,distributed_lock_failed,all,672
2026-08-15_18-01-48-825386_distributedLock,distributedLock,burst-load,1786817018.825000,109.999614,distributed_lock_failed,all,672
2026-08-15_18-01-48-825386_distributedLock,distributedLock,burst-load,1786817019.825000,110.999614,distributed_lock_failed,all,672
2026-08-15_18-01-48-825386_distributedLock,distributedLock,burst-load,1786817020.825000,111.999614,distributed_lock_failed,all,673
2026-08-15_18-01-48-825386_distributedLock,distributedLock,burst-load,1786817021.825000,112.999614,distributed_lock_failed,all,673
2026-08-15_18-01-48-825386_distributedLock,distributedLock,burst-load,1786817022.825000,113.999614,distributed_lock_failed,all,673
2026-08-15_18-01-48-825386_distributedLock,distributedLock,burst-load,1786817023.825000,114.999614,distributed_lock_failed,all,673
2026-08-15_18-01-48-825386_distributedLock,distributedLock,burst-load,1786817024.825000,115.999614,distributed_lock_failed,all,673
2026-08-15_18-01-48-825386_distributedLock,distributedLock,burst-load,1786817025.825000,116.999614,distributed_lock_failed,all,676
2026-08-15_18-01-48-825386_distributedLock,distributedLock,burst-load,1786817026.825000,117.999614,distributed_lock_failed,all,676
2026-08-15_18-01-48-825386_distributedLock,distributedLock,burst-load,1786817027.825000,118.999614,distributed_lock_failed,all,676
2026-08-15_18-01-48-825386_distributedLock,distributedLock,burst-load,1786817028.825000,119.999614,distributed_lock_failed,all,676
2026-08-15_18-01-48-825386_distributedLock,distributedLock,burst-load,1786817029.825000,120.999614,distributed_lock_failed,all,676
2026-08-15_18-01-48-825386_distributedLock,distributedLock,burst-load,1786817030.825000,121.999614,distributed_lock_failed,all,676
2026-08-15_18-01-48-825386_distributedLock,distributedLock,burst-load,1786816909.825000,0.999614,faf_by_key,key=/api/backend/1,1
2026-08-15_18-01-48-825386_distributedLock,distributedLock,burst-load,1786816910.825000,1.999614,faf_by_key,key=/api/backend/1,1
2026-08-15_18-01-48-825386_distributedLock,distributedLock,burst-load,1786816911.825000,2.999614,faf_by_key,key=/api/backend/1,1
2026-08-15_18-01-48-825386_distributedLock,distributedLock,burst-load,1786816912.825000,3.999614,faf_by_key,key=/api/backend/1,1
2026-08-15_18-01-48-825386_distributedLock,distributedLock,burst-load,1786816913.825000,4.999614,faf_by_key,key=/api/backend/1,1
2026-08-15_18-01-48-825386_distributedLock,distributedLock,burst-load,1786816914.825000,5.999614,faf_by_key,key=/api/backend/1,1
2026-08-15_18-01-48-825386_distributedLock,distributedLock,burst-load,1786816915.825000,6.999614,faf_by_key,key=/api/backend/1,1
2026-08-15_18-01-48-825386_distributedLock,distributedLock,burst-load,1786816916.825000,7.999614,faf_by_key,key=/api/backend/1,1
2026-08-15_18-01-48-825386_distributedLock,distributedLock,burst-load,1786816917.825000,8.999614,faf_by_key,key=/api/backend/1,1
2026-08-15_18-01-48-825386_distributedLock,distributedLock,burst-load,1786816918.825000,9.999614,faf_by_key,key=/api/backend/1,1
2026-08-15_18-01-48-825386_distributedLock,distributedLock,burst-load,1786816919.825000,10.999614,faf_by_key,key=/api/backend/1,1
2026-08-15_18-01-48-825386_distributedLock,distributedLock,burst-load,1786816920.825000,11.999614,faf_by_key,key=/api/backend/1,1
2026-08-15_18-01-48-825386_distributedLock,distributedLock,burst-load,1786816921.825000,12.999614,faf_by_key,key=/api/backend/1,1
2026-08-15_18-01-48-825386_distributedLock,distributedLock,burst-load,1786816922.825000,13.999614,faf_by_key,key=/api/backend/1,1
2026-08-15_18-01-48-825386_distributedLock,distributedLock,burst-load,1786816923.825000,14.999614,faf_by_key,key=/api/backend/1,1
2026-08-15_18-01-48-825386_distributedLock,distributedLock,burst-load,1786816924.825000,15.999614,faf_by_key,key=/api/backend/1,1
2026-08-15_18-01-48-825386_distributedLock,distributedLock,burst-load,1786816925.825000,16.999614,faf_by_key,key=/api/backend/1,1
2026-08-15_18-01-48-825386_distributedLock,distributedLock,burst-load,1786816926.825000,17.999614,faf_by_key,key=/api/backend/1,1
2026-08-15_18-01-48-825386_distributedLock,distributedLock,burst-load,1786816927.825000,18.999614,faf_by_key,key=/api/backend/1,1
2026-08-15_18-01-48-825386_distributedLock,distributedLock,burst-load,1786816928.825000,19.999614,faf_by_key,key=/api/backend/1,1
2026-08-15_18-01-48-825386_distributedLock,distributedLock,burst-load,1786816929.825000,20.999614,faf_by_key,key=/api/backend/1,1
2026-08-15_18-01-48-825386_distributedLock,distributedLock,burst-load,1786816930.825000,21.999614,faf_by_key,key=/api/backend/1,1
2026-08-15_18-01-48-825386_distributedLock,distributedLock,burst-load,1786816931.825000,22.999614,faf_by_key,key=/api/backend/1,1
2026-08-15_18-01-48-825386_distributedLock,distributedLock,burst-load,1786816932.825000,23.999614,faf_by_key,key=/api/backend/1,1
2026-08-15_18-01-48-825386_distributedLock,distributedLock,burst-load,1786816933.825000,24.999614,faf_by_key,key=/api/backend/1,1
2026-08-15_18-01-48-825386_distributedLock,distributedLock,burst-load,1786816934.825000,25.999614,faf_by_key,key=/api/backend/1,1
2026-08-15_18-01-48-825386_distributedLock,distributedLock,burst-load,1786816935.825000,26.999614,faf_by_key,key=/api/backend/1,1
2026-08-15_18-01-48-825386_distributedLock,distributedLock,burst-load,1786816936.825000,27.999614,faf_by_key,key=/api/backend/1,1
2026-08-15_18-01-48-825386_distributedLock,distributedLock,burst-load,1786816937.825000,28.999614,faf_by_key,key=/api/backend/1,1
2026-08-15_18-01-48-825386_distributedLock,distributedLock,burst-load,1786816938.825000,29.999614,faf_by_key,key=/api/backend/1,1
2026-08-15_18-01-48-825386_distributedLock,distributedLock,burst-load,1786816939.825000,30.999614,faf_by_key,key=/api/backend/1,1
2026-08-15_18-01-48-825386_distributedLock,distributedLock,burst-load,1786816940.825000,31.999614,faf_by_key,key=/api/backend/1,1
2026-08-15_18-01-48-825386_distributedLock,distributedLock,burst-load,1786816941.825000,32.999614,faf_by_key,key=/api/backend/1,1
2026-08-15_18-01-48-825386_distributedLock,distributedLock,burst-load,1786816942.825000,33.999614,faf_by_key,key=/api/backend/1,1
2026-08-15_18-01-48-825386_distributedLock,distributedLock,burst-load,1786816943.825000,34.999614,faf_by_key,key=/api/backend/1,1
2026-08-15_18-01-48-825386_distributedLock,distributedLock,burst-load,1786816944.825000,35.999614,faf_by_key,key=/api/backend/1,1
2026-08-15_18-01-48-825386_distributedLock,distributedLock,burst-load,1786816945.825000,36.999614,faf_by_key,key=/api/backend/1,1
2026-08-15_18-01-48-825386_distributedLock,distributedLock,burst-load,1786816946.825000,37.999614,faf_by_key,key=/api/backend/1,1
2026-08-15_18-01-48-825386_distributedLock,distributedLock,burst-load,1786816947.825000,38.999614,faf_by_key,key=/api/backend/1,1
2026-08-15_18-01-48-825386_distributedLock,distributedLock,burst-load,1786816948.825000,39.999614,faf_by_key,key=/api/backend/1,1
2026-08-15_18-01-48-825386_distributedLock,distributedLock,burst-load,1786816949.825000,40.999614,faf_by_key,key=/api/backend/1,1
2026-08-15_18-01-48-825386_distributedLock,distributedLock,burst-load,1786816950.825000,41.999614,faf_by_key,key=/api/backend/1,1
2026-08-15_18-01-48-825386_distributedLock,distributedLock,burst-load,1786816951.825000,42.999614,faf_by_key,key=/api/backend/1,1
2026-08-15_18-01-48-825386_distributedLock,distributedLock,burst-load,1786816952.825000,43.999614,faf_by_key,key=/api/backend/1,1
2026-08-15_18-01-48-825386_distributedLock,distributedLock,burst-load,1786816953.825000,44.999614,faf_by_key,key=/api/backend/1,1
2026-08-15_18-01-48-825386_distributedLock,distributedLock,burst-load,1786816954.825000,45.999614,faf_by_key,key=/api/backend/1,1
2026-08-15_18-01-48-825386_distributedLock,distributedLock,burst-load,1786816955.825000,46.999614,faf_by_key,key=/api/backend/1,1
2026-08-15_18-01-48-825386_distributedLock,distributedLock,burst-load,1786816956.825000,47.999614,faf_by_key,key=/api/backend/1,1
2026-08-15_18-01-48-825386_distributedLock,distributedLock,burst-load,1786816957.825000,48.999614,faf_by_key,key=/api/backend/1,1
2026-08-15_18-01-48-825386_distributedLock,distributedLock,burst-load,1786816958.825000,49.999614,faf_by_key,key=/api/backend/1,1
2026-08-15_18-01-48-825386_distributedLock,distributedLock,burst-load,1786816959.825000,50.999614,faf_by_key,key=/api/backend/1,1
2026-08-15_18-01-48-825386_distributedLock,distributedLock,burst-load,1786816960.825000,51.999614,faf_by_key,key=/api/backend/1,1
2026-08-15_18-01-48-825386_distributedLock,distributedLock,burst-load,1786816961.825000,52.999614,faf_by_key,key=/api/backend/1,1
2026-08-15_18-01-48-825386_distributedLock,distributedLock,burst-load,1786816962.825000,53.999614,faf_by_key,key=/api/backend/1,1
2026-08-15_18-01-48-825386_distributedLock,distributedLock,burst-load,1786816963.825000,54.999614,faf_by_key,key=/api/backend/1,1
2026-08-15_18-01-48-825386_distributedLock,distributedLock,burst-load,1786816964.825000,55.999614,faf_by_key,key=/api/backend/1,1
2026-08-15_18-01-48-825386_distributedLock,distributedLock,burst-load,1786816965.825000,56.999614,faf_by_key,key=/api/backend/1,1
2026-08-15_18-01-48-825386_distributedLock,distributedLock,burst-load,1786816966.825000,57.999614,faf_by_key,key=/api/backend/1,1
2026-08-15_18-01-48-825386_distributedLock,distributedLock,burst-load,1786816967.825000,58.999614,faf_by_key,key=/api/backend/1,1
2026-08-15_18-01-48-825386_distributedLock,distributedLock,burst-load,1786816968.825000,59.999614,faf_by_key,key=/api/backend/1,1
2026-08-15_18-01-48-825386_distributedLock,distributedLock,burst-load,1786816969.825000,60.999614,faf_by_key,key=/api/backend/1,1
2026-08-15_18-01-48-825386_distributedLock,distributedLock,burst-load,1786816970.825000,61.999614,faf_by_key,key=/api/backend/1,1
2026-08-15_18-01-48-825386_distributedLock,distributedLock,burst-load,1786816971.825000,62.999614,faf_by_key,key=/api/backend/1,1
2026-08-15_18-01-48-825386_distributedLock,distributedLock,burst-load,1786816972.825000,63.999614,faf_by_key,key=/api/backend/1,1
2026-08-15_18-01-48-825386_distributedLock,distributedLock,burst-load,1786816973.825000,64.999614,faf_by_key,key=/api/backend/1,1
2026-08-15_18-01-48-825386_distributedLock,distributedLock,burst-load,1786816974.825000,65.999614,faf_by_key,key=/api/backend/1,1
2026-08-15_18-01-48-825386_distributedLock,distributedLock,burst-load,1786816975.825000,66.999614,faf_by_key,key=/api/backend/1,1
2026-08-15_18-01-48-825386_distributedLock,distributedLock,burst-load,1786816976.825000,67.999614,faf_by_key,key=/api/backend/1,1
2026-08-15_18-01-48-825386_distributedLock,distributedLock,burst-load,1786816977.825000,68.999614,faf_by_key,key=/api/backend/1,1
2026-08-15_18-01-48-825386_distributedLock,distributedLock,burst-load,1786816978.825000,69.999614,faf_by_key,key=/api/backend/1,1
2026-08-15_18-01-48-825386_distributedLock,distributedLock,burst-load,1786816979.825000,70.999614,faf_by_key,key=/api/backend/1,1
2026-08-15_18-01-48-825386_distributedLock,distributedLock,burst-load,1786816980.825000,71.999614,faf_by_key,key=/api/backend/1,1
2026-08-15_18-01-48-825386_distributedLock,distributedLock,burst-load,1786816981.825000,72.999614,faf_by_key,key=/api/backend/1,1
2026-08-15_18-01-48-825386_distributedLock,distributedLock,burst-load,1786816982.825000,73.999614,faf_by_key,key=/api/backend/1,1
2026-08-15_18-01-48-825386_distributedLock,distributedLock,burst-load,1786816983.825000,74.999614,faf_by_key,key=/api/backend/1,1
2026-08-15_18-01-48-825386_distributedLock,distributedLock,burst-load,1786816984.825000,75.999614,faf_by_key,key=/api/backend/1,1
2026-08-15_18-01-48-825386_distributedLock,distributedLock,burst-load,1786816985.825000,76.999614,faf_by_key,key=/api/backend/1,1
2026-08-15_18-01-48-825386_distributedLock,distributedLock,burst-load,1786816986.825000,77.999614,faf_by_key,key=/api/backend/1,1
2026-08-15_18-01-48-825386_distributedLock,distributedLock,burst-load,1786816987.825000,78.999614,faf_by_key,key=/api/backend/1,1
2026-08-15_18-01-48-825386_distributedLock,distributedLock,burst-load,1786816988.825000,79.999614,faf_by_key,key=/api/backend/1,1
2026-08-15_18-01-48-825386_distributedLock,distributedLock,burst-load,1786816989.825000,80.999614,faf_by_key,key=/api/backend/1,1
2026-08-15_18-01-48-825386_distributedLock,distributedLock,burst-load,1786816990.825000,81.999614,faf_by_key,key=/api/backend/1,1
2026-08-15_18-01-48-825386_distributedLock,distributedLock,burst-load,1786816991.825000,82.999614,faf_by_key,key=/api/backend/1,1
2026-08-15_18-01-48-825386_distributedLock,distributedLock,burst-load,1786816992.825000,83.999614,faf_by_key,key=/api/backend/1,1
2026-08-15_18-01-48-825386_distributedLock,distributedLock,burst-load,1786816993.825000,84.999614,faf_by_key,key=/api/backend/1,1
2026-08-15_18-01-48-825386_distributedLock,distributedLock,burst-load,1786816994.825000,85.999614,faf_by_key,key=/api/backend/1,1
2026-08-15_18-01-48-825386_distributedLock,distributedLock,burst-load,1786816995.825000,86.999614,faf_by_key,key=/api/backend/1,1
2026-08-15_18-01-48-825386_distributedLock,distributedLock,burst-load,1786816996.825000,87.999614,faf_by_key,key=/api/backend/1,1
2026-08-15_18-01-48-825386_distributedLock,distributedLock,burst-load,1786816997.825000,88.999614,faf_by_key,key=/api/backend/1,1
2026-08-15_18-01-48-825386_distributedLock,distributedLock,burst-load,1786816998.825000,89.999614,faf_by_key,key=/api/backend/1,1
2026-08-15_18-01-48-825386_distributedLock,distributedLock,burst-load,1786816999.825000,90.999614,faf_by_key,key=/api/backend/1,1
2026-08-15_18-01-48-825386_distributedLock,distributedLock,burst-load,1786817000.825000,91.999614,faf_by_key,key=/api/backend/1,1
2026-08-15_18-01-48-825386_distributedLock,distributedLock,burst-load,1786817001.825000,92.999614,faf_by_key,key=/api/backend/1,1
2026-08-15_18-01-48-825386_distributedLock,distributedLock,burst-load,1786817002.825000,93.999614,faf_by_key,key=/api/backend/1,1
2026-08-15_18-01-48-825386_distributedLock,distributedLock,burst-load,1786817003.825000,94.999614,faf_by_key,key=/api/backend/1,1
2026-08-15_18-01-48-825386_distributedLock,distributedLock,burst-load,1786817004.825000,95.999614,faf_by_key,key=/api/backend/1,1
2026-08-15_18-01-48-825386_distributedLock,distributedLock,burst-load,1786817005.825000,96.999614,faf_by_key,key=/api/backend/1,1
2026-08-15_18-01-48-825386_distributedLock,distributedLock,burst-load,1786817006.825000,97.999614,faf_by_key,key=/api/backend/1,1
2026-08-15_18-01-48-825386_distributedLock,distributedLock,burst-load,1786817007.825000,98.999614,faf_by_key,key=/api/backend/1,1
2026-08-15_18-01-48-825386_distributedLock,distributedLock,burst-load,1786817008.825000,99.999614,faf_by_key,key=/api/backend/1,1
2026-08-15_18-01-48-825386_distributedLock,distributedLock,burst-load,1786817009.825000,100.999614,faf_by_key,key=/api/backend/1,1
2026-08-15_18-01-48-825386_distributedLock,distributedLock,burst-load,1786817010.825000,101.999614,faf_by_key,key=/api/backend/1,1
2026-08-15_18-01-48-825386_distributedLock,distributedLock,burst-load,1786817011.825000,102.999614,faf_by_key,key=/api/backend/1,1
2026-08-15_18-01-48-825386_distributedLock,distributedLock,burst-load,1786817012.825000,103.999614,faf_by_key,key=/api/backend/1,1
2026-08-15_18-01-48-825386_distributedLock,distributedLock,burst-load,1786817013.825000,104.999614,faf_by_key,key=/api/backend/1,1
2026-08-15_18-01-48-825386_distributedLock,distributedLock,burst-load,1786817014.825000,105.999614,faf_by_key,key=/api/backend/1,1
2026-08-15_18-01-48-825386_distributedLock,distributedLock,burst-load,1786817015.825000,106.999614,faf_by_key,key=/api/backend/1,1
2026-08-15_18-01-48-825386_distributedLock,distributedLock,burst-load,1786817016.825000,107.999614,faf_by_key,key=/api/backend/1,1
2026-08-15_18-01-48-825386_distributedLock,distributedLock,burst-load,1786817017.825000,108.999614,faf_by_key,key=/api/backend/1,1
2026-08-15_18-01-48-825386_distributedLock,distributedLock,burst-load,1786817018.825000,109.999614,faf_by_key,key=/api/backend/1,1
2026-08-15_18-01-48-825386_distributedLock,distributedLock,burst-load,1786817019.825000,110.999614,faf_by_key,key=/api/backend/1,1
2026-08-15_18-01-48-825386_distributedLock,distributedLock,burst-load,1786817020.825000,111.999614,faf_by_key,key=/api/backend/1,1
2026-08-15_18-01-48-825386_distributedLock,distributedLock,burst-load,1786817021.825000,112.999614,faf_by_key,key=/api/backend/1,1
2026-08-15_18-01-48-825386_distributedLock,distributedLock,burst-load,1786817022.825000,113.999614,faf_by_key,key=/api/backend/1,1
2026-08-15_18-01-48-825386_distributedLock,distributedLock,burst-load,1786817023.825000,114.999614,faf_by_key,key=/api/backend/1,1
2026-08-15_18-01-48-825386_distributedLock,distributedLock,burst-load,1786817024.825000,115.999614,faf_by_key,key=/api/backend/1,1
2026-08-15_18-01-48-825386_distributedLock,distributedLock,burst-load,1786817025.825000,116.999614,faf_by_key,key=/api/backend/1,1
2026-08-15_18-01-48-825386_distributedLock,distributedLock,burst-load,1786817026.825000,117.999614,faf_by_key,key=/api/backend/1,1
2026-08-15_18-01-48-825386_distributedLock,distributedLock,burst-load,1786817027.825000,118.999614,faf_by_key,key=/api/backend/1,1
2026-08-15_18-01-48-825386_distributedLock,distributedLock,burst-load,1786817028.825000,119.999614,faf_by_key,key=/api/backend/1,1
2026-08-15_18-01-48-825386_distributedLock,distributedLock,burst-load,1786817029.825000,120.999614,faf_by_key,key=/api/backend/1,1
2026-08-15_18-01-48-825386_distributedLock,distributedLock,burst-load,1786817030.825000,121.999614,faf_by_key,key=/api/backend/1,1
2026-08-15_18-01-48-825386_distributedLock,distributedLock,burst-load,1786816910.825000,1.999614,faf_by_key,key=/api/backend/2,1
2026-08-15_18-01-48-825386_distributedLock,distributedLock,burst-load,1786816911.825000,2.999614,faf_by_key,key=/api/backend/2,1
2026-08-15_18-01-48-825386_distributedLock,distributedLock,burst-load,1786816912.825000,3.999614,faf_by_key,key=/api/backend/2,1
2026-08-15_18-01-48-825386_distributedLock,distributedLock,burst-load,1786816913.825000,4.999614,faf_by_key,key=/api/backend/2,1
2026-08-15_18-01-48-825386_distributedLock,distributedLock,burst-load,1786816914.825000,5.999614,faf_by_key,key=/api/backend/2,1
2026-08-15_18-01-48-825386_distributedLock,distributedLock,burst-load,1786816915.825000,6.999614,faf_by_key,key=/api/backend/2,1
2026-08-15_18-01-48-825386_distributedLock,distributedLock,burst-load,1786816916.825000,7.999614,faf_by_key,key=/api/backend/2,1
2026-08-15_18-01-48-825386_distributedLock,distributedLock,burst-load,1786816917.825000,8.999614,faf_by_key,key=/api/backend/2,1
2026-08-15_18-01-48-825386_distributedLock,distributedLock,burst-load,1786816918.825000,9.999614,faf_by_key,key=/api/backend/2,1
2026-08-15_18-01-48-825386_distributedLock,distributedLock,burst-load,1786816919.825000,10.999614,faf_by_key,key=/api/backend/2,1
2026-08-15_18-01-48-825386_distributedLock,distributedLock,burst-load,1786816920.825000,11.999614,faf_by_key,key=/api/backend/2,1
2026-08-15_18-01-48-825386_distributedLock,distributedLock,burst-load,1786816921.825000,12.999614,faf_by_key,key=/api/backend/2,1
2026-08-15_18-01-48-825386_distributedLock,distributedLock,burst-load,1786816922.825000,13.999614,faf_by_key,key=/api/backend/2,1
2026-08-15_18-01-48-825386_distributedLock,distributedLock,burst-load,1786816923.825000,14.999614,faf_by_key,key=/api/backend/2,1
2026-08-15_18-01-48-825386_distributedLock,distributedLock,burst-load,1786816924.825000,15.999614,faf_by_key,key=/api/backend/2,1
2026-08-15_18-01-48-825386_distributedLock,distributedLock,burst-load,1786816925.825000,16.999614,faf_by_key,key=/api/backend/2,1
2026-08-15_18-01-48-825386_distributedLock,distributedLock,burst-load,1786816926.825000,17.999614,faf_by_key,key=/api/backend/2,1
2026-08-15_18-01-48-825386_distributedLock,distributedLock,burst-load,1786816927.825000,18.999614,faf_by_key,key=/api/backend/2,1
2026-08-15_18-01-48-825386_distributedLock,distributedLock,burst-load,1786816928.825000,19.999614,faf_by_key,key=/api/backend/2,1
2026-08-15_18-01-48-825386_distributedLock,distributedLock,burst-load,1786816929.825000,20.999614,faf_by_key,key=/api/backend/2,1
2026-08-15_18-01-48-825386_distributedLock,distributedLock,burst-load,1786816930.825000,21.999614,faf_by_key,key=/api/backend/2,1
2026-08-15_18-01-48-825386_distributedLock,distributedLock,burst-load,1786816931.825000,22.999614,faf_by_key,key=/api/backend/2,1
2026-08-15_18-01-48-825386_distributedLock,distributedLock,burst-load,1786816932.825000,23.999614,faf_by_key,key=/api/backend/2,1
2026-08-15_18-01-48-825386_distributedLock,distributedLock,burst-load,1786816933.825000,24.999614,faf_by_key,key=/api/backend/2,1
2026-08-15_18-01-48-825386_distributedLock,distributedLock,burst-load,1786816934.825000,25.999614,faf_by_key,key=/api/backend/2,1
2026-08-15_18-01-48-825386_distributedLock,distributedLock,burst-load,1786816935.825000,26.999614,faf_by_key,key=/api/backend/2,1
2026-08-15_18-01-48-825386_distributedLock,distributedLock,burst-load,1786816936.825000,27.999614,faf_by_key,key=/api/backend/2,1
2026-08-15_18-01-48-825386_distributedLock,distributedLock,burst-load,1786816937.825000,28.999614,faf_by_key,key=/api/backend/2,1
2026-08-15_18-01-48-825386_distributedLock,distributedLock,burst-load,1786816938.825000,29.999614,faf_by_key,key=/api/backend/2,1
2026-08-15_18-01-48-825386_distributedLock,distributedLock,burst-load,1786816939.825000,30.999614,faf_by_key,key=/api/backend/2,1
2026-08-15_18-01-48-825386_distributedLock,distributedLock,burst-load,1786816940.825000,31.999614,faf_by_key,key=/api/backend/2,1
2026-08-15_18-01-48-825386_distributedLock,distributedLock,burst-load,1786816941.825000,32.999614,faf_by_key,key=/api/backend/2,1
2026-08-15_18-01-48-825386_distributedLock,distributedLock,burst-load,1786816942.825000,33.999614,faf_by_key,key=/api/backend/2,1
2026-08-15_18-01-48-825386_distributedLock,distributedLock,burst-load,1786816943.825000,34.999614,faf_by_key,key=/api/backend/2,1
2026-08-15_18-01-48-825386_distributedLock,distributedLock,burst-load,1786816944.825000,35.999614,faf_by_key,key=/api/backend/2,1
2026-08-15_18-01-48-825386_distributedLock,distributedLock,burst-load,1786816945.825000,36.999614,faf_by_key,key=/api/backend/2,1
2026-08-15_18-01-48-825386_distributedLock,distributedLock,burst-load,1786816946.825000,37.999614,faf_by_key,key=/api/backend/2,1
2026-08-15_18-01-48-825386_distributedLock,distributedLock,burst-load,1786816947.825000,38.999614,faf_by_key,key=/api/backend/2,1
2026-08-15_18-01-48-825386_distributedLock,distributedLock,burst-load,1786816948.825000,39.999614,faf_by_key,key=/api/backend/2,1
2026-08-15_18-01-48-825386_distributedLock,distributedLock,burst-load,1786816949.825000,40.999614,faf_by_key,key=/api/backend/2,1
2026-08-15_18-01-48-825386_distributedLock,distributedLock,burst-load,1786816950.825000,41.999614,faf_by_key,key=/api/backend/2,1
2026-08-15_18-01-48-825386_distributedLock,distributedLock,burst-load,1786816951.825000,42.999614,faf_by_key,key=/api/backend/2,1
2026-08-15_18-01-48-825386_distributedLock,distributedLock,burst-load,1786816952.825000,43.999614,faf_by_key,key=/api/backend/2,1
2026-08-15_18-01-48-825386_distributedLock,distributedLock,burst-load,1786816953.825000,44.999614,faf_by_key,key=/api/backend/2,1
2026-08-15_18-01-48-825386_distributedLock,distributedLock,burst-load,1786816954.825000,45.999614,faf_by_key,key=/api/backend/2,1
2026-08-15_18-01-48-825386_distributedLock,distributedLock,burst-load,1786816955.825000,46.999614,faf_by_key,key=/api/backend/2,1
2026-08-15_18-01-48-825386_distributedLock,distributedLock,burst-load,1786816956.825000,47.999614,faf_by_key,key=/api/backend/2,1
2026-08-15_18-01-48-825386_distributedLock,distributedLock,burst-load,1786816957.825000,48.999614,faf_by_key,key=/api/backend/2,1
2026-08-15_18-01-48-825386_distributedLock,distributedLock,burst-load,1786816958.825000,49.999614,faf_by_key,key=/api/backend/2,1
2026-08-15_18-01-48-825386_distributedLock,distributedLock,burst-load,1786816959.825000,50.999614,faf_by_key,key=/api/backend/2,1
2026-08-15_18-01-48-825386_distributedLock,distributedLock,burst-load,1786816960.825000,51.999614,faf_by_key,key=/api/backend/2,1
2026-08-15_18-01-48-825386_distributedLock,distributedLock,burst-load,1786816961.825000,52.999614,faf_by_key,key=/api/backend/2,1
2026-08-15_18-01-48-825386_distributedLock,distributedLock,burst-load,1786816962.825000,53.999614,faf_by_key,key=/api/backend/2,1
2026-08-15_18-01-48-825386_distributedLock,distributedLock,burst-load,1786816963.825000,54.999614,faf_by_key,key=/api/backend/2,1
2026-08-15_18-01-48-825386_distributedLock,distributedLock,burst-load,1786816964.825000,55.999614,faf_by_key,key=/api/backend/2,1
2026-08-15_18-01-48-825386_distributedLock,distributedLock,burst-load,1786816965.825000,56.999614,faf_by_key,key=/api/backend/2,1
2026-08-15_18-01-48-825386_distributedLock,distributedLock,burst-load,1786816966.825000,57.999614,faf_by_key,key=/api/backend/2,1
2026-08-15_18-01-48-825386_distributedLock,distributedLock,burst-load,1786816967.825000,58.999614,faf_by_key,key=/api/backend/2,1
2026-08-15_18-01-48-825386_distributedLock,distributedLock,burst-load,1786816968.825000,59.999614,faf_by_key,key=/api/backend/2,1
2026-08-15_18-01-48-825386_distributedLock,distributedLock,burst-load,1786816969.825000,60.999614,faf_by_key,key=/api/backend/2,1
2026-08-15_18-01-48-825386_distributedLock,distributedLock,burst-load,1786816970.825000,61.999614,faf_by_key,key=/api/backend/2,1
2026-08-15_18-01-48-825386_distributedLock,distributedLock,burst-load,1786816971.825000,62.999614,faf_by_key,key=/api/backend/2,1
2026-08-15_18-01-48-825386_distributedLock,distributedLock,burst-load,1786816972.825000,63.999614,faf_by_key,key=/api/backend/2,1
2026-08-15_18-01-48-825386_distributedLock,distributedLock,burst-load,1786816973.825000,64.999614,faf_by_key,key=/api/backend/2,1
2026-08-15_18-01-48-825386_distributedLock,distributedLock,burst-load,1786816974.825000,65.999614,faf_by_key,key=/api/backend/2,1
2026-08-15_18-01-48-825386_distributedLock,distributedLock,burst-load,1786816975.825000,66.999614,faf_by_key,key=/api/backend/2,1
2026-08-15_18-01-48-825386_distributedLock,distributedLock,burst-load,1786816976.825000,67.999614,faf_by_key,key=/api/backend/2,1
2026-08-15_18-01-48-825386_distributedLock,distributedLock,burst-load,1786816977.825000,68.999614,faf_by_key,key=/api/backend/2,1
2026-08-15_18-01-48-825386_distributedLock,distributedLock,burst-load,1786816978.825000,69.999614,faf_by_key,key=/api/backend/2,1
2026-08-15_18-01-48-825386_distributedLock,distributedLock,burst-load,1786816979.825000,70.999614,faf_by_key,key=/api/backend/2,1
2026-08-15_18-01-48-825386_distributedLock,distributedLock,burst-load,1786816980.825000,71.999614,faf_by_key,key=/api/backend/2,1
2026-08-15_18-01-48-825386_distributedLock,distributedLock,burst-load,1786816981.825000,72.999614,faf_by_key,key=/api/backend/2,1
2026-08-15_18-01-48-825386_distributedLock,distributedLock,burst-load,1786816982.825000,73.999614,faf_by_key,key=/api/backend/2,1
2026-08-15_18-01-48-825386_distributedLock,distributedLock,burst-load,1786816983.825000,74.999614,faf_by_key,key=/api/backend/2,1
2026-08-15_18-01-48-825386_distributedLock,distributedLock,burst-load,1786816984.825000,75.999614,faf_by_key,key=/api/backend/2,1
2026-08-15_18-01-48-825386_distributedLock,distributedLock,burst-load,1786816985.825000,76.999614,faf_by_key,key=/api/backend/2,1
2026-08-15_18-01-48-825386_distributedLock,distributedLock,burst-load,1786816986.825000,77.999614,faf_by_key,key=/api/backend/2,1
2026-08-15_18-01-48-825386_distributedLock,distributedLock,burst-load,1786816987.825000,78.999614,faf_by_key,key=/api/backend/2,1
2026-08-15_18-01-48-825386_distributedLock,distributedLock,burst-load,1786816988.825000,79.999614,faf_by_key,key=/api/backend/2,1
2026-08-15_18-01-48-825386_distributedLock,distributedLock,burst-load,1786816989.825000,80.999614,faf_by_key,key=/api/backend/2,1
2026-08-15_18-01-48-825386_distributedLock,distributedLock,burst-load,1786816990.825000,81.999614,faf_by_key,key=/api/backend/2,1
2026-08-15_18-01-48-825386_distributedLock,distributedLock,burst-load,1786816991.825000,82.999614,faf_by_key,key=/api/backend/2,1
2026-08-15_18-01-48-825386_distributedLock,distributedLock,burst-load,1786816992.825000,83.999614,faf_by_key,key=/api/backend/2,1
2026-08-15_18-01-48-825386_distributedLock,distributedLock,burst-load,1786816993.825000,84.999614,faf_by_key,key=/api/backend/2,1
2026-08-15_18-01-48-825386_distributedLock,distributedLock,burst-load,1786816994.825000,85.999614,faf_by_key,key=/api/backend/2,1
2026-08-15_18-01-48-825386_distributedLock,distributedLock,burst-load,1786816995.825000,86.999614,faf_by_key,key=/api/backend/2,1
2026-08-15_18-01-48-825386_distributedLock,distributedLock,burst-load,1786816996.825000,87.999614,faf_by_key,key=/api/backend/2,1
2026-08-15_18-01-48-825386_distributedLock,distributedLock,burst-load,1786816997.825000,88.999614,faf_by_key,key=/api/backend/2,1
2026-08-15_18-01-48-825386_distributedLock,distributedLock,burst-load,1786816998.825000,89.999614,faf_by_key,key=/api/backend/2,1
2026-08-15_18-01-48-825386_distributedLock,distributedLock,burst-load,1786816999.825000,90.999614,faf_by_key,key=/api/backend/2,1
2026-08-15_18-01-48-825386_distributedLock,distributedLock,burst-load,1786817000.825000,91.999614,faf_by_key,key=/api/backend/2,1
2026-08-15_18-01-48-825386_distributedLock,distributedLock,burst-load,1786817001.825000,92.999614,faf_by_key,key=/api/backend/2,1
2026-08-15_18-01-48-825386_distributedLock,distributedLock,burst-load,1786817002.825000,93.999614,faf_by_key,key=/api/backend/2,1
2026-08-15_18-01-48-825386_distributedLock,distributedLock,burst-load,1786817003.825000,94.999614,faf_by_key,key=/api/backend/2,1
2026-08-15_18-01-48-825386_distributedLock,distributedLock,burst-load,1786817004.825000,95.999614,faf_by_key,key=/api/backend/2,1
2026-08-15_18-01-48-825386_distributedLock,distributedLock,burst-load,1786817005.825000,96.999614,faf_by_key,key=/api/backend/2,1
2026-08-15_18-01-48-825386_distributedLock,distributedLock,burst-load,1786817006.825000,97.999614,faf_by_key,key=/api/backend/2,1
2026-08-15_18-01-48-825386_distributedLock,distributedLock,burst-load,1786817007.825000,98.999614,faf_by_key,key=/api/backend/2,1
2026-08-15_18-01-48-825386_distributedLock,distributedLock,burst-load,1786817008.825000,99.999614,faf_by_key,key=/api/backend/2,1
2026-08-15_18-01-48-825386_distributedLock,distributedLock,burst-load,1786817009.825000,100.999614,faf_by_key,key=/api/backend/2,1
2026-08-15_18-01-48-825386_distributedLock,distributedLock,burst-load,1786817010.825000,101.999614,faf_by_key,key=/api/backend/2,1
2026-08-15_18-01-48-825386_distributedLock,distributedLock,burst-load,1786817011.825000,102.999614,faf_by_key,key=/api/backend/2,1
2026-08-15_18-01-48-825386_distributedLock,distributedLock,burst-load,1786817012.825000,103.999614,faf_by_key,key=/api/backend/2,1
2026-08-15_18-01-48-825386_distributedLock,distributedLock,burst-load,1786817013.825000,104.999614,faf_by_key,key=/api/backend/2,1
2026-08-15_18-01-48-825386_distributedLock,distributedLock,burst-load,1786817014.825000,105.999614,faf_by_key,key=/api/backend/2,1
2026-08-15_18-01-48-825386_distributedLock,distributedLock,burst-load,1786817015.825000,106.999614,faf_by_key,key=/api/backend/2,1
2026-08-15_18-01-48-825386_distributedLock,distributedLock,burst-load,1786817016.825000,107.999614,faf_by_key,key=/api/backend/2,1
2026-08-15_18-01-48-825386_distributedLock,distributedLock,burst-load,1786817017.825000,108.999614,faf_by_key,key=/api/backend/2,1
2026-08-15_18-01-48-825386_distributedLock,distributedLock,burst-load,1786817018.825000,109.999614,faf_by_key,key=/api/backend/2,1
2026-08-15_18-01-48-825386_distributedLock,distributedLock,burst-load,1786817019.825000,110.999614,faf_by_key,key=/api/backend/2,1
2026-08-15_18-01-48-825386_distributedLock,distributedLock,burst-load,1786817020.825000,111.999614,faf_by_key,key=/api/backend/2,1
2026-08-15_18-01-48-825386_distributedLock,distributedLock,burst-load,1786817021.825000,112.999614,faf_by_key,key=/api/backend/2,1
2026-08-15_18-01-48-825386_distributedLock,distributedLock,burst-load,1786817022.825000,113.999614,faf_by_key,key=/api/backend/2,1
2026-08-15_18-01-48-825386_distributedLock,distributedLock,burst-load,1786817023.825000,114.999614,faf_by_key,key=/api/backend/2,1
2026-08-15_18-01-48-825386_distributedLock,distributedLock,burst-load,1786817024.825000,115.999614,faf_by_key,key=/api/backend/2,1
2026-08-15_18-01-48-825386_distributedLock,distributedLock,burst-load,1786817025.825000,116.999614,faf_by_key,key=/api/backend/2,1
2026-08-15_18-01-48-825386_distributedLock,distributedLock,burst-load,1786817026.825000,117.999614,faf_by_key,key=/api/backend/2,1
2026-08-15_18-01-48-825386_distributedLock,distributedLock,burst-load,1786817027.825000,118.999614,faf_by_key,key=/api/backend/2,1
2026-08-15_18-01-48-825386_distributedLock,distributedLock,burst-load,1786817028.825000,119.999614,faf_by_key,key=/api/backend/2,1
2026-08-15_18-01-48-825386_distributedLock,distributedLock,burst-load,1786817029.825000,120.999614,faf_by_key,key=/api/backend/2,1
2026-08-15_18-01-48-825386_distributedLock,distributedLock,burst-load,1786817030.825000,121.999614,faf_by_key,key=/api/backend/2,1
2026-08-15_18-01-48-825386_distributedLock,distributedLock,burst-load,1786816912.825000,3.999614,faf_by_key,key=/api/backend/3,1
2026-08-15_18-01-48-825386_distributedLock,distributedLock,burst-load,1786816913.825000,4.999614,faf_by_key,key=/api/backend/3,1
2026-08-15_18-01-48-825386_distributedLock,distributedLock,burst-load,1786816914.825000,5.999614,faf_by_key,key=/api/backend/3,1
2026-08-15_18-01-48-825386_distributedLock,distributedLock,burst-load,1786816915.825000,6.999614,faf_by_key,key=/api/backend/3,1
2026-08-15_18-01-48-825386_distributedLock,distributedLock,burst-load,1786816916.825000,7.999614,faf_by_key,key=/api/backend/3,1
2026-08-15_18-01-48-825386_distributedLock,distributedLock,burst-load,1786816917.825000,8.999614,faf_by_key,key=/api/backend/3,1
2026-08-15_18-01-48-825386_distributedLock,distributedLock,burst-load,1786816918.825000,9.999614,faf_by_key,key=/api/backend/3,1
2026-08-15_18-01-48-825386_distributedLock,distributedLock,burst-load,1786816919.825000,10.999614,faf_by_key,key=/api/backend/3,1
2026-08-15_18-01-48-825386_distributedLock,distributedLock,burst-load,1786816920.825000,11.999614,faf_by_key,key=/api/backend/3,1
2026-08-15_18-01-48-825386_distributedLock,distributedLock,burst-load,1786816921.825000,12.999614,faf_by_key,key=/api/backend/3,1
2026-08-15_18-01-48-825386_distributedLock,distributedLock,burst-load,1786816922.825000,13.999614,faf_by_key,key=/api/backend/3,1
2026-08-15_18-01-48-825386_distributedLock,distributedLock,burst-load,1786816923.825000,14.999614,faf_by_key,key=/api/backend/3,1
2026-08-15_18-01-48-825386_distributedLock,distributedLock,burst-load,1786816924.825000,15.999614,faf_by_key,key=/api/backend/3,1
2026-08-15_18-01-48-825386_distributedLock,distributedLock,burst-load,1786816925.825000,16.999614,faf_by_key,key=/api/backend/3,1
2026-08-15_18-01-48-825386_distributedLock,distributedLock,burst-load,1786816926.825000,17.999614,faf_by_key,key=/api/backend/3,1
2026-08-15_18-01-48-825386_distributedLock,distributedLock,burst-load,1786816927.825000,18.999614,faf_by_key,key=/api/backend/3,1
2026-08-15_18-01-48-825386_distributedLock,distributedLock,burst-load,1786816928.825000,19.999614,faf_by_key,key=/api/backend/3,1
2026-08-15_18-01-48-825386_distributedLock,distributedLock,burst-load,1786816929.825000,20.999614,faf_by_key,key=/api/backend/3,1
2026-08-15_18-01-48-825386_distributedLock,distributedLock,burst-load,1786816930.825000,21.999614,faf_by_key,key=/api/backend/3,1
2026-08-15_18-01-48-825386_distributedLock,distributedLock,burst-load,1786816931.825000,22.999614,faf_by_key,key=/api/backend/3,1
2026-08-15_18-01-48-825386_distributedLock,distributedLock,burst-load,1786816932.825000,23.999614,faf_by_key,key=/api/backend/3,1
2026-08-15_18-01-48-825386_distributedLock,distributedLock,burst-load,1786816933.825000,24.999614,faf_by_key,key=/api/backend/3,1
2026-08-15_18-01-48-825386_distributedLock,distributedLock,burst-load,1786816934.825000,25.999614,faf_by_key,key=/api/backend/3,1
2026-08-15_18-01-48-825386_distributedLock,distributedLock,burst-load,1786816935.825000,26.999614,faf_by_key,key=/api/backend/3,1
2026-08-15_18-01-48-825386_distributedLock,distributedLock,burst-load,1786816936.825000,27.999614,faf_by_key,key=/api/backend/3,1
2026-08-15_18-01-48-825386_distributedLock,distributedLock,burst-load,1786816937.825000,28.999614,faf_by_key,key=/api/backend/3,1
2026-08-15_18-01-48-825386_distributedLock,distributedLock,burst-load,1786816938.825000,29.999614,faf_by_key,key=/api/backend/3,1
2026-08-15_18-01-48-825386_distributedLock,distributedLock,burst-load,1786816939.825000,30.999614,faf_by_key,key=/api/backend/3,1
2026-08-15_18-01-48-825386_distributedLock,distributedLock,burst-load,1786816940.825000,31.999614,faf_by_key,key=/api/backend/3,1
2026-08-15_18-01-48-825386_distributedLock,distributedLock,burst-load,1786816941.825000,32.999614,faf_by_key,key=/api/backend/3,1
2026-08-15_18-01-48-825386_distributedLock,distributedLock,burst-load,1786816942.825000,33.999614,faf_by_key,key=/api/backend/3,1
2026-08-15_18-01-48-825386_distributedLock,distributedLock,burst-load,1786816943.825000,34.999614,faf_by_key,key=/api/backend/3,1
2026-08-15_18-01-48-825386_distributedLock,distributedLock,burst-load,1786816944.825000,35.999614,faf_by_key,key=/api/backend/3,1
2026-08-15_18-01-48-825386_distributedLock,distributedLock,burst-load,1786816945.825000,36.999614,faf_by_key,key=/api/backend/3,1
2026-08-15_18-01-48-825386_distributedLock,distributedLock,burst-load,1786816946.825000,37.999614,faf_by_key,key=/api/backend/3,1
2026-08-15_18-01-48-825386_distributedLock,distributedLock,burst-load,1786816947.825000,38.999614,faf_by_key,key=/api/backend/3,1
2026-08-15_18-01-48-825386_distributedLock,distributedLock,burst-load,1786816948.825000,39.999614,faf_by_key,key=/api/backend/3,1
2026-08-15_18-01-48-825386_distributedLock,distributedLock,burst-load,1786816949.825000,40.999614,faf_by_key,key=/api/backend/3,1
2026-08-15_18-01-48-825386_distributedLock,distributedLock,burst-load,1786816950.825000,41.999614,faf_by_key,key=/api/backend/3,1
2026-08-15_18-01-48-825386_distributedLock,distributedLock,burst-load,1786816951.825000,42.999614,faf_by_key,key=/api/backend/3,1
2026-08-15_18-01-48-825386_distributedLock,distributedLock,burst-load,1786816952.825000,43.999614,faf_by_key,key=/api/backend/3,1
2026-08-15_18-01-48-825386_distributedLock,distributedLock,burst-load,1786816953.825000,44.999614,faf_by_key,key=/api/backend/3,1
2026-08-15_18-01-48-825386_distributedLock,distributedLock,burst-load,1786816954.825000,45.999614,faf_by_key,key=/api/backend/3,1
2026-08-15_18-01-48-825386_distributedLock,distributedLock,burst-load,1786816955.825000,46.999614,faf_by_key,key=/api/backend/3,1
2026-08-15_18-01-48-825386_distributedLock,distributedLock,burst-load,1786816956.825000,47.999614,faf_by_key,key=/api/backend/3,1
2026-08-15_18-01-48-825386_distributedLock,distributedLock,burst-load,1786816957.825000,48.999614,faf_by_key,key=/api/backend/3,1
2026-08-15_18-01-48-825386_distributedLock,distributedLock,burst-load,1786816958.825000,49.999614,faf_by_key,key=/api/backend/3,1
2026-08-15_18-01-48-825386_distributedLock,distributedLock,burst-load,1786816959.825000,50.999614,faf_by_key,key=/api/backend/3,1
2026-08-15_18-01-48-825386_distributedLock,distributedLock,burst-load,1786816960.825000,51.999614,faf_by_key,key=/api/backend/3,1
2026-08-15_18-01-48-825386_distributedLock,distributedLock,burst-load,1786816961.825000,52.999614,faf_by_key,key=/api/backend/3,1
2026-08-15_18-01-48-825386_distributedLock,distributedLock,burst-load,1786816962.825000,53.999614,faf_by_key,key=/api/backend/3,1
2026-08-15_18-01-48-825386_distributedLock,distributedLock,burst-load,1786816963.825000,54.999614,faf_by_key,key=/api/backend/3,1
2026-08-15_18-01-48-825386_distributedLock,distributedLock,burst-load,1786816964.825000,55.999614,faf_by_key,key=/api/backend/3,1
2026-08-15_18-01-48-825386_distributedLock,distributedLock,burst-load,1786816965.825000,56.999614,faf_by_key,key=/api/backend/3,1
2026-08-15_18-01-48-825386_distributedLock,distributedLock,burst-load,1786816966.825000,57.999614,faf_by_key,key=/api/backend/3,1
2026-08-15_18-01-48-825386_distributedLock,distributedLock,burst-load,1786816967.825000,58.999614,faf_by_key,key=/api/backend/3,1
2026-08-15_18-01-48-825386_distributedLock,distributedLock,burst-load,1786816968.825000,59.999614,faf_by_key,key=/api/backend/3,1
2026-08-15_18-01-48-825386_distributedLock,distributedLock,burst-load,1786816969.825000,60.999614,faf_by_key,key=/api/backend/3,1
2026-08-15_18-01-48-825386_distributedLock,distributedLock,burst-load,1786816970.825000,61.999614,faf_by_key,key=/api/backend/3,1
2026-08-15_18-01-48-825386_distributedLock,distributedLock,burst-load,1786816971.825000,62.999614,faf_by_key,key=/api/backend/3,1
2026-08-15_18-01-48-825386_distributedLock,distributedLock,burst-load,1786816972.825000,63.999614,faf_by_key,key=/api/backend/3,1
2026-08-15_18-01-48-825386_distributedLock,distributedLock,burst-load,1786816973.825000,64.999614,faf_by_key,key=/api/backend/3,1
2026-08-15_18-01-48-825386_distributedLock,distributedLock,burst-load,1786816974.825000,65.999614,faf_by_key,key=/api/backend/3,1
2026-08-15_18-01-48-825386_distributedLock,distributedLock,burst-load,1786816975.825000,66.999614,faf_by_key,key=/api/backend/3,1
2026-08-15_18-01-48-825386_distributedLock,distributedLock,burst-load,1786816976.825000,67.999614,faf_by_key,key=/api/backend/3,1
2026-08-15_18-01-48-825386_distributedLock,distributedLock,burst-load,1786816977.825000,68.999614,faf_by_key,key=/api/backend/3,1
2026-08-15_18-01-48-825386_distributedLock,distributedLock,burst-load,1786816978.825000,69.999614,faf_by_key,key=/api/backend/3,1
2026-08-15_18-01-48-825386_distributedLock,distributedLock,burst-load,1786816979.825000,70.999614,faf_by_key,key=/api/backend/3,1
2026-08-15_18-01-48-825386_distributedLock,distributedLock,burst-load,1786816980.825000,71.999614,faf_by_key,key=/api/backend/3,1
2026-08-15_18-01-48-825386_distributedLock,distributedLock,burst-load,1786816981.825000,72.999614,faf_by_key,key=/api/backend/3,1
2026-08-15_18-01-48-825386_distributedLock,distributedLock,burst-load,1786816982.825000,73.999614,faf_by_key,key=/api/backend/3,1
2026-08-15_18-01-48-825386_distributedLock,distributedLock,burst-load,1786816983.825000,74.999614,faf_by_key,key=/api/backend/3,1
2026-08-15_18-01-48-825386_distributedLock,distributedLock,burst-load,1786816984.825000,75.999614,faf_by_key,key=/api/backend/3,1
2026-08-15_18-01-48-825386_distributedLock,distributedLock,burst-load,1786816985.825000,76.999614,faf_by_key,key=/api/backend/3,1
2026-08-15_18-01-48-825386_distributedLock,distributedLock,burst-load,1786816986.825000,77.999614,faf_by_key,key=/api/backend/3,1
2026-08-15_18-01-48-825386_distributedLock,distributedLock,burst-load,1786816987.825000,78.999614,faf_by_key,key=/api/backend/3,1
2026-08-15_18-01-48-825386_distributedLock,distributedLock,burst-load,1786816988.825000,79.999614,faf_by_key,key=/api/backend/3,1
2026-08-15_18-01-48-825386_distributedLock,distributedLock,burst-load,1786816989.825000,80.999614,faf_by_key,key=/api/backend/3,1
2026-08-15_18-01-48-825386_distributedLock,distributedLock,burst-load,1786816990.825000,81.999614,faf_by_key,key=/api/backend/3,1
2026-08-15_18-01-48-825386_distributedLock,distributedLock,burst-load,1786816991.825000,82.999614,faf_by_key,key=/api/backend/3,1
2026-08-15_18-01-48-825386_distributedLock,distributedLock,burst-load,1786816992.825000,83.999614,faf_by_key,key=/api/backend/3,1
2026-08-15_18-01-48-825386_distributedLock,distributedLock,burst-load,1786816993.825000,84.999614,faf_by_key,key=/api/backend/3,1
2026-08-15_18-01-48-825386_distributedLock,distributedLock,burst-load,1786816994.825000,85.999614,faf_by_key,key=/api/backend/3,1
2026-08-15_18-01-48-825386_distributedLock,distributedLock,burst-load,1786816995.825000,86.999614,faf_by_key,key=/api/backend/3,1
2026-08-15_18-01-48-825386_distributedLock,distributedLock,burst-load,1786816996.825000,87.999614,faf_by_key,key=/api/backend/3,1
2026-08-15_18-01-48-825386_distributedLock,distributedLock,burst-load,1786816997.825000,88.999614,faf_by_key,key=/api/backend/3,1
2026-08-15_18-01-48-825386_distributedLock,distributedLock,burst-load,1786816998.825000,89.999614,faf_by_key,key=/api/backend/3,1
2026-08-15_18-01-48-825386_distributedLock,distributedLock,burst-load,1786816999.825000,90.999614,faf_by_key,key=/api/backend/3,1
2026-08-15_18-01-48-825386_distributedLock,distributedLock,burst-load,1786817000.825000,91.999614,faf_by_key,key=/api/backend/3,1
2026-08-15_18-01-48-825386_distributedLock,distributedLock,burst-load,1786817001.825000,92.999614,faf_by_key,key=/api/backend/3,1
2026-08-15_18-01-48-825386_distributedLock,distributedLock,burst-load,1786817002.825000,93.999614,faf_by_key,key=/api/backend/3,1
2026-08-15_18-01-48-825386_distributedLock,distributedLock,burst-load,1786817003.825000,94.999614,faf_by_key,key=/api/backend/3,1
2026-08-15_18-01-48-825386_distributedLock,distributedLock,burst-load,1786817004.825000,95.999614,faf_by_key,key=/api/backend/3,1
2026-08-15_18-01-48-825386_distributedLock,distributedLock,burst-load,1786817005.825000,96.999614,faf_by_key,key=/api/backend/3,1
2026-08-15_18-01-48-825386_distributedLock,distributedLock,burst-load,1786817006.825000,97.999614,faf_by_key,key=/api/backend/3,1
2026-08-15_18-01-48-825386_distributedLock,distributedLock,burst-load,1786817007.825000,98.999614,faf_by_key,key=/api/backend/3,1
2026-08-15_18-01-48-825386_distributedLock,distributedLock,burst-load,1786817008.825000,99.999614,faf_by_key,key=/api/backend/3,1
2026-08-15_18-01-48-825386_distributedLock,distributedLock,burst-load,1786817009.825000,100.999614,faf_by_key,key=/api/backend/3,1
2026-08-15_18-01-48-825386_distributedLock,distributedLock,burst-load,1786817010.825000,101.999614,faf_by_key,key=/api/backend/3,1
2026-08-15_18-01-48-825386_distributedLock,distributedLock,burst-load,1786817011.825000,102.999614,faf_by_key,key=/api/backend/3,1
2026-08-15_18-01-48-825386_distributedLock,distributedLock,burst-load,1786817012.825000,103.999614,faf_by_key,key=/api/backend/3,1
2026-08-15_18-01-48-825386_distributedLock,distributedLock,burst-load,1786817013.825000,104.999614,faf_by_key,key=/api/backend/3,1
2026-08-15_18-01-48-825386_distributedLock,distributedLock,burst-load,1786817014.825000,105.999614,faf_by_key,key=/api/backend/3,1
2026-08-15_18-01-48-825386_distributedLock,distributedLock,burst-load,1786817015.825000,106.999614,faf_by_key,key=/api/backend/3,1
2026-08-15_18-01-48-825386_distributedLock,distributedLock,burst-load,1786817016.825000,107.999614,faf_by_key,key=/api/backend/3,1
2026-08-15_18-01-48-825386_distributedLock,distributedLock,burst-load,1786817017.825000,108.999614,faf_by_key,key=/api/backend/3,1
2026-08-15_18-01-48-825386_distributedLock,distributedLock,burst-load,1786817018.825000,109.999614,faf_by_key,key=/api/backend/3,1
2026-08-15_18-01-48-825386_distributedLock,distributedLock,burst-load,1786817019.825000,110.999614,faf_by_key,key=/api/backend/3,1
2026-08-15_18-01-48-825386_distributedLock,distributedLock,burst-load,1786817020.825000,111.999614,faf_by_key,key=/api/backend/3,1
2026-08-15_18-01-48-825386_distributedLock,distributedLock,burst-load,1786817021.825000,112.999614,faf_by_key,key=/api/backend/3,1
2026-08-15_18-01-48-825386_distributedLock,distributedLock,burst-load,1786817022.825000,113.999614,faf_by_key,key=/api/backend/3,1
2026-08-15_18-01-48-825386_distributedLock,distributedLock,burst-load,1786817023.825000,114.999614,faf_by_key,key=/api/backend/3,1
2026-08-15_18-01-48-825386_distributedLock,distributedLock,burst-load,1786817024.825000,115.999614,faf_by_key,key=/api/backend/3,1
2026-08-15_18-01-48-825386_distributedLock,distributedLock,burst-load,1786817025.825000,116.999614,faf_by_key,key=/api/backend/3,1
2026-08-15_18-01-48-825386_distributedLock,distributedLock,burst-load,1786817026.825000,117.999614,faf_by_key,key=/api/backend/3,1
2026-08-15_18-01-48-825386_distributedLock,distributedLock,burst-load,1786817027.825000,118.999614,faf_by_key,key=/api/backend/3,1
2026-08-15_18-01-48-825386_distributedLock,distributedLock,burst-load,1786817028.825000,119.999614,faf_by_key,key=/api/backend/3,1
2026-08-15_18-01-48-825386_distributedLock,distributedLock,burst-load,1786817029.825000,120.999614,faf_by_key,key=/api/backend/3,1
2026-08-15_18-01-48-825386_distributedLock,distributedLock,burst-load,1786817030.825000,121.999614,faf_by_key,key=/api/backend/3,1
2026-08-15_18-01-48-825386_distributedLock,distributedLock,burst-load,1786816910.825000,1.999614,faf_by_key,key=/api/backend/4,1
2026-08-15_18-01-48-825386_distributedLock,distributedLock,burst-load,1786816911.825000,2.999614,faf_by_key,key=/api/backend/4,1
2026-08-15_18-01-48-825386_distributedLock,distributedLock,burst-load,1786816912.825000,3.999614,faf_by_key,key=/api/backend/4,1
2026-08-15_18-01-48-825386_distributedLock,distributedLock,burst-load,1786816913.825000,4.999614,faf_by_key,key=/api/backend/4,1
2026-08-15_18-01-48-825386_distributedLock,distributedLock,burst-load,1786816914.825000,5.999614,faf_by_key,key=/api/backend/4,1
2026-08-15_18-01-48-825386_distributedLock,distributedLock,burst-load,1786816915.825000,6.999614,faf_by_key,key=/api/backend/4,1
2026-08-15_18-01-48-825386_distributedLock,distributedLock,burst-load,1786816916.825000,7.999614,faf_by_key,key=/api/backend/4,1
2026-08-15_18-01-48-825386_distributedLock,distributedLock,burst-load,1786816917.825000,8.999614,faf_by_key,key=/api/backend/4,1
2026-08-15_18-01-48-825386_distributedLock,distributedLock,burst-load,1786816918.825000,9.999614,faf_by_key,key=/api/backend/4,1
2026-08-15_18-01-48-825386_distributedLock,distributedLock,burst-load,1786816919.825000,10.999614,faf_by_key,key=/api/backend/4,1
2026-08-15_18-01-48-825386_distributedLock,distributedLock,burst-load,1786816920.825000,11.999614,faf_by_key,key=/api/backend/4,1
2026-08-15_18-01-48-825386_distributedLock,distributedLock,burst-load,1786816921.825000,12.999614,faf_by_key,key=/api/backend/4,1
2026-08-15_18-01-48-825386_distributedLock,distributedLock,burst-load,1786816922.825000,13.999614,faf_by_key,key=/api/backend/4,1
2026-08-15_18-01-48-825386_distributedLock,distributedLock,burst-load,1786816923.825000,14.999614,faf_by_key,key=/api/backend/4,1
2026-08-15_18-01-48-825386_distributedLock,distributedLock,burst-load,1786816924.825000,15.999614,faf_by_key,key=/api/backend/4,1
2026-08-15_18-01-48-825386_distributedLock,distributedLock,burst-load,1786816925.825000,16.999614,faf_by_key,key=/api/backend/4,1
2026-08-15_18-01-48-825386_distributedLock,distributedLock,burst-load,1786816926.825000,17.999614,faf_by_key,key=/api/backend/4,1
2026-08-15_18-01-48-825386_distributedLock,distributedLock,burst-load,1786816927.825000,18.999614,faf_by_key,key=/api/backend/4,1
2026-08-15_18-01-48-825386_distributedLock,distributedLock,burst-load,1786816928.825000,19.999614,faf_by_key,key=/api/backend/4,1
2026-08-15_18-01-48-825386_distributedLock,distributedLock,burst-load,1786816929.825000,20.999614,faf_by_key,key=/api/backend/4,1
2026-08-15_18-01-48-825386_distributedLock,distributedLock,burst-load,1786816930.825000,21.999614,faf_by_key,key=/api/backend/4,1
2026-08-15_18-01-48-825386_distributedLock,distributedLock,burst-load,1786816931.825000,22.999614,faf_by_key,key=/api/backend/4,1
2026-08-15_18-01-48-825386_distributedLock,distributedLock,burst-load,1786816932.825000,23.999614,faf_by_key,key=/api/backend/4,1
2026-08-15_18-01-48-825386_distributedLock,distributedLock,burst-load,1786816933.825000,24.999614,faf_by_key,key=/api/backend/4,1
2026-08-15_18-01-48-825386_distributedLock,distributedLock,burst-load,1786816934.825000,25.999614,faf_by_key,key=/api/backend/4,1
2026-08-15_18-01-48-825386_distributedLock,distributedLock,burst-load,1786816935.825000,26.999614,faf_by_key,key=/api/backend/4,1
2026-08-15_18-01-48-825386_distributedLock,distributedLock,burst-load,1786816936.825000,27.999614,faf_by_key,key=/api/backend/4,1
2026-08-15_18-01-48-825386_distributedLock,distributedLock,burst-load,1786816937.825000,28.999614,faf_by_key,key=/api/backend/4,1
2026-08-15_18-01-48-825386_distributedLock,distributedLock,burst-load,1786816938.825000,29.999614,faf_by_key,key=/api/backend/4,1
2026-08-15_18-01-48-825386_distributedLock,distributedLock,burst-load,1786816939.825000,30.999614,faf_by_key,key=/api/backend/4,1
2026-08-15_18-01-48-825386_distributedLock,distributedLock,burst-load,1786816940.825000,31.999614,faf_by_key,key=/api/backend/4,1
2026-08-15_18-01-48-825386_distributedLock,distributedLock,burst-load,1786816941.825000,32.999614,faf_by_key,key=/api/backend/4,1
2026-08-15_18-01-48-825386_distributedLock,distributedLock,burst-load,1786816942.825000,33.999614,faf_by_key,key=/api/backend/4,1
2026-08-15_18-01-48-825386_distributedLock,distributedLock,burst-load,1786816943.825000,34.999614,faf_by_key,key=/api/backend/4,1
2026-08-15_18-01-48-825386_distributedLock,distributedLock,burst-load,1786816944.825000,35.999614,faf_by_key,key=/api/backend/4,1
2026-08-15_18-01-48-825386_distributedLock,distributedLock,burst-load,1786816945.825000,36.999614,faf_by_key,key=/api/backend/4,1
2026-08-15_18-01-48-825386_distributedLock,distributedLock,burst-load,1786816946.825000,37.999614,faf_by_key,key=/api/backend/4,1
2026-08-15_18-01-48-825386_distributedLock,distributedLock,burst-load,1786816947.825000,38.999614,faf_by_key,key=/api/backend/4,1
2026-08-15_18-01-48-825386_distributedLock,distributedLock,burst-load,1786816948.825000,39.999614,faf_by_key,key=/api/backend/4,1
2026-08-15_18-01-48-825386_distributedLock,distributedLock,burst-load,1786816949.825000,40.999614,faf_by_key,key=/api/backend/4,1
2026-08-15_18-01-48-825386_distributedLock,distributedLock,burst-load,1786816950.825000,41.999614,faf_by_key,key=/api/backend/4,1
2026-08-15_18-01-48-825386_distributedLock,distributedLock,burst-load,1786816951.825000,42.999614,faf_by_key,key=/api/backend/4,1
2026-08-15_18-01-48-825386_distributedLock,distributedLock,burst-load,1786816952.825000,43.999614,faf_by_key,key=/api/backend/4,1
2026-08-15_18-01-48-825386_distributedLock,distributedLock,burst-load,1786816953.825000,44.999614,faf_by_key,key=/api/backend/4,1
2026-08-15_18-01-48-825386_distributedLock,distributedLock,burst-load,1786816954.825000,45.999614,faf_by_key,key=/api/backend/4,1
2026-08-15_18-01-48-825386_distributedLock,distributedLock,burst-load,1786816955.825000,46.999614,faf_by_key,key=/api/backend/4,1
2026-08-15_18-01-48-825386_distributedLock,distributedLock,burst-load,1786816956.825000,47.999614,faf_by_key,key=/api/backend/4,1
2026-08-15_18-01-48-825386_distributedLock,distributedLock,burst-load,1786816957.825000,48.999614,faf_by_key,key=/api/backend/4,1
2026-08-15_18-01-48-825386_distributedLock,distributedLock,burst-load,1786816958.825000,49.999614,faf_by_key,key=/api/backend/4,1
2026-08-15_18-01-48-825386_distributedLock,distributedLock,burst-load,1786816959.825000,50.999614,faf_by_key,key=/api/backend/4,1
2026-08-15_18-01-48-825386_distributedLock,distributedLock,burst-load,1786816960.825000,51.999614,faf_by_key,key=/api/backend/4,1
2026-08-15_18-01-48-825386_distributedLock,distributedLock,burst-load,1786816961.825000,52.999614,faf_by_key,key=/api/backend/4,1
2026-08-15_18-01-48-825386_distributedLock,distributedLock,burst-load,1786816962.825000,53.999614,faf_by_key,key=/api/backend/4,1
2026-08-15_18-01-48-825386_distributedLock,distributedLock,burst-load,1786816963.825000,54.999614,faf_by_key,key=/api/backend/4,1
2026-08-15_18-01-48-825386_distributedLock,distributedLock,burst-load,1786816964.825000,55.999614,faf_by_key,key=/api/backend/4,1
2026-08-15_18-01-48-825386_distributedLock,distributedLock,burst-load,1786816965.825000,56.999614,faf_by_key,key=/api/backend/4,1
2026-08-15_18-01-48-825386_distributedLock,distributedLock,burst-load,1786816966.825000,57.999614,faf_by_key,key=/api/backend/4,1
2026-08-15_18-01-48-825386_distributedLock,distributedLock,burst-load,1786816967.825000,58.999614,faf_by_key,key=/api/backend/4,1
2026-08-15_18-01-48-825386_distributedLock,distributedLock,burst-load,1786816968.825000,59.999614,faf_by_key,key=/api/backend/4,1
2026-08-15_18-01-48-825386_distributedLock,distributedLock,burst-load,1786816969.825000,60.999614,faf_by_key,key=/api/backend/4,1
2026-08-15_18-01-48-825386_distributedLock,distributedLock,burst-load,1786816970.825000,61.999614,faf_by_key,key=/api/backend/4,1
2026-08-15_18-01-48-825386_distributedLock,distributedLock,burst-load,1786816971.825000,62.999614,faf_by_key,key=/api/backend/4,1
2026-08-15_18-01-48-825386_distributedLock,distributedLock,burst-load,1786816972.825000,63.999614,faf_by_key,key=/api/backend/4,1
2026-08-15_18-01-48-825386_distributedLock,distributedLock,burst-load,1786816973.825000,64.999614,faf_by_key,key=/api/backend/4,1
2026-08-15_18-01-48-825386_distributedLock,distributedLock,burst-load,1786816974.825000,65.999614,faf_by_key,key=/api/backend/4,1
2026-08-15_18-01-48-825386_distributedLock,distributedLock,burst-load,1786816975.825000,66.999614,faf_by_key,key=/api/backend/4,1
2026-08-15_18-01-48-825386_distributedLock,distributedLock,burst-load,1786816976.825000,67.999614,faf_by_key,key=/api/backend/4,1
2026-08-15_18-01-48-825386_distributedLock,distributedLock,burst-load,1786816977.825000,68.999614,faf_by_key,key=/api/backend/4,1
2026-08-15_18-01-48-825386_distributedLock,distributedLock,burst-load,1786816978.825000,69.999614,faf_by_key,key=/api/backend/4,1
2026-08-15_18-01-48-825386_distributedLock,distributedLock,burst-load,1786816979.825000,70.999614,faf_by_key,key=/api/backend/4,1
2026-08-15_18-01-48-825386_distributedLock,distributedLock,burst-load,1786816980.825000,71.999614,faf_by_key,key=/api/backend/4,1
2026-08-15_18-01-48-825386_distributedLock,distributedLock,burst-load,1786816981.825000,72.999614,faf_by_key,key=/api/backend/4,1
2026-08-15_18-01-48-825386_distributedLock,distributedLock,burst-load,1786816982.825000,73.999614,faf_by_key,key=/api/backend/4,1
2026-08-15_18-01-48-825386_distributedLock,distributedLock,burst-load,1786816983.825000,74.999614,faf_by_key,key=/api/backend/4,1
2026-08-15_18-01-48-825386_distributedLock,distributedLock,burst-load,1786816984.825000,75.999614,faf_by_key,key=/api/backend/4,1
2026-08-15_18-01-48-825386_distributedLock,distributedLock,burst-load,1786816985.825000,76.999614,faf_by_key,key=/api/backend/4,1
2026-08-15_18-01-48-825386_distributedLock,distributedLock,burst-load,1786816986.825000,77.999614,faf_by_key,key=/api/backend/4,1
2026-08-15_18-01-48-825386_distributedLock,distributedLock,burst-load,1786816987.825000,78.999614,faf_by_key,key=/api/backend/4,1
2026-08-15_18-01-48-825386_distributedLock,distributedLock,burst-load,1786816988.825000,79.999614,faf_by_key,key=/api/backend/4,1
2026-08-15_18-01-48-825386_distributedLock,distributedLock,burst-load,1786816989.825000,80.999614,faf_by_key,key=/api/backend/4,1
2026-08-15_18-01-48-825386_distributedLock,distributedLock,burst-load,1786816990.825000,81.999614,faf_by_key,key=/api/backend/4,1
2026-08-15_18-01-48-825386_distributedLock,distributedLock,burst-load,1786816991.825000,82.999614,faf_by_key,key=/api/backend/4,1
2026-08-15_18-01-48-825386_distributedLock,distributedLock,burst-load,1786816992.825000,83.999614,faf_by_key,key=/api/backend/4,1
2026-08-15_18-01-48-825386_distributedLock,distributedLock,burst-load,1786816993.825000,84.999614,faf_by_key,key=/api/backend/4,1
2026-08-15_18-01-48-825386_distributedLock,distributedLock,burst-load,1786816994.825000,85.999614,faf_by_key,key=/api/backend/4,1
2026-08-15_18-01-48-825386_distributedLock,distributedLock,burst-load,1786816995.825000,86.999614,faf_by_key,key=/api/backend/4,1
2026-08-15_18-01-48-825386_distributedLock,distributedLock,burst-load,1786816996.825000,87.999614,faf_by_key,key=/api/backend/4,1
2026-08-15_18-01-48-825386_distributedLock,distributedLock,burst-load,1786816997.825000,88.999614,faf_by_key,key=/api/backend/4,1
2026-08-15_18-01-48-825386_distributedLock,distributedLock,burst-load,1786816998.825000,89.999614,faf_by_key,key=/api/backend/4,1
2026-08-15_18-01-48-825386_distributedLock,distributedLock,burst-load,1786816999.825000,90.999614,faf_by_key,key=/api/backend/4,1
2026-08-15_18-01-48-825386_distributedLock,distributedLock,burst-load,1786817000.825000,91.999614,faf_by_key,key=/api/backend/4,1
2026-08-15_18-01-48-825386_distributedLock,distributedLock,burst-load,1786817001.825000,92.999614,faf_by_key,key=/api/backend/4,1
2026-08-15_18-01-48-825386_distributedLock,distributedLock,burst-load,1786817002.825000,93.999614,faf_by_key,key=/api/backend/4,1
2026-08-15_18-01-48-825386_distributedLock,distributedLock,burst-load,1786817003.825000,94.999614,faf_by_key,key=/api/backend/4,1
2026-08-15_18-01-48-825386_distributedLock,distributedLock,burst-load,1786817004.825000,95.999614,faf_by_key,key=/api/backend/4,1
2026-08-15_18-01-48-825386_distributedLock,distributedLock,burst-load,1786817005.825000,96.999614,faf_by_key,key=/api/backend/4,1
2026-08-15_18-01-48-825386_distributedLock,distributedLock,burst-load,1786817006.825000,97.999614,faf_by_key,key=/api/backend/4,1
2026-08-15_18-01-48-825386_distributedLock,distributedLock,burst-load,1786817007.825000,98.999614,faf_by_key,key=/api/backend/4,1
2026-08-15_18-01-48-825386_distributedLock,distributedLock,burst-load,1786817008.825000,99.999614,faf_by_key,key=/api/backend/4,1
2026-08-15_18-01-48-825386_distributedLock,distributedLock,burst-load,1786817009.825000,100.999614,faf_by_key,key=/api/backend/4,1
2026-08-15_18-01-48-825386_distributedLock,distributedLock,burst-load,1786817010.825000,101.999614,faf_by_key,key=/api/backend/4,1
2026-08-15_18-01-48-825386_distributedLock,distributedLock,burst-load,1786817011.825000,102.999614,faf_by_key,key=/api/backend/4,1
2026-08-15_18-01-48-825386_distributedLock,distributedLock,burst-load,1786817012.825000,103.999614,faf_by_key,key=/api/backend/4,1
2026-08-15_18-01-48-825386_distributedLock,distributedLock,burst-load,1786817013.825000,104.999614,faf_by_key,key=/api/backend/4,1
2026-08-15_18-01-48-825386_distributedLock,distributedLock,burst-load,1786817014.825000,105.999614,faf_by_key,key=/api/backend/4,1
2026-08-15_18-01-48-825386_distributedLock,distributedLock,burst-load,1786817015.825000,106.999614,faf_by_key,key=/api/backend/4,1
2026-08-15_18-01-48-825386_distributedLock,distributedLock,burst-load,1786817016.825000,107.999614,faf_by_key,key=/api/backend/4,1
2026-08-15_18-01-48-825386_distributedLock,distributedLock,burst-load,1786817017.825000,108.999614,faf_by_key,key=/api/backend/4,1
2026-08-15_18-01-48-825386_distributedLock,distributedLock,burst-load,1786817018.825000,109.999614,faf_by_key,key=/api/backend/4,1
2026-08-15_18-01-48-825386_distributedLock,distributedLock,burst-load,1786817019.825000,110.999614,faf_by_key,key=/api/backend/4,1
2026-08-15_18-01-48-825386_distributedLock,distributedLock,burst-load,1786817020.825000,111.999614,faf_by_key,key=/api/backend/4,1
2026-08-15_18-01-48-825386_distributedLock,distributedLock,burst-load,1786817021.825000,112.999614,faf_by_key,key=/api/backend/4,1
2026-08-15_18-01-48-825386_distributedLock,distributedLock,burst-load,1786817022.825000,113.999614,faf_by_key,key=/api/backend/4,1
2026-08-15_18-01-48-825386_distributedLock,distributedLock,burst-load,1786817023.825000,114.999614,faf_by_key,key=/api/backend/4,1
2026-08-15_18-01-48-825386_distributedLock,distributedLock,burst-load,1786817024.825000,115.999614,faf_by_key,key=/api/backend/4,1
2026-08-15_18-01-48-825386_distributedLock,distributedLock,burst-load,1786817025.825000,116.999614,faf_by_key,key=/api/backend/4,1
2026-08-15_18-01-48-825386_distributedLock,distributedLock,burst-load,1786817026.825000,117.999614,faf_by_key,key=/api/backend/4,1
2026-08-15_18-01-48-825386_distributedLock,distributedLock,burst-load,1786817027.825000,118.999614,faf_by_key,key=/api/backend/4,1
2026-08-15_18-01-48-825386_distributedLock,distributedLock,burst-load,1786817028.825000,119.999614,faf_by_key,key=/api/backend/4,1
2026-08-15_18-01-48-825386_distributedLock,distributedLock,burst-load,1786817029.825000,120.999614,faf_by_key,key=/api/backend/4,1
2026-08-15_18-01-48-825386_distributedLock,distributedLock,burst-load,1786817030.825000,121.999614,faf_by_key,key=/api/backend/4,1
2026-08-15_18-01-48-825386_distributedLock,distributedLock,burst-load,1786816911.825000,2.999614,faf_by_key,key=/api/backend/5,1
2026-08-15_18-01-48-825386_distributedLock,distributedLock,burst-load,1786816912.825000,3.999614,faf_by_key,key=/api/backend/5,1
2026-08-15_18-01-48-825386_distributedLock,distributedLock,burst-load,1786816913.825000,4.999614,faf_by_key,key=/api/backend/5,1
2026-08-15_18-01-48-825386_distributedLock,distributedLock,burst-load,1786816914.825000,5.999614,faf_by_key,key=/api/backend/5,1
2026-08-15_18-01-48-825386_distributedLock,distributedLock,burst-load,1786816915.825000,6.999614,faf_by_key,key=/api/backend/5,1
2026-08-15_18-01-48-825386_distributedLock,distributedLock,burst-load,1786816916.825000,7.999614,faf_by_key,key=/api/backend/5,1
2026-08-15_18-01-48-825386_distributedLock,distributedLock,burst-load,1786816917.825000,8.999614,faf_by_key,key=/api/backend/5,1
2026-08-15_18-01-48-825386_distributedLock,distributedLock,burst-load,1786816918.825000,9.999614,faf_by_key,key=/api/backend/5,1
2026-08-15_18-01-48-825386_distributedLock,distributedLock,burst-load,1786816919.825000,10.999614,faf_by_key,key=/api/backend/5,1
2026-08-15_18-01-48-825386_distributedLock,distributedLock,burst-load,1786816920.825000,11.999614,faf_by_key,key=/api/backend/5,1
2026-08-15_18-01-48-825386_distributedLock,distributedLock,burst-load,1786816921.825000,12.999614,faf_by_key,key=/api/backend/5,1
2026-08-15_18-01-48-825386_distributedLock,distributedLock,burst-load,1786816922.825000,13.999614,faf_by_key,key=/api/backend/5,1
2026-08-15_18-01-48-825386_distributedLock,distributedLock,burst-load,1786816923.825000,14.999614,faf_by_key,key=/api/backend/5,1
2026-08-15_18-01-48-825386_distributedLock,distributedLock,burst-load,1786816924.825000,15.999614,faf_by_key,key=/api/backend/5,1
2026-08-15_18-01-48-825386_distributedLock,distributedLock,burst-load,1786816925.825000,16.999614,faf_by_key,key=/api/backend/5,1
2026-08-15_18-01-48-825386_distributedLock,distributedLock,burst-load,1786816926.825000,17.999614,faf_by_key,key=/api/backend/5,1
2026-08-15_18-01-48-825386_distributedLock,distributedLock,burst-load,1786816927.825000,18.999614,faf_by_key,key=/api/backend/5,1
2026-08-15_18-01-48-825386_distributedLock,distributedLock,burst-load,1786816928.825000,19.999614,faf_by_key,key=/api/backend/5,1
2026-08-15_18-01-48-825386_distributedLock,distributedLock,burst-load,1786816929.825000,20.999614,faf_by_key,key=/api/backend/5,1
2026-08-15_18-01-48-825386_distributedLock,distributedLock,burst-load,1786816930.825000,21.999614,faf_by_key,key=/api/backend/5,1
2026-08-15_18-01-48-825386_distributedLock,distributedLock,burst-load,1786816931.825000,22.999614,faf_by_key,key=/api/backend/5,1
2026-08-15_18-01-48-825386_distributedLock,distributedLock,burst-load,1786816932.825000,23.999614,faf_by_key,key=/api/backend/5,1
2026-08-15_18-01-48-825386_distributedLock,distributedLock,burst-load,1786816933.825000,24.999614,faf_by_key,key=/api/backend/5,1
2026-08-15_18-01-48-825386_distributedLock,distributedLock,burst-load,1786816934.825000,25.999614,faf_by_key,key=/api/backend/5,1
2026-08-15_18-01-48-825386_distributedLock,distributedLock,burst-load,1786816935.825000,26.999614,faf_by_key,key=/api/backend/5,1
2026-08-15_18-01-48-825386_distributedLock,distributedLock,burst-load,1786816936.825000,27.999614,faf_by_key,key=/api/backend/5,1
2026-08-15_18-01-48-825386_distributedLock,distributedLock,burst-load,1786816937.825000,28.999614,faf_by_key,key=/api/backend/5,1
2026-08-15_18-01-48-825386_distributedLock,distributedLock,burst-load,1786816938.825000,29.999614,faf_by_key,key=/api/backend/5,1
2026-08-15_18-01-48-825386_distributedLock,distributedLock,burst-load,1786816939.825000,30.999614,faf_by_key,key=/api/backend/5,1
2026-08-15_18-01-48-825386_distributedLock,distributedLock,burst-load,1786816940.825000,31.999614,faf_by_key,key=/api/backend/5,1
2026-08-15_18-01-48-825386_distributedLock,distributedLock,burst-load,1786816941.825000,32.999614,faf_by_key,key=/api/backend/5,1
2026-08-15_18-01-48-825386_distributedLock,distributedLock,burst-load,1786816942.825000,33.999614,faf_by_key,key=/api/backend/5,1
2026-08-15_18-01-48-825386_distributedLock,distributedLock,burst-load,1786816943.825000,34.999614,faf_by_key,key=/api/backend/5,1
2026-08-15_18-01-48-825386_distributedLock,distributedLock,burst-load,1786816944.825000,35.999614,faf_by_key,key=/api/backend/5,1
2026-08-15_18-01-48-825386_distributedLock,distributedLock,burst-load,1786816945.825000,36.999614,faf_by_key,key=/api/backend/5,1
2026-08-15_18-01-48-825386_distributedLock,distributedLock,burst-load,1786816946.825000,37.999614,faf_by_key,key=/api/backend/5,1
2026-08-15_18-01-48-825386_distributedLock,distributedLock,burst-load,1786816947.825000,38.999614,faf_by_key,key=/api/backend/5,1
2026-08-15_18-01-48-825386_distributedLock,distributedLock,burst-load,1786816948.825000,39.999614,faf_by_key,key=/api/backend/5,1
2026-08-15_18-01-48-825386_distributedLock,distributedLock,burst-load,1786816949.825000,40.999614,faf_by_key,key=/api/backend/5,1
2026-08-15_18-01-48-825386_distributedLock,distributedLock,burst-load,1786816950.825000,41.999614,faf_by_key,key=/api/backend/5,1
2026-08-15_18-01-48-825386_distributedLock,distributedLock,burst-load,1786816951.825000,42.999614,faf_by_key,key=/api/backend/5,1
2026-08-15_18-01-48-825386_distributedLock,distributedLock,burst-load,1786816952.825000,43.999614,faf_by_key,key=/api/backend/5,1
2026-08-15_18-01-48-825386_distributedLock,distributedLock,burst-load,1786816953.825000,44.999614,faf_by_key,key=/api/backend/5,1
2026-08-15_18-01-48-825386_distributedLock,distributedLock,burst-load,1786816954.825000,45.999614,faf_by_key,key=/api/backend/5,1
2026-08-15_18-01-48-825386_distributedLock,distributedLock,burst-load,1786816955.825000,46.999614,faf_by_key,key=/api/backend/5,1
2026-08-15_18-01-48-825386_distributedLock,distributedLock,burst-load,1786816956.825000,47.999614,faf_by_key,key=/api/backend/5,1
2026-08-15_18-01-48-825386_distributedLock,distributedLock,burst-load,1786816957.825000,48.999614,faf_by_key,key=/api/backend/5,1
2026-08-15_18-01-48-825386_distributedLock,distributedLock,burst-load,1786816958.825000,49.999614,faf_by_key,key=/api/backend/5,1
2026-08-15_18-01-48-825386_distributedLock,distributedLock,burst-load,1786816959.825000,50.999614,faf_by_key,key=/api/backend/5,1
2026-08-15_18-01-48-825386_distributedLock,distributedLock,burst-load,1786816960.825000,51.999614,faf_by_key,key=/api/backend/5,1
2026-08-15_18-01-48-825386_distributedLock,distributedLock,burst-load,1786816961.825000,52.999614,faf_by_key,key=/api/backend/5,1
2026-08-15_18-01-48-825386_distributedLock,distributedLock,burst-load,1786816962.825000,53.999614,faf_by_key,key=/api/backend/5,1
2026-08-15_18-01-48-825386_distributedLock,distributedLock,burst-load,1786816963.825000,54.999614,faf_by_key,key=/api/backend/5,1
2026-08-15_18-01-48-825386_distributedLock,distributedLock,burst-load,1786816964.825000,55.999614,faf_by_key,key=/api/backend/5,1
2026-08-15_18-01-48-825386_distributedLock,distributedLock,burst-load,1786816965.825000,56.999614,faf_by_key,key=/api/backend/5,1
2026-08-15_18-01-48-825386_distributedLock,distributedLock,burst-load,1786816966.825000,57.999614,faf_by_key,key=/api/backend/5,1
2026-08-15_18-01-48-825386_distributedLock,distributedLock,burst-load,1786816967.825000,58.999614,faf_by_key,key=/api/backend/5,1
2026-08-15_18-01-48-825386_distributedLock,distributedLock,burst-load,1786816968.825000,59.999614,faf_by_key,key=/api/backend/5,1
2026-08-15_18-01-48-825386_distributedLock,distributedLock,burst-load,1786816969.825000,60.999614,faf_by_key,key=/api/backend/5,1
2026-08-15_18-01-48-825386_distributedLock,distributedLock,burst-load,1786816970.825000,61.999614,faf_by_key,key=/api/backend/5,1
2026-08-15_18-01-48-825386_distributedLock,distributedLock,burst-load,1786816971.825000,62.999614,faf_by_key,key=/api/backend/5,1
2026-08-15_18-01-48-825386_distributedLock,distributedLock,burst-load,1786816972.825000,63.999614,faf_by_key,key=/api/backend/5,1
2026-08-15_18-01-48-825386_distributedLock,distributedLock,burst-load,1786816973.825000,64.999614,faf_by_key,key=/api/backend/5,1
2026-08-15_18-01-48-825386_distributedLock,distributedLock,burst-load,1786816974.825000,65.999614,faf_by_key,key=/api/backend/5,1
2026-08-15_18-01-48-825386_distributedLock,distributedLock,burst-load,1786816975.825000,66.999614,faf_by_key,key=/api/backend/5,1
2026-08-15_18-01-48-825386_distributedLock,distributedLock,burst-load,1786816976.825000,67.999614,faf_by_key,key=/api/backend/5,1
2026-08-15_18-01-48-825386_distributedLock,distributedLock,burst-load,1786816977.825000,68.999614,faf_by_key,key=/api/backend/5,1
2026-08-15_18-01-48-825386_distributedLock,distributedLock,burst-load,1786816978.825000,69.999614,faf_by_key,key=/api/backend/5,1
2026-08-15_18-01-48-825386_distributedLock,distributedLock,burst-load,1786816979.825000,70.999614,faf_by_key,key=/api/backend/5,1
2026-08-15_18-01-48-825386_distributedLock,distributedLock,burst-load,1786816980.825000,71.999614,faf_by_key,key=/api/backend/5,1
2026-08-15_18-01-48-825386_distributedLock,distributedLock,burst-load,1786816981.825000,72.999614,faf_by_key,key=/api/backend/5,1
2026-08-15_18-01-48-825386_distributedLock,distributedLock,burst-load,1786816982.825000,73.999614,faf_by_key,key=/api/backend/5,1
2026-08-15_18-01-48-825386_distributedLock,distributedLock,burst-load,1786816983.825000,74.999614,faf_by_key,key=/api/backend/5,1
2026-08-15_18-01-48-825386_distributedLock,distributedLock,burst-load,1786816984.825000,75.999614,faf_by_key,key=/api/backend/5,1
2026-08-15_18-01-48-825386_distributedLock,distributedLock,burst-load,1786816985.825000,76.999614,faf_by_key,key=/api/backend/5,1
2026-08-15_18-01-48-825386_distributedLock,distributedLock,burst-load,1786816986.825000,77.999614,faf_by_key,key=/api/backend/5,1
2026-08-15_18-01-48-825386_distributedLock,distributedLock,burst-load,1786816987.825000,78.999614,faf_by_key,key=/api/backend/5,1
2026-08-15_18-01-48-825386_distributedLock,distributedLock,burst-load,1786816988.825000,79.999614,faf_by_key,key=/api/backend/5,1
2026-08-15_18-01-48-825386_distributedLock,distributedLock,burst-load,1786816989.825000,80.999614,faf_by_key,key=/api/backend/5,1
2026-08-15_18-01-48-825386_distributedLock,distributedLock,burst-load,1786816990.825000,81.999614,faf_by_key,key=/api/backend/5,1
2026-08-15_18-01-48-825386_distributedLock,distributedLock,burst-load,1786816991.825000,82.999614,faf_by_key,key=/api/backend/5,1
2026-08-15_18-01-48-825386_distributedLock,distributedLock,burst-load,1786816992.825000,83.999614,faf_by_key,key=/api/backend/5,1
2026-08-15_18-01-48-825386_distributedLock,distributedLock,burst-load,1786816993.825000,84.999614,faf_by_key,key=/api/backend/5,1
2026-08-15_18-01-48-825386_distributedLock,distributedLock,burst-load,1786816994.825000,85.999614,faf_by_key,key=/api/backend/5,1
2026-08-15_18-01-48-825386_distributedLock,distributedLock,burst-load,1786816995.825000,86.999614,faf_by_key,key=/api/backend/5,1
2026-08-15_18-01-48-825386_distributedLock,distributedLock,burst-load,1786816996.825000,87.999614,faf_by_key,key=/api/backend/5,1
2026-08-15_18-01-48-825386_distributedLock,distributedLock,burst-load,1786816997.825000,88.999614,faf_by_key,key=/api/backend/5,1
2026-08-15_18-01-48-825386_distributedLock,distributedLock,burst-load,1786816998.825000,89.999614,faf_by_key,key=/api/backend/5,1
2026-08-15_18-01-48-825386_distributedLock,distributedLock,burst-load,1786816999.825000,90.999614,faf_by_key,key=/api/backend/5,1
2026-08-15_18-01-48-825386_distributedLock,distributedLock,burst-load,1786817000.825000,91.999614,faf_by_key,key=/api/backend/5,1
2026-08-15_18-01-48-825386_distributedLock,distributedLock,burst-load,1786817001.825000,92.999614,faf_by_key,key=/api/backend/5,1
2026-08-15_18-01-48-825386_distributedLock,distributedLock,burst-load,1786817002.825000,93.999614,faf_by_key,key=/api/backend/5,1
2026-08-15_18-01-48-825386_distributedLock,distributedLock,burst-load,1786817003.825000,94.999614,faf_by_key,key=/api/backend/5,1
2026-08-15_18-01-48-825386_distributedLock,distributedLock,burst-load,1786817004.825000,95.999614,faf_by_key,key=/api/backend/5,1
2026-08-15_18-01-48-825386_distributedLock,distributedLock,burst-load,1786817005.825000,96.999614,faf_by_key,key=/api/backend/5,1
2026-08-15_18-01-48-825386_distributedLock,distributedLock,burst-load,1786817006.825000,97.999614,faf_by_key,key=/api/backend/5,1
2026-08-15_18-01-48-825386_distributedLock,distributedLock,burst-load,1786817007.825000,98.999614,faf_by_key,key=/api/backend/5,1
2026-08-15_18-01-48-825386_distributedLock,distributedLock,burst-load,1786817008.825000,99.999614,faf_by_key,key=/api/backend/5,1
2026-08-15_18-01-48-825386_distributedLock,distributedLock,burst-load,1786817009.825000,100.999614,faf_by_key,key=/api/backend/5,1
2026-08-15_18-01-48-825386_distributedLock,distributedLock,burst-load,1786817010.825000,101.999614,faf_by_key,key=/api/backend/5,1
2026-08-15_18-01-48-825386_distributedLock,distributedLock,burst-load,1786817011.825000,102.999614,faf_by_key,key=/api/backend/5,1
2026-08-15_18-01-48-825386_distributedLock,distributedLock,burst-load,1786817012.825000,103.999614,faf_by_key,key=/api/backend/5,1
2026-08-15_18-01-48-825386_distributedLock,distributedLock,burst-load,1786817013.825000,104.999614,faf_by_key,key=/api/backend/5,1
2026-08-15_18-01-48-825386_distributedLock,distributedLock,burst-load,1786817014.825000,105.999614,faf_by_key,key=/api/backend/5,1
2026-08-15_18-01-48-825386_distributedLock,distributedLock,burst-load,1786817015.825000,106.999614,faf_by_key,key=/api/backend/5,1
2026-08-15_18-01-48-825386_distributedLock,distributedLock,burst-load,1786817016.825000,107.999614,faf_by_key,key=/api/backend/5,1
2026-08-15_18-01-48-825386_distributedLock,distributedLock,burst-load,1786817017.825000,108.999614,faf_by_key,key=/api/backend/5,1
2026-08-15_18-01-48-825386_distributedLock,distributedLock,burst-load,1786817018.825000,109.999614,faf_by_key,key=/api/backend/5,1
2026-08-15_18-01-48-825386_distributedLock,distributedLock,burst-load,1786817019.825000,110.999614,faf_by_key,key=/api/backend/5,1
2026-08-15_18-01-48-825386_distributedLock,distributedLock,burst-load,1786817020.825000,111.999614,faf_by_key,key=/api/backend/5,1
2026-08-15_18-01-48-825386_distributedLock,distributedLock,burst-load,1786817021.825000,112.999614,faf_by_key,key=/api/backend/5,1
2026-08-15_18-01-48-825386_distributedLock,distributedLock,burst-load,1786817022.825000,113.999614,faf_by_key,key=/api/backend/5,1
2026-08-15_18-01-48-825386_distributedLock,distributedLock,burst-load,1786817023.825000,114.999614,faf_by_key,key=/api/backend/5,1
2026-08-15_18-01-48-825386_distributedLock,distributedLock,burst-load,1786817024.825000,115.999614,faf_by_key,key=/api/backend/5,1
2026-08-15_18-01-48-825386_distributedLock,distributedLock,burst-load,1786817025.825000,116.999614,faf_by_key,key=/api/backend/5,1
2026-08-15_18-01-48-825386_distributedLock,distributedLock,burst-load,1786817026.825000,117.999614,faf_by_key,key=/api/backend/5,1
2026-08-15_18-01-48-825386_distributedLock,distributedLock,burst-load,1786817027.825000,118.999614,faf_by_key,key=/api/backend/5,1
2026-08-15_18-01-48-825386_distributedLock,distributedLock,burst-load,1786817028.825000,119.999614,faf_by_key,key=/api/backend/5,1
2026-08-15_18-01-48-825386_distributedLock,distributedLock,burst-load,1786817029.825000,120.999614,faf_by_key,key=/api/backend/5,1
2026-08-15_18-01-48-825386_distributedLock,distributedLock,burst-load,1786817030.825000,121.999614,faf_by_key,key=/api/backend/5,1
2026-08-15_18-01-48-825386_distributedLock,distributedLock,burst-load,1786816910.825000,1.999614,faf_by_key,key=/api/backend/6,1
2026-08-15_18-01-48-825386_distributedLock,distributedLock,burst-load,1786816911.825000,2.999614,faf_by_key,key=/api/backend/6,1
2026-08-15_18-01-48-825386_distributedLock,distributedLock,burst-load,1786816912.825000,3.999614,faf_by_key,key=/api/backend/6,1
2026-08-15_18-01-48-825386_distributedLock,distributedLock,burst-load,1786816913.825000,4.999614,faf_by_key,key=/api/backend/6,1
2026-08-15_18-01-48-825386_distributedLock,distributedLock,burst-load,1786816914.825000,5.999614,faf_by_key,key=/api/backend/6,1
2026-08-15_18-01-48-825386_distributedLock,distributedLock,burst-load,1786816915.825000,6.999614,faf_by_key,key=/api/backend/6,1
2026-08-15_18-01-48-825386_distributedLock,distributedLock,burst-load,1786816916.825000,7.999614,faf_by_key,key=/api/backend/6,1
2026-08-15_18-01-48-825386_distributedLock,distributedLock,burst-load,1786816917.825000,8.999614,faf_by_key,key=/api/backend/6,1
2026-08-15_18-01-48-825386_distributedLock,distributedLock,burst-load,1786816918.825000,9.999614,faf_by_key,key=/api/backend/6,1
2026-08-15_18-01-48-825386_distributedLock,distributedLock,burst-load,1786816919.825000,10.999614,faf_by_key,key=/api/backend/6,1
2026-08-15_18-01-48-825386_distributedLock,distributedLock,burst-load,1786816920.825000,11.999614,faf_by_key,key=/api/backend/6,1
2026-08-15_18-01-48-825386_distributedLock,distributedLock,burst-load,1786816921.825000,12.999614,faf_by_key,key=/api/backend/6,1
2026-08-15_18-01-48-825386_distributedLock,distributedLock,burst-load,1786816922.825000,13.999614,faf_by_key,key=/api/backend/6,1
2026-08-15_18-01-48-825386_distributedLock,distributedLock,burst-load,1786816923.825000,14.999614,faf_by_key,key=/api/backend/6,1
2026-08-15_18-01-48-825386_distributedLock,distributedLock,burst-load,1786816924.825000,15.999614,faf_by_key,key=/api/backend/6,1
2026-08-15_18-01-48-825386_distributedLock,distributedLock,burst-load,1786816925.825000,16.999614,faf_by_key,key=/api/backend/6,1
2026-08-15_18-01-48-825386_distributedLock,distributedLock,burst-load,1786816926.825000,17.999614,faf_by_key,key=/api/backend/6,1
2026-08-15_18-01-48-825386_distributedLock,distributedLock,burst-load,1786816927.825000,18.999614,faf_by_key,key=/api/backend/6,1
2026-08-15_18-01-48-825386_distributedLock,distributedLock,burst-load,1786816928.825000,19.999614,faf_by_key,key=/api/backend/6,1
2026-08-15_18-01-48-825386_distributedLock,distributedLock,burst-load,1786816929.825000,20.999614,faf_by_key,key=/api/backend/6,1
2026-08-15_18-01-48-825386_distributedLock,distributedLock,burst-load,1786816930.825000,21.999614,faf_by_key,key=/api/backend/6,1
2026-08-15_18-01-48-825386_distributedLock,distributedLock,burst-load,1786816931.825000,22.999614,faf_by_key,key=/api/backend/6,1
2026-08-15_18-01-48-825386_distributedLock,distributedLock,burst-load,1786816932.825000,23.999614,faf_by_key,key=/api/backend/6,1
2026-08-15_18-01-48-825386_distributedLock,distributedLock,burst-load,1786816933.825000,24.999614,faf_by_key,key=/api/backend/6,1
2026-08-15_18-01-48-825386_distributedLock,distributedLock,burst-load,1786816934.825000,25.999614,faf_by_key,key=/api/backend/6,1
2026-08-15_18-01-48-825386_distributedLock,distributedLock,burst-load,1786816935.825000,26.999614,faf_by_key,key=/api/backend/6,1
2026-08-15_18-01-48-825386_distributedLock,distributedLock,burst-load,1786816936.825000,27.999614,faf_by_key,key=/api/backend/6,1
2026-08-15_18-01-48-825386_distributedLock,distributedLock,burst-load,1786816937.825000,28.999614,faf_by_key,key=/api/backend/6,1
2026-08-15_18-01-48-825386_distributedLock,distributedLock,burst-load,1786816938.825000,29.999614,faf_by_key,key=/api/backend/6,1
2026-08-15_18-01-48-825386_distributedLock,distributedLock,burst-load,1786816939.825000,30.999614,faf_by_key,key=/api/backend/6,1
2026-08-15_18-01-48-825386_distributedLock,distributedLock,burst-load,1786816940.825000,31.999614,faf_by_key,key=/api/backend/6,1
2026-08-15_18-01-48-825386_distributedLock,distributedLock,burst-load,1786816941.825000,32.999614,faf_by_key,key=/api/backend/6,1
2026-08-15_18-01-48-825386_distributedLock,distributedLock,burst-load,1786816942.825000,33.999614,faf_by_key,key=/api/backend/6,1
2026-08-15_18-01-48-825386_distributedLock,distributedLock,burst-load,1786816943.825000,34.999614,faf_by_key,key=/api/backend/6,1
2026-08-15_18-01-48-825386_distributedLock,distributedLock,burst-load,1786816944.825000,35.999614,faf_by_key,key=/api/backend/6,1
2026-08-15_18-01-48-825386_distributedLock,distributedLock,burst-load,1786816945.825000,36.999614,faf_by_key,key=/api/backend/6,1
2026-08-15_18-01-48-825386_distributedLock,distributedLock,burst-load,1786816946.825000,37.999614,faf_by_key,key=/api/backend/6,1
2026-08-15_18-01-48-825386_distributedLock,distributedLock,burst-load,1786816947.825000,38.999614,faf_by_key,key=/api/backend/6,1
2026-08-15_18-01-48-825386_distributedLock,distributedLock,burst-load,1786816948.825000,39.999614,faf_by_key,key=/api/backend/6,1
2026-08-15_18-01-48-825386_distributedLock,distributedLock,burst-load,1786816949.825000,40.999614,faf_by_key,key=/api/backend/6,1
2026-08-15_18-01-48-825386_distributedLock,distributedLock,burst-load,1786816950.825000,41.999614,faf_by_key,key=/api/backend/6,1
2026-08-15_18-01-48-825386_distributedLock,distributedLock,burst-load,1786816951.825000,42.999614,faf_by_key,key=/api/backend/6,1
2026-08-15_18-01-48-825386_distributedLock,distributedLock,burst-load,1786816952.825000,43.999614,faf_by_key,key=/api/backend/6,1
2026-08-15_18-01-48-825386_distributedLock,distributedLock,burst-load,1786816953.825000,44.999614,faf_by_key,key=/api/backend/6,1
2026-08-15_18-01-48-825386_distributedLock,distributedLock,burst-load,1786816954.825000,45.999614,faf_by_key,key=/api/backend/6,1
2026-08-15_18-01-48-825386_distributedLock,distributedLock,burst-load,1786816955.825000,46.999614,faf_by_key,key=/api/backend/6,1
2026-08-15_18-01-48-825386_distributedLock,distributedLock,burst-load,1786816956.825000,47.999614,faf_by_key,key=/api/backend/6,1
2026-08-15_18-01-48-825386_distributedLock,distributedLock,burst-load,1786816957.825000,48.999614,faf_by_key,key=/api/backend/6,1
2026-08-15_18-01-48-825386_distributedLock,distributedLock,burst-load,1786816958.825000,49.999614,faf_by_key,key=/api/backend/6,1
2026-08-15_18-01-48-825386_distributedLock,distributedLock,burst-load,1786816959.825000,50.999614,faf_by_key,key=/api/backend/6,1
2026-08-15_18-01-48-825386_distributedLock,distributedLock,burst-load,1786816960.825000,51.999614,faf_by_key,key=/api/backend/6,1
2026-08-15_18-01-48-825386_distributedLock,distributedLock,burst-load,1786816961.825000,52.999614,faf_by_key,key=/api/backend/6,1
2026-08-15_18-01-48-825386_distributedLock,distributedLock,burst-load,1786816962.825000,53.999614,faf_by_key,key=/api/backend/6,1
2026-08-15_18-01-48-825386_distributedLock,distributedLock,burst-load,1786816963.825000,54.999614,faf_by_key,key=/api/backend/6,1
2026-08-15_18-01-48-825386_distributedLock,distributedLock,burst-load,1786816964.825000,55.999614,faf_by_key,key=/api/backend/6,1
2026-08-15_18-01-48-825386_distributedLock,distributedLock,burst-load,1786816965.825000,56.999614,faf_by_key,key=/api/backend/6,1
2026-08-15_18-01-48-825386_distributedLock,distributedLock,burst-load,1786816966.825000,57.999614,faf_by_key,key=/api/backend/6,1
2026-08-15_18-01-48-825386_distributedLock,distributedLock,burst-load,1786816967.825000,58.999614,faf_by_key,key=/api/backend/6,1
2026-08-15_18-01-48-825386_distributedLock,distributedLock,burst-load,1786816968.825000,59.999614,faf_by_key,key=/api/backend/6,1
2026-08-15_18-01-48-825386_distributedLock,distributedLock,burst-load,1786816969.825000,60.999614,faf_by_key,key=/api/backend/6,1
2026-08-15_18-01-48-825386_distributedLock,distributedLock,burst-load,1786816970.825000,61.999614,faf_by_key,key=/api/backend/6,1
2026-08-15_18-01-48-825386_distributedLock,distributedLock,burst-load,1786816971.825000,62.999614,faf_by_key,key=/api/backend/6,1
2026-08-15_18-01-48-825386_distributedLock,distributedLock,burst-load,1786816972.825000,63.999614,faf_by_key,key=/api/backend/6,1
2026-08-15_18-01-48-825386_distributedLock,distributedLock,burst-load,1786816973.825000,64.999614,faf_by_key,key=/api/backend/6,1
2026-08-15_18-01-48-825386_distributedLock,distributedLock,burst-load,1786816974.825000,65.999614,faf_by_key,key=/api/backend/6,1
2026-08-15_18-01-48-825386_distributedLock,distributedLock,burst-load,1786816975.825000,66.999614,faf_by_key,key=/api/backend/6,1
2026-08-15_18-01-48-825386_distributedLock,distributedLock,burst-load,1786816976.825000,67.999614,faf_by_key,key=/api/backend/6,1
2026-08-15_18-01-48-825386_distributedLock,distributedLock,burst-load,1786816977.825000,68.999614,faf_by_key,key=/api/backend/6,1
2026-08-15_18-01-48-825386_distributedLock,distributedLock,burst-load,1786816978.825000,69.999614,faf_by_key,key=/api/backend/6,1
2026-08-15_18-01-48-825386_distributedLock,distributedLock,burst-load,1786816979.825000,70.999614,faf_by_key,key=/api/backend/6,1
2026-08-15_18-01-48-825386_distributedLock,distributedLock,burst-load,1786816980.825000,71.999614,faf_by_key,key=/api/backend/6,1
2026-08-15_18-01-48-825386_distributedLock,distributedLock,burst-load,1786816981.825000,72.999614,faf_by_key,key=/api/backend/6,1
2026-08-15_18-01-48-825386_distributedLock,distributedLock,burst-load,1786816982.825000,73.999614,faf_by_key,key=/api/backend/6,1
2026-08-15_18-01-48-825386_distributedLock,distributedLock,burst-load,1786816983.825000,74.999614,faf_by_key,key=/api/backend/6,1
2026-08-15_18-01-48-825386_distributedLock,distributedLock,burst-load,1786816984.825000,75.999614,faf_by_key,key=/api/backend/6,1
2026-08-15_18-01-48-825386_distributedLock,distributedLock,burst-load,1786816985.825000,76.999614,faf_by_key,key=/api/backend/6,1
2026-08-15_18-01-48-825386_distributedLock,distributedLock,burst-load,1786816986.825000,77.999614,faf_by_key,key=/api/backend/6,1
2026-08-15_18-01-48-825386_distributedLock,distributedLock,burst-load,1786816987.825000,78.999614,faf_by_key,key=/api/backend/6,1
2026-08-15_18-01-48-825386_distributedLock,distributedLock,burst-load,1786816988.825000,79.999614,faf_by_key,key=/api/backend/6,1
2026-08-15_18-01-48-825386_distributedLock,distributedLock,burst-load,1786816989.825000,80.999614,faf_by_key,key=/api/backend/6,1
2026-08-15_18-01-48-825386_distributedLock,distributedLock,burst-load,1786816990.825000,81.999614,faf_by_key,key=/api/backend/6,1
2026-08-15_18-01-48-825386_distributedLock,distributedLock,burst-load,1786816991.825000,82.999614,faf_by_key,key=/api/backend/6,1
2026-08-15_18-01-48-825386_distributedLock,distributedLock,burst-load,1786816992.825000,83.999614,faf_by_key,key=/api/backend/6,1
2026-08-15_18-01-48-825386_distributedLock,distributedLock,burst-load,1786816993.825000,84.999614,faf_by_key,key=/api/backend/6,1
2026-08-15_18-01-48-825386_distributedLock,distributedLock,burst-load,1786816994.825000,85.999614,faf_by_key,key=/api/backend/6,1
2026-08-15_18-01-48-825386_distributedLock,distributedLock,burst-load,1786816995.825000,86.999614,faf_by_key,key=/api/backend/6,1
2026-08-15_18-01-48-825386_distributedLock,distributedLock,burst-load,1786816996.825000,87.999614,faf_by_key,key=/api/backend/6,1
2026-08-15_18-01-48-825386_distributedLock,distributedLock,burst-load,1786816997.825000,88.999614,faf_by_key,key=/api/backend/6,1
2026-08-15_18-01-48-825386_distributedLock,distributedLock,burst-load,1786816998.825000,89.999614,faf_by_key,key=/api/backend/6,1
2026-08-15_18-01-48-825386_distributedLock,distributedLock,burst-load,1786816999.825000,90.999614,faf_by_key,key=/api/backend/6,1
2026-08-15_18-01-48-825386_distributedLock,distributedLock,burst-load,1786817000.825000,91.999614,faf_by_key,key=/api/backend/6,1
2026-08-15_18-01-48-825386_distributedLock,distributedLock,burst-load,1786817001.825000,92.999614,faf_by_key,key=/api/backend/6,1
2026-08-15_18-01-48-825386_distributedLock,distributedLock,burst-load,1786817002.825000,93.999614,faf_by_key,key=/api/backend/6,1
2026-08-15_18-01-48-825386_distributedLock,distributedLock,burst-load,1786817003.825000,94.999614,faf_by_key,key=/api/backend/6,1
2026-08-15_18-01-48-825386_distributedLock,distributedLock,burst-load,1786817004.825000,95.999614,faf_by_key,key=/api/backend/6,1
2026-08-15_18-01-48-825386_distributedLock,distributedLock,burst-load,1786817005.825000,96.999614,faf_by_key,key=/api/backend/6,1
2026-08-15_18-01-48-825386_distributedLock,distributedLock,burst-load,1786817006.825000,97.999614,faf_by_key,key=/api/backend/6,1
2026-08-15_18-01-48-825386_distributedLock,distributedLock,burst-load,1786817007.825000,98.999614,faf_by_key,key=/api/backend/6,1
2026-08-15_18-01-48-825386_distributedLock,distributedLock,burst-load,1786817008.825000,99.999614,faf_by_key,key=/api/backend/6,1
2026-08-15_18-01-48-825386_distributedLock,distributedLock,burst-load,1786817009.825000,100.999614,faf_by_key,key=/api/backend/6,1
2026-08-15_18-01-48-825386_distributedLock,distributedLock,burst-load,1786817010.825000,101.999614,faf_by_key,key=/api/backend/6,1
2026-08-15_18-01-48-825386_distributedLock,distributedLock,burst-load,1786817011.825000,102.999614,faf_by_key,key=/api/backend/6,1
2026-08-15_18-01-48-825386_distributedLock,distributedLock,burst-load,1786817012.825000,103.999614,faf_by_key,key=/api/backend/6,1
2026-08-15_18-01-48-825386_distributedLock,distributedLock,burst-load,1786817013.825000,104.999614,faf_by_key,key=/api/backend/6,1
2026-08-15_18-01-48-825386_distributedLock,distributedLock,burst-load,1786817014.825000,105.999614,faf_by_key,key=/api/backend/6,1
2026-08-15_18-01-48-825386_distributedLock,distributedLock,burst-load,1786817015.825000,106.999614,faf_by_key,key=/api/backend/6,1
2026-08-15_18-01-48-825386_distributedLock,distributedLock,burst-load,1786817016.825000,107.999614,faf_by_key,key=/api/backend/6,1
2026-08-15_18-01-48-825386_distributedLock,distributedLock,burst-load,1786817017.825000,108.999614,faf_by_key,key=/api/backend/6,1
2026-08-15_18-01-48-825386_distributedLock,distributedLock,burst-load,1786817018.825000,109.999614,faf_by_key,key=/api/backend/6,1
2026-08-15_18-01-48-825386_distributedLock,distributedLock,burst-load,1786817019.825000,110.999614,faf_by_key,key=/api/backend/6,1
2026-08-15_18-01-48-825386_distributedLock,distributedLock,burst-load,1786817020.825000,111.999614,faf_by_key,key=/api/backend/6,1
2026-08-15_18-01-48-825386_distributedLock,distributedLock,burst-load,1786817021.825000,112.999614,faf_by_key,key=/api/backend/6,1
2026-08-15_18-01-48-825386_distributedLock,distributedLock,burst-load,1786817022.825000,113.999614,faf_by_key,key=/api/backend/6,1
2026-08-15_18-01-48-825386_distributedLock,distributedLock,burst-load,1786817023.825000,114.999614,faf_by_key,key=/api/backend/6,1
2026-08-15_18-01-48-825386_distributedLock,distributedLock,burst-load,1786817024.825000,115.999614,faf_by_key,key=/api/backend/6,1
2026-08-15_18-01-48-825386_distributedLock,distributedLock,burst-load,1786817025.825000,116.999614,faf_by_key,key=/api/backend/6,1
2026-08-15_18-01-48-825386_distributedLock,distributedLock,burst-load,1786817026.825000,117.999614,faf_by_key,key=/api/backend/6,1
2026-08-15_18-01-48-825386_distributedLock,distributedLock,burst-load,1786817027.825000,118.999614,faf_by_key,key=/api/backend/6,1
2026-08-15_18-01-48-825386_distributedLock,distributedLock,burst-load,1786817028.825000,119.999614,faf_by_key,key=/api/backend/6,1
2026-08-15_18-01-48-825386_distributedLock,distributedLock,burst-load,1786817029.825000,120.999614,faf_by_key,key=/api/backend/6,1
2026-08-15_18-01-48-825386_distributedLock,distributedLock,burst-load,1786817030.825000,121.999614,faf_by_key,key=/api/backend/6,1
2026-08-15_18-01-48-825386_distributedLock,distributedLock,burst-load,1786816908.825000,-0.000386,average_request_duration,all,0
2026-08-15_18-01-48-825386_distributedLock,distributedLock,burst-load,1786816909.825000,0.999614,average_request_duration,all,0.22512044400000003
2026-08-15_18-01-48-825386_distributedLock,distributedLock,burst-load,1786816910.825000,1.999614,average_request_duration,all,0.20950624988984
2026-08-15_18-01-48-825386_distributedLock,distributedLock,burst-load,1786816911.825000,2.999614,average_request_duration,all,0.16683617914607168
2026-08-15_18-01-48-825386_distributedLock,distributedLock,burst-load,1786816912.825000,3.999614,average_request_duration,all,0.14043235698059148
2026-08-15_18-01-48-825386_distributedLock,distributedLock,burst-load,1786816913.825000,4.999614,average_request_duration,all,0.12315933689547161
2026-08-15_18-01-48-825386_distributedLock,distributedLock,burst-load,1786816914.825000,5.999614,average_request_duration,all,0.11668075236397626
2026-08-15_18-01-48-825386_distributedLock,distributedLock,burst-load,1786816915.825000,6.999614,average_request_duration,all,0.10436548309207305
2026-08-15_18-01-48-825386_distributedLock,distributedLock,burst-load,1786816916.825000,7.999614,average_request_duration,all,0.09683328691629135
2026-08-15_18-01-48-825386_distributedLock,distributedLock,burst-load,1786816917.825000,8.999614,average_request_duration,all,0.089055092263941
2026-08-15_18-01-48-825386_distributedLock,distributedLock,burst-load,1786816918.825000,9.999614,average_request_duration,all,0.08374979283950108
2026-08-15_18-01-48-825386_distributedLock,distributedLock,burst-load,1786816919.825000,10.999614,average_request_duration,all,0.06004180308558583
2026-08-15_18-01-48-825386_distributedLock,distributedLock,burst-load,1786816920.825000,11.999614,average_request_duration,all,0.04978683635714285
2026-08-15_18-01-48-825386_distributedLock,distributedLock,burst-load,1786816921.825000,12.999614,average_request_duration,all,0.04310290519444445
2026-08-15_18-01-48-825386_distributedLock,distributedLock,burst-load,1786816922.825000,13.999614,average_request_duration,all,0.039155865890108686
2026-08-15_18-01-48-825386_distributedLock,distributedLock,burst-load,1786816923.825000,14.999614,average_request_duration,all,0.030957585208462167
2026-08-15_18-01-48-825386_distributedLock,distributedLock,burst-load,1786816924.825000,15.999614,average_request_duration,all,0.027436572872928184
2026-08-15_18-01-48-825386_distributedLock,distributedLock,burst-load,1786816925.825000,16.999614,average_request_duration,all,0.024897836069606938
2026-08-15_18-01-48-825386_distributedLock,distributedLock,burst-load,1786816926.825000,17.999614,average_request_duration,all,0.03258333990000004
2026-08-15_18-01-48-825386_distributedLock,distributedLock,burst-load,1786816927.825000,18.999614,average_request_duration,all,0.035082335444672264
2026-08-15_18-01-48-825386_distributedLock,distributedLock,burst-load,1786816928.825000,19.999614,average_request_duration,all,0.040135678784972824
2026-08-15_18-01-48-825386_distributedLock,distributedLock,burst-load,1786816929.825000,20.999614,average_request_duration,all,0.04501919551140375
2026-08-15_18-01-48-825386_distributedLock,distributedLock,burst-load,1786816930.825000,21.999614,average_request_duration,all,0.045961473832412406
2026-08-15_18-01-48-825386_distributedLock,distributedLock,burst-load,1786816931.825000,22.999614,average_request_duration,all,0.04819444512660548
2026-08-15_18-01-48-825386_distributedLock,distributedLock,burst-load,1786816932.825000,23.999614,average_request_duration,all,0.05318997072625701
2026-08-15_18-01-48-825386_distributedLock,distributedLock,burst-load,1786816933.825000,24.999614,average_request_duration,all,0.05785995302441619
2026-08-15_18-01-48-825386_distributedLock,distributedLock,burst-load,1786816934.825000,25.999614,average_request_duration,all,0.0582106168777778
2026-08-15_18-01-48-825386_distributedLock,distributedLock,burst-load,1786816935.825000,26.999614,average_request_duration,all,0.05331514515469615
2026-08-15_18-01-48-825386_distributedLock,distributedLock,burst-load,1786816936.825000,27.999614,average_request_duration,all,0.05026954907214664
2026-08-15_18-01-48-825386_distributedLock,distributedLock,burst-load,1786816937.825000,28.999614,average_request_duration,all,0.04688610664964216
2026-08-15_18-01-48-825386_distributedLock,distributedLock,burst-load,1786816938.825000,29.999614,average_request_duration,all,0.04366026584930578
2026-08-15_18-01-48-825386_distributedLock,distributedLock,burst-load,1786816939.825000,30.999614,average_request_duration,all,0.04090306956957176
2026-08-15_18-01-48-825386_distributedLock,distributedLock,burst-load,1786816940.825000,31.999614,average_request_duration,all,0.036717030048860025
2026-08-15_18-01-48-825386_distributedLock,distributedLock,burst-load,1786816941.825000,32.999614,average_request_duration,all,0.036508869633262296
2026-08-15_18-01-48-825386_distributedLock,distributedLock,burst-load,1786816942.825000,33.999614,average_request_duration,all,0.030450826887480225
2026-08-15_18-01-48-825386_distributedLock,distributedLock,burst-load,1786816943.825000,34.999614,average_request_duration,all,0.026370979182243307
2026-08-15_18-01-48-825386_distributedLock,distributedLock,burst-load,1786816944.825000,35.999614,average_request_duration,all,0.022113574175604663
2026-08-15_18-01-48-825386_distributedLock,distributedLock,burst-load,1786816945.825000,36.999614,average_request_duration,all,0.019297080550359762
2026-08-15_18-01-48-825386_distributedLock,distributedLock,burst-load,1786816946.825000,37.999614,average_request_duration,all,0.017298506569652844
2026-08-15_18-01-48-825386_distributedLock,distributedLock,burst-load,1786816947.825000,38.999614,average_request_duration,all,0.01633246999510492
2026-08-15_18-01-48-825386_distributedLock,distributedLock,burst-load,1786816948.825000,39.999614,average_request_duration,all,0.015133310996812532
2026-08-15_18-01-48-825386_distributedLock,distributedLock,burst-load,1786816949.825000,40.999614,average_request_duration,all,0.012452401312468742
2026-08-15_18-01-48-825386_distributedLock,distributedLock,burst-load,1786816950.825000,41.999614,average_request_duration,all,0.008883472153638421
2026-08-15_18-01-48-825386_distributedLock,distributedLock,burst-load,1786816951.825000,42.999614,average_request_duration,all,0.007563226236243369
2026-08-15_18-01-48-825386_distributedLock,distributedLock,burst-load,1786816952.825000,43.999614,average_request_duration,all,0.006960678939334362
2026-08-15_18-01-48-825386_distributedLock,distributedLock,burst-load,1786816953.825000,44.999614,average_request_duration,all,0.006468915967882724
2026-08-15_18-01-48-825386_distributedLock,distributedLock,burst-load,1786816954.825000,45.999614,average_request_duration,all,0.006170463226210242
2026-08-15_18-01-48-825386_distributedLock,distributedLock,burst-load,1786816955.825000,46.999614,average_request_duration,all,0.006084856868054366
2026-08-15_18-01-48-825386_distributedLock,distributedLock,burst-load,1786816956.825000,47.999614,average_request_duration,all,0.00743418299567896
2026-08-15_18-01-48-825386_distributedLock,distributedLock,burst-load,1786816957.825000,48.999614,average_request_duration,all,0.009270987164681787
2026-08-15_18-01-48-825386_distributedLock,distributedLock,burst-load,1786816958.825000,49.999614,average_request_duration,all,0.009836804321168926
2026-08-15_18-01-48-825386_distributedLock,distributedLock,burst-load,1786816959.825000,50.999614,average_request_duration,all,0.010770913375963935
2026-08-15_18-01-48-825386_distributedLock,distributedLock,burst-load,1786816960.825000,51.999614,average_request_duration,all,0.012333420760222143
2026-08-15_18-01-48-825386_distributedLock,distributedLock,burst-load,1786816961.825000,52.999614,average_request_duration,all,0.012093182301234467
2026-08-15_18-01-48-825386_distributedLock,distributedLock,burst-load,1786816962.825000,53.999614,average_request_duration,all,0.012686572797946079
2026-08-15_18-01-48-825386_distributedLock,distributedLock,burst-load,1786816963.825000,54.999614,average_request_duration,all,0.01314832283974481
2026-08-15_18-01-48-825386_distributedLock,distributedLock,burst-load,1786816964.825000,55.999614,average_request_duration,all,0.013364055002463014
2026-08-15_18-01-48-825386_distributedLock,distributedLock,burst-load,1786816965.825000,56.999614,average_request_duration,all,0.011595491021578296
2026-08-15_18-01-48-825386_distributedLock,distributedLock,burst-load,1786816966.825000,57.999614,average_request_duration,all,0.009246689183784908
2026-08-15_18-01-48-825386_distributedLock,distributedLock,burst-load,1786816967.825000,58.999614,average_request_duration,all,0.008719956959039422
2026-08-15_18-01-48-825386_distributedLock,distributedLock,burst-load,1786816968.825000,59.999614,average_request_duration,all,0.007908676048735339
2026-08-15_18-01-48-825386_distributedLock,distributedLock,burst-load,1786816969.825000,60.999614,average_request_duration,all,0.006105518910813335
2026-08-15_18-01-48-825386_distributedLock,distributedLock,burst-load,1786816970.825000,61.999614,average_request_duration,all,0.00636498745236108
2026-08-15_18-01-48-825386_distributedLock,distributedLock,burst-load,1786816971.825000,62.999614,average_request_duration,all,0.006560558467148888
2026-08-15_18-01-48-825386_distributedLock,distributedLock,burst-load,1786816972.825000,63.999614,average_request_duration,all,0.007546445515151526
2026-08-15_18-01-48-825386_distributedLock,distributedLock,burst-load,1786816973.825000,64.999614,average_request_duration,all,0.009406077191358032
2026-08-15_18-01-48-825386_distributedLock,distributedLock,burst-load,1786816974.825000,65.999614,average_request_duration,all,0.010608028749506544
2026-08-15_18-01-48-825386_distributedLock,distributedLock,burst-load,1786816975.825000,66.999614,average_request_duration,all,0.011578502620604602
2026-08-15_18-01-48-825386_distributedLock,distributedLock,burst-load,1786816976.825000,67.999614,average_request_duration,all,0.012156381849202706
2026-08-15_18-01-48-825386_distributedLock,distributedLock,burst-load,1786816977.825000,68.999614,average_request_duration,all,0.012204464057988978
2026-08-15_18-01-48-825386_distributedLock,distributedLock,burst-load,1786816978.825000,69.999614,average_request_duration,all,0.012233441957328456
2026-08-15_18-01-48-825386_distributedLock,distributedLock,burst-load,1786816979.825000,70.999614,average_request_duration,all,0.012442483609394404
2026-08-15_18-01-48-825386_distributedLock,distributedLock,burst-load,1786816980.825000,71.999614,average_request_duration,all,0.01155906029858117
2026-08-15_18-01-48-825386_distributedLock,distributedLock,burst-load,1786816981.825000,72.999614,average_request_duration,all,0.010448107144614641
2026-08-15_18-01-48-825386_distributedLock,distributedLock,burst-load,1786816982.825000,73.999614,average_request_duration,all,0.00826575582675707
2026-08-15_18-01-48-825386_distributedLock,distributedLock,burst-load,1786816983.825000,74.999614,average_request_duration,all,0.006692197583764872
2026-08-15_18-01-48-825386_distributedLock,distributedLock,burst-load,1786816984.825000,75.999614,average_request_duration,all,0.007077798778964217
2026-08-15_18-01-48-825386_distributedLock,distributedLock,burst-load,1786816985.825000,76.999614,average_request_duration,all,0.006341977999999952
2026-08-15_18-01-48-825386_distributedLock,distributedLock,burst-load,1786816986.825000,77.999614,average_request_duration,all,0.006650131148593344
2026-08-15_18-01-48-825386_distributedLock,distributedLock,burst-load,1786816987.825000,78.999614,average_request_duration,all,0.0070965680503758816
2026-08-15_18-01-48-825386_distributedLock,distributedLock,burst-load,1786816988.825000,79.999614,average_request_duration,all,0.0076741591115403246
2026-08-15_18-01-48-825386_distributedLock,distributedLock,burst-load,1786816989.825000,80.999614,average_request_duration,all,0.009770896719396497
2026-08-15_18-01-48-825386_distributedLock,distributedLock,burst-load,1786816990.825000,81.999614,average_request_duration,all,0.011221517986128658
2026-08-15_18-01-48-825386_distributedLock,distributedLock,burst-load,1786816991.825000,82.999614,average_request_duration,all,0.013821788516739503
2026-08-15_18-01-48-825386_distributedLock,distributedLock,burst-load,1786816992.825000,83.999614,average_request_duration,all,0.01927502874291117
2026-08-15_18-01-48-825386_distributedLock,distributedLock,burst-load,1786816993.825000,84.999614,average_request_duration,all,0.023455989416612956
2026-08-15_18-01-48-825386_distributedLock,distributedLock,burst-load,1786816994.825000,85.999614,average_request_duration,all,0.04731435045622137
2026-08-15_18-01-48-825386_distributedLock,distributedLock,burst-load,1786816995.825000,86.999614,average_request_duration,all,0.05631284793582464
2026-08-15_18-01-48-825386_distributedLock,distributedLock,burst-load,1786816996.825000,87.999614,average_request_duration,all,0.057207400754827165
2026-08-15_18-01-48-825386_distributedLock,distributedLock,burst-load,1786816997.825000,88.999614,average_request_duration,all,0.05497103380110512
2026-08-15_18-01-48-825386_distributedLock,distributedLock,burst-load,1786816998.825000,89.999614,average_request_duration,all,0.053847333143646516
2026-08-15_18-01-48-825386_distributedLock,distributedLock,burst-load,1786816999.825000,90.999614,average_request_duration,all,0.05527594114444443
2026-08-15_18-01-48-825386_distributedLock,distributedLock,burst-load,1786817000.825000,91.999614,average_request_duration,all,0.054094756539996874
2026-08-15_18-01-48-825386_distributedLock,distributedLock,burst-load,1786817001.825000,92.999614,average_request_duration,all,0.049960043182777816
2026-08-15_18-01-48-825386_distributedLock,distributedLock,burst-load,1786817002.825000,93.999614,average_request_duration,all,0.050992864635359444
2026-08-15_18-01-48-825386_distributedLock,distributedLock,burst-load,1786817003.825000,94.999614,average_request_duration,all,0.04205219982320494
2026-08-15_18-01-48-825386_distributedLock,distributedLock,burst-load,1786817004.825000,95.999614,average_request_duration,all,0.039618053393379496
2026-08-15_18-01-48-825386_distributedLock,distributedLock,burst-load,1786817005.825000,96.999614,average_request_duration,all,0.039880866128492246
2026-08-15_18-01-48-825386_distributedLock,distributedLock,burst-load,1786817006.825000,97.999614,average_request_duration,all,0.04017325403223775
2026-08-15_18-01-48-825386_distributedLock,distributedLock,burst-load,1786817007.825000,98.999614,average_request_duration,all,0.037548617463687824
2026-08-15_18-01-48-825386_distributedLock,distributedLock,burst-load,1786817008.825000,99.999614,average_request_duration,all,0.03518334514448686
2026-08-15_18-01-48-825386_distributedLock,distributedLock,burst-load,1786817009.825000,100.999614,average_request_duration,all,0.03855354624345155
2026-08-15_18-01-48-825386_distributedLock,distributedLock,burst-load,1786817010.825000,101.999614,average_request_duration,all,0.039523411878589494
2026-08-15_18-01-48-825386_distributedLock,distributedLock,burst-load,1786817011.825000,102.999614,average_request_duration,all,0.03918498159660287
2026-08-15_18-01-48-825386_distributedLock,distributedLock,burst-load,1786817012.825000,103.999614,average_request_duration,all,0.04160709197777759
2026-08-15_18-01-48-825386_distributedLock,distributedLock,burst-load,1786817013.825000,104.999614,average_request_duration,all,0.046202553573598835
2026-08-15_18-01-48-825386_distributedLock,distributedLock,burst-load,1786817014.825000,105.999614,average_request_duration,all,0.0529800316758239
2026-08-15_18-01-48-825386_distributedLock,distributedLock,burst-load,1786817015.825000,106.999614,average_request_duration,all,0.05236824603351921
2026-08-15_18-01-48-825386_distributedLock,distributedLock,burst-load,1786817016.825000,107.999614,average_request_duration,all,0.057425952506067954
2026-08-15_18-01-48-825386_distributedLock,distributedLock,burst-load,1786817017.825000,108.999614,average_request_duration,all,0.05978794933888902
2026-08-15_18-01-48-825386_distributedLock,distributedLock,burst-load,1786817018.825000,109.999614,average_request_duration,all,0.05977387665921801
2026-08-15_18-01-48-825386_distributedLock,distributedLock,burst-load,1786817019.825000,110.999614,average_request_duration,all,0.061645910870694466
2026-08-15_18-01-48-825386_distributedLock,distributedLock,burst-load,1786817020.825000,111.999614,average_request_duration,all,0.0617313588758834
2026-08-15_18-01-48-825386_distributedLock,distributedLock,burst-load,1786817021.825000,112.999614,average_request_duration,all,0.06274267050193687
2026-08-15_18-01-48-825386_distributedLock,distributedLock,burst-load,1786817022.825000,113.999614,average_request_duration,all,0.05739509463186841
2026-08-15_18-01-48-825386_distributedLock,distributedLock,burst-load,1786817023.825000,114.999614,average_request_duration,all,0.05114224695555558
2026-08-15_18-01-48-825386_distributedLock,distributedLock,burst-load,1786817024.825000,115.999614,average_request_duration,all,0.05300180357605721
2026-08-15_18-01-48-825386_distributedLock,distributedLock,burst-load,1786817025.825000,116.999614,average_request_duration,all,0.04853661300549459
2026-08-15_18-01-48-825386_distributedLock,distributedLock,burst-load,1786817026.825000,117.999614,average_request_duration,all,0.0484954635981562
2026-08-15_18-01-48-825386_distributedLock,distributedLock,burst-load,1786817027.825000,118.999614,average_request_duration,all,0.04642936627520625
2026-08-15_18-01-48-825386_distributedLock,distributedLock,burst-load,1786817028.825000,119.999614,average_request_duration,all,0.04258288802478003
2026-08-15_18-01-48-825386_distributedLock,distributedLock,burst-load,1786817029.825000,120.999614,average_request_duration,all,0.04267919220927908
2026-08-15_18-01-48-825386_distributedLock,distributedLock,burst-load,1786817030.825000,121.999614,average_request_duration,all,0.04053252868920083
2026-08-15_18-01-48-825386_distributedLock,distributedLock,burst-load,1786816908.825000,-0.000386,average_backend_duration,all,0
2026-08-15_18-01-48-825386_distributedLock,distributedLock,burst-load,1786816909.825000,0.999614,average_backend_duration,all,0.222570362
2026-08-15_18-01-48-825386_distributedLock,distributedLock,burst-load,1786816910.825000,1.999614,average_backend_duration,all,0.2508473774719381
2026-08-15_18-01-48-825386_distributedLock,distributedLock,burst-load,1786816911.825000,2.999614,average_backend_duration,all,0.24471037420802227
2026-08-15_18-01-48-825386_distributedLock,distributedLock,burst-load,1786816912.825000,3.999614,average_backend_duration,all,0.24055784633022853
2026-08-15_18-01-48-825386_distributedLock,distributedLock,burst-load,1786816913.825000,4.999614,average_backend_duration,all,0.23809200387489574
2026-08-15_18-01-48-825386_distributedLock,distributedLock,burst-load,1786816914.825000,5.999614,average_backend_duration,all,0.23637803066563917
2026-08-15_18-01-48-825386_distributedLock,distributedLock,burst-load,1786816915.825000,6.999614,average_backend_duration,all,0.2356192591041415
2026-08-15_18-01-48-825386_distributedLock,distributedLock,burst-load,1786816916.825000,7.999614,average_backend_duration,all,0.23407040668536058
2026-08-15_18-01-48-825386_distributedLock,distributedLock,burst-load,1786816917.825000,8.999614,average_backend_duration,all,0.23314233125914885
2026-08-15_18-01-48-825386_distributedLock,distributedLock,burst-load,1786816918.825000,9.999614,average_backend_duration,all,0.23229350046868114
2026-08-15_18-01-48-825386_distributedLock,distributedLock,burst-load,1786816919.825000,10.999614,average_backend_duration,all,0.2243483664864981
2026-08-15_18-01-48-825386_distributedLock,distributedLock,burst-load,1786816920.825000,11.999614,average_backend_duration,all,0.22145447746153857
2026-08-15_18-01-48-825386_distributedLock,distributedLock,burst-load,1786816921.825000,12.999614,average_backend_duration,all,0.2199229727058825
2026-08-15_18-01-48-825386_distributedLock,distributedLock,burst-load,1786816922.825000,13.999614,average_backend_duration,all,0.22005798518613506
2026-08-15_18-01-48-825386_distributedLock,distributedLock,burst-load,1786816923.825000,14.999614,average_backend_duration,all,0.2180259633062076
2026-08-15_18-01-48-825386_distributedLock,distributedLock,burst-load,1786816924.825000,15.999614,average_backend_duration,all,0.2162057152727274
2026-08-15_18-01-48-825386_distributedLock,distributedLock,burst-load,1786816925.825000,16.999614,average_backend_duration,all,0.21534030191769546
2026-08-15_18-01-48-825386_distributedLock,distributedLock,burst-load,1786816926.825000,17.999614,average_backend_duration,all,0.2187801350416667
2026-08-15_18-01-48-825386_distributedLock,distributedLock,burst-load,1786816927.825000,18.999614,average_backend_duration,all,0.21903948097976808
2026-08-15_18-01-48-825386_distributedLock,distributedLock,burst-load,1786816928.825000,19.999614,average_backend_duration,all,0.21974277293850084
2026-08-15_18-01-48-825386_distributedLock,distributedLock,burst-load,1786816929.825000,20.999614,average_backend_duration,all,0.22067030991471565
2026-08-15_18-01-48-825386_distributedLock,distributedLock,burst-load,1786816930.825000,21.999614,average_backend_duration,all,0.22041959880477405
2026-08-15_18-01-48-825386_distributedLock,distributedLock,burst-load,1786816931.825000,22.999614,average_backend_duration,all,0.2202355679044764
2026-08-15_18-01-48-825386_distributedLock,distributedLock,burst-load,1786816932.825000,23.999614,average_backend_duration,all,0.22040246649999992
2026-08-15_18-01-48-825386_distributedLock,distributedLock,burst-load,1786816933.825000,24.999614,average_backend_duration,all,0.22055760957242285
2026-08-15_18-01-48-825386_distributedLock,distributedLock,burst-load,1786816934.825000,25.999614,average_backend_duration,all,0.2205825579333333
2026-08-15_18-01-48-825386_distributedLock,distributedLock,burst-load,1786816935.825000,26.999614,average_backend_duration,all,0.21928787642857142
2026-08-15_18-01-48-825386_distributedLock,distributedLock,burst-load,1786816936.825000,27.999614,average_backend_duration,all,0.21886192343029343
2026-08-15_18-01-48-825386_distributedLock,distributedLock,burst-load,1786816937.825000,28.999614,average_backend_duration,all,0.21811930687583872
2026-08-15_18-01-48-825386_distributedLock,distributedLock,burst-load,1786816938.825000,29.999614,average_backend_duration,all,0.2167260947549096
2026-08-15_18-01-48-825386_distributedLock,distributedLock,burst-load,1786816939.825000,30.999614,average_backend_duration,all,0.21688252164942304
2026-08-15_18-01-48-825386_distributedLock,distributedLock,burst-load,1786816940.825000,31.999614,average_backend_duration,all,0.22718115655813978
2026-08-15_18-01-48-825386_distributedLock,distributedLock,burst-load,1786816941.825000,32.999614,average_backend_duration,all,0.23592217261403528
2026-08-15_18-01-48-825386_distributedLock,distributedLock,burst-load,1786816942.825000,33.999614,average_backend_duration,all,0.2365357591967214
2026-08-15_18-01-48-825386_distributedLock,distributedLock,burst-load,1786816943.825000,34.999614,average_backend_duration,all,0.23620527144242268
2026-08-15_18-01-48-825386_distributedLock,distributedLock,burst-load,1786816944.825000,35.999614,average_backend_duration,all,0.23714458940909094
2026-08-15_18-01-48-825386_distributedLock,distributedLock,burst-load,1786816945.825000,36.999614,average_backend_duration,all,0.23729681660294122
2026-08-15_18-01-48-825386_distributedLock,distributedLock,burst-load,1786816946.825000,37.999614,average_backend_duration,all,0.23742293836462292
2026-08-15_18-01-48-825386_distributedLock,distributedLock,burst-load,1786816947.825000,38.999614,average_backend_duration,all,0.23755103286486487
2026-08-15_18-01-48-825386_distributedLock,distributedLock,burst-load,1786816948.825000,39.999614,average_backend_duration,all,0.23733448577141814
2026-08-15_18-01-48-825386_distributedLock,distributedLock,burst-load,1786816949.825000,40.999614,average_backend_duration,all,0.23358934610705878
2026-08-15_18-01-48-825386_distributedLock,distributedLock,burst-load,1786816950.825000,41.999614,average_backend_duration,all,0.225461665440989
2026-08-15_18-01-48-825386_distributedLock,distributedLock,burst-load,1786816951.825000,42.999614,average_backend_duration,all,0.22330578521213007
2026-08-15_18-01-48-825386_distributedLock,distributedLock,burst-load,1786816952.825000,43.999614,average_backend_duration,all,0.2219517992391523
2026-08-15_18-01-48-825386_distributedLock,distributedLock,burst-load,1786816953.825000,44.999614,average_backend_duration,all,0.22090273349337367
2026-08-15_18-01-48-825386_distributedLock,distributedLock,burst-load,1786816954.825000,45.999614,average_backend_duration,all,0.21971163370461114
2026-08-15_18-01-48-825386_distributedLock,distributedLock,burst-load,1786816955.825000,46.999614,average_backend_duration,all,0.21872707611571296
2026-08-15_18-01-48-825386_distributedLock,distributedLock,burst-load,1786816956.825000,47.999614,average_backend_duration,all,0.22587624388095248
2026-08-15_18-01-48-825386_distributedLock,distributedLock,burst-load,1786816957.825000,48.999614,average_backend_duration,all,0.23366852499096635
2026-08-15_18-01-48-825386_distributedLock,distributedLock,burst-load,1786816958.825000,49.999614,average_backend_duration,all,0.23320104959288793
2026-08-15_18-01-48-825386_distributedLock,distributedLock,burst-load,1786816959.825000,50.999614,average_backend_duration,all,0.234285408971601
2026-08-15_18-01-48-825386_distributedLock,distributedLock,burst-load,1786816960.825000,51.999614,average_backend_duration,all,0.2349691715545674
2026-08-15_18-01-48-825386_distributedLock,distributedLock,burst-load,1786816961.825000,52.999614,average_backend_duration,all,0.23576559511764705
2026-08-15_18-01-48-825386_distributedLock,distributedLock,burst-load,1786816962.825000,53.999614,average_backend_duration,all,0.2345749334444696
2026-08-15_18-01-48-825386_distributedLock,distributedLock,burst-load,1786816963.825000,54.999614,average_backend_duration,all,0.23424400881164986
2026-08-15_18-01-48-825386_distributedLock,distributedLock,burst-load,1786816964.825000,55.999614,average_backend_duration,all,0.23409430722666666
2026-08-15_18-01-48-825386_distributedLock,distributedLock,burst-load,1786816965.825000,56.999614,average_backend_duration,all,0.23108925374242423
2026-08-15_18-01-48-825386_distributedLock,distributedLock,burst-load,1786816966.825000,57.999614,average_backend_duration,all,0.22473569502548066
2026-08-15_18-01-48-825386_distributedLock,distributedLock,burst-load,1786816967.825000,58.999614,average_backend_duration,all,0.22411063996373723
2026-08-15_18-01-48-825386_distributedLock,distributedLock,burst-load,1786816968.825000,59.999614,average_backend_duration,all,0.22201881551111066
2026-08-15_18-01-48-825386_distributedLock,distributedLock,burst-load,1786816969.825000,60.999614,average_backend_duration,all,0.21901762234654235
2026-08-15_18-01-48-825386_distributedLock,distributedLock,burst-load,1786816970.825000,61.999614,average_backend_duration,all,0.2181643150563756
2026-08-15_18-01-48-825386_distributedLock,distributedLock,burst-load,1786816971.825000,62.999614,average_backend_duration,all,0.21966331024569521
2026-08-15_18-01-48-825386_distributedLock,distributedLock,burst-load,1786816972.825000,63.999614,average_backend_duration,all,0.2231000175116276
2026-08-15_18-01-48-825386_distributedLock,distributedLock,burst-load,1786816973.825000,64.999614,average_backend_duration,all,0.2286682297884614
2026-08-15_18-01-48-825386_distributedLock,distributedLock,burst-load,1786816974.825000,65.999614,average_backend_duration,all,0.23132620920516136
2026-08-15_18-01-48-825386_distributedLock,distributedLock,burst-load,1786816975.825000,66.999614,average_backend_duration,all,0.23095724751562485
2026-08-15_18-01-48-825386_distributedLock,distributedLock,burst-load,1786816976.825000,67.999614,average_backend_duration,all,0.23167021571261578
2026-08-15_18-01-48-825386_distributedLock,distributedLock,burst-load,1786816977.825000,68.999614,average_backend_duration,all,0.23168841980882354
2026-08-15_18-01-48-825386_distributedLock,distributedLock,burst-load,1786816978.825000,69.999614,average_backend_duration,all,0.2315223852058825
2026-08-15_18-01-48-825386_distributedLock,distributedLock,burst-load,1786816979.825000,70.999614,average_backend_duration,all,0.23110364287323948
2026-08-15_18-01-48-825386_distributedLock,distributedLock,burst-load,1786816980.825000,71.999614,average_backend_duration,all,0.23129928054545465
2026-08-15_18-01-48-825386_distributedLock,distributedLock,burst-load,1786816981.825000,72.999614,average_backend_duration,all,0.22980339549027184
2026-08-15_18-01-48-825386_distributedLock,distributedLock,burst-load,1786816982.825000,73.999614,average_backend_duration,all,0.22517886628846132
2026-08-15_18-01-48-825386_distributedLock,distributedLock,burst-load,1786816983.825000,74.999614,average_backend_duration,all,0.22085837036368364
2026-08-15_18-01-48-825386_distributedLock,distributedLock,burst-load,1786816984.825000,75.999614,average_backend_duration,all,0.2218001733283175
2026-08-15_18-01-48-825386_distributedLock,distributedLock,burst-load,1786816985.825000,76.999614,average_backend_duration,all,0.2199396428750001
2026-08-15_18-01-48-825386_distributedLock,distributedLock,burst-load,1786816986.825000,77.999614,average_backend_duration,all,0.21897239750636058
2026-08-15_18-01-48-825386_distributedLock,distributedLock,burst-load,1786816987.825000,78.999614,average_backend_duration,all,0.21908252749999987
2026-08-15_18-01-48-825386_distributedLock,distributedLock,burst-load,1786816988.825000,79.999614,average_backend_duration,all,0.21897443039161651
2026-08-15_18-01-48-825386_distributedLock,distributedLock,burst-load,1786816989.825000,80.999614,average_backend_duration,all,0.21932430569032893
2026-08-15_18-01-48-825386_distributedLock,distributedLock,burst-load,1786816990.825000,81.999614,average_backend_duration,all,0.21980327525204726
2026-08-15_18-01-48-825386_distributedLock,distributedLock,burst-load,1786816991.825000,82.999614,average_backend_duration,all,0.21983341243243268
2026-08-15_18-01-48-825386_distributedLock,distributedLock,burst-load,1786816992.825000,83.999614,average_backend_duration,all,0.22178547280000027
2026-08-15_18-01-48-825386_distributedLock,distributedLock,burst-load,1786816993.825000,84.999614,average_backend_duration,all,0.22028925621873016
2026-08-15_18-01-48-825386_distributedLock,distributedLock,burst-load,1786816994.825000,85.999614,average_backend_duration,all,0.2219944486744187
2026-08-15_18-01-48-825386_distributedLock,distributedLock,burst-load,1786816995.825000,86.999614,average_backend_duration,all,0.2231238382290469
2026-08-15_18-01-48-825386_distributedLock,distributedLock,burst-load,1786816996.825000,87.999614,average_backend_duration,all,0.22288059605095095
2026-08-15_18-01-48-825386_distributedLock,distributedLock,burst-load,1786816997.825000,88.999614,average_backend_duration,all,0.2231508382500001
2026-08-15_18-01-48-825386_distributedLock,distributedLock,burst-load,1786816998.825000,89.999614,average_backend_duration,all,0.2236764110697674
2026-08-15_18-01-48-825386_distributedLock,distributedLock,burst-load,1786816999.825000,90.999614,average_backend_duration,all,0.22318319406818155
2026-08-15_18-01-48-825386_distributedLock,distributedLock,burst-load,1786817000.825000,91.999614,average_backend_duration,all,0.2234424305377447
2026-08-15_18-01-48-825386_distributedLock,distributedLock,burst-load,1786817001.825000,92.999614,average_backend_duration,all,0.22176614501694986
2026-08-15_18-01-48-825386_distributedLock,distributedLock,burst-load,1786817002.825000,93.999614,average_backend_duration,all,0.22201317268292653
2026-08-15_18-01-48-825386_distributedLock,distributedLock,burst-load,1786817003.825000,94.999614,average_backend_duration,all,0.22054659605882332
2026-08-15_18-01-48-825386_distributedLock,distributedLock,burst-load,1786817004.825000,95.999614,average_backend_duration,all,0.2195351550098834
2026-08-15_18-01-48-825386_distributedLock,distributedLock,burst-load,1786817005.825000,96.999614,average_backend_duration,all,0.21985505384375004
2026-08-15_18-01-48-825386_distributedLock,distributedLock,burst-load,1786817006.825000,97.999614,average_backend_duration,all,0.21886611152275276
2026-08-15_18-01-48-825386_distributedLock,distributedLock,burst-load,1786817007.825000,98.999614,average_backend_duration,all,0.21789475143333328
2026-08-15_18-01-48-825386_distributedLock,distributedLock,burst-load,1786817008.825000,99.999614,average_backend_duration,all,0.2172505276886602
2026-08-15_18-01-48-825386_distributedLock,distributedLock,burst-load,1786817009.825000,100.999614,average_backend_duration,all,0.21769842721592414
2026-08-15_18-01-48-825386_distributedLock,distributedLock,burst-load,1786817010.825000,101.999614,average_backend_duration,all,0.21835378691480317
2026-08-15_18-01-48-825386_distributedLock,distributedLock,burst-load,1786817011.825000,102.999614,average_backend_duration,all,0.21895763608511112
2026-08-15_18-01-48-825386_distributedLock,distributedLock,burst-load,1786817012.825000,103.999614,average_backend_duration,all,0.21880814969696957
2026-08-15_18-01-48-825386_distributedLock,distributedLock,burst-load,1786817013.825000,104.999614,average_backend_duration,all,0.2187663886561296
2026-08-15_18-01-48-825386_distributedLock,distributedLock,burst-load,1786817014.825000,105.999614,average_backend_duration,all,0.22208654283333254
2026-08-15_18-01-48-825386_distributedLock,distributedLock,burst-load,1786817015.825000,106.999614,average_backend_duration,all,0.2230800699999991
2026-08-15_18-01-48-825386_distributedLock,distributedLock,burst-load,1786817016.825000,107.999614,average_backend_duration,all,0.22322579561665268
2026-08-15_18-01-48-825386_distributedLock,distributedLock,burst-load,1786817017.825000,108.999614,average_backend_duration,all,0.22385387040425417
2026-08-15_18-01-48-825386_distributedLock,distributedLock,burst-load,1786817018.825000,109.999614,average_backend_duration,all,0.2242828384042542
2026-08-15_18-01-48-825386_distributedLock,distributedLock,burst-load,1786817019.825000,110.999614,average_backend_duration,all,0.22438103481867758
2026-08-15_18-01-48-825386_distributedLock,distributedLock,burst-load,1786817020.825000,111.999614,average_backend_duration,all,0.222945472445005
2026-08-15_18-01-48-825386_distributedLock,distributedLock,burst-load,1786817021.825000,112.999614,average_backend_duration,all,0.22333166050389783
2026-08-15_18-01-48-825386_distributedLock,distributedLock,burst-load,1786817022.825000,113.999614,average_backend_duration,all,0.22371074547826
2026-08-15_18-01-48-825386_distributedLock,distributedLock,burst-load,1786817023.825000,114.999614,average_backend_duration,all,0.2209658392926826
2026-08-15_18-01-48-825386_distributedLock,distributedLock,burst-load,1786817024.825000,115.999614,average_backend_duration,all,0.2207925549426362
2026-08-15_18-01-48-825386_distributedLock,distributedLock,burst-load,1786817025.825000,116.999614,average_backend_duration,all,0.22068022897435885
2026-08-15_18-01-48-825386_distributedLock,distributedLock,burst-load,1786817026.825000,117.999614,average_backend_duration,all,0.22042220706961094
2026-08-15_18-01-48-825386_distributedLock,distributedLock,burst-load,1786817027.825000,118.999614,average_backend_duration,all,0.21979761949837642
2026-08-15_18-01-48-825386_distributedLock,distributedLock,burst-load,1786817028.825000,119.999614,average_backend_duration,all,0.21901684738943492
2026-08-15_18-01-48-825386_distributedLock,distributedLock,burst-load,1786817029.825000,120.999614,average_backend_duration,all,0.22025113064335197
2026-08-15_18-01-48-825386_distributedLock,distributedLock,burst-load,1786817030.825000,121.999614,average_backend_duration,all,0.21952249893529005
2026-08-15_18-01-48-825386_distributedLock,distributedLock,burst-load,1786816908.825000,-0.000386,failure_amplification_factor,all,0
2026-08-15_18-01-48-825386_distributedLock,distributedLock,burst-load,1786816909.825000,0.999614,failure_amplification_factor,all,0
2026-08-15_18-01-48-825386_distributedLock,distributedLock,burst-load,1786816910.825000,1.999614,failure_amplification_factor,all,0.4830257769636656
2026-08-15_18-01-48-825386_distributedLock,distributedLock,burst-load,1786816911.825000,2.999614,failure_amplification_factor,all,0.5443885472510858
2026-08-15_18-01-48-825386_distributedLock,distributedLock,burst-load,1786816912.825000,3.999614,failure_amplification_factor,all,0.5361499102141332
2026-08-15_18-01-48-825386_distributedLock,distributedLock,burst-load,1786816913.825000,4.999614,failure_amplification_factor,all,0.4950587977995639
2026-08-15_18-01-48-825386_distributedLock,distributedLock,burst-load,1786816914.825000,5.999614,failure_amplification_factor,all,0.4497404145763895
2026-08-15_18-01-48-825386_distributedLock,distributedLock,burst-load,1786816915.825000,6.999614,failure_amplification_factor,all,0.42697398274052195
2026-08-15_18-01-48-825386_distributedLock,distributedLock,burst-load,1786816916.825000,7.999614,failure_amplification_factor,all,0.396162244589873
2026-08-15_18-01-48-825386_distributedLock,distributedLock,burst-load,1786816917.825000,8.999614,failure_amplification_factor,all,0.37899559602970323
2026-08-15_18-01-48-825386_distributedLock,distributedLock,burst-load,1786816918.825000,9.999614,failure_amplification_factor,all,0.3544047409645351
2026-08-15_18-01-48-825386_distributedLock,distributedLock,burst-load,1786816919.825000,10.999614,failure_amplification_factor,all,0.32459235777213913
2026-08-15_18-01-48-825386_distributedLock,distributedLock,burst-load,1786816920.825000,11.999614,failure_amplification_factor,all,0.3046338130997447
2026-08-15_18-01-48-825386_distributedLock,distributedLock,burst-load,1786816921.825000,12.999614,failure_amplification_factor,all,0.287921509724914
2026-08-15_18-01-48-825386_distributedLock,distributedLock,burst-load,1786816922.825000,13.999614,failure_amplification_factor,all,0.28144864747851017
2026-08-15_18-01-48-825386_distributedLock,distributedLock,burst-load,1786816923.825000,14.999614,failure_amplification_factor,all,0.2650965423945375
2026-08-15_18-01-48-825386_distributedLock,distributedLock,burst-load,1786816924.825000,15.999614,failure_amplification_factor,all,0.25091774354295326
2026-08-15_18-01-48-825386_distributedLock,distributedLock,burst-load,1786816925.825000,16.999614,failure_amplification_factor,all,0.24161665400872828
2026-08-15_18-01-48-825386_distributedLock,distributedLock,burst-load,1786816926.825000,17.999614,failure_amplification_factor,all,0.24225647757969473
2026-08-15_18-01-48-825386_distributedLock,distributedLock,burst-load,1786816927.825000,18.999614,failure_amplification_factor,all,0.2483953973439008
2026-08-15_18-01-48-825386_distributedLock,distributedLock,burst-load,1786816928.825000,19.999614,failure_amplification_factor,all,0.24066712273815444
2026-08-15_18-01-48-825386_distributedLock,distributedLock,burst-load,1786816929.825000,20.999614,failure_amplification_factor,all,0.24626022738825679
2026-08-15_18-01-48-825386_distributedLock,distributedLock,burst-load,1786816930.825000,21.999614,failure_amplification_factor,all,0.2441392982576543
2026-08-15_18-01-48-825386_distributedLock,distributedLock,burst-load,1786816931.825000,22.999614,failure_amplification_factor,all,0.24220586611247003
2026-08-15_18-01-48-825386_distributedLock,distributedLock,burst-load,1786816932.825000,23.999614,failure_amplification_factor,all,0.2448107923262861
2026-08-15_18-01-48-825386_distributedLock,distributedLock,burst-load,1786816933.825000,24.999614,failure_amplification_factor,all,0.24718901044051952
2026-08-15_18-01-48-825386_distributedLock,distributedLock,burst-load,1786816934.825000,25.999614,failure_amplification_factor,all,0.24334647440502258
2026-08-15_18-01-48-825386_distributedLock,distributedLock,burst-load,1786816935.825000,26.999614,failure_amplification_factor,all,0.24366105876603159
2026-08-15_18-01-48-825386_distributedLock,distributedLock,burst-load,1786816936.825000,27.999614,failure_amplification_factor,all,0.23836305843367805
2026-08-15_18-01-48-825386_distributedLock,distributedLock,burst-load,1786816937.825000,28.999614,failure_amplification_factor,all,0.23523968568658743
2026-08-15_18-01-48-825386_distributedLock,distributedLock,burst-load,1786816938.825000,29.999614,failure_amplification_factor,all,0.2340581676935522
2026-08-15_18-01-48-825386_distributedLock,distributedLock,burst-load,1786816939.825000,30.999614,failure_amplification_factor,all,0.22587683481759238
2026-08-15_18-01-48-825386_distributedLock,distributedLock,burst-load,1786816940.825000,31.999614,failure_amplification_factor,all,0.19556654340059754
2026-08-15_18-01-48-825386_distributedLock,distributedLock,burst-load,1786816941.825000,32.999614,failure_amplification_factor,all,0.1785415420738884
2026-08-15_18-01-48-825386_distributedLock,distributedLock,burst-load,1786816942.825000,33.999614,failure_amplification_factor,all,0.16064017279294296
2026-08-15_18-01-48-825386_distributedLock,distributedLock,burst-load,1786816943.825000,34.999614,failure_amplification_factor,all,0.14222823045049623
2026-08-15_18-01-48-825386_distributedLock,distributedLock,burst-load,1786816944.825000,35.999614,failure_amplification_factor,all,0.13172983314509804
2026-08-15_18-01-48-825386_distributedLock,distributedLock,burst-load,1786816945.825000,36.999614,failure_amplification_factor,all,0.119841418827307
2026-08-15_18-01-48-825386_distributedLock,distributedLock,burst-load,1786816946.825000,37.999614,failure_amplification_factor,all,0.11138328508533263
2026-08-15_18-01-48-825386_distributedLock,distributedLock,burst-load,1786816947.825000,38.999614,failure_amplification_factor,all,0.1039314585921964
2026-08-15_18-01-48-825386_distributedLock,distributedLock,burst-load,1786816948.825000,39.999614,failure_amplification_factor,all,0.09770174074536628
2026-08-15_18-01-48-825386_distributedLock,distributedLock,burst-load,1786816949.825000,40.999614,failure_amplification_factor,all,0.09156152256581697
2026-08-15_18-01-48-825386_distributedLock,distributedLock,burst-load,1786816950.825000,41.999614,failure_amplification_factor,all,0.08668458509074449
2026-08-15_18-01-48-825386_distributedLock,distributedLock,burst-load,1786816951.825000,42.999614,failure_amplification_factor,all,0.08244598117914727
2026-08-15_18-01-48-825386_distributedLock,distributedLock,burst-load,1786816952.825000,43.999614,failure_amplification_factor,all,0.07907850295137477
2026-08-15_18-01-48-825386_distributedLock,distributedLock,burst-load,1786816953.825000,44.999614,failure_amplification_factor,all,0.07577495115797805
2026-08-15_18-01-48-825386_distributedLock,distributedLock,burst-load,1786816954.825000,45.999614,failure_amplification_factor,all,0.07221697316509244
2026-08-15_18-01-48-825386_distributedLock,distributedLock,burst-load,1786816955.825000,46.999614,failure_amplification_factor,all,0.06873657064530697
2026-08-15_18-01-48-825386_distributedLock,distributedLock,burst-load,1786816956.825000,47.999614,failure_amplification_factor,all,0.06866023083506967
2026-08-15_18-01-48-825386_distributedLock,distributedLock,burst-load,1786816957.825000,48.999614,failure_amplification_factor,all,0.06885357357581738
2026-08-15_18-01-48-825386_distributedLock,distributedLock,burst-load,1786816958.825000,49.999614,failure_amplification_factor,all,0.06852351930736501
2026-08-15_18-01-48-825386_distributedLock,distributedLock,burst-load,1786816959.825000,50.999614,failure_amplification_factor,all,0.06749506605802608
2026-08-15_18-01-48-825386_distributedLock,distributedLock,burst-load,1786816960.825000,51.999614,failure_amplification_factor,all,0.06678315159308786
2026-08-15_18-01-48-825386_distributedLock,distributedLock,burst-load,1786816961.825000,52.999614,failure_amplification_factor,all,0.06590622441643076
2026-08-15_18-01-48-825386_distributedLock,distributedLock,burst-load,1786816962.825000,53.999614,failure_amplification_factor,all,0.06445120438495941
2026-08-15_18-01-48-825386_distributedLock,distributedLock,burst-load,1786816963.825000,54.999614,failure_amplification_factor,all,0.06289825577292185
2026-08-15_18-01-48-825386_distributedLock,distributedLock,burst-load,1786816964.825000,55.999614,failure_amplification_factor,all,0.06185409818188738
2026-08-15_18-01-48-825386_distributedLock,distributedLock,burst-load,1786816965.825000,56.999614,failure_amplification_factor,all,0.06049638447658324
2026-08-15_18-01-48-825386_distributedLock,distributedLock,burst-load,1786816966.825000,57.999614,failure_amplification_factor,all,0.059228567973351944
2026-08-15_18-01-48-825386_distributedLock,distributedLock,burst-load,1786816967.825000,58.999614,failure_amplification_factor,all,0.05804164191262693
2026-08-15_18-01-48-825386_distributedLock,distributedLock,burst-load,1786816968.825000,59.999614,failure_amplification_factor,all,0.05640692120108296
2026-08-15_18-01-48-825386_distributedLock,distributedLock,burst-load,1786816969.825000,60.999614,failure_amplification_factor,all,0.05588340160206654
2026-08-15_18-01-48-825386_distributedLock,distributedLock,burst-load,1786816970.825000,61.999614,failure_amplification_factor,all,0.05457100041074136
2026-08-15_18-01-48-825386_distributedLock,distributedLock,burst-load,1786816971.825000,62.999614,failure_amplification_factor,all,0.053811200041756775
2026-08-15_18-01-48-825386_distributedLock,distributedLock,burst-load,1786816972.825000,63.999614,failure_amplification_factor,all,0.05372005136272023
2026-08-15_18-01-48-825386_distributedLock,distributedLock,burst-load,1786816973.825000,64.999614,failure_amplification_factor,all,0.05406979568942188
2026-08-15_18-01-48-825386_distributedLock,distributedLock,burst-load,1786816974.825000,65.999614,failure_amplification_factor,all,0.05426179802267589
2026-08-15_18-01-48-825386_distributedLock,distributedLock,burst-load,1786816975.825000,66.999614,failure_amplification_factor,all,0.05401577355820394
2026-08-15_18-01-48-825386_distributedLock,distributedLock,burst-load,1786816976.825000,67.999614,failure_amplification_factor,all,0.054060895538613055
2026-08-15_18-01-48-825386_distributedLock,distributedLock,burst-load,1786816977.825000,68.999614,failure_amplification_factor,all,0.05315082895398844
2026-08-15_18-01-48-825386_distributedLock,distributedLock,burst-load,1786816978.825000,69.999614,failure_amplification_factor,all,0.0528153737806556
2026-08-15_18-01-48-825386_distributedLock,distributedLock,burst-load,1786816979.825000,70.999614,failure_amplification_factor,all,0.052372495444210014
2026-08-15_18-01-48-825386_distributedLock,distributedLock,burst-load,1786816980.825000,71.999614,failure_amplification_factor,all,0.051556754378660856
2026-08-15_18-01-48-825386_distributedLock,distributedLock,burst-load,1786816981.825000,72.999614,failure_amplification_factor,all,0.05078269033581977
2026-08-15_18-01-48-825386_distributedLock,distributedLock,burst-load,1786816982.825000,73.999614,failure_amplification_factor,all,0.0501641944346493
2026-08-15_18-01-48-825386_distributedLock,distributedLock,burst-load,1786816983.825000,74.999614,failure_amplification_factor,all,0.04957746420674783
2026-08-15_18-01-48-825386_distributedLock,distributedLock,burst-load,1786816984.825000,75.999614,failure_amplification_factor,all,0.049473586854351596
2026-08-15_18-01-48-825386_distributedLock,distributedLock,burst-load,1786816985.825000,76.999614,failure_amplification_factor,all,0.04908349765056675
2026-08-15_18-01-48-825386_distributedLock,distributedLock,burst-load,1786816986.825000,77.999614,failure_amplification_factor,all,0.048872559995150965
2026-08-15_18-01-48-825386_distributedLock,distributedLock,burst-load,1786816987.825000,78.999614,failure_amplification_factor,all,0.048985085532878656
2026-08-15_18-01-48-825386_distributedLock,distributedLock,burst-load,1786816988.825000,79.999614,failure_amplification_factor,all,0.04920870380084251
2026-08-15_18-01-48-825386_distributedLock,distributedLock,burst-load,1786816989.825000,80.999614,failure_amplification_factor,all,0.04976997525951552
2026-08-15_18-01-48-825386_distributedLock,distributedLock,burst-load,1786816990.825000,81.999614,failure_amplification_factor,all,0.05044002788461835
2026-08-15_18-01-48-825386_distributedLock,distributedLock,burst-load,1786816991.825000,82.999614,failure_amplification_factor,all,0.0504355509498956
2026-08-15_18-01-48-825386_distributedLock,distributedLock,burst-load,1786816992.825000,83.999614,failure_amplification_factor,all,0.05098955625941361
2026-08-15_18-01-48-825386_distributedLock,distributedLock,burst-load,1786816993.825000,84.999614,failure_amplification_factor,all,0.051541091142731595
2026-08-15_18-01-48-825386_distributedLock,distributedLock,burst-load,1786816994.825000,85.999614,failure_amplification_factor,all,0.05197910611018786
2026-08-15_18-01-48-825386_distributedLock,distributedLock,burst-load,1786816995.825000,86.999614,failure_amplification_factor,all,0.052858446066469854
2026-08-15_18-01-48-825386_distributedLock,distributedLock,burst-load,1786816996.825000,87.999614,failure_amplification_factor,all,0.052959655304667105
2026-08-15_18-01-48-825386_distributedLock,distributedLock,burst-load,1786816997.825000,88.999614,failure_amplification_factor,all,0.053281349343055597
2026-08-15_18-01-48-825386_distributedLock,distributedLock,burst-load,1786816998.825000,89.999614,failure_amplification_factor,all,0.05371145827170461
2026-08-15_18-01-48-825386_distributedLock,distributedLock,burst-load,1786816999.825000,90.999614,failure_amplification_factor,all,0.053920823152778345
2026-08-15_18-01-48-825386_distributedLock,distributedLock,burst-load,1786817000.825000,91.999614,failure_amplification_factor,all,0.054238609097008415
2026-08-15_18-01-48-825386_distributedLock,distributedLock,burst-load,1786817001.825000,92.999614,failure_amplification_factor,all,0.05444492709832995
2026-08-15_18-01-48-825386_distributedLock,distributedLock,burst-load,1786817002.825000,93.999614,failure_amplification_factor,all,0.054868800082101696
2026-08-15_18-01-48-825386_distributedLock,distributedLock,burst-load,1786817003.825000,94.999614,failure_amplification_factor,all,0.055182759278454625
2026-08-15_18-01-48-825386_distributedLock,distributedLock,burst-load,1786817004.825000,95.999614,failure_amplification_factor,all,0.05527740434987823
2026-08-15_18-01-48-825386_distributedLock,distributedLock,burst-load,1786817005.825000,96.999614,failure_amplification_factor,all,0.055480796266354104
2026-08-15_18-01-48-825386_distributedLock,distributedLock,burst-load,1786817006.825000,97.999614,failure_amplification_factor,all,0.0556825763331255
2026-08-15_18-01-48-825386_distributedLock,distributedLock,burst-load,1786817007.825000,98.999614,failure_amplification_factor,all,0.05588376822330592
2026-08-15_18-01-48-825386_distributedLock,distributedLock,burst-load,1786817008.825000,99.999614,failure_amplification_factor,all,0.056084359486180964
2026-08-15_18-01-48-825386_distributedLock,distributedLock,burst-load,1786817009.825000,100.999614,failure_amplification_factor,all,0.056284111489810176
2026-08-15_18-01-48-825386_distributedLock,distributedLock,burst-load,1786817010.825000,101.999614,failure_amplification_factor,all,0.056589963452912485
2026-08-15_18-01-48-825386_distributedLock,distributedLock,burst-load,1786817011.825000,102.999614,failure_amplification_factor,all,0.05742899834250655
2026-08-15_18-01-48-825386_distributedLock,distributedLock,burst-load,1786817012.825000,103.999614,failure_amplification_factor,all,0.05762415305148979
2026-08-15_18-01-48-825386_distributedLock,distributedLock,burst-load,1786817013.825000,104.999614,failure_amplification_factor,all,0.05792473241056479
2026-08-15_18-01-48-825386_distributedLock,distributedLock,burst-load,1786817014.825000,105.999614,failure_amplification_factor,all,0.05875652270442602
2026-08-15_18-01-48-825386_distributedLock,distributedLock,burst-load,1786817015.825000,106.999614,failure_amplification_factor,all,0.05905367913185368
2026-08-15_18-01-48-825386_distributedLock,distributedLock,burst-load,1786817016.825000,107.999614,failure_amplification_factor,all,0.05934958785501792
2026-08-15_18-01-48-825386_distributedLock,distributedLock,burst-load,1786817017.825000,108.999614,failure_amplification_factor,all,0.05974895876162536
2026-08-15_18-01-48-825386_distributedLock,distributedLock,burst-load,1786817018.825000,109.999614,failure_amplification_factor,all,0.06025558498081677
2026-08-15_18-01-48-825386_distributedLock,distributedLock,burst-load,1786817019.825000,110.999614,failure_amplification_factor,all,0.06076083450886262
2026-08-15_18-01-48-825386_distributedLock,distributedLock,burst-load,1786817020.825000,111.999614,failure_amplification_factor,all,0.061053927510948
2026-08-15_18-01-48-825386_distributedLock,distributedLock,burst-load,1786817021.825000,112.999614,failure_amplification_factor,all,0.061450237466526114
2026-08-15_18-01-48-825386_distributedLock,distributedLock,burst-load,1786817022.825000,113.999614,failure_amplification_factor,all,0.061739673889139354
2026-08-15_18-01-48-825386_distributedLock,distributedLock,burst-load,1786817023.825000,114.999614,failure_amplification_factor,all,0.06202942485802475
2026-08-15_18-01-48-825386_distributedLock,distributedLock,burst-load,1786817024.825000,115.999614,failure_amplification_factor,all,0.06210915043484571
2026-08-15_18-01-48-825386_distributedLock,distributedLock,burst-load,1786817025.825000,116.999614,failure_amplification_factor,all,0.062396187318747395
2026-08-15_18-01-48-825386_distributedLock,distributedLock,burst-load,1786817026.825000,117.999614,failure_amplification_factor,all,0.06257817862319551
2026-08-15_18-01-48-825386_distributedLock,distributedLock,burst-load,1786817027.825000,118.999614,failure_amplification_factor,all,0.06296620481529772
2026-08-15_18-01-48-825386_distributedLock,distributedLock,burst-load,1786817028.825000,119.999614,failure_amplification_factor,all,0.06314653147917133
2026-08-15_18-01-48-825386_distributedLock,distributedLock,burst-load,1786817029.825000,120.999614,failure_amplification_factor,all,0.06363528949481298
2026-08-15_18-01-48-825386_distributedLock,distributedLock,burst-load,1786817030.825000,121.999614,failure_amplification_factor,all,0.06391574481734377
2026-08-15_18-01-48-825386_distributedLock,distributedLock,burst-load,1786816908.825000,-0.000386,cache_hit_ratio_total,all,0
2026-08-15_18-01-48-825386_distributedLock,distributedLock,burst-load,1786816909.825000,0.999614,cache_hit_ratio_total,all,0
2026-08-15_18-01-48-825386_distributedLock,distributedLock,burst-load,1786816910.825000,1.999614,cache_hit_ratio_total,all,0.15309474559562647
2026-08-15_18-01-48-825386_distributedLock,distributedLock,burst-load,1786816911.825000,2.999614,cache_hit_ratio_total,all,0.3039987929656318
2026-08-15_18-01-48-825386_distributedLock,distributedLock,burst-load,1786816912.825000,3.999614,cache_hit_ratio_total,all,0.4090591235446223
2026-08-15_18-01-48-825386_distributedLock,distributedLock,burst-load,1786816913.825000,4.999614,cache_hit_ratio_total,all,0.4652416743784781
2026-08-15_18-01-48-825386_distributedLock,distributedLock,burst-load,1786816914.825000,5.999614,cache_hit_ratio_total,all,0.4813466695422528
2026-08-15_18-01-48-825386_distributedLock,distributedLock,burst-load,1786816915.825000,6.999614,cache_hit_ratio_total,all,0.5395982487416241
2026-08-15_18-01-48-825386_distributedLock,distributedLock,burst-load,1786816916.825000,7.999614,cache_hit_ratio_total,all,0.575433831211197
2026-08-15_18-01-48-825386_distributedLock,distributedLock,burst-load,1786816917.825000,8.999614,cache_hit_ratio_total,all,0.6085878038609978
2026-08-15_18-01-48-825386_distributedLock,distributedLock,burst-load,1786816918.825000,9.999614,cache_hit_ratio_total,all,0.6350181008075744
2026-08-15_18-01-48-825386_distributedLock,distributedLock,burst-load,1786816919.825000,10.999614,cache_hit_ratio_total,all,0.7054509410399342
2026-08-15_18-01-48-825386_distributedLock,distributedLock,burst-load,1786816920.825000,11.999614,cache_hit_ratio_total,all,0.7773527777777778
2026-08-15_18-01-48-825386_distributedLock,distributedLock,burst-load,1786816921.825000,12.999614,cache_hit_ratio_total,all,0.8
2026-08-15_18-01-48-825386_distributedLock,distributedLock,burst-load,1786816922.825000,13.999614,cache_hit_ratio_total,all,0.8277768519032894
2026-08-15_18-01-48-825386_distributedLock,distributedLock,burst-load,1786816923.825000,14.999614,cache_hit_ratio_total,all,0.8722219135630991
2026-08-15_18-01-48-825386_distributedLock,distributedLock,burst-load,1786816924.825000,15.999614,cache_hit_ratio_total,all,0.8777777777777779
2026-08-15_18-01-48-825386_distributedLock,distributedLock,burst-load,1786816925.825000,16.999614,cache_hit_ratio_total,all,0.8722219135973928
2026-08-15_18-01-48-825386_distributedLock,distributedLock,burst-load,1786816926.825000,17.999614,cache_hit_ratio_total,all,0.8388888888888889
2026-08-15_18-01-48-825386_distributedLock,distributedLock,burst-load,1786816927.825000,18.999614,cache_hit_ratio_total,all,0.8277774691186546
2026-08-15_18-01-48-825386_distributedLock,distributedLock,burst-load,1786816928.825000,19.999614,cache_hit_ratio_total,all,0.8000012344993179
2026-08-15_18-01-48-825386_distributedLock,distributedLock,burst-load,1786816929.825000,20.999614,cache_hit_ratio_total,all,0.7833336419924564
2026-08-15_18-01-48-825386_distributedLock,distributedLock,burst-load,1786816930.825000,21.999614,cache_hit_ratio_total,all,0.7833324073559641
2026-08-15_18-01-48-825386_distributedLock,distributedLock,burst-load,1786816931.825000,22.999614,cache_hit_ratio_total,all,0.7666660493484205
2026-08-15_18-01-48-825386_distributedLock,distributedLock,burst-load,1786816932.825000,23.999614,cache_hit_ratio_total,all,0.7444444444444445
2026-08-15_18-01-48-825386_distributedLock,distributedLock,burst-load,1786816933.825000,24.999614,cache_hit_ratio_total,all,0.7277768518004086
2026-08-15_18-01-48-825386_distributedLock,distributedLock,burst-load,1786816934.825000,25.999614,cache_hit_ratio_total,all,0.7333333333333334
2026-08-15_18-01-48-825386_distributedLock,distributedLock,burst-load,1786816935.825000,26.999614,cache_hit_ratio_total,all,0.7611111111111112
2026-08-15_18-01-48-825386_distributedLock,distributedLock,burst-load,1786816936.825000,27.999614,cache_hit_ratio_total,all,0.7666654321673487
2026-08-15_18-01-48-825386_distributedLock,distributedLock,burst-load,1786816937.825000,28.999614,cache_hit_ratio_total,all,0.7777796297325159
2026-08-15_18-01-48-825386_distributedLock,distributedLock,burst-load,1786816938.825000,29.999614,cache_hit_ratio_total,all,0.7999987652263031
2026-08-15_18-01-48-825386_distributedLock,distributedLock,burst-load,1786816939.825000,30.999614,cache_hit_ratio_total,all,0.8052643769323362
2026-08-15_18-01-48-825386_distributedLock,distributedLock,burst-load,1786816940.825000,31.999614,cache_hit_ratio_total,all,0.8076923076923077
2026-08-15_18-01-48-825386_distributedLock,distributedLock,burst-load,1786816941.825000,32.999614,cache_hit_ratio_total,all,0.8199152542372881
2026-08-15_18-01-48-825386_distributedLock,distributedLock,burst-load,1786816942.825000,33.999614,cache_hit_ratio_total,all,0.8496835443037976
2026-08-15_18-01-48-825386_distributedLock,distributedLock,burst-load,1786816943.825000,34.999614,cache_hit_ratio_total,all,0.8699487471342412
2026-08-15_18-01-48-825386_distributedLock,distributedLock,burst-load,1786816944.825000,35.999614,cache_hit_ratio_total,all,0.8897058823529412
2026-08-15_18-01-48-825386_distributedLock,distributedLock,burst-load,1786816945.825000,36.999614,cache_hit_ratio_total,all,0.9055755395683454
2026-08-15_18-01-48-825386_distributedLock,distributedLock,burst-load,1786816946.825000,37.999614,cache_hit_ratio_total,all,0.9143091770473786
2026-08-15_18-01-48-825386_distributedLock,distributedLock,burst-load,1786816947.825000,38.999614,cache_hit_ratio_total,all,0.9196927374301678
2026-08-15_18-01-48-825386_distributedLock,distributedLock,burst-load,1786816948.825000,39.999614,cache_hit_ratio_total,all,0.9273072807827353
2026-08-15_18-01-48-825386_distributedLock,distributedLock,burst-load,1786816949.825000,40.999614,cache_hit_ratio_total,all,0.9438270576074529
2026-08-15_18-01-48-825386_distributedLock,distributedLock,burst-load,1786816950.825000,41.999614,cache_hit_ratio_total,all,0.9586420096002896
2026-08-15_18-01-48-825386_distributedLock,distributedLock,burst-load,1786816951.825000,42.999614,cache_hit_ratio_total,all,0.9648148491102729
2026-08-15_18-01-48-825386_distributedLock,distributedLock,burst-load,1786816952.825000,43.999614,cache_hit_ratio_total,all,0.9679004115226338
2026-08-15_18-01-48-825386_distributedLock,distributedLock,burst-load,1786816953.825000,44.999614,cache_hit_ratio_total,all,0.9703701646204841
2026-08-15_18-01-48-825386_distributedLock,distributedLock,burst-load,1786816954.825000,45.999614,cache_hit_ratio_total,all,0.9709873456961581
2026-08-15_18-01-48-825386_distributedLock,distributedLock,burst-load,1786816955.825000,46.999614,cache_hit_ratio_total,all,0.9685191015413066
2026-08-15_18-01-48-825386_distributedLock,distributedLock,burst-load,1786816956.825000,47.999614,cache_hit_ratio_total,all,0.9641975308641976
2026-08-15_18-01-48-825386_distributedLock,distributedLock,burst-load,1786816957.825000,48.999614,cache_hit_ratio_total,all,0.9524700274348424
2026-08-15_18-01-48-825386_distributedLock,distributedLock,burst-load,1786816958.825000,49.999614,cache_hit_ratio_total,all,0.949999759958466
2026-08-15_18-01-48-825386_distributedLock,distributedLock,burst-load,1786816959.825000,50.999614,cache_hit_ratio_total,all,0.9444440328989472
2026-08-15_18-01-48-825386_distributedLock,distributedLock,burst-load,1786816960.825000,51.999614,cache_hit_ratio_total,all,0.9395058299230289
2026-08-15_18-01-48-825386_distributedLock,distributedLock,burst-load,1786816961.825000,52.999614,cache_hit_ratio_total,all,0.9407407407407408
2026-08-15_18-01-48-825386_distributedLock,distributedLock,burst-load,1786816962.825000,53.999614,cache_hit_ratio_total,all,0.9370372428097858
2026-08-15_18-01-48-825386_distributedLock,distributedLock,burst-load,1786816963.825000,54.999614,cache_hit_ratio_total,all,0.9345679698254842
2026-08-15_18-01-48-825386_distributedLock,distributedLock,burst-load,1786816964.825000,55.999614,cache_hit_ratio_total,all,0.9370370370370371
2026-08-15_18-01-48-825386_distributedLock,distributedLock,burst-load,1786816965.825000,56.999614,cache_hit_ratio_total,all,0.9438271604938271
2026-08-15_18-01-48-825386_distributedLock,distributedLock,burst-load,1786816966.825000,57.999614,cache_hit_ratio_total,all,0.9555556241388509
2026-08-15_18-01-48-825386_distributedLock,distributedLock,burst-load,1786816967.825000,58.999614,cache_hit_ratio_total,all,0.9586421810928237
2026-08-15_18-01-48-825386_distributedLock,distributedLock,burst-load,1786816968.825000,59.999614,cache_hit_ratio_total,all,0.9623456790123457
2026-08-15_18-01-48-825386_distributedLock,distributedLock,burst-load,1786816969.825000,60.999614,cache_hit_ratio_total,all,0.9697532579160999
2026-08-15_18-01-48-825386_distributedLock,distributedLock,burst-load,1786816970.825000,61.999614,cache_hit_ratio_total,all,0.9679012345679014
2026-08-15_18-01-48-825386_distributedLock,distributedLock,burst-load,1786816971.825000,62.999614,cache_hit_ratio_total,all,0.9660492112387589
2026-08-15_18-01-48-825386_distributedLock,distributedLock,burst-load,1786816972.825000,63.999614,cache_hit_ratio_total,all,0.9598517603458925
2026-08-15_18-01-48-825386_distributedLock,distributedLock,burst-load,1786816973.825000,64.999614,cache_hit_ratio_total,all,0.9524691358024692
2026-08-15_18-01-48-825386_distributedLock,distributedLock,burst-load,1786816974.825000,65.999614,cache_hit_ratio_total,all,0.9456789437471401
2026-08-15_18-01-48-825386_distributedLock,distributedLock,burst-load,1786816975.825000,66.999614,cache_hit_ratio_total,all,0.9432098765432099
2026-08-15_18-01-48-825386_distributedLock,distributedLock,burst-load,1786816976.825000,67.999614,cache_hit_ratio_total,all,0.9407403977861597
2026-08-15_18-01-48-825386_distributedLock,distributedLock,burst-load,1786816977.825000,68.999614,cache_hit_ratio_total,all,0.9413580246913581
2026-08-15_18-01-48-825386_distributedLock,distributedLock,burst-load,1786816978.825000,69.999614,cache_hit_ratio_total,all,0.9388888888888889
2026-08-15_18-01-48-825386_distributedLock,distributedLock,burst-load,1786816979.825000,70.999614,cache_hit_ratio_total,all,0.9400864731315627
2026-08-15_18-01-48-825386_distributedLock,distributedLock,burst-load,1786816980.825000,71.999614,cache_hit_ratio_total,all,0.9456790123456791
2026-08-15_18-01-48-825386_distributedLock,distributedLock,burst-load,1786816981.825000,72.999614,cache_hit_ratio_total,all,0.9531149479897745
2026-08-15_18-01-48-825386_distributedLock,distributedLock,burst-load,1786816982.825000,73.999614,cache_hit_ratio_total,all,0.962962962962963
2026-08-15_18-01-48-825386_distributedLock,distributedLock,burst-load,1786816983.825000,74.999614,cache_hit_ratio_total,all,0.9691168749192361
2026-08-15_18-01-48-825386_distributedLock,distributedLock,burst-load,1786816984.825000,75.999614,cache_hit_ratio_total,all,0.9647929117744579
2026-08-15_18-01-48-825386_distributedLock,distributedLock,burst-load,1786816985.825000,76.999614,cache_hit_ratio_total,all,0.9677018633540372
2026-08-15_18-01-48-825386_distributedLock,distributedLock,burst-load,1786816986.825000,77.999614,cache_hit_ratio_total,all,0.9670697279342044
2026-08-15_18-01-48-825386_distributedLock,distributedLock,burst-load,1786816987.825000,78.999614,cache_hit_ratio_total,all,0.9653614457831325
2026-08-15_18-01-48-825386_distributedLock,distributedLock,burst-load,1786816988.825000,79.999614,cache_hit_ratio_total,all,0.9606500014685744
2026-08-15_18-01-48-825386_distributedLock,distributedLock,burst-load,1786816989.825000,80.999614,cache_hit_ratio_total,all,0.950396776184544
2026-08-15_18-01-48-825386_distributedLock,distributedLock,burst-load,1786816990.825000,81.999614,cache_hit_ratio_total,all,0.9433964217092493
2026-08-15_18-01-48-825386_distributedLock,distributedLock,burst-load,1786816991.825000,82.999614,cache_hit_ratio_total,all,0.9287790697674418
2026-08-15_18-01-48-825386_distributedLock,distributedLock,burst-load,1786816992.825000,83.999614,cache_hit_ratio_total,all,0.9054820415879017
2026-08-15_18-01-48-825386_distributedLock,distributedLock,burst-load,1786816993.825000,84.999614,cache_hit_ratio_total,all,0.8915995418490318
2026-08-15_18-01-48-825386_distributedLock,distributedLock,burst-load,1786816994.825000,85.999614,cache_hit_ratio_total,all,0.7798165137614681
2026-08-15_18-01-48-825386_distributedLock,distributedLock,burst-load,1786816995.825000,86.999614,cache_hit_ratio_total,all,0.7444462963991827
2026-08-15_18-01-48-825386_distributedLock,distributedLock,burst-load,1786816996.825000,87.999614,cache_hit_ratio_total,all,0.7444425924897062
2026-08-15_18-01-48-825386_distributedLock,distributedLock,burst-load,1786816997.825000,88.999614,cache_hit_ratio_total,all,0.7611111111111113
2026-08-15_18-01-48-825386_distributedLock,distributedLock,burst-load,1786816998.825000,89.999614,cache_hit_ratio_total,all,0.7666666666666667
2026-08-15_18-01-48-825386_distributedLock,distributedLock,burst-load,1786816999.825000,90.999614,cache_hit_ratio_total,all,0.7555555555555555
2026-08-15_18-01-48-825386_distributedLock,distributedLock,burst-load,1786817000.825000,91.999614,cache_hit_ratio_total,all,0.7611095676439901
2026-08-15_18-01-48-825386_distributedLock,distributedLock,burst-load,1786817001.825000,92.999614,cache_hit_ratio_total,all,0.7777783951646261
2026-08-15_18-01-48-825386_distributedLock,distributedLock,burst-load,1786817002.825000,93.999614,cache_hit_ratio_total,all,0.7777777777777777
2026-08-15_18-01-48-825386_distributedLock,distributedLock,burst-load,1786817003.825000,94.999614,cache_hit_ratio_total,all,0.8166666666666669
2026-08-15_18-01-48-825386_distributedLock,distributedLock,burst-load,1786817004.825000,95.999614,cache_hit_ratio_total,all,0.8222203700616768
2026-08-15_18-01-48-825386_distributedLock,distributedLock,burst-load,1786817005.825000,96.999614,cache_hit_ratio_total,all,0.8166666666666667
2026-08-15_18-01-48-825386_distributedLock,distributedLock,burst-load,1786817006.825000,97.999614,cache_hit_ratio_total,all,0.8111080245198807
2026-08-15_18-01-48-825386_distributedLock,distributedLock,burst-load,1786817007.825000,98.999614,cache_hit_ratio_total,all,0.8222222222222222
2026-08-15_18-01-48-825386_distributedLock,distributedLock,burst-load,1786817008.825000,99.999614,cache_hit_ratio_total,all,0.8277743829046533
2026-08-15_18-01-48-825386_distributedLock,distributedLock,burst-load,1786817009.825000,100.999614,cache_hit_ratio_total,all,0.8277799381515843
2026-08-15_18-01-48-825386_distributedLock,distributedLock,burst-load,1786817010.825000,101.999614,cache_hit_ratio_total,all,0.8055583331790209
2026-08-15_18-01-48-825386_distributedLock,distributedLock,burst-load,1786817011.825000,102.999614,cache_hit_ratio_total,all,0.8166682097908141
2026-08-15_18-01-48-825386_distributedLock,distributedLock,burst-load,1786817012.825000,103.999614,cache_hit_ratio_total,all,0.8055555555555557
2026-08-15_18-01-48-825386_distributedLock,distributedLock,burst-load,1786817013.825000,104.999614,cache_hit_ratio_total,all,0.7666672839849126
2026-08-15_18-01-48-825386_distributedLock,distributedLock,burst-load,1786817014.825000,105.999614,cache_hit_ratio_total,all,0.7611111111111113
2026-08-15_18-01-48-825386_distributedLock,distributedLock,burst-load,1786817015.825000,106.999614,cache_hit_ratio_total,all,0.7555555555555555
2026-08-15_18-01-48-825386_distributedLock,distributedLock,burst-load,1786817016.825000,107.999614,cache_hit_ratio_total,all,0.7333333333333334
2026-08-15_18-01-48-825386_distributedLock,distributedLock,burst-load,1786817017.825000,108.999614,cache_hit_ratio_total,all,0.7277777777777779
2026-08-15_18-01-48-825386_distributedLock,distributedLock,burst-load,1786817018.825000,109.999614,cache_hit_ratio_total,all,0.7277777777777777
2026-08-15_18-01-48-825386_distributedLock,distributedLock,burst-load,1786817019.825000,110.999614,cache_hit_ratio_total,all,0.7277746913580246
2026-08-15_18-01-48-825386_distributedLock,distributedLock,burst-load,1786817020.825000,111.999614,cache_hit_ratio_total,all,0.7166660493827159
2026-08-15_18-01-48-825386_distributedLock,distributedLock,burst-load,1786817021.825000,112.999614,cache_hit_ratio_total,all,0.7166669752914961
2026-08-15_18-01-48-825386_distributedLock,distributedLock,burst-load,1786817022.825000,113.999614,cache_hit_ratio_total,all,0.7500000000000001
2026-08-15_18-01-48-825386_distributedLock,distributedLock,burst-load,1786817023.825000,114.999614,cache_hit_ratio_total,all,0.7666666666666667
2026-08-15_18-01-48-825386_distributedLock,distributedLock,burst-load,1786817024.825000,115.999614,cache_hit_ratio_total,all,0.7666654321673487
2026-08-15_18-01-48-825386_distributedLock,distributedLock,burst-load,1786817025.825000,116.999614,cache_hit_ratio_total,all,0.7833333333333334
2026-08-15_18-01-48-825386_distributedLock,distributedLock,burst-load,1786817026.825000,117.999614,cache_hit_ratio_total,all,0.783331172959527
2026-08-15_18-01-48-825386_distributedLock,distributedLock,burst-load,1786817027.825000,118.999614,cache_hit_ratio_total,all,0.7833249995370112
2026-08-15_18-01-48-825386_distributedLock,distributedLock,burst-load,1786817028.825000,119.999614,cache_hit_ratio_total,all,0.800001852366398
2026-08-15_18-01-48-825386_distributedLock,distributedLock,burst-load,1786817029.825000,120.999614,cache_hit_ratio_total,all,0.8055552468621313
2026-08-15_18-01-48-825386_distributedLock,distributedLock,burst-load,1786817030.825000,121.999614,cache_hit_ratio_total,all,0.8055570991942206
2026-08-15_18-01-48-825386_distributedLock,distributedLock,burst-load,1786816908.825000,-0.000386,cache_hit_ratio_l1,all,0
2026-08-15_18-01-48-825386_distributedLock,distributedLock,burst-load,1786816909.825000,0.999614,cache_hit_ratio_l1,all,0
2026-08-15_18-01-48-825386_distributedLock,distributedLock,burst-load,1786816910.825000,1.999614,cache_hit_ratio_l1,all,0.1150430661798302
2026-08-15_18-01-48-825386_distributedLock,distributedLock,burst-load,1786816911.825000,2.999614,cache_hit_ratio_l1,all,0.17349856664668778
2026-08-15_18-01-48-825386_distributedLock,distributedLock,burst-load,1786816912.825000,3.999614,cache_hit_ratio_l1,all,0.2574909961189929
2026-08-15_18-01-48-825386_distributedLock,distributedLock,burst-load,1786816913.825000,4.999614,cache_hit_ratio_l1,all,0.30240708834601077
2026-08-15_18-01-48-825386_distributedLock,distributedLock,burst-load,1786816914.825000,5.999614,cache_hit_ratio_l1,all,0.32082487273496724
2026-08-15_18-01-48-825386_distributedLock,distributedLock,burst-load,1786816915.825000,6.999614,cache_hit_ratio_l1,all,0.34105766062546755
2026-08-15_18-01-48-825386_distributedLock,distributedLock,burst-load,1786816916.825000,7.999614,cache_hit_ratio_l1,all,0.37669275045474354
2026-08-15_18-01-48-825386_distributedLock,distributedLock,burst-load,1786816917.825000,8.999614,cache_hit_ratio_l1,all,0.37340689346987077
2026-08-15_18-01-48-825386_distributedLock,distributedLock,burst-load,1786816918.825000,9.999614,cache_hit_ratio_l1,all,0.39266395154553047
2026-08-15_18-01-48-825386_distributedLock,distributedLock,burst-load,1786816919.825000,10.999614,cache_hit_ratio_l1,all,0.4374539128717027
2026-08-15_18-01-48-825386_distributedLock,distributedLock,burst-load,1786816920.825000,11.999614,cache_hit_ratio_l1,all,0.48290833333333333
2026-08-15_18-01-48-825386_distributedLock,distributedLock,burst-load,1786816921.825000,12.999614,cache_hit_ratio_l1,all,0.5
2026-08-15_18-01-48-825386_distributedLock,distributedLock,burst-load,1786816922.825000,13.999614,cache_hit_ratio_l1,all,0.5111104938614521
2026-08-15_18-01-48-825386_distributedLock,distributedLock,burst-load,1786816923.825000,14.999614,cache_hit_ratio_l1,all,0.52222098758573
2026-08-15_18-01-48-825386_distributedLock,distributedLock,burst-load,1786816924.825000,15.999614,cache_hit_ratio_l1,all,0.5166666666666667
2026-08-15_18-01-48-825386_distributedLock,distributedLock,burst-load,1786816925.825000,16.999614,cache_hit_ratio_l1,all,0.494443518569956
2026-08-15_18-01-48-825386_distributedLock,distributedLock,burst-load,1786816926.825000,17.999614,cache_hit_ratio_l1,all,0.47777777777777786
2026-08-15_18-01-48-825386_distributedLock,distributedLock,burst-load,1786816927.825000,18.999614,cache_hit_ratio_l1,all,0.4611083331790037
2026-08-15_18-01-48-825386_distributedLock,distributedLock,burst-load,1786816928.825000,19.999614,cache_hit_ratio_l1,all,0.45000401212278324
2026-08-15_18-01-48-825386_distributedLock,distributedLock,burst-load,1786816929.825000,20.999614,cache_hit_ratio_l1,all,0.4555537036008174
2026-08-15_18-01-48-825386_distributedLock,distributedLock,burst-load,1786816930.825000,21.999614,cache_hit_ratio_l1,all,0.45000216061386117
2026-08-15_18-01-48-825386_distributedLock,distributedLock,burst-load,1786816931.825000,22.999614,cache_hit_ratio_l1,all,0.4333358026063176
2026-08-15_18-01-48-825386_distributedLock,distributedLock,burst-load,1786816932.825000,23.999614,cache_hit_ratio_l1,all,0.4388888888888889
2026-08-15_18-01-48-825386_distributedLock,distributedLock,burst-load,1786816933.825000,24.999614,cache_hit_ratio_l1,all,0.46111327172497235
2026-08-15_18-01-48-825386_distributedLock,distributedLock,burst-load,1786816934.825000,25.999614,cache_hit_ratio_l1,all,0.4666666666666667
2026-08-15_18-01-48-825386_distributedLock,distributedLock,burst-load,1786816935.825000,26.999614,cache_hit_ratio_l1,all,0.4833333333333334
2026-08-15_18-01-48-825386_distributedLock,distributedLock,burst-load,1786816936.825000,27.999614,cache_hit_ratio_l1,all,0.5055546296810671
2026-08-15_18-01-48-825386_distributedLock,distributedLock,burst-load,1786816937.825000,28.999614,cache_hit_ratio_l1,all,0.5166688272805278
2026-08-15_18-01-48-825386_distributedLock,distributedLock,burst-load,1786816938.825000,29.999614,cache_hit_ratio_l1,all,0.5222203700616769
2026-08-15_18-01-48-825386_distributedLock,distributedLock,burst-load,1786816939.825000,30.999614,cache_hit_ratio_l1,all,0.5052640259972697
2026-08-15_18-01-48-825386_distributedLock,distributedLock,burst-load,1786816940.825000,31.999614,cache_hit_ratio_l1,all,0.5160256410256411
2026-08-15_18-01-48-825386_distributedLock,distributedLock,burst-load,1786816941.825000,32.999614,cache_hit_ratio_l1,all,0.5572033898305084
2026-08-15_18-01-48-825386_distributedLock,distributedLock,burst-load,1786816942.825000,33.999614,cache_hit_ratio_l1,all,0.5886075949367089
2026-08-15_18-01-48-825386_distributedLock,distributedLock,burst-load,1786816943.825000,34.999614,cache_hit_ratio_l1,all,0.6186862277023655
2026-08-15_18-01-48-825386_distributedLock,distributedLock,burst-load,1786816944.825000,35.999614,cache_hit_ratio_l1,all,0.6313025210084033
2026-08-15_18-01-48-825386_distributedLock,distributedLock,burst-load,1786816945.825000,36.999614,cache_hit_ratio_l1,all,0.643884892086331
2026-08-15_18-01-48-825386_distributedLock,distributedLock,burst-load,1786816946.825000,37.999614,cache_hit_ratio_l1,all,0.6454411791685121
2026-08-15_18-01-48-825386_distributedLock,distributedLock,burst-load,1786816947.825000,38.999614,cache_hit_ratio_l1,all,0.657122905027933
2026-08-15_18-01-48-825386_distributedLock,distributedLock,burst-load,1786816948.825000,39.999614,cache_hit_ratio_l1,all,0.6681410668115292
2026-08-15_18-01-48-825386_distributedLock,distributedLock,burst-load,1786816949.825000,40.999614,cache_hit_ratio_l1,all,0.6790126886335935
2026-08-15_18-01-48-825386_distributedLock,distributedLock,burst-load,1786816950.825000,41.999614,cache_hit_ratio_l1,all,0.6851854595183668
2026-08-15_18-01-48-825386_distributedLock,distributedLock,burst-load,1786816951.825000,42.999614,cache_hit_ratio_l1,all,0.6938275720393245
2026-08-15_18-01-48-825386_distributedLock,distributedLock,burst-load,1786816952.825000,43.999614,cache_hit_ratio_l1,all,0.6888869684499315
2026-08-15_18-01-48-825386_distributedLock,distributedLock,burst-load,1786816953.825000,44.999614,cache_hit_ratio_l1,all,0.6987644033493339
2026-08-15_18-01-48-825386_distributedLock,distributedLock,burst-load,1786816954.825000,45.999614,cache_hit_ratio_l1,all,0.6975296982815082
2026-08-15_18-01-48-825386_distributedLock,distributedLock,burst-load,1786816955.825000,46.999614,cache_hit_ratio_l1,all,0.6962975309327885
2026-08-15_18-01-48-825386_distributedLock,distributedLock,burst-load,1786816956.825000,47.999614,cache_hit_ratio_l1,all,0.6888888888888889
2026-08-15_18-01-48-825386_distributedLock,distributedLock,burst-load,1786816957.825000,48.999614,cache_hit_ratio_l1,all,0.6858028120713306
2026-08-15_18-01-48-825386_distributedLock,distributedLock,burst-load,1786816958.825000,49.999614,cache_hit_ratio_l1,all,0.6882712963134421
2026-08-15_18-01-48-825386_distributedLock,distributedLock,burst-load,1786816959.825000,50.999614,cache_hit_ratio_l1,all,0.6882711590973162
2026-08-15_18-01-48-825386_distributedLock,distributedLock,burst-load,1786816960.825000,51.999614,cache_hit_ratio_l1,all,0.678394821686861
2026-08-15_18-01-48-825386_distributedLock,distributedLock,burst-load,1786816961.825000,52.999614,cache_hit_ratio_l1,all,0.6845679012345679
2026-08-15_18-01-48-825386_distributedLock,distributedLock,burst-load,1786816962.825000,53.999614,cache_hit_ratio_l1,all,0.6790126200426773
2026-08-15_18-01-48-825386_distributedLock,distributedLock,burst-load,1786816963.825000,54.999614,cache_hit_ratio_l1,all,0.6740741426649903
2026-08-15_18-01-48-825386_distributedLock,distributedLock,burst-load,1786816964.825000,55.999614,cache_hit_ratio_l1,all,0.678395061728395
2026-08-15_18-01-48-825386_distributedLock,distributedLock,burst-load,1786816965.825000,56.999614,cache_hit_ratio_l1,all,0.6839506172839506
2026-08-15_18-01-48-825386_distributedLock,distributedLock,burst-load,1786816966.825000,57.999614,cache_hit_ratio_l1,all,0.6820981824740875
2026-08-15_18-01-48-825386_distributedLock,distributedLock,burst-load,1786816967.825000,58.999614,cache_hit_ratio_l1,all,0.6919755144261571
2026-08-15_18-01-48-825386_distributedLock,distributedLock,burst-load,1786816968.825000,59.999614,cache_hit_ratio_l1,all,0.6925925925925926
2026-08-15_18-01-48-825386_distributedLock,distributedLock,burst-load,1786816969.825000,60.999614,cache_hit_ratio_l1,all,0.705556070044596
2026-08-15_18-01-48-825386_distributedLock,distributedLock,burst-load,1786816970.825000,61.999614,cache_hit_ratio_l1,all,0.7037039094993199
2026-08-15_18-01-48-825386_distributedLock,distributedLock,burst-load,1786816971.825000,62.999614,cache_hit_ratio_l1,all,0.7024689300297204
2026-08-15_18-01-48-825386_distributedLock,distributedLock,burst-load,1786816972.825000,63.999614,cache_hit_ratio_l1,all,0.701667696108709
2026-08-15_18-01-48-825386_distributedLock,distributedLock,burst-load,1786816973.825000,64.999614,cache_hit_ratio_l1,all,0.6975308641975309
2026-08-15_18-01-48-825386_distributedLock,distributedLock,burst-load,1786816974.825000,65.999614,cache_hit_ratio_l1,all,0.6901239369798944
2026-08-15_18-01-48-825386_distributedLock,distributedLock,burst-load,1786816975.825000,66.999614,cache_hit_ratio_l1,all,0.6956790123456791
2026-08-15_18-01-48-825386_distributedLock,distributedLock,burst-load,1786816976.825000,67.999614,cache_hit_ratio_l1,all,0.6851852537761015
2026-08-15_18-01-48-825386_distributedLock,distributedLock,burst-load,1786816977.825000,68.999614,cache_hit_ratio_l1,all,0.6870370370370371
2026-08-15_18-01-48-825386_distributedLock,distributedLock,burst-load,1786816978.825000,69.999614,cache_hit_ratio_l1,all,0.6685185185185186
2026-08-15_18-01-48-825386_distributedLock,distributedLock,burst-load,1786816979.825000,70.999614,cache_hit_ratio_l1,all,0.6652254478072884
2026-08-15_18-01-48-825386_distributedLock,distributedLock,burst-load,1786816980.825000,71.999614,cache_hit_ratio_l1,all,0.6685185185185186
2026-08-15_18-01-48-825386_distributedLock,distributedLock,burst-load,1786816981.825000,72.999614,cache_hit_ratio_l1,all,0.6711905089795588
2026-08-15_18-01-48-825386_distributedLock,distributedLock,burst-load,1786816982.825000,73.999614,cache_hit_ratio_l1,all,0.6759259259259259
2026-08-15_18-01-48-825386_distributedLock,distributedLock,burst-load,1786816983.825000,74.999614,cache_hit_ratio_l1,all,0.6837562172273876
2026-08-15_18-01-48-825386_distributedLock,distributedLock,burst-load,1786816984.825000,75.999614,cache_hit_ratio_l1,all,0.6720190558929529
2026-08-15_18-01-48-825386_distributedLock,distributedLock,burst-load,1786816985.825000,76.999614,cache_hit_ratio_l1,all,0.6763975155279502
2026-08-15_18-01-48-825386_distributedLock,distributedLock,burst-load,1786816986.825000,77.999614,cache_hit_ratio_l1,all,0.6673381492214483
2026-08-15_18-01-48-825386_distributedLock,distributedLock,burst-load,1786816987.825000,78.999614,cache_hit_ratio_l1,all,0.6739457831325302
2026-08-15_18-01-48-825386_distributedLock,distributedLock,burst-load,1786816988.825000,79.999614,cache_hit_ratio_l1,all,0.6732255700753783
2026-08-15_18-01-48-825386_distributedLock,distributedLock,burst-load,1786816989.825000,80.999614,cache_hit_ratio_l1,all,0.6597229318633208
2026-08-15_18-01-48-825386_distributedLock,distributedLock,burst-load,1786816990.825000,81.999614,cache_hit_ratio_l1,all,0.6521233449701045
2026-08-15_18-01-48-825386_distributedLock,distributedLock,burst-load,1786816991.825000,82.999614,cache_hit_ratio_l1,all,0.6395348837209303
2026-08-15_18-01-48-825386_distributedLock,distributedLock,burst-load,1786816992.825000,83.999614,cache_hit_ratio_l1,all,0.5973534971644612
2026-08-15_18-01-48-825386_distributedLock,distributedLock,burst-load,1786816993.825000,84.999614,cache_hit_ratio_l1,all,0.5799463804387361
2026-08-15_18-01-48-825386_distributedLock,distributedLock,burst-load,1786816994.825000,85.999614,cache_hit_ratio_l1,all,0.4587155963302753
2026-08-15_18-01-48-825386_distributedLock,distributedLock,burst-load,1786816995.825000,86.999614,cache_hit_ratio_l1,all,0.41666944459877403
2026-08-15_18-01-48-825386_distributedLock,distributedLock,burst-load,1786816996.825000,87.999614,cache_hit_ratio_l1,all,0.39999691340876964
2026-08-15_18-01-48-825386_distributedLock,distributedLock,burst-load,1786816997.825000,88.999614,cache_hit_ratio_l1,all,0.4055555555555556
2026-08-15_18-01-48-825386_distributedLock,distributedLock,burst-load,1786816998.825000,89.999614,cache_hit_ratio_l1,all,0.43333333333333335
2026-08-15_18-01-48-825386_distributedLock,distributedLock,burst-load,1786816999.825000,90.999614,cache_hit_ratio_l1,all,0.43333333333333335
2026-08-15_18-01-48-825386_distributedLock,distributedLock,burst-load,1786817000.825000,91.999614,cache_hit_ratio_l1,all,0.4277756169238083
2026-08-15_18-01-48-825386_distributedLock,distributedLock,burst-load,1786817001.825000,92.999614,cache_hit_ratio_l1,all,0.4388910497428583
2026-08-15_18-01-48-825386_distributedLock,distributedLock,burst-load,1786817002.825000,93.999614,cache_hit_ratio_l1,all,0.4055555555555555
2026-08-15_18-01-48-825386_distributedLock,distributedLock,burst-load,1786817003.825000,94.999614,cache_hit_ratio_l1,all,0.4222222222222223
2026-08-15_18-01-48-825386_distributedLock,distributedLock,burst-load,1786817004.825000,95.999614,cache_hit_ratio_l1,all,0.4444444444444444
2026-08-15_18-01-48-825386_distributedLock,distributedLock,burst-load,1786817005.825000,96.999614,cache_hit_ratio_l1,all,0.44999999999999996
2026-08-15_18-01-48-825386_distributedLock,distributedLock,burst-load,1786817006.825000,97.999614,cache_hit_ratio_l1,all,0.41666512337105144
2026-08-15_18-01-48-825386_distributedLock,distributedLock,burst-load,1786817007.825000,98.999614,cache_hit_ratio_l1,all,0.4
2026-08-15_18-01-48-825386_distributedLock,distributedLock,burst-load,1786817008.825000,99.999614,cache_hit_ratio_l1,all,0.41110987661179316
2026-08-15_18-01-48-825386_distributedLock,distributedLock,burst-load,1786817009.825000,100.999614,cache_hit_ratio_l1,all,0.4055558641803851
2026-08-15_18-01-48-825386_distributedLock,distributedLock,burst-load,1786817010.825000,101.999614,cache_hit_ratio_l1,all,0.4111111111111111
2026-08-15_18-01-48-825386_distributedLock,distributedLock,burst-load,1786817011.825000,102.999614,cache_hit_ratio_l1,all,0.43333333333333335
2026-08-15_18-01-48-825386_distributedLock,distributedLock,burst-load,1786817012.825000,103.999614,cache_hit_ratio_l1,all,0.43888888888888894
2026-08-15_18-01-48-825386_distributedLock,distributedLock,burst-load,1786817013.825000,104.999614,cache_hit_ratio_l1,all,0.41666635800754354
2026-08-15_18-01-48-825386_distributedLock,distributedLock,burst-load,1786817014.825000,105.999614,cache_hit_ratio_l1,all,0.42777777777777787
2026-08-15_18-01-48-825386_distributedLock,distributedLock,burst-load,1786817015.825000,106.999614,cache_hit_ratio_l1,all,0.44999999999999996
2026-08-15_18-01-48-825386_distributedLock,distributedLock,burst-load,1786817016.825000,107.999614,cache_hit_ratio_l1,all,0.4555549383058966
2026-08-15_18-01-48-825386_distributedLock,distributedLock,burst-load,1786817017.825000,108.999614,cache_hit_ratio_l1,all,0.42777777777777787
2026-08-15_18-01-48-825386_distributedLock,distributedLock,burst-load,1786817018.825000,109.999614,cache_hit_ratio_l1,all,0.43888888888888883
2026-08-15_18-01-48-825386_distributedLock,distributedLock,burst-load,1786817019.825000,110.999614,cache_hit_ratio_l1,all,0.42221604938271595
2026-08-15_18-01-48-825386_distributedLock,distributedLock,burst-load,1786817020.825000,111.999614,cache_hit_ratio_l1,all,0.4555506172839506
2026-08-15_18-01-48-825386_distributedLock,distributedLock,burst-load,1786817021.825000,112.999614,cache_hit_ratio_l1,all,0.45555246930726073
2026-08-15_18-01-48-825386_distributedLock,distributedLock,burst-load,1786817022.825000,113.999614,cache_hit_ratio_l1,all,0.4555555555555556
2026-08-15_18-01-48-825386_distributedLock,distributedLock,burst-load,1786817023.825000,114.999614,cache_hit_ratio_l1,all,0.4444444444444445
2026-08-15_18-01-48-825386_distributedLock,distributedLock,burst-load,1786817024.825000,115.999614,cache_hit_ratio_l1,all,0.4333370368312871
2026-08-15_18-01-48-825386_distributedLock,distributedLock,burst-load,1786817025.825000,116.999614,cache_hit_ratio_l1,all,0.42777777777777776
2026-08-15_18-01-48-825386_distributedLock,distributedLock,burst-load,1786817026.825000,117.999614,cache_hit_ratio_l1,all,0.4388916665123543
2026-08-15_18-01-48-825386_distributedLock,distributedLock,burst-load,1786817027.825000,118.999614,cache_hit_ratio_l1,all,0.4388935187757344
2026-08-15_18-01-48-825386_distributedLock,distributedLock,burst-load,1786817028.825000,119.999614,cache_hit_ratio_l1,all,0.4555549381000895
2026-08-15_18-01-48-825386_distributedLock,distributedLock,burst-load,1786817029.825000,120.999614,cache_hit_ratio_l1,all,0.4277787038580504
2026-08-15_18-01-48-825386_distributedLock,distributedLock,burst-load,1786817030.825000,121.999614,cache_hit_ratio_l1,all,0.41666821030533174
2026-08-15_18-01-48-825386_distributedLock,distributedLock,burst-load,1786816908.825000,-0.000386,cache_hit_ratio_l2,all,0
2026-08-15_18-01-48-825386_distributedLock,distributedLock,burst-load,1786816909.825000,0.999614,cache_hit_ratio_l2,all,0
2026-08-15_18-01-48-825386_distributedLock,distributedLock,burst-load,1786816910.825000,1.999614,cache_hit_ratio_l2,all,0.03805167941579626
2026-08-15_18-01-48-825386_distributedLock,distributedLock,burst-load,1786816911.825000,2.999614,cache_hit_ratio_l2,all,0.13050022631894403
2026-08-15_18-01-48-825386_distributedLock,distributedLock,burst-load,1786816912.825000,3.999614,cache_hit_ratio_l2,all,0.15156812742562942
2026-08-15_18-01-48-825386_distributedLock,distributedLock,burst-load,1786816913.825000,4.999614,cache_hit_ratio_l2,all,0.16283458603246734
2026-08-15_18-01-48-825386_distributedLock,distributedLock,burst-load,1786816914.825000,5.999614,cache_hit_ratio_l2,all,0.16052179680728554
2026-08-15_18-01-48-825386_distributedLock,distributedLock,burst-load,1786816915.825000,6.999614,cache_hit_ratio_l2,all,0.19854058811615655
2026-08-15_18-01-48-825386_distributedLock,distributedLock,burst-load,1786816916.825000,7.999614,cache_hit_ratio_l2,all,0.19874108075645344
2026-08-15_18-01-48-825386_distributedLock,distributedLock,burst-load,1786816917.825000,8.999614,cache_hit_ratio_l2,all,0.23518091039112704
2026-08-15_18-01-48-825386_distributedLock,distributedLock,burst-load,1786816918.825000,9.999614,cache_hit_ratio_l2,all,0.24235414926204396
2026-08-15_18-01-48-825386_distributedLock,distributedLock,burst-load,1786816919.825000,10.999614,cache_hit_ratio_l2,all,0.26799702816823157
2026-08-15_18-01-48-825386_distributedLock,distributedLock,burst-load,1786816920.825000,11.999614,cache_hit_ratio_l2,all,0.29444444444444445
2026-08-15_18-01-48-825386_distributedLock,distributedLock,burst-load,1786816921.825000,12.999614,cache_hit_ratio_l2,all,0.3
2026-08-15_18-01-48-825386_distributedLock,distributedLock,burst-load,1786816922.825000,13.999614,cache_hit_ratio_l2,all,0.3166663580418372
2026-08-15_18-01-48-825386_distributedLock,distributedLock,burst-load,1786816923.825000,14.999614,cache_hit_ratio_l2,all,0.3500009259773691
2026-08-15_18-01-48-825386_distributedLock,distributedLock,burst-load,1786816924.825000,15.999614,cache_hit_ratio_l2,all,0.36111111111111116
2026-08-15_18-01-48-825386_distributedLock,distributedLock,burst-load,1786816925.825000,16.999614,cache_hit_ratio_l2,all,0.37777839502743676
2026-08-15_18-01-48-825386_distributedLock,distributedLock,burst-load,1786816926.825000,17.999614,cache_hit_ratio_l2,all,0.3611111111111111
2026-08-15_18-01-48-825386_distributedLock,distributedLock,burst-load,1786816927.825000,18.999614,cache_hit_ratio_l2,all,0.3666691359396509
2026-08-15_18-01-48-825386_distributedLock,distributedLock,burst-load,1786816928.825000,19.999614,cache_hit_ratio_l2,all,0.34999722237653463
2026-08-15_18-01-48-825386_distributedLock,distributedLock,burst-load,1786816929.825000,20.999614,cache_hit_ratio_l2,all,0.32777993839163905
2026-08-15_18-01-48-825386_distributedLock,distributedLock,burst-load,1786816930.825000,21.999614,cache_hit_ratio_l2,all,0.33333024674210293
2026-08-15_18-01-48-825386_distributedLock,distributedLock,burst-load,1786816931.825000,22.999614,cache_hit_ratio_l2,all,0.33333024674210293
2026-08-15_18-01-48-825386_distributedLock,distributedLock,burst-load,1786816932.825000,23.999614,cache_hit_ratio_l2,all,0.3055555555555555
2026-08-15_18-01-48-825386_distributedLock,distributedLock,burst-load,1786816933.825000,24.999614,cache_hit_ratio_l2,all,0.2666635800754362
2026-08-15_18-01-48-825386_distributedLock,distributedLock,burst-load,1786816934.825000,25.999614,cache_hit_ratio_l2,all,0.2666666666666667
2026-08-15_18-01-48-825386_distributedLock,distributedLock,burst-load,1786816935.825000,26.999614,cache_hit_ratio_l2,all,0.2777777777777778
2026-08-15_18-01-48-825386_distributedLock,distributedLock,burst-load,1786816936.825000,27.999614,cache_hit_ratio_l2,all,0.26111080248628166
2026-08-15_18-01-48-825386_distributedLock,distributedLock,burst-load,1786816937.825000,28.999614,cache_hit_ratio_l2,all,0.2611108024519881
2026-08-15_18-01-48-825386_distributedLock,distributedLock,burst-load,1786816938.825000,29.999614,cache_hit_ratio_l2,all,0.27777839516462616
2026-08-15_18-01-48-825386_distributedLock,distributedLock,burst-load,1786816939.825000,30.999614,cache_hit_ratio_l2,all,0.30000035093506644
2026-08-15_18-01-48-825386_distributedLock,distributedLock,burst-load,1786816940.825000,31.999614,cache_hit_ratio_l2,all,0.2916666666666667
2026-08-15_18-01-48-825386_distributedLock,distributedLock,burst-load,1786816941.825000,32.999614,cache_hit_ratio_l2,all,0.2627118644067796
2026-08-15_18-01-48-825386_distributedLock,distributedLock,burst-load,1786816942.825000,33.999614,cache_hit_ratio_l2,all,0.2610759493670886
2026-08-15_18-01-48-825386_distributedLock,distributedLock,burst-load,1786816943.825000,34.999614,cache_hit_ratio_l2,all,0.2512625194318757
2026-08-15_18-01-48-825386_distributedLock,distributedLock,burst-load,1786816944.825000,35.999614,cache_hit_ratio_l2,all,0.25840336134453784
2026-08-15_18-01-48-825386_distributedLock,distributedLock,burst-load,1786816945.825000,36.999614,cache_hit_ratio_l2,all,0.2616906474820144
2026-08-15_18-01-48-825386_distributedLock,distributedLock,burst-load,1786816946.825000,37.999614,cache_hit_ratio_l2,all,0.2688679978788665
2026-08-15_18-01-48-825386_distributedLock,distributedLock,burst-load,1786816947.825000,38.999614,cache_hit_ratio_l2,all,0.2625698324022347
2026-08-15_18-01-48-825386_distributedLock,distributedLock,burst-load,1786816948.825000,39.999614,cache_hit_ratio_l2,all,0.2591662139712061
2026-08-15_18-01-48-825386_distributedLock,distributedLock,burst-load,1786816949.825000,40.999614,cache_hit_ratio_l2,all,0.26481436897385935
2026-08-15_18-01-48-825386_distributedLock,distributedLock,burst-load,1786816950.825000,41.999614,cache_hit_ratio_l2,all,0.27345655008192277
2026-08-15_18-01-48-825386_distributedLock,distributedLock,burst-load,1786816951.825000,42.999614,cache_hit_ratio_l2,all,0.2709872770709484
2026-08-15_18-01-48-825386_distributedLock,distributedLock,burst-load,1786816952.825000,43.999614,cache_hit_ratio_l2,all,0.27901344307270237
2026-08-15_18-01-48-825386_distributedLock,distributedLock,burst-load,1786816953.825000,44.999614,cache_hit_ratio_l2,all,0.2716057612711502
2026-08-15_18-01-48-825386_distributedLock,distributedLock,burst-load,1786816954.825000,45.999614,cache_hit_ratio_l2,all,0.2734576474146498
2026-08-15_18-01-48-825386_distributedLock,distributedLock,burst-load,1786816955.825000,46.999614,cache_hit_ratio_l2,all,0.27222157060851804
2026-08-15_18-01-48-825386_distributedLock,distributedLock,burst-load,1786816956.825000,47.999614,cache_hit_ratio_l2,all,0.27530864197530863
2026-08-15_18-01-48-825386_distributedLock,distributedLock,burst-load,1786816957.825000,48.999614,cache_hit_ratio_l2,all,0.2666672153635117
2026-08-15_18-01-48-825386_distributedLock,distributedLock,burst-load,1786816958.825000,49.999614,cache_hit_ratio_l2,all,0.26172846364502383
2026-08-15_18-01-48-825386_distributedLock,distributedLock,burst-load,1786816959.825000,50.999614,cache_hit_ratio_l2,all,0.256172873801631
2026-08-15_18-01-48-825386_distributedLock,distributedLock,burst-load,1786816960.825000,51.999614,cache_hit_ratio_l2,all,0.26111100823616795
2026-08-15_18-01-48-825386_distributedLock,distributedLock,burst-load,1786816961.825000,52.999614,cache_hit_ratio_l2,all,0.25617283950617287
2026-08-15_18-01-48-825386_distributedLock,distributedLock,burst-load,1786816962.825000,53.999614,cache_hit_ratio_l2,all,0.25802462276710847
2026-08-15_18-01-48-825386_distributedLock,distributedLock,burst-load,1786816963.825000,54.999614,cache_hit_ratio_l2,all,0.26049382716049385
2026-08-15_18-01-48-825386_distributedLock,distributedLock,burst-load,1786816964.825000,55.999614,cache_hit_ratio_l2,all,0.25864197530864197
2026-08-15_18-01-48-825386_distributedLock,distributedLock,burst-load,1786816965.825000,56.999614,cache_hit_ratio_l2,all,0.2598765432098765
2026-08-15_18-01-48-825386_distributedLock,distributedLock,burst-load,1786816966.825000,57.999614,cache_hit_ratio_l2,all,0.27345744166476343
2026-08-15_18-01-48-825386_distributedLock,distributedLock,burst-load,1786816967.825000,58.999614,cache_hit_ratio_l2,all,0.2666666666666666
2026-08-15_18-01-48-825386_distributedLock,distributedLock,burst-load,1786816968.825000,59.999614,cache_hit_ratio_l2,all,0.2697530864197531
2026-08-15_18-01-48-825386_distributedLock,distributedLock,burst-load,1786816969.825000,60.999614,cache_hit_ratio_l2,all,0.264197187871504
2026-08-15_18-01-48-825386_distributedLock,distributedLock,burst-load,1786816970.825000,61.999614,cache_hit_ratio_l2,all,0.26419732506858146
2026-08-15_18-01-48-825386_distributedLock,distributedLock,burst-load,1786816971.825000,62.999614,cache_hit_ratio_l2,all,0.26358028120903837
2026-08-15_18-01-48-825386_distributedLock,distributedLock,burst-load,1786816972.825000,63.999614,cache_hit_ratio_l2,all,0.25818406423718343
2026-08-15_18-01-48-825386_distributedLock,distributedLock,burst-load,1786816973.825000,64.999614,cache_hit_ratio_l2,all,0.25493827160493826
2026-08-15_18-01-48-825386_distributedLock,distributedLock,burst-load,1786816974.825000,65.999614,cache_hit_ratio_l2,all,0.25555500676724585
2026-08-15_18-01-48-825386_distributedLock,distributedLock,burst-load,1786816975.825000,66.999614,cache_hit_ratio_l2,all,0.24753086419753087
2026-08-15_18-01-48-825386_distributedLock,distributedLock,burst-load,1786816976.825000,67.999614,cache_hit_ratio_l2,all,0.2555551440100582
2026-08-15_18-01-48-825386_distributedLock,distributedLock,burst-load,1786816977.825000,68.999614,cache_hit_ratio_l2,all,0.25432098765432104
2026-08-15_18-01-48-825386_distributedLock,distributedLock,burst-load,1786816978.825000,69.999614,cache_hit_ratio_l2,all,0.27037037037037037
2026-08-15_18-01-48-825386_distributedLock,distributedLock,burst-load,1786816979.825000,70.999614,cache_hit_ratio_l2,all,0.2748610253242742
2026-08-15_18-01-48-825386_distributedLock,distributedLock,burst-load,1786816980.825000,71.999614,cache_hit_ratio_l2,all,0.27716049382716046
2026-08-15_18-01-48-825386_distributedLock,distributedLock,burst-load,1786816981.825000,72.999614,cache_hit_ratio_l2,all,0.28192443901021574
2026-08-15_18-01-48-825386_distributedLock,distributedLock,burst-load,1786816982.825000,73.999614,cache_hit_ratio_l2,all,0.2870370370370371
2026-08-15_18-01-48-825386_distributedLock,distributedLock,burst-load,1786816983.825000,74.999614,cache_hit_ratio_l2,all,0.2853606576918487
2026-08-15_18-01-48-825386_distributedLock,distributedLock,burst-load,1786816984.825000,75.999614,cache_hit_ratio_l2,all,0.29277385588150495
2026-08-15_18-01-48-825386_distributedLock,distributedLock,burst-load,1786816985.825000,76.999614,cache_hit_ratio_l2,all,0.29130434782608694
2026-08-15_18-01-48-825386_distributedLock,distributedLock,burst-load,1786816986.825000,77.999614,cache_hit_ratio_l2,all,0.2997315787127561
2026-08-15_18-01-48-825386_distributedLock,distributedLock,burst-load,1786816987.825000,78.999614,cache_hit_ratio_l2,all,0.29141566265060237
2026-08-15_18-01-48-825386_distributedLock,distributedLock,burst-load,1786816988.825000,79.999614,cache_hit_ratio_l2,all,0.2874244313931961
2026-08-15_18-01-48-825386_distributedLock,distributedLock,burst-load,1786816989.825000,80.999614,cache_hit_ratio_l2,all,0.2906738443212232
2026-08-15_18-01-48-825386_distributedLock,distributedLock,burst-load,1786816990.825000,81.999614,cache_hit_ratio_l2,all,0.2912730767391448
2026-08-15_18-01-48-825386_distributedLock,distributedLock,burst-load,1786816991.825000,82.999614,cache_hit_ratio_l2,all,0.2892441860465117
2026-08-15_18-01-48-825386_distributedLock,distributedLock,burst-load,1786816992.825000,83.999614,cache_hit_ratio_l2,all,0.30812854442344045
2026-08-15_18-01-48-825386_distributedLock,distributedLock,burst-load,1786816993.825000,84.999614,cache_hit_ratio_l2,all,0.3116531614102956
2026-08-15_18-01-48-825386_distributedLock,distributedLock,burst-load,1786816994.825000,85.999614,cache_hit_ratio_l2,all,0.3211009174311927
2026-08-15_18-01-48-825386_distributedLock,distributedLock,burst-load,1786816995.825000,86.999614,cache_hit_ratio_l2,all,0.32777685180040866
2026-08-15_18-01-48-825386_distributedLock,distributedLock,burst-load,1786816996.825000,87.999614,cache_hit_ratio_l2,all,0.3444456790809366
2026-08-15_18-01-48-825386_distributedLock,distributedLock,burst-load,1786816997.825000,88.999614,cache_hit_ratio_l2,all,0.35555555555555557
2026-08-15_18-01-48-825386_distributedLock,distributedLock,burst-load,1786816998.825000,89.999614,cache_hit_ratio_l2,all,0.3333333333333333
2026-08-15_18-01-48-825386_distributedLock,distributedLock,burst-load,1786816999.825000,90.999614,cache_hit_ratio_l2,all,0.3222222222222222
2026-08-15_18-01-48-825386_distributedLock,distributedLock,burst-load,1786817000.825000,91.999614,cache_hit_ratio_l2,all,0.33333395072018174
2026-08-15_18-01-48-825386_distributedLock,distributedLock,burst-load,1786817001.825000,92.999614,cache_hit_ratio_l2,all,0.3388873454217678
2026-08-15_18-01-48-825386_distributedLock,distributedLock,burst-load,1786817002.825000,93.999614,cache_hit_ratio_l2,all,0.3722222222222222
2026-08-15_18-01-48-825386_distributedLock,distributedLock,burst-load,1786817003.825000,94.999614,cache_hit_ratio_l2,all,0.3944444444444445
2026-08-15_18-01-48-825386_distributedLock,distributedLock,burst-load,1786817004.825000,95.999614,cache_hit_ratio_l2,all,0.37777592561723244
2026-08-15_18-01-48-825386_distributedLock,distributedLock,burst-load,1786817005.825000,96.999614,cache_hit_ratio_l2,all,0.36666666666666664
2026-08-15_18-01-48-825386_distributedLock,distributedLock,burst-load,1786817006.825000,97.999614,cache_hit_ratio_l2,all,0.39444290114882924
2026-08-15_18-01-48-825386_distributedLock,distributedLock,burst-load,1786817007.825000,98.999614,cache_hit_ratio_l2,all,0.4222222222222222
2026-08-15_18-01-48-825386_distributedLock,distributedLock,burst-load,1786817008.825000,99.999614,cache_hit_ratio_l2,all,0.4166645062928603
2026-08-15_18-01-48-825386_distributedLock,distributedLock,burst-load,1786817009.825000,100.999614,cache_hit_ratio_l2,all,0.42222407397119915
2026-08-15_18-01-48-825386_distributedLock,distributedLock,burst-load,1786817010.825000,101.999614,cache_hit_ratio_l2,all,0.39444722206790983
2026-08-15_18-01-48-825386_distributedLock,distributedLock,burst-load,1786817011.825000,102.999614,cache_hit_ratio_l2,all,0.38333487645748077
2026-08-15_18-01-48-825386_distributedLock,distributedLock,burst-load,1786817012.825000,103.999614,cache_hit_ratio_l2,all,0.3666666666666667
2026-08-15_18-01-48-825386_distributedLock,distributedLock,burst-load,1786817013.825000,104.999614,cache_hit_ratio_l2,all,0.3500009259773691
2026-08-15_18-01-48-825386_distributedLock,distributedLock,burst-load,1786817014.825000,105.999614,cache_hit_ratio_l2,all,0.33333333333333337
2026-08-15_18-01-48-825386_distributedLock,distributedLock,burst-load,1786817015.825000,106.999614,cache_hit_ratio_l2,all,0.3055555555555556
2026-08-15_18-01-48-825386_distributedLock,distributedLock,burst-load,1786817016.825000,107.999614,cache_hit_ratio_l2,all,0.2777783950274368
2026-08-15_18-01-48-825386_distributedLock,distributedLock,burst-load,1786817017.825000,108.999614,cache_hit_ratio_l2,all,0.3
2026-08-15_18-01-48-825386_distributedLock,distributedLock,burst-load,1786817018.825000,109.999614,cache_hit_ratio_l2,all,0.28888888888888886
2026-08-15_18-01-48-825386_distributedLock,distributedLock,burst-load,1786817019.825000,110.999614,cache_hit_ratio_l2,all,0.30555864197530863
2026-08-15_18-01-48-825386_distributedLock,distributedLock,burst-load,1786817020.825000,111.999614,cache_hit_ratio_l2,all,0.26111543209876537
2026-08-15_18-01-48-825386_distributedLock,distributedLock,burst-load,1786817021.825000,112.999614,cache_hit_ratio_l2,all,0.2611145059842354
2026-08-15_18-01-48-825386_distributedLock,distributedLock,burst-load,1786817022.825000,113.999614,cache_hit_ratio_l2,all,0.29444444444444445
2026-08-15_18-01-48-825386_distributedLock,distributedLock,burst-load,1786817023.825000,114.999614,cache_hit_ratio_l2,all,0.32222222222222224
2026-08-15_18-01-48-825386_distributedLock,distributedLock,burst-load,1786817024.825000,115.999614,cache_hit_ratio_l2,all,0.3333283953360616
2026-08-15_18-01-48-825386_distributedLock,distributedLock,burst-load,1786817025.825000,116.999614,cache_hit_ratio_l2,all,0.35555555555555557
2026-08-15_18-01-48-825386_distributedLock,distributedLock,burst-load,1786817026.825000,117.999614,cache_hit_ratio_l2,all,0.3444395064471727
2026-08-15_18-01-48-825386_distributedLock,distributedLock,burst-load,1786817027.825000,118.999614,cache_hit_ratio_l2,all,0.3444314807612769
2026-08-15_18-01-48-825386_distributedLock,distributedLock,burst-load,1786817028.825000,119.999614,cache_hit_ratio_l2,all,0.3444469142663085
2026-08-15_18-01-48-825386_distributedLock,distributedLock,burst-load,1786817029.825000,120.999614,cache_hit_ratio_l2,all,0.3777765430040809
2026-08-15_18-01-48-825386_distributedLock,distributedLock,burst-load,1786817030.825000,121.999614,cache_hit_ratio_l2,all,0.3888888888888889
2026-08-15_18-01-48-825386_distributedLock,distributedLock,burst-load,1786816908.825000,-0.000386,request_duration_p95,all,NaN
2026-08-15_18-01-48-825386_distributedLock,distributedLock,burst-load,1786816909.825000,0.999614,request_duration_p95,all,0.2425
2026-08-15_18-01-48-825386_distributedLock,distributedLock,burst-load,1786816910.825000,1.999614,request_duration_p95,all,0.47949518067991215
2026-08-15_18-01-48-825386_distributedLock,distributedLock,burst-load,1786816911.825000,2.999614,request_duration_p95,all,0.46163803782276935
2026-08-15_18-01-48-825386_distributedLock,distributedLock,burst-load,1786816912.825000,3.999614,request_duration_p95,all,0.44199518067991217
2026-08-15_18-01-48-825386_distributedLock,distributedLock,burst-load,1786816913.825000,4.999614,request_duration_p95,all,0.4250206958423496
2026-08-15_18-01-48-825386_distributedLock,distributedLock,burst-load,1786816914.825000,5.999614,request_duration_p95,all,0.40806675804923886
2026-08-15_18-01-48-825386_distributedLock,distributedLock,burst-load,1786816915.825000,6.999614,request_duration_p95,all,0.3893269075732162
2026-08-15_18-01-48-825386_distributedLock,distributedLock,burst-load,1786816916.825000,7.999614,request_duration_p95,all,0.3705460631211364
2026-08-15_18-01-48-825386_distributedLock,distributedLock,burst-load,1786816917.825000,8.999614,request_duration_p95,all,0.35268887066469545
2026-08-15_18-01-48-825386_distributedLock,distributedLock,burst-load,1786816918.825000,9.999614,request_duration_p95,all,0.33398170393642573
2026-08-15_18-01-48-825386_distributedLock,distributedLock,burst-load,1786816919.825000,10.999614,request_duration_p95,all,0.23795307115122916
2026-08-15_18-01-48-825386_distributedLock,distributedLock,burst-load,1786816920.825000,11.999614,request_duration_p95,all,0.21670731707317065
2026-08-15_18-01-48-825386_distributedLock,distributedLock,burst-load,1786816921.825000,12.999614,request_duration_p95,all,0.21142857142857144
2026-08-15_18-01-48-825386_distributedLock,distributedLock,burst-load,1786816922.825000,13.999614,request_duration_p95,all,0.2073440462054455
2026-08-15_18-01-48-825386_distributedLock,distributedLock,burst-load,1786816923.825000,14.999614,request_duration_p95,all,0.19721155448806987
2026-08-15_18-01-48-825386_distributedLock,distributedLock,burst-load,1786816924.825000,15.999614,request_duration_p95,all,0.1909782608695652
2026-08-15_18-01-48-825386_distributedLock,distributedLock,burst-load,1786816925.825000,16.999614,request_duration_p95,all,0.18287535206181843
2026-08-15_18-01-48-825386_distributedLock,distributedLock,burst-load,1786816926.825000,17.999614,request_duration_p95,all,0.2
2026-08-15_18-01-48-825386_distributedLock,distributedLock,burst-load,1786816927.825000,18.999614,request_duration_p95,all,0.20344836504640101
2026-08-15_18-01-48-825386_distributedLock,distributedLock,burst-load,1786816928.825000,19.999614,request_duration_p95,all,0.20931785202044345
2026-08-15_18-01-48-825386_distributedLock,distributedLock,burst-load,1786816929.825000,20.999614,request_duration_p95,all,0.2135134587258733
2026-08-15_18-01-48-825386_distributedLock,distributedLock,burst-load,1786816930.825000,21.999614,request_duration_p95,all,0.214276431215678
2026-08-15_18-01-48-825386_distributedLock,distributedLock,burst-load,1786816931.825000,22.999614,request_duration_p95,all,0.21557698279963874
2026-08-15_18-01-48-825386_distributedLock,distributedLock,burst-load,1786816932.825000,23.999614,request_duration_p95,all,0.21877906976744182
2026-08-15_18-01-48-825386_distributedLock,distributedLock,burst-load,1786816933.825000,24.999614,request_duration_p95,all,0.2212766976060221
2026-08-15_18-01-48-825386_distributedLock,distributedLock,burst-load,1786816934.825000,25.999614,request_duration_p95,all,0.221875
2026-08-15_18-01-48-825386_distributedLock,distributedLock,burst-load,1786816935.825000,26.999614,request_duration_p95,all,0.21914772727272724
2026-08-15_18-01-48-825386_distributedLock,distributedLock,burst-load,1786816936.825000,27.999614,request_duration_p95,all,0.21707339379930246
2026-08-15_18-01-48-825386_distributedLock,distributedLock,burst-load,1786816937.825000,28.999614,request_duration_p95,all,0.21467065036537547
2026-08-15_18-01-48-825386_distributedLock,distributedLock,burst-load,1786816938.825000,29.999614,request_duration_p95,all,0.21229191104745204
2026-08-15_18-01-48-825386_distributedLock,distributedLock,burst-load,1786816939.825000,30.999614,request_duration_p95,all,0.20928531965898806
2026-08-15_18-01-48-825386_distributedLock,distributedLock,burst-load,1786816940.825000,31.999614,request_duration_p95,all,0.22676829268292684
2026-08-15_18-01-48-825386_distributedLock,distributedLock,burst-load,1786816941.825000,32.999614,request_duration_p95,all,0.24867647058823533
2026-08-15_18-01-48-825386_distributedLock,distributedLock,burst-load,1786816942.825000,33.999614,request_duration_p95,all,0.2327631578947367
2026-08-15_18-01-48-825386_distributedLock,distributedLock,burst-load,1786816943.825000,34.999614,request_duration_p95,all,0.21589910940327078
2026-08-15_18-01-48-825386_distributedLock,distributedLock,burst-load,1786816944.825000,35.999614,request_duration_p95,all,0.19714843750000022
2026-08-15_18-01-48-825386_distributedLock,distributedLock,burst-load,1786816945.825000,36.999614,request_duration_p95,all,0.18045454545454515
2026-08-15_18-01-48-825386_distributedLock,distributedLock,burst-load,1786816946.825000,37.999614,request_duration_p95,all,0.1650719202259086
2026-08-15_18-01-48-825386_distributedLock,distributedLock,burst-load,1786816947.825000,38.999614,request_duration_p95,all,0.15650684931506845
2026-08-15_18-01-48-825386_distributedLock,distributedLock,burst-load,1786816948.825000,39.999614,request_duration_p95,all,0.14519699563474497
2026-08-15_18-01-48-825386_distributedLock,distributedLock,burst-load,1786816949.825000,40.999614,request_duration_p95,all,0.11032655116938536
2026-08-15_18-01-48-825386_distributedLock,distributedLock,burst-load,1786816950.825000,41.999614,request_duration_p95,all,0.0009934600824395721
2026-08-15_18-01-48-825386_distributedLock,distributedLock,burst-load,1786816951.825000,42.999614,request_duration_p95,all,0.0009858835139522609
2026-08-15_18-01-48-825386_distributedLock,distributedLock,burst-load,1786816952.825000,43.999614,request_duration_p95,all,0.0009833446063589224
2026-08-15_18-01-48-825386_distributedLock,distributedLock,burst-load,1786816953.825000,44.999614,request_duration_p95,all,0.0009802357950073064
2026-08-15_18-01-48-825386_distributedLock,distributedLock,burst-load,1786816954.825000,45.999614,request_duration_p95,all,0.000979007979556684
2026-08-15_18-01-48-825386_distributedLock,distributedLock,burst-load,1786816955.825000,46.999614,request_duration_p95,all,0.0009796871107930036
2026-08-15_18-01-48-825386_distributedLock,distributedLock,burst-load,1786816956.825000,47.999614,request_duration_p95,all,0.0009865384615384617
2026-08-15_18-01-48-825386_distributedLock,distributedLock,burst-load,1786816957.825000,48.999614,request_duration_p95,all,0.0009974682408906818
2026-08-15_18-01-48-825386_distributedLock,distributedLock,burst-load,1786816958.825000,49.999614,request_duration_p95,all,0.0012009888339536495
2026-08-15_18-01-48-825386_distributedLock,distributedLock,burst-load,1786816959.825000,50.999614,request_duration_p95,all,0.047189891659142315
2026-08-15_18-01-48-825386_distributedLock,distributedLock,burst-load,1786816960.825000,51.999614,request_duration_p95,all,0.11076223473888061
2026-08-15_18-01-48-825386_distributedLock,distributedLock,burst-load,1786816961.825000,52.999614,request_duration_p95,all,0.10671641791044738
2026-08-15_18-01-48-825386_distributedLock,distributedLock,burst-load,1786816962.825000,53.999614,request_duration_p95,all,0.11489369102749311
2026-08-15_18-01-48-825386_distributedLock,distributedLock,burst-load,1786816963.825000,54.999614,request_duration_p95,all,0.12037147278231272
2026-08-15_18-01-48-825386_distributedLock,distributedLock,burst-load,1786816964.825000,55.999614,request_duration_p95,all,0.12328947368421035
2026-08-15_18-01-48-825386_distributedLock,distributedLock,burst-load,1786816965.825000,56.999614,request_duration_p95,all,0.10192857142857134
2026-08-15_18-01-48-825386_distributedLock,distributedLock,burst-load,1786816966.825000,57.999614,request_duration_p95,all,0.000994185975155703
2026-08-15_18-01-48-825386_distributedLock,distributedLock,burst-load,1786816967.825000,58.999614,request_duration_p95,all,0.000992208415471416
2026-08-15_18-01-48-825386_distributedLock,distributedLock,burst-load,1786816968.825000,59.999614,request_duration_p95,all,0.000987780628608082
2026-08-15_18-01-48-825386_distributedLock,distributedLock,burst-load,1786816969.825000,60.999614,request_duration_p95,all,0.000979630635159146
2026-08-15_18-01-48-825386_distributedLock,distributedLock,burst-load,1786816970.825000,61.999614,request_duration_p95,all,0.0009821109357228469
2026-08-15_18-01-48-825386_distributedLock,distributedLock,burst-load,1786816971.825000,62.999614,request_duration_p95,all,0.0009827796934369433
2026-08-15_18-01-48-825386_distributedLock,distributedLock,burst-load,1786816972.825000,63.999614,request_duration_p95,all,0.0009891500321957502
2026-08-15_18-01-48-825386_distributedLock,distributedLock,burst-load,1786816973.825000,64.999614,request_duration_p95,all,0.0009980544747081712
2026-08-15_18-01-48-825386_distributedLock,distributedLock,burst-load,1786816974.825000,65.999614,request_duration_p95,all,0.06409196528696827
2026-08-15_18-01-48-825386_distributedLock,distributedLock,burst-load,1786816975.825000,66.999614,request_duration_p95,all,0.09522727272727124
2026-08-15_18-01-48-825386_distributedLock,distributedLock,burst-load,1786816976.825000,67.999614,request_duration_p95,all,0.10395370409300168
2026-08-15_18-01-48-825386_distributedLock,distributedLock,burst-load,1786816977.825000,68.999614,request_duration_p95,all,0.10590000000000006
2026-08-15_18-01-48-825386_distributedLock,distributedLock,burst-load,1786816978.825000,69.999614,request_duration_p95,all,0.1062999999999999
2026-08-15_18-01-48-825386_distributedLock,distributedLock,burst-load,1786816979.825000,70.999614,request_duration_p95,all,0.10993506493506489
2026-08-15_18-01-48-825386_distributedLock,distributedLock,burst-load,1786816980.825000,71.999614,request_duration_p95,all,0.08861111111111059
2026-08-15_18-01-48-825386_distributedLock,distributedLock,burst-load,1786816981.825000,72.999614,request_duration_p95,all,0.0009992231610261425
2026-08-15_18-01-48-825386_distributedLock,distributedLock,burst-load,1786816982.825000,73.999614,request_duration_p95,all,0.0009883899935856318
2026-08-15_18-01-48-825386_distributedLock,distributedLock,burst-load,1786816983.825000,74.999614,request_duration_p95,all,0.0009815050324935865
2026-08-15_18-01-48-825386_distributedLock,distributedLock,burst-load,1786816984.825000,75.999614,request_duration_p95,all,0.0009852980926121733
2026-08-15_18-01-48-825386_distributedLock,distributedLock,burst-load,1786816985.825000,76.999614,request_duration_p95,all,0.0009817276814386641
2026-08-15_18-01-48-825386_distributedLock,distributedLock,burst-load,1786816986.825000,77.999614,request_duration_p95,all,0.00098369272052889
2026-08-15_18-01-48-825386_distributedLock,distributedLock,burst-load,1786816987.825000,78.999614,request_duration_p95,all,0.0009863387978142075
2026-08-15_18-01-48-825386_distributedLock,distributedLock,burst-load,1786816988.825000,79.999614,request_duration_p95,all,0.000988913660799477
2026-08-15_18-01-48-825386_distributedLock,distributedLock,burst-load,1786816989.825000,80.999614,request_duration_p95,all,0.0009995826254141965
2026-08-15_18-01-48-825386_distributedLock,distributedLock,burst-load,1786816990.825000,81.999614,request_duration_p95,all,0.10545398590980211
2026-08-15_18-01-48-825386_distributedLock,distributedLock,burst-load,1786816991.825000,82.999614,request_duration_p95,all,0.1328977272727269
2026-08-15_18-01-48-825386_distributedLock,distributedLock,burst-load,1786816992.825000,83.999614,request_duration_p95,all,0.1655851063829788
2026-08-15_18-01-48-825386_distributedLock,distributedLock,burst-load,1786816993.825000,84.999614,request_duration_p95,all,0.18081227188640575
2026-08-15_18-01-48-825386_distributedLock,distributedLock,burst-load,1786816994.825000,85.999614,request_duration_p95,all,0.21537234042553194
2026-08-15_18-01-48-825386_distributedLock,distributedLock,burst-load,1786816995.825000,86.999614,request_duration_p95,all,0.22016647323908875
2026-08-15_18-01-48-825386_distributedLock,distributedLock,burst-load,1786816996.825000,87.999614,request_duration_p95,all,0.22065233381403404
2026-08-15_18-01-48-825386_distributedLock,distributedLock,burst-load,1786816997.825000,88.999614,request_duration_p95,all,0.21914772727272724
2026-08-15_18-01-48-825386_distributedLock,distributedLock,burst-load,1786816998.825000,89.999614,request_duration_p95,all,0.21843023255813948
2026-08-15_18-01-48-825386_distributedLock,distributedLock,burst-load,1786816999.825000,90.999614,request_duration_p95,all,0.21931818181818183
2026-08-15_18-01-48-825386_distributedLock,distributedLock,burst-load,1786817000.825000,91.999614,request_duration_p95,all,0.21860485400761875
2026-08-15_18-01-48-825386_distributedLock,distributedLock,burst-load,1786817001.825000,92.999614,request_duration_p95,all,0.2162498333046246
2026-08-15_18-01-48-825386_distributedLock,distributedLock,burst-load,1786817002.825000,93.999614,request_duration_p95,all,0.21689024390243897
2026-08-15_18-01-48-825386_distributedLock,distributedLock,burst-load,1786817003.825000,94.999614,request_duration_p95,all,0.21007352941176463
2026-08-15_18-01-48-825386_distributedLock,distributedLock,burst-load,1786817004.825000,95.999614,request_duration_p95,all,0.207813059981386
2026-08-15_18-01-48-825386_distributedLock,distributedLock,burst-load,1786817005.825000,96.999614,request_duration_p95,all,0.20804687500000002
2026-08-15_18-01-48-825386_distributedLock,distributedLock,burst-load,1786817006.825000,97.999614,request_duration_p95,all,0.20804761640201536
2026-08-15_18-01-48-825386_distributedLock,distributedLock,burst-load,1786817007.825000,98.999614,request_duration_p95,all,0.20525000000000002
2026-08-15_18-01-48-825386_distributedLock,distributedLock,burst-load,1786817008.825000,99.999614,request_duration_p95,all,0.20232256368542167
2026-08-15_18-01-48-825386_distributedLock,distributedLock,burst-load,1786817009.825000,100.999614,request_duration_p95,all,0.2059670317657727
2026-08-15_18-01-48-825386_distributedLock,distributedLock,burst-load,1786817010.825000,101.999614,request_duration_p95,all,0.20693476242872139
2026-08-15_18-01-48-825386_distributedLock,distributedLock,burst-load,1786817011.825000,102.999614,request_duration_p95,all,0.20645106662079046
2026-08-15_18-01-48-825386_distributedLock,distributedLock,burst-load,1786817012.825000,103.999614,request_duration_p95,all,0.20909090909090905
2026-08-15_18-01-48-825386_distributedLock,distributedLock,burst-load,1786817013.825000,104.999614,request_duration_p95,all,0.2131247607877029
2026-08-15_18-01-48-825386_distributedLock,distributedLock,burst-load,1786817014.825000,105.999614,request_duration_p95,all,0.22653846153846155
2026-08-15_18-01-48-825386_distributedLock,distributedLock,burst-load,1786817015.825000,106.999614,request_duration_p95,all,0.226513157894737
2026-08-15_18-01-48-825386_distributedLock,distributedLock,burst-load,1786817016.825000,107.999614,request_duration_p95,all,0.2287502083217599
2026-08-15_18-01-48-825386_distributedLock,distributedLock,burst-load,1786817017.825000,108.999614,request_duration_p95,all,0.22954545454545452
2026-08-15_18-01-48-825386_distributedLock,distributedLock,burst-load,1786817018.825000,109.999614,request_duration_p95,all,0.22971590909090925
2026-08-15_18-01-48-825386_distributedLock,distributedLock,burst-load,1786817019.825000,110.999614,request_duration_p95,all,0.23027236924102557
2026-08-15_18-01-48-825386_distributedLock,distributedLock,burst-load,1786817020.825000,111.999614,request_duration_p95,all,0.23043523944328778
2026-08-15_18-01-48-825386_distributedLock,distributedLock,burst-load,1786817021.825000,112.999614,request_duration_p95,all,0.23069165269973493
2026-08-15_18-01-48-825386_distributedLock,distributedLock,burst-load,1786817022.825000,113.999614,request_duration_p95,all,0.22872093023255796
2026-08-15_18-01-48-825386_distributedLock,distributedLock,burst-load,1786817023.825000,114.999614,request_duration_p95,all,0.2170731707317073
2026-08-15_18-01-48-825386_distributedLock,distributedLock,burst-load,1786817024.825000,115.999614,request_duration_p95,all,0.21825593698565718
2026-08-15_18-01-48-825386_distributedLock,distributedLock,burst-load,1786817025.825000,116.999614,request_duration_p95,all,0.21499999999999997
2026-08-15_18-01-48-825386_distributedLock,distributedLock,burst-load,1786817026.825000,117.999614,request_duration_p95,all,0.21500017092994436
2026-08-15_18-01-48-825386_distributedLock,distributedLock,burst-load,1786817027.825000,118.999614,request_duration_p95,all,0.21351440287817308
2026-08-15_18-01-48-825386_distributedLock,distributedLock,burst-load,1786817028.825000,119.999614,request_duration_p95,all,0.21029375277857681
2026-08-15_18-01-48-825386_distributedLock,distributedLock,burst-load,1786817029.825000,120.999614,request_duration_p95,all,0.2102941176470588
2026-08-15_18-01-48-825386_distributedLock,distributedLock,burst-load,1786817030.825000,121.999614,request_duration_p95,all,0.20828093415486357
2026-08-15_18-01-48-825386_distributedLock,distributedLock,burst-load,1786816908.825000,-0.000386,request_duration_p99,all,NaN
2026-08-15_18-01-48-825386_distributedLock,distributedLock,burst-load,1786816909.825000,0.999614,request_duration_p99,all,0.2485
2026-08-15_18-01-48-825386_distributedLock,distributedLock,burst-load,1786816910.825000,1.999614,request_duration_p99,all,0.4958990361359824
2026-08-15_18-01-48-825386_distributedLock,distributedLock,burst-load,1786816911.825000,2.999614,request_duration_p99,all,0.49232760756455396
2026-08-15_18-01-48-825386_distributedLock,distributedLock,burst-load,1786816912.825000,3.999614,request_duration_p99,all,0.48839903613598246
2026-08-15_18-01-48-825386_distributedLock,distributedLock,burst-load,1786816913.825000,4.999614,request_duration_p99,all,0.48500413916846996
2026-08-15_18-01-48-825386_distributedLock,distributedLock,burst-load,1786816914.825000,5.999614,request_duration_p99,all,0.4816133516098477
2026-08-15_18-01-48-825386_distributedLock,distributedLock,burst-load,1786816915.825000,6.999614,request_duration_p99,all,0.4778653815146431
2026-08-15_18-01-48-825386_distributedLock,distributedLock,burst-load,1786816916.825000,7.999614,request_duration_p99,all,0.4741092126242274
2026-08-15_18-01-48-825386_distributedLock,distributedLock,burst-load,1786816917.825000,8.999614,request_duration_p99,all,0.47053777413293907
2026-08-15_18-01-48-825386_distributedLock,distributedLock,burst-load,1786816918.825000,9.999614,request_duration_p99,all,0.46679634078728516
2026-08-15_18-01-48-825386_distributedLock,distributedLock,burst-load,1786816919.825000,10.999614,request_duration_p99,all,0.4109758740417472
2026-08-15_18-01-48-825386_distributedLock,distributedLock,burst-load,1786816920.825000,11.999614,request_duration_p99,all,0.24334146341463417
2026-08-15_18-01-48-825386_distributedLock,distributedLock,burst-load,1786816921.825000,12.999614,request_duration_p99,all,0.2422857142857143
2026-08-15_18-01-48-825386_distributedLock,distributedLock,burst-load,1786816922.825000,13.999614,request_duration_p99,all,0.24146880924108907
2026-08-15_18-01-48-825386_distributedLock,distributedLock,burst-load,1786816923.825000,14.999614,request_duration_p99,all,0.2394423108976139
2026-08-15_18-01-48-825386_distributedLock,distributedLock,burst-load,1786816924.825000,15.999614,request_duration_p99,all,0.23819565217391309
2026-08-15_18-01-48-825386_distributedLock,distributedLock,burst-load,1786816925.825000,16.999614,request_duration_p99,all,0.23657507041236364
2026-08-15_18-01-48-825386_distributedLock,distributedLock,burst-load,1786816926.825000,17.999614,request_duration_p99,all,0.24000000000000005
2026-08-15_18-01-48-825386_distributedLock,distributedLock,burst-load,1786816927.825000,18.999614,request_duration_p99,all,0.2406896730092802
2026-08-15_18-01-48-825386_distributedLock,distributedLock,burst-load,1786816928.825000,19.999614,request_duration_p99,all,0.24186357040408873
2026-08-15_18-01-48-825386_distributedLock,distributedLock,burst-load,1786816929.825000,20.999614,request_duration_p99,all,0.24270269174517467
2026-08-15_18-01-48-825386_distributedLock,distributedLock,burst-load,1786816930.825000,21.999614,request_duration_p99,all,0.2428552862431356
2026-08-15_18-01-48-825386_distributedLock,distributedLock,burst-load,1786816931.825000,22.999614,request_duration_p99,all,0.2431153965599278
2026-08-15_18-01-48-825386_distributedLock,distributedLock,burst-load,1786816932.825000,23.999614,request_duration_p99,all,0.24375581395348836
2026-08-15_18-01-48-825386_distributedLock,distributedLock,burst-load,1786816933.825000,24.999614,request_duration_p99,all,0.24425533952120443
2026-08-15_18-01-48-825386_distributedLock,distributedLock,burst-load,1786816934.825000,25.999614,request_duration_p99,all,0.244375
2026-08-15_18-01-48-825386_distributedLock,distributedLock,burst-load,1786816935.825000,26.999614,request_duration_p99,all,0.24382954545454547
2026-08-15_18-01-48-825386_distributedLock,distributedLock,burst-load,1786816936.825000,27.999614,request_duration_p99,all,0.24341467875986053
2026-08-15_18-01-48-825386_distributedLock,distributedLock,burst-load,1786816937.825000,28.999614,request_duration_p99,all,0.24293413007307516
2026-08-15_18-01-48-825386_distributedLock,distributedLock,burst-load,1786816938.825000,29.999614,request_duration_p99,all,0.2424583822094904
2026-08-15_18-01-48-825386_distributedLock,distributedLock,burst-load,1786816939.825000,30.999614,request_duration_p99,all,0.24185706393179762
2026-08-15_18-01-48-825386_distributedLock,distributedLock,burst-load,1786816940.825000,31.999614,request_duration_p99,all,0.4147222222222222
2026-08-15_18-01-48-825386_distributedLock,distributedLock,burst-load,1786816941.825000,32.999614,request_duration_p99,all,0.4490217391304345
2026-08-15_18-01-48-825386_distributedLock,distributedLock,burst-load,1786816942.825000,33.999614,request_duration_p99,all,0.4368999999999999
2026-08-15_18-01-48-825386_distributedLock,distributedLock,burst-load,1786816943.825000,34.999614,request_duration_p99,all,0.42090079567932825
2026-08-15_18-01-48-825386_distributedLock,distributedLock,burst-load,1786816944.825000,35.999614,request_duration_p99,all,0.4049000000000005
2026-08-15_18-01-48-825386_distributedLock,distributedLock,burst-load,1786816945.825000,36.999614,request_duration_p99,all,0.38879999999999987
2026-08-15_18-01-48-825386_distributedLock,distributedLock,burst-load,1786816946.825000,37.999614,request_duration_p99,all,0.37299733297773136
2026-08-15_18-01-48-825386_distributedLock,distributedLock,burst-load,1786816947.825000,38.999614,request_duration_p99,all,0.3625
2026-08-15_18-01-48-825386_distributedLock,distributedLock,burst-load,1786816948.825000,39.999614,request_duration_p99,all,0.3478833794137868
2026-08-15_18-01-48-825386_distributedLock,distributedLock,burst-load,1786816949.825000,40.999614,request_duration_p99,all,0.2610302009255351
2026-08-15_18-01-48-825386_distributedLock,distributedLock,burst-load,1786816950.825000,41.999614,request_duration_p99,all,0.2169247629311541
2026-08-15_18-01-48-825386_distributedLock,distributedLock,burst-load,1786816951.825000,42.999614,request_duration_p99,all,0.20774992797968642
2026-08-15_18-01-48-825386_distributedLock,distributedLock,burst-load,1786816952.825000,43.999614,request_duration_p99,all,0.20434095545392691
2026-08-15_18-01-48-825386_distributedLock,distributedLock,burst-load,1786816953.825000,44.999614,request_duration_p99,all,0.20145790920652581
2026-08-15_18-01-48-825386_distributedLock,distributedLock,burst-load,1786816954.825000,45.999614,request_duration_p99,all,0.19933395633860534
2026-08-15_18-01-48-825386_distributedLock,distributedLock,burst-load,1786816955.825000,46.999614,request_duration_p99,all,0.19943257328266406
2026-08-15_18-01-48-825386_distributedLock,distributedLock,burst-load,1786816956.825000,47.999614,request_duration_p99,all,0.21571428571428658
2026-08-15_18-01-48-825386_distributedLock,distributedLock,burst-load,1786816957.825000,48.999614,request_duration_p99,all,0.24358805369215228
2026-08-15_18-01-48-825386_distributedLock,distributedLock,burst-load,1786816958.825000,49.999614,request_duration_p99,all,0.24672240042301866
2026-08-15_18-01-48-825386_distributedLock,distributedLock,burst-load,1786816959.825000,50.999614,request_duration_p99,all,0.24954266012023163
2026-08-15_18-01-48-825386_distributedLock,distributedLock,burst-load,1786816960.825000,51.999614,request_duration_p99,all,0.26161997581857316
2026-08-15_18-01-48-825386_distributedLock,distributedLock,burst-load,1786816961.825000,52.999614,request_duration_p99,all,0.26176470588234746
2026-08-15_18-01-48-825386_distributedLock,distributedLock,burst-load,1786816962.825000,53.999614,request_duration_p99,all,0.2619094221844556
2026-08-15_18-01-48-825386_distributedLock,distributedLock,burst-load,1786816963.825000,54.999614,request_duration_p99,all,0.2619094221844556
2026-08-15_18-01-48-825386_distributedLock,distributedLock,burst-load,1786816964.825000,55.999614,request_duration_p99,all,0.2611764705882352
2026-08-15_18-01-48-825386_distributedLock,distributedLock,burst-load,1786816965.825000,56.999614,request_duration_p99,all,0.24095714285714245
2026-08-15_18-01-48-825386_distributedLock,distributedLock,burst-load,1786816966.825000,57.999614,request_duration_p99,all,0.21906272948063382
2026-08-15_18-01-48-825386_distributedLock,distributedLock,burst-load,1786816967.825000,58.999614,request_duration_p99,all,0.2155962364993959
2026-08-15_18-01-48-825386_distributedLock,distributedLock,burst-load,1786816968.825000,59.999614,request_duration_p99,all,0.2092589285714282
2026-08-15_18-01-48-825386_distributedLock,distributedLock,burst-load,1786816969.825000,60.999614,request_duration_p99,all,0.1947724482992026
2026-08-15_18-01-48-825386_distributedLock,distributedLock,burst-load,1786816970.825000,61.999614,request_duration_p99,all,0.19714117846012613
2026-08-15_18-01-48-825386_distributedLock,distributedLock,burst-load,1786816971.825000,62.999614,request_duration_p99,all,0.19940660309876151
2026-08-15_18-01-48-825386_distributedLock,distributedLock,burst-load,1786816972.825000,63.999614,request_duration_p99,all,0.20590000000000008
2026-08-15_18-01-48-825386_distributedLock,distributedLock,burst-load,1786816973.825000,64.999614,request_duration_p99,all,0.22245901639344212
2026-08-15_18-01-48-825386_distributedLock,distributedLock,burst-load,1786816974.825000,65.999614,request_duration_p99,all,0.2331722923051544
2026-08-15_18-01-48-825386_distributedLock,distributedLock,burst-load,1786816975.825000,66.999614,request_duration_p99,all,0.23476760563380303
2026-08-15_18-01-48-825386_distributedLock,distributedLock,burst-load,1786816976.825000,67.999614,request_duration_p99,all,0.23538553995249
2026-08-15_18-01-48-825386_distributedLock,distributedLock,burst-load,1786816977.825000,68.999614,request_duration_p99,all,0.23557999999999954
2026-08-15_18-01-48-825386_distributedLock,distributedLock,burst-load,1786816978.825000,69.999614,request_duration_p99,all,0.23565999999999976
2026-08-15_18-01-48-825386_distributedLock,distributedLock,burst-load,1786816979.825000,70.999614,request_duration_p99,all,0.23601298701298742
2026-08-15_18-01-48-825386_distributedLock,distributedLock,burst-load,1786816980.825000,71.999614,request_duration_p99,all,0.23455000000000048
2026-08-15_18-01-48-825386_distributedLock,distributedLock,burst-load,1786816981.825000,72.999614,request_duration_p99,all,0.2327623802628355
2026-08-15_18-01-48-825386_distributedLock,distributedLock,burst-load,1786816982.825000,73.999614,request_duration_p99,all,0.2160555555555561
2026-08-15_18-01-48-825386_distributedLock,distributedLock,burst-load,1786816983.825000,74.999614,request_duration_p99,all,0.19937488281873855
2026-08-15_18-01-48-825386_distributedLock,distributedLock,burst-load,1786816984.825000,75.999614,request_duration_p99,all,0.2023827111539117
2026-08-15_18-01-48-825386_distributedLock,distributedLock,burst-load,1786816985.825000,76.999614,request_duration_p99,all,0.19753260869565153
2026-08-15_18-01-48-825386_distributedLock,distributedLock,burst-load,1786816986.825000,77.999614,request_duration_p99,all,0.20144585592657394
2026-08-15_18-01-48-825386_distributedLock,distributedLock,burst-load,1786816987.825000,78.999614,request_duration_p99,all,0.2046590909090903
2026-08-15_18-01-48-825386_distributedLock,distributedLock,burst-load,1786816988.825000,79.999614,request_duration_p99,all,0.20825003770050698
2026-08-15_18-01-48-825386_distributedLock,distributedLock,burst-load,1786816989.825000,80.999614,request_duration_p99,all,0.21713054316896066
2026-08-15_18-01-48-825386_distributedLock,distributedLock,burst-load,1786816990.825000,81.999614,request_duration_p99,all,0.22109079718196034
2026-08-15_18-01-48-825386_distributedLock,distributedLock,burst-load,1786816991.825000,82.999614,request_duration_p99,all,0.22657954545454537
2026-08-15_18-01-48-825386_distributedLock,distributedLock,burst-load,1786816992.825000,83.999614,request_duration_p99,all,0.23311702127659567
2026-08-15_18-01-48-825386_distributedLock,distributedLock,burst-load,1786816993.825000,84.999614,request_duration_p99,all,0.23616245437728114
2026-08-15_18-01-48-825386_distributedLock,distributedLock,burst-load,1786816994.825000,85.999614,request_duration_p99,all,0.24307446808510644
2026-08-15_18-01-48-825386_distributedLock,distributedLock,burst-load,1786816995.825000,86.999614,request_duration_p99,all,0.24403329464781778
2026-08-15_18-01-48-825386_distributedLock,distributedLock,burst-load,1786816996.825000,87.999614,request_duration_p99,all,0.24413046676280686
2026-08-15_18-01-48-825386_distributedLock,distributedLock,burst-load,1786816997.825000,88.999614,request_duration_p99,all,0.24382954545454547
2026-08-15_18-01-48-825386_distributedLock,distributedLock,burst-load,1786816998.825000,89.999614,request_duration_p99,all,0.2436860465116279
2026-08-15_18-01-48-825386_distributedLock,distributedLock,burst-load,1786816999.825000,90.999614,request_duration_p99,all,0.24386363636363634
2026-08-15_18-01-48-825386_distributedLock,distributedLock,burst-load,1786817000.825000,91.999614,request_duration_p99,all,0.2437209708015238
2026-08-15_18-01-48-825386_distributedLock,distributedLock,burst-load,1786817001.825000,92.999614,request_duration_p99,all,0.24324996666092494
2026-08-15_18-01-48-825386_distributedLock,distributedLock,burst-load,1786817002.825000,93.999614,request_duration_p99,all,0.2433780487804878
2026-08-15_18-01-48-825386_distributedLock,distributedLock,burst-load,1786817003.825000,94.999614,request_duration_p99,all,0.24201470588235294
2026-08-15_18-01-48-825386_distributedLock,distributedLock,burst-load,1786817004.825000,95.999614,request_duration_p99,all,0.24156261199627715
2026-08-15_18-01-48-825386_distributedLock,distributedLock,burst-load,1786817005.825000,96.999614,request_duration_p99,all,0.24160937500000004
2026-08-15_18-01-48-825386_distributedLock,distributedLock,burst-load,1786817006.825000,97.999614,request_duration_p99,all,0.24160952328040314
2026-08-15_18-01-48-825386_distributedLock,distributedLock,burst-load,1786817007.825000,98.999614,request_duration_p99,all,0.24105000000000004
2026-08-15_18-01-48-825386_distributedLock,distributedLock,burst-load,1786817008.825000,99.999614,request_duration_p99,all,0.24046451273708433
2026-08-15_18-01-48-825386_distributedLock,distributedLock,burst-load,1786817009.825000,100.999614,request_duration_p99,all,0.2411934063531545
2026-08-15_18-01-48-825386_distributedLock,distributedLock,burst-load,1786817010.825000,101.999614,request_duration_p99,all,0.24138695248574435
2026-08-15_18-01-48-825386_distributedLock,distributedLock,burst-load,1786817011.825000,102.999614,request_duration_p99,all,0.24129021332415815
2026-08-15_18-01-48-825386_distributedLock,distributedLock,burst-load,1786817012.825000,103.999614,request_duration_p99,all,0.24181818181818185
2026-08-15_18-01-48-825386_distributedLock,distributedLock,burst-load,1786817013.825000,104.999614,request_duration_p99,all,0.2426249521575405
2026-08-15_18-01-48-825386_distributedLock,distributedLock,burst-load,1786817014.825000,105.999614,request_duration_p99,all,0.3483333333333347
2026-08-15_18-01-48-825386_distributedLock,distributedLock,burst-load,1786817015.825000,106.999614,request_duration_p99,all,0.35083333333333594
2026-08-15_18-01-48-825386_distributedLock,distributedLock,burst-load,1786817016.825000,107.999614,request_duration_p99,all,0.35083614176727745
2026-08-15_18-01-48-825386_distributedLock,distributedLock,burst-load,1786817017.825000,108.999614,request_duration_p99,all,0.35
2026-08-15_18-01-48-825386_distributedLock,distributedLock,burst-load,1786817018.825000,109.999614,request_duration_p99,all,0.35083333333333594
2026-08-15_18-01-48-825386_distributedLock,distributedLock,burst-load,1786817019.825000,110.999614,request_duration_p99,all,0.3491721602903607
2026-08-15_18-01-48-825386_distributedLock,distributedLock,burst-load,1786817020.825000,111.999614,request_duration_p99,all,0.35000555534980393
2026-08-15_18-01-48-825386_distributedLock,distributedLock,burst-load,1786817021.825000,112.999614,request_duration_p99,all,0.3491695059625192
2026-08-15_18-01-48-825386_distributedLock,distributedLock,burst-load,1786817022.825000,113.999614,request_duration_p99,all,0.34833333333333144
2026-08-15_18-01-48-825386_distributedLock,distributedLock,burst-load,1786817023.825000,114.999614,request_duration_p99,all,0.24341463414634149
2026-08-15_18-01-48-825386_distributedLock,distributedLock,burst-load,1786817024.825000,115.999614,request_duration_p99,all,0.24365118739713143
2026-08-15_18-01-48-825386_distributedLock,distributedLock,burst-load,1786817025.825000,116.999614,request_duration_p99,all,0.24300000000000002
2026-08-15_18-01-48-825386_distributedLock,distributedLock,burst-load,1786817026.825000,117.999614,request_duration_p99,all,0.24300003418598892
2026-08-15_18-01-48-825386_distributedLock,distributedLock,burst-load,1786817027.825000,118.999614,request_duration_p99,all,0.24270288057563463
2026-08-15_18-01-48-825386_distributedLock,distributedLock,burst-load,1786817028.825000,119.999614,request_duration_p99,all,0.24205875055571535
2026-08-15_18-01-48-825386_distributedLock,distributedLock,burst-load,1786817029.825000,120.999614,request_duration_p99,all,0.2420588235294118
2026-08-15_18-01-48-825386_distributedLock,distributedLock,burst-load,1786817030.825000,121.999614,request_duration_p99,all,0.24165618683097265
2026-08-15_18-01-48-825386_distributedLock,distributedLock,burst-load,1786816908.825000,-0.000386,adaptive_ttl_factor,all,1
2026-08-15_18-01-48-825386_distributedLock,distributedLock,burst-load,1786816909.825000,0.999614,adaptive_ttl_factor,all,1
2026-08-15_18-01-48-825386_distributedLock,distributedLock,burst-load,1786816910.825000,1.999614,adaptive_ttl_factor,all,1
2026-08-15_18-01-48-825386_distributedLock,distributedLock,burst-load,1786816911.825000,2.999614,adaptive_ttl_factor,all,1
2026-08-15_18-01-48-825386_distributedLock,distributedLock,burst-load,1786816912.825000,3.999614,adaptive_ttl_factor,all,1
2026-08-15_18-01-48-825386_distributedLock,distributedLock,burst-load,1786816913.825000,4.999614,adaptive_ttl_factor,all,1
2026-08-15_18-01-48-825386_distributedLock,distributedLock,burst-load,1786816914.825000,5.999614,adaptive_ttl_factor,all,1
2026-08-15_18-01-48-825386_distributedLock,distributedLock,burst-load,1786816915.825000,6.999614,adaptive_ttl_factor,all,1
2026-08-15_18-01-48-825386_distributedLock,distributedLock,burst-load,1786816916.825000,7.999614,adaptive_ttl_factor,all,1
2026-08-15_18-01-48-825386_distributedLock,distributedLock,burst-load,1786816917.825000,8.999614,adaptive_ttl_factor,all,1
2026-08-15_18-01-48-825386_distributedLock,distributedLock,burst-load,1786816918.825000,9.999614,adaptive_ttl_factor,all,1
2026-08-15_18-01-48-825386_distributedLock,distributedLock,burst-load,1786816919.825000,10.999614,adaptive_ttl_factor,all,1
2026-08-15_18-01-48-825386_distributedLock,distributedLock,burst-load,1786816920.825000,11.999614,adaptive_ttl_factor,all,1
2026-08-15_18-01-48-825386_distributedLock,distributedLock,burst-load,1786816921.825000,12.999614,adaptive_ttl_factor,all,1
2026-08-15_18-01-48-825386_distributedLock,distributedLock,burst-load,1786816922.825000,13.999614,adaptive_ttl_factor,all,1
2026-08-15_18-01-48-825386_distributedLock,distributedLock,burst-load,1786816923.825000,14.999614,adaptive_ttl_factor,all,1
2026-08-15_18-01-48-825386_distributedLock,distributedLock,burst-load,1786816924.825000,15.999614,adaptive_ttl_factor,all,1
2026-08-15_18-01-48-825386_distributedLock,distributedLock,burst-load,1786816925.825000,16.999614,adaptive_ttl_factor,all,1
2026-08-15_18-01-48-825386_distributedLock,distributedLock,burst-load,1786816926.825000,17.999614,adaptive_ttl_factor,all,1
2026-08-15_18-01-48-825386_distributedLock,distributedLock,burst-load,1786816927.825000,18.999614,adaptive_ttl_factor,all,1
2026-08-15_18-01-48-825386_distributedLock,distributedLock,burst-load,1786816928.825000,19.999614,adaptive_ttl_factor,all,1
2026-08-15_18-01-48-825386_distributedLock,distributedLock,burst-load,1786816929.825000,20.999614,adaptive_ttl_factor,all,1
2026-08-15_18-01-48-825386_distributedLock,distributedLock,burst-load,1786816930.825000,21.999614,adaptive_ttl_factor,all,1
2026-08-15_18-01-48-825386_distributedLock,distributedLock,burst-load,1786816931.825000,22.999614,adaptive_ttl_factor,all,1
2026-08-15_18-01-48-825386_distributedLock,distributedLock,burst-load,1786816932.825000,23.999614,adaptive_ttl_factor,all,1
2026-08-15_18-01-48-825386_distributedLock,distributedLock,burst-load,1786816933.825000,24.999614,adaptive_ttl_factor,all,1
2026-08-15_18-01-48-825386_distributedLock,distributedLock,burst-load,1786816934.825000,25.999614,adaptive_ttl_factor,all,1
2026-08-15_18-01-48-825386_distributedLock,distributedLock,burst-load,1786816935.825000,26.999614,adaptive_ttl_factor,all,1
2026-08-15_18-01-48-825386_distributedLock,distributedLock,burst-load,1786816936.825000,27.999614,adaptive_ttl_factor,all,1
2026-08-15_18-01-48-825386_distributedLock,distributedLock,burst-load,1786816937.825000,28.999614,adaptive_ttl_factor,all,1
2026-08-15_18-01-48-825386_distributedLock,distributedLock,burst-load,1786816938.825000,29.999614,adaptive_ttl_factor,all,1
2026-08-15_18-01-48-825386_distributedLock,distributedLock,burst-load,1786816939.825000,30.999614,adaptive_ttl_factor,all,1
2026-08-15_18-01-48-825386_distributedLock,distributedLock,burst-load,1786816940.825000,31.999614,adaptive_ttl_factor,all,1
2026-08-15_18-01-48-825386_distributedLock,distributedLock,burst-load,1786816941.825000,32.999614,adaptive_ttl_factor,all,1
2026-08-15_18-01-48-825386_distributedLock,distributedLock,burst-load,1786816942.825000,33.999614,adaptive_ttl_factor,all,1
2026-08-15_18-01-48-825386_distributedLock,distributedLock,burst-load,1786816943.825000,34.999614,adaptive_ttl_factor,all,1
2026-08-15_18-01-48-825386_distributedLock,distributedLock,burst-load,1786816944.825000,35.999614,adaptive_ttl_factor,all,1
2026-08-15_18-01-48-825386_distributedLock,distributedLock,burst-load,1786816945.825000,36.999614,adaptive_ttl_factor,all,1
2026-08-15_18-01-48-825386_distributedLock,distributedLock,burst-load,1786816946.825000,37.999614,adaptive_ttl_factor,all,1
2026-08-15_18-01-48-825386_distributedLock,distributedLock,burst-load,1786816947.825000,38.999614,adaptive_ttl_factor,all,1
2026-08-15_18-01-48-825386_distributedLock,distributedLock,burst-load,1786816948.825000,39.999614,adaptive_ttl_factor,all,1
2026-08-15_18-01-48-825386_distributedLock,distributedLock,burst-load,1786816949.825000,40.999614,adaptive_ttl_factor,all,1
2026-08-15_18-01-48-825386_distributedLock,distributedLock,burst-load,1786816950.825000,41.999614,adaptive_ttl_factor,all,1
2026-08-15_18-01-48-825386_distributedLock,distributedLock,burst-load,1786816951.825000,42.999614,adaptive_ttl_factor,all,1
2026-08-15_18-01-48-825386_distributedLock,distributedLock,burst-load,1786816952.825000,43.999614,adaptive_ttl_factor,all,1
2026-08-15_18-01-48-825386_distributedLock,distributedLock,burst-load,1786816953.825000,44.999614,adaptive_ttl_factor,all,1
2026-08-15_18-01-48-825386_distributedLock,distributedLock,burst-load,1786816954.825000,45.999614,adaptive_ttl_factor,all,1
2026-08-15_18-01-48-825386_distributedLock,distributedLock,burst-load,1786816955.825000,46.999614,adaptive_ttl_factor,all,1
2026-08-15_18-01-48-825386_distributedLock,distributedLock,burst-load,1786816956.825000,47.999614,adaptive_ttl_factor,all,1
2026-08-15_18-01-48-825386_distributedLock,distributedLock,burst-load,1786816957.825000,48.999614,adaptive_ttl_factor,all,1
2026-08-15_18-01-48-825386_distributedLock,distributedLock,burst-load,1786816958.825000,49.999614,adaptive_ttl_factor,all,1
2026-08-15_18-01-48-825386_distributedLock,distributedLock,burst-load,1786816959.825000,50.999614,adaptive_ttl_factor,all,1
2026-08-15_18-01-48-825386_distributedLock,distributedLock,burst-load,1786816960.825000,51.999614,adaptive_ttl_factor,all,1
2026-08-15_18-01-48-825386_distributedLock,distributedLock,burst-load,1786816961.825000,52.999614,adaptive_ttl_factor,all,1
2026-08-15_18-01-48-825386_distributedLock,distributedLock,burst-load,1786816962.825000,53.999614,adaptive_ttl_factor,all,1
2026-08-15_18-01-48-825386_distributedLock,distributedLock,burst-load,1786816963.825000,54.999614,adaptive_ttl_factor,all,1
2026-08-15_18-01-48-825386_distributedLock,distributedLock,burst-load,1786816964.825000,55.999614,adaptive_ttl_factor,all,1
2026-08-15_18-01-48-825386_distributedLock,distributedLock,burst-load,1786816965.825000,56.999614,adaptive_ttl_factor,all,1
2026-08-15_18-01-48-825386_distributedLock,distributedLock,burst-load,1786816966.825000,57.999614,adaptive_ttl_factor,all,1
2026-08-15_18-01-48-825386_distributedLock,distributedLock,burst-load,1786816967.825000,58.999614,adaptive_ttl_factor,all,1
2026-08-15_18-01-48-825386_distributedLock,distributedLock,burst-load,1786816968.825000,59.999614,adaptive_ttl_factor,all,1
2026-08-15_18-01-48-825386_distributedLock,distributedLock,burst-load,1786816969.825000,60.999614,adaptive_ttl_factor,all,1
2026-08-15_18-01-48-825386_distributedLock,distributedLock,burst-load,1786816970.825000,61.999614,adaptive_ttl_factor,all,1
2026-08-15_18-01-48-825386_distributedLock,distributedLock,burst-load,1786816971.825000,62.999614,adaptive_ttl_factor,all,1
2026-08-15_18-01-48-825386_distributedLock,distributedLock,burst-load,1786816972.825000,63.999614,adaptive_ttl_factor,all,1
2026-08-15_18-01-48-825386_distributedLock,distributedLock,burst-load,1786816973.825000,64.999614,adaptive_ttl_factor,all,1
2026-08-15_18-01-48-825386_distributedLock,distributedLock,burst-load,1786816974.825000,65.999614,adaptive_ttl_factor,all,1
2026-08-15_18-01-48-825386_distributedLock,distributedLock,burst-load,1786816975.825000,66.999614,adaptive_ttl_factor,all,1
2026-08-15_18-01-48-825386_distributedLock,distributedLock,burst-load,1786816976.825000,67.999614,adaptive_ttl_factor,all,1
2026-08-15_18-01-48-825386_distributedLock,distributedLock,burst-load,1786816977.825000,68.999614,adaptive_ttl_factor,all,1
2026-08-15_18-01-48-825386_distributedLock,distributedLock,burst-load,1786816978.825000,69.999614,adaptive_ttl_factor,all,1
2026-08-15_18-01-48-825386_distributedLock,distributedLock,burst-load,1786816979.825000,70.999614,adaptive_ttl_factor,all,1
2026-08-15_18-01-48-825386_distributedLock,distributedLock,burst-load,1786816980.825000,71.999614,adaptive_ttl_factor,all,1
2026-08-15_18-01-48-825386_distributedLock,distributedLock,burst-load,1786816981.825000,72.999614,adaptive_ttl_factor,all,1
2026-08-15_18-01-48-825386_distributedLock,distributedLock,burst-load,1786816982.825000,73.999614,adaptive_ttl_factor,all,1
2026-08-15_18-01-48-825386_distributedLock,distributedLock,burst-load,1786816983.825000,74.999614,adaptive_ttl_factor,all,1
2026-08-15_18-01-48-825386_distributedLock,distributedLock,burst-load,1786816984.825000,75.999614,adaptive_ttl_factor,all,1
2026-08-15_18-01-48-825386_distributedLock,distributedLock,burst-load,1786816985.825000,76.999614,adaptive_ttl_factor,all,1
2026-08-15_18-01-48-825386_distributedLock,distributedLock,burst-load,1786816986.825000,77.999614,adaptive_ttl_factor,all,1
2026-08-15_18-01-48-825386_distributedLock,distributedLock,burst-load,1786816987.825000,78.999614,adaptive_ttl_factor,all,1
2026-08-15_18-01-48-825386_distributedLock,distributedLock,burst-load,1786816988.825000,79.999614,adaptive_ttl_factor,all,1
2026-08-15_18-01-48-825386_distributedLock,distributedLock,burst-load,1786816989.825000,80.999614,adaptive_ttl_factor,all,1
2026-08-15_18-01-48-825386_distributedLock,distributedLock,burst-load,1786816990.825000,81.999614,adaptive_ttl_factor,all,1
2026-08-15_18-01-48-825386_distributedLock,distributedLock,burst-load,1786816991.825000,82.999614,adaptive_ttl_factor,all,1
2026-08-15_18-01-48-825386_distributedLock,distributedLock,burst-load,1786816992.825000,83.999614,adaptive_ttl_factor,all,1
2026-08-15_18-01-48-825386_distributedLock,distributedLock,burst-load,1786816993.825000,84.999614,adaptive_ttl_factor,all,1
2026-08-15_18-01-48-825386_distributedLock,distributedLock,burst-load,1786816994.825000,85.999614,adaptive_ttl_factor,all,1
2026-08-15_18-01-48-825386_distributedLock,distributedLock,burst-load,1786816995.825000,86.999614,adaptive_ttl_factor,all,1
2026-08-15_18-01-48-825386_distributedLock,distributedLock,burst-load,1786816996.825000,87.999614,adaptive_ttl_factor,all,1
2026-08-15_18-01-48-825386_distributedLock,distributedLock,burst-load,1786816997.825000,88.999614,adaptive_ttl_factor,all,1
2026-08-15_18-01-48-825386_distributedLock,distributedLock,burst-load,1786816998.825000,89.999614,adaptive_ttl_factor,all,1
2026-08-15_18-01-48-825386_distributedLock,distributedLock,burst-load,1786816999.825000,90.999614,adaptive_ttl_factor,all,1
2026-08-15_18-01-48-825386_distributedLock,distributedLock,burst-load,1786817000.825000,91.999614,adaptive_ttl_factor,all,1
2026-08-15_18-01-48-825386_distributedLock,distributedLock,burst-load,1786817001.825000,92.999614,adaptive_ttl_factor,all,1
2026-08-15_18-01-48-825386_distributedLock,distributedLock,burst-load,1786817002.825000,93.999614,adaptive_ttl_factor,all,1
2026-08-15_18-01-48-825386_distributedLock,distributedLock,burst-load,1786817003.825000,94.999614,adaptive_ttl_factor,all,1
2026-08-15_18-01-48-825386_distributedLock,distributedLock,burst-load,1786817004.825000,95.999614,adaptive_ttl_factor,all,1
2026-08-15_18-01-48-825386_distributedLock,distributedLock,burst-load,1786817005.825000,96.999614,adaptive_ttl_factor,all,1
2026-08-15_18-01-48-825386_distributedLock,distributedLock,burst-load,1786817006.825000,97.999614,adaptive_ttl_factor,all,1
2026-08-15_18-01-48-825386_distributedLock,distributedLock,burst-load,1786817007.825000,98.999614,adaptive_ttl_factor,all,1
2026-08-15_18-01-48-825386_distributedLock,distributedLock,burst-load,1786817008.825000,99.999614,adaptive_ttl_factor,all,1
2026-08-15_18-01-48-825386_distributedLock,distributedLock,burst-load,1786817009.825000,100.999614,adaptive_ttl_factor,all,1
2026-08-15_18-01-48-825386_distributedLock,distributedLock,burst-load,1786817010.825000,101.999614,adaptive_ttl_factor,all,1
2026-08-15_18-01-48-825386_distributedLock,distributedLock,burst-load,1786817011.825000,102.999614,adaptive_ttl_factor,all,1
2026-08-15_18-01-48-825386_distributedLock,distributedLock,burst-load,1786817012.825000,103.999614,adaptive_ttl_factor,all,1
2026-08-15_18-01-48-825386_distributedLock,distributedLock,burst-load,1786817013.825000,104.999614,adaptive_ttl_factor,all,1
2026-08-15_18-01-48-825386_distributedLock,distributedLock,burst-load,1786817014.825000,105.999614,adaptive_ttl_factor,all,1
2026-08-15_18-01-48-825386_distributedLock,distributedLock,burst-load,1786817015.825000,106.999614,adaptive_ttl_factor,all,1
2026-08-15_18-01-48-825386_distributedLock,distributedLock,burst-load,1786817016.825000,107.999614,adaptive_ttl_factor,all,1
2026-08-15_18-01-48-825386_distributedLock,distributedLock,burst-load,1786817017.825000,108.999614,adaptive_ttl_factor,all,1
2026-08-15_18-01-48-825386_distributedLock,distributedLock,burst-load,1786817018.825000,109.999614,adaptive_ttl_factor,all,1
2026-08-15_18-01-48-825386_distributedLock,distributedLock,burst-load,1786817019.825000,110.999614,adaptive_ttl_factor,all,1
2026-08-15_18-01-48-825386_distributedLock,distributedLock,burst-load,1786817020.825000,111.999614,adaptive_ttl_factor,all,1
2026-08-15_18-01-48-825386_distributedLock,distributedLock,burst-load,1786817021.825000,112.999614,adaptive_ttl_factor,all,1
2026-08-15_18-01-48-825386_distributedLock,distributedLock,burst-load,1786817022.825000,113.999614,adaptive_ttl_factor,all,1
2026-08-15_18-01-48-825386_distributedLock,distributedLock,burst-load,1786817023.825000,114.999614,adaptive_ttl_factor,all,1
2026-08-15_18-01-48-825386_distributedLock,distributedLock,burst-load,1786817024.825000,115.999614,adaptive_ttl_factor,all,1
2026-08-15_18-01-48-825386_distributedLock,distributedLock,burst-load,1786817025.825000,116.999614,adaptive_ttl_factor,all,1
2026-08-15_18-01-48-825386_distributedLock,distributedLock,burst-load,1786817026.825000,117.999614,adaptive_ttl_factor,all,1
2026-08-15_18-01-48-825386_distributedLock,distributedLock,burst-load,1786817027.825000,118.999614,adaptive_ttl_factor,all,1
2026-08-15_18-01-48-825386_distributedLock,distributedLock,burst-load,1786817028.825000,119.999614,adaptive_ttl_factor,all,1
2026-08-15_18-01-48-825386_distributedLock,distributedLock,burst-load,1786817029.825000,120.999614,adaptive_ttl_factor,all,1
2026-08-15_18-01-48-825386_distributedLock,distributedLock,burst-load,1786817030.825000,121.999614,adaptive_ttl_factor,all,1
2026-08-15_18-01-48-825386_distributedLock,distributedLock,burst-load,1786816908.825000,-0.000386,adaptive_ttl_effective_seconds,level=l1,5
2026-08-15_18-01-48-825386_distributedLock,distributedLock,burst-load,1786816909.825000,0.999614,adaptive_ttl_effective_seconds,level=l1,5
2026-08-15_18-01-48-825386_distributedLock,distributedLock,burst-load,1786816910.825000,1.999614,adaptive_ttl_effective_seconds,level=l1,5
2026-08-15_18-01-48-825386_distributedLock,distributedLock,burst-load,1786816911.825000,2.999614,adaptive_ttl_effective_seconds,level=l1,5
2026-08-15_18-01-48-825386_distributedLock,distributedLock,burst-load,1786816912.825000,3.999614,adaptive_ttl_effective_seconds,level=l1,5
2026-08-15_18-01-48-825386_distributedLock,distributedLock,burst-load,1786816913.825000,4.999614,adaptive_ttl_effective_seconds,level=l1,5
2026-08-15_18-01-48-825386_distributedLock,distributedLock,burst-load,1786816914.825000,5.999614,adaptive_ttl_effective_seconds,level=l1,5
2026-08-15_18-01-48-825386_distributedLock,distributedLock,burst-load,1786816915.825000,6.999614,adaptive_ttl_effective_seconds,level=l1,5
2026-08-15_18-01-48-825386_distributedLock,distributedLock,burst-load,1786816916.825000,7.999614,adaptive_ttl_effective_seconds,level=l1,5
2026-08-15_18-01-48-825386_distributedLock,distributedLock,burst-load,1786816917.825000,8.999614,adaptive_ttl_effective_seconds,level=l1,5
2026-08-15_18-01-48-825386_distributedLock,distributedLock,burst-load,1786816918.825000,9.999614,adaptive_ttl_effective_seconds,level=l1,5
2026-08-15_18-01-48-825386_distributedLock,distributedLock,burst-load,1786816919.825000,10.999614,adaptive_ttl_effective_seconds,level=l1,5
2026-08-15_18-01-48-825386_distributedLock,distributedLock,burst-load,1786816920.825000,11.999614,adaptive_ttl_effective_seconds,level=l1,5
2026-08-15_18-01-48-825386_distributedLock,distributedLock,burst-load,1786816921.825000,12.999614,adaptive_ttl_effective_seconds,level=l1,5
2026-08-15_18-01-48-825386_distributedLock,distributedLock,burst-load,1786816922.825000,13.999614,adaptive_ttl_effective_seconds,level=l1,5
2026-08-15_18-01-48-825386_distributedLock,distributedLock,burst-load,1786816923.825000,14.999614,adaptive_ttl_effective_seconds,level=l1,5
2026-08-15_18-01-48-825386_distributedLock,distributedLock,burst-load,1786816924.825000,15.999614,adaptive_ttl_effective_seconds,level=l1,5
2026-08-15_18-01-48-825386_distributedLock,distributedLock,burst-load,1786816925.825000,16.999614,adaptive_ttl_effective_seconds,level=l1,5
2026-08-15_18-01-48-825386_distributedLock,distributedLock,burst-load,1786816926.825000,17.999614,adaptive_ttl_effective_seconds,level=l1,5
2026-08-15_18-01-48-825386_distributedLock,distributedLock,burst-load,1786816927.825000,18.999614,adaptive_ttl_effective_seconds,level=l1,5
2026-08-15_18-01-48-825386_distributedLock,distributedLock,burst-load,1786816928.825000,19.999614,adaptive_ttl_effective_seconds,level=l1,5
2026-08-15_18-01-48-825386_distributedLock,distributedLock,burst-load,1786816929.825000,20.999614,adaptive_ttl_effective_seconds,level=l1,5
2026-08-15_18-01-48-825386_distributedLock,distributedLock,burst-load,1786816930.825000,21.999614,adaptive_ttl_effective_seconds,level=l1,5
2026-08-15_18-01-48-825386_distributedLock,distributedLock,burst-load,1786816931.825000,22.999614,adaptive_ttl_effective_seconds,level=l1,5
2026-08-15_18-01-48-825386_distributedLock,distributedLock,burst-load,1786816932.825000,23.999614,adaptive_ttl_effective_seconds,level=l1,5
2026-08-15_18-01-48-825386_distributedLock,distributedLock,burst-load,1786816933.825000,24.999614,adaptive_ttl_effective_seconds,level=l1,5
2026-08-15_18-01-48-825386_distributedLock,distributedLock,burst-load,1786816934.825000,25.999614,adaptive_ttl_effective_seconds,level=l1,5
2026-08-15_18-01-48-825386_distributedLock,distributedLock,burst-load,1786816935.825000,26.999614,adaptive_ttl_effective_seconds,level=l1,5
2026-08-15_18-01-48-825386_distributedLock,distributedLock,burst-load,1786816936.825000,27.999614,adaptive_ttl_effective_seconds,level=l1,5
2026-08-15_18-01-48-825386_distributedLock,distributedLock,burst-load,1786816937.825000,28.999614,adaptive_ttl_effective_seconds,level=l1,5
2026-08-15_18-01-48-825386_distributedLock,distributedLock,burst-load,1786816938.825000,29.999614,adaptive_ttl_effective_seconds,level=l1,5
2026-08-15_18-01-48-825386_distributedLock,distributedLock,burst-load,1786816939.825000,30.999614,adaptive_ttl_effective_seconds,level=l1,5
2026-08-15_18-01-48-825386_distributedLock,distributedLock,burst-load,1786816940.825000,31.999614,adaptive_ttl_effective_seconds,level=l1,5
2026-08-15_18-01-48-825386_distributedLock,distributedLock,burst-load,1786816941.825000,32.999614,adaptive_ttl_effective_seconds,level=l1,5
2026-08-15_18-01-48-825386_distributedLock,distributedLock,burst-load,1786816942.825000,33.999614,adaptive_ttl_effective_seconds,level=l1,5
2026-08-15_18-01-48-825386_distributedLock,distributedLock,burst-load,1786816943.825000,34.999614,adaptive_ttl_effective_seconds,level=l1,5
2026-08-15_18-01-48-825386_distributedLock,distributedLock,burst-load,1786816944.825000,35.999614,adaptive_ttl_effective_seconds,level=l1,5
2026-08-15_18-01-48-825386_distributedLock,distributedLock,burst-load,1786816945.825000,36.999614,adaptive_ttl_effective_seconds,level=l1,5
2026-08-15_18-01-48-825386_distributedLock,distributedLock,burst-load,1786816946.825000,37.999614,adaptive_ttl_effective_seconds,level=l1,5
2026-08-15_18-01-48-825386_distributedLock,distributedLock,burst-load,1786816947.825000,38.999614,adaptive_ttl_effective_seconds,level=l1,5
2026-08-15_18-01-48-825386_distributedLock,distributedLock,burst-load,1786816948.825000,39.999614,adaptive_ttl_effective_seconds,level=l1,5
2026-08-15_18-01-48-825386_distributedLock,distributedLock,burst-load,1786816949.825000,40.999614,adaptive_ttl_effective_seconds,level=l1,5
2026-08-15_18-01-48-825386_distributedLock,distributedLock,burst-load,1786816950.825000,41.999614,adaptive_ttl_effective_seconds,level=l1,5
2026-08-15_18-01-48-825386_distributedLock,distributedLock,burst-load,1786816951.825000,42.999614,adaptive_ttl_effective_seconds,level=l1,5
2026-08-15_18-01-48-825386_distributedLock,distributedLock,burst-load,1786816952.825000,43.999614,adaptive_ttl_effective_seconds,level=l1,5
2026-08-15_18-01-48-825386_distributedLock,distributedLock,burst-load,1786816953.825000,44.999614,adaptive_ttl_effective_seconds,level=l1,5
2026-08-15_18-01-48-825386_distributedLock,distributedLock,burst-load,1786816954.825000,45.999614,adaptive_ttl_effective_seconds,level=l1,5
2026-08-15_18-01-48-825386_distributedLock,distributedLock,burst-load,1786816955.825000,46.999614,adaptive_ttl_effective_seconds,level=l1,5
2026-08-15_18-01-48-825386_distributedLock,distributedLock,burst-load,1786816956.825000,47.999614,adaptive_ttl_effective_seconds,level=l1,5
2026-08-15_18-01-48-825386_distributedLock,distributedLock,burst-load,1786816957.825000,48.999614,adaptive_ttl_effective_seconds,level=l1,5
2026-08-15_18-01-48-825386_distributedLock,distributedLock,burst-load,1786816958.825000,49.999614,adaptive_ttl_effective_seconds,level=l1,5
2026-08-15_18-01-48-825386_distributedLock,distributedLock,burst-load,1786816959.825000,50.999614,adaptive_ttl_effective_seconds,level=l1,5
2026-08-15_18-01-48-825386_distributedLock,distributedLock,burst-load,1786816960.825000,51.999614,adaptive_ttl_effective_seconds,level=l1,5
2026-08-15_18-01-48-825386_distributedLock,distributedLock,burst-load,1786816961.825000,52.999614,adaptive_ttl_effective_seconds,level=l1,5
2026-08-15_18-01-48-825386_distributedLock,distributedLock,burst-load,1786816962.825000,53.999614,adaptive_ttl_effective_seconds,level=l1,5
2026-08-15_18-01-48-825386_distributedLock,distributedLock,burst-load,1786816963.825000,54.999614,adaptive_ttl_effective_seconds,level=l1,5
2026-08-15_18-01-48-825386_distributedLock,distributedLock,burst-load,1786816964.825000,55.999614,adaptive_ttl_effective_seconds,level=l1,5
2026-08-15_18-01-48-825386_distributedLock,distributedLock,burst-load,1786816965.825000,56.999614,adaptive_ttl_effective_seconds,level=l1,5
2026-08-15_18-01-48-825386_distributedLock,distributedLock,burst-load,1786816966.825000,57.999614,adaptive_ttl_effective_seconds,level=l1,5
2026-08-15_18-01-48-825386_distributedLock,distributedLock,burst-load,1786816967.825000,58.999614,adaptive_ttl_effective_seconds,level=l1,5
2026-08-15_18-01-48-825386_distributedLock,distributedLock,burst-load,1786816968.825000,59.999614,adaptive_ttl_effective_seconds,level=l1,5
2026-08-15_18-01-48-825386_distributedLock,distributedLock,burst-load,1786816969.825000,60.999614,adaptive_ttl_effective_seconds,level=l1,5
2026-08-15_18-01-48-825386_distributedLock,distributedLock,burst-load,1786816970.825000,61.999614,adaptive_ttl_effective_seconds,level=l1,5
2026-08-15_18-01-48-825386_distributedLock,distributedLock,burst-load,1786816971.825000,62.999614,adaptive_ttl_effective_seconds,level=l1,5
2026-08-15_18-01-48-825386_distributedLock,distributedLock,burst-load,1786816972.825000,63.999614,adaptive_ttl_effective_seconds,level=l1,5
2026-08-15_18-01-48-825386_distributedLock,distributedLock,burst-load,1786816973.825000,64.999614,adaptive_ttl_effective_seconds,level=l1,5
2026-08-15_18-01-48-825386_distributedLock,distributedLock,burst-load,1786816974.825000,65.999614,adaptive_ttl_effective_seconds,level=l1,5
2026-08-15_18-01-48-825386_distributedLock,distributedLock,burst-load,1786816975.825000,66.999614,adaptive_ttl_effective_seconds,level=l1,5
2026-08-15_18-01-48-825386_distributedLock,distributedLock,burst-load,1786816976.825000,67.999614,adaptive_ttl_effective_seconds,level=l1,5
2026-08-15_18-01-48-825386_distributedLock,distributedLock,burst-load,1786816977.825000,68.999614,adaptive_ttl_effective_seconds,level=l1,5
2026-08-15_18-01-48-825386_distributedLock,distributedLock,burst-load,1786816978.825000,69.999614,adaptive_ttl_effective_seconds,level=l1,5
2026-08-15_18-01-48-825386_distributedLock,distributedLock,burst-load,1786816979.825000,70.999614,adaptive_ttl_effective_seconds,level=l1,5
2026-08-15_18-01-48-825386_distributedLock,distributedLock,burst-load,1786816980.825000,71.999614,adaptive_ttl_effective_seconds,level=l1,5
2026-08-15_18-01-48-825386_distributedLock,distributedLock,burst-load,1786816981.825000,72.999614,adaptive_ttl_effective_seconds,level=l1,5
2026-08-15_18-01-48-825386_distributedLock,distributedLock,burst-load,1786816982.825000,73.999614,adaptive_ttl_effective_seconds,level=l1,5
2026-08-15_18-01-48-825386_distributedLock,distributedLock,burst-load,1786816983.825000,74.999614,adaptive_ttl_effective_seconds,level=l1,5
2026-08-15_18-01-48-825386_distributedLock,distributedLock,burst-load,1786816984.825000,75.999614,adaptive_ttl_effective_seconds,level=l1,5
2026-08-15_18-01-48-825386_distributedLock,distributedLock,burst-load,1786816985.825000,76.999614,adaptive_ttl_effective_seconds,level=l1,5
2026-08-15_18-01-48-825386_distributedLock,distributedLock,burst-load,1786816986.825000,77.999614,adaptive_ttl_effective_seconds,level=l1,5
2026-08-15_18-01-48-825386_distributedLock,distributedLock,burst-load,1786816987.825000,78.999614,adaptive_ttl_effective_seconds,level=l1,5
2026-08-15_18-01-48-825386_distributedLock,distributedLock,burst-load,1786816988.825000,79.999614,adaptive_ttl_effective_seconds,level=l1,5
2026-08-15_18-01-48-825386_distributedLock,distributedLock,burst-load,1786816989.825000,80.999614,adaptive_ttl_effective_seconds,level=l1,5
2026-08-15_18-01-48-825386_distributedLock,distributedLock,burst-load,1786816990.825000,81.999614,adaptive_ttl_effective_seconds,level=l1,5
2026-08-15_18-01-48-825386_distributedLock,distributedLock,burst-load,1786816991.825000,82.999614,adaptive_ttl_effective_seconds,level=l1,5
2026-08-15_18-01-48-825386_distributedLock,distributedLock,burst-load,1786816992.825000,83.999614,adaptive_ttl_effective_seconds,level=l1,5
2026-08-15_18-01-48-825386_distributedLock,distributedLock,burst-load,1786816993.825000,84.999614,adaptive_ttl_effective_seconds,level=l1,5
2026-08-15_18-01-48-825386_distributedLock,distributedLock,burst-load,1786816994.825000,85.999614,adaptive_ttl_effective_seconds,level=l1,5
2026-08-15_18-01-48-825386_distributedLock,distributedLock,burst-load,1786816995.825000,86.999614,adaptive_ttl_effective_seconds,level=l1,5
2026-08-15_18-01-48-825386_distributedLock,distributedLock,burst-load,1786816996.825000,87.999614,adaptive_ttl_effective_seconds,level=l1,5
2026-08-15_18-01-48-825386_distributedLock,distributedLock,burst-load,1786816997.825000,88.999614,adaptive_ttl_effective_seconds,level=l1,5
2026-08-15_18-01-48-825386_distributedLock,distributedLock,burst-load,1786816998.825000,89.999614,adaptive_ttl_effective_seconds,level=l1,5
2026-08-15_18-01-48-825386_distributedLock,distributedLock,burst-load,1786816999.825000,90.999614,adaptive_ttl_effective_seconds,level=l1,5
2026-08-15_18-01-48-825386_distributedLock,distributedLock,burst-load,1786817000.825000,91.999614,adaptive_ttl_effective_seconds,level=l1,5
2026-08-15_18-01-48-825386_distributedLock,distributedLock,burst-load,1786817001.825000,92.999614,adaptive_ttl_effective_seconds,level=l1,5
2026-08-15_18-01-48-825386_distributedLock,distributedLock,burst-load,1786817002.825000,93.999614,adaptive_ttl_effective_seconds,level=l1,5
2026-08-15_18-01-48-825386_distributedLock,distributedLock,burst-load,1786817003.825000,94.999614,adaptive_ttl_effective_seconds,level=l1,5
2026-08-15_18-01-48-825386_distributedLock,distributedLock,burst-load,1786817004.825000,95.999614,adaptive_ttl_effective_seconds,level=l1,5
2026-08-15_18-01-48-825386_distributedLock,distributedLock,burst-load,1786817005.825000,96.999614,adaptive_ttl_effective_seconds,level=l1,5
2026-08-15_18-01-48-825386_distributedLock,distributedLock,burst-load,1786817006.825000,97.999614,adaptive_ttl_effective_seconds,level=l1,5
2026-08-15_18-01-48-825386_distributedLock,distributedLock,burst-load,1786817007.825000,98.999614,adaptive_ttl_effective_seconds,level=l1,5
2026-08-15_18-01-48-825386_distributedLock,distributedLock,burst-load,1786817008.825000,99.999614,adaptive_ttl_effective_seconds,level=l1,5
2026-08-15_18-01-48-825386_distributedLock,distributedLock,burst-load,1786817009.825000,100.999614,adaptive_ttl_effective_seconds,level=l1,5
2026-08-15_18-01-48-825386_distributedLock,distributedLock,burst-load,1786817010.825000,101.999614,adaptive_ttl_effective_seconds,level=l1,5
2026-08-15_18-01-48-825386_distributedLock,distributedLock,burst-load,1786817011.825000,102.999614,adaptive_ttl_effective_seconds,level=l1,5
2026-08-15_18-01-48-825386_distributedLock,distributedLock,burst-load,1786817012.825000,103.999614,adaptive_ttl_effective_seconds,level=l1,5
2026-08-15_18-01-48-825386_distributedLock,distributedLock,burst-load,1786817013.825000,104.999614,adaptive_ttl_effective_seconds,level=l1,5
2026-08-15_18-01-48-825386_distributedLock,distributedLock,burst-load,1786817014.825000,105.999614,adaptive_ttl_effective_seconds,level=l1,5
2026-08-15_18-01-48-825386_distributedLock,distributedLock,burst-load,1786817015.825000,106.999614,adaptive_ttl_effective_seconds,level=l1,5
2026-08-15_18-01-48-825386_distributedLock,distributedLock,burst-load,1786817016.825000,107.999614,adaptive_ttl_effective_seconds,level=l1,5
2026-08-15_18-01-48-825386_distributedLock,distributedLock,burst-load,1786817017.825000,108.999614,adaptive_ttl_effective_seconds,level=l1,5
2026-08-15_18-01-48-825386_distributedLock,distributedLock,burst-load,1786817018.825000,109.999614,adaptive_ttl_effective_seconds,level=l1,5
2026-08-15_18-01-48-825386_distributedLock,distributedLock,burst-load,1786817019.825000,110.999614,adaptive_ttl_effective_seconds,level=l1,5
2026-08-15_18-01-48-825386_distributedLock,distributedLock,burst-load,1786817020.825000,111.999614,adaptive_ttl_effective_seconds,level=l1,5
2026-08-15_18-01-48-825386_distributedLock,distributedLock,burst-load,1786817021.825000,112.999614,adaptive_ttl_effective_seconds,level=l1,5
2026-08-15_18-01-48-825386_distributedLock,distributedLock,burst-load,1786817022.825000,113.999614,adaptive_ttl_effective_seconds,level=l1,5
2026-08-15_18-01-48-825386_distributedLock,distributedLock,burst-load,1786817023.825000,114.999614,adaptive_ttl_effective_seconds,level=l1,5
2026-08-15_18-01-48-825386_distributedLock,distributedLock,burst-load,1786817024.825000,115.999614,adaptive_ttl_effective_seconds,level=l1,5
2026-08-15_18-01-48-825386_distributedLock,distributedLock,burst-load,1786817025.825000,116.999614,adaptive_ttl_effective_seconds,level=l1,5
2026-08-15_18-01-48-825386_distributedLock,distributedLock,burst-load,1786817026.825000,117.999614,adaptive_ttl_effective_seconds,level=l1,5
2026-08-15_18-01-48-825386_distributedLock,distributedLock,burst-load,1786817027.825000,118.999614,adaptive_ttl_effective_seconds,level=l1,5
2026-08-15_18-01-48-825386_distributedLock,distributedLock,burst-load,1786817028.825000,119.999614,adaptive_ttl_effective_seconds,level=l1,5
2026-08-15_18-01-48-825386_distributedLock,distributedLock,burst-load,1786817029.825000,120.999614,adaptive_ttl_effective_seconds,level=l1,5
2026-08-15_18-01-48-825386_distributedLock,distributedLock,burst-load,1786817030.825000,121.999614,adaptive_ttl_effective_seconds,level=l1,5
2026-08-15_18-01-48-825386_distributedLock,distributedLock,burst-load,1786816908.825000,-0.000386,adaptive_ttl_effective_seconds,level=l2,15
2026-08-15_18-01-48-825386_distributedLock,distributedLock,burst-load,1786816909.825000,0.999614,adaptive_ttl_effective_seconds,level=l2,15
2026-08-15_18-01-48-825386_distributedLock,distributedLock,burst-load,1786816910.825000,1.999614,adaptive_ttl_effective_seconds,level=l2,15
2026-08-15_18-01-48-825386_distributedLock,distributedLock,burst-load,1786816911.825000,2.999614,adaptive_ttl_effective_seconds,level=l2,15
2026-08-15_18-01-48-825386_distributedLock,distributedLock,burst-load,1786816912.825000,3.999614,adaptive_ttl_effective_seconds,level=l2,15
2026-08-15_18-01-48-825386_distributedLock,distributedLock,burst-load,1786816913.825000,4.999614,adaptive_ttl_effective_seconds,level=l2,15
2026-08-15_18-01-48-825386_distributedLock,distributedLock,burst-load,1786816914.825000,5.999614,adaptive_ttl_effective_seconds,level=l2,15
2026-08-15_18-01-48-825386_distributedLock,distributedLock,burst-load,1786816915.825000,6.999614,adaptive_ttl_effective_seconds,level=l2,15
2026-08-15_18-01-48-825386_distributedLock,distributedLock,burst-load,1786816916.825000,7.999614,adaptive_ttl_effective_seconds,level=l2,15
2026-08-15_18-01-48-825386_distributedLock,distributedLock,burst-load,1786816917.825000,8.999614,adaptive_ttl_effective_seconds,level=l2,15
2026-08-15_18-01-48-825386_distributedLock,distributedLock,burst-load,1786816918.825000,9.999614,adaptive_ttl_effective_seconds,level=l2,15
2026-08-15_18-01-48-825386_distributedLock,distributedLock,burst-load,1786816919.825000,10.999614,adaptive_ttl_effective_seconds,level=l2,15
2026-08-15_18-01-48-825386_distributedLock,distributedLock,burst-load,1786816920.825000,11.999614,adaptive_ttl_effective_seconds,level=l2,15
2026-08-15_18-01-48-825386_distributedLock,distributedLock,burst-load,1786816921.825000,12.999614,adaptive_ttl_effective_seconds,level=l2,15
2026-08-15_18-01-48-825386_distributedLock,distributedLock,burst-load,1786816922.825000,13.999614,adaptive_ttl_effective_seconds,level=l2,15
2026-08-15_18-01-48-825386_distributedLock,distributedLock,burst-load,1786816923.825000,14.999614,adaptive_ttl_effective_seconds,level=l2,15
2026-08-15_18-01-48-825386_distributedLock,distributedLock,burst-load,1786816924.825000,15.999614,adaptive_ttl_effective_seconds,level=l2,15
2026-08-15_18-01-48-825386_distributedLock,distributedLock,burst-load,1786816925.825000,16.999614,adaptive_ttl_effective_seconds,level=l2,15
2026-08-15_18-01-48-825386_distributedLock,distributedLock,burst-load,1786816926.825000,17.999614,adaptive_ttl_effective_seconds,level=l2,15
2026-08-15_18-01-48-825386_distributedLock,distributedLock,burst-load,1786816927.825000,18.999614,adaptive_ttl_effective_seconds,level=l2,15
2026-08-15_18-01-48-825386_distributedLock,distributedLock,burst-load,1786816928.825000,19.999614,adaptive_ttl_effective_seconds,level=l2,15
2026-08-15_18-01-48-825386_distributedLock,distributedLock,burst-load,1786816929.825000,20.999614,adaptive_ttl_effective_seconds,level=l2,15
2026-08-15_18-01-48-825386_distributedLock,distributedLock,burst-load,1786816930.825000,21.999614,adaptive_ttl_effective_seconds,level=l2,15
2026-08-15_18-01-48-825386_distributedLock,distributedLock,burst-load,1786816931.825000,22.999614,adaptive_ttl_effective_seconds,level=l2,15
2026-08-15_18-01-48-825386_distributedLock,distributedLock,burst-load,1786816932.825000,23.999614,adaptive_ttl_effective_seconds,level=l2,15
2026-08-15_18-01-48-825386_distributedLock,distributedLock,burst-load,1786816933.825000,24.999614,adaptive_ttl_effective_seconds,level=l2,15
2026-08-15_18-01-48-825386_distributedLock,distributedLock,burst-load,1786816934.825000,25.999614,adaptive_ttl_effective_seconds,level=l2,15
2026-08-15_18-01-48-825386_distributedLock,distributedLock,burst-load,1786816935.825000,26.999614,adaptive_ttl_effective_seconds,level=l2,15
2026-08-15_18-01-48-825386_distributedLock,distributedLock,burst-load,1786816936.825000,27.999614,adaptive_ttl_effective_seconds,level=l2,15
2026-08-15_18-01-48-825386_distributedLock,distributedLock,burst-load,1786816937.825000,28.999614,adaptive_ttl_effective_seconds,level=l2,15
2026-08-15_18-01-48-825386_distributedLock,distributedLock,burst-load,1786816938.825000,29.999614,adaptive_ttl_effective_seconds,level=l2,15
2026-08-15_18-01-48-825386_distributedLock,distributedLock,burst-load,1786816939.825000,30.999614,adaptive_ttl_effective_seconds,level=l2,15
2026-08-15_18-01-48-825386_distributedLock,distributedLock,burst-load,1786816940.825000,31.999614,adaptive_ttl_effective_seconds,level=l2,15
2026-08-15_18-01-48-825386_distributedLock,distributedLock,burst-load,1786816941.825000,32.999614,adaptive_ttl_effective_seconds,level=l2,15
2026-08-15_18-01-48-825386_distributedLock,distributedLock,burst-load,1786816942.825000,33.999614,adaptive_ttl_effective_seconds,level=l2,15
2026-08-15_18-01-48-825386_distributedLock,distributedLock,burst-load,1786816943.825000,34.999614,adaptive_ttl_effective_seconds,level=l2,15
2026-08-15_18-01-48-825386_distributedLock,distributedLock,burst-load,1786816944.825000,35.999614,adaptive_ttl_effective_seconds,level=l2,15
2026-08-15_18-01-48-825386_distributedLock,distributedLock,burst-load,1786816945.825000,36.999614,adaptive_ttl_effective_seconds,level=l2,15
2026-08-15_18-01-48-825386_distributedLock,distributedLock,burst-load,1786816946.825000,37.999614,adaptive_ttl_effective_seconds,level=l2,15
2026-08-15_18-01-48-825386_distributedLock,distributedLock,burst-load,1786816947.825000,38.999614,adaptive_ttl_effective_seconds,level=l2,15
2026-08-15_18-01-48-825386_distributedLock,distributedLock,burst-load,1786816948.825000,39.999614,adaptive_ttl_effective_seconds,level=l2,15
2026-08-15_18-01-48-825386_distributedLock,distributedLock,burst-load,1786816949.825000,40.999614,adaptive_ttl_effective_seconds,level=l2,15
2026-08-15_18-01-48-825386_distributedLock,distributedLock,burst-load,1786816950.825000,41.999614,adaptive_ttl_effective_seconds,level=l2,15
2026-08-15_18-01-48-825386_distributedLock,distributedLock,burst-load,1786816951.825000,42.999614,adaptive_ttl_effective_seconds,level=l2,15
2026-08-15_18-01-48-825386_distributedLock,distributedLock,burst-load,1786816952.825000,43.999614,adaptive_ttl_effective_seconds,level=l2,15
2026-08-15_18-01-48-825386_distributedLock,distributedLock,burst-load,1786816953.825000,44.999614,adaptive_ttl_effective_seconds,level=l2,15
2026-08-15_18-01-48-825386_distributedLock,distributedLock,burst-load,1786816954.825000,45.999614,adaptive_ttl_effective_seconds,level=l2,15
2026-08-15_18-01-48-825386_distributedLock,distributedLock,burst-load,1786816955.825000,46.999614,adaptive_ttl_effective_seconds,level=l2,15
2026-08-15_18-01-48-825386_distributedLock,distributedLock,burst-load,1786816956.825000,47.999614,adaptive_ttl_effective_seconds,level=l2,15
2026-08-15_18-01-48-825386_distributedLock,distributedLock,burst-load,1786816957.825000,48.999614,adaptive_ttl_effective_seconds,level=l2,15
2026-08-15_18-01-48-825386_distributedLock,distributedLock,burst-load,1786816958.825000,49.999614,adaptive_ttl_effective_seconds,level=l2,15
2026-08-15_18-01-48-825386_distributedLock,distributedLock,burst-load,1786816959.825000,50.999614,adaptive_ttl_effective_seconds,level=l2,15
2026-08-15_18-01-48-825386_distributedLock,distributedLock,burst-load,1786816960.825000,51.999614,adaptive_ttl_effective_seconds,level=l2,15
2026-08-15_18-01-48-825386_distributedLock,distributedLock,burst-load,1786816961.825000,52.999614,adaptive_ttl_effective_seconds,level=l2,15
2026-08-15_18-01-48-825386_distributedLock,distributedLock,burst-load,1786816962.825000,53.999614,adaptive_ttl_effective_seconds,level=l2,15
2026-08-15_18-01-48-825386_distributedLock,distributedLock,burst-load,1786816963.825000,54.999614,adaptive_ttl_effective_seconds,level=l2,15
2026-08-15_18-01-48-825386_distributedLock,distributedLock,burst-load,1786816964.825000,55.999614,adaptive_ttl_effective_seconds,level=l2,15
2026-08-15_18-01-48-825386_distributedLock,distributedLock,burst-load,1786816965.825000,56.999614,adaptive_ttl_effective_seconds,level=l2,15
2026-08-15_18-01-48-825386_distributedLock,distributedLock,burst-load,1786816966.825000,57.999614,adaptive_ttl_effective_seconds,level=l2,15
2026-08-15_18-01-48-825386_distributedLock,distributedLock,burst-load,1786816967.825000,58.999614,adaptive_ttl_effective_seconds,level=l2,15
2026-08-15_18-01-48-825386_distributedLock,distributedLock,burst-load,1786816968.825000,59.999614,adaptive_ttl_effective_seconds,level=l2,15
2026-08-15_18-01-48-825386_distributedLock,distributedLock,burst-load,1786816969.825000,60.999614,adaptive_ttl_effective_seconds,level=l2,15
2026-08-15_18-01-48-825386_distributedLock,distributedLock,burst-load,1786816970.825000,61.999614,adaptive_ttl_effective_seconds,level=l2,15
2026-08-15_18-01-48-825386_distributedLock,distributedLock,burst-load,1786816971.825000,62.999614,adaptive_ttl_effective_seconds,level=l2,15
2026-08-15_18-01-48-825386_distributedLock,distributedLock,burst-load,1786816972.825000,63.999614,adaptive_ttl_effective_seconds,level=l2,15
2026-08-15_18-01-48-825386_distributedLock,distributedLock,burst-load,1786816973.825000,64.999614,adaptive_ttl_effective_seconds,level=l2,15
2026-08-15_18-01-48-825386_distributedLock,distributedLock,burst-load,1786816974.825000,65.999614,adaptive_ttl_effective_seconds,level=l2,15
2026-08-15_18-01-48-825386_distributedLock,distributedLock,burst-load,1786816975.825000,66.999614,adaptive_ttl_effective_seconds,level=l2,15
2026-08-15_18-01-48-825386_distributedLock,distributedLock,burst-load,1786816976.825000,67.999614,adaptive_ttl_effective_seconds,level=l2,15
2026-08-15_18-01-48-825386_distributedLock,distributedLock,burst-load,1786816977.825000,68.999614,adaptive_ttl_effective_seconds,level=l2,15
2026-08-15_18-01-48-825386_distributedLock,distributedLock,burst-load,1786816978.825000,69.999614,adaptive_ttl_effective_seconds,level=l2,15
2026-08-15_18-01-48-825386_distributedLock,distributedLock,burst-load,1786816979.825000,70.999614,adaptive_ttl_effective_seconds,level=l2,15
2026-08-15_18-01-48-825386_distributedLock,distributedLock,burst-load,1786816980.825000,71.999614,adaptive_ttl_effective_seconds,level=l2,15
2026-08-15_18-01-48-825386_distributedLock,distributedLock,burst-load,1786816981.825000,72.999614,adaptive_ttl_effective_seconds,level=l2,15
2026-08-15_18-01-48-825386_distributedLock,distributedLock,burst-load,1786816982.825000,73.999614,adaptive_ttl_effective_seconds,level=l2,15
2026-08-15_18-01-48-825386_distributedLock,distributedLock,burst-load,1786816983.825000,74.999614,adaptive_ttl_effective_seconds,level=l2,15
2026-08-15_18-01-48-825386_distributedLock,distributedLock,burst-load,1786816984.825000,75.999614,adaptive_ttl_effective_seconds,level=l2,15
2026-08-15_18-01-48-825386_distributedLock,distributedLock,burst-load,1786816985.825000,76.999614,adaptive_ttl_effective_seconds,level=l2,15
2026-08-15_18-01-48-825386_distributedLock,distributedLock,burst-load,1786816986.825000,77.999614,adaptive_ttl_effective_seconds,level=l2,15
2026-08-15_18-01-48-825386_distributedLock,distributedLock,burst-load,1786816987.825000,78.999614,adaptive_ttl_effective_seconds,level=l2,15
2026-08-15_18-01-48-825386_distributedLock,distributedLock,burst-load,1786816988.825000,79.999614,adaptive_ttl_effective_seconds,level=l2,15
2026-08-15_18-01-48-825386_distributedLock,distributedLock,burst-load,1786816989.825000,80.999614,adaptive_ttl_effective_seconds,level=l2,15
2026-08-15_18-01-48-825386_distributedLock,distributedLock,burst-load,1786816990.825000,81.999614,adaptive_ttl_effective_seconds,level=l2,15
2026-08-15_18-01-48-825386_distributedLock,distributedLock,burst-load,1786816991.825000,82.999614,adaptive_ttl_effective_seconds,level=l2,15
2026-08-15_18-01-48-825386_distributedLock,distributedLock,burst-load,1786816992.825000,83.999614,adaptive_ttl_effective_seconds,level=l2,15
2026-08-15_18-01-48-825386_distributedLock,distributedLock,burst-load,1786816993.825000,84.999614,adaptive_ttl_effective_seconds,level=l2,15
2026-08-15_18-01-48-825386_distributedLock,distributedLock,burst-load,1786816994.825000,85.999614,adaptive_ttl_effective_seconds,level=l2,15
2026-08-15_18-01-48-825386_distributedLock,distributedLock,burst-load,1786816995.825000,86.999614,adaptive_ttl_effective_seconds,level=l2,15
2026-08-15_18-01-48-825386_distributedLock,distributedLock,burst-load,1786816996.825000,87.999614,adaptive_ttl_effective_seconds,level=l2,15
2026-08-15_18-01-48-825386_distributedLock,distributedLock,burst-load,1786816997.825000,88.999614,adaptive_ttl_effective_seconds,level=l2,15
2026-08-15_18-01-48-825386_distributedLock,distributedLock,burst-load,1786816998.825000,89.999614,adaptive_ttl_effective_seconds,level=l2,15
2026-08-15_18-01-48-825386_distributedLock,distributedLock,burst-load,1786816999.825000,90.999614,adaptive_ttl_effective_seconds,level=l2,15
2026-08-15_18-01-48-825386_distributedLock,distributedLock,burst-load,1786817000.825000,91.999614,adaptive_ttl_effective_seconds,level=l2,15
2026-08-15_18-01-48-825386_distributedLock,distributedLock,burst-load,1786817001.825000,92.999614,adaptive_ttl_effective_seconds,level=l2,15
2026-08-15_18-01-48-825386_distributedLock,distributedLock,burst-load,1786817002.825000,93.999614,adaptive_ttl_effective_seconds,level=l2,15
2026-08-15_18-01-48-825386_distributedLock,distributedLock,burst-load,1786817003.825000,94.999614,adaptive_ttl_effective_seconds,level=l2,15
2026-08-15_18-01-48-825386_distributedLock,distributedLock,burst-load,1786817004.825000,95.999614,adaptive_ttl_effective_seconds,level=l2,15
2026-08-15_18-01-48-825386_distributedLock,distributedLock,burst-load,1786817005.825000,96.999614,adaptive_ttl_effective_seconds,level=l2,15
2026-08-15_18-01-48-825386_distributedLock,distributedLock,burst-load,1786817006.825000,97.999614,adaptive_ttl_effective_seconds,level=l2,15
2026-08-15_18-01-48-825386_distributedLock,distributedLock,burst-load,1786817007.825000,98.999614,adaptive_ttl_effective_seconds,level=l2,15
2026-08-15_18-01-48-825386_distributedLock,distributedLock,burst-load,1786817008.825000,99.999614,adaptive_ttl_effective_seconds,level=l2,15
2026-08-15_18-01-48-825386_distributedLock,distributedLock,burst-load,1786817009.825000,100.999614,adaptive_ttl_effective_seconds,level=l2,15
2026-08-15_18-01-48-825386_distributedLock,distributedLock,burst-load,1786817010.825000,101.999614,adaptive_ttl_effective_seconds,level=l2,15
2026-08-15_18-01-48-825386_distributedLock,distributedLock,burst-load,1786817011.825000,102.999614,adaptive_ttl_effective_seconds,level=l2,15
2026-08-15_18-01-48-825386_distributedLock,distributedLock,burst-load,1786817012.825000,103.999614,adaptive_ttl_effective_seconds,level=l2,15
2026-08-15_18-01-48-825386_distributedLock,distributedLock,burst-load,1786817013.825000,104.999614,adaptive_ttl_effective_seconds,level=l2,15
2026-08-15_18-01-48-825386_distributedLock,distributedLock,burst-load,1786817014.825000,105.999614,adaptive_ttl_effective_seconds,level=l2,15
2026-08-15_18-01-48-825386_distributedLock,distributedLock,burst-load,1786817015.825000,106.999614,adaptive_ttl_effective_seconds,level=l2,15
2026-08-15_18-01-48-825386_distributedLock,distributedLock,burst-load,1786817016.825000,107.999614,adaptive_ttl_effective_seconds,level=l2,15
2026-08-15_18-01-48-825386_distributedLock,distributedLock,burst-load,1786817017.825000,108.999614,adaptive_ttl_effective_seconds,level=l2,15
2026-08-15_18-01-48-825386_distributedLock,distributedLock,burst-load,1786817018.825000,109.999614,adaptive_ttl_effective_seconds,level=l2,15
2026-08-15_18-01-48-825386_distributedLock,distributedLock,burst-load,1786817019.825000,110.999614,adaptive_ttl_effective_seconds,level=l2,15
2026-08-15_18-01-48-825386_distributedLock,distributedLock,burst-load,1786817020.825000,111.999614,adaptive_ttl_effective_seconds,level=l2,15
2026-08-15_18-01-48-825386_distributedLock,distributedLock,burst-load,1786817021.825000,112.999614,adaptive_ttl_effective_seconds,level=l2,15
2026-08-15_18-01-48-825386_distributedLock,distributedLock,burst-load,1786817022.825000,113.999614,adaptive_ttl_effective_seconds,level=l2,15
2026-08-15_18-01-48-825386_distributedLock,distributedLock,burst-load,1786817023.825000,114.999614,adaptive_ttl_effective_seconds,level=l2,15
2026-08-15_18-01-48-825386_distributedLock,distributedLock,burst-load,1786817024.825000,115.999614,adaptive_ttl_effective_seconds,level=l2,15
2026-08-15_18-01-48-825386_distributedLock,distributedLock,burst-load,1786817025.825000,116.999614,adaptive_ttl_effective_seconds,level=l2,15
2026-08-15_18-01-48-825386_distributedLock,distributedLock,burst-load,1786817026.825000,117.999614,adaptive_ttl_effective_seconds,level=l2,15
2026-08-15_18-01-48-825386_distributedLock,distributedLock,burst-load,1786817027.825000,118.999614,adaptive_ttl_effective_seconds,level=l2,15
2026-08-15_18-01-48-825386_distributedLock,distributedLock,burst-load,1786817028.825000,119.999614,adaptive_ttl_effective_seconds,level=l2,15
2026-08-15_18-01-48-825386_distributedLock,distributedLock,burst-load,1786817029.825000,120.999614,adaptive_ttl_effective_seconds,level=l2,15
2026-08-15_18-01-48-825386_distributedLock,distributedLock,burst-load,1786817030.825000,121.999614,adaptive_ttl_effective_seconds,level=l2,15
2026-08-15_18-01-48-825386_distributedLock,distributedLock,burst-load,1786816908.825000,-0.000386,adaptive_ttl_state,all,0
2026-08-15_18-01-48-825386_distributedLock,distributedLock,burst-load,1786816909.825000,0.999614,adaptive_ttl_state,all,0
2026-08-15_18-01-48-825386_distributedLock,distributedLock,burst-load,1786816910.825000,1.999614,adaptive_ttl_state,all,0
2026-08-15_18-01-48-825386_distributedLock,distributedLock,burst-load,1786816911.825000,2.999614,adaptive_ttl_state,all,0
2026-08-15_18-01-48-825386_distributedLock,distributedLock,burst-load,1786816912.825000,3.999614,adaptive_ttl_state,all,0
2026-08-15_18-01-48-825386_distributedLock,distributedLock,burst-load,1786816913.825000,4.999614,adaptive_ttl_state,all,0
2026-08-15_18-01-48-825386_distributedLock,distributedLock,burst-load,1786816914.825000,5.999614,adaptive_ttl_state,all,0
2026-08-15_18-01-48-825386_distributedLock,distributedLock,burst-load,1786816915.825000,6.999614,adaptive_ttl_state,all,0
2026-08-15_18-01-48-825386_distributedLock,distributedLock,burst-load,1786816916.825000,7.999614,adaptive_ttl_state,all,0
2026-08-15_18-01-48-825386_distributedLock,distributedLock,burst-load,1786816917.825000,8.999614,adaptive_ttl_state,all,0
2026-08-15_18-01-48-825386_distributedLock,distributedLock,burst-load,1786816918.825000,9.999614,adaptive_ttl_state,all,0
2026-08-15_18-01-48-825386_distributedLock,distributedLock,burst-load,1786816919.825000,10.999614,adaptive_ttl_state,all,0
2026-08-15_18-01-48-825386_distributedLock,distributedLock,burst-load,1786816920.825000,11.999614,adaptive_ttl_state,all,0
2026-08-15_18-01-48-825386_distributedLock,distributedLock,burst-load,1786816921.825000,12.999614,adaptive_ttl_state,all,0
2026-08-15_18-01-48-825386_distributedLock,distributedLock,burst-load,1786816922.825000,13.999614,adaptive_ttl_state,all,0
2026-08-15_18-01-48-825386_distributedLock,distributedLock,burst-load,1786816923.825000,14.999614,adaptive_ttl_state,all,0
2026-08-15_18-01-48-825386_distributedLock,distributedLock,burst-load,1786816924.825000,15.999614,adaptive_ttl_state,all,0
2026-08-15_18-01-48-825386_distributedLock,distributedLock,burst-load,1786816925.825000,16.999614,adaptive_ttl_state,all,0
2026-08-15_18-01-48-825386_distributedLock,distributedLock,burst-load,1786816926.825000,17.999614,adaptive_ttl_state,all,0
2026-08-15_18-01-48-825386_distributedLock,distributedLock,burst-load,1786816927.825000,18.999614,adaptive_ttl_state,all,0
2026-08-15_18-01-48-825386_distributedLock,distributedLock,burst-load,1786816928.825000,19.999614,adaptive_ttl_state,all,0
2026-08-15_18-01-48-825386_distributedLock,distributedLock,burst-load,1786816929.825000,20.999614,adaptive_ttl_state,all,0
2026-08-15_18-01-48-825386_distributedLock,distributedLock,burst-load,1786816930.825000,21.999614,adaptive_ttl_state,all,0
2026-08-15_18-01-48-825386_distributedLock,distributedLock,burst-load,1786816931.825000,22.999614,adaptive_ttl_state,all,0
2026-08-15_18-01-48-825386_distributedLock,distributedLock,burst-load,1786816932.825000,23.999614,adaptive_ttl_state,all,0
2026-08-15_18-01-48-825386_distributedLock,distributedLock,burst-load,1786816933.825000,24.999614,adaptive_ttl_state,all,0
2026-08-15_18-01-48-825386_distributedLock,distributedLock,burst-load,1786816934.825000,25.999614,adaptive_ttl_state,all,0
2026-08-15_18-01-48-825386_distributedLock,distributedLock,burst-load,1786816935.825000,26.999614,adaptive_ttl_state,all,0
2026-08-15_18-01-48-825386_distributedLock,distributedLock,burst-load,1786816936.825000,27.999614,adaptive_ttl_state,all,0
2026-08-15_18-01-48-825386_distributedLock,distributedLock,burst-load,1786816937.825000,28.999614,adaptive_ttl_state,all,0
2026-08-15_18-01-48-825386_distributedLock,distributedLock,burst-load,1786816938.825000,29.999614,adaptive_ttl_state,all,0
2026-08-15_18-01-48-825386_distributedLock,distributedLock,burst-load,1786816939.825000,30.999614,adaptive_ttl_state,all,0
2026-08-15_18-01-48-825386_distributedLock,distributedLock,burst-load,1786816940.825000,31.999614,adaptive_ttl_state,all,0
2026-08-15_18-01-48-825386_distributedLock,distributedLock,burst-load,1786816941.825000,32.999614,adaptive_ttl_state,all,0
2026-08-15_18-01-48-825386_distributedLock,distributedLock,burst-load,1786816942.825000,33.999614,adaptive_ttl_state,all,0
2026-08-15_18-01-48-825386_distributedLock,distributedLock,burst-load,1786816943.825000,34.999614,adaptive_ttl_state,all,0
2026-08-15_18-01-48-825386_distributedLock,distributedLock,burst-load,1786816944.825000,35.999614,adaptive_ttl_state,all,0
2026-08-15_18-01-48-825386_distributedLock,distributedLock,burst-load,1786816945.825000,36.999614,adaptive_ttl_state,all,0
2026-08-15_18-01-48-825386_distributedLock,distributedLock,burst-load,1786816946.825000,37.999614,adaptive_ttl_state,all,0
2026-08-15_18-01-48-825386_distributedLock,distributedLock,burst-load,1786816947.825000,38.999614,adaptive_ttl_state,all,0
2026-08-15_18-01-48-825386_distributedLock,distributedLock,burst-load,1786816948.825000,39.999614,adaptive_ttl_state,all,0
2026-08-15_18-01-48-825386_distributedLock,distributedLock,burst-load,1786816949.825000,40.999614,adaptive_ttl_state,all,0
2026-08-15_18-01-48-825386_distributedLock,distributedLock,burst-load,1786816950.825000,41.999614,adaptive_ttl_state,all,0
2026-08-15_18-01-48-825386_distributedLock,distributedLock,burst-load,1786816951.825000,42.999614,adaptive_ttl_state,all,0
2026-08-15_18-01-48-825386_distributedLock,distributedLock,burst-load,1786816952.825000,43.999614,adaptive_ttl_state,all,0
2026-08-15_18-01-48-825386_distributedLock,distributedLock,burst-load,1786816953.825000,44.999614,adaptive_ttl_state,all,0
2026-08-15_18-01-48-825386_distributedLock,distributedLock,burst-load,1786816954.825000,45.999614,adaptive_ttl_state,all,0
2026-08-15_18-01-48-825386_distributedLock,distributedLock,burst-load,1786816955.825000,46.999614,adaptive_ttl_state,all,0
2026-08-15_18-01-48-825386_distributedLock,distributedLock,burst-load,1786816956.825000,47.999614,adaptive_ttl_state,all,0
2026-08-15_18-01-48-825386_distributedLock,distributedLock,burst-load,1786816957.825000,48.999614,adaptive_ttl_state,all,0
2026-08-15_18-01-48-825386_distributedLock,distributedLock,burst-load,1786816958.825000,49.999614,adaptive_ttl_state,all,0
2026-08-15_18-01-48-825386_distributedLock,distributedLock,burst-load,1786816959.825000,50.999614,adaptive_ttl_state,all,0
2026-08-15_18-01-48-825386_distributedLock,distributedLock,burst-load,1786816960.825000,51.999614,adaptive_ttl_state,all,0
2026-08-15_18-01-48-825386_distributedLock,distributedLock,burst-load,1786816961.825000,52.999614,adaptive_ttl_state,all,0
2026-08-15_18-01-48-825386_distributedLock,distributedLock,burst-load,1786816962.825000,53.999614,adaptive_ttl_state,all,0
2026-08-15_18-01-48-825386_distributedLock,distributedLock,burst-load,1786816963.825000,54.999614,adaptive_ttl_state,all,0
2026-08-15_18-01-48-825386_distributedLock,distributedLock,burst-load,1786816964.825000,55.999614,adaptive_ttl_state,all,0
2026-08-15_18-01-48-825386_distributedLock,distributedLock,burst-load,1786816965.825000,56.999614,adaptive_ttl_state,all,0
2026-08-15_18-01-48-825386_distributedLock,distributedLock,burst-load,1786816966.825000,57.999614,adaptive_ttl_state,all,0
2026-08-15_18-01-48-825386_distributedLock,distributedLock,burst-load,1786816967.825000,58.999614,adaptive_ttl_state,all,0
2026-08-15_18-01-48-825386_distributedLock,distributedLock,burst-load,1786816968.825000,59.999614,adaptive_ttl_state,all,0
2026-08-15_18-01-48-825386_distributedLock,distributedLock,burst-load,1786816969.825000,60.999614,adaptive_ttl_state,all,0
2026-08-15_18-01-48-825386_distributedLock,distributedLock,burst-load,1786816970.825000,61.999614,adaptive_ttl_state,all,0
2026-08-15_18-01-48-825386_distributedLock,distributedLock,burst-load,1786816971.825000,62.999614,adaptive_ttl_state,all,0
2026-08-15_18-01-48-825386_distributedLock,distributedLock,burst-load,1786816972.825000,63.999614,adaptive_ttl_state,all,0
2026-08-15_18-01-48-825386_distributedLock,distributedLock,burst-load,1786816973.825000,64.999614,adaptive_ttl_state,all,0
2026-08-15_18-01-48-825386_distributedLock,distributedLock,burst-load,1786816974.825000,65.999614,adaptive_ttl_state,all,0
2026-08-15_18-01-48-825386_distributedLock,distributedLock,burst-load,1786816975.825000,66.999614,adaptive_ttl_state,all,0
2026-08-15_18-01-48-825386_distributedLock,distributedLock,burst-load,1786816976.825000,67.999614,adaptive_ttl_state,all,0
2026-08-15_18-01-48-825386_distributedLock,distributedLock,burst-load,1786816977.825000,68.999614,adaptive_ttl_state,all,0
2026-08-15_18-01-48-825386_distributedLock,distributedLock,burst-load,1786816978.825000,69.999614,adaptive_ttl_state,all,0
2026-08-15_18-01-48-825386_distributedLock,distributedLock,burst-load,1786816979.825000,70.999614,adaptive_ttl_state,all,0
2026-08-15_18-01-48-825386_distributedLock,distributedLock,burst-load,1786816980.825000,71.999614,adaptive_ttl_state,all,0
2026-08-15_18-01-48-825386_distributedLock,distributedLock,burst-load,1786816981.825000,72.999614,adaptive_ttl_state,all,0
2026-08-15_18-01-48-825386_distributedLock,distributedLock,burst-load,1786816982.825000,73.999614,adaptive_ttl_state,all,0
2026-08-15_18-01-48-825386_distributedLock,distributedLock,burst-load,1786816983.825000,74.999614,adaptive_ttl_state,all,0
2026-08-15_18-01-48-825386_distributedLock,distributedLock,burst-load,1786816984.825000,75.999614,adaptive_ttl_state,all,0
2026-08-15_18-01-48-825386_distributedLock,distributedLock,burst-load,1786816985.825000,76.999614,adaptive_ttl_state,all,0
2026-08-15_18-01-48-825386_distributedLock,distributedLock,burst-load,1786816986.825000,77.999614,adaptive_ttl_state,all,0
2026-08-15_18-01-48-825386_distributedLock,distributedLock,burst-load,1786816987.825000,78.999614,adaptive_ttl_state,all,0
2026-08-15_18-01-48-825386_distributedLock,distributedLock,burst-load,1786816988.825000,79.999614,adaptive_ttl_state,all,0
2026-08-15_18-01-48-825386_distributedLock,distributedLock,burst-load,1786816989.825000,80.999614,adaptive_ttl_state,all,0
2026-08-15_18-01-48-825386_distributedLock,distributedLock,burst-load,1786816990.825000,81.999614,adaptive_ttl_state,all,0
2026-08-15_18-01-48-825386_distributedLock,distributedLock,burst-load,1786816991.825000,82.999614,adaptive_ttl_state,all,0
2026-08-15_18-01-48-825386_distributedLock,distributedLock,burst-load,1786816992.825000,83.999614,adaptive_ttl_state,all,0
2026-08-15_18-01-48-825386_distributedLock,distributedLock,burst-load,1786816993.825000,84.999614,adaptive_ttl_state,all,0
2026-08-15_18-01-48-825386_distributedLock,distributedLock,burst-load,1786816994.825000,85.999614,adaptive_ttl_state,all,0
2026-08-15_18-01-48-825386_distributedLock,distributedLock,burst-load,1786816995.825000,86.999614,adaptive_ttl_state,all,0
2026-08-15_18-01-48-825386_distributedLock,distributedLock,burst-load,1786816996.825000,87.999614,adaptive_ttl_state,all,0
2026-08-15_18-01-48-825386_distributedLock,distributedLock,burst-load,1786816997.825000,88.999614,adaptive_ttl_state,all,0
2026-08-15_18-01-48-825386_distributedLock,distributedLock,burst-load,1786816998.825000,89.999614,adaptive_ttl_state,all,0
2026-08-15_18-01-48-825386_distributedLock,distributedLock,burst-load,1786816999.825000,90.999614,adaptive_ttl_state,all,0
2026-08-15_18-01-48-825386_distributedLock,distributedLock,burst-load,1786817000.825000,91.999614,adaptive_ttl_state,all,0
2026-08-15_18-01-48-825386_distributedLock,distributedLock,burst-load,1786817001.825000,92.999614,adaptive_ttl_state,all,0
2026-08-15_18-01-48-825386_distributedLock,distributedLock,burst-load,1786817002.825000,93.999614,adaptive_ttl_state,all,0
2026-08-15_18-01-48-825386_distributedLock,distributedLock,burst-load,1786817003.825000,94.999614,adaptive_ttl_state,all,0
2026-08-15_18-01-48-825386_distributedLock,distributedLock,burst-load,1786817004.825000,95.999614,adaptive_ttl_state,all,0
2026-08-15_18-01-48-825386_distributedLock,distributedLock,burst-load,1786817005.825000,96.999614,adaptive_ttl_state,all,0
2026-08-15_18-01-48-825386_distributedLock,distributedLock,burst-load,1786817006.825000,97.999614,adaptive_ttl_state,all,0
2026-08-15_18-01-48-825386_distributedLock,distributedLock,burst-load,1786817007.825000,98.999614,adaptive_ttl_state,all,0
2026-08-15_18-01-48-825386_distributedLock,distributedLock,burst-load,1786817008.825000,99.999614,adaptive_ttl_state,all,0
2026-08-15_18-01-48-825386_distributedLock,distributedLock,burst-load,1786817009.825000,100.999614,adaptive_ttl_state,all,0
2026-08-15_18-01-48-825386_distributedLock,distributedLock,burst-load,1786817010.825000,101.999614,adaptive_ttl_state,all,0
2026-08-15_18-01-48-825386_distributedLock,distributedLock,burst-load,1786817011.825000,102.999614,adaptive_ttl_state,all,0
2026-08-15_18-01-48-825386_distributedLock,distributedLock,burst-load,1786817012.825000,103.999614,adaptive_ttl_state,all,0
2026-08-15_18-01-48-825386_distributedLock,distributedLock,burst-load,1786817013.825000,104.999614,adaptive_ttl_state,all,0
2026-08-15_18-01-48-825386_distributedLock,distributedLock,burst-load,1786817014.825000,105.999614,adaptive_ttl_state,all,0
2026-08-15_18-01-48-825386_distributedLock,distributedLock,burst-load,1786817015.825000,106.999614,adaptive_ttl_state,all,0
2026-08-15_18-01-48-825386_distributedLock,distributedLock,burst-load,1786817016.825000,107.999614,adaptive_ttl_state,all,0
2026-08-15_18-01-48-825386_distributedLock,distributedLock,burst-load,1786817017.825000,108.999614,adaptive_ttl_state,all,0
2026-08-15_18-01-48-825386_distributedLock,distributedLock,burst-load,1786817018.825000,109.999614,adaptive_ttl_state,all,0
2026-08-15_18-01-48-825386_distributedLock,distributedLock,burst-load,1786817019.825000,110.999614,adaptive_ttl_state,all,0
2026-08-15_18-01-48-825386_distributedLock,distributedLock,burst-load,1786817020.825000,111.999614,adaptive_ttl_state,all,0
2026-08-15_18-01-48-825386_distributedLock,distributedLock,burst-load,1786817021.825000,112.999614,adaptive_ttl_state,all,0
2026-08-15_18-01-48-825386_distributedLock,distributedLock,burst-load,1786817022.825000,113.999614,adaptive_ttl_state,all,0
2026-08-15_18-01-48-825386_distributedLock,distributedLock,burst-load,1786817023.825000,114.999614,adaptive_ttl_state,all,0
2026-08-15_18-01-48-825386_distributedLock,distributedLock,burst-load,1786817024.825000,115.999614,adaptive_ttl_state,all,0
2026-08-15_18-01-48-825386_distributedLock,distributedLock,burst-load,1786817025.825000,116.999614,adaptive_ttl_state,all,0
2026-08-15_18-01-48-825386_distributedLock,distributedLock,burst-load,1786817026.825000,117.999614,adaptive_ttl_state,all,0
2026-08-15_18-01-48-825386_distributedLock,distributedLock,burst-load,1786817027.825000,118.999614,adaptive_ttl_state,all,0
2026-08-15_18-01-48-825386_distributedLock,distributedLock,burst-load,1786817028.825000,119.999614,adaptive_ttl_state,all,0
2026-08-15_18-01-48-825386_distributedLock,distributedLock,burst-load,1786817029.825000,120.999614,adaptive_ttl_state,all,0
2026-08-15_18-01-48-825386_distributedLock,distributedLock,burst-load,1786817030.825000,121.999614,adaptive_ttl_state,all,0
2026-08-15_18-01-48-825386_distributedLock,distributedLock,burst-load,1786816908.825000,-0.000386,adaptive_ttl_backend_p99_milliseconds,all,0
2026-08-15_18-01-48-825386_distributedLock,distributedLock,burst-load,1786816909.825000,0.999614,adaptive_ttl_backend_p99_milliseconds,all,0
2026-08-15_18-01-48-825386_distributedLock,distributedLock,burst-load,1786816910.825000,1.999614,adaptive_ttl_backend_p99_milliseconds,all,0
2026-08-15_18-01-48-825386_distributedLock,distributedLock,burst-load,1786816911.825000,2.999614,adaptive_ttl_backend_p99_milliseconds,all,0
2026-08-15_18-01-48-825386_distributedLock,distributedLock,burst-load,1786816912.825000,3.999614,adaptive_ttl_backend_p99_milliseconds,all,0
2026-08-15_18-01-48-825386_distributedLock,distributedLock,burst-load,1786816913.825000,4.999614,adaptive_ttl_backend_p99_milliseconds,all,0
2026-08-15_18-01-48-825386_distributedLock,distributedLock,burst-load,1786816914.825000,5.999614,adaptive_ttl_backend_p99_milliseconds,all,0
2026-08-15_18-01-48-825386_distributedLock,distributedLock,burst-load,1786816915.825000,6.999614,adaptive_ttl_backend_p99_milliseconds,all,0
2026-08-15_18-01-48-825386_distributedLock,distributedLock,burst-load,1786816916.825000,7.999614,adaptive_ttl_backend_p99_milliseconds,all,0
2026-08-15_18-01-48-825386_distributedLock,distributedLock,burst-load,1786816917.825000,8.999614,adaptive_ttl_backend_p99_milliseconds,all,0
2026-08-15_18-01-48-825386_distributedLock,distributedLock,burst-load,1786816918.825000,9.999614,adaptive_ttl_backend_p99_milliseconds,all,0
2026-08-15_18-01-48-825386_distributedLock,distributedLock,burst-load,1786816919.825000,10.999614,adaptive_ttl_backend_p99_milliseconds,all,0
2026-08-15_18-01-48-825386_distributedLock,distributedLock,burst-load,1786816920.825000,11.999614,adaptive_ttl_backend_p99_milliseconds,all,0
2026-08-15_18-01-48-825386_distributedLock,distributedLock,burst-load,1786816921.825000,12.999614,adaptive_ttl_backend_p99_milliseconds,all,0
2026-08-15_18-01-48-825386_distributedLock,distributedLock,burst-load,1786816922.825000,13.999614,adaptive_ttl_backend_p99_milliseconds,all,0
2026-08-15_18-01-48-825386_distributedLock,distributedLock,burst-load,1786816923.825000,14.999614,adaptive_ttl_backend_p99_milliseconds,all,0
2026-08-15_18-01-48-825386_distributedLock,distributedLock,burst-load,1786816924.825000,15.999614,adaptive_ttl_backend_p99_milliseconds,all,0
2026-08-15_18-01-48-825386_distributedLock,distributedLock,burst-load,1786816925.825000,16.999614,adaptive_ttl_backend_p99_milliseconds,all,0
2026-08-15_18-01-48-825386_distributedLock,distributedLock,burst-load,1786816926.825000,17.999614,adaptive_ttl_backend_p99_milliseconds,all,0
2026-08-15_18-01-48-825386_distributedLock,distributedLock,burst-load,1786816927.825000,18.999614,adaptive_ttl_backend_p99_milliseconds,all,0
2026-08-15_18-01-48-825386_distributedLock,distributedLock,burst-load,1786816928.825000,19.999614,adaptive_ttl_backend_p99_milliseconds,all,0
2026-08-15_18-01-48-825386_distributedLock,distributedLock,burst-load,1786816929.825000,20.999614,adaptive_ttl_backend_p99_milliseconds,all,0
2026-08-15_18-01-48-825386_distributedLock,distributedLock,burst-load,1786816930.825000,21.999614,adaptive_ttl_backend_p99_milliseconds,all,0
2026-08-15_18-01-48-825386_distributedLock,distributedLock,burst-load,1786816931.825000,22.999614,adaptive_ttl_backend_p99_milliseconds,all,0
2026-08-15_18-01-48-825386_distributedLock,distributedLock,burst-load,1786816932.825000,23.999614,adaptive_ttl_backend_p99_milliseconds,all,0
2026-08-15_18-01-48-825386_distributedLock,distributedLock,burst-load,1786816933.825000,24.999614,adaptive_ttl_backend_p99_milliseconds,all,0
2026-08-15_18-01-48-825386_distributedLock,distributedLock,burst-load,1786816934.825000,25.999614,adaptive_ttl_backend_p99_milliseconds,all,0
2026-08-15_18-01-48-825386_distributedLock,distributedLock,burst-load,1786816935.825000,26.999614,adaptive_ttl_backend_p99_milliseconds,all,0
2026-08-15_18-01-48-825386_distributedLock,distributedLock,burst-load,1786816936.825000,27.999614,adaptive_ttl_backend_p99_milliseconds,all,0
2026-08-15_18-01-48-825386_distributedLock,distributedLock,burst-load,1786816937.825000,28.999614,adaptive_ttl_backend_p99_milliseconds,all,0
2026-08-15_18-01-48-825386_distributedLock,distributedLock,burst-load,1786816938.825000,29.999614,adaptive_ttl_backend_p99_milliseconds,all,0
2026-08-15_18-01-48-825386_distributedLock,distributedLock,burst-load,1786816939.825000,30.999614,adaptive_ttl_backend_p99_milliseconds,all,0
2026-08-15_18-01-48-825386_distributedLock,distributedLock,burst-load,1786816940.825000,31.999614,adaptive_ttl_backend_p99_milliseconds,all,0
2026-08-15_18-01-48-825386_distributedLock,distributedLock,burst-load,1786816941.825000,32.999614,adaptive_ttl_backend_p99_milliseconds,all,0
2026-08-15_18-01-48-825386_distributedLock,distributedLock,burst-load,1786816942.825000,33.999614,adaptive_ttl_backend_p99_milliseconds,all,0
2026-08-15_18-01-48-825386_distributedLock,distributedLock,burst-load,1786816943.825000,34.999614,adaptive_ttl_backend_p99_milliseconds,all,0
2026-08-15_18-01-48-825386_distributedLock,distributedLock,burst-load,1786816944.825000,35.999614,adaptive_ttl_backend_p99_milliseconds,all,0
2026-08-15_18-01-48-825386_distributedLock,distributedLock,burst-load,1786816945.825000,36.999614,adaptive_ttl_backend_p99_milliseconds,all,0
2026-08-15_18-01-48-825386_distributedLock,distributedLock,burst-load,1786816946.825000,37.999614,adaptive_ttl_backend_p99_milliseconds,all,0
2026-08-15_18-01-48-825386_distributedLock,distributedLock,burst-load,1786816947.825000,38.999614,adaptive_ttl_backend_p99_milliseconds,all,0
2026-08-15_18-01-48-825386_distributedLock,distributedLock,burst-load,1786816948.825000,39.999614,adaptive_ttl_backend_p99_milliseconds,all,0
2026-08-15_18-01-48-825386_distributedLock,distributedLock,burst-load,1786816949.825000,40.999614,adaptive_ttl_backend_p99_milliseconds,all,0
2026-08-15_18-01-48-825386_distributedLock,distributedLock,burst-load,1786816950.825000,41.999614,adaptive_ttl_backend_p99_milliseconds,all,0
2026-08-15_18-01-48-825386_distributedLock,distributedLock,burst-load,1786816951.825000,42.999614,adaptive_ttl_backend_p99_milliseconds,all,0
2026-08-15_18-01-48-825386_distributedLock,distributedLock,burst-load,1786816952.825000,43.999614,adaptive_ttl_backend_p99_milliseconds,all,0
2026-08-15_18-01-48-825386_distributedLock,distributedLock,burst-load,1786816953.825000,44.999614,adaptive_ttl_backend_p99_milliseconds,all,0
2026-08-15_18-01-48-825386_distributedLock,distributedLock,burst-load,1786816954.825000,45.999614,adaptive_ttl_backend_p99_milliseconds,all,0
2026-08-15_18-01-48-825386_distributedLock,distributedLock,burst-load,1786816955.825000,46.999614,adaptive_ttl_backend_p99_milliseconds,all,0
2026-08-15_18-01-48-825386_distributedLock,distributedLock,burst-load,1786816956.825000,47.999614,adaptive_ttl_backend_p99_milliseconds,all,0
2026-08-15_18-01-48-825386_distributedLock,distributedLock,burst-load,1786816957.825000,48.999614,adaptive_ttl_backend_p99_milliseconds,all,0
2026-08-15_18-01-48-825386_distributedLock,distributedLock,burst-load,1786816958.825000,49.999614,adaptive_ttl_backend_p99_milliseconds,all,0
2026-08-15_18-01-48-825386_distributedLock,distributedLock,burst-load,1786816959.825000,50.999614,adaptive_ttl_backend_p99_milliseconds,all,0
2026-08-15_18-01-48-825386_distributedLock,distributedLock,burst-load,1786816960.825000,51.999614,adaptive_ttl_backend_p99_milliseconds,all,0
2026-08-15_18-01-48-825386_distributedLock,distributedLock,burst-load,1786816961.825000,52.999614,adaptive_ttl_backend_p99_milliseconds,all,0
2026-08-15_18-01-48-825386_distributedLock,distributedLock,burst-load,1786816962.825000,53.999614,adaptive_ttl_backend_p99_milliseconds,all,0
2026-08-15_18-01-48-825386_distributedLock,distributedLock,burst-load,1786816963.825000,54.999614,adaptive_ttl_backend_p99_milliseconds,all,0
2026-08-15_18-01-48-825386_distributedLock,distributedLock,burst-load,1786816964.825000,55.999614,adaptive_ttl_backend_p99_milliseconds,all,0
2026-08-15_18-01-48-825386_distributedLock,distributedLock,burst-load,1786816965.825000,56.999614,adaptive_ttl_backend_p99_milliseconds,all,0
2026-08-15_18-01-48-825386_distributedLock,distributedLock,burst-load,1786816966.825000,57.999614,adaptive_ttl_backend_p99_milliseconds,all,0
2026-08-15_18-01-48-825386_distributedLock,distributedLock,burst-load,1786816967.825000,58.999614,adaptive_ttl_backend_p99_milliseconds,all,0
2026-08-15_18-01-48-825386_distributedLock,distributedLock,burst-load,1786816968.825000,59.999614,adaptive_ttl_backend_p99_milliseconds,all,0
2026-08-15_18-01-48-825386_distributedLock,distributedLock,burst-load,1786816969.825000,60.999614,adaptive_ttl_backend_p99_milliseconds,all,0
2026-08-15_18-01-48-825386_distributedLock,distributedLock,burst-load,1786816970.825000,61.999614,adaptive_ttl_backend_p99_milliseconds,all,0
2026-08-15_18-01-48-825386_distributedLock,distributedLock,burst-load,1786816971.825000,62.999614,adaptive_ttl_backend_p99_milliseconds,all,0
2026-08-15_18-01-48-825386_distributedLock,distributedLock,burst-load,1786816972.825000,63.999614,adaptive_ttl_backend_p99_milliseconds,all,0
2026-08-15_18-01-48-825386_distributedLock,distributedLock,burst-load,1786816973.825000,64.999614,adaptive_ttl_backend_p99_milliseconds,all,0
2026-08-15_18-01-48-825386_distributedLock,distributedLock,burst-load,1786816974.825000,65.999614,adaptive_ttl_backend_p99_milliseconds,all,0
2026-08-15_18-01-48-825386_distributedLock,distributedLock,burst-load,1786816975.825000,66.999614,adaptive_ttl_backend_p99_milliseconds,all,0
2026-08-15_18-01-48-825386_distributedLock,distributedLock,burst-load,1786816976.825000,67.999614,adaptive_ttl_backend_p99_milliseconds,all,0
2026-08-15_18-01-48-825386_distributedLock,distributedLock,burst-load,1786816977.825000,68.999614,adaptive_ttl_backend_p99_milliseconds,all,0
2026-08-15_18-01-48-825386_distributedLock,distributedLock,burst-load,1786816978.825000,69.999614,adaptive_ttl_backend_p99_milliseconds,all,0
2026-08-15_18-01-48-825386_distributedLock,distributedLock,burst-load,1786816979.825000,70.999614,adaptive_ttl_backend_p99_milliseconds,all,0
2026-08-15_18-01-48-825386_distributedLock,distributedLock,burst-load,1786816980.825000,71.999614,adaptive_ttl_backend_p99_milliseconds,all,0
2026-08-15_18-01-48-825386_distributedLock,distributedLock,burst-load,1786816981.825000,72.999614,adaptive_ttl_backend_p99_milliseconds,all,0
2026-08-15_18-01-48-825386_distributedLock,distributedLock,burst-load,1786816982.825000,73.999614,adaptive_ttl_backend_p99_milliseconds,all,0
2026-08-15_18-01-48-825386_distributedLock,distributedLock,burst-load,1786816983.825000,74.999614,adaptive_ttl_backend_p99_milliseconds,all,0
2026-08-15_18-01-48-825386_distributedLock,distributedLock,burst-load,1786816984.825000,75.999614,adaptive_ttl_backend_p99_milliseconds,all,0
2026-08-15_18-01-48-825386_distributedLock,distributedLock,burst-load,1786816985.825000,76.999614,adaptive_ttl_backend_p99_milliseconds,all,0
2026-08-15_18-01-48-825386_distributedLock,distributedLock,burst-load,1786816986.825000,77.999614,adaptive_ttl_backend_p99_milliseconds,all,0
2026-08-15_18-01-48-825386_distributedLock,distributedLock,burst-load,1786816987.825000,78.999614,adaptive_ttl_backend_p99_milliseconds,all,0
2026-08-15_18-01-48-825386_distributedLock,distributedLock,burst-load,1786816988.825000,79.999614,adaptive_ttl_backend_p99_milliseconds,all,0
2026-08-15_18-01-48-825386_distributedLock,distributedLock,burst-load,1786816989.825000,80.999614,adaptive_ttl_backend_p99_milliseconds,all,0
2026-08-15_18-01-48-825386_distributedLock,distributedLock,burst-load,1786816990.825000,81.999614,adaptive_ttl_backend_p99_milliseconds,all,0
2026-08-15_18-01-48-825386_distributedLock,distributedLock,burst-load,1786816991.825000,82.999614,adaptive_ttl_backend_p99_milliseconds,all,0
2026-08-15_18-01-48-825386_distributedLock,distributedLock,burst-load,1786816992.825000,83.999614,adaptive_ttl_backend_p99_milliseconds,all,0
2026-08-15_18-01-48-825386_distributedLock,distributedLock,burst-load,1786816993.825000,84.999614,adaptive_ttl_backend_p99_milliseconds,all,0
2026-08-15_18-01-48-825386_distributedLock,distributedLock,burst-load,1786816994.825000,85.999614,adaptive_ttl_backend_p99_milliseconds,all,0
2026-08-15_18-01-48-825386_distributedLock,distributedLock,burst-load,1786816995.825000,86.999614,adaptive_ttl_backend_p99_milliseconds,all,0
2026-08-15_18-01-48-825386_distributedLock,distributedLock,burst-load,1786816996.825000,87.999614,adaptive_ttl_backend_p99_milliseconds,all,0
2026-08-15_18-01-48-825386_distributedLock,distributedLock,burst-load,1786816997.825000,88.999614,adaptive_ttl_backend_p99_milliseconds,all,0
2026-08-15_18-01-48-825386_distributedLock,distributedLock,burst-load,1786816998.825000,89.999614,adaptive_ttl_backend_p99_milliseconds,all,0
2026-08-15_18-01-48-825386_distributedLock,distributedLock,burst-load,1786816999.825000,90.999614,adaptive_ttl_backend_p99_milliseconds,all,0
2026-08-15_18-01-48-825386_distributedLock,distributedLock,burst-load,1786817000.825000,91.999614,adaptive_ttl_backend_p99_milliseconds,all,0
2026-08-15_18-01-48-825386_distributedLock,distributedLock,burst-load,1786817001.825000,92.999614,adaptive_ttl_backend_p99_milliseconds,all,0
2026-08-15_18-01-48-825386_distributedLock,distributedLock,burst-load,1786817002.825000,93.999614,adaptive_ttl_backend_p99_milliseconds,all,0
2026-08-15_18-01-48-825386_distributedLock,distributedLock,burst-load,1786817003.825000,94.999614,adaptive_ttl_backend_p99_milliseconds,all,0
2026-08-15_18-01-48-825386_distributedLock,distributedLock,burst-load,1786817004.825000,95.999614,adaptive_ttl_backend_p99_milliseconds,all,0
2026-08-15_18-01-48-825386_distributedLock,distributedLock,burst-load,1786817005.825000,96.999614,adaptive_ttl_backend_p99_milliseconds,all,0
2026-08-15_18-01-48-825386_distributedLock,distributedLock,burst-load,1786817006.825000,97.999614,adaptive_ttl_backend_p99_milliseconds,all,0
2026-08-15_18-01-48-825386_distributedLock,distributedLock,burst-load,1786817007.825000,98.999614,adaptive_ttl_backend_p99_milliseconds,all,0
2026-08-15_18-01-48-825386_distributedLock,distributedLock,burst-load,1786817008.825000,99.999614,adaptive_ttl_backend_p99_milliseconds,all,0
2026-08-15_18-01-48-825386_distributedLock,distributedLock,burst-load,1786817009.825000,100.999614,adaptive_ttl_backend_p99_milliseconds,all,0
2026-08-15_18-01-48-825386_distributedLock,distributedLock,burst-load,1786817010.825000,101.999614,adaptive_ttl_backend_p99_milliseconds,all,0
2026-08-15_18-01-48-825386_distributedLock,distributedLock,burst-load,1786817011.825000,102.999614,adaptive_ttl_backend_p99_milliseconds,all,0
2026-08-15_18-01-48-825386_distributedLock,distributedLock,burst-load,1786817012.825000,103.999614,adaptive_ttl_backend_p99_milliseconds,all,0
2026-08-15_18-01-48-825386_distributedLock,distributedLock,burst-load,1786817013.825000,104.999614,adaptive_ttl_backend_p99_milliseconds,all,0
2026-08-15_18-01-48-825386_distributedLock,distributedLock,burst-load,1786817014.825000,105.999614,adaptive_ttl_backend_p99_milliseconds,all,0
2026-08-15_18-01-48-825386_distributedLock,distributedLock,burst-load,1786817015.825000,106.999614,adaptive_ttl_backend_p99_milliseconds,all,0
2026-08-15_18-01-48-825386_distributedLock,distributedLock,burst-load,1786817016.825000,107.999614,adaptive_ttl_backend_p99_milliseconds,all,0
2026-08-15_18-01-48-825386_distributedLock,distributedLock,burst-load,1786817017.825000,108.999614,adaptive_ttl_backend_p99_milliseconds,all,0
2026-08-15_18-01-48-825386_distributedLock,distributedLock,burst-load,1786817018.825000,109.999614,adaptive_ttl_backend_p99_milliseconds,all,0
2026-08-15_18-01-48-825386_distributedLock,distributedLock,burst-load,1786817019.825000,110.999614,adaptive_ttl_backend_p99_milliseconds,all,0
2026-08-15_18-01-48-825386_distributedLock,distributedLock,burst-load,1786817020.825000,111.999614,adaptive_ttl_backend_p99_milliseconds,all,0
2026-08-15_18-01-48-825386_distributedLock,distributedLock,burst-load,1786817021.825000,112.999614,adaptive_ttl_backend_p99_milliseconds,all,0
2026-08-15_18-01-48-825386_distributedLock,distributedLock,burst-load,1786817022.825000,113.999614,adaptive_ttl_backend_p99_milliseconds,all,0
2026-08-15_18-01-48-825386_distributedLock,distributedLock,burst-load,1786817023.825000,114.999614,adaptive_ttl_backend_p99_milliseconds,all,0
2026-08-15_18-01-48-825386_distributedLock,distributedLock,burst-load,1786817024.825000,115.999614,adaptive_ttl_backend_p99_milliseconds,all,0
2026-08-15_18-01-48-825386_distributedLock,distributedLock,burst-load,1786817025.825000,116.999614,adaptive_ttl_backend_p99_milliseconds,all,0
2026-08-15_18-01-48-825386_distributedLock,distributedLock,burst-load,1786817026.825000,117.999614,adaptive_ttl_backend_p99_milliseconds,all,0
2026-08-15_18-01-48-825386_distributedLock,distributedLock,burst-load,1786817027.825000,118.999614,adaptive_ttl_backend_p99_milliseconds,all,0
2026-08-15_18-01-48-825386_distributedLock,distributedLock,burst-load,1786817028.825000,119.999614,adaptive_ttl_backend_p99_milliseconds,all,0
2026-08-15_18-01-48-825386_distributedLock,distributedLock,burst-load,1786817029.825000,120.999614,adaptive_ttl_backend_p99_milliseconds,all,0
2026-08-15_18-01-48-825386_distributedLock,distributedLock,burst-load,1786817030.825000,121.999614,adaptive_ttl_backend_p99_milliseconds,all,0
