experiment_id,experiment_name,test_name,timestamp,relative_time_seconds,metric,series,value
2026-09-04_10-41-47-475152_earlyRefresh,earlyRefresh,high-skew-zipf,1788518507.475000,-0.000152,all_requests,all,0
2026-09-04_10-41-47-475152_earlyRefresh,earlyRefresh,high-skew-zipf,1788518508.475000,0.999848,all_requests,all,0
2026-09-04_10-41-47-475152_earlyRefresh,earlyRefresh,high-skew-zipf,1788518509.475000,1.999848,all_requests,all,7
2026-09-04_10-41-47-475152_earlyRefresh,earlyRefresh,high-skew-zipf,1788518510.475000,2.999848,all_requests,all,20
2026-09-04_10-41-47-475152_earlyRefresh,earlyRefresh,high-skew-zipf,1788518511.475000,3.999848,all_requests,all,38
2026-09-04_10-41-47-475152_earlyRefresh,earlyRefresh,high-skew-zipf,1788518512.475000,4.999848,all_requests,all,59
2026-09-04_10-41-47-475152_earlyRefresh,earlyRefresh,high-skew-zipf,1788518513.475000,5.999848,all_requests,all,89
2026-09-04_10-41-47-475152_earlyRefresh,earlyRefresh,high-skew-zipf,1788518514.475000,6.999848,all_requests,all,120
2026-09-04_10-41-47-475152_earlyRefresh,earlyRefresh,high-skew-zipf,1788518515.475000,7.999848,all_requests,all,158
2026-09-04_10-41-47-475152_earlyRefresh,earlyRefresh,high-skew-zipf,1788518516.475000,8.999848,all_requests,all,201
2026-09-04_10-41-47-475152_earlyRefresh,earlyRefresh,high-skew-zipf,1788518517.475000,9.999848,all_requests,all,245
2026-09-04_10-41-47-475152_earlyRefresh,earlyRefresh,high-skew-zipf,1788518518.475000,10.999848,all_requests,all,299
2026-09-04_10-41-47-475152_earlyRefresh,earlyRefresh,high-skew-zipf,1788518519.475000,11.999848,all_requests,all,355
2026-09-04_10-41-47-475152_earlyRefresh,earlyRefresh,high-skew-zipf,1788518520.475000,12.999848,all_requests,all,415
2026-09-04_10-41-47-475152_earlyRefresh,earlyRefresh,high-skew-zipf,1788518521.475000,13.999848,all_requests,all,483
2026-09-04_10-41-47-475152_earlyRefresh,earlyRefresh,high-skew-zipf,1788518522.475000,14.999848,all_requests,all,554
2026-09-04_10-41-47-475152_earlyRefresh,earlyRefresh,high-skew-zipf,1788518523.475000,15.999848,all_requests,all,628
2026-09-04_10-41-47-475152_earlyRefresh,earlyRefresh,high-skew-zipf,1788518524.475000,16.999848,all_requests,all,706
2026-09-04_10-41-47-475152_earlyRefresh,earlyRefresh,high-skew-zipf,1788518525.475000,17.999848,all_requests,all,779
2026-09-04_10-41-47-475152_earlyRefresh,earlyRefresh,high-skew-zipf,1788518526.475000,18.999848,all_requests,all,863
2026-09-04_10-41-47-475152_earlyRefresh,earlyRefresh,high-skew-zipf,1788518527.475000,19.999848,all_requests,all,941
2026-09-04_10-41-47-475152_earlyRefresh,earlyRefresh,high-skew-zipf,1788518528.475000,20.999848,all_requests,all,1020
2026-09-04_10-41-47-475152_earlyRefresh,earlyRefresh,high-skew-zipf,1788518529.475000,21.999848,all_requests,all,1098
2026-09-04_10-41-47-475152_earlyRefresh,earlyRefresh,high-skew-zipf,1788518530.475000,22.999848,all_requests,all,1172
2026-09-04_10-41-47-475152_earlyRefresh,earlyRefresh,high-skew-zipf,1788518531.475000,23.999848,all_requests,all,1252
2026-09-04_10-41-47-475152_earlyRefresh,earlyRefresh,high-skew-zipf,1788518532.475000,24.999848,all_requests,all,1330
2026-09-04_10-41-47-475152_earlyRefresh,earlyRefresh,high-skew-zipf,1788518533.475000,25.999848,all_requests,all,1410
2026-09-04_10-41-47-475152_earlyRefresh,earlyRefresh,high-skew-zipf,1788518534.475000,26.999848,all_requests,all,1488
2026-09-04_10-41-47-475152_earlyRefresh,earlyRefresh,high-skew-zipf,1788518535.475000,27.999848,all_requests,all,1563
2026-09-04_10-41-47-475152_earlyRefresh,earlyRefresh,high-skew-zipf,1788518536.475000,28.999848,all_requests,all,1636
2026-09-04_10-41-47-475152_earlyRefresh,earlyRefresh,high-skew-zipf,1788518537.475000,29.999848,all_requests,all,1723
2026-09-04_10-41-47-475152_earlyRefresh,earlyRefresh,high-skew-zipf,1788518538.475000,30.999848,all_requests,all,1800
2026-09-04_10-41-47-475152_earlyRefresh,earlyRefresh,high-skew-zipf,1788518539.475000,31.999848,all_requests,all,1878
2026-09-04_10-41-47-475152_earlyRefresh,earlyRefresh,high-skew-zipf,1788518540.475000,32.999848,all_requests,all,1956
2026-09-04_10-41-47-475152_earlyRefresh,earlyRefresh,high-skew-zipf,1788518541.475000,33.999848,all_requests,all,2030
2026-09-04_10-41-47-475152_earlyRefresh,earlyRefresh,high-skew-zipf,1788518542.475000,34.999848,all_requests,all,2109
2026-09-04_10-41-47-475152_earlyRefresh,earlyRefresh,high-skew-zipf,1788518543.475000,35.999848,all_requests,all,2189
2026-09-04_10-41-47-475152_earlyRefresh,earlyRefresh,high-skew-zipf,1788518544.475000,36.999848,all_requests,all,2267
2026-09-04_10-41-47-475152_earlyRefresh,earlyRefresh,high-skew-zipf,1788518545.475000,37.999848,all_requests,all,2345
2026-09-04_10-41-47-475152_earlyRefresh,earlyRefresh,high-skew-zipf,1788518546.475000,38.999848,all_requests,all,2421
2026-09-04_10-41-47-475152_earlyRefresh,earlyRefresh,high-skew-zipf,1788518547.475000,39.999848,all_requests,all,2499
2026-09-04_10-41-47-475152_earlyRefresh,earlyRefresh,high-skew-zipf,1788518548.475000,40.999848,all_requests,all,2581
2026-09-04_10-41-47-475152_earlyRefresh,earlyRefresh,high-skew-zipf,1788518549.475000,41.999848,all_requests,all,2657
2026-09-04_10-41-47-475152_earlyRefresh,earlyRefresh,high-skew-zipf,1788518550.475000,42.999848,all_requests,all,2736
2026-09-04_10-41-47-475152_earlyRefresh,earlyRefresh,high-skew-zipf,1788518551.475000,43.999848,all_requests,all,2811
2026-09-04_10-41-47-475152_earlyRefresh,earlyRefresh,high-skew-zipf,1788518552.475000,44.999848,all_requests,all,2888
2026-09-04_10-41-47-475152_earlyRefresh,earlyRefresh,high-skew-zipf,1788518553.475000,45.999848,all_requests,all,2968
2026-09-04_10-41-47-475152_earlyRefresh,earlyRefresh,high-skew-zipf,1788518554.475000,46.999848,all_requests,all,3048
2026-09-04_10-41-47-475152_earlyRefresh,earlyRefresh,high-skew-zipf,1788518555.475000,47.999848,all_requests,all,3124
2026-09-04_10-41-47-475152_earlyRefresh,earlyRefresh,high-skew-zipf,1788518556.475000,48.999848,all_requests,all,3201
2026-09-04_10-41-47-475152_earlyRefresh,earlyRefresh,high-skew-zipf,1788518557.475000,49.999848,all_requests,all,3280
2026-09-04_10-41-47-475152_earlyRefresh,earlyRefresh,high-skew-zipf,1788518558.475000,50.999848,all_requests,all,3355
2026-09-04_10-41-47-475152_earlyRefresh,earlyRefresh,high-skew-zipf,1788518559.475000,51.999848,all_requests,all,3437
2026-09-04_10-41-47-475152_earlyRefresh,earlyRefresh,high-skew-zipf,1788518560.475000,52.999848,all_requests,all,3515
2026-09-04_10-41-47-475152_earlyRefresh,earlyRefresh,high-skew-zipf,1788518561.475000,53.999848,all_requests,all,3591
2026-09-04_10-41-47-475152_earlyRefresh,earlyRefresh,high-skew-zipf,1788518562.475000,54.999848,all_requests,all,3671
2026-09-04_10-41-47-475152_earlyRefresh,earlyRefresh,high-skew-zipf,1788518563.475000,55.999848,all_requests,all,3749
2026-09-04_10-41-47-475152_earlyRefresh,earlyRefresh,high-skew-zipf,1788518564.475000,56.999848,all_requests,all,3823
2026-09-04_10-41-47-475152_earlyRefresh,earlyRefresh,high-skew-zipf,1788518565.475000,57.999848,all_requests,all,3905
2026-09-04_10-41-47-475152_earlyRefresh,earlyRefresh,high-skew-zipf,1788518566.475000,58.999848,all_requests,all,3983
2026-09-04_10-41-47-475152_earlyRefresh,earlyRefresh,high-skew-zipf,1788518567.475000,59.999848,all_requests,all,4062
2026-09-04_10-41-47-475152_earlyRefresh,earlyRefresh,high-skew-zipf,1788518568.475000,60.999848,all_requests,all,4139
2026-09-04_10-41-47-475152_earlyRefresh,earlyRefresh,high-skew-zipf,1788518569.475000,61.999848,all_requests,all,4216
2026-09-04_10-41-47-475152_earlyRefresh,earlyRefresh,high-skew-zipf,1788518570.475000,62.999848,all_requests,all,4293
2026-09-04_10-41-47-475152_earlyRefresh,earlyRefresh,high-skew-zipf,1788518571.475000,63.999848,all_requests,all,4371
2026-09-04_10-41-47-475152_earlyRefresh,earlyRefresh,high-skew-zipf,1788518572.475000,64.999848,all_requests,all,4450
2026-09-04_10-41-47-475152_earlyRefresh,earlyRefresh,high-skew-zipf,1788518573.475000,65.999848,all_requests,all,4525
2026-09-04_10-41-47-475152_earlyRefresh,earlyRefresh,high-skew-zipf,1788518574.475000,66.999848,all_requests,all,4604
2026-09-04_10-41-47-475152_earlyRefresh,earlyRefresh,high-skew-zipf,1788518575.475000,67.999848,all_requests,all,4682
2026-09-04_10-41-47-475152_earlyRefresh,earlyRefresh,high-skew-zipf,1788518576.475000,68.999848,all_requests,all,4761
2026-09-04_10-41-47-475152_earlyRefresh,earlyRefresh,high-skew-zipf,1788518577.475000,69.999848,all_requests,all,4840
2026-09-04_10-41-47-475152_earlyRefresh,earlyRefresh,high-skew-zipf,1788518578.475000,70.999848,all_requests,all,4916
2026-09-04_10-41-47-475152_earlyRefresh,earlyRefresh,high-skew-zipf,1788518579.475000,71.999848,all_requests,all,4990
2026-09-04_10-41-47-475152_earlyRefresh,earlyRefresh,high-skew-zipf,1788518580.475000,72.999848,all_requests,all,5074
2026-09-04_10-41-47-475152_earlyRefresh,earlyRefresh,high-skew-zipf,1788518581.475000,73.999848,all_requests,all,5152
2026-09-04_10-41-47-475152_earlyRefresh,earlyRefresh,high-skew-zipf,1788518582.475000,74.999848,all_requests,all,5230
2026-09-04_10-41-47-475152_earlyRefresh,earlyRefresh,high-skew-zipf,1788518583.475000,75.999848,all_requests,all,5308
2026-09-04_10-41-47-475152_earlyRefresh,earlyRefresh,high-skew-zipf,1788518584.475000,76.999848,all_requests,all,5385
2026-09-04_10-41-47-475152_earlyRefresh,earlyRefresh,high-skew-zipf,1788518585.475000,77.999848,all_requests,all,5463
2026-09-04_10-41-47-475152_earlyRefresh,earlyRefresh,high-skew-zipf,1788518586.475000,78.999848,all_requests,all,5541
2026-09-04_10-41-47-475152_earlyRefresh,earlyRefresh,high-skew-zipf,1788518587.475000,79.999848,all_requests,all,5621
2026-09-04_10-41-47-475152_earlyRefresh,earlyRefresh,high-skew-zipf,1788518588.475000,80.999848,all_requests,all,5698
2026-09-04_10-41-47-475152_earlyRefresh,earlyRefresh,high-skew-zipf,1788518589.475000,81.999848,all_requests,all,5775
2026-09-04_10-41-47-475152_earlyRefresh,earlyRefresh,high-skew-zipf,1788518590.475000,82.999848,all_requests,all,5851
2026-09-04_10-41-47-475152_earlyRefresh,earlyRefresh,high-skew-zipf,1788518591.475000,83.999848,all_requests,all,5930
2026-09-04_10-41-47-475152_earlyRefresh,earlyRefresh,high-skew-zipf,1788518592.475000,84.999848,all_requests,all,6010
2026-09-04_10-41-47-475152_earlyRefresh,earlyRefresh,high-skew-zipf,1788518593.475000,85.999848,all_requests,all,6088
2026-09-04_10-41-47-475152_earlyRefresh,earlyRefresh,high-skew-zipf,1788518594.475000,86.999848,all_requests,all,6164
2026-09-04_10-41-47-475152_earlyRefresh,earlyRefresh,high-skew-zipf,1788518595.475000,87.999848,all_requests,all,6244
2026-09-04_10-41-47-475152_earlyRefresh,earlyRefresh,high-skew-zipf,1788518596.475000,88.999848,all_requests,all,6322
2026-09-04_10-41-47-475152_earlyRefresh,earlyRefresh,high-skew-zipf,1788518597.475000,89.999848,all_requests,all,6400
2026-09-04_10-41-47-475152_earlyRefresh,earlyRefresh,high-skew-zipf,1788518598.475000,90.999848,all_requests,all,6480
2026-09-04_10-41-47-475152_earlyRefresh,earlyRefresh,high-skew-zipf,1788518599.475000,91.999848,all_requests,all,6556
2026-09-04_10-41-47-475152_earlyRefresh,earlyRefresh,high-skew-zipf,1788518600.475000,92.999848,all_requests,all,6632
2026-09-04_10-41-47-475152_earlyRefresh,earlyRefresh,high-skew-zipf,1788518601.475000,93.999848,all_requests,all,6712
2026-09-04_10-41-47-475152_earlyRefresh,earlyRefresh,high-skew-zipf,1788518602.475000,94.999848,all_requests,all,6791
2026-09-04_10-41-47-475152_earlyRefresh,earlyRefresh,high-skew-zipf,1788518603.475000,95.999848,all_requests,all,6866
2026-09-04_10-41-47-475152_earlyRefresh,earlyRefresh,high-skew-zipf,1788518604.475000,96.999848,all_requests,all,6946
2026-09-04_10-41-47-475152_earlyRefresh,earlyRefresh,high-skew-zipf,1788518605.475000,97.999848,all_requests,all,7022
2026-09-04_10-41-47-475152_earlyRefresh,earlyRefresh,high-skew-zipf,1788518606.475000,98.999848,all_requests,all,7102
2026-09-04_10-41-47-475152_earlyRefresh,earlyRefresh,high-skew-zipf,1788518607.475000,99.999848,all_requests,all,7181
2026-09-04_10-41-47-475152_earlyRefresh,earlyRefresh,high-skew-zipf,1788518608.475000,100.999848,all_requests,all,7258
2026-09-04_10-41-47-475152_earlyRefresh,earlyRefresh,high-skew-zipf,1788518609.475000,101.999848,all_requests,all,7337
2026-09-04_10-41-47-475152_earlyRefresh,earlyRefresh,high-skew-zipf,1788518610.475000,102.999848,all_requests,all,7415
2026-09-04_10-41-47-475152_earlyRefresh,earlyRefresh,high-skew-zipf,1788518611.475000,103.999848,all_requests,all,7492
2026-09-04_10-41-47-475152_earlyRefresh,earlyRefresh,high-skew-zipf,1788518612.475000,104.999848,all_requests,all,7569
2026-09-04_10-41-47-475152_earlyRefresh,earlyRefresh,high-skew-zipf,1788518613.475000,105.999848,all_requests,all,7648
2026-09-04_10-41-47-475152_earlyRefresh,earlyRefresh,high-skew-zipf,1788518614.475000,106.999848,all_requests,all,7721
2026-09-04_10-41-47-475152_earlyRefresh,earlyRefresh,high-skew-zipf,1788518615.475000,107.999848,all_requests,all,7799
2026-09-04_10-41-47-475152_earlyRefresh,earlyRefresh,high-skew-zipf,1788518616.475000,108.999848,all_requests,all,7877
2026-09-04_10-41-47-475152_earlyRefresh,earlyRefresh,high-skew-zipf,1788518617.475000,109.999848,all_requests,all,7957
2026-09-04_10-41-47-475152_earlyRefresh,earlyRefresh,high-skew-zipf,1788518618.475000,110.999848,all_requests,all,8037
2026-09-04_10-41-47-475152_earlyRefresh,earlyRefresh,high-skew-zipf,1788518619.475000,111.999848,all_requests,all,8116
2026-09-04_10-41-47-475152_earlyRefresh,earlyRefresh,high-skew-zipf,1788518620.475000,112.999848,all_requests,all,8195
2026-09-04_10-41-47-475152_earlyRefresh,earlyRefresh,high-skew-zipf,1788518621.475000,113.999848,all_requests,all,8268
2026-09-04_10-41-47-475152_earlyRefresh,earlyRefresh,high-skew-zipf,1788518622.475000,114.999848,all_requests,all,8349
2026-09-04_10-41-47-475152_earlyRefresh,earlyRefresh,high-skew-zipf,1788518623.475000,115.999848,all_requests,all,8430
2026-09-04_10-41-47-475152_earlyRefresh,earlyRefresh,high-skew-zipf,1788518624.475000,116.999848,all_requests,all,8507
2026-09-04_10-41-47-475152_earlyRefresh,earlyRefresh,high-skew-zipf,1788518625.475000,117.999848,all_requests,all,8584
2026-09-04_10-41-47-475152_earlyRefresh,earlyRefresh,high-skew-zipf,1788518626.475000,118.999848,all_requests,all,8663
2026-09-04_10-41-47-475152_earlyRefresh,earlyRefresh,high-skew-zipf,1788518627.475000,119.999848,all_requests,all,8737
2026-09-04_10-41-47-475152_earlyRefresh,earlyRefresh,high-skew-zipf,1788518628.475000,120.999848,all_requests,all,8817
2026-09-04_10-41-47-475152_earlyRefresh,earlyRefresh,high-skew-zipf,1788518629.475000,121.999848,all_requests,all,8897
2026-09-04_10-41-47-475152_earlyRefresh,earlyRefresh,high-skew-zipf,1788518630.475000,122.999848,all_requests,all,8974
2026-09-04_10-41-47-475152_earlyRefresh,earlyRefresh,high-skew-zipf,1788518631.475000,123.999848,all_requests,all,9051
2026-09-04_10-41-47-475152_earlyRefresh,earlyRefresh,high-skew-zipf,1788518632.475000,124.999848,all_requests,all,9130
2026-09-04_10-41-47-475152_earlyRefresh,earlyRefresh,high-skew-zipf,1788518633.475000,125.999848,all_requests,all,9210
2026-09-04_10-41-47-475152_earlyRefresh,earlyRefresh,high-skew-zipf,1788518634.475000,126.999848,all_requests,all,9281
2026-09-04_10-41-47-475152_earlyRefresh,earlyRefresh,high-skew-zipf,1788518635.475000,127.999848,all_requests,all,9363
2026-09-04_10-41-47-475152_earlyRefresh,earlyRefresh,high-skew-zipf,1788518636.475000,128.999848,all_requests,all,9440
2026-09-04_10-41-47-475152_earlyRefresh,earlyRefresh,high-skew-zipf,1788518637.475000,129.999848,all_requests,all,9520
2026-09-04_10-41-47-475152_earlyRefresh,earlyRefresh,high-skew-zipf,1788518638.475000,130.999848,all_requests,all,9597
2026-09-04_10-41-47-475152_earlyRefresh,earlyRefresh,high-skew-zipf,1788518639.475000,131.999848,all_requests,all,9675
2026-09-04_10-41-47-475152_earlyRefresh,earlyRefresh,high-skew-zipf,1788518640.475000,132.999848,all_requests,all,9755
2026-09-04_10-41-47-475152_earlyRefresh,earlyRefresh,high-skew-zipf,1788518641.475000,133.999848,all_requests,all,9832
2026-09-04_10-41-47-475152_earlyRefresh,earlyRefresh,high-skew-zipf,1788518642.475000,134.999848,all_requests,all,9910
2026-09-04_10-41-47-475152_earlyRefresh,earlyRefresh,high-skew-zipf,1788518643.475000,135.999848,all_requests,all,9989
2026-09-04_10-41-47-475152_earlyRefresh,earlyRefresh,high-skew-zipf,1788518644.475000,136.999848,all_requests,all,10066
2026-09-04_10-41-47-475152_earlyRefresh,earlyRefresh,high-skew-zipf,1788518645.475000,137.999848,all_requests,all,10142
2026-09-04_10-41-47-475152_earlyRefresh,earlyRefresh,high-skew-zipf,1788518646.475000,138.999848,all_requests,all,10223
2026-09-04_10-41-47-475152_earlyRefresh,earlyRefresh,high-skew-zipf,1788518647.475000,139.999848,all_requests,all,10300
2026-09-04_10-41-47-475152_earlyRefresh,earlyRefresh,high-skew-zipf,1788518648.475000,140.999848,all_requests,all,10378
2026-09-04_10-41-47-475152_earlyRefresh,earlyRefresh,high-skew-zipf,1788518649.475000,141.999848,all_requests,all,10457
2026-09-04_10-41-47-475152_earlyRefresh,earlyRefresh,high-skew-zipf,1788518650.475000,142.999848,all_requests,all,10536
2026-09-04_10-41-47-475152_earlyRefresh,earlyRefresh,high-skew-zipf,1788518651.475000,143.999848,all_requests,all,10613
2026-09-04_10-41-47-475152_earlyRefresh,earlyRefresh,high-skew-zipf,1788518652.475000,144.999848,all_requests,all,10690
2026-09-04_10-41-47-475152_earlyRefresh,earlyRefresh,high-skew-zipf,1788518653.475000,145.999848,all_requests,all,10770
2026-09-04_10-41-47-475152_earlyRefresh,earlyRefresh,high-skew-zipf,1788518654.475000,146.999848,all_requests,all,10845
2026-09-04_10-41-47-475152_earlyRefresh,earlyRefresh,high-skew-zipf,1788518655.475000,147.999848,all_requests,all,10926
2026-09-04_10-41-47-475152_earlyRefresh,earlyRefresh,high-skew-zipf,1788518656.475000,148.999848,all_requests,all,11004
2026-09-04_10-41-47-475152_earlyRefresh,earlyRefresh,high-skew-zipf,1788518657.475000,149.999848,all_requests,all,11081
2026-09-04_10-41-47-475152_earlyRefresh,earlyRefresh,high-skew-zipf,1788518658.475000,150.999848,all_requests,all,11159
2026-09-04_10-41-47-475152_earlyRefresh,earlyRefresh,high-skew-zipf,1788518659.475000,151.999848,all_requests,all,11235
2026-09-04_10-41-47-475152_earlyRefresh,earlyRefresh,high-skew-zipf,1788518660.475000,152.999848,all_requests,all,11309
2026-09-04_10-41-47-475152_earlyRefresh,earlyRefresh,high-skew-zipf,1788518661.475000,153.999848,all_requests,all,11392
2026-09-04_10-41-47-475152_earlyRefresh,earlyRefresh,high-skew-zipf,1788518662.475000,154.999848,all_requests,all,11469
2026-09-04_10-41-47-475152_earlyRefresh,earlyRefresh,high-skew-zipf,1788518663.475000,155.999848,all_requests,all,11547
2026-09-04_10-41-47-475152_earlyRefresh,earlyRefresh,high-skew-zipf,1788518664.475000,156.999848,all_requests,all,11627
2026-09-04_10-41-47-475152_earlyRefresh,earlyRefresh,high-skew-zipf,1788518665.475000,157.999848,all_requests,all,11704
2026-09-04_10-41-47-475152_earlyRefresh,earlyRefresh,high-skew-zipf,1788518666.475000,158.999848,all_requests,all,11783
2026-09-04_10-41-47-475152_earlyRefresh,earlyRefresh,high-skew-zipf,1788518667.475000,159.999848,all_requests,all,11862
2026-09-04_10-41-47-475152_earlyRefresh,earlyRefresh,high-skew-zipf,1788518668.475000,160.999848,all_requests,all,11939
2026-09-04_10-41-47-475152_earlyRefresh,earlyRefresh,high-skew-zipf,1788518669.475000,161.999848,all_requests,all,12014
2026-09-04_10-41-47-475152_earlyRefresh,earlyRefresh,high-skew-zipf,1788518670.475000,162.999848,all_requests,all,12093
2026-09-04_10-41-47-475152_earlyRefresh,earlyRefresh,high-skew-zipf,1788518671.475000,163.999848,all_requests,all,12172
2026-09-04_10-41-47-475152_earlyRefresh,earlyRefresh,high-skew-zipf,1788518672.475000,164.999848,all_requests,all,12250
2026-09-04_10-41-47-475152_earlyRefresh,earlyRefresh,high-skew-zipf,1788518673.475000,165.999848,all_requests,all,12328
2026-09-04_10-41-47-475152_earlyRefresh,earlyRefresh,high-skew-zipf,1788518674.475000,166.999848,all_requests,all,12407
2026-09-04_10-41-47-475152_earlyRefresh,earlyRefresh,high-skew-zipf,1788518675.475000,167.999848,all_requests,all,12481
2026-09-04_10-41-47-475152_earlyRefresh,earlyRefresh,high-skew-zipf,1788518676.475000,168.999848,all_requests,all,12563
2026-09-04_10-41-47-475152_earlyRefresh,earlyRefresh,high-skew-zipf,1788518677.475000,169.999848,all_requests,all,12636
2026-09-04_10-41-47-475152_earlyRefresh,earlyRefresh,high-skew-zipf,1788518678.475000,170.999848,all_requests,all,12716
2026-09-04_10-41-47-475152_earlyRefresh,earlyRefresh,high-skew-zipf,1788518679.475000,171.999848,all_requests,all,12796
2026-09-04_10-41-47-475152_earlyRefresh,earlyRefresh,high-skew-zipf,1788518680.475000,172.999848,all_requests,all,12870
2026-09-04_10-41-47-475152_earlyRefresh,earlyRefresh,high-skew-zipf,1788518681.475000,173.999848,all_requests,all,12950
2026-09-04_10-41-47-475152_earlyRefresh,earlyRefresh,high-skew-zipf,1788518682.475000,174.999848,all_requests,all,13032
2026-09-04_10-41-47-475152_earlyRefresh,earlyRefresh,high-skew-zipf,1788518683.475000,175.999848,all_requests,all,13105
2026-09-04_10-41-47-475152_earlyRefresh,earlyRefresh,high-skew-zipf,1788518684.475000,176.999848,all_requests,all,13187
2026-09-04_10-41-47-475152_earlyRefresh,earlyRefresh,high-skew-zipf,1788518685.475000,177.999848,all_requests,all,13263
2026-09-04_10-41-47-475152_earlyRefresh,earlyRefresh,high-skew-zipf,1788518686.475000,178.999848,all_requests,all,13340
2026-09-04_10-41-47-475152_earlyRefresh,earlyRefresh,high-skew-zipf,1788518687.475000,179.999848,all_requests,all,13419
2026-09-04_10-41-47-475152_earlyRefresh,earlyRefresh,high-skew-zipf,1788518688.475000,180.999848,all_requests,all,13497
2026-09-04_10-41-47-475152_earlyRefresh,earlyRefresh,high-skew-zipf,1788518689.475000,181.999848,all_requests,all,13574
2026-09-04_10-41-47-475152_earlyRefresh,earlyRefresh,high-skew-zipf,1788518690.475000,182.999848,all_requests,all,13654
2026-09-04_10-41-47-475152_earlyRefresh,earlyRefresh,high-skew-zipf,1788518691.475000,183.999848,all_requests,all,13732
2026-09-04_10-41-47-475152_earlyRefresh,earlyRefresh,high-skew-zipf,1788518692.475000,184.999848,all_requests,all,13810
2026-09-04_10-41-47-475152_earlyRefresh,earlyRefresh,high-skew-zipf,1788518693.475000,185.999848,all_requests,all,13887
2026-09-04_10-41-47-475152_earlyRefresh,earlyRefresh,high-skew-zipf,1788518694.475000,186.999848,all_requests,all,13966
2026-09-04_10-41-47-475152_earlyRefresh,earlyRefresh,high-skew-zipf,1788518695.475000,187.999848,all_requests,all,14044
2026-09-04_10-41-47-475152_earlyRefresh,earlyRefresh,high-skew-zipf,1788518696.475000,188.999848,all_requests,all,14123
2026-09-04_10-41-47-475152_earlyRefresh,earlyRefresh,high-skew-zipf,1788518697.475000,189.999848,all_requests,all,14200
2026-09-04_10-41-47-475152_earlyRefresh,earlyRefresh,high-skew-zipf,1788518698.475000,190.999848,all_requests,all,14279
2026-09-04_10-41-47-475152_earlyRefresh,earlyRefresh,high-skew-zipf,1788518699.475000,191.999848,all_requests,all,14353
2026-09-04_10-41-47-475152_earlyRefresh,earlyRefresh,high-skew-zipf,1788518700.475000,192.999848,all_requests,all,14433
2026-09-04_10-41-47-475152_earlyRefresh,earlyRefresh,high-skew-zipf,1788518701.475000,193.999848,all_requests,all,14512
2026-09-04_10-41-47-475152_earlyRefresh,earlyRefresh,high-skew-zipf,1788518702.475000,194.999848,all_requests,all,14590
2026-09-04_10-41-47-475152_earlyRefresh,earlyRefresh,high-skew-zipf,1788518703.475000,195.999848,all_requests,all,14667
2026-09-04_10-41-47-475152_earlyRefresh,earlyRefresh,high-skew-zipf,1788518704.475000,196.999848,all_requests,all,14748
2026-09-04_10-41-47-475152_earlyRefresh,earlyRefresh,high-skew-zipf,1788518705.475000,197.999848,all_requests,all,14826
2026-09-04_10-41-47-475152_earlyRefresh,earlyRefresh,high-skew-zipf,1788518706.475000,198.999848,all_requests,all,14902
2026-09-04_10-41-47-475152_earlyRefresh,earlyRefresh,high-skew-zipf,1788518707.475000,199.999848,all_requests,all,14981
2026-09-04_10-41-47-475152_earlyRefresh,earlyRefresh,high-skew-zipf,1788518708.475000,200.999848,all_requests,all,15057
2026-09-04_10-41-47-475152_earlyRefresh,earlyRefresh,high-skew-zipf,1788518709.475000,201.999848,all_requests,all,15138
2026-09-04_10-41-47-475152_earlyRefresh,earlyRefresh,high-skew-zipf,1788518710.475000,202.999848,all_requests,all,15214
2026-09-04_10-41-47-475152_earlyRefresh,earlyRefresh,high-skew-zipf,1788518711.475000,203.999848,all_requests,all,15294
2026-09-04_10-41-47-475152_earlyRefresh,earlyRefresh,high-skew-zipf,1788518712.475000,204.999848,all_requests,all,15371
2026-09-04_10-41-47-475152_earlyRefresh,earlyRefresh,high-skew-zipf,1788518713.475000,205.999848,all_requests,all,15449
2026-09-04_10-41-47-475152_earlyRefresh,earlyRefresh,high-skew-zipf,1788518714.475000,206.999848,all_requests,all,15526
2026-09-04_10-41-47-475152_earlyRefresh,earlyRefresh,high-skew-zipf,1788518715.475000,207.999848,all_requests,all,15603
2026-09-04_10-41-47-475152_earlyRefresh,earlyRefresh,high-skew-zipf,1788518716.475000,208.999848,all_requests,all,15680
2026-09-04_10-41-47-475152_earlyRefresh,earlyRefresh,high-skew-zipf,1788518717.475000,209.999848,all_requests,all,15760
2026-09-04_10-41-47-475152_earlyRefresh,earlyRefresh,high-skew-zipf,1788518718.475000,210.999848,all_requests,all,15838
2026-09-04_10-41-47-475152_earlyRefresh,earlyRefresh,high-skew-zipf,1788518719.475000,211.999848,all_requests,all,15917
2026-09-04_10-41-47-475152_earlyRefresh,earlyRefresh,high-skew-zipf,1788518720.475000,212.999848,all_requests,all,15994
2026-09-04_10-41-47-475152_earlyRefresh,earlyRefresh,high-skew-zipf,1788518721.475000,213.999848,all_requests,all,16070
2026-09-04_10-41-47-475152_earlyRefresh,earlyRefresh,high-skew-zipf,1788518722.475000,214.999848,all_requests,all,16149
2026-09-04_10-41-47-475152_earlyRefresh,earlyRefresh,high-skew-zipf,1788518723.475000,215.999848,all_requests,all,16229
2026-09-04_10-41-47-475152_earlyRefresh,earlyRefresh,high-skew-zipf,1788518724.475000,216.999848,all_requests,all,16306
2026-09-04_10-41-47-475152_earlyRefresh,earlyRefresh,high-skew-zipf,1788518725.475000,217.999848,all_requests,all,16384
2026-09-04_10-41-47-475152_earlyRefresh,earlyRefresh,high-skew-zipf,1788518726.475000,218.999848,all_requests,all,16458
2026-09-04_10-41-47-475152_earlyRefresh,earlyRefresh,high-skew-zipf,1788518727.475000,219.999848,all_requests,all,16537
2026-09-04_10-41-47-475152_earlyRefresh,earlyRefresh,high-skew-zipf,1788518728.475000,220.999848,all_requests,all,16618
2026-09-04_10-41-47-475152_earlyRefresh,earlyRefresh,high-skew-zipf,1788518729.475000,221.999848,all_requests,all,16697
2026-09-04_10-41-47-475152_earlyRefresh,earlyRefresh,high-skew-zipf,1788518730.475000,222.999848,all_requests,all,16774
2026-09-04_10-41-47-475152_earlyRefresh,earlyRefresh,high-skew-zipf,1788518731.475000,223.999848,all_requests,all,16853
2026-09-04_10-41-47-475152_earlyRefresh,earlyRefresh,high-skew-zipf,1788518732.475000,224.999848,all_requests,all,16929
2026-09-04_10-41-47-475152_earlyRefresh,earlyRefresh,high-skew-zipf,1788518733.475000,225.999848,all_requests,all,17006
2026-09-04_10-41-47-475152_earlyRefresh,earlyRefresh,high-skew-zipf,1788518734.475000,226.999848,all_requests,all,17084
2026-09-04_10-41-47-475152_earlyRefresh,earlyRefresh,high-skew-zipf,1788518735.475000,227.999848,all_requests,all,17165
2026-09-04_10-41-47-475152_earlyRefresh,earlyRefresh,high-skew-zipf,1788518736.475000,228.999848,all_requests,all,17241
2026-09-04_10-41-47-475152_earlyRefresh,earlyRefresh,high-skew-zipf,1788518737.475000,229.999848,all_requests,all,17317
2026-09-04_10-41-47-475152_earlyRefresh,earlyRefresh,high-skew-zipf,1788518738.475000,230.999848,all_requests,all,17397
2026-09-04_10-41-47-475152_earlyRefresh,earlyRefresh,high-skew-zipf,1788518739.475000,231.999848,all_requests,all,17478
2026-09-04_10-41-47-475152_earlyRefresh,earlyRefresh,high-skew-zipf,1788518740.475000,232.999848,all_requests,all,17552
2026-09-04_10-41-47-475152_earlyRefresh,earlyRefresh,high-skew-zipf,1788518741.475000,233.999848,all_requests,all,17632
2026-09-04_10-41-47-475152_earlyRefresh,earlyRefresh,high-skew-zipf,1788518742.475000,234.999848,all_requests,all,17711
2026-09-04_10-41-47-475152_earlyRefresh,earlyRefresh,high-skew-zipf,1788518743.475000,235.999848,all_requests,all,17787
2026-09-04_10-41-47-475152_earlyRefresh,earlyRefresh,high-skew-zipf,1788518744.475000,236.999848,all_requests,all,17865
2026-09-04_10-41-47-475152_earlyRefresh,earlyRefresh,high-skew-zipf,1788518745.475000,237.999848,all_requests,all,17946
2026-09-04_10-41-47-475152_earlyRefresh,earlyRefresh,high-skew-zipf,1788518746.475000,238.999848,all_requests,all,18020
2026-09-04_10-41-47-475152_earlyRefresh,earlyRefresh,high-skew-zipf,1788518747.475000,239.999848,all_requests,all,18102
2026-09-04_10-41-47-475152_earlyRefresh,earlyRefresh,high-skew-zipf,1788518507.475000,-0.000152,l1_hits,all,0
2026-09-04_10-41-47-475152_earlyRefresh,earlyRefresh,high-skew-zipf,1788518508.475000,0.999848,l1_hits,all,0
2026-09-04_10-41-47-475152_earlyRefresh,earlyRefresh,high-skew-zipf,1788518509.475000,1.999848,l1_hits,all,0
2026-09-04_10-41-47-475152_earlyRefresh,earlyRefresh,high-skew-zipf,1788518510.475000,2.999848,l1_hits,all,4
2026-09-04_10-41-47-475152_earlyRefresh,earlyRefresh,high-skew-zipf,1788518511.475000,3.999848,l1_hits,all,15
2026-09-04_10-41-47-475152_earlyRefresh,earlyRefresh,high-skew-zipf,1788518512.475000,4.999848,l1_hits,all,28
2026-09-04_10-41-47-475152_earlyRefresh,earlyRefresh,high-skew-zipf,1788518513.475000,5.999848,l1_hits,all,47
2026-09-04_10-41-47-475152_earlyRefresh,earlyRefresh,high-skew-zipf,1788518514.475000,6.999848,l1_hits,all,69
2026-09-04_10-41-47-475152_earlyRefresh,earlyRefresh,high-skew-zipf,1788518515.475000,7.999848,l1_hits,all,91
2026-09-04_10-41-47-475152_earlyRefresh,earlyRefresh,high-skew-zipf,1788518516.475000,8.999848,l1_hits,all,124
2026-09-04_10-41-47-475152_earlyRefresh,earlyRefresh,high-skew-zipf,1788518517.475000,9.999848,l1_hits,all,161
2026-09-04_10-41-47-475152_earlyRefresh,earlyRefresh,high-skew-zipf,1788518518.475000,10.999848,l1_hits,all,195
2026-09-04_10-41-47-475152_earlyRefresh,earlyRefresh,high-skew-zipf,1788518519.475000,11.999848,l1_hits,all,238
2026-09-04_10-41-47-475152_earlyRefresh,earlyRefresh,high-skew-zipf,1788518520.475000,12.999848,l1_hits,all,282
2026-09-04_10-41-47-475152_earlyRefresh,earlyRefresh,high-skew-zipf,1788518521.475000,13.999848,l1_hits,all,329
2026-09-04_10-41-47-475152_earlyRefresh,earlyRefresh,high-skew-zipf,1788518522.475000,14.999848,l1_hits,all,387
2026-09-04_10-41-47-475152_earlyRefresh,earlyRefresh,high-skew-zipf,1788518523.475000,15.999848,l1_hits,all,447
2026-09-04_10-41-47-475152_earlyRefresh,earlyRefresh,high-skew-zipf,1788518524.475000,16.999848,l1_hits,all,506
2026-09-04_10-41-47-475152_earlyRefresh,earlyRefresh,high-skew-zipf,1788518525.475000,17.999848,l1_hits,all,552
2026-09-04_10-41-47-475152_earlyRefresh,earlyRefresh,high-skew-zipf,1788518526.475000,18.999848,l1_hits,all,611
2026-09-04_10-41-47-475152_earlyRefresh,earlyRefresh,high-skew-zipf,1788518527.475000,19.999848,l1_hits,all,674
2026-09-04_10-41-47-475152_earlyRefresh,earlyRefresh,high-skew-zipf,1788518528.475000,20.999848,l1_hits,all,732
2026-09-04_10-41-47-475152_earlyRefresh,earlyRefresh,high-skew-zipf,1788518529.475000,21.999848,l1_hits,all,793
2026-09-04_10-41-47-475152_earlyRefresh,earlyRefresh,high-skew-zipf,1788518530.475000,22.999848,l1_hits,all,845
2026-09-04_10-41-47-475152_earlyRefresh,earlyRefresh,high-skew-zipf,1788518531.475000,23.999848,l1_hits,all,899
2026-09-04_10-41-47-475152_earlyRefresh,earlyRefresh,high-skew-zipf,1788518532.475000,24.999848,l1_hits,all,958
2026-09-04_10-41-47-475152_earlyRefresh,earlyRefresh,high-skew-zipf,1788518533.475000,25.999848,l1_hits,all,1015
2026-09-04_10-41-47-475152_earlyRefresh,earlyRefresh,high-skew-zipf,1788518534.475000,26.999848,l1_hits,all,1074
2026-09-04_10-41-47-475152_earlyRefresh,earlyRefresh,high-skew-zipf,1788518535.475000,27.999848,l1_hits,all,1129
2026-09-04_10-41-47-475152_earlyRefresh,earlyRefresh,high-skew-zipf,1788518536.475000,28.999848,l1_hits,all,1181
2026-09-04_10-41-47-475152_earlyRefresh,earlyRefresh,high-skew-zipf,1788518537.475000,29.999848,l1_hits,all,1242
2026-09-04_10-41-47-475152_earlyRefresh,earlyRefresh,high-skew-zipf,1788518538.475000,30.999848,l1_hits,all,1299
2026-09-04_10-41-47-475152_earlyRefresh,earlyRefresh,high-skew-zipf,1788518539.475000,31.999848,l1_hits,all,1361
2026-09-04_10-41-47-475152_earlyRefresh,earlyRefresh,high-skew-zipf,1788518540.475000,32.999848,l1_hits,all,1419
2026-09-04_10-41-47-475152_earlyRefresh,earlyRefresh,high-skew-zipf,1788518541.475000,33.999848,l1_hits,all,1463
2026-09-04_10-41-47-475152_earlyRefresh,earlyRefresh,high-skew-zipf,1788518542.475000,34.999848,l1_hits,all,1517
2026-09-04_10-41-47-475152_earlyRefresh,earlyRefresh,high-skew-zipf,1788518543.475000,35.999848,l1_hits,all,1572
2026-09-04_10-41-47-475152_earlyRefresh,earlyRefresh,high-skew-zipf,1788518544.475000,36.999848,l1_hits,all,1634
2026-09-04_10-41-47-475152_earlyRefresh,earlyRefresh,high-skew-zipf,1788518545.475000,37.999848,l1_hits,all,1694
2026-09-04_10-41-47-475152_earlyRefresh,earlyRefresh,high-skew-zipf,1788518546.475000,38.999848,l1_hits,all,1751
2026-09-04_10-41-47-475152_earlyRefresh,earlyRefresh,high-skew-zipf,1788518547.475000,39.999848,l1_hits,all,1803
2026-09-04_10-41-47-475152_earlyRefresh,earlyRefresh,high-skew-zipf,1788518548.475000,40.999848,l1_hits,all,1859
2026-09-04_10-41-47-475152_earlyRefresh,earlyRefresh,high-skew-zipf,1788518549.475000,41.999848,l1_hits,all,1922
2026-09-04_10-41-47-475152_earlyRefresh,earlyRefresh,high-skew-zipf,1788518550.475000,42.999848,l1_hits,all,1986
2026-09-04_10-41-47-475152_earlyRefresh,earlyRefresh,high-skew-zipf,1788518551.475000,43.999848,l1_hits,all,2035
2026-09-04_10-41-47-475152_earlyRefresh,earlyRefresh,high-skew-zipf,1788518552.475000,44.999848,l1_hits,all,2085
2026-09-04_10-41-47-475152_earlyRefresh,earlyRefresh,high-skew-zipf,1788518553.475000,45.999848,l1_hits,all,2138
2026-09-04_10-41-47-475152_earlyRefresh,earlyRefresh,high-skew-zipf,1788518554.475000,46.999848,l1_hits,all,2200
2026-09-04_10-41-47-475152_earlyRefresh,earlyRefresh,high-skew-zipf,1788518555.475000,47.999848,l1_hits,all,2257
2026-09-04_10-41-47-475152_earlyRefresh,earlyRefresh,high-skew-zipf,1788518556.475000,48.999848,l1_hits,all,2318
2026-09-04_10-41-47-475152_earlyRefresh,earlyRefresh,high-skew-zipf,1788518557.475000,49.999848,l1_hits,all,2371
2026-09-04_10-41-47-475152_earlyRefresh,earlyRefresh,high-skew-zipf,1788518558.475000,50.999848,l1_hits,all,2425
2026-09-04_10-41-47-475152_earlyRefresh,earlyRefresh,high-skew-zipf,1788518559.475000,51.999848,l1_hits,all,2485
2026-09-04_10-41-47-475152_earlyRefresh,earlyRefresh,high-skew-zipf,1788518560.475000,52.999848,l1_hits,all,2544
2026-09-04_10-41-47-475152_earlyRefresh,earlyRefresh,high-skew-zipf,1788518561.475000,53.999848,l1_hits,all,2601
2026-09-04_10-41-47-475152_earlyRefresh,earlyRefresh,high-skew-zipf,1788518562.475000,54.999848,l1_hits,all,2669
2026-09-04_10-41-47-475152_earlyRefresh,earlyRefresh,high-skew-zipf,1788518563.475000,55.999848,l1_hits,all,2728
2026-09-04_10-41-47-475152_earlyRefresh,earlyRefresh,high-skew-zipf,1788518564.475000,56.999848,l1_hits,all,2777
2026-09-04_10-41-47-475152_earlyRefresh,earlyRefresh,high-skew-zipf,1788518565.475000,57.999848,l1_hits,all,2840
2026-09-04_10-41-47-475152_earlyRefresh,earlyRefresh,high-skew-zipf,1788518566.475000,58.999848,l1_hits,all,2896
2026-09-04_10-41-47-475152_earlyRefresh,earlyRefresh,high-skew-zipf,1788518567.475000,59.999848,l1_hits,all,2959
2026-09-04_10-41-47-475152_earlyRefresh,earlyRefresh,high-skew-zipf,1788518568.475000,60.999848,l1_hits,all,3022
2026-09-04_10-41-47-475152_earlyRefresh,earlyRefresh,high-skew-zipf,1788518569.475000,61.999848,l1_hits,all,3085
2026-09-04_10-41-47-475152_earlyRefresh,earlyRefresh,high-skew-zipf,1788518570.475000,62.999848,l1_hits,all,3151
2026-09-04_10-41-47-475152_earlyRefresh,earlyRefresh,high-skew-zipf,1788518571.475000,63.999848,l1_hits,all,3211
2026-09-04_10-41-47-475152_earlyRefresh,earlyRefresh,high-skew-zipf,1788518572.475000,64.999848,l1_hits,all,3271
2026-09-04_10-41-47-475152_earlyRefresh,earlyRefresh,high-skew-zipf,1788518573.475000,65.999848,l1_hits,all,3321
2026-09-04_10-41-47-475152_earlyRefresh,earlyRefresh,high-skew-zipf,1788518574.475000,66.999848,l1_hits,all,3371
2026-09-04_10-41-47-475152_earlyRefresh,earlyRefresh,high-skew-zipf,1788518575.475000,67.999848,l1_hits,all,3433
2026-09-04_10-41-47-475152_earlyRefresh,earlyRefresh,high-skew-zipf,1788518576.475000,68.999848,l1_hits,all,3487
2026-09-04_10-41-47-475152_earlyRefresh,earlyRefresh,high-skew-zipf,1788518577.475000,69.999848,l1_hits,all,3550
2026-09-04_10-41-47-475152_earlyRefresh,earlyRefresh,high-skew-zipf,1788518578.475000,70.999848,l1_hits,all,3609
2026-09-04_10-41-47-475152_earlyRefresh,earlyRefresh,high-skew-zipf,1788518579.475000,71.999848,l1_hits,all,3664
2026-09-04_10-41-47-475152_earlyRefresh,earlyRefresh,high-skew-zipf,1788518580.475000,72.999848,l1_hits,all,3715
2026-09-04_10-41-47-475152_earlyRefresh,earlyRefresh,high-skew-zipf,1788518581.475000,73.999848,l1_hits,all,3775
2026-09-04_10-41-47-475152_earlyRefresh,earlyRefresh,high-skew-zipf,1788518582.475000,74.999848,l1_hits,all,3836
2026-09-04_10-41-47-475152_earlyRefresh,earlyRefresh,high-skew-zipf,1788518583.475000,75.999848,l1_hits,all,3890
2026-09-04_10-41-47-475152_earlyRefresh,earlyRefresh,high-skew-zipf,1788518584.475000,76.999848,l1_hits,all,3944
2026-09-04_10-41-47-475152_earlyRefresh,earlyRefresh,high-skew-zipf,1788518585.475000,77.999848,l1_hits,all,3999
2026-09-04_10-41-47-475152_earlyRefresh,earlyRefresh,high-skew-zipf,1788518586.475000,78.999848,l1_hits,all,4052
2026-09-04_10-41-47-475152_earlyRefresh,earlyRefresh,high-skew-zipf,1788518587.475000,79.999848,l1_hits,all,4112
2026-09-04_10-41-47-475152_earlyRefresh,earlyRefresh,high-skew-zipf,1788518588.475000,80.999848,l1_hits,all,4172
2026-09-04_10-41-47-475152_earlyRefresh,earlyRefresh,high-skew-zipf,1788518589.475000,81.999848,l1_hits,all,4231
2026-09-04_10-41-47-475152_earlyRefresh,earlyRefresh,high-skew-zipf,1788518590.475000,82.999848,l1_hits,all,4287
2026-09-04_10-41-47-475152_earlyRefresh,earlyRefresh,high-skew-zipf,1788518591.475000,83.999848,l1_hits,all,4338
2026-09-04_10-41-47-475152_earlyRefresh,earlyRefresh,high-skew-zipf,1788518592.475000,84.999848,l1_hits,all,4396
2026-09-04_10-41-47-475152_earlyRefresh,earlyRefresh,high-skew-zipf,1788518593.475000,85.999848,l1_hits,all,4456
2026-09-04_10-41-47-475152_earlyRefresh,earlyRefresh,high-skew-zipf,1788518594.475000,86.999848,l1_hits,all,4514
2026-09-04_10-41-47-475152_earlyRefresh,earlyRefresh,high-skew-zipf,1788518595.475000,87.999848,l1_hits,all,4568
2026-09-04_10-41-47-475152_earlyRefresh,earlyRefresh,high-skew-zipf,1788518596.475000,88.999848,l1_hits,all,4627
2026-09-04_10-41-47-475152_earlyRefresh,earlyRefresh,high-skew-zipf,1788518597.475000,89.999848,l1_hits,all,4682
2026-09-04_10-41-47-475152_earlyRefresh,earlyRefresh,high-skew-zipf,1788518598.475000,90.999848,l1_hits,all,4739
2026-09-04_10-41-47-475152_earlyRefresh,earlyRefresh,high-skew-zipf,1788518599.475000,91.999848,l1_hits,all,4801
2026-09-04_10-41-47-475152_earlyRefresh,earlyRefresh,high-skew-zipf,1788518600.475000,92.999848,l1_hits,all,4852
2026-09-04_10-41-47-475152_earlyRefresh,earlyRefresh,high-skew-zipf,1788518601.475000,93.999848,l1_hits,all,4908
2026-09-04_10-41-47-475152_earlyRefresh,earlyRefresh,high-skew-zipf,1788518602.475000,94.999848,l1_hits,all,4967
2026-09-04_10-41-47-475152_earlyRefresh,earlyRefresh,high-skew-zipf,1788518603.475000,95.999848,l1_hits,all,5024
2026-09-04_10-41-47-475152_earlyRefresh,earlyRefresh,high-skew-zipf,1788518604.475000,96.999848,l1_hits,all,5081
2026-09-04_10-41-47-475152_earlyRefresh,earlyRefresh,high-skew-zipf,1788518605.475000,97.999848,l1_hits,all,5135
2026-09-04_10-41-47-475152_earlyRefresh,earlyRefresh,high-skew-zipf,1788518606.475000,98.999848,l1_hits,all,5190
2026-09-04_10-41-47-475152_earlyRefresh,earlyRefresh,high-skew-zipf,1788518607.475000,99.999848,l1_hits,all,5244
2026-09-04_10-41-47-475152_earlyRefresh,earlyRefresh,high-skew-zipf,1788518608.475000,100.999848,l1_hits,all,5300
2026-09-04_10-41-47-475152_earlyRefresh,earlyRefresh,high-skew-zipf,1788518609.475000,101.999848,l1_hits,all,5354
2026-09-04_10-41-47-475152_earlyRefresh,earlyRefresh,high-skew-zipf,1788518610.475000,102.999848,l1_hits,all,5414
2026-09-04_10-41-47-475152_earlyRefresh,earlyRefresh,high-skew-zipf,1788518611.475000,103.999848,l1_hits,all,5470
2026-09-04_10-41-47-475152_earlyRefresh,earlyRefresh,high-skew-zipf,1788518612.475000,104.999848,l1_hits,all,5520
2026-09-04_10-41-47-475152_earlyRefresh,earlyRefresh,high-skew-zipf,1788518613.475000,105.999848,l1_hits,all,5580
2026-09-04_10-41-47-475152_earlyRefresh,earlyRefresh,high-skew-zipf,1788518614.475000,106.999848,l1_hits,all,5634
2026-09-04_10-41-47-475152_earlyRefresh,earlyRefresh,high-skew-zipf,1788518615.475000,107.999848,l1_hits,all,5691
2026-09-04_10-41-47-475152_earlyRefresh,earlyRefresh,high-skew-zipf,1788518616.475000,108.999848,l1_hits,all,5746
2026-09-04_10-41-47-475152_earlyRefresh,earlyRefresh,high-skew-zipf,1788518617.475000,109.999848,l1_hits,all,5800
2026-09-04_10-41-47-475152_earlyRefresh,earlyRefresh,high-skew-zipf,1788518618.475000,110.999848,l1_hits,all,5854
2026-09-04_10-41-47-475152_earlyRefresh,earlyRefresh,high-skew-zipf,1788518619.475000,111.999848,l1_hits,all,5914
2026-09-04_10-41-47-475152_earlyRefresh,earlyRefresh,high-skew-zipf,1788518620.475000,112.999848,l1_hits,all,5976
2026-09-04_10-41-47-475152_earlyRefresh,earlyRefresh,high-skew-zipf,1788518621.475000,113.999848,l1_hits,all,6026
2026-09-04_10-41-47-475152_earlyRefresh,earlyRefresh,high-skew-zipf,1788518622.475000,114.999848,l1_hits,all,6073
2026-09-04_10-41-47-475152_earlyRefresh,earlyRefresh,high-skew-zipf,1788518623.475000,115.999848,l1_hits,all,6133
2026-09-04_10-41-47-475152_earlyRefresh,earlyRefresh,high-skew-zipf,1788518624.475000,116.999848,l1_hits,all,6191
2026-09-04_10-41-47-475152_earlyRefresh,earlyRefresh,high-skew-zipf,1788518625.475000,117.999848,l1_hits,all,6252
2026-09-04_10-41-47-475152_earlyRefresh,earlyRefresh,high-skew-zipf,1788518626.475000,118.999848,l1_hits,all,6312
2026-09-04_10-41-47-475152_earlyRefresh,earlyRefresh,high-skew-zipf,1788518627.475000,119.999848,l1_hits,all,6362
2026-09-04_10-41-47-475152_earlyRefresh,earlyRefresh,high-skew-zipf,1788518628.475000,120.999848,l1_hits,all,6417
2026-09-04_10-41-47-475152_earlyRefresh,earlyRefresh,high-skew-zipf,1788518629.475000,121.999848,l1_hits,all,6479
2026-09-04_10-41-47-475152_earlyRefresh,earlyRefresh,high-skew-zipf,1788518630.475000,122.999848,l1_hits,all,6542
2026-09-04_10-41-47-475152_earlyRefresh,earlyRefresh,high-skew-zipf,1788518631.475000,123.999848,l1_hits,all,6600
2026-09-04_10-41-47-475152_earlyRefresh,earlyRefresh,high-skew-zipf,1788518632.475000,124.999848,l1_hits,all,6659
2026-09-04_10-41-47-475152_earlyRefresh,earlyRefresh,high-skew-zipf,1788518633.475000,125.999848,l1_hits,all,6715
2026-09-04_10-41-47-475152_earlyRefresh,earlyRefresh,high-skew-zipf,1788518634.475000,126.999848,l1_hits,all,6765
2026-09-04_10-41-47-475152_earlyRefresh,earlyRefresh,high-skew-zipf,1788518635.475000,127.999848,l1_hits,all,6824
2026-09-04_10-41-47-475152_earlyRefresh,earlyRefresh,high-skew-zipf,1788518636.475000,128.999848,l1_hits,all,6884
2026-09-04_10-41-47-475152_earlyRefresh,earlyRefresh,high-skew-zipf,1788518637.475000,129.999848,l1_hits,all,6937
2026-09-04_10-41-47-475152_earlyRefresh,earlyRefresh,high-skew-zipf,1788518638.475000,130.999848,l1_hits,all,6997
2026-09-04_10-41-47-475152_earlyRefresh,earlyRefresh,high-skew-zipf,1788518639.475000,131.999848,l1_hits,all,7049
2026-09-04_10-41-47-475152_earlyRefresh,earlyRefresh,high-skew-zipf,1788518640.475000,132.999848,l1_hits,all,7107
2026-09-04_10-41-47-475152_earlyRefresh,earlyRefresh,high-skew-zipf,1788518641.475000,133.999848,l1_hits,all,7167
2026-09-04_10-41-47-475152_earlyRefresh,earlyRefresh,high-skew-zipf,1788518642.475000,134.999848,l1_hits,all,7224
2026-09-04_10-41-47-475152_earlyRefresh,earlyRefresh,high-skew-zipf,1788518643.475000,135.999848,l1_hits,all,7280
2026-09-04_10-41-47-475152_earlyRefresh,earlyRefresh,high-skew-zipf,1788518644.475000,136.999848,l1_hits,all,7341
2026-09-04_10-41-47-475152_earlyRefresh,earlyRefresh,high-skew-zipf,1788518645.475000,137.999848,l1_hits,all,7393
2026-09-04_10-41-47-475152_earlyRefresh,earlyRefresh,high-skew-zipf,1788518646.475000,138.999848,l1_hits,all,7455
2026-09-04_10-41-47-475152_earlyRefresh,earlyRefresh,high-skew-zipf,1788518647.475000,139.999848,l1_hits,all,7509
2026-09-04_10-41-47-475152_earlyRefresh,earlyRefresh,high-skew-zipf,1788518648.475000,140.999848,l1_hits,all,7565
2026-09-04_10-41-47-475152_earlyRefresh,earlyRefresh,high-skew-zipf,1788518649.475000,141.999848,l1_hits,all,7624
2026-09-04_10-41-47-475152_earlyRefresh,earlyRefresh,high-skew-zipf,1788518650.475000,142.999848,l1_hits,all,7687
2026-09-04_10-41-47-475152_earlyRefresh,earlyRefresh,high-skew-zipf,1788518651.475000,143.999848,l1_hits,all,7747
2026-09-04_10-41-47-475152_earlyRefresh,earlyRefresh,high-skew-zipf,1788518652.475000,144.999848,l1_hits,all,7805
2026-09-04_10-41-47-475152_earlyRefresh,earlyRefresh,high-skew-zipf,1788518653.475000,145.999848,l1_hits,all,7864
2026-09-04_10-41-47-475152_earlyRefresh,earlyRefresh,high-skew-zipf,1788518654.475000,146.999848,l1_hits,all,7918
2026-09-04_10-41-47-475152_earlyRefresh,earlyRefresh,high-skew-zipf,1788518655.475000,147.999848,l1_hits,all,7981
2026-09-04_10-41-47-475152_earlyRefresh,earlyRefresh,high-skew-zipf,1788518656.475000,148.999848,l1_hits,all,8039
2026-09-04_10-41-47-475152_earlyRefresh,earlyRefresh,high-skew-zipf,1788518657.475000,149.999848,l1_hits,all,8097
2026-09-04_10-41-47-475152_earlyRefresh,earlyRefresh,high-skew-zipf,1788518658.475000,150.999848,l1_hits,all,8158
2026-09-04_10-41-47-475152_earlyRefresh,earlyRefresh,high-skew-zipf,1788518659.475000,151.999848,l1_hits,all,8214
2026-09-04_10-41-47-475152_earlyRefresh,earlyRefresh,high-skew-zipf,1788518660.475000,152.999848,l1_hits,all,8271
2026-09-04_10-41-47-475152_earlyRefresh,earlyRefresh,high-skew-zipf,1788518661.475000,153.999848,l1_hits,all,8325
2026-09-04_10-41-47-475152_earlyRefresh,earlyRefresh,high-skew-zipf,1788518662.475000,154.999848,l1_hits,all,8382
2026-09-04_10-41-47-475152_earlyRefresh,earlyRefresh,high-skew-zipf,1788518663.475000,155.999848,l1_hits,all,8439
2026-09-04_10-41-47-475152_earlyRefresh,earlyRefresh,high-skew-zipf,1788518664.475000,156.999848,l1_hits,all,8498
2026-09-04_10-41-47-475152_earlyRefresh,earlyRefresh,high-skew-zipf,1788518665.475000,157.999848,l1_hits,all,8556
2026-09-04_10-41-47-475152_earlyRefresh,earlyRefresh,high-skew-zipf,1788518666.475000,158.999848,l1_hits,all,8612
2026-09-04_10-41-47-475152_earlyRefresh,earlyRefresh,high-skew-zipf,1788518667.475000,159.999848,l1_hits,all,8671
2026-09-04_10-41-47-475152_earlyRefresh,earlyRefresh,high-skew-zipf,1788518668.475000,160.999848,l1_hits,all,8726
2026-09-04_10-41-47-475152_earlyRefresh,earlyRefresh,high-skew-zipf,1788518669.475000,161.999848,l1_hits,all,8782
2026-09-04_10-41-47-475152_earlyRefresh,earlyRefresh,high-skew-zipf,1788518670.475000,162.999848,l1_hits,all,8832
2026-09-04_10-41-47-475152_earlyRefresh,earlyRefresh,high-skew-zipf,1788518671.475000,163.999848,l1_hits,all,8889
2026-09-04_10-41-47-475152_earlyRefresh,earlyRefresh,high-skew-zipf,1788518672.475000,164.999848,l1_hits,all,8936
2026-09-04_10-41-47-475152_earlyRefresh,earlyRefresh,high-skew-zipf,1788518673.475000,165.999848,l1_hits,all,8998
2026-09-04_10-41-47-475152_earlyRefresh,earlyRefresh,high-skew-zipf,1788518674.475000,166.999848,l1_hits,all,9057
2026-09-04_10-41-47-475152_earlyRefresh,earlyRefresh,high-skew-zipf,1788518675.475000,167.999848,l1_hits,all,9113
2026-09-04_10-41-47-475152_earlyRefresh,earlyRefresh,high-skew-zipf,1788518676.475000,168.999848,l1_hits,all,9166
2026-09-04_10-41-47-475152_earlyRefresh,earlyRefresh,high-skew-zipf,1788518677.475000,169.999848,l1_hits,all,9218
2026-09-04_10-41-47-475152_earlyRefresh,earlyRefresh,high-skew-zipf,1788518678.475000,170.999848,l1_hits,all,9269
2026-09-04_10-41-47-475152_earlyRefresh,earlyRefresh,high-skew-zipf,1788518679.475000,171.999848,l1_hits,all,9330
2026-09-04_10-41-47-475152_earlyRefresh,earlyRefresh,high-skew-zipf,1788518680.475000,172.999848,l1_hits,all,9385
2026-09-04_10-41-47-475152_earlyRefresh,earlyRefresh,high-skew-zipf,1788518681.475000,173.999848,l1_hits,all,9431
2026-09-04_10-41-47-475152_earlyRefresh,earlyRefresh,high-skew-zipf,1788518682.475000,174.999848,l1_hits,all,9487
2026-09-04_10-41-47-475152_earlyRefresh,earlyRefresh,high-skew-zipf,1788518683.475000,175.999848,l1_hits,all,9536
2026-09-04_10-41-47-475152_earlyRefresh,earlyRefresh,high-skew-zipf,1788518684.475000,176.999848,l1_hits,all,9599
2026-09-04_10-41-47-475152_earlyRefresh,earlyRefresh,high-skew-zipf,1788518685.475000,177.999848,l1_hits,all,9656
2026-09-04_10-41-47-475152_earlyRefresh,earlyRefresh,high-skew-zipf,1788518686.475000,178.999848,l1_hits,all,9704
2026-09-04_10-41-47-475152_earlyRefresh,earlyRefresh,high-skew-zipf,1788518687.475000,179.999848,l1_hits,all,9759
2026-09-04_10-41-47-475152_earlyRefresh,earlyRefresh,high-skew-zipf,1788518688.475000,180.999848,l1_hits,all,9815
2026-09-04_10-41-47-475152_earlyRefresh,earlyRefresh,high-skew-zipf,1788518689.475000,181.999848,l1_hits,all,9867
2026-09-04_10-41-47-475152_earlyRefresh,earlyRefresh,high-skew-zipf,1788518690.475000,182.999848,l1_hits,all,9931
2026-09-04_10-41-47-475152_earlyRefresh,earlyRefresh,high-skew-zipf,1788518691.475000,183.999848,l1_hits,all,9990
2026-09-04_10-41-47-475152_earlyRefresh,earlyRefresh,high-skew-zipf,1788518692.475000,184.999848,l1_hits,all,10042
2026-09-04_10-41-47-475152_earlyRefresh,earlyRefresh,high-skew-zipf,1788518693.475000,185.999848,l1_hits,all,10098
2026-09-04_10-41-47-475152_earlyRefresh,earlyRefresh,high-skew-zipf,1788518694.475000,186.999848,l1_hits,all,10154
2026-09-04_10-41-47-475152_earlyRefresh,earlyRefresh,high-skew-zipf,1788518695.475000,187.999848,l1_hits,all,10216
2026-09-04_10-41-47-475152_earlyRefresh,earlyRefresh,high-skew-zipf,1788518696.475000,188.999848,l1_hits,all,10280
2026-09-04_10-41-47-475152_earlyRefresh,earlyRefresh,high-skew-zipf,1788518697.475000,189.999848,l1_hits,all,10339
2026-09-04_10-41-47-475152_earlyRefresh,earlyRefresh,high-skew-zipf,1788518698.475000,190.999848,l1_hits,all,10396
2026-09-04_10-41-47-475152_earlyRefresh,earlyRefresh,high-skew-zipf,1788518699.475000,191.999848,l1_hits,all,10441
2026-09-04_10-41-47-475152_earlyRefresh,earlyRefresh,high-skew-zipf,1788518700.475000,192.999848,l1_hits,all,10498
2026-09-04_10-41-47-475152_earlyRefresh,earlyRefresh,high-skew-zipf,1788518701.475000,193.999848,l1_hits,all,10556
2026-09-04_10-41-47-475152_earlyRefresh,earlyRefresh,high-skew-zipf,1788518702.475000,194.999848,l1_hits,all,10613
2026-09-04_10-41-47-475152_earlyRefresh,earlyRefresh,high-skew-zipf,1788518703.475000,195.999848,l1_hits,all,10671
2026-09-04_10-41-47-475152_earlyRefresh,earlyRefresh,high-skew-zipf,1788518704.475000,196.999848,l1_hits,all,10732
2026-09-04_10-41-47-475152_earlyRefresh,earlyRefresh,high-skew-zipf,1788518705.475000,197.999848,l1_hits,all,10791
2026-09-04_10-41-47-475152_earlyRefresh,earlyRefresh,high-skew-zipf,1788518706.475000,198.999848,l1_hits,all,10850
2026-09-04_10-41-47-475152_earlyRefresh,earlyRefresh,high-skew-zipf,1788518707.475000,199.999848,l1_hits,all,10909
2026-09-04_10-41-47-475152_earlyRefresh,earlyRefresh,high-skew-zipf,1788518708.475000,200.999848,l1_hits,all,10962
2026-09-04_10-41-47-475152_earlyRefresh,earlyRefresh,high-skew-zipf,1788518709.475000,201.999848,l1_hits,all,11016
2026-09-04_10-41-47-475152_earlyRefresh,earlyRefresh,high-skew-zipf,1788518710.475000,202.999848,l1_hits,all,11070
2026-09-04_10-41-47-475152_earlyRefresh,earlyRefresh,high-skew-zipf,1788518711.475000,203.999848,l1_hits,all,11131
2026-09-04_10-41-47-475152_earlyRefresh,earlyRefresh,high-skew-zipf,1788518712.475000,204.999848,l1_hits,all,11188
2026-09-04_10-41-47-475152_earlyRefresh,earlyRefresh,high-skew-zipf,1788518713.475000,205.999848,l1_hits,all,11250
2026-09-04_10-41-47-475152_earlyRefresh,earlyRefresh,high-skew-zipf,1788518714.475000,206.999848,l1_hits,all,11309
2026-09-04_10-41-47-475152_earlyRefresh,earlyRefresh,high-skew-zipf,1788518715.475000,207.999848,l1_hits,all,11363
2026-09-04_10-41-47-475152_earlyRefresh,earlyRefresh,high-skew-zipf,1788518716.475000,208.999848,l1_hits,all,11419
2026-09-04_10-41-47-475152_earlyRefresh,earlyRefresh,high-skew-zipf,1788518717.475000,209.999848,l1_hits,all,11477
2026-09-04_10-41-47-475152_earlyRefresh,earlyRefresh,high-skew-zipf,1788518718.475000,210.999848,l1_hits,all,11529
2026-09-04_10-41-47-475152_earlyRefresh,earlyRefresh,high-skew-zipf,1788518719.475000,211.999848,l1_hits,all,11587
2026-09-04_10-41-47-475152_earlyRefresh,earlyRefresh,high-skew-zipf,1788518720.475000,212.999848,l1_hits,all,11646
2026-09-04_10-41-47-475152_earlyRefresh,earlyRefresh,high-skew-zipf,1788518721.475000,213.999848,l1_hits,all,11693
2026-09-04_10-41-47-475152_earlyRefresh,earlyRefresh,high-skew-zipf,1788518722.475000,214.999848,l1_hits,all,11748
2026-09-04_10-41-47-475152_earlyRefresh,earlyRefresh,high-skew-zipf,1788518723.475000,215.999848,l1_hits,all,11805
2026-09-04_10-41-47-475152_earlyRefresh,earlyRefresh,high-skew-zipf,1788518724.475000,216.999848,l1_hits,all,11866
2026-09-04_10-41-47-475152_earlyRefresh,earlyRefresh,high-skew-zipf,1788518725.475000,217.999848,l1_hits,all,11917
2026-09-04_10-41-47-475152_earlyRefresh,earlyRefresh,high-skew-zipf,1788518726.475000,218.999848,l1_hits,all,11970
2026-09-04_10-41-47-475152_earlyRefresh,earlyRefresh,high-skew-zipf,1788518727.475000,219.999848,l1_hits,all,12022
2026-09-04_10-41-47-475152_earlyRefresh,earlyRefresh,high-skew-zipf,1788518728.475000,220.999848,l1_hits,all,12079
2026-09-04_10-41-47-475152_earlyRefresh,earlyRefresh,high-skew-zipf,1788518729.475000,221.999848,l1_hits,all,12133
2026-09-04_10-41-47-475152_earlyRefresh,earlyRefresh,high-skew-zipf,1788518730.475000,222.999848,l1_hits,all,12185
2026-09-04_10-41-47-475152_earlyRefresh,earlyRefresh,high-skew-zipf,1788518731.475000,223.999848,l1_hits,all,12240
2026-09-04_10-41-47-475152_earlyRefresh,earlyRefresh,high-skew-zipf,1788518732.475000,224.999848,l1_hits,all,12296
2026-09-04_10-41-47-475152_earlyRefresh,earlyRefresh,high-skew-zipf,1788518733.475000,225.999848,l1_hits,all,12351
2026-09-04_10-41-47-475152_earlyRefresh,earlyRefresh,high-skew-zipf,1788518734.475000,226.999848,l1_hits,all,12408
2026-09-04_10-41-47-475152_earlyRefresh,earlyRefresh,high-skew-zipf,1788518735.475000,227.999848,l1_hits,all,12468
2026-09-04_10-41-47-475152_earlyRefresh,earlyRefresh,high-skew-zipf,1788518736.475000,228.999848,l1_hits,all,12528
2026-09-04_10-41-47-475152_earlyRefresh,earlyRefresh,high-skew-zipf,1788518737.475000,229.999848,l1_hits,all,12591
2026-09-04_10-41-47-475152_earlyRefresh,earlyRefresh,high-skew-zipf,1788518738.475000,230.999848,l1_hits,all,12643
2026-09-04_10-41-47-475152_earlyRefresh,earlyRefresh,high-skew-zipf,1788518739.475000,231.999848,l1_hits,all,12707
2026-09-04_10-41-47-475152_earlyRefresh,earlyRefresh,high-skew-zipf,1788518740.475000,232.999848,l1_hits,all,12764
2026-09-04_10-41-47-475152_earlyRefresh,earlyRefresh,high-skew-zipf,1788518741.475000,233.999848,l1_hits,all,12822
2026-09-04_10-41-47-475152_earlyRefresh,earlyRefresh,high-skew-zipf,1788518742.475000,234.999848,l1_hits,all,12880
2026-09-04_10-41-47-475152_earlyRefresh,earlyRefresh,high-skew-zipf,1788518743.475000,235.999848,l1_hits,all,12933
2026-09-04_10-41-47-475152_earlyRefresh,earlyRefresh,high-skew-zipf,1788518744.475000,236.999848,l1_hits,all,12986
2026-09-04_10-41-47-475152_earlyRefresh,earlyRefresh,high-skew-zipf,1788518745.475000,237.999848,l1_hits,all,13049
2026-09-04_10-41-47-475152_earlyRefresh,earlyRefresh,high-skew-zipf,1788518746.475000,238.999848,l1_hits,all,13103
2026-09-04_10-41-47-475152_earlyRefresh,earlyRefresh,high-skew-zipf,1788518747.475000,239.999848,l1_hits,all,13165
2026-09-04_10-41-47-475152_earlyRefresh,earlyRefresh,high-skew-zipf,1788518507.475000,-0.000152,l2_hits,all,0
2026-09-04_10-41-47-475152_earlyRefresh,earlyRefresh,high-skew-zipf,1788518508.475000,0.999848,l2_hits,all,0
2026-09-04_10-41-47-475152_earlyRefresh,earlyRefresh,high-skew-zipf,1788518509.475000,1.999848,l2_hits,all,0
2026-09-04_10-41-47-475152_earlyRefresh,earlyRefresh,high-skew-zipf,1788518510.475000,2.999848,l2_hits,all,1
2026-09-04_10-41-47-475152_earlyRefresh,earlyRefresh,high-skew-zipf,1788518511.475000,3.999848,l2_hits,all,3
2026-09-04_10-41-47-475152_earlyRefresh,earlyRefresh,high-skew-zipf,1788518512.475000,4.999848,l2_hits,all,5
2026-09-04_10-41-47-475152_earlyRefresh,earlyRefresh,high-skew-zipf,1788518513.475000,5.999848,l2_hits,all,8
2026-09-04_10-41-47-475152_earlyRefresh,earlyRefresh,high-skew-zipf,1788518514.475000,6.999848,l2_hits,all,12
2026-09-04_10-41-47-475152_earlyRefresh,earlyRefresh,high-skew-zipf,1788518515.475000,7.999848,l2_hits,all,21
2026-09-04_10-41-47-475152_earlyRefresh,earlyRefresh,high-skew-zipf,1788518516.475000,8.999848,l2_hits,all,26
2026-09-04_10-41-47-475152_earlyRefresh,earlyRefresh,high-skew-zipf,1788518517.475000,9.999848,l2_hits,all,28
2026-09-04_10-41-47-475152_earlyRefresh,earlyRefresh,high-skew-zipf,1788518518.475000,10.999848,l2_hits,all,42
2026-09-04_10-41-47-475152_earlyRefresh,earlyRefresh,high-skew-zipf,1788518519.475000,11.999848,l2_hits,all,51
2026-09-04_10-41-47-475152_earlyRefresh,earlyRefresh,high-skew-zipf,1788518520.475000,12.999848,l2_hits,all,64
2026-09-04_10-41-47-475152_earlyRefresh,earlyRefresh,high-skew-zipf,1788518521.475000,13.999848,l2_hits,all,81
2026-09-04_10-41-47-475152_earlyRefresh,earlyRefresh,high-skew-zipf,1788518522.475000,14.999848,l2_hits,all,90
2026-09-04_10-41-47-475152_earlyRefresh,earlyRefresh,high-skew-zipf,1788518523.475000,15.999848,l2_hits,all,100
2026-09-04_10-41-47-475152_earlyRefresh,earlyRefresh,high-skew-zipf,1788518524.475000,16.999848,l2_hits,all,110
2026-09-04_10-41-47-475152_earlyRefresh,earlyRefresh,high-skew-zipf,1788518525.475000,17.999848,l2_hits,all,121
2026-09-04_10-41-47-475152_earlyRefresh,earlyRefresh,high-skew-zipf,1788518526.475000,18.999848,l2_hits,all,128
2026-09-04_10-41-47-475152_earlyRefresh,earlyRefresh,high-skew-zipf,1788518527.475000,19.999848,l2_hits,all,138
2026-09-04_10-41-47-475152_earlyRefresh,earlyRefresh,high-skew-zipf,1788518528.475000,20.999848,l2_hits,all,147
2026-09-04_10-41-47-475152_earlyRefresh,earlyRefresh,high-skew-zipf,1788518529.475000,21.999848,l2_hits,all,156
2026-09-04_10-41-47-475152_earlyRefresh,earlyRefresh,high-skew-zipf,1788518530.475000,22.999848,l2_hits,all,165
2026-09-04_10-41-47-475152_earlyRefresh,earlyRefresh,high-skew-zipf,1788518531.475000,23.999848,l2_hits,all,176
2026-09-04_10-41-47-475152_earlyRefresh,earlyRefresh,high-skew-zipf,1788518532.475000,24.999848,l2_hits,all,185
2026-09-04_10-41-47-475152_earlyRefresh,earlyRefresh,high-skew-zipf,1788518533.475000,25.999848,l2_hits,all,198
2026-09-04_10-41-47-475152_earlyRefresh,earlyRefresh,high-skew-zipf,1788518534.475000,26.999848,l2_hits,all,212
2026-09-04_10-41-47-475152_earlyRefresh,earlyRefresh,high-skew-zipf,1788518535.475000,27.999848,l2_hits,all,227
2026-09-04_10-41-47-475152_earlyRefresh,earlyRefresh,high-skew-zipf,1788518536.475000,28.999848,l2_hits,all,235
2026-09-04_10-41-47-475152_earlyRefresh,earlyRefresh,high-skew-zipf,1788518537.475000,29.999848,l2_hits,all,245
2026-09-04_10-41-47-475152_earlyRefresh,earlyRefresh,high-skew-zipf,1788518538.475000,30.999848,l2_hits,all,257
2026-09-04_10-41-47-475152_earlyRefresh,earlyRefresh,high-skew-zipf,1788518539.475000,31.999848,l2_hits,all,266
2026-09-04_10-41-47-475152_earlyRefresh,earlyRefresh,high-skew-zipf,1788518540.475000,32.999848,l2_hits,all,277
2026-09-04_10-41-47-475152_earlyRefresh,earlyRefresh,high-skew-zipf,1788518541.475000,33.999848,l2_hits,all,294
2026-09-04_10-41-47-475152_earlyRefresh,earlyRefresh,high-skew-zipf,1788518542.475000,34.999848,l2_hits,all,303
2026-09-04_10-41-47-475152_earlyRefresh,earlyRefresh,high-skew-zipf,1788518543.475000,35.999848,l2_hits,all,316
2026-09-04_10-41-47-475152_earlyRefresh,earlyRefresh,high-skew-zipf,1788518544.475000,36.999848,l2_hits,all,325
2026-09-04_10-41-47-475152_earlyRefresh,earlyRefresh,high-skew-zipf,1788518545.475000,37.999848,l2_hits,all,334
2026-09-04_10-41-47-475152_earlyRefresh,earlyRefresh,high-skew-zipf,1788518546.475000,38.999848,l2_hits,all,346
2026-09-04_10-41-47-475152_earlyRefresh,earlyRefresh,high-skew-zipf,1788518547.475000,39.999848,l2_hits,all,362
2026-09-04_10-41-47-475152_earlyRefresh,earlyRefresh,high-skew-zipf,1788518548.475000,40.999848,l2_hits,all,375
2026-09-04_10-41-47-475152_earlyRefresh,earlyRefresh,high-skew-zipf,1788518549.475000,41.999848,l2_hits,all,384
2026-09-04_10-41-47-475152_earlyRefresh,earlyRefresh,high-skew-zipf,1788518550.475000,42.999848,l2_hits,all,389
2026-09-04_10-41-47-475152_earlyRefresh,earlyRefresh,high-skew-zipf,1788518551.475000,43.999848,l2_hits,all,407
2026-09-04_10-41-47-475152_earlyRefresh,earlyRefresh,high-skew-zipf,1788518552.475000,44.999848,l2_hits,all,423
2026-09-04_10-41-47-475152_earlyRefresh,earlyRefresh,high-skew-zipf,1788518553.475000,45.999848,l2_hits,all,435
2026-09-04_10-41-47-475152_earlyRefresh,earlyRefresh,high-skew-zipf,1788518554.475000,46.999848,l2_hits,all,444
2026-09-04_10-41-47-475152_earlyRefresh,earlyRefresh,high-skew-zipf,1788518555.475000,47.999848,l2_hits,all,456
2026-09-04_10-41-47-475152_earlyRefresh,earlyRefresh,high-skew-zipf,1788518556.475000,48.999848,l2_hits,all,467
2026-09-04_10-41-47-475152_earlyRefresh,earlyRefresh,high-skew-zipf,1788518557.475000,49.999848,l2_hits,all,482
2026-09-04_10-41-47-475152_earlyRefresh,earlyRefresh,high-skew-zipf,1788518558.475000,50.999848,l2_hits,all,492
2026-09-04_10-41-47-475152_earlyRefresh,earlyRefresh,high-skew-zipf,1788518559.475000,51.999848,l2_hits,all,503
2026-09-04_10-41-47-475152_earlyRefresh,earlyRefresh,high-skew-zipf,1788518560.475000,52.999848,l2_hits,all,514
2026-09-04_10-41-47-475152_earlyRefresh,earlyRefresh,high-skew-zipf,1788518561.475000,53.999848,l2_hits,all,524
2026-09-04_10-41-47-475152_earlyRefresh,earlyRefresh,high-skew-zipf,1788518562.475000,54.999848,l2_hits,all,531
2026-09-04_10-41-47-475152_earlyRefresh,earlyRefresh,high-skew-zipf,1788518563.475000,55.999848,l2_hits,all,544
2026-09-04_10-41-47-475152_earlyRefresh,earlyRefresh,high-skew-zipf,1788518564.475000,56.999848,l2_hits,all,565
2026-09-04_10-41-47-475152_earlyRefresh,earlyRefresh,high-skew-zipf,1788518565.475000,57.999848,l2_hits,all,577
2026-09-04_10-41-47-475152_earlyRefresh,earlyRefresh,high-skew-zipf,1788518566.475000,58.999848,l2_hits,all,589
2026-09-04_10-41-47-475152_earlyRefresh,earlyRefresh,high-skew-zipf,1788518567.475000,59.999848,l2_hits,all,603
2026-09-04_10-41-47-475152_earlyRefresh,earlyRefresh,high-skew-zipf,1788518568.475000,60.999848,l2_hits,all,613
2026-09-04_10-41-47-475152_earlyRefresh,earlyRefresh,high-skew-zipf,1788518569.475000,61.999848,l2_hits,all,622
2026-09-04_10-41-47-475152_earlyRefresh,earlyRefresh,high-skew-zipf,1788518570.475000,62.999848,l2_hits,all,630
2026-09-04_10-41-47-475152_earlyRefresh,earlyRefresh,high-skew-zipf,1788518571.475000,63.999848,l2_hits,all,642
2026-09-04_10-41-47-475152_earlyRefresh,earlyRefresh,high-skew-zipf,1788518572.475000,64.999848,l2_hits,all,653
2026-09-04_10-41-47-475152_earlyRefresh,earlyRefresh,high-skew-zipf,1788518573.475000,65.999848,l2_hits,all,661
2026-09-04_10-41-47-475152_earlyRefresh,earlyRefresh,high-skew-zipf,1788518574.475000,66.999848,l2_hits,all,672
2026-09-04_10-41-47-475152_earlyRefresh,earlyRefresh,high-skew-zipf,1788518575.475000,67.999848,l2_hits,all,678
2026-09-04_10-41-47-475152_earlyRefresh,earlyRefresh,high-skew-zipf,1788518576.475000,68.999848,l2_hits,all,689
2026-09-04_10-41-47-475152_earlyRefresh,earlyRefresh,high-skew-zipf,1788518577.475000,69.999848,l2_hits,all,699
2026-09-04_10-41-47-475152_earlyRefresh,earlyRefresh,high-skew-zipf,1788518578.475000,70.999848,l2_hits,all,708
2026-09-04_10-41-47-475152_earlyRefresh,earlyRefresh,high-skew-zipf,1788518579.475000,71.999848,l2_hits,all,711
2026-09-04_10-41-47-475152_earlyRefresh,earlyRefresh,high-skew-zipf,1788518580.475000,72.999848,l2_hits,all,723
2026-09-04_10-41-47-475152_earlyRefresh,earlyRefresh,high-skew-zipf,1788518581.475000,73.999848,l2_hits,all,733
2026-09-04_10-41-47-475152_earlyRefresh,earlyRefresh,high-skew-zipf,1788518582.475000,74.999848,l2_hits,all,741
2026-09-04_10-41-47-475152_earlyRefresh,earlyRefresh,high-skew-zipf,1788518583.475000,75.999848,l2_hits,all,756
2026-09-04_10-41-47-475152_earlyRefresh,earlyRefresh,high-skew-zipf,1788518584.475000,76.999848,l2_hits,all,769
2026-09-04_10-41-47-475152_earlyRefresh,earlyRefresh,high-skew-zipf,1788518585.475000,77.999848,l2_hits,all,778
2026-09-04_10-41-47-475152_earlyRefresh,earlyRefresh,high-skew-zipf,1788518586.475000,78.999848,l2_hits,all,791
2026-09-04_10-41-47-475152_earlyRefresh,earlyRefresh,high-skew-zipf,1788518587.475000,79.999848,l2_hits,all,801
2026-09-04_10-41-47-475152_earlyRefresh,earlyRefresh,high-skew-zipf,1788518588.475000,80.999848,l2_hits,all,809
2026-09-04_10-41-47-475152_earlyRefresh,earlyRefresh,high-skew-zipf,1788518589.475000,81.999848,l2_hits,all,819
2026-09-04_10-41-47-475152_earlyRefresh,earlyRefresh,high-skew-zipf,1788518590.475000,82.999848,l2_hits,all,827
2026-09-04_10-41-47-475152_earlyRefresh,earlyRefresh,high-skew-zipf,1788518591.475000,83.999848,l2_hits,all,843
2026-09-04_10-41-47-475152_earlyRefresh,earlyRefresh,high-skew-zipf,1788518592.475000,84.999848,l2_hits,all,855
2026-09-04_10-41-47-475152_earlyRefresh,earlyRefresh,high-skew-zipf,1788518593.475000,85.999848,l2_hits,all,867
2026-09-04_10-41-47-475152_earlyRefresh,earlyRefresh,high-skew-zipf,1788518594.475000,86.999848,l2_hits,all,878
2026-09-04_10-41-47-475152_earlyRefresh,earlyRefresh,high-skew-zipf,1788518595.475000,87.999848,l2_hits,all,891
2026-09-04_10-41-47-475152_earlyRefresh,earlyRefresh,high-skew-zipf,1788518596.475000,88.999848,l2_hits,all,902
2026-09-04_10-41-47-475152_earlyRefresh,earlyRefresh,high-skew-zipf,1788518597.475000,89.999848,l2_hits,all,912
2026-09-04_10-41-47-475152_earlyRefresh,earlyRefresh,high-skew-zipf,1788518598.475000,90.999848,l2_hits,all,926
2026-09-04_10-41-47-475152_earlyRefresh,earlyRefresh,high-skew-zipf,1788518599.475000,91.999848,l2_hits,all,935
2026-09-04_10-41-47-475152_earlyRefresh,earlyRefresh,high-skew-zipf,1788518600.475000,92.999848,l2_hits,all,947
2026-09-04_10-41-47-475152_earlyRefresh,earlyRefresh,high-skew-zipf,1788518601.475000,93.999848,l2_hits,all,956
2026-09-04_10-41-47-475152_earlyRefresh,earlyRefresh,high-skew-zipf,1788518602.475000,94.999848,l2_hits,all,967
2026-09-04_10-41-47-475152_earlyRefresh,earlyRefresh,high-skew-zipf,1788518603.475000,95.999848,l2_hits,all,977
2026-09-04_10-41-47-475152_earlyRefresh,earlyRefresh,high-skew-zipf,1788518604.475000,96.999848,l2_hits,all,988
2026-09-04_10-41-47-475152_earlyRefresh,earlyRefresh,high-skew-zipf,1788518605.475000,97.999848,l2_hits,all,1000
2026-09-04_10-41-47-475152_earlyRefresh,earlyRefresh,high-skew-zipf,1788518606.475000,98.999848,l2_hits,all,1012
2026-09-04_10-41-47-475152_earlyRefresh,earlyRefresh,high-skew-zipf,1788518607.475000,99.999848,l2_hits,all,1021
2026-09-04_10-41-47-475152_earlyRefresh,earlyRefresh,high-skew-zipf,1788518608.475000,100.999848,l2_hits,all,1032
2026-09-04_10-41-47-475152_earlyRefresh,earlyRefresh,high-skew-zipf,1788518609.475000,101.999848,l2_hits,all,1041
2026-09-04_10-41-47-475152_earlyRefresh,earlyRefresh,high-skew-zipf,1788518610.475000,102.999848,l2_hits,all,1049
2026-09-04_10-41-47-475152_earlyRefresh,earlyRefresh,high-skew-zipf,1788518611.475000,103.999848,l2_hits,all,1058
2026-09-04_10-41-47-475152_earlyRefresh,earlyRefresh,high-skew-zipf,1788518612.475000,104.999848,l2_hits,all,1073
2026-09-04_10-41-47-475152_earlyRefresh,earlyRefresh,high-skew-zipf,1788518613.475000,105.999848,l2_hits,all,1083
2026-09-04_10-41-47-475152_earlyRefresh,earlyRefresh,high-skew-zipf,1788518614.475000,106.999848,l2_hits,all,1092
2026-09-04_10-41-47-475152_earlyRefresh,earlyRefresh,high-skew-zipf,1788518615.475000,107.999848,l2_hits,all,1100
2026-09-04_10-41-47-475152_earlyRefresh,earlyRefresh,high-skew-zipf,1788518616.475000,108.999848,l2_hits,all,1107
2026-09-04_10-41-47-475152_earlyRefresh,earlyRefresh,high-skew-zipf,1788518617.475000,109.999848,l2_hits,all,1118
2026-09-04_10-41-47-475152_earlyRefresh,earlyRefresh,high-skew-zipf,1788518618.475000,110.999848,l2_hits,all,1134
2026-09-04_10-41-47-475152_earlyRefresh,earlyRefresh,high-skew-zipf,1788518619.475000,111.999848,l2_hits,all,1141
2026-09-04_10-41-47-475152_earlyRefresh,earlyRefresh,high-skew-zipf,1788518620.475000,112.999848,l2_hits,all,1147
2026-09-04_10-41-47-475152_earlyRefresh,earlyRefresh,high-skew-zipf,1788518621.475000,113.999848,l2_hits,all,1161
2026-09-04_10-41-47-475152_earlyRefresh,earlyRefresh,high-skew-zipf,1788518622.475000,114.999848,l2_hits,all,1184
2026-09-04_10-41-47-475152_earlyRefresh,earlyRefresh,high-skew-zipf,1788518623.475000,115.999848,l2_hits,all,1198
2026-09-04_10-41-47-475152_earlyRefresh,earlyRefresh,high-skew-zipf,1788518624.475000,116.999848,l2_hits,all,1206
2026-09-04_10-41-47-475152_earlyRefresh,earlyRefresh,high-skew-zipf,1788518625.475000,117.999848,l2_hits,all,1215
2026-09-04_10-41-47-475152_earlyRefresh,earlyRefresh,high-skew-zipf,1788518626.475000,118.999848,l2_hits,all,1225
2026-09-04_10-41-47-475152_earlyRefresh,earlyRefresh,high-skew-zipf,1788518627.475000,119.999848,l2_hits,all,1237
2026-09-04_10-41-47-475152_earlyRefresh,earlyRefresh,high-skew-zipf,1788518628.475000,120.999848,l2_hits,all,1247
2026-09-04_10-41-47-475152_earlyRefresh,earlyRefresh,high-skew-zipf,1788518629.475000,121.999848,l2_hits,all,1255
2026-09-04_10-41-47-475152_earlyRefresh,earlyRefresh,high-skew-zipf,1788518630.475000,122.999848,l2_hits,all,1264
2026-09-04_10-41-47-475152_earlyRefresh,earlyRefresh,high-skew-zipf,1788518631.475000,123.999848,l2_hits,all,1275
2026-09-04_10-41-47-475152_earlyRefresh,earlyRefresh,high-skew-zipf,1788518632.475000,124.999848,l2_hits,all,1287
2026-09-04_10-41-47-475152_earlyRefresh,earlyRefresh,high-skew-zipf,1788518633.475000,125.999848,l2_hits,all,1297
2026-09-04_10-41-47-475152_earlyRefresh,earlyRefresh,high-skew-zipf,1788518634.475000,126.999848,l2_hits,all,1309
2026-09-04_10-41-47-475152_earlyRefresh,earlyRefresh,high-skew-zipf,1788518635.475000,127.999848,l2_hits,all,1322
2026-09-04_10-41-47-475152_earlyRefresh,earlyRefresh,high-skew-zipf,1788518636.475000,128.999848,l2_hits,all,1328
2026-09-04_10-41-47-475152_earlyRefresh,earlyRefresh,high-skew-zipf,1788518637.475000,129.999848,l2_hits,all,1341
2026-09-04_10-41-47-475152_earlyRefresh,earlyRefresh,high-skew-zipf,1788518638.475000,130.999848,l2_hits,all,1350
2026-09-04_10-41-47-475152_earlyRefresh,earlyRefresh,high-skew-zipf,1788518639.475000,131.999848,l2_hits,all,1367
2026-09-04_10-41-47-475152_earlyRefresh,earlyRefresh,high-skew-zipf,1788518640.475000,132.999848,l2_hits,all,1376
2026-09-04_10-41-47-475152_earlyRefresh,earlyRefresh,high-skew-zipf,1788518641.475000,133.999848,l2_hits,all,1386
2026-09-04_10-41-47-475152_earlyRefresh,earlyRefresh,high-skew-zipf,1788518642.475000,134.999848,l2_hits,all,1399
2026-09-04_10-41-47-475152_earlyRefresh,earlyRefresh,high-skew-zipf,1788518643.475000,135.999848,l2_hits,all,1410
2026-09-04_10-41-47-475152_earlyRefresh,earlyRefresh,high-skew-zipf,1788518644.475000,136.999848,l2_hits,all,1420
2026-09-04_10-41-47-475152_earlyRefresh,earlyRefresh,high-skew-zipf,1788518645.475000,137.999848,l2_hits,all,1430
2026-09-04_10-41-47-475152_earlyRefresh,earlyRefresh,high-skew-zipf,1788518646.475000,138.999848,l2_hits,all,1439
2026-09-04_10-41-47-475152_earlyRefresh,earlyRefresh,high-skew-zipf,1788518647.475000,139.999848,l2_hits,all,1456
2026-09-04_10-41-47-475152_earlyRefresh,earlyRefresh,high-skew-zipf,1788518648.475000,140.999848,l2_hits,all,1467
2026-09-04_10-41-47-475152_earlyRefresh,earlyRefresh,high-skew-zipf,1788518649.475000,141.999848,l2_hits,all,1478
2026-09-04_10-41-47-475152_earlyRefresh,earlyRefresh,high-skew-zipf,1788518650.475000,142.999848,l2_hits,all,1488
2026-09-04_10-41-47-475152_earlyRefresh,earlyRefresh,high-skew-zipf,1788518651.475000,143.999848,l2_hits,all,1499
2026-09-04_10-41-47-475152_earlyRefresh,earlyRefresh,high-skew-zipf,1788518652.475000,144.999848,l2_hits,all,1511
2026-09-04_10-41-47-475152_earlyRefresh,earlyRefresh,high-skew-zipf,1788518653.475000,145.999848,l2_hits,all,1527
2026-09-04_10-41-47-475152_earlyRefresh,earlyRefresh,high-skew-zipf,1788518654.475000,146.999848,l2_hits,all,1542
2026-09-04_10-41-47-475152_earlyRefresh,earlyRefresh,high-skew-zipf,1788518655.475000,147.999848,l2_hits,all,1552
2026-09-04_10-41-47-475152_earlyRefresh,earlyRefresh,high-skew-zipf,1788518656.475000,148.999848,l2_hits,all,1566
2026-09-04_10-41-47-475152_earlyRefresh,earlyRefresh,high-skew-zipf,1788518657.475000,149.999848,l2_hits,all,1577
2026-09-04_10-41-47-475152_earlyRefresh,earlyRefresh,high-skew-zipf,1788518658.475000,150.999848,l2_hits,all,1586
2026-09-04_10-41-47-475152_earlyRefresh,earlyRefresh,high-skew-zipf,1788518659.475000,151.999848,l2_hits,all,1598
2026-09-04_10-41-47-475152_earlyRefresh,earlyRefresh,high-skew-zipf,1788518660.475000,152.999848,l2_hits,all,1604
2026-09-04_10-41-47-475152_earlyRefresh,earlyRefresh,high-skew-zipf,1788518661.475000,153.999848,l2_hits,all,1615
2026-09-04_10-41-47-475152_earlyRefresh,earlyRefresh,high-skew-zipf,1788518662.475000,154.999848,l2_hits,all,1627
2026-09-04_10-41-47-475152_earlyRefresh,earlyRefresh,high-skew-zipf,1788518663.475000,155.999848,l2_hits,all,1640
2026-09-04_10-41-47-475152_earlyRefresh,earlyRefresh,high-skew-zipf,1788518664.475000,156.999848,l2_hits,all,1651
2026-09-04_10-41-47-475152_earlyRefresh,earlyRefresh,high-skew-zipf,1788518665.475000,157.999848,l2_hits,all,1663
2026-09-04_10-41-47-475152_earlyRefresh,earlyRefresh,high-skew-zipf,1788518666.475000,158.999848,l2_hits,all,1675
2026-09-04_10-41-47-475152_earlyRefresh,earlyRefresh,high-skew-zipf,1788518667.475000,159.999848,l2_hits,all,1684
2026-09-04_10-41-47-475152_earlyRefresh,earlyRefresh,high-skew-zipf,1788518668.475000,160.999848,l2_hits,all,1697
2026-09-04_10-41-47-475152_earlyRefresh,earlyRefresh,high-skew-zipf,1788518669.475000,161.999848,l2_hits,all,1709
2026-09-04_10-41-47-475152_earlyRefresh,earlyRefresh,high-skew-zipf,1788518670.475000,162.999848,l2_hits,all,1720
2026-09-04_10-41-47-475152_earlyRefresh,earlyRefresh,high-skew-zipf,1788518671.475000,163.999848,l2_hits,all,1730
2026-09-04_10-41-47-475152_earlyRefresh,earlyRefresh,high-skew-zipf,1788518672.475000,164.999848,l2_hits,all,1744
2026-09-04_10-41-47-475152_earlyRefresh,earlyRefresh,high-skew-zipf,1788518673.475000,165.999848,l2_hits,all,1755
2026-09-04_10-41-47-475152_earlyRefresh,earlyRefresh,high-skew-zipf,1788518674.475000,166.999848,l2_hits,all,1765
2026-09-04_10-41-47-475152_earlyRefresh,earlyRefresh,high-skew-zipf,1788518675.475000,167.999848,l2_hits,all,1774
2026-09-04_10-41-47-475152_earlyRefresh,earlyRefresh,high-skew-zipf,1788518676.475000,168.999848,l2_hits,all,1786
2026-09-04_10-41-47-475152_earlyRefresh,earlyRefresh,high-skew-zipf,1788518677.475000,169.999848,l2_hits,all,1796
2026-09-04_10-41-47-475152_earlyRefresh,earlyRefresh,high-skew-zipf,1788518678.475000,170.999848,l2_hits,all,1809
2026-09-04_10-41-47-475152_earlyRefresh,earlyRefresh,high-skew-zipf,1788518679.475000,171.999848,l2_hits,all,1820
2026-09-04_10-41-47-475152_earlyRefresh,earlyRefresh,high-skew-zipf,1788518680.475000,172.999848,l2_hits,all,1834
2026-09-04_10-41-47-475152_earlyRefresh,earlyRefresh,high-skew-zipf,1788518681.475000,173.999848,l2_hits,all,1848
2026-09-04_10-41-47-475152_earlyRefresh,earlyRefresh,high-skew-zipf,1788518682.475000,174.999848,l2_hits,all,1861
2026-09-04_10-41-47-475152_earlyRefresh,earlyRefresh,high-skew-zipf,1788518683.475000,175.999848,l2_hits,all,1874
2026-09-04_10-41-47-475152_earlyRefresh,earlyRefresh,high-skew-zipf,1788518684.475000,176.999848,l2_hits,all,1885
2026-09-04_10-41-47-475152_earlyRefresh,earlyRefresh,high-skew-zipf,1788518685.475000,177.999848,l2_hits,all,1895
2026-09-04_10-41-47-475152_earlyRefresh,earlyRefresh,high-skew-zipf,1788518686.475000,178.999848,l2_hits,all,1907
2026-09-04_10-41-47-475152_earlyRefresh,earlyRefresh,high-skew-zipf,1788518687.475000,179.999848,l2_hits,all,1923
2026-09-04_10-41-47-475152_earlyRefresh,earlyRefresh,high-skew-zipf,1788518688.475000,180.999848,l2_hits,all,1933
2026-09-04_10-41-47-475152_earlyRefresh,earlyRefresh,high-skew-zipf,1788518689.475000,181.999848,l2_hits,all,1946
2026-09-04_10-41-47-475152_earlyRefresh,earlyRefresh,high-skew-zipf,1788518690.475000,182.999848,l2_hits,all,1955
2026-09-04_10-41-47-475152_earlyRefresh,earlyRefresh,high-skew-zipf,1788518691.475000,183.999848,l2_hits,all,1964
2026-09-04_10-41-47-475152_earlyRefresh,earlyRefresh,high-skew-zipf,1788518692.475000,184.999848,l2_hits,all,1978
2026-09-04_10-41-47-475152_earlyRefresh,earlyRefresh,high-skew-zipf,1788518693.475000,185.999848,l2_hits,all,1989
2026-09-04_10-41-47-475152_earlyRefresh,earlyRefresh,high-skew-zipf,1788518694.475000,186.999848,l2_hits,all,2000
2026-09-04_10-41-47-475152_earlyRefresh,earlyRefresh,high-skew-zipf,1788518695.475000,187.999848,l2_hits,all,2007
2026-09-04_10-41-47-475152_earlyRefresh,earlyRefresh,high-skew-zipf,1788518696.475000,188.999848,l2_hits,all,2019
2026-09-04_10-41-47-475152_earlyRefresh,earlyRefresh,high-skew-zipf,1788518697.475000,189.999848,l2_hits,all,2030
2026-09-04_10-41-47-475152_earlyRefresh,earlyRefresh,high-skew-zipf,1788518698.475000,190.999848,l2_hits,all,2042
2026-09-04_10-41-47-475152_earlyRefresh,earlyRefresh,high-skew-zipf,1788518699.475000,191.999848,l2_hits,all,2059
2026-09-04_10-41-47-475152_earlyRefresh,earlyRefresh,high-skew-zipf,1788518700.475000,192.999848,l2_hits,all,2065
2026-09-04_10-41-47-475152_earlyRefresh,earlyRefresh,high-skew-zipf,1788518701.475000,193.999848,l2_hits,all,2076
2026-09-04_10-41-47-475152_earlyRefresh,earlyRefresh,high-skew-zipf,1788518702.475000,194.999848,l2_hits,all,2086
2026-09-04_10-41-47-475152_earlyRefresh,earlyRefresh,high-skew-zipf,1788518703.475000,195.999848,l2_hits,all,2094
2026-09-04_10-41-47-475152_earlyRefresh,earlyRefresh,high-skew-zipf,1788518704.475000,196.999848,l2_hits,all,2104
2026-09-04_10-41-47-475152_earlyRefresh,earlyRefresh,high-skew-zipf,1788518705.475000,197.999848,l2_hits,all,2113
2026-09-04_10-41-47-475152_earlyRefresh,earlyRefresh,high-skew-zipf,1788518706.475000,198.999848,l2_hits,all,2121
2026-09-04_10-41-47-475152_earlyRefresh,earlyRefresh,high-skew-zipf,1788518707.475000,199.999848,l2_hits,all,2132
2026-09-04_10-41-47-475152_earlyRefresh,earlyRefresh,high-skew-zipf,1788518708.475000,200.999848,l2_hits,all,2147
2026-09-04_10-41-47-475152_earlyRefresh,earlyRefresh,high-skew-zipf,1788518709.475000,201.999848,l2_hits,all,2166
2026-09-04_10-41-47-475152_earlyRefresh,earlyRefresh,high-skew-zipf,1788518710.475000,202.999848,l2_hits,all,2183
2026-09-04_10-41-47-475152_earlyRefresh,earlyRefresh,high-skew-zipf,1788518711.475000,203.999848,l2_hits,all,2193
2026-09-04_10-41-47-475152_earlyRefresh,earlyRefresh,high-skew-zipf,1788518712.475000,204.999848,l2_hits,all,2208
2026-09-04_10-41-47-475152_earlyRefresh,earlyRefresh,high-skew-zipf,1788518713.475000,205.999848,l2_hits,all,2219
2026-09-04_10-41-47-475152_earlyRefresh,earlyRefresh,high-skew-zipf,1788518714.475000,206.999848,l2_hits,all,2227
2026-09-04_10-41-47-475152_earlyRefresh,earlyRefresh,high-skew-zipf,1788518715.475000,207.999848,l2_hits,all,2239
2026-09-04_10-41-47-475152_earlyRefresh,earlyRefresh,high-skew-zipf,1788518716.475000,208.999848,l2_hits,all,2251
2026-09-04_10-41-47-475152_earlyRefresh,earlyRefresh,high-skew-zipf,1788518717.475000,209.999848,l2_hits,all,2260
2026-09-04_10-41-47-475152_earlyRefresh,earlyRefresh,high-skew-zipf,1788518718.475000,210.999848,l2_hits,all,2272
2026-09-04_10-41-47-475152_earlyRefresh,earlyRefresh,high-skew-zipf,1788518719.475000,211.999848,l2_hits,all,2284
2026-09-04_10-41-47-475152_earlyRefresh,earlyRefresh,high-skew-zipf,1788518720.475000,212.999848,l2_hits,all,2296
2026-09-04_10-41-47-475152_earlyRefresh,earlyRefresh,high-skew-zipf,1788518721.475000,213.999848,l2_hits,all,2313
2026-09-04_10-41-47-475152_earlyRefresh,earlyRefresh,high-skew-zipf,1788518722.475000,214.999848,l2_hits,all,2325
2026-09-04_10-41-47-475152_earlyRefresh,earlyRefresh,high-skew-zipf,1788518723.475000,215.999848,l2_hits,all,2341
2026-09-04_10-41-47-475152_earlyRefresh,earlyRefresh,high-skew-zipf,1788518724.475000,216.999848,l2_hits,all,2350
2026-09-04_10-41-47-475152_earlyRefresh,earlyRefresh,high-skew-zipf,1788518725.475000,217.999848,l2_hits,all,2368
2026-09-04_10-41-47-475152_earlyRefresh,earlyRefresh,high-skew-zipf,1788518726.475000,218.999848,l2_hits,all,2378
2026-09-04_10-41-47-475152_earlyRefresh,earlyRefresh,high-skew-zipf,1788518727.475000,219.999848,l2_hits,all,2390
2026-09-04_10-41-47-475152_earlyRefresh,earlyRefresh,high-skew-zipf,1788518728.475000,220.999848,l2_hits,all,2404
2026-09-04_10-41-47-475152_earlyRefresh,earlyRefresh,high-skew-zipf,1788518729.475000,221.999848,l2_hits,all,2413
2026-09-04_10-41-47-475152_earlyRefresh,earlyRefresh,high-skew-zipf,1788518730.475000,222.999848,l2_hits,all,2427
2026-09-04_10-41-47-475152_earlyRefresh,earlyRefresh,high-skew-zipf,1788518731.475000,223.999848,l2_hits,all,2441
2026-09-04_10-41-47-475152_earlyRefresh,earlyRefresh,high-skew-zipf,1788518732.475000,224.999848,l2_hits,all,2447
2026-09-04_10-41-47-475152_earlyRefresh,earlyRefresh,high-skew-zipf,1788518733.475000,225.999848,l2_hits,all,2459
2026-09-04_10-41-47-475152_earlyRefresh,earlyRefresh,high-skew-zipf,1788518734.475000,226.999848,l2_hits,all,2469
2026-09-04_10-41-47-475152_earlyRefresh,earlyRefresh,high-skew-zipf,1788518735.475000,227.999848,l2_hits,all,2479
2026-09-04_10-41-47-475152_earlyRefresh,earlyRefresh,high-skew-zipf,1788518736.475000,228.999848,l2_hits,all,2487
2026-09-04_10-41-47-475152_earlyRefresh,earlyRefresh,high-skew-zipf,1788518737.475000,229.999848,l2_hits,all,2496
2026-09-04_10-41-47-475152_earlyRefresh,earlyRefresh,high-skew-zipf,1788518738.475000,230.999848,l2_hits,all,2513
2026-09-04_10-41-47-475152_earlyRefresh,earlyRefresh,high-skew-zipf,1788518739.475000,231.999848,l2_hits,all,2523
2026-09-04_10-41-47-475152_earlyRefresh,earlyRefresh,high-skew-zipf,1788518740.475000,232.999848,l2_hits,all,2532
2026-09-04_10-41-47-475152_earlyRefresh,earlyRefresh,high-skew-zipf,1788518741.475000,233.999848,l2_hits,all,2543
2026-09-04_10-41-47-475152_earlyRefresh,earlyRefresh,high-skew-zipf,1788518742.475000,234.999848,l2_hits,all,2556
2026-09-04_10-41-47-475152_earlyRefresh,earlyRefresh,high-skew-zipf,1788518743.475000,235.999848,l2_hits,all,2566
2026-09-04_10-41-47-475152_earlyRefresh,earlyRefresh,high-skew-zipf,1788518744.475000,236.999848,l2_hits,all,2580
2026-09-04_10-41-47-475152_earlyRefresh,earlyRefresh,high-skew-zipf,1788518745.475000,237.999848,l2_hits,all,2593
2026-09-04_10-41-47-475152_earlyRefresh,earlyRefresh,high-skew-zipf,1788518746.475000,238.999848,l2_hits,all,2605
2026-09-04_10-41-47-475152_earlyRefresh,earlyRefresh,high-skew-zipf,1788518747.475000,239.999848,l2_hits,all,2618
2026-09-04_10-41-47-475152_earlyRefresh,earlyRefresh,high-skew-zipf,1788518507.475000,-0.000152,backend_calls,all,0
2026-09-04_10-41-47-475152_earlyRefresh,earlyRefresh,high-skew-zipf,1788518508.475000,0.999848,backend_calls,all,0
2026-09-04_10-41-47-475152_earlyRefresh,earlyRefresh,high-skew-zipf,1788518509.475000,1.999848,backend_calls,all,7
2026-09-04_10-41-47-475152_earlyRefresh,earlyRefresh,high-skew-zipf,1788518510.475000,2.999848,backend_calls,all,14
2026-09-04_10-41-47-475152_earlyRefresh,earlyRefresh,high-skew-zipf,1788518511.475000,3.999848,backend_calls,all,21
2026-09-04_10-41-47-475152_earlyRefresh,earlyRefresh,high-skew-zipf,1788518512.475000,4.999848,backend_calls,all,28
2026-09-04_10-41-47-475152_earlyRefresh,earlyRefresh,high-skew-zipf,1788518513.475000,5.999848,backend_calls,all,33
2026-09-04_10-41-47-475152_earlyRefresh,earlyRefresh,high-skew-zipf,1788518514.475000,6.999848,backend_calls,all,39
2026-09-04_10-41-47-475152_earlyRefresh,earlyRefresh,high-skew-zipf,1788518515.475000,7.999848,backend_calls,all,46
2026-09-04_10-41-47-475152_earlyRefresh,earlyRefresh,high-skew-zipf,1788518516.475000,8.999848,backend_calls,all,53
2026-09-04_10-41-47-475152_earlyRefresh,earlyRefresh,high-skew-zipf,1788518517.475000,9.999848,backend_calls,all,58
2026-09-04_10-41-47-475152_earlyRefresh,earlyRefresh,high-skew-zipf,1788518518.475000,10.999848,backend_calls,all,63
2026-09-04_10-41-47-475152_earlyRefresh,earlyRefresh,high-skew-zipf,1788518519.475000,11.999848,backend_calls,all,67
2026-09-04_10-41-47-475152_earlyRefresh,earlyRefresh,high-skew-zipf,1788518520.475000,12.999848,backend_calls,all,70
2026-09-04_10-41-47-475152_earlyRefresh,earlyRefresh,high-skew-zipf,1788518521.475000,13.999848,backend_calls,all,74
2026-09-04_10-41-47-475152_earlyRefresh,earlyRefresh,high-skew-zipf,1788518522.475000,14.999848,backend_calls,all,77
2026-09-04_10-41-47-475152_earlyRefresh,earlyRefresh,high-skew-zipf,1788518523.475000,15.999848,backend_calls,all,82
2026-09-04_10-41-47-475152_earlyRefresh,earlyRefresh,high-skew-zipf,1788518524.475000,16.999848,backend_calls,all,90
2026-09-04_10-41-47-475152_earlyRefresh,earlyRefresh,high-skew-zipf,1788518525.475000,17.999848,backend_calls,all,107
2026-09-04_10-41-47-475152_earlyRefresh,earlyRefresh,high-skew-zipf,1788518526.475000,18.999848,backend_calls,all,122
2026-09-04_10-41-47-475152_earlyRefresh,earlyRefresh,high-skew-zipf,1788518527.475000,19.999848,backend_calls,all,130
2026-09-04_10-41-47-475152_earlyRefresh,earlyRefresh,high-skew-zipf,1788518528.475000,20.999848,backend_calls,all,143
2026-09-04_10-41-47-475152_earlyRefresh,earlyRefresh,high-skew-zipf,1788518529.475000,21.999848,backend_calls,all,152
2026-09-04_10-41-47-475152_earlyRefresh,earlyRefresh,high-skew-zipf,1788518530.475000,22.999848,backend_calls,all,170
2026-09-04_10-41-47-475152_earlyRefresh,earlyRefresh,high-skew-zipf,1788518531.475000,23.999848,backend_calls,all,182
2026-09-04_10-41-47-475152_earlyRefresh,earlyRefresh,high-skew-zipf,1788518532.475000,24.999848,backend_calls,all,185
2026-09-04_10-41-47-475152_earlyRefresh,earlyRefresh,high-skew-zipf,1788518533.475000,25.999848,backend_calls,all,195
2026-09-04_10-41-47-475152_earlyRefresh,earlyRefresh,high-skew-zipf,1788518534.475000,26.999848,backend_calls,all,202
2026-09-04_10-41-47-475152_earlyRefresh,earlyRefresh,high-skew-zipf,1788518535.475000,27.999848,backend_calls,all,208
2026-09-04_10-41-47-475152_earlyRefresh,earlyRefresh,high-skew-zipf,1788518536.475000,28.999848,backend_calls,all,224
2026-09-04_10-41-47-475152_earlyRefresh,earlyRefresh,high-skew-zipf,1788518537.475000,29.999848,backend_calls,all,234
2026-09-04_10-41-47-475152_earlyRefresh,earlyRefresh,high-skew-zipf,1788518538.475000,30.999848,backend_calls,all,246
2026-09-04_10-41-47-475152_earlyRefresh,earlyRefresh,high-skew-zipf,1788518539.475000,31.999848,backend_calls,all,250
2026-09-04_10-41-47-475152_earlyRefresh,earlyRefresh,high-skew-zipf,1788518540.475000,32.999848,backend_calls,all,260
2026-09-04_10-41-47-475152_earlyRefresh,earlyRefresh,high-skew-zipf,1788518541.475000,33.999848,backend_calls,all,279
2026-09-04_10-41-47-475152_earlyRefresh,earlyRefresh,high-skew-zipf,1788518542.475000,34.999848,backend_calls,all,294
2026-09-04_10-41-47-475152_earlyRefresh,earlyRefresh,high-skew-zipf,1788518543.475000,35.999848,backend_calls,all,301
2026-09-04_10-41-47-475152_earlyRefresh,earlyRefresh,high-skew-zipf,1788518544.475000,36.999848,backend_calls,all,311
2026-09-04_10-41-47-475152_earlyRefresh,earlyRefresh,high-skew-zipf,1788518545.475000,37.999848,backend_calls,all,318
2026-09-04_10-41-47-475152_earlyRefresh,earlyRefresh,high-skew-zipf,1788518546.475000,38.999848,backend_calls,all,325
2026-09-04_10-41-47-475152_earlyRefresh,earlyRefresh,high-skew-zipf,1788518547.475000,39.999848,backend_calls,all,338
2026-09-04_10-41-47-475152_earlyRefresh,earlyRefresh,high-skew-zipf,1788518548.475000,40.999848,backend_calls,all,346
2026-09-04_10-41-47-475152_earlyRefresh,earlyRefresh,high-skew-zipf,1788518549.475000,41.999848,backend_calls,all,356
2026-09-04_10-41-47-475152_earlyRefresh,earlyRefresh,high-skew-zipf,1788518550.475000,42.999848,backend_calls,all,364
2026-09-04_10-41-47-475152_earlyRefresh,earlyRefresh,high-skew-zipf,1788518551.475000,43.999848,backend_calls,all,371
2026-09-04_10-41-47-475152_earlyRefresh,earlyRefresh,high-skew-zipf,1788518552.475000,44.999848,backend_calls,all,383
2026-09-04_10-41-47-475152_earlyRefresh,earlyRefresh,high-skew-zipf,1788518553.475000,45.999848,backend_calls,all,396
2026-09-04_10-41-47-475152_earlyRefresh,earlyRefresh,high-skew-zipf,1788518554.475000,46.999848,backend_calls,all,401
2026-09-04_10-41-47-475152_earlyRefresh,earlyRefresh,high-skew-zipf,1788518555.475000,47.999848,backend_calls,all,412
2026-09-04_10-41-47-475152_earlyRefresh,earlyRefresh,high-skew-zipf,1788518556.475000,48.999848,backend_calls,all,419
2026-09-04_10-41-47-475152_earlyRefresh,earlyRefresh,high-skew-zipf,1788518557.475000,49.999848,backend_calls,all,430
2026-09-04_10-41-47-475152_earlyRefresh,earlyRefresh,high-skew-zipf,1788518558.475000,50.999848,backend_calls,all,445
2026-09-04_10-41-47-475152_earlyRefresh,earlyRefresh,high-skew-zipf,1788518559.475000,51.999848,backend_calls,all,449
2026-09-04_10-41-47-475152_earlyRefresh,earlyRefresh,high-skew-zipf,1788518560.475000,52.999848,backend_calls,all,457
2026-09-04_10-41-47-475152_earlyRefresh,earlyRefresh,high-skew-zipf,1788518561.475000,53.999848,backend_calls,all,469
2026-09-04_10-41-47-475152_earlyRefresh,earlyRefresh,high-skew-zipf,1788518562.475000,54.999848,backend_calls,all,471
2026-09-04_10-41-47-475152_earlyRefresh,earlyRefresh,high-skew-zipf,1788518563.475000,55.999848,backend_calls,all,479
2026-09-04_10-41-47-475152_earlyRefresh,earlyRefresh,high-skew-zipf,1788518564.475000,56.999848,backend_calls,all,485
2026-09-04_10-41-47-475152_earlyRefresh,earlyRefresh,high-skew-zipf,1788518565.475000,57.999848,backend_calls,all,492
2026-09-04_10-41-47-475152_earlyRefresh,earlyRefresh,high-skew-zipf,1788518566.475000,58.999848,backend_calls,all,501
2026-09-04_10-41-47-475152_earlyRefresh,earlyRefresh,high-skew-zipf,1788518567.475000,59.999848,backend_calls,all,501
2026-09-04_10-41-47-475152_earlyRefresh,earlyRefresh,high-skew-zipf,1788518568.475000,60.999848,backend_calls,all,503
2026-09-04_10-41-47-475152_earlyRefresh,earlyRefresh,high-skew-zipf,1788518569.475000,61.999848,backend_calls,all,511
2026-09-04_10-41-47-475152_earlyRefresh,earlyRefresh,high-skew-zipf,1788518570.475000,62.999848,backend_calls,all,513
2026-09-04_10-41-47-475152_earlyRefresh,earlyRefresh,high-skew-zipf,1788518571.475000,63.999848,backend_calls,all,521
2026-09-04_10-41-47-475152_earlyRefresh,earlyRefresh,high-skew-zipf,1788518572.475000,64.999848,backend_calls,all,528
2026-09-04_10-41-47-475152_earlyRefresh,earlyRefresh,high-skew-zipf,1788518573.475000,65.999848,backend_calls,all,544
2026-09-04_10-41-47-475152_earlyRefresh,earlyRefresh,high-skew-zipf,1788518574.475000,66.999848,backend_calls,all,564
2026-09-04_10-41-47-475152_earlyRefresh,earlyRefresh,high-skew-zipf,1788518575.475000,67.999848,backend_calls,all,572
2026-09-04_10-41-47-475152_earlyRefresh,earlyRefresh,high-skew-zipf,1788518576.475000,68.999848,backend_calls,all,584
2026-09-04_10-41-47-475152_earlyRefresh,earlyRefresh,high-skew-zipf,1788518577.475000,69.999848,backend_calls,all,593
2026-09-04_10-41-47-475152_earlyRefresh,earlyRefresh,high-skew-zipf,1788518578.475000,70.999848,backend_calls,all,600
2026-09-04_10-41-47-475152_earlyRefresh,earlyRefresh,high-skew-zipf,1788518579.475000,71.999848,backend_calls,all,621
2026-09-04_10-41-47-475152_earlyRefresh,earlyRefresh,high-skew-zipf,1788518580.475000,72.999848,backend_calls,all,639
2026-09-04_10-41-47-475152_earlyRefresh,earlyRefresh,high-skew-zipf,1788518581.475000,73.999848,backend_calls,all,646
2026-09-04_10-41-47-475152_earlyRefresh,earlyRefresh,high-skew-zipf,1788518582.475000,74.999848,backend_calls,all,654
2026-09-04_10-41-47-475152_earlyRefresh,earlyRefresh,high-skew-zipf,1788518583.475000,75.999848,backend_calls,all,662
2026-09-04_10-41-47-475152_earlyRefresh,earlyRefresh,high-skew-zipf,1788518584.475000,76.999848,backend_calls,all,678
2026-09-04_10-41-47-475152_earlyRefresh,earlyRefresh,high-skew-zipf,1788518585.475000,77.999848,backend_calls,all,689
2026-09-04_10-41-47-475152_earlyRefresh,earlyRefresh,high-skew-zipf,1788518586.475000,78.999848,backend_calls,all,702
2026-09-04_10-41-47-475152_earlyRefresh,earlyRefresh,high-skew-zipf,1788518587.475000,79.999848,backend_calls,all,709
2026-09-04_10-41-47-475152_earlyRefresh,earlyRefresh,high-skew-zipf,1788518588.475000,80.999848,backend_calls,all,722
2026-09-04_10-41-47-475152_earlyRefresh,earlyRefresh,high-skew-zipf,1788518589.475000,81.999848,backend_calls,all,727
2026-09-04_10-41-47-475152_earlyRefresh,earlyRefresh,high-skew-zipf,1788518590.475000,82.999848,backend_calls,all,740
2026-09-04_10-41-47-475152_earlyRefresh,earlyRefresh,high-skew-zipf,1788518591.475000,83.999848,backend_calls,all,753
2026-09-04_10-41-47-475152_earlyRefresh,earlyRefresh,high-skew-zipf,1788518592.475000,84.999848,backend_calls,all,761
2026-09-04_10-41-47-475152_earlyRefresh,earlyRefresh,high-skew-zipf,1788518593.475000,85.999848,backend_calls,all,770
2026-09-04_10-41-47-475152_earlyRefresh,earlyRefresh,high-skew-zipf,1788518594.475000,86.999848,backend_calls,all,778
2026-09-04_10-41-47-475152_earlyRefresh,earlyRefresh,high-skew-zipf,1788518595.475000,87.999848,backend_calls,all,789
2026-09-04_10-41-47-475152_earlyRefresh,earlyRefresh,high-skew-zipf,1788518596.475000,88.999848,backend_calls,all,802
2026-09-04_10-41-47-475152_earlyRefresh,earlyRefresh,high-skew-zipf,1788518597.475000,89.999848,backend_calls,all,808
2026-09-04_10-41-47-475152_earlyRefresh,earlyRefresh,high-skew-zipf,1788518598.475000,90.999848,backend_calls,all,814
2026-09-04_10-41-47-475152_earlyRefresh,earlyRefresh,high-skew-zipf,1788518599.475000,91.999848,backend_calls,all,824
2026-09-04_10-41-47-475152_earlyRefresh,earlyRefresh,high-skew-zipf,1788518600.475000,92.999848,backend_calls,all,836
2026-09-04_10-41-47-475152_earlyRefresh,earlyRefresh,high-skew-zipf,1788518601.475000,93.999848,backend_calls,all,849
2026-09-04_10-41-47-475152_earlyRefresh,earlyRefresh,high-skew-zipf,1788518602.475000,94.999848,backend_calls,all,859
2026-09-04_10-41-47-475152_earlyRefresh,earlyRefresh,high-skew-zipf,1788518603.475000,95.999848,backend_calls,all,868
2026-09-04_10-41-47-475152_earlyRefresh,earlyRefresh,high-skew-zipf,1788518604.475000,96.999848,backend_calls,all,878
2026-09-04_10-41-47-475152_earlyRefresh,earlyRefresh,high-skew-zipf,1788518605.475000,97.999848,backend_calls,all,887
2026-09-04_10-41-47-475152_earlyRefresh,earlyRefresh,high-skew-zipf,1788518606.475000,98.999848,backend_calls,all,903
2026-09-04_10-41-47-475152_earlyRefresh,earlyRefresh,high-skew-zipf,1788518607.475000,99.999848,backend_calls,all,918
2026-09-04_10-41-47-475152_earlyRefresh,earlyRefresh,high-skew-zipf,1788518608.475000,100.999848,backend_calls,all,929
2026-09-04_10-41-47-475152_earlyRefresh,earlyRefresh,high-skew-zipf,1788518609.475000,101.999848,backend_calls,all,943
2026-09-04_10-41-47-475152_earlyRefresh,earlyRefresh,high-skew-zipf,1788518610.475000,102.999848,backend_calls,all,954
2026-09-04_10-41-47-475152_earlyRefresh,earlyRefresh,high-skew-zipf,1788518611.475000,103.999848,backend_calls,all,968
2026-09-04_10-41-47-475152_earlyRefresh,earlyRefresh,high-skew-zipf,1788518612.475000,104.999848,backend_calls,all,978
2026-09-04_10-41-47-475152_earlyRefresh,earlyRefresh,high-skew-zipf,1788518613.475000,105.999848,backend_calls,all,987
2026-09-04_10-41-47-475152_earlyRefresh,earlyRefresh,high-skew-zipf,1788518614.475000,106.999848,backend_calls,all,1003
2026-09-04_10-41-47-475152_earlyRefresh,earlyRefresh,high-skew-zipf,1788518615.475000,107.999848,backend_calls,all,1013
2026-09-04_10-41-47-475152_earlyRefresh,earlyRefresh,high-skew-zipf,1788518616.475000,108.999848,backend_calls,all,1027
2026-09-04_10-41-47-475152_earlyRefresh,earlyRefresh,high-skew-zipf,1788518617.475000,109.999848,backend_calls,all,1044
2026-09-04_10-41-47-475152_earlyRefresh,earlyRefresh,high-skew-zipf,1788518618.475000,110.999848,backend_calls,all,1053
2026-09-04_10-41-47-475152_earlyRefresh,earlyRefresh,high-skew-zipf,1788518619.475000,111.999848,backend_calls,all,1064
2026-09-04_10-41-47-475152_earlyRefresh,earlyRefresh,high-skew-zipf,1788518620.475000,112.999848,backend_calls,all,1073
2026-09-04_10-41-47-475152_earlyRefresh,earlyRefresh,high-skew-zipf,1788518621.475000,113.999848,backend_calls,all,1085
2026-09-04_10-41-47-475152_earlyRefresh,earlyRefresh,high-skew-zipf,1788518622.475000,114.999848,backend_calls,all,1095
2026-09-04_10-41-47-475152_earlyRefresh,earlyRefresh,high-skew-zipf,1788518623.475000,115.999848,backend_calls,all,1103
2026-09-04_10-41-47-475152_earlyRefresh,earlyRefresh,high-skew-zipf,1788518624.475000,116.999848,backend_calls,all,1112
2026-09-04_10-41-47-475152_earlyRefresh,earlyRefresh,high-skew-zipf,1788518625.475000,117.999848,backend_calls,all,1119
2026-09-04_10-41-47-475152_earlyRefresh,earlyRefresh,high-skew-zipf,1788518626.475000,118.999848,backend_calls,all,1127
2026-09-04_10-41-47-475152_earlyRefresh,earlyRefresh,high-skew-zipf,1788518627.475000,119.999848,backend_calls,all,1141
2026-09-04_10-41-47-475152_earlyRefresh,earlyRefresh,high-skew-zipf,1788518628.475000,120.999848,backend_calls,all,1155
2026-09-04_10-41-47-475152_earlyRefresh,earlyRefresh,high-skew-zipf,1788518629.475000,121.999848,backend_calls,all,1168
2026-09-04_10-41-47-475152_earlyRefresh,earlyRefresh,high-skew-zipf,1788518630.475000,122.999848,backend_calls,all,1171
2026-09-04_10-41-47-475152_earlyRefresh,earlyRefresh,high-skew-zipf,1788518631.475000,123.999848,backend_calls,all,1180
2026-09-04_10-41-47-475152_earlyRefresh,earlyRefresh,high-skew-zipf,1788518632.475000,124.999848,backend_calls,all,1191
2026-09-04_10-41-47-475152_earlyRefresh,earlyRefresh,high-skew-zipf,1788518633.475000,125.999848,backend_calls,all,1201
2026-09-04_10-41-47-475152_earlyRefresh,earlyRefresh,high-skew-zipf,1788518634.475000,126.999848,backend_calls,all,1214
2026-09-04_10-41-47-475152_earlyRefresh,earlyRefresh,high-skew-zipf,1788518635.475000,127.999848,backend_calls,all,1226
2026-09-04_10-41-47-475152_earlyRefresh,earlyRefresh,high-skew-zipf,1788518636.475000,128.999848,backend_calls,all,1233
2026-09-04_10-41-47-475152_earlyRefresh,earlyRefresh,high-skew-zipf,1788518637.475000,129.999848,backend_calls,all,1244
2026-09-04_10-41-47-475152_earlyRefresh,earlyRefresh,high-skew-zipf,1788518638.475000,130.999848,backend_calls,all,1254
2026-09-04_10-41-47-475152_earlyRefresh,earlyRefresh,high-skew-zipf,1788518639.475000,131.999848,backend_calls,all,1263
2026-09-04_10-41-47-475152_earlyRefresh,earlyRefresh,high-skew-zipf,1788518640.475000,132.999848,backend_calls,all,1276
2026-09-04_10-41-47-475152_earlyRefresh,earlyRefresh,high-skew-zipf,1788518641.475000,133.999848,backend_calls,all,1284
2026-09-04_10-41-47-475152_earlyRefresh,earlyRefresh,high-skew-zipf,1788518642.475000,134.999848,backend_calls,all,1291
2026-09-04_10-41-47-475152_earlyRefresh,earlyRefresh,high-skew-zipf,1788518643.475000,135.999848,backend_calls,all,1303
2026-09-04_10-41-47-475152_earlyRefresh,earlyRefresh,high-skew-zipf,1788518644.475000,136.999848,backend_calls,all,1311
2026-09-04_10-41-47-475152_earlyRefresh,earlyRefresh,high-skew-zipf,1788518645.475000,137.999848,backend_calls,all,1327
2026-09-04_10-41-47-475152_earlyRefresh,earlyRefresh,high-skew-zipf,1788518646.475000,138.999848,backend_calls,all,1335
2026-09-04_10-41-47-475152_earlyRefresh,earlyRefresh,high-skew-zipf,1788518647.475000,139.999848,backend_calls,all,1342
2026-09-04_10-41-47-475152_earlyRefresh,earlyRefresh,high-skew-zipf,1788518648.475000,140.999848,backend_calls,all,1349
2026-09-04_10-41-47-475152_earlyRefresh,earlyRefresh,high-skew-zipf,1788518649.475000,141.999848,backend_calls,all,1358
2026-09-04_10-41-47-475152_earlyRefresh,earlyRefresh,high-skew-zipf,1788518650.475000,142.999848,backend_calls,all,1365
2026-09-04_10-41-47-475152_earlyRefresh,earlyRefresh,high-skew-zipf,1788518651.475000,143.999848,backend_calls,all,1372
2026-09-04_10-41-47-475152_earlyRefresh,earlyRefresh,high-skew-zipf,1788518652.475000,144.999848,backend_calls,all,1379
2026-09-04_10-41-47-475152_earlyRefresh,earlyRefresh,high-skew-zipf,1788518653.475000,145.999848,backend_calls,all,1382
2026-09-04_10-41-47-475152_earlyRefresh,earlyRefresh,high-skew-zipf,1788518654.475000,146.999848,backend_calls,all,1389
2026-09-04_10-41-47-475152_earlyRefresh,earlyRefresh,high-skew-zipf,1788518655.475000,147.999848,backend_calls,all,1397
2026-09-04_10-41-47-475152_earlyRefresh,earlyRefresh,high-skew-zipf,1788518656.475000,148.999848,backend_calls,all,1407
2026-09-04_10-41-47-475152_earlyRefresh,earlyRefresh,high-skew-zipf,1788518657.475000,149.999848,backend_calls,all,1413
2026-09-04_10-41-47-475152_earlyRefresh,earlyRefresh,high-skew-zipf,1788518658.475000,150.999848,backend_calls,all,1418
2026-09-04_10-41-47-475152_earlyRefresh,earlyRefresh,high-skew-zipf,1788518659.475000,151.999848,backend_calls,all,1430
2026-09-04_10-41-47-475152_earlyRefresh,earlyRefresh,high-skew-zipf,1788518660.475000,152.999848,backend_calls,all,1440
2026-09-04_10-41-47-475152_earlyRefresh,earlyRefresh,high-skew-zipf,1788518661.475000,153.999848,backend_calls,all,1459
2026-09-04_10-41-47-475152_earlyRefresh,earlyRefresh,high-skew-zipf,1788518662.475000,154.999848,backend_calls,all,1466
2026-09-04_10-41-47-475152_earlyRefresh,earlyRefresh,high-skew-zipf,1788518663.475000,155.999848,backend_calls,all,1473
2026-09-04_10-41-47-475152_earlyRefresh,earlyRefresh,high-skew-zipf,1788518664.475000,156.999848,backend_calls,all,1483
2026-09-04_10-41-47-475152_earlyRefresh,earlyRefresh,high-skew-zipf,1788518665.475000,157.999848,backend_calls,all,1493
2026-09-04_10-41-47-475152_earlyRefresh,earlyRefresh,high-skew-zipf,1788518666.475000,158.999848,backend_calls,all,1500
2026-09-04_10-41-47-475152_earlyRefresh,earlyRefresh,high-skew-zipf,1788518667.475000,159.999848,backend_calls,all,1511
2026-09-04_10-41-47-475152_earlyRefresh,earlyRefresh,high-skew-zipf,1788518668.475000,160.999848,backend_calls,all,1518
2026-09-04_10-41-47-475152_earlyRefresh,earlyRefresh,high-skew-zipf,1788518669.475000,161.999848,backend_calls,all,1527
2026-09-04_10-41-47-475152_earlyRefresh,earlyRefresh,high-skew-zipf,1788518670.475000,162.999848,backend_calls,all,1549
2026-09-04_10-41-47-475152_earlyRefresh,earlyRefresh,high-skew-zipf,1788518671.475000,163.999848,backend_calls,all,1561
2026-09-04_10-41-47-475152_earlyRefresh,earlyRefresh,high-skew-zipf,1788518672.475000,164.999848,backend_calls,all,1571
2026-09-04_10-41-47-475152_earlyRefresh,earlyRefresh,high-skew-zipf,1788518673.475000,165.999848,backend_calls,all,1581
2026-09-04_10-41-47-475152_earlyRefresh,earlyRefresh,high-skew-zipf,1788518674.475000,166.999848,backend_calls,all,1588
2026-09-04_10-41-47-475152_earlyRefresh,earlyRefresh,high-skew-zipf,1788518675.475000,167.999848,backend_calls,all,1604
2026-09-04_10-41-47-475152_earlyRefresh,earlyRefresh,high-skew-zipf,1788518676.475000,168.999848,backend_calls,all,1617
2026-09-04_10-41-47-475152_earlyRefresh,earlyRefresh,high-skew-zipf,1788518677.475000,169.999848,backend_calls,all,1629
2026-09-04_10-41-47-475152_earlyRefresh,earlyRefresh,high-skew-zipf,1788518678.475000,170.999848,backend_calls,all,1647
2026-09-04_10-41-47-475152_earlyRefresh,earlyRefresh,high-skew-zipf,1788518679.475000,171.999848,backend_calls,all,1654
2026-09-04_10-41-47-475152_earlyRefresh,earlyRefresh,high-skew-zipf,1788518680.475000,172.999848,backend_calls,all,1663
2026-09-04_10-41-47-475152_earlyRefresh,earlyRefresh,high-skew-zipf,1788518681.475000,173.999848,backend_calls,all,1682
2026-09-04_10-41-47-475152_earlyRefresh,earlyRefresh,high-skew-zipf,1788518682.475000,174.999848,backend_calls,all,1689
2026-09-04_10-41-47-475152_earlyRefresh,earlyRefresh,high-skew-zipf,1788518683.475000,175.999848,backend_calls,all,1706
2026-09-04_10-41-47-475152_earlyRefresh,earlyRefresh,high-skew-zipf,1788518684.475000,176.999848,backend_calls,all,1710
2026-09-04_10-41-47-475152_earlyRefresh,earlyRefresh,high-skew-zipf,1788518685.475000,177.999848,backend_calls,all,1721
2026-09-04_10-41-47-475152_earlyRefresh,earlyRefresh,high-skew-zipf,1788518686.475000,178.999848,backend_calls,all,1734
2026-09-04_10-41-47-475152_earlyRefresh,earlyRefresh,high-skew-zipf,1788518687.475000,179.999848,backend_calls,all,1746
2026-09-04_10-41-47-475152_earlyRefresh,earlyRefresh,high-skew-zipf,1788518688.475000,180.999848,backend_calls,all,1755
2026-09-04_10-41-47-475152_earlyRefresh,earlyRefresh,high-skew-zipf,1788518689.475000,181.999848,backend_calls,all,1769
2026-09-04_10-41-47-475152_earlyRefresh,earlyRefresh,high-skew-zipf,1788518690.475000,182.999848,backend_calls,all,1776
2026-09-04_10-41-47-475152_earlyRefresh,earlyRefresh,high-skew-zipf,1788518691.475000,183.999848,backend_calls,all,1785
2026-09-04_10-41-47-475152_earlyRefresh,earlyRefresh,high-skew-zipf,1788518692.475000,184.999848,backend_calls,all,1798
2026-09-04_10-41-47-475152_earlyRefresh,earlyRefresh,high-skew-zipf,1788518693.475000,185.999848,backend_calls,all,1808
2026-09-04_10-41-47-475152_earlyRefresh,earlyRefresh,high-skew-zipf,1788518694.475000,186.999848,backend_calls,all,1819
2026-09-04_10-41-47-475152_earlyRefresh,earlyRefresh,high-skew-zipf,1788518695.475000,187.999848,backend_calls,all,1827
2026-09-04_10-41-47-475152_earlyRefresh,earlyRefresh,high-skew-zipf,1788518696.475000,188.999848,backend_calls,all,1833
2026-09-04_10-41-47-475152_earlyRefresh,earlyRefresh,high-skew-zipf,1788518697.475000,189.999848,backend_calls,all,1841
2026-09-04_10-41-47-475152_earlyRefresh,earlyRefresh,high-skew-zipf,1788518698.475000,190.999848,backend_calls,all,1847
2026-09-04_10-41-47-475152_earlyRefresh,earlyRefresh,high-skew-zipf,1788518699.475000,191.999848,backend_calls,all,1862
2026-09-04_10-41-47-475152_earlyRefresh,earlyRefresh,high-skew-zipf,1788518700.475000,192.999848,backend_calls,all,1880
2026-09-04_10-41-47-475152_earlyRefresh,earlyRefresh,high-skew-zipf,1788518701.475000,193.999848,backend_calls,all,1891
2026-09-04_10-41-47-475152_earlyRefresh,earlyRefresh,high-skew-zipf,1788518702.475000,194.999848,backend_calls,all,1900
2026-09-04_10-41-47-475152_earlyRefresh,earlyRefresh,high-skew-zipf,1788518703.475000,195.999848,backend_calls,all,1913
2026-09-04_10-41-47-475152_earlyRefresh,earlyRefresh,high-skew-zipf,1788518704.475000,196.999848,backend_calls,all,1920
2026-09-04_10-41-47-475152_earlyRefresh,earlyRefresh,high-skew-zipf,1788518705.475000,197.999848,backend_calls,all,1932
2026-09-04_10-41-47-475152_earlyRefresh,earlyRefresh,high-skew-zipf,1788518706.475000,198.999848,backend_calls,all,1941
2026-09-04_10-41-47-475152_earlyRefresh,earlyRefresh,high-skew-zipf,1788518707.475000,199.999848,backend_calls,all,1950
2026-09-04_10-41-47-475152_earlyRefresh,earlyRefresh,high-skew-zipf,1788518708.475000,200.999848,backend_calls,all,1955
2026-09-04_10-41-47-475152_earlyRefresh,earlyRefresh,high-skew-zipf,1788518709.475000,201.999848,backend_calls,all,1964
2026-09-04_10-41-47-475152_earlyRefresh,earlyRefresh,high-skew-zipf,1788518710.475000,202.999848,backend_calls,all,1972
2026-09-04_10-41-47-475152_earlyRefresh,earlyRefresh,high-skew-zipf,1788518711.475000,203.999848,backend_calls,all,1977
2026-09-04_10-41-47-475152_earlyRefresh,earlyRefresh,high-skew-zipf,1788518712.475000,204.999848,backend_calls,all,1981
2026-09-04_10-41-47-475152_earlyRefresh,earlyRefresh,high-skew-zipf,1788518713.475000,205.999848,backend_calls,all,1991
2026-09-04_10-41-47-475152_earlyRefresh,earlyRefresh,high-skew-zipf,1788518714.475000,206.999848,backend_calls,all,1997
2026-09-04_10-41-47-475152_earlyRefresh,earlyRefresh,high-skew-zipf,1788518715.475000,207.999848,backend_calls,all,2011
2026-09-04_10-41-47-475152_earlyRefresh,earlyRefresh,high-skew-zipf,1788518716.475000,208.999848,backend_calls,all,2021
2026-09-04_10-41-47-475152_earlyRefresh,earlyRefresh,high-skew-zipf,1788518717.475000,209.999848,backend_calls,all,2032
2026-09-04_10-41-47-475152_earlyRefresh,earlyRefresh,high-skew-zipf,1788518718.475000,210.999848,backend_calls,all,2045
2026-09-04_10-41-47-475152_earlyRefresh,earlyRefresh,high-skew-zipf,1788518719.475000,211.999848,backend_calls,all,2055
2026-09-04_10-41-47-475152_earlyRefresh,earlyRefresh,high-skew-zipf,1788518720.475000,212.999848,backend_calls,all,2061
2026-09-04_10-41-47-475152_earlyRefresh,earlyRefresh,high-skew-zipf,1788518721.475000,213.999848,backend_calls,all,2080
2026-09-04_10-41-47-475152_earlyRefresh,earlyRefresh,high-skew-zipf,1788518722.475000,214.999848,backend_calls,all,2087
2026-09-04_10-41-47-475152_earlyRefresh,earlyRefresh,high-skew-zipf,1788518723.475000,215.999848,backend_calls,all,2092
2026-09-04_10-41-47-475152_earlyRefresh,earlyRefresh,high-skew-zipf,1788518724.475000,216.999848,backend_calls,all,2100
2026-09-04_10-41-47-475152_earlyRefresh,earlyRefresh,high-skew-zipf,1788518725.475000,217.999848,backend_calls,all,2111
2026-09-04_10-41-47-475152_earlyRefresh,earlyRefresh,high-skew-zipf,1788518726.475000,218.999848,backend_calls,all,2122
2026-09-04_10-41-47-475152_earlyRefresh,earlyRefresh,high-skew-zipf,1788518727.475000,219.999848,backend_calls,all,2138
2026-09-04_10-41-47-475152_earlyRefresh,earlyRefresh,high-skew-zipf,1788518728.475000,220.999848,backend_calls,all,2152
2026-09-04_10-41-47-475152_earlyRefresh,earlyRefresh,high-skew-zipf,1788518729.475000,221.999848,backend_calls,all,2160
2026-09-04_10-41-47-475152_earlyRefresh,earlyRefresh,high-skew-zipf,1788518730.475000,222.999848,backend_calls,all,2177
2026-09-04_10-41-47-475152_earlyRefresh,earlyRefresh,high-skew-zipf,1788518731.475000,223.999848,backend_calls,all,2183
2026-09-04_10-41-47-475152_earlyRefresh,earlyRefresh,high-skew-zipf,1788518732.475000,224.999848,backend_calls,all,2195
2026-09-04_10-41-47-475152_earlyRefresh,earlyRefresh,high-skew-zipf,1788518733.475000,225.999848,backend_calls,all,2206
2026-09-04_10-41-47-475152_earlyRefresh,earlyRefresh,high-skew-zipf,1788518734.475000,226.999848,backend_calls,all,2221
2026-09-04_10-41-47-475152_earlyRefresh,earlyRefresh,high-skew-zipf,1788518735.475000,227.999848,backend_calls,all,2230
2026-09-04_10-41-47-475152_earlyRefresh,earlyRefresh,high-skew-zipf,1788518736.475000,228.999848,backend_calls,all,2236
2026-09-04_10-41-47-475152_earlyRefresh,earlyRefresh,high-skew-zipf,1788518737.475000,229.999848,backend_calls,all,2245
2026-09-04_10-41-47-475152_earlyRefresh,earlyRefresh,high-skew-zipf,1788518738.475000,230.999848,backend_calls,all,2254
2026-09-04_10-41-47-475152_earlyRefresh,earlyRefresh,high-skew-zipf,1788518739.475000,231.999848,backend_calls,all,2259
2026-09-04_10-41-47-475152_earlyRefresh,earlyRefresh,high-skew-zipf,1788518740.475000,232.999848,backend_calls,all,2267
2026-09-04_10-41-47-475152_earlyRefresh,earlyRefresh,high-skew-zipf,1788518741.475000,233.999848,backend_calls,all,2278
2026-09-04_10-41-47-475152_earlyRefresh,earlyRefresh,high-skew-zipf,1788518742.475000,234.999848,backend_calls,all,2287
2026-09-04_10-41-47-475152_earlyRefresh,earlyRefresh,high-skew-zipf,1788518743.475000,235.999848,backend_calls,all,2303
2026-09-04_10-41-47-475152_earlyRefresh,earlyRefresh,high-skew-zipf,1788518744.475000,236.999848,backend_calls,all,2313
2026-09-04_10-41-47-475152_earlyRefresh,earlyRefresh,high-skew-zipf,1788518745.475000,237.999848,backend_calls,all,2315
2026-09-04_10-41-47-475152_earlyRefresh,earlyRefresh,high-skew-zipf,1788518746.475000,238.999848,backend_calls,all,2323
2026-09-04_10-41-47-475152_earlyRefresh,earlyRefresh,high-skew-zipf,1788518747.475000,239.999848,backend_calls,all,2330
2026-09-04_10-41-47-475152_earlyRefresh,earlyRefresh,high-skew-zipf,1788518507.475000,-0.000152,cache_misses,all,0
2026-09-04_10-41-47-475152_earlyRefresh,earlyRefresh,high-skew-zipf,1788518508.475000,0.999848,cache_misses,all,1
2026-09-04_10-41-47-475152_earlyRefresh,earlyRefresh,high-skew-zipf,1788518509.475000,1.999848,cache_misses,all,8
2026-09-04_10-41-47-475152_earlyRefresh,earlyRefresh,high-skew-zipf,1788518510.475000,2.999848,cache_misses,all,16
2026-09-04_10-41-47-475152_earlyRefresh,earlyRefresh,high-skew-zipf,1788518511.475000,3.999848,cache_misses,all,21
2026-09-04_10-41-47-475152_earlyRefresh,earlyRefresh,high-skew-zipf,1788518512.475000,4.999848,cache_misses,all,28
2026-09-04_10-41-47-475152_earlyRefresh,earlyRefresh,high-skew-zipf,1788518513.475000,5.999848,cache_misses,all,34
2026-09-04_10-41-47-475152_earlyRefresh,earlyRefresh,high-skew-zipf,1788518514.475000,6.999848,cache_misses,all,40
2026-09-04_10-41-47-475152_earlyRefresh,earlyRefresh,high-skew-zipf,1788518515.475000,7.999848,cache_misses,all,47
2026-09-04_10-41-47-475152_earlyRefresh,earlyRefresh,high-skew-zipf,1788518516.475000,8.999848,cache_misses,all,51
2026-09-04_10-41-47-475152_earlyRefresh,earlyRefresh,high-skew-zipf,1788518517.475000,9.999848,cache_misses,all,58
2026-09-04_10-41-47-475152_earlyRefresh,earlyRefresh,high-skew-zipf,1788518518.475000,10.999848,cache_misses,all,62
2026-09-04_10-41-47-475152_earlyRefresh,earlyRefresh,high-skew-zipf,1788518519.475000,11.999848,cache_misses,all,67
2026-09-04_10-41-47-475152_earlyRefresh,earlyRefresh,high-skew-zipf,1788518520.475000,12.999848,cache_misses,all,71
2026-09-04_10-41-47-475152_earlyRefresh,earlyRefresh,high-skew-zipf,1788518521.475000,13.999848,cache_misses,all,74
2026-09-04_10-41-47-475152_earlyRefresh,earlyRefresh,high-skew-zipf,1788518522.475000,14.999848,cache_misses,all,78
2026-09-04_10-41-47-475152_earlyRefresh,earlyRefresh,high-skew-zipf,1788518523.475000,15.999848,cache_misses,all,84
2026-09-04_10-41-47-475152_earlyRefresh,earlyRefresh,high-skew-zipf,1788518524.475000,16.999848,cache_misses,all,93
2026-09-04_10-41-47-475152_earlyRefresh,earlyRefresh,high-skew-zipf,1788518525.475000,17.999848,cache_misses,all,114
2026-09-04_10-41-47-475152_earlyRefresh,earlyRefresh,high-skew-zipf,1788518526.475000,18.999848,cache_misses,all,126
2026-09-04_10-41-47-475152_earlyRefresh,earlyRefresh,high-skew-zipf,1788518527.475000,19.999848,cache_misses,all,131
2026-09-04_10-41-47-475152_earlyRefresh,earlyRefresh,high-skew-zipf,1788518528.475000,20.999848,cache_misses,all,142
2026-09-04_10-41-47-475152_earlyRefresh,earlyRefresh,high-skew-zipf,1788518529.475000,21.999848,cache_misses,all,150
2026-09-04_10-41-47-475152_earlyRefresh,earlyRefresh,high-skew-zipf,1788518530.475000,22.999848,cache_misses,all,166
2026-09-04_10-41-47-475152_earlyRefresh,earlyRefresh,high-skew-zipf,1788518531.475000,23.999848,cache_misses,all,180
2026-09-04_10-41-47-475152_earlyRefresh,earlyRefresh,high-skew-zipf,1788518532.475000,24.999848,cache_misses,all,190
2026-09-04_10-41-47-475152_earlyRefresh,earlyRefresh,high-skew-zipf,1788518533.475000,25.999848,cache_misses,all,198
2026-09-04_10-41-47-475152_earlyRefresh,earlyRefresh,high-skew-zipf,1788518534.475000,26.999848,cache_misses,all,203
2026-09-04_10-41-47-475152_earlyRefresh,earlyRefresh,high-skew-zipf,1788518535.475000,27.999848,cache_misses,all,211
2026-09-04_10-41-47-475152_earlyRefresh,earlyRefresh,high-skew-zipf,1788518536.475000,28.999848,cache_misses,all,229
2026-09-04_10-41-47-475152_earlyRefresh,earlyRefresh,high-skew-zipf,1788518537.475000,29.999848,cache_misses,all,236
2026-09-04_10-41-47-475152_earlyRefresh,earlyRefresh,high-skew-zipf,1788518538.475000,30.999848,cache_misses,all,245
2026-09-04_10-41-47-475152_earlyRefresh,earlyRefresh,high-skew-zipf,1788518539.475000,31.999848,cache_misses,all,252
2026-09-04_10-41-47-475152_earlyRefresh,earlyRefresh,high-skew-zipf,1788518540.475000,32.999848,cache_misses,all,261
2026-09-04_10-41-47-475152_earlyRefresh,earlyRefresh,high-skew-zipf,1788518541.475000,33.999848,cache_misses,all,278
2026-09-04_10-41-47-475152_earlyRefresh,earlyRefresh,high-skew-zipf,1788518542.475000,34.999848,cache_misses,all,292
2026-09-04_10-41-47-475152_earlyRefresh,earlyRefresh,high-skew-zipf,1788518543.475000,35.999848,cache_misses,all,303
2026-09-04_10-41-47-475152_earlyRefresh,earlyRefresh,high-skew-zipf,1788518544.475000,36.999848,cache_misses,all,310
2026-09-04_10-41-47-475152_earlyRefresh,earlyRefresh,high-skew-zipf,1788518545.475000,37.999848,cache_misses,all,318
2026-09-04_10-41-47-475152_earlyRefresh,earlyRefresh,high-skew-zipf,1788518546.475000,38.999848,cache_misses,all,327
2026-09-04_10-41-47-475152_earlyRefresh,earlyRefresh,high-skew-zipf,1788518547.475000,39.999848,cache_misses,all,338
2026-09-04_10-41-47-475152_earlyRefresh,earlyRefresh,high-skew-zipf,1788518548.475000,40.999848,cache_misses,all,347
2026-09-04_10-41-47-475152_earlyRefresh,earlyRefresh,high-skew-zipf,1788518549.475000,41.999848,cache_misses,all,353
2026-09-04_10-41-47-475152_earlyRefresh,earlyRefresh,high-skew-zipf,1788518550.475000,42.999848,cache_misses,all,362
2026-09-04_10-41-47-475152_earlyRefresh,earlyRefresh,high-skew-zipf,1788518551.475000,43.999848,cache_misses,all,372
2026-09-04_10-41-47-475152_earlyRefresh,earlyRefresh,high-skew-zipf,1788518552.475000,44.999848,cache_misses,all,384
2026-09-04_10-41-47-475152_earlyRefresh,earlyRefresh,high-skew-zipf,1788518553.475000,45.999848,cache_misses,all,397
2026-09-04_10-41-47-475152_earlyRefresh,earlyRefresh,high-skew-zipf,1788518554.475000,46.999848,cache_misses,all,404
2026-09-04_10-41-47-475152_earlyRefresh,earlyRefresh,high-skew-zipf,1788518555.475000,47.999848,cache_misses,all,413
2026-09-04_10-41-47-475152_earlyRefresh,earlyRefresh,high-skew-zipf,1788518556.475000,48.999848,cache_misses,all,420
2026-09-04_10-41-47-475152_earlyRefresh,earlyRefresh,high-skew-zipf,1788518557.475000,49.999848,cache_misses,all,429
2026-09-04_10-41-47-475152_earlyRefresh,earlyRefresh,high-skew-zipf,1788518558.475000,50.999848,cache_misses,all,443
2026-09-04_10-41-47-475152_earlyRefresh,earlyRefresh,high-skew-zipf,1788518559.475000,51.999848,cache_misses,all,450
2026-09-04_10-41-47-475152_earlyRefresh,earlyRefresh,high-skew-zipf,1788518560.475000,52.999848,cache_misses,all,458
2026-09-04_10-41-47-475152_earlyRefresh,earlyRefresh,high-skew-zipf,1788518561.475000,53.999848,cache_misses,all,469
2026-09-04_10-41-47-475152_earlyRefresh,earlyRefresh,high-skew-zipf,1788518562.475000,54.999848,cache_misses,all,472
2026-09-04_10-41-47-475152_earlyRefresh,earlyRefresh,high-skew-zipf,1788518563.475000,55.999848,cache_misses,all,478
2026-09-04_10-41-47-475152_earlyRefresh,earlyRefresh,high-skew-zipf,1788518564.475000,56.999848,cache_misses,all,486
2026-09-04_10-41-47-475152_earlyRefresh,earlyRefresh,high-skew-zipf,1788518565.475000,57.999848,cache_misses,all,489
2026-09-04_10-41-47-475152_earlyRefresh,earlyRefresh,high-skew-zipf,1788518566.475000,58.999848,cache_misses,all,499
2026-09-04_10-41-47-475152_earlyRefresh,earlyRefresh,high-skew-zipf,1788518567.475000,59.999848,cache_misses,all,500
2026-09-04_10-41-47-475152_earlyRefresh,earlyRefresh,high-skew-zipf,1788518568.475000,60.999848,cache_misses,all,505
2026-09-04_10-41-47-475152_earlyRefresh,earlyRefresh,high-skew-zipf,1788518569.475000,61.999848,cache_misses,all,511
2026-09-04_10-41-47-475152_earlyRefresh,earlyRefresh,high-skew-zipf,1788518570.475000,62.999848,cache_misses,all,515
2026-09-04_10-41-47-475152_earlyRefresh,earlyRefresh,high-skew-zipf,1788518571.475000,63.999848,cache_misses,all,521
2026-09-04_10-41-47-475152_earlyRefresh,earlyRefresh,high-skew-zipf,1788518572.475000,64.999848,cache_misses,all,528
2026-09-04_10-41-47-475152_earlyRefresh,earlyRefresh,high-skew-zipf,1788518573.475000,65.999848,cache_misses,all,548
2026-09-04_10-41-47-475152_earlyRefresh,earlyRefresh,high-skew-zipf,1788518574.475000,66.999848,cache_misses,all,565
2026-09-04_10-41-47-475152_earlyRefresh,earlyRefresh,high-skew-zipf,1788518575.475000,67.999848,cache_misses,all,575
2026-09-04_10-41-47-475152_earlyRefresh,earlyRefresh,high-skew-zipf,1788518576.475000,68.999848,cache_misses,all,588
2026-09-04_10-41-47-475152_earlyRefresh,earlyRefresh,high-skew-zipf,1788518577.475000,69.999848,cache_misses,all,593
2026-09-04_10-41-47-475152_earlyRefresh,earlyRefresh,high-skew-zipf,1788518578.475000,70.999848,cache_misses,all,603
2026-09-04_10-41-47-475152_earlyRefresh,earlyRefresh,high-skew-zipf,1788518579.475000,71.999848,cache_misses,all,623
2026-09-04_10-41-47-475152_earlyRefresh,earlyRefresh,high-skew-zipf,1788518580.475000,72.999848,cache_misses,all,638
2026-09-04_10-41-47-475152_earlyRefresh,earlyRefresh,high-skew-zipf,1788518581.475000,73.999848,cache_misses,all,646
2026-09-04_10-41-47-475152_earlyRefresh,earlyRefresh,high-skew-zipf,1788518582.475000,74.999848,cache_misses,all,655
2026-09-04_10-41-47-475152_earlyRefresh,earlyRefresh,high-skew-zipf,1788518583.475000,75.999848,cache_misses,all,664
2026-09-04_10-41-47-475152_earlyRefresh,earlyRefresh,high-skew-zipf,1788518584.475000,76.999848,cache_misses,all,675
2026-09-04_10-41-47-475152_earlyRefresh,earlyRefresh,high-skew-zipf,1788518585.475000,77.999848,cache_misses,all,689
2026-09-04_10-41-47-475152_earlyRefresh,earlyRefresh,high-skew-zipf,1788518586.475000,78.999848,cache_misses,all,701
2026-09-04_10-41-47-475152_earlyRefresh,earlyRefresh,high-skew-zipf,1788518587.475000,79.999848,cache_misses,all,709
2026-09-04_10-41-47-475152_earlyRefresh,earlyRefresh,high-skew-zipf,1788518588.475000,80.999848,cache_misses,all,719
2026-09-04_10-41-47-475152_earlyRefresh,earlyRefresh,high-skew-zipf,1788518589.475000,81.999848,cache_misses,all,728
2026-09-04_10-41-47-475152_earlyRefresh,earlyRefresh,high-skew-zipf,1788518590.475000,82.999848,cache_misses,all,742
2026-09-04_10-41-47-475152_earlyRefresh,earlyRefresh,high-skew-zipf,1788518591.475000,83.999848,cache_misses,all,753
2026-09-04_10-41-47-475152_earlyRefresh,earlyRefresh,high-skew-zipf,1788518592.475000,84.999848,cache_misses,all,761
2026-09-04_10-41-47-475152_earlyRefresh,earlyRefresh,high-skew-zipf,1788518593.475000,85.999848,cache_misses,all,767
2026-09-04_10-41-47-475152_earlyRefresh,earlyRefresh,high-skew-zipf,1788518594.475000,86.999848,cache_misses,all,776
2026-09-04_10-41-47-475152_earlyRefresh,earlyRefresh,high-skew-zipf,1788518595.475000,87.999848,cache_misses,all,787
2026-09-04_10-41-47-475152_earlyRefresh,earlyRefresh,high-skew-zipf,1788518596.475000,88.999848,cache_misses,all,795
2026-09-04_10-41-47-475152_earlyRefresh,earlyRefresh,high-skew-zipf,1788518597.475000,89.999848,cache_misses,all,808
2026-09-04_10-41-47-475152_earlyRefresh,earlyRefresh,high-skew-zipf,1788518598.475000,90.999848,cache_misses,all,815
2026-09-04_10-41-47-475152_earlyRefresh,earlyRefresh,high-skew-zipf,1788518599.475000,91.999848,cache_misses,all,822
2026-09-04_10-41-47-475152_earlyRefresh,earlyRefresh,high-skew-zipf,1788518600.475000,92.999848,cache_misses,all,837
2026-09-04_10-41-47-475152_earlyRefresh,earlyRefresh,high-skew-zipf,1788518601.475000,93.999848,cache_misses,all,850
2026-09-04_10-41-47-475152_earlyRefresh,earlyRefresh,high-skew-zipf,1788518602.475000,94.999848,cache_misses,all,858
2026-09-04_10-41-47-475152_earlyRefresh,earlyRefresh,high-skew-zipf,1788518603.475000,95.999848,cache_misses,all,869
2026-09-04_10-41-47-475152_earlyRefresh,earlyRefresh,high-skew-zipf,1788518604.475000,96.999848,cache_misses,all,879
2026-09-04_10-41-47-475152_earlyRefresh,earlyRefresh,high-skew-zipf,1788518605.475000,97.999848,cache_misses,all,891
2026-09-04_10-41-47-475152_earlyRefresh,earlyRefresh,high-skew-zipf,1788518606.475000,98.999848,cache_misses,all,902
2026-09-04_10-41-47-475152_earlyRefresh,earlyRefresh,high-skew-zipf,1788518607.475000,99.999848,cache_misses,all,917
2026-09-04_10-41-47-475152_earlyRefresh,earlyRefresh,high-skew-zipf,1788518608.475000,100.999848,cache_misses,all,928
2026-09-04_10-41-47-475152_earlyRefresh,earlyRefresh,high-skew-zipf,1788518609.475000,101.999848,cache_misses,all,943
2026-09-04_10-41-47-475152_earlyRefresh,earlyRefresh,high-skew-zipf,1788518610.475000,102.999848,cache_misses,all,953
2026-09-04_10-41-47-475152_earlyRefresh,earlyRefresh,high-skew-zipf,1788518611.475000,103.999848,cache_misses,all,966
2026-09-04_10-41-47-475152_earlyRefresh,earlyRefresh,high-skew-zipf,1788518612.475000,104.999848,cache_misses,all,979
2026-09-04_10-41-47-475152_earlyRefresh,earlyRefresh,high-skew-zipf,1788518613.475000,105.999848,cache_misses,all,987
2026-09-04_10-41-47-475152_earlyRefresh,earlyRefresh,high-skew-zipf,1788518614.475000,106.999848,cache_misses,all,1002
2026-09-04_10-41-47-475152_earlyRefresh,earlyRefresh,high-skew-zipf,1788518615.475000,107.999848,cache_misses,all,1015
2026-09-04_10-41-47-475152_earlyRefresh,earlyRefresh,high-skew-zipf,1788518616.475000,108.999848,cache_misses,all,1031
2026-09-04_10-41-47-475152_earlyRefresh,earlyRefresh,high-skew-zipf,1788518617.475000,109.999848,cache_misses,all,1044
2026-09-04_10-41-47-475152_earlyRefresh,earlyRefresh,high-skew-zipf,1788518618.475000,110.999848,cache_misses,all,1052
2026-09-04_10-41-47-475152_earlyRefresh,earlyRefresh,high-skew-zipf,1788518619.475000,111.999848,cache_misses,all,1063
2026-09-04_10-41-47-475152_earlyRefresh,earlyRefresh,high-skew-zipf,1788518620.475000,112.999848,cache_misses,all,1073
2026-09-04_10-41-47-475152_earlyRefresh,earlyRefresh,high-skew-zipf,1788518621.475000,113.999848,cache_misses,all,1087
2026-09-04_10-41-47-475152_earlyRefresh,earlyRefresh,high-skew-zipf,1788518622.475000,114.999848,cache_misses,all,1095
2026-09-04_10-41-47-475152_earlyRefresh,earlyRefresh,high-skew-zipf,1788518623.475000,115.999848,cache_misses,all,1099
2026-09-04_10-41-47-475152_earlyRefresh,earlyRefresh,high-skew-zipf,1788518624.475000,116.999848,cache_misses,all,1111
2026-09-04_10-41-47-475152_earlyRefresh,earlyRefresh,high-skew-zipf,1788518625.475000,117.999848,cache_misses,all,1119
2026-09-04_10-41-47-475152_earlyRefresh,earlyRefresh,high-skew-zipf,1788518626.475000,118.999848,cache_misses,all,1127
2026-09-04_10-41-47-475152_earlyRefresh,earlyRefresh,high-skew-zipf,1788518627.475000,119.999848,cache_misses,all,1143
2026-09-04_10-41-47-475152_earlyRefresh,earlyRefresh,high-skew-zipf,1788518628.475000,120.999848,cache_misses,all,1156
2026-09-04_10-41-47-475152_earlyRefresh,earlyRefresh,high-skew-zipf,1788518629.475000,121.999848,cache_misses,all,1164
2026-09-04_10-41-47-475152_earlyRefresh,earlyRefresh,high-skew-zipf,1788518630.475000,122.999848,cache_misses,all,1170
2026-09-04_10-41-47-475152_earlyRefresh,earlyRefresh,high-skew-zipf,1788518631.475000,123.999848,cache_misses,all,1179
2026-09-04_10-41-47-475152_earlyRefresh,earlyRefresh,high-skew-zipf,1788518632.475000,124.999848,cache_misses,all,1186
2026-09-04_10-41-47-475152_earlyRefresh,earlyRefresh,high-skew-zipf,1788518633.475000,125.999848,cache_misses,all,1198
2026-09-04_10-41-47-475152_earlyRefresh,earlyRefresh,high-skew-zipf,1788518634.475000,126.999848,cache_misses,all,1214
2026-09-04_10-41-47-475152_earlyRefresh,earlyRefresh,high-skew-zipf,1788518635.475000,127.999848,cache_misses,all,1220
2026-09-04_10-41-47-475152_earlyRefresh,earlyRefresh,high-skew-zipf,1788518636.475000,128.999848,cache_misses,all,1232
2026-09-04_10-41-47-475152_earlyRefresh,earlyRefresh,high-skew-zipf,1788518637.475000,129.999848,cache_misses,all,1244
2026-09-04_10-41-47-475152_earlyRefresh,earlyRefresh,high-skew-zipf,1788518638.475000,130.999848,cache_misses,all,1253
2026-09-04_10-41-47-475152_earlyRefresh,earlyRefresh,high-skew-zipf,1788518639.475000,131.999848,cache_misses,all,1262
2026-09-04_10-41-47-475152_earlyRefresh,earlyRefresh,high-skew-zipf,1788518640.475000,132.999848,cache_misses,all,1273
2026-09-04_10-41-47-475152_earlyRefresh,earlyRefresh,high-skew-zipf,1788518641.475000,133.999848,cache_misses,all,1281
2026-09-04_10-41-47-475152_earlyRefresh,earlyRefresh,high-skew-zipf,1788518642.475000,134.999848,cache_misses,all,1289
2026-09-04_10-41-47-475152_earlyRefresh,earlyRefresh,high-skew-zipf,1788518643.475000,135.999848,cache_misses,all,1300
2026-09-04_10-41-47-475152_earlyRefresh,earlyRefresh,high-skew-zipf,1788518644.475000,136.999848,cache_misses,all,1307
2026-09-04_10-41-47-475152_earlyRefresh,earlyRefresh,high-skew-zipf,1788518645.475000,137.999848,cache_misses,all,1323
2026-09-04_10-41-47-475152_earlyRefresh,earlyRefresh,high-skew-zipf,1788518646.475000,138.999848,cache_misses,all,1330
2026-09-04_10-41-47-475152_earlyRefresh,earlyRefresh,high-skew-zipf,1788518647.475000,139.999848,cache_misses,all,1337
2026-09-04_10-41-47-475152_earlyRefresh,earlyRefresh,high-skew-zipf,1788518648.475000,140.999848,cache_misses,all,1348
2026-09-04_10-41-47-475152_earlyRefresh,earlyRefresh,high-skew-zipf,1788518649.475000,141.999848,cache_misses,all,1356
2026-09-04_10-41-47-475152_earlyRefresh,earlyRefresh,high-skew-zipf,1788518650.475000,142.999848,cache_misses,all,1361
2026-09-04_10-41-47-475152_earlyRefresh,earlyRefresh,high-skew-zipf,1788518651.475000,143.999848,cache_misses,all,1368
2026-09-04_10-41-47-475152_earlyRefresh,earlyRefresh,high-skew-zipf,1788518652.475000,144.999848,cache_misses,all,1376
2026-09-04_10-41-47-475152_earlyRefresh,earlyRefresh,high-skew-zipf,1788518653.475000,145.999848,cache_misses,all,1379
2026-09-04_10-41-47-475152_earlyRefresh,earlyRefresh,high-skew-zipf,1788518654.475000,146.999848,cache_misses,all,1388
2026-09-04_10-41-47-475152_earlyRefresh,earlyRefresh,high-skew-zipf,1788518655.475000,147.999848,cache_misses,all,1393
2026-09-04_10-41-47-475152_earlyRefresh,earlyRefresh,high-skew-zipf,1788518656.475000,148.999848,cache_misses,all,1399
2026-09-04_10-41-47-475152_earlyRefresh,earlyRefresh,high-skew-zipf,1788518657.475000,149.999848,cache_misses,all,1408
2026-09-04_10-41-47-475152_earlyRefresh,earlyRefresh,high-skew-zipf,1788518658.475000,150.999848,cache_misses,all,1416
2026-09-04_10-41-47-475152_earlyRefresh,earlyRefresh,high-skew-zipf,1788518659.475000,151.999848,cache_misses,all,1426
2026-09-04_10-41-47-475152_earlyRefresh,earlyRefresh,high-skew-zipf,1788518660.475000,152.999848,cache_misses,all,1441
2026-09-04_10-41-47-475152_earlyRefresh,earlyRefresh,high-skew-zipf,1788518661.475000,153.999848,cache_misses,all,1454
2026-09-04_10-41-47-475152_earlyRefresh,earlyRefresh,high-skew-zipf,1788518662.475000,154.999848,cache_misses,all,1463
2026-09-04_10-41-47-475152_earlyRefresh,earlyRefresh,high-skew-zipf,1788518663.475000,155.999848,cache_misses,all,1471
2026-09-04_10-41-47-475152_earlyRefresh,earlyRefresh,high-skew-zipf,1788518664.475000,156.999848,cache_misses,all,1479
2026-09-04_10-41-47-475152_earlyRefresh,earlyRefresh,high-skew-zipf,1788518665.475000,157.999848,cache_misses,all,1487
2026-09-04_10-41-47-475152_earlyRefresh,earlyRefresh,high-skew-zipf,1788518666.475000,158.999848,cache_misses,all,1497
2026-09-04_10-41-47-475152_earlyRefresh,earlyRefresh,high-skew-zipf,1788518667.475000,159.999848,cache_misses,all,1507
2026-09-04_10-41-47-475152_earlyRefresh,earlyRefresh,high-skew-zipf,1788518668.475000,160.999848,cache_misses,all,1517
2026-09-04_10-41-47-475152_earlyRefresh,earlyRefresh,high-skew-zipf,1788518669.475000,161.999848,cache_misses,all,1527
2026-09-04_10-41-47-475152_earlyRefresh,earlyRefresh,high-skew-zipf,1788518670.475000,162.999848,cache_misses,all,1544
2026-09-04_10-41-47-475152_earlyRefresh,earlyRefresh,high-skew-zipf,1788518671.475000,163.999848,cache_misses,all,1555
2026-09-04_10-41-47-475152_earlyRefresh,earlyRefresh,high-skew-zipf,1788518672.475000,164.999848,cache_misses,all,1572
2026-09-04_10-41-47-475152_earlyRefresh,earlyRefresh,high-skew-zipf,1788518673.475000,165.999848,cache_misses,all,1577
2026-09-04_10-41-47-475152_earlyRefresh,earlyRefresh,high-skew-zipf,1788518674.475000,166.999848,cache_misses,all,1586
2026-09-04_10-41-47-475152_earlyRefresh,earlyRefresh,high-skew-zipf,1788518675.475000,167.999848,cache_misses,all,1599
2026-09-04_10-41-47-475152_earlyRefresh,earlyRefresh,high-skew-zipf,1788518676.475000,168.999848,cache_misses,all,1612
2026-09-04_10-41-47-475152_earlyRefresh,earlyRefresh,high-skew-zipf,1788518677.475000,169.999848,cache_misses,all,1628
2026-09-04_10-41-47-475152_earlyRefresh,earlyRefresh,high-skew-zipf,1788518678.475000,170.999848,cache_misses,all,1642
2026-09-04_10-41-47-475152_earlyRefresh,earlyRefresh,high-skew-zipf,1788518679.475000,171.999848,cache_misses,all,1648
2026-09-04_10-41-47-475152_earlyRefresh,earlyRefresh,high-skew-zipf,1788518680.475000,172.999848,cache_misses,all,1657
2026-09-04_10-41-47-475152_earlyRefresh,earlyRefresh,high-skew-zipf,1788518681.475000,173.999848,cache_misses,all,1675
2026-09-04_10-41-47-475152_earlyRefresh,earlyRefresh,high-skew-zipf,1788518682.475000,174.999848,cache_misses,all,1684
2026-09-04_10-41-47-475152_earlyRefresh,earlyRefresh,high-skew-zipf,1788518683.475000,175.999848,cache_misses,all,1700
2026-09-04_10-41-47-475152_earlyRefresh,earlyRefresh,high-skew-zipf,1788518684.475000,176.999848,cache_misses,all,1704
2026-09-04_10-41-47-475152_earlyRefresh,earlyRefresh,high-skew-zipf,1788518685.475000,177.999848,cache_misses,all,1715
2026-09-04_10-41-47-475152_earlyRefresh,earlyRefresh,high-skew-zipf,1788518686.475000,178.999848,cache_misses,all,1733
2026-09-04_10-41-47-475152_earlyRefresh,earlyRefresh,high-skew-zipf,1788518687.475000,179.999848,cache_misses,all,1740
2026-09-04_10-41-47-475152_earlyRefresh,earlyRefresh,high-skew-zipf,1788518688.475000,180.999848,cache_misses,all,1752
2026-09-04_10-41-47-475152_earlyRefresh,earlyRefresh,high-skew-zipf,1788518689.475000,181.999848,cache_misses,all,1765
2026-09-04_10-41-47-475152_earlyRefresh,earlyRefresh,high-skew-zipf,1788518690.475000,182.999848,cache_misses,all,1770
2026-09-04_10-41-47-475152_earlyRefresh,earlyRefresh,high-skew-zipf,1788518691.475000,183.999848,cache_misses,all,1780
2026-09-04_10-41-47-475152_earlyRefresh,earlyRefresh,high-skew-zipf,1788518692.475000,184.999848,cache_misses,all,1792
2026-09-04_10-41-47-475152_earlyRefresh,earlyRefresh,high-skew-zipf,1788518693.475000,185.999848,cache_misses,all,1803
2026-09-04_10-41-47-475152_earlyRefresh,earlyRefresh,high-skew-zipf,1788518694.475000,186.999848,cache_misses,all,1814
2026-09-04_10-41-47-475152_earlyRefresh,earlyRefresh,high-skew-zipf,1788518695.475000,187.999848,cache_misses,all,1822
2026-09-04_10-41-47-475152_earlyRefresh,earlyRefresh,high-skew-zipf,1788518696.475000,188.999848,cache_misses,all,1825
2026-09-04_10-41-47-475152_earlyRefresh,earlyRefresh,high-skew-zipf,1788518697.475000,189.999848,cache_misses,all,1833
2026-09-04_10-41-47-475152_earlyRefresh,earlyRefresh,high-skew-zipf,1788518698.475000,190.999848,cache_misses,all,1842
2026-09-04_10-41-47-475152_earlyRefresh,earlyRefresh,high-skew-zipf,1788518699.475000,191.999848,cache_misses,all,1858
2026-09-04_10-41-47-475152_earlyRefresh,earlyRefresh,high-skew-zipf,1788518700.475000,192.999848,cache_misses,all,1873
2026-09-04_10-41-47-475152_earlyRefresh,earlyRefresh,high-skew-zipf,1788518701.475000,193.999848,cache_misses,all,1882
2026-09-04_10-41-47-475152_earlyRefresh,earlyRefresh,high-skew-zipf,1788518702.475000,194.999848,cache_misses,all,1893
2026-09-04_10-41-47-475152_earlyRefresh,earlyRefresh,high-skew-zipf,1788518703.475000,195.999848,cache_misses,all,1905
2026-09-04_10-41-47-475152_earlyRefresh,earlyRefresh,high-skew-zipf,1788518704.475000,196.999848,cache_misses,all,1912
2026-09-04_10-41-47-475152_earlyRefresh,earlyRefresh,high-skew-zipf,1788518705.475000,197.999848,cache_misses,all,1922
2026-09-04_10-41-47-475152_earlyRefresh,earlyRefresh,high-skew-zipf,1788518706.475000,198.999848,cache_misses,all,1933
2026-09-04_10-41-47-475152_earlyRefresh,earlyRefresh,high-skew-zipf,1788518707.475000,199.999848,cache_misses,all,1941
2026-09-04_10-41-47-475152_earlyRefresh,earlyRefresh,high-skew-zipf,1788518708.475000,200.999848,cache_misses,all,1951
2026-09-04_10-41-47-475152_earlyRefresh,earlyRefresh,high-skew-zipf,1788518709.475000,201.999848,cache_misses,all,1956
2026-09-04_10-41-47-475152_earlyRefresh,earlyRefresh,high-skew-zipf,1788518710.475000,202.999848,cache_misses,all,1963
2026-09-04_10-41-47-475152_earlyRefresh,earlyRefresh,high-skew-zipf,1788518711.475000,203.999848,cache_misses,all,1970
2026-09-04_10-41-47-475152_earlyRefresh,earlyRefresh,high-skew-zipf,1788518712.475000,204.999848,cache_misses,all,1976
2026-09-04_10-41-47-475152_earlyRefresh,earlyRefresh,high-skew-zipf,1788518713.475000,205.999848,cache_misses,all,1981
2026-09-04_10-41-47-475152_earlyRefresh,earlyRefresh,high-skew-zipf,1788518714.475000,206.999848,cache_misses,all,1992
2026-09-04_10-41-47-475152_earlyRefresh,earlyRefresh,high-skew-zipf,1788518715.475000,207.999848,cache_misses,all,2004
2026-09-04_10-41-47-475152_earlyRefresh,earlyRefresh,high-skew-zipf,1788518716.475000,208.999848,cache_misses,all,2014
2026-09-04_10-41-47-475152_earlyRefresh,earlyRefresh,high-skew-zipf,1788518717.475000,209.999848,cache_misses,all,2025
2026-09-04_10-41-47-475152_earlyRefresh,earlyRefresh,high-skew-zipf,1788518718.475000,210.999848,cache_misses,all,2039
2026-09-04_10-41-47-475152_earlyRefresh,earlyRefresh,high-skew-zipf,1788518719.475000,211.999848,cache_misses,all,2047
2026-09-04_10-41-47-475152_earlyRefresh,earlyRefresh,high-skew-zipf,1788518720.475000,212.999848,cache_misses,all,2054
2026-09-04_10-41-47-475152_earlyRefresh,earlyRefresh,high-skew-zipf,1788518721.475000,213.999848,cache_misses,all,2068
2026-09-04_10-41-47-475152_earlyRefresh,earlyRefresh,high-skew-zipf,1788518722.475000,214.999848,cache_misses,all,2079
2026-09-04_10-41-47-475152_earlyRefresh,earlyRefresh,high-skew-zipf,1788518723.475000,215.999848,cache_misses,all,2084
2026-09-04_10-41-47-475152_earlyRefresh,earlyRefresh,high-skew-zipf,1788518724.475000,216.999848,cache_misses,all,2092
2026-09-04_10-41-47-475152_earlyRefresh,earlyRefresh,high-skew-zipf,1788518725.475000,217.999848,cache_misses,all,2101
2026-09-04_10-41-47-475152_earlyRefresh,earlyRefresh,high-skew-zipf,1788518726.475000,218.999848,cache_misses,all,2116
2026-09-04_10-41-47-475152_earlyRefresh,earlyRefresh,high-skew-zipf,1788518727.475000,219.999848,cache_misses,all,2130
2026-09-04_10-41-47-475152_earlyRefresh,earlyRefresh,high-skew-zipf,1788518728.475000,220.999848,cache_misses,all,2137
2026-09-04_10-41-47-475152_earlyRefresh,earlyRefresh,high-skew-zipf,1788518729.475000,221.999848,cache_misses,all,2152
2026-09-04_10-41-47-475152_earlyRefresh,earlyRefresh,high-skew-zipf,1788518730.475000,222.999848,cache_misses,all,2164
2026-09-04_10-41-47-475152_earlyRefresh,earlyRefresh,high-skew-zipf,1788518731.475000,223.999848,cache_misses,all,2173
2026-09-04_10-41-47-475152_earlyRefresh,earlyRefresh,high-skew-zipf,1788518732.475000,224.999848,cache_misses,all,2189
2026-09-04_10-41-47-475152_earlyRefresh,earlyRefresh,high-skew-zipf,1788518733.475000,225.999848,cache_misses,all,2200
2026-09-04_10-41-47-475152_earlyRefresh,earlyRefresh,high-skew-zipf,1788518734.475000,226.999848,cache_misses,all,2211
2026-09-04_10-41-47-475152_earlyRefresh,earlyRefresh,high-skew-zipf,1788518735.475000,227.999848,cache_misses,all,2219
2026-09-04_10-41-47-475152_earlyRefresh,earlyRefresh,high-skew-zipf,1788518736.475000,228.999848,cache_misses,all,2229
2026-09-04_10-41-47-475152_earlyRefresh,earlyRefresh,high-skew-zipf,1788518737.475000,229.999848,cache_misses,all,2235
2026-09-04_10-41-47-475152_earlyRefresh,earlyRefresh,high-skew-zipf,1788518738.475000,230.999848,cache_misses,all,2244
2026-09-04_10-41-47-475152_earlyRefresh,earlyRefresh,high-skew-zipf,1788518739.475000,231.999848,cache_misses,all,2248
2026-09-04_10-41-47-475152_earlyRefresh,earlyRefresh,high-skew-zipf,1788518740.475000,232.999848,cache_misses,all,2260
2026-09-04_10-41-47-475152_earlyRefresh,earlyRefresh,high-skew-zipf,1788518741.475000,233.999848,cache_misses,all,2269
2026-09-04_10-41-47-475152_earlyRefresh,earlyRefresh,high-skew-zipf,1788518742.475000,234.999848,cache_misses,all,2276
2026-09-04_10-41-47-475152_earlyRefresh,earlyRefresh,high-skew-zipf,1788518743.475000,235.999848,cache_misses,all,2291
2026-09-04_10-41-47-475152_earlyRefresh,earlyRefresh,high-skew-zipf,1788518744.475000,236.999848,cache_misses,all,2302
2026-09-04_10-41-47-475152_earlyRefresh,earlyRefresh,high-skew-zipf,1788518745.475000,237.999848,cache_misses,all,2304
2026-09-04_10-41-47-475152_earlyRefresh,earlyRefresh,high-skew-zipf,1788518746.475000,238.999848,cache_misses,all,2316
2026-09-04_10-41-47-475152_earlyRefresh,earlyRefresh,high-skew-zipf,1788518747.475000,239.999848,cache_misses,all,2319
2026-09-04_10-41-47-475152_earlyRefresh,earlyRefresh,high-skew-zipf,1788518507.475000,-0.000152,backend_throughput,all,0
2026-09-04_10-41-47-475152_earlyRefresh,earlyRefresh,high-skew-zipf,1788518508.475000,0.999848,backend_throughput,all,0
2026-09-04_10-41-47-475152_earlyRefresh,earlyRefresh,high-skew-zipf,1788518509.475000,1.999848,backend_throughput,all,2.1442019326891035
2026-09-04_10-41-47-475152_earlyRefresh,earlyRefresh,high-skew-zipf,1788518510.475000,2.999848,backend_throughput,all,4.290096698899633
2026-09-04_10-41-47-475152_earlyRefresh,earlyRefresh,high-skew-zipf,1788518511.475000,3.999848,backend_throughput,all,6.435145048349449
2026-09-04_10-41-47-475152_earlyRefresh,earlyRefresh,high-skew-zipf,1788518512.475000,4.999848,backend_throughput,all,7
2026-09-04_10-41-47-475152_earlyRefresh,earlyRefresh,high-skew-zipf,1788518513.475000,5.999848,backend_throughput,all,6.333333333333333
2026-09-04_10-41-47-475152_earlyRefresh,earlyRefresh,high-skew-zipf,1788518514.475000,6.999848,backend_throughput,all,6
2026-09-04_10-41-47-475152_earlyRefresh,earlyRefresh,high-skew-zipf,1788518515.475000,7.999848,backend_throughput,all,6
2026-09-04_10-41-47-475152_earlyRefresh,earlyRefresh,high-skew-zipf,1788518516.475000,8.999848,backend_throughput,all,6.664445184938355
2026-09-04_10-41-47-475152_earlyRefresh,earlyRefresh,high-skew-zipf,1788518517.475000,9.999848,backend_throughput,all,6.331222925691437
2026-09-04_10-41-47-475152_earlyRefresh,earlyRefresh,high-skew-zipf,1788518518.475000,10.999848,backend_throughput,all,5.666666666666666
2026-09-04_10-41-47-475152_earlyRefresh,earlyRefresh,high-skew-zipf,1788518519.475000,11.999848,backend_throughput,all,4.666666666666666
2026-09-04_10-41-47-475152_earlyRefresh,earlyRefresh,high-skew-zipf,1788518520.475000,12.999848,backend_throughput,all,4.001333777925975
2026-09-04_10-41-47-475152_earlyRefresh,earlyRefresh,high-skew-zipf,1788518521.475000,13.999848,backend_throughput,all,3.6666666666666665
2026-09-04_10-41-47-475152_earlyRefresh,earlyRefresh,high-skew-zipf,1788518522.475000,14.999848,backend_throughput,all,3.333333333333333
2026-09-04_10-41-47-475152_earlyRefresh,earlyRefresh,high-skew-zipf,1788518523.475000,15.999848,backend_throughput,all,3.9986671109630127
2026-09-04_10-41-47-475152_earlyRefresh,earlyRefresh,high-skew-zipf,1788518524.475000,16.999848,backend_throughput,all,5.3351117039013
2026-09-04_10-41-47-475152_earlyRefresh,earlyRefresh,high-skew-zipf,1788518525.475000,17.999848,backend_throughput,all,10
2026-09-04_10-41-47-475152_earlyRefresh,earlyRefresh,high-skew-zipf,1788518526.475000,18.999848,backend_throughput,all,13.337779259753251
2026-09-04_10-41-47-475152_earlyRefresh,earlyRefresh,high-skew-zipf,1788518527.475000,19.999848,backend_throughput,all,13.32889036987671
2026-09-04_10-41-47-475152_earlyRefresh,earlyRefresh,high-skew-zipf,1788518528.475000,20.999848,backend_throughput,all,12
2026-09-04_10-41-47-475152_earlyRefresh,earlyRefresh,high-skew-zipf,1788518529.475000,21.999848,backend_throughput,all,9.996667777407533
2026-09-04_10-41-47-475152_earlyRefresh,earlyRefresh,high-skew-zipf,1788518530.475000,22.999848,backend_throughput,all,13.333333333333332
2026-09-04_10-41-47-475152_earlyRefresh,earlyRefresh,high-skew-zipf,1788518531.475000,23.999848,backend_throughput,all,13.00433477825942
2026-09-04_10-41-47-475152_earlyRefresh,earlyRefresh,high-skew-zipf,1788518532.475000,24.999848,backend_throughput,all,11
2026-09-04_10-41-47-475152_earlyRefresh,earlyRefresh,high-skew-zipf,1788518533.475000,25.999848,backend_throughput,all,8.333333333333332
2026-09-04_10-41-47-475152_earlyRefresh,earlyRefresh,high-skew-zipf,1788518534.475000,26.999848,backend_throughput,all,6.666666666666666
2026-09-04_10-41-47-475152_earlyRefresh,earlyRefresh,high-skew-zipf,1788518535.475000,27.999848,backend_throughput,all,7.666666666666666
2026-09-04_10-41-47-475152_earlyRefresh,earlyRefresh,high-skew-zipf,1788518536.475000,28.999848,backend_throughput,all,9.673115410273516
2026-09-04_10-41-47-475152_earlyRefresh,earlyRefresh,high-skew-zipf,1788518537.475000,29.999848,backend_throughput,all,10.6702234078026
2026-09-04_10-41-47-475152_earlyRefresh,earlyRefresh,high-skew-zipf,1788518538.475000,30.999848,backend_throughput,all,12.67511674449633
2026-09-04_10-41-47-475152_earlyRefresh,earlyRefresh,high-skew-zipf,1788518539.475000,31.999848,backend_throughput,all,8.666666666666666
2026-09-04_10-41-47-475152_earlyRefresh,earlyRefresh,high-skew-zipf,1788518540.475000,32.999848,backend_throughput,all,8.666666666666666
2026-09-04_10-41-47-475152_earlyRefresh,earlyRefresh,high-skew-zipf,1788518541.475000,33.999848,backend_throughput,all,11
2026-09-04_10-41-47-475152_earlyRefresh,earlyRefresh,high-skew-zipf,1788518542.475000,34.999848,backend_throughput,all,14.666666666666666
2026-09-04_10-41-47-475152_earlyRefresh,earlyRefresh,high-skew-zipf,1788518543.475000,35.999848,backend_throughput,all,13.666666666666666
2026-09-04_10-41-47-475152_earlyRefresh,earlyRefresh,high-skew-zipf,1788518544.475000,36.999848,backend_throughput,all,10.666666666666666
2026-09-04_10-41-47-475152_earlyRefresh,earlyRefresh,high-skew-zipf,1788518545.475000,37.999848,backend_throughput,all,8
2026-09-04_10-41-47-475152_earlyRefresh,earlyRefresh,high-skew-zipf,1788518546.475000,38.999848,backend_throughput,all,8
2026-09-04_10-41-47-475152_earlyRefresh,earlyRefresh,high-skew-zipf,1788518547.475000,39.999848,backend_throughput,all,9
2026-09-04_10-41-47-475152_earlyRefresh,earlyRefresh,high-skew-zipf,1788518548.475000,40.999848,backend_throughput,all,9.333333333333332
2026-09-04_10-41-47-475152_earlyRefresh,earlyRefresh,high-skew-zipf,1788518549.475000,41.999848,backend_throughput,all,10.333333333333332
2026-09-04_10-41-47-475152_earlyRefresh,earlyRefresh,high-skew-zipf,1788518550.475000,42.999848,backend_throughput,all,8.666666666666666
2026-09-04_10-41-47-475152_earlyRefresh,earlyRefresh,high-skew-zipf,1788518551.475000,43.999848,backend_throughput,all,8.333333333333332
2026-09-04_10-41-47-475152_earlyRefresh,earlyRefresh,high-skew-zipf,1788518552.475000,44.999848,backend_throughput,all,9
2026-09-04_10-41-47-475152_earlyRefresh,earlyRefresh,high-skew-zipf,1788518553.475000,45.999848,backend_throughput,all,10.666666666666666
2026-09-04_10-41-47-475152_earlyRefresh,earlyRefresh,high-skew-zipf,1788518554.475000,46.999848,backend_throughput,all,10
2026-09-04_10-41-47-475152_earlyRefresh,earlyRefresh,high-skew-zipf,1788518555.475000,47.999848,backend_throughput,all,9.666666666666666
2026-09-04_10-41-47-475152_earlyRefresh,earlyRefresh,high-skew-zipf,1788518556.475000,48.999848,backend_throughput,all,7.666666666666666
2026-09-04_10-41-47-475152_earlyRefresh,earlyRefresh,high-skew-zipf,1788518557.475000,49.999848,backend_throughput,all,9.666666666666666
2026-09-04_10-41-47-475152_earlyRefresh,earlyRefresh,high-skew-zipf,1788518558.475000,50.999848,backend_throughput,all,11
2026-09-04_10-41-47-475152_earlyRefresh,earlyRefresh,high-skew-zipf,1788518559.475000,51.999848,backend_throughput,all,10
2026-09-04_10-41-47-475152_earlyRefresh,earlyRefresh,high-skew-zipf,1788518560.475000,52.999848,backend_throughput,all,9
2026-09-04_10-41-47-475152_earlyRefresh,earlyRefresh,high-skew-zipf,1788518561.475000,53.999848,backend_throughput,all,8
2026-09-04_10-41-47-475152_earlyRefresh,earlyRefresh,high-skew-zipf,1788518562.475000,54.999848,backend_throughput,all,7.333333333333333
2026-09-04_10-41-47-475152_earlyRefresh,earlyRefresh,high-skew-zipf,1788518563.475000,55.999848,backend_throughput,all,7.333333333333333
2026-09-04_10-41-47-475152_earlyRefresh,earlyRefresh,high-skew-zipf,1788518564.475000,56.999848,backend_throughput,all,5.333333333333333
2026-09-04_10-41-47-475152_earlyRefresh,earlyRefresh,high-skew-zipf,1788518565.475000,57.999848,backend_throughput,all,7
2026-09-04_10-41-47-475152_earlyRefresh,earlyRefresh,high-skew-zipf,1788518566.475000,58.999848,backend_throughput,all,7.33822548365577
2026-09-04_10-41-47-475152_earlyRefresh,earlyRefresh,high-skew-zipf,1788518567.475000,59.999848,backend_throughput,all,5.33689126084056
2026-09-04_10-41-47-475152_earlyRefresh,earlyRefresh,high-skew-zipf,1788518568.475000,60.999848,backend_throughput,all,3.667889296432144
2026-09-04_10-41-47-475152_earlyRefresh,earlyRefresh,high-skew-zipf,1788518569.475000,61.999848,backend_throughput,all,3.3322225924691775
2026-09-04_10-41-47-475152_earlyRefresh,earlyRefresh,high-skew-zipf,1788518570.475000,62.999848,backend_throughput,all,3.9986671109630127
2026-09-04_10-41-47-475152_earlyRefresh,earlyRefresh,high-skew-zipf,1788518571.475000,63.999848,backend_throughput,all,6
2026-09-04_10-41-47-475152_earlyRefresh,earlyRefresh,high-skew-zipf,1788518572.475000,64.999848,backend_throughput,all,5.666666666666666
2026-09-04_10-41-47-475152_earlyRefresh,earlyRefresh,high-skew-zipf,1788518573.475000,65.999848,backend_throughput,all,10.336778926308769
2026-09-04_10-41-47-475152_earlyRefresh,earlyRefresh,high-skew-zipf,1788518574.475000,66.999848,backend_throughput,all,14.338112704234744
2026-09-04_10-41-47-475152_earlyRefresh,earlyRefresh,high-skew-zipf,1788518575.475000,67.999848,backend_throughput,all,14.666666666666666
2026-09-04_10-41-47-475152_earlyRefresh,earlyRefresh,high-skew-zipf,1788518576.475000,68.999848,backend_throughput,all,13.333333333333332
2026-09-04_10-41-47-475152_earlyRefresh,earlyRefresh,high-skew-zipf,1788518577.475000,69.999848,backend_throughput,all,9.666666666666666
2026-09-04_10-41-47-475152_earlyRefresh,earlyRefresh,high-skew-zipf,1788518578.475000,70.999848,backend_throughput,all,9.336445481827276
2026-09-04_10-41-47-475152_earlyRefresh,earlyRefresh,high-skew-zipf,1788518579.475000,71.999848,backend_throughput,all,12.329223592135955
2026-09-04_10-41-47-475152_earlyRefresh,earlyRefresh,high-skew-zipf,1788518580.475000,72.999848,backend_throughput,all,15.328223925358216
2026-09-04_10-41-47-475152_earlyRefresh,earlyRefresh,high-skew-zipf,1788518581.475000,73.999848,backend_throughput,all,15.328223925358216
2026-09-04_10-41-47-475152_earlyRefresh,earlyRefresh,high-skew-zipf,1788518582.475000,74.999848,backend_throughput,all,11.003667889296432
2026-09-04_10-41-47-475152_earlyRefresh,earlyRefresh,high-skew-zipf,1788518583.475000,75.999848,backend_throughput,all,7.666666666666666
2026-09-04_10-41-47-475152_earlyRefresh,earlyRefresh,high-skew-zipf,1788518584.475000,76.999848,backend_throughput,all,10.666666666666666
2026-09-04_10-41-47-475152_earlyRefresh,earlyRefresh,high-skew-zipf,1788518585.475000,77.999848,backend_throughput,all,11.66277907364212
2026-09-04_10-41-47-475152_earlyRefresh,earlyRefresh,high-skew-zipf,1788518586.475000,78.999848,backend_throughput,all,13.337779259753251
2026-09-04_10-41-47-475152_earlyRefresh,earlyRefresh,high-skew-zipf,1788518587.475000,79.999848,backend_throughput,all,10.333333333333332
2026-09-04_10-41-47-475152_earlyRefresh,earlyRefresh,high-skew-zipf,1788518588.475000,80.999848,backend_throughput,all,11
2026-09-04_10-41-47-475152_earlyRefresh,earlyRefresh,high-skew-zipf,1788518589.475000,81.999848,backend_throughput,all,8.330556481172943
2026-09-04_10-41-47-475152_earlyRefresh,earlyRefresh,high-skew-zipf,1788518590.475000,82.999848,backend_throughput,all,10.333333333333332
2026-09-04_10-41-47-475152_earlyRefresh,earlyRefresh,high-skew-zipf,1788518591.475000,83.999848,backend_throughput,all,10.336778926308769
2026-09-04_10-41-47-475152_earlyRefresh,earlyRefresh,high-skew-zipf,1788518592.475000,84.999848,backend_throughput,all,11.333333333333332
2026-09-04_10-41-47-475152_earlyRefresh,earlyRefresh,high-skew-zipf,1788518593.475000,85.999848,backend_throughput,all,10
2026-09-04_10-41-47-475152_earlyRefresh,earlyRefresh,high-skew-zipf,1788518594.475000,86.999848,backend_throughput,all,8.330556481172943
2026-09-04_10-41-47-475152_earlyRefresh,earlyRefresh,high-skew-zipf,1788518595.475000,87.999848,backend_throughput,all,9.336445481827276
2026-09-04_10-41-47-475152_earlyRefresh,earlyRefresh,high-skew-zipf,1788518596.475000,88.999848,backend_throughput,all,10.67378252168112
2026-09-04_10-41-47-475152_earlyRefresh,earlyRefresh,high-skew-zipf,1788518597.475000,89.999848,backend_throughput,all,10.00667111407605
2026-09-04_10-41-47-475152_earlyRefresh,earlyRefresh,high-skew-zipf,1788518598.475000,90.999848,backend_throughput,all,8.336112037345782
2026-09-04_10-41-47-475152_earlyRefresh,earlyRefresh,high-skew-zipf,1788518599.475000,91.999848,backend_throughput,all,7.333333333333333
2026-09-04_10-41-47-475152_earlyRefresh,earlyRefresh,high-skew-zipf,1788518600.475000,92.999848,backend_throughput,all,9.333333333333332
2026-09-04_10-41-47-475152_earlyRefresh,earlyRefresh,high-skew-zipf,1788518601.475000,93.999848,backend_throughput,all,11.666666666666666
2026-09-04_10-41-47-475152_earlyRefresh,earlyRefresh,high-skew-zipf,1788518602.475000,94.999848,backend_throughput,all,11.666666666666666
2026-09-04_10-41-47-475152_earlyRefresh,earlyRefresh,high-skew-zipf,1788518603.475000,95.999848,backend_throughput,all,10.666666666666666
2026-09-04_10-41-47-475152_earlyRefresh,earlyRefresh,high-skew-zipf,1788518604.475000,96.999848,backend_throughput,all,9.666666666666666
2026-09-04_10-41-47-475152_earlyRefresh,earlyRefresh,high-skew-zipf,1788518605.475000,97.999848,backend_throughput,all,9.333333333333332
2026-09-04_10-41-47-475152_earlyRefresh,earlyRefresh,high-skew-zipf,1788518606.475000,98.999848,backend_throughput,all,11.666666666666666
2026-09-04_10-41-47-475152_earlyRefresh,earlyRefresh,high-skew-zipf,1788518607.475000,99.999848,backend_throughput,all,13.337779259753251
2026-09-04_10-41-47-475152_earlyRefresh,earlyRefresh,high-skew-zipf,1788518608.475000,100.999848,backend_throughput,all,14.004668222740912
2026-09-04_10-41-47-475152_earlyRefresh,earlyRefresh,high-skew-zipf,1788518609.475000,101.999848,backend_throughput,all,13.333333333333332
2026-09-04_10-41-47-475152_earlyRefresh,earlyRefresh,high-skew-zipf,1788518610.475000,102.999848,backend_throughput,all,11.996001332889039
2026-09-04_10-41-47-475152_earlyRefresh,earlyRefresh,high-skew-zipf,1788518611.475000,103.999848,backend_throughput,all,13
2026-09-04_10-41-47-475152_earlyRefresh,earlyRefresh,high-skew-zipf,1788518612.475000,104.999848,backend_throughput,all,11.666666666666666
2026-09-04_10-41-47-475152_earlyRefresh,earlyRefresh,high-skew-zipf,1788518613.475000,105.999848,backend_throughput,all,11
2026-09-04_10-41-47-475152_earlyRefresh,earlyRefresh,high-skew-zipf,1788518614.475000,106.999848,backend_throughput,all,11.66277907364212
2026-09-04_10-41-47-475152_earlyRefresh,earlyRefresh,high-skew-zipf,1788518615.475000,107.999848,backend_throughput,all,11.666666666666666
2026-09-04_10-41-47-475152_earlyRefresh,earlyRefresh,high-skew-zipf,1788518616.475000,108.999848,backend_throughput,all,13.333333333333332
2026-09-04_10-41-47-475152_earlyRefresh,earlyRefresh,high-skew-zipf,1788518617.475000,109.999848,backend_throughput,all,13.666666666666666
2026-09-04_10-41-47-475152_earlyRefresh,earlyRefresh,high-skew-zipf,1788518618.475000,110.999848,backend_throughput,all,13.333333333333332
2026-09-04_10-41-47-475152_earlyRefresh,earlyRefresh,high-skew-zipf,1788518619.475000,111.999848,backend_throughput,all,12.333333333333332
2026-09-04_10-41-47-475152_earlyRefresh,earlyRefresh,high-skew-zipf,1788518620.475000,112.999848,backend_throughput,all,9.666666666666666
2026-09-04_10-41-47-475152_earlyRefresh,earlyRefresh,high-skew-zipf,1788518621.475000,113.999848,backend_throughput,all,10.666666666666666
2026-09-04_10-41-47-475152_earlyRefresh,earlyRefresh,high-skew-zipf,1788518622.475000,114.999848,backend_throughput,all,10.333333333333332
2026-09-04_10-41-47-475152_earlyRefresh,earlyRefresh,high-skew-zipf,1788518623.475000,115.999848,backend_throughput,all,10
2026-09-04_10-41-47-475152_earlyRefresh,earlyRefresh,high-skew-zipf,1788518624.475000,116.999848,backend_throughput,all,9
2026-09-04_10-41-47-475152_earlyRefresh,earlyRefresh,high-skew-zipf,1788518625.475000,117.999848,backend_throughput,all,8.00266755585195
2026-09-04_10-41-47-475152_earlyRefresh,earlyRefresh,high-skew-zipf,1788518626.475000,118.999848,backend_throughput,all,8.005336891260841
2026-09-04_10-41-47-475152_earlyRefresh,earlyRefresh,high-skew-zipf,1788518627.475000,119.999848,backend_throughput,all,9.673115410273516
2026-09-04_10-41-47-475152_earlyRefresh,earlyRefresh,high-skew-zipf,1788518628.475000,120.999848,backend_throughput,all,12
2026-09-04_10-41-47-475152_earlyRefresh,earlyRefresh,high-skew-zipf,1788518629.475000,121.999848,backend_throughput,all,13.662112629123627
2026-09-04_10-41-47-475152_earlyRefresh,earlyRefresh,high-skew-zipf,1788518630.475000,122.999848,backend_throughput,all,9.996667777407533
2026-09-04_10-41-47-475152_earlyRefresh,earlyRefresh,high-skew-zipf,1788518631.475000,123.999848,backend_throughput,all,8.333333333333332
2026-09-04_10-41-47-475152_earlyRefresh,earlyRefresh,high-skew-zipf,1788518632.475000,124.999848,backend_throughput,all,7.669223074358119
2026-09-04_10-41-47-475152_earlyRefresh,earlyRefresh,high-skew-zipf,1788518633.475000,125.999848,backend_throughput,all,10.003334444814937
2026-09-04_10-41-47-475152_earlyRefresh,earlyRefresh,high-skew-zipf,1788518634.475000,126.999848,backend_throughput,all,11.337112370790264
2026-09-04_10-41-47-475152_earlyRefresh,earlyRefresh,high-skew-zipf,1788518635.475000,127.999848,backend_throughput,all,11.666666666666666
2026-09-04_10-41-47-475152_earlyRefresh,earlyRefresh,high-skew-zipf,1788518636.475000,128.999848,backend_throughput,all,10.666666666666666
2026-09-04_10-41-47-475152_earlyRefresh,earlyRefresh,high-skew-zipf,1788518637.475000,129.999848,backend_throughput,all,10
2026-09-04_10-41-47-475152_earlyRefresh,earlyRefresh,high-skew-zipf,1788518638.475000,130.999848,backend_throughput,all,9.333333333333332
2026-09-04_10-41-47-475152_earlyRefresh,earlyRefresh,high-skew-zipf,1788518639.475000,131.999848,backend_throughput,all,10
2026-09-04_10-41-47-475152_earlyRefresh,earlyRefresh,high-skew-zipf,1788518640.475000,132.999848,backend_throughput,all,10.663112295901367
2026-09-04_10-41-47-475152_earlyRefresh,earlyRefresh,high-skew-zipf,1788518641.475000,133.999848,backend_throughput,all,9.996667777407533
2026-09-04_10-41-47-475152_earlyRefresh,earlyRefresh,high-skew-zipf,1788518642.475000,134.999848,backend_throughput,all,9.333333333333332
2026-09-04_10-41-47-475152_earlyRefresh,earlyRefresh,high-skew-zipf,1788518643.475000,135.999848,backend_throughput,all,9
2026-09-04_10-41-47-475152_earlyRefresh,earlyRefresh,high-skew-zipf,1788518644.475000,136.999848,backend_throughput,all,9
2026-09-04_10-41-47-475152_earlyRefresh,earlyRefresh,high-skew-zipf,1788518645.475000,137.999848,backend_throughput,all,11.996001332889039
2026-09-04_10-41-47-475152_earlyRefresh,earlyRefresh,high-skew-zipf,1788518646.475000,138.999848,backend_throughput,all,10.6702234078026
2026-09-04_10-41-47-475152_earlyRefresh,earlyRefresh,high-skew-zipf,1788518647.475000,139.999848,backend_throughput,all,10.336778926308769
2026-09-04_10-41-47-475152_earlyRefresh,earlyRefresh,high-skew-zipf,1788518648.475000,140.999848,backend_throughput,all,7.335778592864288
2026-09-04_10-41-47-475152_earlyRefresh,earlyRefresh,high-skew-zipf,1788518649.475000,141.999848,backend_throughput,all,7.666666666666666
2026-09-04_10-41-47-475152_earlyRefresh,earlyRefresh,high-skew-zipf,1788518650.475000,142.999848,backend_throughput,all,7.666666666666666
2026-09-04_10-41-47-475152_earlyRefresh,earlyRefresh,high-skew-zipf,1788518651.475000,143.999848,backend_throughput,all,7.666666666666666
2026-09-04_10-41-47-475152_earlyRefresh,earlyRefresh,high-skew-zipf,1788518652.475000,144.999848,backend_throughput,all,7
2026-09-04_10-41-47-475152_earlyRefresh,earlyRefresh,high-skew-zipf,1788518653.475000,145.999848,backend_throughput,all,5.666666666666666
2026-09-04_10-41-47-475152_earlyRefresh,earlyRefresh,high-skew-zipf,1788518654.475000,146.999848,backend_throughput,all,5.666666666666666
2026-09-04_10-41-47-475152_earlyRefresh,earlyRefresh,high-skew-zipf,1788518655.475000,147.999848,backend_throughput,all,6
2026-09-04_10-41-47-475152_earlyRefresh,earlyRefresh,high-skew-zipf,1788518656.475000,148.999848,backend_throughput,all,8.336112037345782
2026-09-04_10-41-47-475152_earlyRefresh,earlyRefresh,high-skew-zipf,1788518657.475000,149.999848,backend_throughput,all,8.00266755585195
2026-09-04_10-41-47-475152_earlyRefresh,earlyRefresh,high-skew-zipf,1788518658.475000,150.999848,backend_throughput,all,7.004669779853235
2026-09-04_10-41-47-475152_earlyRefresh,earlyRefresh,high-skew-zipf,1788518659.475000,151.999848,backend_throughput,all,7.666666666666666
2026-09-04_10-41-47-475152_earlyRefresh,earlyRefresh,high-skew-zipf,1788518660.475000,152.999848,backend_throughput,all,9
2026-09-04_10-41-47-475152_earlyRefresh,earlyRefresh,high-skew-zipf,1788518661.475000,153.999848,backend_throughput,all,13.662112629123627
2026-09-04_10-41-47-475152_earlyRefresh,earlyRefresh,high-skew-zipf,1788518662.475000,154.999848,backend_throughput,all,12
2026-09-04_10-41-47-475152_earlyRefresh,earlyRefresh,high-skew-zipf,1788518663.475000,155.999848,backend_throughput,all,11.003667889296432
2026-09-04_10-41-47-475152_earlyRefresh,earlyRefresh,high-skew-zipf,1788518664.475000,156.999848,backend_throughput,all,8
2026-09-04_10-41-47-475152_earlyRefresh,earlyRefresh,high-skew-zipf,1788518665.475000,157.999848,backend_throughput,all,9.003001000333445
2026-09-04_10-41-47-475152_earlyRefresh,earlyRefresh,high-skew-zipf,1788518666.475000,158.999848,backend_throughput,all,8.99700099966678
2026-09-04_10-41-47-475152_earlyRefresh,earlyRefresh,high-skew-zipf,1788518667.475000,159.999848,backend_throughput,all,9.333333333333332
2026-09-04_10-41-47-475152_earlyRefresh,earlyRefresh,high-skew-zipf,1788518668.475000,160.999848,backend_throughput,all,8.330556481172943
2026-09-04_10-41-47-475152_earlyRefresh,earlyRefresh,high-skew-zipf,1788518669.475000,161.999848,backend_throughput,all,9
2026-09-04_10-41-47-475152_earlyRefresh,earlyRefresh,high-skew-zipf,1788518670.475000,162.999848,backend_throughput,all,12.666666666666666
2026-09-04_10-41-47-475152_earlyRefresh,earlyRefresh,high-skew-zipf,1788518671.475000,163.999848,backend_throughput,all,14.333333333333332
2026-09-04_10-41-47-475152_earlyRefresh,earlyRefresh,high-skew-zipf,1788518672.475000,164.999848,backend_throughput,all,14.666666666666666
2026-09-04_10-41-47-475152_earlyRefresh,earlyRefresh,high-skew-zipf,1788518673.475000,165.999848,backend_throughput,all,10.666666666666666
2026-09-04_10-41-47-475152_earlyRefresh,earlyRefresh,high-skew-zipf,1788518674.475000,166.999848,backend_throughput,all,9.003001000333445
2026-09-04_10-41-47-475152_earlyRefresh,earlyRefresh,high-skew-zipf,1788518675.475000,167.999848,backend_throughput,all,11
2026-09-04_10-41-47-475152_earlyRefresh,earlyRefresh,high-skew-zipf,1788518676.475000,168.999848,backend_throughput,all,12
2026-09-04_10-41-47-475152_earlyRefresh,earlyRefresh,high-skew-zipf,1788518677.475000,169.999848,backend_throughput,all,13.662112629123627
2026-09-04_10-41-47-475152_earlyRefresh,earlyRefresh,high-skew-zipf,1788518678.475000,170.999848,backend_throughput,all,14.333333333333332
2026-09-04_10-41-47-475152_earlyRefresh,earlyRefresh,high-skew-zipf,1788518679.475000,171.999848,backend_throughput,all,12.337445815271757
2026-09-04_10-41-47-475152_earlyRefresh,earlyRefresh,high-skew-zipf,1788518680.475000,172.999848,backend_throughput,all,11.333333333333332
2026-09-04_10-41-47-475152_earlyRefresh,earlyRefresh,high-skew-zipf,1788518681.475000,173.999848,backend_throughput,all,11.666666666666666
2026-09-04_10-41-47-475152_earlyRefresh,earlyRefresh,high-skew-zipf,1788518682.475000,174.999848,backend_throughput,all,11.66277907364212
2026-09-04_10-41-47-475152_earlyRefresh,earlyRefresh,high-skew-zipf,1788518683.475000,175.999848,backend_throughput,all,14.333333333333332
2026-09-04_10-41-47-475152_earlyRefresh,earlyRefresh,high-skew-zipf,1788518684.475000,176.999848,backend_throughput,all,9.333333333333332
2026-09-04_10-41-47-475152_earlyRefresh,earlyRefresh,high-skew-zipf,1788518685.475000,177.999848,backend_throughput,all,10.666666666666666
2026-09-04_10-41-47-475152_earlyRefresh,earlyRefresh,high-skew-zipf,1788518686.475000,178.999848,backend_throughput,all,9.336445481827276
2026-09-04_10-41-47-475152_earlyRefresh,earlyRefresh,high-skew-zipf,1788518687.475000,179.999848,backend_throughput,all,12.00800533689126
2026-09-04_10-41-47-475152_earlyRefresh,earlyRefresh,high-skew-zipf,1788518688.475000,180.999848,backend_throughput,all,11.337112370790264
2026-09-04_10-41-47-475152_earlyRefresh,earlyRefresh,high-skew-zipf,1788518689.475000,181.999848,backend_throughput,all,11.670556852284095
2026-09-04_10-41-47-475152_earlyRefresh,earlyRefresh,high-skew-zipf,1788518690.475000,182.999848,backend_throughput,all,10
2026-09-04_10-41-47-475152_earlyRefresh,earlyRefresh,high-skew-zipf,1788518691.475000,183.999848,backend_throughput,all,10.003334444814937
2026-09-04_10-41-47-475152_earlyRefresh,earlyRefresh,high-skew-zipf,1788518692.475000,184.999848,backend_throughput,all,9.663445518160614
2026-09-04_10-41-47-475152_earlyRefresh,earlyRefresh,high-skew-zipf,1788518693.475000,185.999848,backend_throughput,all,10.663112295901367
2026-09-04_10-41-47-475152_earlyRefresh,earlyRefresh,high-skew-zipf,1788518694.475000,186.999848,backend_throughput,all,11.329556814395202
2026-09-04_10-41-47-475152_earlyRefresh,earlyRefresh,high-skew-zipf,1788518695.475000,187.999848,backend_throughput,all,9.669889963321106
2026-09-04_10-41-47-475152_earlyRefresh,earlyRefresh,high-skew-zipf,1788518696.475000,188.999848,backend_throughput,all,8.333333333333332
2026-09-04_10-41-47-475152_earlyRefresh,earlyRefresh,high-skew-zipf,1788518697.475000,189.999848,backend_throughput,all,7.335778592864288
2026-09-04_10-41-47-475152_earlyRefresh,earlyRefresh,high-skew-zipf,1788518698.475000,190.999848,backend_throughput,all,6.666666666666666
2026-09-04_10-41-47-475152_earlyRefresh,earlyRefresh,high-skew-zipf,1788518699.475000,191.999848,backend_throughput,all,9.666666666666666
2026-09-04_10-41-47-475152_earlyRefresh,earlyRefresh,high-skew-zipf,1788518700.475000,192.999848,backend_throughput,all,12.995668110629792
2026-09-04_10-41-47-475152_earlyRefresh,earlyRefresh,high-skew-zipf,1788518701.475000,193.999848,backend_throughput,all,14.666666666666666
2026-09-04_10-41-47-475152_earlyRefresh,earlyRefresh,high-skew-zipf,1788518702.475000,194.999848,backend_throughput,all,12.666666666666666
2026-09-04_10-41-47-475152_earlyRefresh,earlyRefresh,high-skew-zipf,1788518703.475000,195.999848,backend_throughput,all,11
2026-09-04_10-41-47-475152_earlyRefresh,earlyRefresh,high-skew-zipf,1788518704.475000,196.999848,backend_throughput,all,9.666666666666666
2026-09-04_10-41-47-475152_earlyRefresh,earlyRefresh,high-skew-zipf,1788518705.475000,197.999848,backend_throughput,all,10.666666666666666
2026-09-04_10-41-47-475152_earlyRefresh,earlyRefresh,high-skew-zipf,1788518706.475000,198.999848,backend_throughput,all,9.333333333333332
2026-09-04_10-41-47-475152_earlyRefresh,earlyRefresh,high-skew-zipf,1788518707.475000,199.999848,backend_throughput,all,9.996667777407533
2026-09-04_10-41-47-475152_earlyRefresh,earlyRefresh,high-skew-zipf,1788518708.475000,200.999848,backend_throughput,all,7.669223074358119
2026-09-04_10-41-47-475152_earlyRefresh,earlyRefresh,high-skew-zipf,1788518709.475000,201.999848,backend_throughput,all,7.666666666666666
2026-09-04_10-41-47-475152_earlyRefresh,earlyRefresh,high-skew-zipf,1788518710.475000,202.999848,backend_throughput,all,7.335778592864288
2026-09-04_10-41-47-475152_earlyRefresh,earlyRefresh,high-skew-zipf,1788518711.475000,203.999848,backend_throughput,all,7.33088970343219
2026-09-04_10-41-47-475152_earlyRefresh,earlyRefresh,high-skew-zipf,1788518712.475000,204.999848,backend_throughput,all,5.668556185395132
2026-09-04_10-41-47-475152_earlyRefresh,earlyRefresh,high-skew-zipf,1788518713.475000,205.999848,backend_throughput,all,6.331222925691437
2026-09-04_10-41-47-475152_earlyRefresh,earlyRefresh,high-skew-zipf,1788518714.475000,206.999848,backend_throughput,all,6.666666666666666
2026-09-04_10-41-47-475152_earlyRefresh,earlyRefresh,high-skew-zipf,1788518715.475000,207.999848,backend_throughput,all,9.996667777407533
2026-09-04_10-41-47-475152_earlyRefresh,earlyRefresh,high-skew-zipf,1788518716.475000,208.999848,backend_throughput,all,10.01001001001001
2026-09-04_10-41-47-475152_earlyRefresh,earlyRefresh,high-skew-zipf,1788518717.475000,209.999848,backend_throughput,all,11.674449633088726
2026-09-04_10-41-47-475152_earlyRefresh,earlyRefresh,high-skew-zipf,1788518718.475000,210.999848,backend_throughput,all,11.34089392928619
2026-09-04_10-41-47-475152_earlyRefresh,earlyRefresh,high-skew-zipf,1788518719.475000,211.999848,backend_throughput,all,11.329556814395202
2026-09-04_10-41-47-475152_earlyRefresh,earlyRefresh,high-skew-zipf,1788518720.475000,212.999848,backend_throughput,all,9.666666666666666
2026-09-04_10-41-47-475152_earlyRefresh,earlyRefresh,high-skew-zipf,1788518721.475000,213.999848,backend_throughput,all,11.666666666666666
2026-09-04_10-41-47-475152_earlyRefresh,earlyRefresh,high-skew-zipf,1788518722.475000,214.999848,backend_throughput,all,10.666666666666666
2026-09-04_10-41-47-475152_earlyRefresh,earlyRefresh,high-skew-zipf,1788518723.475000,215.999848,backend_throughput,all,10.333333333333332
2026-09-04_10-41-47-475152_earlyRefresh,earlyRefresh,high-skew-zipf,1788518724.475000,216.999848,backend_throughput,all,6.666666666666666
2026-09-04_10-41-47-475152_earlyRefresh,earlyRefresh,high-skew-zipf,1788518725.475000,217.999848,backend_throughput,all,8
2026-09-04_10-41-47-475152_earlyRefresh,earlyRefresh,high-skew-zipf,1788518726.475000,218.999848,backend_throughput,all,10
2026-09-04_10-41-47-475152_earlyRefresh,earlyRefresh,high-skew-zipf,1788518727.475000,219.999848,backend_throughput,all,12.666666666666666
2026-09-04_10-41-47-475152_earlyRefresh,earlyRefresh,high-skew-zipf,1788518728.475000,220.999848,backend_throughput,all,13.666666666666666
2026-09-04_10-41-47-475152_earlyRefresh,earlyRefresh,high-skew-zipf,1788518729.475000,221.999848,backend_throughput,all,12.662445851382873
2026-09-04_10-41-47-475152_earlyRefresh,earlyRefresh,high-skew-zipf,1788518730.475000,222.999848,backend_throughput,all,13
2026-09-04_10-41-47-475152_earlyRefresh,earlyRefresh,high-skew-zipf,1788518731.475000,223.999848,backend_throughput,all,10.333333333333332
2026-09-04_10-41-47-475152_earlyRefresh,earlyRefresh,high-skew-zipf,1788518732.475000,224.999848,backend_throughput,all,11.670556852284095
2026-09-04_10-41-47-475152_earlyRefresh,earlyRefresh,high-skew-zipf,1788518733.475000,225.999848,backend_throughput,all,9.666666666666666
2026-09-04_10-41-47-475152_earlyRefresh,earlyRefresh,high-skew-zipf,1788518734.475000,226.999848,backend_throughput,all,12.666666666666666
2026-09-04_10-41-47-475152_earlyRefresh,earlyRefresh,high-skew-zipf,1788518735.475000,227.999848,backend_throughput,all,11.670556852284095
2026-09-04_10-41-47-475152_earlyRefresh,earlyRefresh,high-skew-zipf,1788518736.475000,228.999848,backend_throughput,all,10
2026-09-04_10-41-47-475152_earlyRefresh,earlyRefresh,high-skew-zipf,1788518737.475000,229.999848,backend_throughput,all,8
2026-09-04_10-41-47-475152_earlyRefresh,earlyRefresh,high-skew-zipf,1788518738.475000,230.999848,backend_throughput,all,8
2026-09-04_10-41-47-475152_earlyRefresh,earlyRefresh,high-skew-zipf,1788518739.475000,231.999848,backend_throughput,all,7.666666666666666
2026-09-04_10-41-47-475152_earlyRefresh,earlyRefresh,high-skew-zipf,1788518740.475000,232.999848,backend_throughput,all,7.333333333333333
2026-09-04_10-41-47-475152_earlyRefresh,earlyRefresh,high-skew-zipf,1788518741.475000,233.999848,backend_throughput,all,7.9973342219260255
2026-09-04_10-41-47-475152_earlyRefresh,earlyRefresh,high-skew-zipf,1788518742.475000,234.999848,backend_throughput,all,9.333333333333332
2026-09-04_10-41-47-475152_earlyRefresh,earlyRefresh,high-skew-zipf,1788518743.475000,235.999848,backend_throughput,all,12
2026-09-04_10-41-47-475152_earlyRefresh,earlyRefresh,high-skew-zipf,1788518744.475000,236.999848,backend_throughput,all,11.666666666666666
2026-09-04_10-41-47-475152_earlyRefresh,earlyRefresh,high-skew-zipf,1788518745.475000,237.999848,backend_throughput,all,9.333333333333332
2026-09-04_10-41-47-475152_earlyRefresh,earlyRefresh,high-skew-zipf,1788518746.475000,238.999848,backend_throughput,all,6.668889629876626
2026-09-04_10-41-47-475152_earlyRefresh,earlyRefresh,high-skew-zipf,1788518747.475000,239.999848,backend_throughput,all,5.668556185395132
2026-09-04_10-41-47-475152_earlyRefresh,earlyRefresh,high-skew-zipf,1788518507.475000,-0.000152,active_backend_requests,all,0
2026-09-04_10-41-47-475152_earlyRefresh,earlyRefresh,high-skew-zipf,1788518508.475000,0.999848,active_backend_requests,all,0
2026-09-04_10-41-47-475152_earlyRefresh,earlyRefresh,high-skew-zipf,1788518509.475000,1.999848,active_backend_requests,all,2
2026-09-04_10-41-47-475152_earlyRefresh,earlyRefresh,high-skew-zipf,1788518510.475000,2.999848,active_backend_requests,all,1
2026-09-04_10-41-47-475152_earlyRefresh,earlyRefresh,high-skew-zipf,1788518511.475000,3.999848,active_backend_requests,all,2
2026-09-04_10-41-47-475152_earlyRefresh,earlyRefresh,high-skew-zipf,1788518512.475000,4.999848,active_backend_requests,all,2
2026-09-04_10-41-47-475152_earlyRefresh,earlyRefresh,high-skew-zipf,1788518513.475000,5.999848,active_backend_requests,all,0
2026-09-04_10-41-47-475152_earlyRefresh,earlyRefresh,high-skew-zipf,1788518514.475000,6.999848,active_backend_requests,all,2
2026-09-04_10-41-47-475152_earlyRefresh,earlyRefresh,high-skew-zipf,1788518515.475000,7.999848,active_backend_requests,all,0
2026-09-04_10-41-47-475152_earlyRefresh,earlyRefresh,high-skew-zipf,1788518516.475000,8.999848,active_backend_requests,all,2
2026-09-04_10-41-47-475152_earlyRefresh,earlyRefresh,high-skew-zipf,1788518517.475000,9.999848,active_backend_requests,all,2
2026-09-04_10-41-47-475152_earlyRefresh,earlyRefresh,high-skew-zipf,1788518518.475000,10.999848,active_backend_requests,all,1
2026-09-04_10-41-47-475152_earlyRefresh,earlyRefresh,high-skew-zipf,1788518519.475000,11.999848,active_backend_requests,all,0
2026-09-04_10-41-47-475152_earlyRefresh,earlyRefresh,high-skew-zipf,1788518520.475000,12.999848,active_backend_requests,all,0
2026-09-04_10-41-47-475152_earlyRefresh,earlyRefresh,high-skew-zipf,1788518521.475000,13.999848,active_backend_requests,all,1
2026-09-04_10-41-47-475152_earlyRefresh,earlyRefresh,high-skew-zipf,1788518522.475000,14.999848,active_backend_requests,all,0
2026-09-04_10-41-47-475152_earlyRefresh,earlyRefresh,high-skew-zipf,1788518523.475000,15.999848,active_backend_requests,all,1
2026-09-04_10-41-47-475152_earlyRefresh,earlyRefresh,high-skew-zipf,1788518524.475000,16.999848,active_backend_requests,all,3
2026-09-04_10-41-47-475152_earlyRefresh,earlyRefresh,high-skew-zipf,1788518525.475000,17.999848,active_backend_requests,all,5
2026-09-04_10-41-47-475152_earlyRefresh,earlyRefresh,high-skew-zipf,1788518526.475000,18.999848,active_backend_requests,all,2
2026-09-04_10-41-47-475152_earlyRefresh,earlyRefresh,high-skew-zipf,1788518527.475000,19.999848,active_backend_requests,all,1
2026-09-04_10-41-47-475152_earlyRefresh,earlyRefresh,high-skew-zipf,1788518528.475000,20.999848,active_backend_requests,all,7
2026-09-04_10-41-47-475152_earlyRefresh,earlyRefresh,high-skew-zipf,1788518529.475000,21.999848,active_backend_requests,all,3
2026-09-04_10-41-47-475152_earlyRefresh,earlyRefresh,high-skew-zipf,1788518530.475000,22.999848,active_backend_requests,all,8
2026-09-04_10-41-47-475152_earlyRefresh,earlyRefresh,high-skew-zipf,1788518531.475000,23.999848,active_backend_requests,all,3
2026-09-04_10-41-47-475152_earlyRefresh,earlyRefresh,high-skew-zipf,1788518532.475000,24.999848,active_backend_requests,all,2
2026-09-04_10-41-47-475152_earlyRefresh,earlyRefresh,high-skew-zipf,1788518533.475000,25.999848,active_backend_requests,all,0
2026-09-04_10-41-47-475152_earlyRefresh,earlyRefresh,high-skew-zipf,1788518534.475000,26.999848,active_backend_requests,all,2
2026-09-04_10-41-47-475152_earlyRefresh,earlyRefresh,high-skew-zipf,1788518535.475000,27.999848,active_backend_requests,all,0
2026-09-04_10-41-47-475152_earlyRefresh,earlyRefresh,high-skew-zipf,1788518536.475000,28.999848,active_backend_requests,all,0
2026-09-04_10-41-47-475152_earlyRefresh,earlyRefresh,high-skew-zipf,1788518537.475000,29.999848,active_backend_requests,all,2
2026-09-04_10-41-47-475152_earlyRefresh,earlyRefresh,high-skew-zipf,1788518538.475000,30.999848,active_backend_requests,all,3
2026-09-04_10-41-47-475152_earlyRefresh,earlyRefresh,high-skew-zipf,1788518539.475000,31.999848,active_backend_requests,all,2
2026-09-04_10-41-47-475152_earlyRefresh,earlyRefresh,high-skew-zipf,1788518540.475000,32.999848,active_backend_requests,all,2
2026-09-04_10-41-47-475152_earlyRefresh,earlyRefresh,high-skew-zipf,1788518541.475000,33.999848,active_backend_requests,all,8
2026-09-04_10-41-47-475152_earlyRefresh,earlyRefresh,high-skew-zipf,1788518542.475000,34.999848,active_backend_requests,all,6
2026-09-04_10-41-47-475152_earlyRefresh,earlyRefresh,high-skew-zipf,1788518543.475000,35.999848,active_backend_requests,all,2
2026-09-04_10-41-47-475152_earlyRefresh,earlyRefresh,high-skew-zipf,1788518544.475000,36.999848,active_backend_requests,all,2
2026-09-04_10-41-47-475152_earlyRefresh,earlyRefresh,high-skew-zipf,1788518545.475000,37.999848,active_backend_requests,all,2
2026-09-04_10-41-47-475152_earlyRefresh,earlyRefresh,high-skew-zipf,1788518546.475000,38.999848,active_backend_requests,all,2
2026-09-04_10-41-47-475152_earlyRefresh,earlyRefresh,high-skew-zipf,1788518547.475000,39.999848,active_backend_requests,all,2
2026-09-04_10-41-47-475152_earlyRefresh,earlyRefresh,high-skew-zipf,1788518548.475000,40.999848,active_backend_requests,all,1
2026-09-04_10-41-47-475152_earlyRefresh,earlyRefresh,high-skew-zipf,1788518549.475000,41.999848,active_backend_requests,all,2
2026-09-04_10-41-47-475152_earlyRefresh,earlyRefresh,high-skew-zipf,1788518550.475000,42.999848,active_backend_requests,all,3
2026-09-04_10-41-47-475152_earlyRefresh,earlyRefresh,high-skew-zipf,1788518551.475000,43.999848,active_backend_requests,all,1
2026-09-04_10-41-47-475152_earlyRefresh,earlyRefresh,high-skew-zipf,1788518552.475000,44.999848,active_backend_requests,all,4
2026-09-04_10-41-47-475152_earlyRefresh,earlyRefresh,high-skew-zipf,1788518553.475000,45.999848,active_backend_requests,all,1
2026-09-04_10-41-47-475152_earlyRefresh,earlyRefresh,high-skew-zipf,1788518554.475000,46.999848,active_backend_requests,all,0
2026-09-04_10-41-47-475152_earlyRefresh,earlyRefresh,high-skew-zipf,1788518555.475000,47.999848,active_backend_requests,all,3
2026-09-04_10-41-47-475152_earlyRefresh,earlyRefresh,high-skew-zipf,1788518556.475000,48.999848,active_backend_requests,all,2
2026-09-04_10-41-47-475152_earlyRefresh,earlyRefresh,high-skew-zipf,1788518557.475000,49.999848,active_backend_requests,all,4
2026-09-04_10-41-47-475152_earlyRefresh,earlyRefresh,high-skew-zipf,1788518558.475000,50.999848,active_backend_requests,all,6
2026-09-04_10-41-47-475152_earlyRefresh,earlyRefresh,high-skew-zipf,1788518559.475000,51.999848,active_backend_requests,all,1
2026-09-04_10-41-47-475152_earlyRefresh,earlyRefresh,high-skew-zipf,1788518560.475000,52.999848,active_backend_requests,all,1
2026-09-04_10-41-47-475152_earlyRefresh,earlyRefresh,high-skew-zipf,1788518561.475000,53.999848,active_backend_requests,all,1
2026-09-04_10-41-47-475152_earlyRefresh,earlyRefresh,high-skew-zipf,1788518562.475000,54.999848,active_backend_requests,all,0
2026-09-04_10-41-47-475152_earlyRefresh,earlyRefresh,high-skew-zipf,1788518563.475000,55.999848,active_backend_requests,all,1
2026-09-04_10-41-47-475152_earlyRefresh,earlyRefresh,high-skew-zipf,1788518564.475000,56.999848,active_backend_requests,all,0
2026-09-04_10-41-47-475152_earlyRefresh,earlyRefresh,high-skew-zipf,1788518565.475000,57.999848,active_backend_requests,all,3
2026-09-04_10-41-47-475152_earlyRefresh,earlyRefresh,high-skew-zipf,1788518566.475000,58.999848,active_backend_requests,all,3
2026-09-04_10-41-47-475152_earlyRefresh,earlyRefresh,high-skew-zipf,1788518567.475000,59.999848,active_backend_requests,all,0
2026-09-04_10-41-47-475152_earlyRefresh,earlyRefresh,high-skew-zipf,1788518568.475000,60.999848,active_backend_requests,all,0
2026-09-04_10-41-47-475152_earlyRefresh,earlyRefresh,high-skew-zipf,1788518569.475000,61.999848,active_backend_requests,all,0
2026-09-04_10-41-47-475152_earlyRefresh,earlyRefresh,high-skew-zipf,1788518570.475000,62.999848,active_backend_requests,all,0
2026-09-04_10-41-47-475152_earlyRefresh,earlyRefresh,high-skew-zipf,1788518571.475000,63.999848,active_backend_requests,all,1
2026-09-04_10-41-47-475152_earlyRefresh,earlyRefresh,high-skew-zipf,1788518572.475000,64.999848,active_backend_requests,all,2
2026-09-04_10-41-47-475152_earlyRefresh,earlyRefresh,high-skew-zipf,1788518573.475000,65.999848,active_backend_requests,all,3
2026-09-04_10-41-47-475152_earlyRefresh,earlyRefresh,high-skew-zipf,1788518574.475000,66.999848,active_backend_requests,all,5
2026-09-04_10-41-47-475152_earlyRefresh,earlyRefresh,high-skew-zipf,1788518575.475000,67.999848,active_backend_requests,all,2
2026-09-04_10-41-47-475152_earlyRefresh,earlyRefresh,high-skew-zipf,1788518576.475000,68.999848,active_backend_requests,all,1
2026-09-04_10-41-47-475152_earlyRefresh,earlyRefresh,high-skew-zipf,1788518577.475000,69.999848,active_backend_requests,all,1
2026-09-04_10-41-47-475152_earlyRefresh,earlyRefresh,high-skew-zipf,1788518578.475000,70.999848,active_backend_requests,all,1
2026-09-04_10-41-47-475152_earlyRefresh,earlyRefresh,high-skew-zipf,1788518579.475000,71.999848,active_backend_requests,all,7
2026-09-04_10-41-47-475152_earlyRefresh,earlyRefresh,high-skew-zipf,1788518580.475000,72.999848,active_backend_requests,all,5
2026-09-04_10-41-47-475152_earlyRefresh,earlyRefresh,high-skew-zipf,1788518581.475000,73.999848,active_backend_requests,all,2
2026-09-04_10-41-47-475152_earlyRefresh,earlyRefresh,high-skew-zipf,1788518582.475000,74.999848,active_backend_requests,all,1
2026-09-04_10-41-47-475152_earlyRefresh,earlyRefresh,high-skew-zipf,1788518583.475000,75.999848,active_backend_requests,all,4
2026-09-04_10-41-47-475152_earlyRefresh,earlyRefresh,high-skew-zipf,1788518584.475000,76.999848,active_backend_requests,all,5
2026-09-04_10-41-47-475152_earlyRefresh,earlyRefresh,high-skew-zipf,1788518585.475000,77.999848,active_backend_requests,all,7
2026-09-04_10-41-47-475152_earlyRefresh,earlyRefresh,high-skew-zipf,1788518586.475000,78.999848,active_backend_requests,all,4
2026-09-04_10-41-47-475152_earlyRefresh,earlyRefresh,high-skew-zipf,1788518587.475000,79.999848,active_backend_requests,all,2
2026-09-04_10-41-47-475152_earlyRefresh,earlyRefresh,high-skew-zipf,1788518588.475000,80.999848,active_backend_requests,all,4
2026-09-04_10-41-47-475152_earlyRefresh,earlyRefresh,high-skew-zipf,1788518589.475000,81.999848,active_backend_requests,all,1
2026-09-04_10-41-47-475152_earlyRefresh,earlyRefresh,high-skew-zipf,1788518590.475000,82.999848,active_backend_requests,all,2
2026-09-04_10-41-47-475152_earlyRefresh,earlyRefresh,high-skew-zipf,1788518591.475000,83.999848,active_backend_requests,all,1
2026-09-04_10-41-47-475152_earlyRefresh,earlyRefresh,high-skew-zipf,1788518592.475000,84.999848,active_backend_requests,all,1
2026-09-04_10-41-47-475152_earlyRefresh,earlyRefresh,high-skew-zipf,1788518593.475000,85.999848,active_backend_requests,all,2
2026-09-04_10-41-47-475152_earlyRefresh,earlyRefresh,high-skew-zipf,1788518594.475000,86.999848,active_backend_requests,all,4
2026-09-04_10-41-47-475152_earlyRefresh,earlyRefresh,high-skew-zipf,1788518595.475000,87.999848,active_backend_requests,all,1
2026-09-04_10-41-47-475152_earlyRefresh,earlyRefresh,high-skew-zipf,1788518596.475000,88.999848,active_backend_requests,all,7
2026-09-04_10-41-47-475152_earlyRefresh,earlyRefresh,high-skew-zipf,1788518597.475000,89.999848,active_backend_requests,all,1
2026-09-04_10-41-47-475152_earlyRefresh,earlyRefresh,high-skew-zipf,1788518598.475000,90.999848,active_backend_requests,all,1
2026-09-04_10-41-47-475152_earlyRefresh,earlyRefresh,high-skew-zipf,1788518599.475000,91.999848,active_backend_requests,all,3
2026-09-04_10-41-47-475152_earlyRefresh,earlyRefresh,high-skew-zipf,1788518600.475000,92.999848,active_backend_requests,all,1
2026-09-04_10-41-47-475152_earlyRefresh,earlyRefresh,high-skew-zipf,1788518601.475000,93.999848,active_backend_requests,all,2
2026-09-04_10-41-47-475152_earlyRefresh,earlyRefresh,high-skew-zipf,1788518602.475000,94.999848,active_backend_requests,all,3
2026-09-04_10-41-47-475152_earlyRefresh,earlyRefresh,high-skew-zipf,1788518603.475000,95.999848,active_backend_requests,all,1
2026-09-04_10-41-47-475152_earlyRefresh,earlyRefresh,high-skew-zipf,1788518604.475000,96.999848,active_backend_requests,all,0
2026-09-04_10-41-47-475152_earlyRefresh,earlyRefresh,high-skew-zipf,1788518605.475000,97.999848,active_backend_requests,all,0
2026-09-04_10-41-47-475152_earlyRefresh,earlyRefresh,high-skew-zipf,1788518606.475000,98.999848,active_backend_requests,all,2
2026-09-04_10-41-47-475152_earlyRefresh,earlyRefresh,high-skew-zipf,1788518607.475000,99.999848,active_backend_requests,all,4
2026-09-04_10-41-47-475152_earlyRefresh,earlyRefresh,high-skew-zipf,1788518608.475000,100.999848,active_backend_requests,all,4
2026-09-04_10-41-47-475152_earlyRefresh,earlyRefresh,high-skew-zipf,1788518609.475000,101.999848,active_backend_requests,all,3
2026-09-04_10-41-47-475152_earlyRefresh,earlyRefresh,high-skew-zipf,1788518610.475000,102.999848,active_backend_requests,all,2
2026-09-04_10-41-47-475152_earlyRefresh,earlyRefresh,high-skew-zipf,1788518611.475000,103.999848,active_backend_requests,all,5
2026-09-04_10-41-47-475152_earlyRefresh,earlyRefresh,high-skew-zipf,1788518612.475000,104.999848,active_backend_requests,all,3
2026-09-04_10-41-47-475152_earlyRefresh,earlyRefresh,high-skew-zipf,1788518613.475000,105.999848,active_backend_requests,all,1
2026-09-04_10-41-47-475152_earlyRefresh,earlyRefresh,high-skew-zipf,1788518614.475000,106.999848,active_backend_requests,all,6
2026-09-04_10-41-47-475152_earlyRefresh,earlyRefresh,high-skew-zipf,1788518615.475000,107.999848,active_backend_requests,all,4
2026-09-04_10-41-47-475152_earlyRefresh,earlyRefresh,high-skew-zipf,1788518616.475000,108.999848,active_backend_requests,all,2
2026-09-04_10-41-47-475152_earlyRefresh,earlyRefresh,high-skew-zipf,1788518617.475000,109.999848,active_backend_requests,all,3
2026-09-04_10-41-47-475152_earlyRefresh,earlyRefresh,high-skew-zipf,1788518618.475000,110.999848,active_backend_requests,all,2
2026-09-04_10-41-47-475152_earlyRefresh,earlyRefresh,high-skew-zipf,1788518619.475000,111.999848,active_backend_requests,all,3
2026-09-04_10-41-47-475152_earlyRefresh,earlyRefresh,high-skew-zipf,1788518620.475000,112.999848,active_backend_requests,all,2
2026-09-04_10-41-47-475152_earlyRefresh,earlyRefresh,high-skew-zipf,1788518621.475000,113.999848,active_backend_requests,all,4
2026-09-04_10-41-47-475152_earlyRefresh,earlyRefresh,high-skew-zipf,1788518622.475000,114.999848,active_backend_requests,all,0
2026-09-04_10-41-47-475152_earlyRefresh,earlyRefresh,high-skew-zipf,1788518623.475000,115.999848,active_backend_requests,all,2
2026-09-04_10-41-47-475152_earlyRefresh,earlyRefresh,high-skew-zipf,1788518624.475000,116.999848,active_backend_requests,all,1
2026-09-04_10-41-47-475152_earlyRefresh,earlyRefresh,high-skew-zipf,1788518625.475000,117.999848,active_backend_requests,all,1
2026-09-04_10-41-47-475152_earlyRefresh,earlyRefresh,high-skew-zipf,1788518626.475000,118.999848,active_backend_requests,all,1
2026-09-04_10-41-47-475152_earlyRefresh,earlyRefresh,high-skew-zipf,1788518627.475000,119.999848,active_backend_requests,all,4
2026-09-04_10-41-47-475152_earlyRefresh,earlyRefresh,high-skew-zipf,1788518628.475000,120.999848,active_backend_requests,all,3
2026-09-04_10-41-47-475152_earlyRefresh,earlyRefresh,high-skew-zipf,1788518629.475000,121.999848,active_backend_requests,all,3
2026-09-04_10-41-47-475152_earlyRefresh,earlyRefresh,high-skew-zipf,1788518630.475000,122.999848,active_backend_requests,all,0
2026-09-04_10-41-47-475152_earlyRefresh,earlyRefresh,high-skew-zipf,1788518631.475000,123.999848,active_backend_requests,all,1
2026-09-04_10-41-47-475152_earlyRefresh,earlyRefresh,high-skew-zipf,1788518632.475000,124.999848,active_backend_requests,all,2
2026-09-04_10-41-47-475152_earlyRefresh,earlyRefresh,high-skew-zipf,1788518633.475000,125.999848,active_backend_requests,all,2
2026-09-04_10-41-47-475152_earlyRefresh,earlyRefresh,high-skew-zipf,1788518634.475000,126.999848,active_backend_requests,all,2
2026-09-04_10-41-47-475152_earlyRefresh,earlyRefresh,high-skew-zipf,1788518635.475000,127.999848,active_backend_requests,all,3
2026-09-04_10-41-47-475152_earlyRefresh,earlyRefresh,high-skew-zipf,1788518636.475000,128.999848,active_backend_requests,all,1
2026-09-04_10-41-47-475152_earlyRefresh,earlyRefresh,high-skew-zipf,1788518637.475000,129.999848,active_backend_requests,all,0
2026-09-04_10-41-47-475152_earlyRefresh,earlyRefresh,high-skew-zipf,1788518638.475000,130.999848,active_backend_requests,all,3
2026-09-04_10-41-47-475152_earlyRefresh,earlyRefresh,high-skew-zipf,1788518639.475000,131.999848,active_backend_requests,all,1
2026-09-04_10-41-47-475152_earlyRefresh,earlyRefresh,high-skew-zipf,1788518640.475000,132.999848,active_backend_requests,all,3
2026-09-04_10-41-47-475152_earlyRefresh,earlyRefresh,high-skew-zipf,1788518641.475000,133.999848,active_backend_requests,all,1
2026-09-04_10-41-47-475152_earlyRefresh,earlyRefresh,high-skew-zipf,1788518642.475000,134.999848,active_backend_requests,all,1
2026-09-04_10-41-47-475152_earlyRefresh,earlyRefresh,high-skew-zipf,1788518643.475000,135.999848,active_backend_requests,all,4
2026-09-04_10-41-47-475152_earlyRefresh,earlyRefresh,high-skew-zipf,1788518644.475000,136.999848,active_backend_requests,all,4
2026-09-04_10-41-47-475152_earlyRefresh,earlyRefresh,high-skew-zipf,1788518645.475000,137.999848,active_backend_requests,all,4
2026-09-04_10-41-47-475152_earlyRefresh,earlyRefresh,high-skew-zipf,1788518646.475000,138.999848,active_backend_requests,all,2
2026-09-04_10-41-47-475152_earlyRefresh,earlyRefresh,high-skew-zipf,1788518647.475000,139.999848,active_backend_requests,all,1
2026-09-04_10-41-47-475152_earlyRefresh,earlyRefresh,high-skew-zipf,1788518648.475000,140.999848,active_backend_requests,all,0
2026-09-04_10-41-47-475152_earlyRefresh,earlyRefresh,high-skew-zipf,1788518649.475000,141.999848,active_backend_requests,all,1
2026-09-04_10-41-47-475152_earlyRefresh,earlyRefresh,high-skew-zipf,1788518650.475000,142.999848,active_backend_requests,all,0
2026-09-04_10-41-47-475152_earlyRefresh,earlyRefresh,high-skew-zipf,1788518651.475000,143.999848,active_backend_requests,all,1
2026-09-04_10-41-47-475152_earlyRefresh,earlyRefresh,high-skew-zipf,1788518652.475000,144.999848,active_backend_requests,all,0
2026-09-04_10-41-47-475152_earlyRefresh,earlyRefresh,high-skew-zipf,1788518653.475000,145.999848,active_backend_requests,all,1
2026-09-04_10-41-47-475152_earlyRefresh,earlyRefresh,high-skew-zipf,1788518654.475000,146.999848,active_backend_requests,all,1
2026-09-04_10-41-47-475152_earlyRefresh,earlyRefresh,high-skew-zipf,1788518655.475000,147.999848,active_backend_requests,all,2
2026-09-04_10-41-47-475152_earlyRefresh,earlyRefresh,high-skew-zipf,1788518656.475000,148.999848,active_backend_requests,all,5
2026-09-04_10-41-47-475152_earlyRefresh,earlyRefresh,high-skew-zipf,1788518657.475000,149.999848,active_backend_requests,all,3
2026-09-04_10-41-47-475152_earlyRefresh,earlyRefresh,high-skew-zipf,1788518658.475000,150.999848,active_backend_requests,all,1
2026-09-04_10-41-47-475152_earlyRefresh,earlyRefresh,high-skew-zipf,1788518659.475000,151.999848,active_backend_requests,all,1
2026-09-04_10-41-47-475152_earlyRefresh,earlyRefresh,high-skew-zipf,1788518660.475000,152.999848,active_backend_requests,all,4
2026-09-04_10-41-47-475152_earlyRefresh,earlyRefresh,high-skew-zipf,1788518661.475000,153.999848,active_backend_requests,all,4
2026-09-04_10-41-47-475152_earlyRefresh,earlyRefresh,high-skew-zipf,1788518662.475000,154.999848,active_backend_requests,all,1
2026-09-04_10-41-47-475152_earlyRefresh,earlyRefresh,high-skew-zipf,1788518663.475000,155.999848,active_backend_requests,all,0
2026-09-04_10-41-47-475152_earlyRefresh,earlyRefresh,high-skew-zipf,1788518664.475000,156.999848,active_backend_requests,all,3
2026-09-04_10-41-47-475152_earlyRefresh,earlyRefresh,high-skew-zipf,1788518665.475000,157.999848,active_backend_requests,all,3
2026-09-04_10-41-47-475152_earlyRefresh,earlyRefresh,high-skew-zipf,1788518666.475000,158.999848,active_backend_requests,all,3
2026-09-04_10-41-47-475152_earlyRefresh,earlyRefresh,high-skew-zipf,1788518667.475000,159.999848,active_backend_requests,all,1
2026-09-04_10-41-47-475152_earlyRefresh,earlyRefresh,high-skew-zipf,1788518668.475000,160.999848,active_backend_requests,all,1
2026-09-04_10-41-47-475152_earlyRefresh,earlyRefresh,high-skew-zipf,1788518669.475000,161.999848,active_backend_requests,all,2
2026-09-04_10-41-47-475152_earlyRefresh,earlyRefresh,high-skew-zipf,1788518670.475000,162.999848,active_backend_requests,all,7
2026-09-04_10-41-47-475152_earlyRefresh,earlyRefresh,high-skew-zipf,1788518671.475000,163.999848,active_backend_requests,all,4
2026-09-04_10-41-47-475152_earlyRefresh,earlyRefresh,high-skew-zipf,1788518672.475000,164.999848,active_backend_requests,all,1
2026-09-04_10-41-47-475152_earlyRefresh,earlyRefresh,high-skew-zipf,1788518673.475000,165.999848,active_backend_requests,all,2
2026-09-04_10-41-47-475152_earlyRefresh,earlyRefresh,high-skew-zipf,1788518674.475000,166.999848,active_backend_requests,all,0
2026-09-04_10-41-47-475152_earlyRefresh,earlyRefresh,high-skew-zipf,1788518675.475000,167.999848,active_backend_requests,all,3
2026-09-04_10-41-47-475152_earlyRefresh,earlyRefresh,high-skew-zipf,1788518676.475000,168.999848,active_backend_requests,all,3
2026-09-04_10-41-47-475152_earlyRefresh,earlyRefresh,high-skew-zipf,1788518677.475000,169.999848,active_backend_requests,all,7
2026-09-04_10-41-47-475152_earlyRefresh,earlyRefresh,high-skew-zipf,1788518678.475000,170.999848,active_backend_requests,all,5
2026-09-04_10-41-47-475152_earlyRefresh,earlyRefresh,high-skew-zipf,1788518679.475000,171.999848,active_backend_requests,all,2
2026-09-04_10-41-47-475152_earlyRefresh,earlyRefresh,high-skew-zipf,1788518680.475000,172.999848,active_backend_requests,all,3
2026-09-04_10-41-47-475152_earlyRefresh,earlyRefresh,high-skew-zipf,1788518681.475000,173.999848,active_backend_requests,all,5
2026-09-04_10-41-47-475152_earlyRefresh,earlyRefresh,high-skew-zipf,1788518682.475000,174.999848,active_backend_requests,all,1
2026-09-04_10-41-47-475152_earlyRefresh,earlyRefresh,high-skew-zipf,1788518683.475000,175.999848,active_backend_requests,all,6
2026-09-04_10-41-47-475152_earlyRefresh,earlyRefresh,high-skew-zipf,1788518684.475000,176.999848,active_backend_requests,all,0
2026-09-04_10-41-47-475152_earlyRefresh,earlyRefresh,high-skew-zipf,1788518685.475000,177.999848,active_backend_requests,all,4
2026-09-04_10-41-47-475152_earlyRefresh,earlyRefresh,high-skew-zipf,1788518686.475000,178.999848,active_backend_requests,all,2
2026-09-04_10-41-47-475152_earlyRefresh,earlyRefresh,high-skew-zipf,1788518687.475000,179.999848,active_backend_requests,all,2
2026-09-04_10-41-47-475152_earlyRefresh,earlyRefresh,high-skew-zipf,1788518688.475000,180.999848,active_backend_requests,all,3
2026-09-04_10-41-47-475152_earlyRefresh,earlyRefresh,high-skew-zipf,1788518689.475000,181.999848,active_backend_requests,all,1
2026-09-04_10-41-47-475152_earlyRefresh,earlyRefresh,high-skew-zipf,1788518690.475000,182.999848,active_backend_requests,all,2
2026-09-04_10-41-47-475152_earlyRefresh,earlyRefresh,high-skew-zipf,1788518691.475000,183.999848,active_backend_requests,all,2
2026-09-04_10-41-47-475152_earlyRefresh,earlyRefresh,high-skew-zipf,1788518692.475000,184.999848,active_backend_requests,all,8
2026-09-04_10-41-47-475152_earlyRefresh,earlyRefresh,high-skew-zipf,1788518693.475000,185.999848,active_backend_requests,all,1
2026-09-04_10-41-47-475152_earlyRefresh,earlyRefresh,high-skew-zipf,1788518694.475000,186.999848,active_backend_requests,all,2
2026-09-04_10-41-47-475152_earlyRefresh,earlyRefresh,high-skew-zipf,1788518695.475000,187.999848,active_backend_requests,all,1
2026-09-04_10-41-47-475152_earlyRefresh,earlyRefresh,high-skew-zipf,1788518696.475000,188.999848,active_backend_requests,all,0
2026-09-04_10-41-47-475152_earlyRefresh,earlyRefresh,high-skew-zipf,1788518697.475000,189.999848,active_backend_requests,all,3
2026-09-04_10-41-47-475152_earlyRefresh,earlyRefresh,high-skew-zipf,1788518698.475000,190.999848,active_backend_requests,all,1
2026-09-04_10-41-47-475152_earlyRefresh,earlyRefresh,high-skew-zipf,1788518699.475000,191.999848,active_backend_requests,all,5
2026-09-04_10-41-47-475152_earlyRefresh,earlyRefresh,high-skew-zipf,1788518700.475000,192.999848,active_backend_requests,all,3
2026-09-04_10-41-47-475152_earlyRefresh,earlyRefresh,high-skew-zipf,1788518701.475000,193.999848,active_backend_requests,all,4
2026-09-04_10-41-47-475152_earlyRefresh,earlyRefresh,high-skew-zipf,1788518702.475000,194.999848,active_backend_requests,all,3
2026-09-04_10-41-47-475152_earlyRefresh,earlyRefresh,high-skew-zipf,1788518703.475000,195.999848,active_backend_requests,all,4
2026-09-04_10-41-47-475152_earlyRefresh,earlyRefresh,high-skew-zipf,1788518704.475000,196.999848,active_backend_requests,all,2
2026-09-04_10-41-47-475152_earlyRefresh,earlyRefresh,high-skew-zipf,1788518705.475000,197.999848,active_backend_requests,all,7
2026-09-04_10-41-47-475152_earlyRefresh,earlyRefresh,high-skew-zipf,1788518706.475000,198.999848,active_backend_requests,all,2
2026-09-04_10-41-47-475152_earlyRefresh,earlyRefresh,high-skew-zipf,1788518707.475000,199.999848,active_backend_requests,all,3
2026-09-04_10-41-47-475152_earlyRefresh,earlyRefresh,high-skew-zipf,1788518708.475000,200.999848,active_backend_requests,all,1
2026-09-04_10-41-47-475152_earlyRefresh,earlyRefresh,high-skew-zipf,1788518709.475000,201.999848,active_backend_requests,all,2
2026-09-04_10-41-47-475152_earlyRefresh,earlyRefresh,high-skew-zipf,1788518710.475000,202.999848,active_backend_requests,all,1
2026-09-04_10-41-47-475152_earlyRefresh,earlyRefresh,high-skew-zipf,1788518711.475000,203.999848,active_backend_requests,all,0
2026-09-04_10-41-47-475152_earlyRefresh,earlyRefresh,high-skew-zipf,1788518712.475000,204.999848,active_backend_requests,all,0
2026-09-04_10-41-47-475152_earlyRefresh,earlyRefresh,high-skew-zipf,1788518713.475000,205.999848,active_backend_requests,all,4
2026-09-04_10-41-47-475152_earlyRefresh,earlyRefresh,high-skew-zipf,1788518714.475000,206.999848,active_backend_requests,all,2
2026-09-04_10-41-47-475152_earlyRefresh,earlyRefresh,high-skew-zipf,1788518715.475000,207.999848,active_backend_requests,all,2
2026-09-04_10-41-47-475152_earlyRefresh,earlyRefresh,high-skew-zipf,1788518716.475000,208.999848,active_backend_requests,all,1
2026-09-04_10-41-47-475152_earlyRefresh,earlyRefresh,high-skew-zipf,1788518717.475000,209.999848,active_backend_requests,all,4
2026-09-04_10-41-47-475152_earlyRefresh,earlyRefresh,high-skew-zipf,1788518718.475000,210.999848,active_backend_requests,all,1
2026-09-04_10-41-47-475152_earlyRefresh,earlyRefresh,high-skew-zipf,1788518719.475000,211.999848,active_backend_requests,all,2
2026-09-04_10-41-47-475152_earlyRefresh,earlyRefresh,high-skew-zipf,1788518720.475000,212.999848,active_backend_requests,all,1
2026-09-04_10-41-47-475152_earlyRefresh,earlyRefresh,high-skew-zipf,1788518721.475000,213.999848,active_backend_requests,all,8
2026-09-04_10-41-47-475152_earlyRefresh,earlyRefresh,high-skew-zipf,1788518722.475000,214.999848,active_backend_requests,all,2
2026-09-04_10-41-47-475152_earlyRefresh,earlyRefresh,high-skew-zipf,1788518723.475000,215.999848,active_backend_requests,all,0
2026-09-04_10-41-47-475152_earlyRefresh,earlyRefresh,high-skew-zipf,1788518724.475000,216.999848,active_backend_requests,all,2
2026-09-04_10-41-47-475152_earlyRefresh,earlyRefresh,high-skew-zipf,1788518725.475000,217.999848,active_backend_requests,all,4
2026-09-04_10-41-47-475152_earlyRefresh,earlyRefresh,high-skew-zipf,1788518726.475000,218.999848,active_backend_requests,all,2
2026-09-04_10-41-47-475152_earlyRefresh,earlyRefresh,high-skew-zipf,1788518727.475000,219.999848,active_backend_requests,all,3
2026-09-04_10-41-47-475152_earlyRefresh,earlyRefresh,high-skew-zipf,1788518728.475000,220.999848,active_backend_requests,all,6
2026-09-04_10-41-47-475152_earlyRefresh,earlyRefresh,high-skew-zipf,1788518729.475000,221.999848,active_backend_requests,all,1
2026-09-04_10-41-47-475152_earlyRefresh,earlyRefresh,high-skew-zipf,1788518730.475000,222.999848,active_backend_requests,all,6
2026-09-04_10-41-47-475152_earlyRefresh,earlyRefresh,high-skew-zipf,1788518731.475000,223.999848,active_backend_requests,all,1
2026-09-04_10-41-47-475152_earlyRefresh,earlyRefresh,high-skew-zipf,1788518732.475000,224.999848,active_backend_requests,all,3
2026-09-04_10-41-47-475152_earlyRefresh,earlyRefresh,high-skew-zipf,1788518733.475000,225.999848,active_backend_requests,all,0
2026-09-04_10-41-47-475152_earlyRefresh,earlyRefresh,high-skew-zipf,1788518734.475000,226.999848,active_backend_requests,all,4
2026-09-04_10-41-47-475152_earlyRefresh,earlyRefresh,high-skew-zipf,1788518735.475000,227.999848,active_backend_requests,all,2
2026-09-04_10-41-47-475152_earlyRefresh,earlyRefresh,high-skew-zipf,1788518736.475000,228.999848,active_backend_requests,all,1
2026-09-04_10-41-47-475152_earlyRefresh,earlyRefresh,high-skew-zipf,1788518737.475000,229.999848,active_backend_requests,all,2
2026-09-04_10-41-47-475152_earlyRefresh,earlyRefresh,high-skew-zipf,1788518738.475000,230.999848,active_backend_requests,all,1
2026-09-04_10-41-47-475152_earlyRefresh,earlyRefresh,high-skew-zipf,1788518739.475000,231.999848,active_backend_requests,all,1
2026-09-04_10-41-47-475152_earlyRefresh,earlyRefresh,high-skew-zipf,1788518740.475000,232.999848,active_backend_requests,all,1
2026-09-04_10-41-47-475152_earlyRefresh,earlyRefresh,high-skew-zipf,1788518741.475000,233.999848,active_backend_requests,all,2
2026-09-04_10-41-47-475152_earlyRefresh,earlyRefresh,high-skew-zipf,1788518742.475000,234.999848,active_backend_requests,all,1
2026-09-04_10-41-47-475152_earlyRefresh,earlyRefresh,high-skew-zipf,1788518743.475000,235.999848,active_backend_requests,all,7
2026-09-04_10-41-47-475152_earlyRefresh,earlyRefresh,high-skew-zipf,1788518744.475000,236.999848,active_backend_requests,all,3
2026-09-04_10-41-47-475152_earlyRefresh,earlyRefresh,high-skew-zipf,1788518745.475000,237.999848,active_backend_requests,all,0
2026-09-04_10-41-47-475152_earlyRefresh,earlyRefresh,high-skew-zipf,1788518746.475000,238.999848,active_backend_requests,all,1
2026-09-04_10-41-47-475152_earlyRefresh,earlyRefresh,high-skew-zipf,1788518747.475000,239.999848,active_backend_requests,all,0
2026-09-04_10-41-47-475152_earlyRefresh,earlyRefresh,high-skew-zipf,1788518507.475000,-0.000152,failed_request_ratio,all,0
2026-09-04_10-41-47-475152_earlyRefresh,earlyRefresh,high-skew-zipf,1788518508.475000,0.999848,failed_request_ratio,all,0
2026-09-04_10-41-47-475152_earlyRefresh,earlyRefresh,high-skew-zipf,1788518509.475000,1.999848,failed_request_ratio,all,0
2026-09-04_10-41-47-475152_earlyRefresh,earlyRefresh,high-skew-zipf,1788518510.475000,2.999848,failed_request_ratio,all,0
2026-09-04_10-41-47-475152_earlyRefresh,earlyRefresh,high-skew-zipf,1788518511.475000,3.999848,failed_request_ratio,all,0
2026-09-04_10-41-47-475152_earlyRefresh,earlyRefresh,high-skew-zipf,1788518512.475000,4.999848,failed_request_ratio,all,0
2026-09-04_10-41-47-475152_earlyRefresh,earlyRefresh,high-skew-zipf,1788518513.475000,5.999848,failed_request_ratio,all,0
2026-09-04_10-41-47-475152_earlyRefresh,earlyRefresh,high-skew-zipf,1788518514.475000,6.999848,failed_request_ratio,all,0
2026-09-04_10-41-47-475152_earlyRefresh,earlyRefresh,high-skew-zipf,1788518515.475000,7.999848,failed_request_ratio,all,0
2026-09-04_10-41-47-475152_earlyRefresh,earlyRefresh,high-skew-zipf,1788518516.475000,8.999848,failed_request_ratio,all,0
2026-09-04_10-41-47-475152_earlyRefresh,earlyRefresh,high-skew-zipf,1788518517.475000,9.999848,failed_request_ratio,all,0
2026-09-04_10-41-47-475152_earlyRefresh,earlyRefresh,high-skew-zipf,1788518518.475000,10.999848,failed_request_ratio,all,0
2026-09-04_10-41-47-475152_earlyRefresh,earlyRefresh,high-skew-zipf,1788518519.475000,11.999848,failed_request_ratio,all,0
2026-09-04_10-41-47-475152_earlyRefresh,earlyRefresh,high-skew-zipf,1788518520.475000,12.999848,failed_request_ratio,all,0
2026-09-04_10-41-47-475152_earlyRefresh,earlyRefresh,high-skew-zipf,1788518521.475000,13.999848,failed_request_ratio,all,0
2026-09-04_10-41-47-475152_earlyRefresh,earlyRefresh,high-skew-zipf,1788518522.475000,14.999848,failed_request_ratio,all,0
2026-09-04_10-41-47-475152_earlyRefresh,earlyRefresh,high-skew-zipf,1788518523.475000,15.999848,failed_request_ratio,all,0
2026-09-04_10-41-47-475152_earlyRefresh,earlyRefresh,high-skew-zipf,1788518524.475000,16.999848,failed_request_ratio,all,0
2026-09-04_10-41-47-475152_earlyRefresh,earlyRefresh,high-skew-zipf,1788518525.475000,17.999848,failed_request_ratio,all,0
2026-09-04_10-41-47-475152_earlyRefresh,earlyRefresh,high-skew-zipf,1788518526.475000,18.999848,failed_request_ratio,all,0
2026-09-04_10-41-47-475152_earlyRefresh,earlyRefresh,high-skew-zipf,1788518527.475000,19.999848,failed_request_ratio,all,0
2026-09-04_10-41-47-475152_earlyRefresh,earlyRefresh,high-skew-zipf,1788518528.475000,20.999848,failed_request_ratio,all,0
2026-09-04_10-41-47-475152_earlyRefresh,earlyRefresh,high-skew-zipf,1788518529.475000,21.999848,failed_request_ratio,all,0
2026-09-04_10-41-47-475152_earlyRefresh,earlyRefresh,high-skew-zipf,1788518530.475000,22.999848,failed_request_ratio,all,0
2026-09-04_10-41-47-475152_earlyRefresh,earlyRefresh,high-skew-zipf,1788518531.475000,23.999848,failed_request_ratio,all,0
2026-09-04_10-41-47-475152_earlyRefresh,earlyRefresh,high-skew-zipf,1788518532.475000,24.999848,failed_request_ratio,all,0
2026-09-04_10-41-47-475152_earlyRefresh,earlyRefresh,high-skew-zipf,1788518533.475000,25.999848,failed_request_ratio,all,0
2026-09-04_10-41-47-475152_earlyRefresh,earlyRefresh,high-skew-zipf,1788518534.475000,26.999848,failed_request_ratio,all,0
2026-09-04_10-41-47-475152_earlyRefresh,earlyRefresh,high-skew-zipf,1788518535.475000,27.999848,failed_request_ratio,all,0
2026-09-04_10-41-47-475152_earlyRefresh,earlyRefresh,high-skew-zipf,1788518536.475000,28.999848,failed_request_ratio,all,0
2026-09-04_10-41-47-475152_earlyRefresh,earlyRefresh,high-skew-zipf,1788518537.475000,29.999848,failed_request_ratio,all,0
2026-09-04_10-41-47-475152_earlyRefresh,earlyRefresh,high-skew-zipf,1788518538.475000,30.999848,failed_request_ratio,all,0
2026-09-04_10-41-47-475152_earlyRefresh,earlyRefresh,high-skew-zipf,1788518539.475000,31.999848,failed_request_ratio,all,0
2026-09-04_10-41-47-475152_earlyRefresh,earlyRefresh,high-skew-zipf,1788518540.475000,32.999848,failed_request_ratio,all,0
2026-09-04_10-41-47-475152_earlyRefresh,earlyRefresh,high-skew-zipf,1788518541.475000,33.999848,failed_request_ratio,all,0
2026-09-04_10-41-47-475152_earlyRefresh,earlyRefresh,high-skew-zipf,1788518542.475000,34.999848,failed_request_ratio,all,0
2026-09-04_10-41-47-475152_earlyRefresh,earlyRefresh,high-skew-zipf,1788518543.475000,35.999848,failed_request_ratio,all,0
2026-09-04_10-41-47-475152_earlyRefresh,earlyRefresh,high-skew-zipf,1788518544.475000,36.999848,failed_request_ratio,all,0
2026-09-04_10-41-47-475152_earlyRefresh,earlyRefresh,high-skew-zipf,1788518545.475000,37.999848,failed_request_ratio,all,0
2026-09-04_10-41-47-475152_earlyRefresh,earlyRefresh,high-skew-zipf,1788518546.475000,38.999848,failed_request_ratio,all,0
2026-09-04_10-41-47-475152_earlyRefresh,earlyRefresh,high-skew-zipf,1788518547.475000,39.999848,failed_request_ratio,all,0
2026-09-04_10-41-47-475152_earlyRefresh,earlyRefresh,high-skew-zipf,1788518548.475000,40.999848,failed_request_ratio,all,0
2026-09-04_10-41-47-475152_earlyRefresh,earlyRefresh,high-skew-zipf,1788518549.475000,41.999848,failed_request_ratio,all,0
2026-09-04_10-41-47-475152_earlyRefresh,earlyRefresh,high-skew-zipf,1788518550.475000,42.999848,failed_request_ratio,all,0
2026-09-04_10-41-47-475152_earlyRefresh,earlyRefresh,high-skew-zipf,1788518551.475000,43.999848,failed_request_ratio,all,0
2026-09-04_10-41-47-475152_earlyRefresh,earlyRefresh,high-skew-zipf,1788518552.475000,44.999848,failed_request_ratio,all,0
2026-09-04_10-41-47-475152_earlyRefresh,earlyRefresh,high-skew-zipf,1788518553.475000,45.999848,failed_request_ratio,all,0
2026-09-04_10-41-47-475152_earlyRefresh,earlyRefresh,high-skew-zipf,1788518554.475000,46.999848,failed_request_ratio,all,0
2026-09-04_10-41-47-475152_earlyRefresh,earlyRefresh,high-skew-zipf,1788518555.475000,47.999848,failed_request_ratio,all,0
2026-09-04_10-41-47-475152_earlyRefresh,earlyRefresh,high-skew-zipf,1788518556.475000,48.999848,failed_request_ratio,all,0
2026-09-04_10-41-47-475152_earlyRefresh,earlyRefresh,high-skew-zipf,1788518557.475000,49.999848,failed_request_ratio,all,0
2026-09-04_10-41-47-475152_earlyRefresh,earlyRefresh,high-skew-zipf,1788518558.475000,50.999848,failed_request_ratio,all,0
2026-09-04_10-41-47-475152_earlyRefresh,earlyRefresh,high-skew-zipf,1788518559.475000,51.999848,failed_request_ratio,all,0
2026-09-04_10-41-47-475152_earlyRefresh,earlyRefresh,high-skew-zipf,1788518560.475000,52.999848,failed_request_ratio,all,0
2026-09-04_10-41-47-475152_earlyRefresh,earlyRefresh,high-skew-zipf,1788518561.475000,53.999848,failed_request_ratio,all,0
2026-09-04_10-41-47-475152_earlyRefresh,earlyRefresh,high-skew-zipf,1788518562.475000,54.999848,failed_request_ratio,all,0
2026-09-04_10-41-47-475152_earlyRefresh,earlyRefresh,high-skew-zipf,1788518563.475000,55.999848,failed_request_ratio,all,0
2026-09-04_10-41-47-475152_earlyRefresh,earlyRefresh,high-skew-zipf,1788518564.475000,56.999848,failed_request_ratio,all,0
2026-09-04_10-41-47-475152_earlyRefresh,earlyRefresh,high-skew-zipf,1788518565.475000,57.999848,failed_request_ratio,all,0
2026-09-04_10-41-47-475152_earlyRefresh,earlyRefresh,high-skew-zipf,1788518566.475000,58.999848,failed_request_ratio,all,0
2026-09-04_10-41-47-475152_earlyRefresh,earlyRefresh,high-skew-zipf,1788518567.475000,59.999848,failed_request_ratio,all,0
2026-09-04_10-41-47-475152_earlyRefresh,earlyRefresh,high-skew-zipf,1788518568.475000,60.999848,failed_request_ratio,all,0
2026-09-04_10-41-47-475152_earlyRefresh,earlyRefresh,high-skew-zipf,1788518569.475000,61.999848,failed_request_ratio,all,0
2026-09-04_10-41-47-475152_earlyRefresh,earlyRefresh,high-skew-zipf,1788518570.475000,62.999848,failed_request_ratio,all,0
2026-09-04_10-41-47-475152_earlyRefresh,earlyRefresh,high-skew-zipf,1788518571.475000,63.999848,failed_request_ratio,all,0
2026-09-04_10-41-47-475152_earlyRefresh,earlyRefresh,high-skew-zipf,1788518572.475000,64.999848,failed_request_ratio,all,0
2026-09-04_10-41-47-475152_earlyRefresh,earlyRefresh,high-skew-zipf,1788518573.475000,65.999848,failed_request_ratio,all,0
2026-09-04_10-41-47-475152_earlyRefresh,earlyRefresh,high-skew-zipf,1788518574.475000,66.999848,failed_request_ratio,all,0
2026-09-04_10-41-47-475152_earlyRefresh,earlyRefresh,high-skew-zipf,1788518575.475000,67.999848,failed_request_ratio,all,0
2026-09-04_10-41-47-475152_earlyRefresh,earlyRefresh,high-skew-zipf,1788518576.475000,68.999848,failed_request_ratio,all,0
2026-09-04_10-41-47-475152_earlyRefresh,earlyRefresh,high-skew-zipf,1788518577.475000,69.999848,failed_request_ratio,all,0
2026-09-04_10-41-47-475152_earlyRefresh,earlyRefresh,high-skew-zipf,1788518578.475000,70.999848,failed_request_ratio,all,0
2026-09-04_10-41-47-475152_earlyRefresh,earlyRefresh,high-skew-zipf,1788518579.475000,71.999848,failed_request_ratio,all,0
2026-09-04_10-41-47-475152_earlyRefresh,earlyRefresh,high-skew-zipf,1788518580.475000,72.999848,failed_request_ratio,all,0
2026-09-04_10-41-47-475152_earlyRefresh,earlyRefresh,high-skew-zipf,1788518581.475000,73.999848,failed_request_ratio,all,0
2026-09-04_10-41-47-475152_earlyRefresh,earlyRefresh,high-skew-zipf,1788518582.475000,74.999848,failed_request_ratio,all,0
2026-09-04_10-41-47-475152_earlyRefresh,earlyRefresh,high-skew-zipf,1788518583.475000,75.999848,failed_request_ratio,all,0
2026-09-04_10-41-47-475152_earlyRefresh,earlyRefresh,high-skew-zipf,1788518584.475000,76.999848,failed_request_ratio,all,0
2026-09-04_10-41-47-475152_earlyRefresh,earlyRefresh,high-skew-zipf,1788518585.475000,77.999848,failed_request_ratio,all,0
2026-09-04_10-41-47-475152_earlyRefresh,earlyRefresh,high-skew-zipf,1788518586.475000,78.999848,failed_request_ratio,all,0
2026-09-04_10-41-47-475152_earlyRefresh,earlyRefresh,high-skew-zipf,1788518587.475000,79.999848,failed_request_ratio,all,0
2026-09-04_10-41-47-475152_earlyRefresh,earlyRefresh,high-skew-zipf,1788518588.475000,80.999848,failed_request_ratio,all,0
2026-09-04_10-41-47-475152_earlyRefresh,earlyRefresh,high-skew-zipf,1788518589.475000,81.999848,failed_request_ratio,all,0
2026-09-04_10-41-47-475152_earlyRefresh,earlyRefresh,high-skew-zipf,1788518590.475000,82.999848,failed_request_ratio,all,0
2026-09-04_10-41-47-475152_earlyRefresh,earlyRefresh,high-skew-zipf,1788518591.475000,83.999848,failed_request_ratio,all,0
2026-09-04_10-41-47-475152_earlyRefresh,earlyRefresh,high-skew-zipf,1788518592.475000,84.999848,failed_request_ratio,all,0
2026-09-04_10-41-47-475152_earlyRefresh,earlyRefresh,high-skew-zipf,1788518593.475000,85.999848,failed_request_ratio,all,0
2026-09-04_10-41-47-475152_earlyRefresh,earlyRefresh,high-skew-zipf,1788518594.475000,86.999848,failed_request_ratio,all,0
2026-09-04_10-41-47-475152_earlyRefresh,earlyRefresh,high-skew-zipf,1788518595.475000,87.999848,failed_request_ratio,all,0
2026-09-04_10-41-47-475152_earlyRefresh,earlyRefresh,high-skew-zipf,1788518596.475000,88.999848,failed_request_ratio,all,0
2026-09-04_10-41-47-475152_earlyRefresh,earlyRefresh,high-skew-zipf,1788518597.475000,89.999848,failed_request_ratio,all,0
2026-09-04_10-41-47-475152_earlyRefresh,earlyRefresh,high-skew-zipf,1788518598.475000,90.999848,failed_request_ratio,all,0
2026-09-04_10-41-47-475152_earlyRefresh,earlyRefresh,high-skew-zipf,1788518599.475000,91.999848,failed_request_ratio,all,0
2026-09-04_10-41-47-475152_earlyRefresh,earlyRefresh,high-skew-zipf,1788518600.475000,92.999848,failed_request_ratio,all,0
2026-09-04_10-41-47-475152_earlyRefresh,earlyRefresh,high-skew-zipf,1788518601.475000,93.999848,failed_request_ratio,all,0
2026-09-04_10-41-47-475152_earlyRefresh,earlyRefresh,high-skew-zipf,1788518602.475000,94.999848,failed_request_ratio,all,0
2026-09-04_10-41-47-475152_earlyRefresh,earlyRefresh,high-skew-zipf,1788518603.475000,95.999848,failed_request_ratio,all,0
2026-09-04_10-41-47-475152_earlyRefresh,earlyRefresh,high-skew-zipf,1788518604.475000,96.999848,failed_request_ratio,all,0
2026-09-04_10-41-47-475152_earlyRefresh,earlyRefresh,high-skew-zipf,1788518605.475000,97.999848,failed_request_ratio,all,0
2026-09-04_10-41-47-475152_earlyRefresh,earlyRefresh,high-skew-zipf,1788518606.475000,98.999848,failed_request_ratio,all,0
2026-09-04_10-41-47-475152_earlyRefresh,earlyRefresh,high-skew-zipf,1788518607.475000,99.999848,failed_request_ratio,all,0
2026-09-04_10-41-47-475152_earlyRefresh,earlyRefresh,high-skew-zipf,1788518608.475000,100.999848,failed_request_ratio,all,0
2026-09-04_10-41-47-475152_earlyRefresh,earlyRefresh,high-skew-zipf,1788518609.475000,101.999848,failed_request_ratio,all,0
2026-09-04_10-41-47-475152_earlyRefresh,earlyRefresh,high-skew-zipf,1788518610.475000,102.999848,failed_request_ratio,all,0
2026-09-04_10-41-47-475152_earlyRefresh,earlyRefresh,high-skew-zipf,1788518611.475000,103.999848,failed_request_ratio,all,0
2026-09-04_10-41-47-475152_earlyRefresh,earlyRefresh,high-skew-zipf,1788518612.475000,104.999848,failed_request_ratio,all,0
2026-09-04_10-41-47-475152_earlyRefresh,earlyRefresh,high-skew-zipf,1788518613.475000,105.999848,failed_request_ratio,all,0
2026-09-04_10-41-47-475152_earlyRefresh,earlyRefresh,high-skew-zipf,1788518614.475000,106.999848,failed_request_ratio,all,0
2026-09-04_10-41-47-475152_earlyRefresh,earlyRefresh,high-skew-zipf,1788518615.475000,107.999848,failed_request_ratio,all,0
2026-09-04_10-41-47-475152_earlyRefresh,earlyRefresh,high-skew-zipf,1788518616.475000,108.999848,failed_request_ratio,all,0
2026-09-04_10-41-47-475152_earlyRefresh,earlyRefresh,high-skew-zipf,1788518617.475000,109.999848,failed_request_ratio,all,0
2026-09-04_10-41-47-475152_earlyRefresh,earlyRefresh,high-skew-zipf,1788518618.475000,110.999848,failed_request_ratio,all,0
2026-09-04_10-41-47-475152_earlyRefresh,earlyRefresh,high-skew-zipf,1788518619.475000,111.999848,failed_request_ratio,all,0
2026-09-04_10-41-47-475152_earlyRefresh,earlyRefresh,high-skew-zipf,1788518620.475000,112.999848,failed_request_ratio,all,0
2026-09-04_10-41-47-475152_earlyRefresh,earlyRefresh,high-skew-zipf,1788518621.475000,113.999848,failed_request_ratio,all,0
2026-09-04_10-41-47-475152_earlyRefresh,earlyRefresh,high-skew-zipf,1788518622.475000,114.999848,failed_request_ratio,all,0
2026-09-04_10-41-47-475152_earlyRefresh,earlyRefresh,high-skew-zipf,1788518623.475000,115.999848,failed_request_ratio,all,0
2026-09-04_10-41-47-475152_earlyRefresh,earlyRefresh,high-skew-zipf,1788518624.475000,116.999848,failed_request_ratio,all,0
2026-09-04_10-41-47-475152_earlyRefresh,earlyRefresh,high-skew-zipf,1788518625.475000,117.999848,failed_request_ratio,all,0
2026-09-04_10-41-47-475152_earlyRefresh,earlyRefresh,high-skew-zipf,1788518626.475000,118.999848,failed_request_ratio,all,0
2026-09-04_10-41-47-475152_earlyRefresh,earlyRefresh,high-skew-zipf,1788518627.475000,119.999848,failed_request_ratio,all,0
2026-09-04_10-41-47-475152_earlyRefresh,earlyRefresh,high-skew-zipf,1788518628.475000,120.999848,failed_request_ratio,all,0
2026-09-04_10-41-47-475152_earlyRefresh,earlyRefresh,high-skew-zipf,1788518629.475000,121.999848,failed_request_ratio,all,0
2026-09-04_10-41-47-475152_earlyRefresh,earlyRefresh,high-skew-zipf,1788518630.475000,122.999848,failed_request_ratio,all,0
2026-09-04_10-41-47-475152_earlyRefresh,earlyRefresh,high-skew-zipf,1788518631.475000,123.999848,failed_request_ratio,all,0
2026-09-04_10-41-47-475152_earlyRefresh,earlyRefresh,high-skew-zipf,1788518632.475000,124.999848,failed_request_ratio,all,0
2026-09-04_10-41-47-475152_earlyRefresh,earlyRefresh,high-skew-zipf,1788518633.475000,125.999848,failed_request_ratio,all,0
2026-09-04_10-41-47-475152_earlyRefresh,earlyRefresh,high-skew-zipf,1788518634.475000,126.999848,failed_request_ratio,all,0
2026-09-04_10-41-47-475152_earlyRefresh,earlyRefresh,high-skew-zipf,1788518635.475000,127.999848,failed_request_ratio,all,0
2026-09-04_10-41-47-475152_earlyRefresh,earlyRefresh,high-skew-zipf,1788518636.475000,128.999848,failed_request_ratio,all,0
2026-09-04_10-41-47-475152_earlyRefresh,earlyRefresh,high-skew-zipf,1788518637.475000,129.999848,failed_request_ratio,all,0
2026-09-04_10-41-47-475152_earlyRefresh,earlyRefresh,high-skew-zipf,1788518638.475000,130.999848,failed_request_ratio,all,0
2026-09-04_10-41-47-475152_earlyRefresh,earlyRefresh,high-skew-zipf,1788518639.475000,131.999848,failed_request_ratio,all,0
2026-09-04_10-41-47-475152_earlyRefresh,earlyRefresh,high-skew-zipf,1788518640.475000,132.999848,failed_request_ratio,all,0
2026-09-04_10-41-47-475152_earlyRefresh,earlyRefresh,high-skew-zipf,1788518641.475000,133.999848,failed_request_ratio,all,0
2026-09-04_10-41-47-475152_earlyRefresh,earlyRefresh,high-skew-zipf,1788518642.475000,134.999848,failed_request_ratio,all,0
2026-09-04_10-41-47-475152_earlyRefresh,earlyRefresh,high-skew-zipf,1788518643.475000,135.999848,failed_request_ratio,all,0
2026-09-04_10-41-47-475152_earlyRefresh,earlyRefresh,high-skew-zipf,1788518644.475000,136.999848,failed_request_ratio,all,0
2026-09-04_10-41-47-475152_earlyRefresh,earlyRefresh,high-skew-zipf,1788518645.475000,137.999848,failed_request_ratio,all,0
2026-09-04_10-41-47-475152_earlyRefresh,earlyRefresh,high-skew-zipf,1788518646.475000,138.999848,failed_request_ratio,all,0
2026-09-04_10-41-47-475152_earlyRefresh,earlyRefresh,high-skew-zipf,1788518647.475000,139.999848,failed_request_ratio,all,0
2026-09-04_10-41-47-475152_earlyRefresh,earlyRefresh,high-skew-zipf,1788518648.475000,140.999848,failed_request_ratio,all,0
2026-09-04_10-41-47-475152_earlyRefresh,earlyRefresh,high-skew-zipf,1788518649.475000,141.999848,failed_request_ratio,all,0
2026-09-04_10-41-47-475152_earlyRefresh,earlyRefresh,high-skew-zipf,1788518650.475000,142.999848,failed_request_ratio,all,0
2026-09-04_10-41-47-475152_earlyRefresh,earlyRefresh,high-skew-zipf,1788518651.475000,143.999848,failed_request_ratio,all,0
2026-09-04_10-41-47-475152_earlyRefresh,earlyRefresh,high-skew-zipf,1788518652.475000,144.999848,failed_request_ratio,all,0
2026-09-04_10-41-47-475152_earlyRefresh,earlyRefresh,high-skew-zipf,1788518653.475000,145.999848,failed_request_ratio,all,0
2026-09-04_10-41-47-475152_earlyRefresh,earlyRefresh,high-skew-zipf,1788518654.475000,146.999848,failed_request_ratio,all,0
2026-09-04_10-41-47-475152_earlyRefresh,earlyRefresh,high-skew-zipf,1788518655.475000,147.999848,failed_request_ratio,all,0
2026-09-04_10-41-47-475152_earlyRefresh,earlyRefresh,high-skew-zipf,1788518656.475000,148.999848,failed_request_ratio,all,0
2026-09-04_10-41-47-475152_earlyRefresh,earlyRefresh,high-skew-zipf,1788518657.475000,149.999848,failed_request_ratio,all,0
2026-09-04_10-41-47-475152_earlyRefresh,earlyRefresh,high-skew-zipf,1788518658.475000,150.999848,failed_request_ratio,all,0
2026-09-04_10-41-47-475152_earlyRefresh,earlyRefresh,high-skew-zipf,1788518659.475000,151.999848,failed_request_ratio,all,0
2026-09-04_10-41-47-475152_earlyRefresh,earlyRefresh,high-skew-zipf,1788518660.475000,152.999848,failed_request_ratio,all,0
2026-09-04_10-41-47-475152_earlyRefresh,earlyRefresh,high-skew-zipf,1788518661.475000,153.999848,failed_request_ratio,all,0
2026-09-04_10-41-47-475152_earlyRefresh,earlyRefresh,high-skew-zipf,1788518662.475000,154.999848,failed_request_ratio,all,0
2026-09-04_10-41-47-475152_earlyRefresh,earlyRefresh,high-skew-zipf,1788518663.475000,155.999848,failed_request_ratio,all,0
2026-09-04_10-41-47-475152_earlyRefresh,earlyRefresh,high-skew-zipf,1788518664.475000,156.999848,failed_request_ratio,all,0
2026-09-04_10-41-47-475152_earlyRefresh,earlyRefresh,high-skew-zipf,1788518665.475000,157.999848,failed_request_ratio,all,0
2026-09-04_10-41-47-475152_earlyRefresh,earlyRefresh,high-skew-zipf,1788518666.475000,158.999848,failed_request_ratio,all,0
2026-09-04_10-41-47-475152_earlyRefresh,earlyRefresh,high-skew-zipf,1788518667.475000,159.999848,failed_request_ratio,all,0
2026-09-04_10-41-47-475152_earlyRefresh,earlyRefresh,high-skew-zipf,1788518668.475000,160.999848,failed_request_ratio,all,0
2026-09-04_10-41-47-475152_earlyRefresh,earlyRefresh,high-skew-zipf,1788518669.475000,161.999848,failed_request_ratio,all,0
2026-09-04_10-41-47-475152_earlyRefresh,earlyRefresh,high-skew-zipf,1788518670.475000,162.999848,failed_request_ratio,all,0
2026-09-04_10-41-47-475152_earlyRefresh,earlyRefresh,high-skew-zipf,1788518671.475000,163.999848,failed_request_ratio,all,0
2026-09-04_10-41-47-475152_earlyRefresh,earlyRefresh,high-skew-zipf,1788518672.475000,164.999848,failed_request_ratio,all,0
2026-09-04_10-41-47-475152_earlyRefresh,earlyRefresh,high-skew-zipf,1788518673.475000,165.999848,failed_request_ratio,all,0
2026-09-04_10-41-47-475152_earlyRefresh,earlyRefresh,high-skew-zipf,1788518674.475000,166.999848,failed_request_ratio,all,0
2026-09-04_10-41-47-475152_earlyRefresh,earlyRefresh,high-skew-zipf,1788518675.475000,167.999848,failed_request_ratio,all,0
2026-09-04_10-41-47-475152_earlyRefresh,earlyRefresh,high-skew-zipf,1788518676.475000,168.999848,failed_request_ratio,all,0
2026-09-04_10-41-47-475152_earlyRefresh,earlyRefresh,high-skew-zipf,1788518677.475000,169.999848,failed_request_ratio,all,0
2026-09-04_10-41-47-475152_earlyRefresh,earlyRefresh,high-skew-zipf,1788518678.475000,170.999848,failed_request_ratio,all,0
2026-09-04_10-41-47-475152_earlyRefresh,earlyRefresh,high-skew-zipf,1788518679.475000,171.999848,failed_request_ratio,all,0
2026-09-04_10-41-47-475152_earlyRefresh,earlyRefresh,high-skew-zipf,1788518680.475000,172.999848,failed_request_ratio,all,0
2026-09-04_10-41-47-475152_earlyRefresh,earlyRefresh,high-skew-zipf,1788518681.475000,173.999848,failed_request_ratio,all,0
2026-09-04_10-41-47-475152_earlyRefresh,earlyRefresh,high-skew-zipf,1788518682.475000,174.999848,failed_request_ratio,all,0
2026-09-04_10-41-47-475152_earlyRefresh,earlyRefresh,high-skew-zipf,1788518683.475000,175.999848,failed_request_ratio,all,0
2026-09-04_10-41-47-475152_earlyRefresh,earlyRefresh,high-skew-zipf,1788518684.475000,176.999848,failed_request_ratio,all,0
2026-09-04_10-41-47-475152_earlyRefresh,earlyRefresh,high-skew-zipf,1788518685.475000,177.999848,failed_request_ratio,all,0
2026-09-04_10-41-47-475152_earlyRefresh,earlyRefresh,high-skew-zipf,1788518686.475000,178.999848,failed_request_ratio,all,0
2026-09-04_10-41-47-475152_earlyRefresh,earlyRefresh,high-skew-zipf,1788518687.475000,179.999848,failed_request_ratio,all,0
2026-09-04_10-41-47-475152_earlyRefresh,earlyRefresh,high-skew-zipf,1788518688.475000,180.999848,failed_request_ratio,all,0
2026-09-04_10-41-47-475152_earlyRefresh,earlyRefresh,high-skew-zipf,1788518689.475000,181.999848,failed_request_ratio,all,0
2026-09-04_10-41-47-475152_earlyRefresh,earlyRefresh,high-skew-zipf,1788518690.475000,182.999848,failed_request_ratio,all,0
2026-09-04_10-41-47-475152_earlyRefresh,earlyRefresh,high-skew-zipf,1788518691.475000,183.999848,failed_request_ratio,all,0
2026-09-04_10-41-47-475152_earlyRefresh,earlyRefresh,high-skew-zipf,1788518692.475000,184.999848,failed_request_ratio,all,0
2026-09-04_10-41-47-475152_earlyRefresh,earlyRefresh,high-skew-zipf,1788518693.475000,185.999848,failed_request_ratio,all,0
2026-09-04_10-41-47-475152_earlyRefresh,earlyRefresh,high-skew-zipf,1788518694.475000,186.999848,failed_request_ratio,all,0
2026-09-04_10-41-47-475152_earlyRefresh,earlyRefresh,high-skew-zipf,1788518695.475000,187.999848,failed_request_ratio,all,0
2026-09-04_10-41-47-475152_earlyRefresh,earlyRefresh,high-skew-zipf,1788518696.475000,188.999848,failed_request_ratio,all,0
2026-09-04_10-41-47-475152_earlyRefresh,earlyRefresh,high-skew-zipf,1788518697.475000,189.999848,failed_request_ratio,all,0
2026-09-04_10-41-47-475152_earlyRefresh,earlyRefresh,high-skew-zipf,1788518698.475000,190.999848,failed_request_ratio,all,0
2026-09-04_10-41-47-475152_earlyRefresh,earlyRefresh,high-skew-zipf,1788518699.475000,191.999848,failed_request_ratio,all,0
2026-09-04_10-41-47-475152_earlyRefresh,earlyRefresh,high-skew-zipf,1788518700.475000,192.999848,failed_request_ratio,all,0
2026-09-04_10-41-47-475152_earlyRefresh,earlyRefresh,high-skew-zipf,1788518701.475000,193.999848,failed_request_ratio,all,0
2026-09-04_10-41-47-475152_earlyRefresh,earlyRefresh,high-skew-zipf,1788518702.475000,194.999848,failed_request_ratio,all,0
2026-09-04_10-41-47-475152_earlyRefresh,earlyRefresh,high-skew-zipf,1788518703.475000,195.999848,failed_request_ratio,all,0
2026-09-04_10-41-47-475152_earlyRefresh,earlyRefresh,high-skew-zipf,1788518704.475000,196.999848,failed_request_ratio,all,0
2026-09-04_10-41-47-475152_earlyRefresh,earlyRefresh,high-skew-zipf,1788518705.475000,197.999848,failed_request_ratio,all,0
2026-09-04_10-41-47-475152_earlyRefresh,earlyRefresh,high-skew-zipf,1788518706.475000,198.999848,failed_request_ratio,all,0
2026-09-04_10-41-47-475152_earlyRefresh,earlyRefresh,high-skew-zipf,1788518707.475000,199.999848,failed_request_ratio,all,0
2026-09-04_10-41-47-475152_earlyRefresh,earlyRefresh,high-skew-zipf,1788518708.475000,200.999848,failed_request_ratio,all,0
2026-09-04_10-41-47-475152_earlyRefresh,earlyRefresh,high-skew-zipf,1788518709.475000,201.999848,failed_request_ratio,all,0
2026-09-04_10-41-47-475152_earlyRefresh,earlyRefresh,high-skew-zipf,1788518710.475000,202.999848,failed_request_ratio,all,0
2026-09-04_10-41-47-475152_earlyRefresh,earlyRefresh,high-skew-zipf,1788518711.475000,203.999848,failed_request_ratio,all,0
2026-09-04_10-41-47-475152_earlyRefresh,earlyRefresh,high-skew-zipf,1788518712.475000,204.999848,failed_request_ratio,all,0
2026-09-04_10-41-47-475152_earlyRefresh,earlyRefresh,high-skew-zipf,1788518713.475000,205.999848,failed_request_ratio,all,0
2026-09-04_10-41-47-475152_earlyRefresh,earlyRefresh,high-skew-zipf,1788518714.475000,206.999848,failed_request_ratio,all,0
2026-09-04_10-41-47-475152_earlyRefresh,earlyRefresh,high-skew-zipf,1788518715.475000,207.999848,failed_request_ratio,all,0
2026-09-04_10-41-47-475152_earlyRefresh,earlyRefresh,high-skew-zipf,1788518716.475000,208.999848,failed_request_ratio,all,0
2026-09-04_10-41-47-475152_earlyRefresh,earlyRefresh,high-skew-zipf,1788518717.475000,209.999848,failed_request_ratio,all,0
2026-09-04_10-41-47-475152_earlyRefresh,earlyRefresh,high-skew-zipf,1788518718.475000,210.999848,failed_request_ratio,all,0
2026-09-04_10-41-47-475152_earlyRefresh,earlyRefresh,high-skew-zipf,1788518719.475000,211.999848,failed_request_ratio,all,0
2026-09-04_10-41-47-475152_earlyRefresh,earlyRefresh,high-skew-zipf,1788518720.475000,212.999848,failed_request_ratio,all,0
2026-09-04_10-41-47-475152_earlyRefresh,earlyRefresh,high-skew-zipf,1788518721.475000,213.999848,failed_request_ratio,all,0
2026-09-04_10-41-47-475152_earlyRefresh,earlyRefresh,high-skew-zipf,1788518722.475000,214.999848,failed_request_ratio,all,0
2026-09-04_10-41-47-475152_earlyRefresh,earlyRefresh,high-skew-zipf,1788518723.475000,215.999848,failed_request_ratio,all,0
2026-09-04_10-41-47-475152_earlyRefresh,earlyRefresh,high-skew-zipf,1788518724.475000,216.999848,failed_request_ratio,all,0
2026-09-04_10-41-47-475152_earlyRefresh,earlyRefresh,high-skew-zipf,1788518725.475000,217.999848,failed_request_ratio,all,0
2026-09-04_10-41-47-475152_earlyRefresh,earlyRefresh,high-skew-zipf,1788518726.475000,218.999848,failed_request_ratio,all,0
2026-09-04_10-41-47-475152_earlyRefresh,earlyRefresh,high-skew-zipf,1788518727.475000,219.999848,failed_request_ratio,all,0
2026-09-04_10-41-47-475152_earlyRefresh,earlyRefresh,high-skew-zipf,1788518728.475000,220.999848,failed_request_ratio,all,0
2026-09-04_10-41-47-475152_earlyRefresh,earlyRefresh,high-skew-zipf,1788518729.475000,221.999848,failed_request_ratio,all,0
2026-09-04_10-41-47-475152_earlyRefresh,earlyRefresh,high-skew-zipf,1788518730.475000,222.999848,failed_request_ratio,all,0
2026-09-04_10-41-47-475152_earlyRefresh,earlyRefresh,high-skew-zipf,1788518731.475000,223.999848,failed_request_ratio,all,0
2026-09-04_10-41-47-475152_earlyRefresh,earlyRefresh,high-skew-zipf,1788518732.475000,224.999848,failed_request_ratio,all,0
2026-09-04_10-41-47-475152_earlyRefresh,earlyRefresh,high-skew-zipf,1788518733.475000,225.999848,failed_request_ratio,all,0
2026-09-04_10-41-47-475152_earlyRefresh,earlyRefresh,high-skew-zipf,1788518734.475000,226.999848,failed_request_ratio,all,0
2026-09-04_10-41-47-475152_earlyRefresh,earlyRefresh,high-skew-zipf,1788518735.475000,227.999848,failed_request_ratio,all,0
2026-09-04_10-41-47-475152_earlyRefresh,earlyRefresh,high-skew-zipf,1788518736.475000,228.999848,failed_request_ratio,all,0
2026-09-04_10-41-47-475152_earlyRefresh,earlyRefresh,high-skew-zipf,1788518737.475000,229.999848,failed_request_ratio,all,0
2026-09-04_10-41-47-475152_earlyRefresh,earlyRefresh,high-skew-zipf,1788518738.475000,230.999848,failed_request_ratio,all,0
2026-09-04_10-41-47-475152_earlyRefresh,earlyRefresh,high-skew-zipf,1788518739.475000,231.999848,failed_request_ratio,all,0
2026-09-04_10-41-47-475152_earlyRefresh,earlyRefresh,high-skew-zipf,1788518740.475000,232.999848,failed_request_ratio,all,0
2026-09-04_10-41-47-475152_earlyRefresh,earlyRefresh,high-skew-zipf,1788518741.475000,233.999848,failed_request_ratio,all,0
2026-09-04_10-41-47-475152_earlyRefresh,earlyRefresh,high-skew-zipf,1788518742.475000,234.999848,failed_request_ratio,all,0
2026-09-04_10-41-47-475152_earlyRefresh,earlyRefresh,high-skew-zipf,1788518743.475000,235.999848,failed_request_ratio,all,0
2026-09-04_10-41-47-475152_earlyRefresh,earlyRefresh,high-skew-zipf,1788518744.475000,236.999848,failed_request_ratio,all,0
2026-09-04_10-41-47-475152_earlyRefresh,earlyRefresh,high-skew-zipf,1788518745.475000,237.999848,failed_request_ratio,all,0
2026-09-04_10-41-47-475152_earlyRefresh,earlyRefresh,high-skew-zipf,1788518746.475000,238.999848,failed_request_ratio,all,0
2026-09-04_10-41-47-475152_earlyRefresh,earlyRefresh,high-skew-zipf,1788518747.475000,239.999848,failed_request_ratio,all,0
2026-09-04_10-41-47-475152_earlyRefresh,earlyRefresh,high-skew-zipf,1788518507.475000,-0.000152,singleflight_waiting_requests,all,0
2026-09-04_10-41-47-475152_earlyRefresh,earlyRefresh,high-skew-zipf,1788518508.475000,0.999848,singleflight_waiting_requests,all,0
2026-09-04_10-41-47-475152_earlyRefresh,earlyRefresh,high-skew-zipf,1788518509.475000,1.999848,singleflight_waiting_requests,all,0
2026-09-04_10-41-47-475152_earlyRefresh,earlyRefresh,high-skew-zipf,1788518510.475000,2.999848,singleflight_waiting_requests,all,0
2026-09-04_10-41-47-475152_earlyRefresh,earlyRefresh,high-skew-zipf,1788518511.475000,3.999848,singleflight_waiting_requests,all,0
2026-09-04_10-41-47-475152_earlyRefresh,earlyRefresh,high-skew-zipf,1788518512.475000,4.999848,singleflight_waiting_requests,all,0
2026-09-04_10-41-47-475152_earlyRefresh,earlyRefresh,high-skew-zipf,1788518513.475000,5.999848,singleflight_waiting_requests,all,0
2026-09-04_10-41-47-475152_earlyRefresh,earlyRefresh,high-skew-zipf,1788518514.475000,6.999848,singleflight_waiting_requests,all,0
2026-09-04_10-41-47-475152_earlyRefresh,earlyRefresh,high-skew-zipf,1788518515.475000,7.999848,singleflight_waiting_requests,all,0
2026-09-04_10-41-47-475152_earlyRefresh,earlyRefresh,high-skew-zipf,1788518516.475000,8.999848,singleflight_waiting_requests,all,0
2026-09-04_10-41-47-475152_earlyRefresh,earlyRefresh,high-skew-zipf,1788518517.475000,9.999848,singleflight_waiting_requests,all,0
2026-09-04_10-41-47-475152_earlyRefresh,earlyRefresh,high-skew-zipf,1788518518.475000,10.999848,singleflight_waiting_requests,all,0
2026-09-04_10-41-47-475152_earlyRefresh,earlyRefresh,high-skew-zipf,1788518519.475000,11.999848,singleflight_waiting_requests,all,0
2026-09-04_10-41-47-475152_earlyRefresh,earlyRefresh,high-skew-zipf,1788518520.475000,12.999848,singleflight_waiting_requests,all,0
2026-09-04_10-41-47-475152_earlyRefresh,earlyRefresh,high-skew-zipf,1788518521.475000,13.999848,singleflight_waiting_requests,all,0
2026-09-04_10-41-47-475152_earlyRefresh,earlyRefresh,high-skew-zipf,1788518522.475000,14.999848,singleflight_waiting_requests,all,0
2026-09-04_10-41-47-475152_earlyRefresh,earlyRefresh,high-skew-zipf,1788518523.475000,15.999848,singleflight_waiting_requests,all,0
2026-09-04_10-41-47-475152_earlyRefresh,earlyRefresh,high-skew-zipf,1788518524.475000,16.999848,singleflight_waiting_requests,all,0
2026-09-04_10-41-47-475152_earlyRefresh,earlyRefresh,high-skew-zipf,1788518525.475000,17.999848,singleflight_waiting_requests,all,0
2026-09-04_10-41-47-475152_earlyRefresh,earlyRefresh,high-skew-zipf,1788518526.475000,18.999848,singleflight_waiting_requests,all,0
2026-09-04_10-41-47-475152_earlyRefresh,earlyRefresh,high-skew-zipf,1788518527.475000,19.999848,singleflight_waiting_requests,all,0
2026-09-04_10-41-47-475152_earlyRefresh,earlyRefresh,high-skew-zipf,1788518528.475000,20.999848,singleflight_waiting_requests,all,0
2026-09-04_10-41-47-475152_earlyRefresh,earlyRefresh,high-skew-zipf,1788518529.475000,21.999848,singleflight_waiting_requests,all,0
2026-09-04_10-41-47-475152_earlyRefresh,earlyRefresh,high-skew-zipf,1788518530.475000,22.999848,singleflight_waiting_requests,all,0
2026-09-04_10-41-47-475152_earlyRefresh,earlyRefresh,high-skew-zipf,1788518531.475000,23.999848,singleflight_waiting_requests,all,0
2026-09-04_10-41-47-475152_earlyRefresh,earlyRefresh,high-skew-zipf,1788518532.475000,24.999848,singleflight_waiting_requests,all,0
2026-09-04_10-41-47-475152_earlyRefresh,earlyRefresh,high-skew-zipf,1788518533.475000,25.999848,singleflight_waiting_requests,all,0
2026-09-04_10-41-47-475152_earlyRefresh,earlyRefresh,high-skew-zipf,1788518534.475000,26.999848,singleflight_waiting_requests,all,0
2026-09-04_10-41-47-475152_earlyRefresh,earlyRefresh,high-skew-zipf,1788518535.475000,27.999848,singleflight_waiting_requests,all,0
2026-09-04_10-41-47-475152_earlyRefresh,earlyRefresh,high-skew-zipf,1788518536.475000,28.999848,singleflight_waiting_requests,all,0
2026-09-04_10-41-47-475152_earlyRefresh,earlyRefresh,high-skew-zipf,1788518537.475000,29.999848,singleflight_waiting_requests,all,0
2026-09-04_10-41-47-475152_earlyRefresh,earlyRefresh,high-skew-zipf,1788518538.475000,30.999848,singleflight_waiting_requests,all,0
2026-09-04_10-41-47-475152_earlyRefresh,earlyRefresh,high-skew-zipf,1788518539.475000,31.999848,singleflight_waiting_requests,all,0
2026-09-04_10-41-47-475152_earlyRefresh,earlyRefresh,high-skew-zipf,1788518540.475000,32.999848,singleflight_waiting_requests,all,0
2026-09-04_10-41-47-475152_earlyRefresh,earlyRefresh,high-skew-zipf,1788518541.475000,33.999848,singleflight_waiting_requests,all,0
2026-09-04_10-41-47-475152_earlyRefresh,earlyRefresh,high-skew-zipf,1788518542.475000,34.999848,singleflight_waiting_requests,all,0
2026-09-04_10-41-47-475152_earlyRefresh,earlyRefresh,high-skew-zipf,1788518543.475000,35.999848,singleflight_waiting_requests,all,0
2026-09-04_10-41-47-475152_earlyRefresh,earlyRefresh,high-skew-zipf,1788518544.475000,36.999848,singleflight_waiting_requests,all,0
2026-09-04_10-41-47-475152_earlyRefresh,earlyRefresh,high-skew-zipf,1788518545.475000,37.999848,singleflight_waiting_requests,all,0
2026-09-04_10-41-47-475152_earlyRefresh,earlyRefresh,high-skew-zipf,1788518546.475000,38.999848,singleflight_waiting_requests,all,0
2026-09-04_10-41-47-475152_earlyRefresh,earlyRefresh,high-skew-zipf,1788518547.475000,39.999848,singleflight_waiting_requests,all,0
2026-09-04_10-41-47-475152_earlyRefresh,earlyRefresh,high-skew-zipf,1788518548.475000,40.999848,singleflight_waiting_requests,all,0
2026-09-04_10-41-47-475152_earlyRefresh,earlyRefresh,high-skew-zipf,1788518549.475000,41.999848,singleflight_waiting_requests,all,0
2026-09-04_10-41-47-475152_earlyRefresh,earlyRefresh,high-skew-zipf,1788518550.475000,42.999848,singleflight_waiting_requests,all,0
2026-09-04_10-41-47-475152_earlyRefresh,earlyRefresh,high-skew-zipf,1788518551.475000,43.999848,singleflight_waiting_requests,all,0
2026-09-04_10-41-47-475152_earlyRefresh,earlyRefresh,high-skew-zipf,1788518552.475000,44.999848,singleflight_waiting_requests,all,0
2026-09-04_10-41-47-475152_earlyRefresh,earlyRefresh,high-skew-zipf,1788518553.475000,45.999848,singleflight_waiting_requests,all,0
2026-09-04_10-41-47-475152_earlyRefresh,earlyRefresh,high-skew-zipf,1788518554.475000,46.999848,singleflight_waiting_requests,all,0
2026-09-04_10-41-47-475152_earlyRefresh,earlyRefresh,high-skew-zipf,1788518555.475000,47.999848,singleflight_waiting_requests,all,0
2026-09-04_10-41-47-475152_earlyRefresh,earlyRefresh,high-skew-zipf,1788518556.475000,48.999848,singleflight_waiting_requests,all,0
2026-09-04_10-41-47-475152_earlyRefresh,earlyRefresh,high-skew-zipf,1788518557.475000,49.999848,singleflight_waiting_requests,all,0
2026-09-04_10-41-47-475152_earlyRefresh,earlyRefresh,high-skew-zipf,1788518558.475000,50.999848,singleflight_waiting_requests,all,0
2026-09-04_10-41-47-475152_earlyRefresh,earlyRefresh,high-skew-zipf,1788518559.475000,51.999848,singleflight_waiting_requests,all,0
2026-09-04_10-41-47-475152_earlyRefresh,earlyRefresh,high-skew-zipf,1788518560.475000,52.999848,singleflight_waiting_requests,all,0
2026-09-04_10-41-47-475152_earlyRefresh,earlyRefresh,high-skew-zipf,1788518561.475000,53.999848,singleflight_waiting_requests,all,0
2026-09-04_10-41-47-475152_earlyRefresh,earlyRefresh,high-skew-zipf,1788518562.475000,54.999848,singleflight_waiting_requests,all,0
2026-09-04_10-41-47-475152_earlyRefresh,earlyRefresh,high-skew-zipf,1788518563.475000,55.999848,singleflight_waiting_requests,all,0
2026-09-04_10-41-47-475152_earlyRefresh,earlyRefresh,high-skew-zipf,1788518564.475000,56.999848,singleflight_waiting_requests,all,0
2026-09-04_10-41-47-475152_earlyRefresh,earlyRefresh,high-skew-zipf,1788518565.475000,57.999848,singleflight_waiting_requests,all,0
2026-09-04_10-41-47-475152_earlyRefresh,earlyRefresh,high-skew-zipf,1788518566.475000,58.999848,singleflight_waiting_requests,all,0
2026-09-04_10-41-47-475152_earlyRefresh,earlyRefresh,high-skew-zipf,1788518567.475000,59.999848,singleflight_waiting_requests,all,0
2026-09-04_10-41-47-475152_earlyRefresh,earlyRefresh,high-skew-zipf,1788518568.475000,60.999848,singleflight_waiting_requests,all,0
2026-09-04_10-41-47-475152_earlyRefresh,earlyRefresh,high-skew-zipf,1788518569.475000,61.999848,singleflight_waiting_requests,all,0
2026-09-04_10-41-47-475152_earlyRefresh,earlyRefresh,high-skew-zipf,1788518570.475000,62.999848,singleflight_waiting_requests,all,0
2026-09-04_10-41-47-475152_earlyRefresh,earlyRefresh,high-skew-zipf,1788518571.475000,63.999848,singleflight_waiting_requests,all,0
2026-09-04_10-41-47-475152_earlyRefresh,earlyRefresh,high-skew-zipf,1788518572.475000,64.999848,singleflight_waiting_requests,all,0
2026-09-04_10-41-47-475152_earlyRefresh,earlyRefresh,high-skew-zipf,1788518573.475000,65.999848,singleflight_waiting_requests,all,0
2026-09-04_10-41-47-475152_earlyRefresh,earlyRefresh,high-skew-zipf,1788518574.475000,66.999848,singleflight_waiting_requests,all,0
2026-09-04_10-41-47-475152_earlyRefresh,earlyRefresh,high-skew-zipf,1788518575.475000,67.999848,singleflight_waiting_requests,all,0
2026-09-04_10-41-47-475152_earlyRefresh,earlyRefresh,high-skew-zipf,1788518576.475000,68.999848,singleflight_waiting_requests,all,0
2026-09-04_10-41-47-475152_earlyRefresh,earlyRefresh,high-skew-zipf,1788518577.475000,69.999848,singleflight_waiting_requests,all,0
2026-09-04_10-41-47-475152_earlyRefresh,earlyRefresh,high-skew-zipf,1788518578.475000,70.999848,singleflight_waiting_requests,all,0
2026-09-04_10-41-47-475152_earlyRefresh,earlyRefresh,high-skew-zipf,1788518579.475000,71.999848,singleflight_waiting_requests,all,0
2026-09-04_10-41-47-475152_earlyRefresh,earlyRefresh,high-skew-zipf,1788518580.475000,72.999848,singleflight_waiting_requests,all,0
2026-09-04_10-41-47-475152_earlyRefresh,earlyRefresh,high-skew-zipf,1788518581.475000,73.999848,singleflight_waiting_requests,all,0
2026-09-04_10-41-47-475152_earlyRefresh,earlyRefresh,high-skew-zipf,1788518582.475000,74.999848,singleflight_waiting_requests,all,0
2026-09-04_10-41-47-475152_earlyRefresh,earlyRefresh,high-skew-zipf,1788518583.475000,75.999848,singleflight_waiting_requests,all,0
2026-09-04_10-41-47-475152_earlyRefresh,earlyRefresh,high-skew-zipf,1788518584.475000,76.999848,singleflight_waiting_requests,all,0
2026-09-04_10-41-47-475152_earlyRefresh,earlyRefresh,high-skew-zipf,1788518585.475000,77.999848,singleflight_waiting_requests,all,0
2026-09-04_10-41-47-475152_earlyRefresh,earlyRefresh,high-skew-zipf,1788518586.475000,78.999848,singleflight_waiting_requests,all,0
2026-09-04_10-41-47-475152_earlyRefresh,earlyRefresh,high-skew-zipf,1788518587.475000,79.999848,singleflight_waiting_requests,all,0
2026-09-04_10-41-47-475152_earlyRefresh,earlyRefresh,high-skew-zipf,1788518588.475000,80.999848,singleflight_waiting_requests,all,0
2026-09-04_10-41-47-475152_earlyRefresh,earlyRefresh,high-skew-zipf,1788518589.475000,81.999848,singleflight_waiting_requests,all,0
2026-09-04_10-41-47-475152_earlyRefresh,earlyRefresh,high-skew-zipf,1788518590.475000,82.999848,singleflight_waiting_requests,all,0
2026-09-04_10-41-47-475152_earlyRefresh,earlyRefresh,high-skew-zipf,1788518591.475000,83.999848,singleflight_waiting_requests,all,0
2026-09-04_10-41-47-475152_earlyRefresh,earlyRefresh,high-skew-zipf,1788518592.475000,84.999848,singleflight_waiting_requests,all,0
2026-09-04_10-41-47-475152_earlyRefresh,earlyRefresh,high-skew-zipf,1788518593.475000,85.999848,singleflight_waiting_requests,all,0
2026-09-04_10-41-47-475152_earlyRefresh,earlyRefresh,high-skew-zipf,1788518594.475000,86.999848,singleflight_waiting_requests,all,0
2026-09-04_10-41-47-475152_earlyRefresh,earlyRefresh,high-skew-zipf,1788518595.475000,87.999848,singleflight_waiting_requests,all,0
2026-09-04_10-41-47-475152_earlyRefresh,earlyRefresh,high-skew-zipf,1788518596.475000,88.999848,singleflight_waiting_requests,all,0
2026-09-04_10-41-47-475152_earlyRefresh,earlyRefresh,high-skew-zipf,1788518597.475000,89.999848,singleflight_waiting_requests,all,0
2026-09-04_10-41-47-475152_earlyRefresh,earlyRefresh,high-skew-zipf,1788518598.475000,90.999848,singleflight_waiting_requests,all,0
2026-09-04_10-41-47-475152_earlyRefresh,earlyRefresh,high-skew-zipf,1788518599.475000,91.999848,singleflight_waiting_requests,all,0
2026-09-04_10-41-47-475152_earlyRefresh,earlyRefresh,high-skew-zipf,1788518600.475000,92.999848,singleflight_waiting_requests,all,0
2026-09-04_10-41-47-475152_earlyRefresh,earlyRefresh,high-skew-zipf,1788518601.475000,93.999848,singleflight_waiting_requests,all,0
2026-09-04_10-41-47-475152_earlyRefresh,earlyRefresh,high-skew-zipf,1788518602.475000,94.999848,singleflight_waiting_requests,all,0
2026-09-04_10-41-47-475152_earlyRefresh,earlyRefresh,high-skew-zipf,1788518603.475000,95.999848,singleflight_waiting_requests,all,0
2026-09-04_10-41-47-475152_earlyRefresh,earlyRefresh,high-skew-zipf,1788518604.475000,96.999848,singleflight_waiting_requests,all,0
2026-09-04_10-41-47-475152_earlyRefresh,earlyRefresh,high-skew-zipf,1788518605.475000,97.999848,singleflight_waiting_requests,all,0
2026-09-04_10-41-47-475152_earlyRefresh,earlyRefresh,high-skew-zipf,1788518606.475000,98.999848,singleflight_waiting_requests,all,0
2026-09-04_10-41-47-475152_earlyRefresh,earlyRefresh,high-skew-zipf,1788518607.475000,99.999848,singleflight_waiting_requests,all,0
2026-09-04_10-41-47-475152_earlyRefresh,earlyRefresh,high-skew-zipf,1788518608.475000,100.999848,singleflight_waiting_requests,all,0
2026-09-04_10-41-47-475152_earlyRefresh,earlyRefresh,high-skew-zipf,1788518609.475000,101.999848,singleflight_waiting_requests,all,0
2026-09-04_10-41-47-475152_earlyRefresh,earlyRefresh,high-skew-zipf,1788518610.475000,102.999848,singleflight_waiting_requests,all,0
2026-09-04_10-41-47-475152_earlyRefresh,earlyRefresh,high-skew-zipf,1788518611.475000,103.999848,singleflight_waiting_requests,all,0
2026-09-04_10-41-47-475152_earlyRefresh,earlyRefresh,high-skew-zipf,1788518612.475000,104.999848,singleflight_waiting_requests,all,0
2026-09-04_10-41-47-475152_earlyRefresh,earlyRefresh,high-skew-zipf,1788518613.475000,105.999848,singleflight_waiting_requests,all,0
2026-09-04_10-41-47-475152_earlyRefresh,earlyRefresh,high-skew-zipf,1788518614.475000,106.999848,singleflight_waiting_requests,all,0
2026-09-04_10-41-47-475152_earlyRefresh,earlyRefresh,high-skew-zipf,1788518615.475000,107.999848,singleflight_waiting_requests,all,0
2026-09-04_10-41-47-475152_earlyRefresh,earlyRefresh,high-skew-zipf,1788518616.475000,108.999848,singleflight_waiting_requests,all,0
2026-09-04_10-41-47-475152_earlyRefresh,earlyRefresh,high-skew-zipf,1788518617.475000,109.999848,singleflight_waiting_requests,all,0
2026-09-04_10-41-47-475152_earlyRefresh,earlyRefresh,high-skew-zipf,1788518618.475000,110.999848,singleflight_waiting_requests,all,0
2026-09-04_10-41-47-475152_earlyRefresh,earlyRefresh,high-skew-zipf,1788518619.475000,111.999848,singleflight_waiting_requests,all,0
2026-09-04_10-41-47-475152_earlyRefresh,earlyRefresh,high-skew-zipf,1788518620.475000,112.999848,singleflight_waiting_requests,all,0
2026-09-04_10-41-47-475152_earlyRefresh,earlyRefresh,high-skew-zipf,1788518621.475000,113.999848,singleflight_waiting_requests,all,0
2026-09-04_10-41-47-475152_earlyRefresh,earlyRefresh,high-skew-zipf,1788518622.475000,114.999848,singleflight_waiting_requests,all,0
2026-09-04_10-41-47-475152_earlyRefresh,earlyRefresh,high-skew-zipf,1788518623.475000,115.999848,singleflight_waiting_requests,all,0
2026-09-04_10-41-47-475152_earlyRefresh,earlyRefresh,high-skew-zipf,1788518624.475000,116.999848,singleflight_waiting_requests,all,0
2026-09-04_10-41-47-475152_earlyRefresh,earlyRefresh,high-skew-zipf,1788518625.475000,117.999848,singleflight_waiting_requests,all,0
2026-09-04_10-41-47-475152_earlyRefresh,earlyRefresh,high-skew-zipf,1788518626.475000,118.999848,singleflight_waiting_requests,all,0
2026-09-04_10-41-47-475152_earlyRefresh,earlyRefresh,high-skew-zipf,1788518627.475000,119.999848,singleflight_waiting_requests,all,0
2026-09-04_10-41-47-475152_earlyRefresh,earlyRefresh,high-skew-zipf,1788518628.475000,120.999848,singleflight_waiting_requests,all,0
2026-09-04_10-41-47-475152_earlyRefresh,earlyRefresh,high-skew-zipf,1788518629.475000,121.999848,singleflight_waiting_requests,all,0
2026-09-04_10-41-47-475152_earlyRefresh,earlyRefresh,high-skew-zipf,1788518630.475000,122.999848,singleflight_waiting_requests,all,0
2026-09-04_10-41-47-475152_earlyRefresh,earlyRefresh,high-skew-zipf,1788518631.475000,123.999848,singleflight_waiting_requests,all,0
2026-09-04_10-41-47-475152_earlyRefresh,earlyRefresh,high-skew-zipf,1788518632.475000,124.999848,singleflight_waiting_requests,all,0
2026-09-04_10-41-47-475152_earlyRefresh,earlyRefresh,high-skew-zipf,1788518633.475000,125.999848,singleflight_waiting_requests,all,0
2026-09-04_10-41-47-475152_earlyRefresh,earlyRefresh,high-skew-zipf,1788518634.475000,126.999848,singleflight_waiting_requests,all,0
2026-09-04_10-41-47-475152_earlyRefresh,earlyRefresh,high-skew-zipf,1788518635.475000,127.999848,singleflight_waiting_requests,all,0
2026-09-04_10-41-47-475152_earlyRefresh,earlyRefresh,high-skew-zipf,1788518636.475000,128.999848,singleflight_waiting_requests,all,0
2026-09-04_10-41-47-475152_earlyRefresh,earlyRefresh,high-skew-zipf,1788518637.475000,129.999848,singleflight_waiting_requests,all,0
2026-09-04_10-41-47-475152_earlyRefresh,earlyRefresh,high-skew-zipf,1788518638.475000,130.999848,singleflight_waiting_requests,all,0
2026-09-04_10-41-47-475152_earlyRefresh,earlyRefresh,high-skew-zipf,1788518639.475000,131.999848,singleflight_waiting_requests,all,0
2026-09-04_10-41-47-475152_earlyRefresh,earlyRefresh,high-skew-zipf,1788518640.475000,132.999848,singleflight_waiting_requests,all,0
2026-09-04_10-41-47-475152_earlyRefresh,earlyRefresh,high-skew-zipf,1788518641.475000,133.999848,singleflight_waiting_requests,all,0
2026-09-04_10-41-47-475152_earlyRefresh,earlyRefresh,high-skew-zipf,1788518642.475000,134.999848,singleflight_waiting_requests,all,0
2026-09-04_10-41-47-475152_earlyRefresh,earlyRefresh,high-skew-zipf,1788518643.475000,135.999848,singleflight_waiting_requests,all,0
2026-09-04_10-41-47-475152_earlyRefresh,earlyRefresh,high-skew-zipf,1788518644.475000,136.999848,singleflight_waiting_requests,all,0
2026-09-04_10-41-47-475152_earlyRefresh,earlyRefresh,high-skew-zipf,1788518645.475000,137.999848,singleflight_waiting_requests,all,0
2026-09-04_10-41-47-475152_earlyRefresh,earlyRefresh,high-skew-zipf,1788518646.475000,138.999848,singleflight_waiting_requests,all,0
2026-09-04_10-41-47-475152_earlyRefresh,earlyRefresh,high-skew-zipf,1788518647.475000,139.999848,singleflight_waiting_requests,all,0
2026-09-04_10-41-47-475152_earlyRefresh,earlyRefresh,high-skew-zipf,1788518648.475000,140.999848,singleflight_waiting_requests,all,0
2026-09-04_10-41-47-475152_earlyRefresh,earlyRefresh,high-skew-zipf,1788518649.475000,141.999848,singleflight_waiting_requests,all,0
2026-09-04_10-41-47-475152_earlyRefresh,earlyRefresh,high-skew-zipf,1788518650.475000,142.999848,singleflight_waiting_requests,all,0
2026-09-04_10-41-47-475152_earlyRefresh,earlyRefresh,high-skew-zipf,1788518651.475000,143.999848,singleflight_waiting_requests,all,0
2026-09-04_10-41-47-475152_earlyRefresh,earlyRefresh,high-skew-zipf,1788518652.475000,144.999848,singleflight_waiting_requests,all,0
2026-09-04_10-41-47-475152_earlyRefresh,earlyRefresh,high-skew-zipf,1788518653.475000,145.999848,singleflight_waiting_requests,all,0
2026-09-04_10-41-47-475152_earlyRefresh,earlyRefresh,high-skew-zipf,1788518654.475000,146.999848,singleflight_waiting_requests,all,0
2026-09-04_10-41-47-475152_earlyRefresh,earlyRefresh,high-skew-zipf,1788518655.475000,147.999848,singleflight_waiting_requests,all,0
2026-09-04_10-41-47-475152_earlyRefresh,earlyRefresh,high-skew-zipf,1788518656.475000,148.999848,singleflight_waiting_requests,all,0
2026-09-04_10-41-47-475152_earlyRefresh,earlyRefresh,high-skew-zipf,1788518657.475000,149.999848,singleflight_waiting_requests,all,0
2026-09-04_10-41-47-475152_earlyRefresh,earlyRefresh,high-skew-zipf,1788518658.475000,150.999848,singleflight_waiting_requests,all,0
2026-09-04_10-41-47-475152_earlyRefresh,earlyRefresh,high-skew-zipf,1788518659.475000,151.999848,singleflight_waiting_requests,all,0
2026-09-04_10-41-47-475152_earlyRefresh,earlyRefresh,high-skew-zipf,1788518660.475000,152.999848,singleflight_waiting_requests,all,0
2026-09-04_10-41-47-475152_earlyRefresh,earlyRefresh,high-skew-zipf,1788518661.475000,153.999848,singleflight_waiting_requests,all,0
2026-09-04_10-41-47-475152_earlyRefresh,earlyRefresh,high-skew-zipf,1788518662.475000,154.999848,singleflight_waiting_requests,all,0
2026-09-04_10-41-47-475152_earlyRefresh,earlyRefresh,high-skew-zipf,1788518663.475000,155.999848,singleflight_waiting_requests,all,0
2026-09-04_10-41-47-475152_earlyRefresh,earlyRefresh,high-skew-zipf,1788518664.475000,156.999848,singleflight_waiting_requests,all,0
2026-09-04_10-41-47-475152_earlyRefresh,earlyRefresh,high-skew-zipf,1788518665.475000,157.999848,singleflight_waiting_requests,all,0
2026-09-04_10-41-47-475152_earlyRefresh,earlyRefresh,high-skew-zipf,1788518666.475000,158.999848,singleflight_waiting_requests,all,0
2026-09-04_10-41-47-475152_earlyRefresh,earlyRefresh,high-skew-zipf,1788518667.475000,159.999848,singleflight_waiting_requests,all,0
2026-09-04_10-41-47-475152_earlyRefresh,earlyRefresh,high-skew-zipf,1788518668.475000,160.999848,singleflight_waiting_requests,all,0
2026-09-04_10-41-47-475152_earlyRefresh,earlyRefresh,high-skew-zipf,1788518669.475000,161.999848,singleflight_waiting_requests,all,0
2026-09-04_10-41-47-475152_earlyRefresh,earlyRefresh,high-skew-zipf,1788518670.475000,162.999848,singleflight_waiting_requests,all,0
2026-09-04_10-41-47-475152_earlyRefresh,earlyRefresh,high-skew-zipf,1788518671.475000,163.999848,singleflight_waiting_requests,all,0
2026-09-04_10-41-47-475152_earlyRefresh,earlyRefresh,high-skew-zipf,1788518672.475000,164.999848,singleflight_waiting_requests,all,0
2026-09-04_10-41-47-475152_earlyRefresh,earlyRefresh,high-skew-zipf,1788518673.475000,165.999848,singleflight_waiting_requests,all,0
2026-09-04_10-41-47-475152_earlyRefresh,earlyRefresh,high-skew-zipf,1788518674.475000,166.999848,singleflight_waiting_requests,all,0
2026-09-04_10-41-47-475152_earlyRefresh,earlyRefresh,high-skew-zipf,1788518675.475000,167.999848,singleflight_waiting_requests,all,0
2026-09-04_10-41-47-475152_earlyRefresh,earlyRefresh,high-skew-zipf,1788518676.475000,168.999848,singleflight_waiting_requests,all,0
2026-09-04_10-41-47-475152_earlyRefresh,earlyRefresh,high-skew-zipf,1788518677.475000,169.999848,singleflight_waiting_requests,all,0
2026-09-04_10-41-47-475152_earlyRefresh,earlyRefresh,high-skew-zipf,1788518678.475000,170.999848,singleflight_waiting_requests,all,0
2026-09-04_10-41-47-475152_earlyRefresh,earlyRefresh,high-skew-zipf,1788518679.475000,171.999848,singleflight_waiting_requests,all,0
2026-09-04_10-41-47-475152_earlyRefresh,earlyRefresh,high-skew-zipf,1788518680.475000,172.999848,singleflight_waiting_requests,all,0
2026-09-04_10-41-47-475152_earlyRefresh,earlyRefresh,high-skew-zipf,1788518681.475000,173.999848,singleflight_waiting_requests,all,0
2026-09-04_10-41-47-475152_earlyRefresh,earlyRefresh,high-skew-zipf,1788518682.475000,174.999848,singleflight_waiting_requests,all,0
2026-09-04_10-41-47-475152_earlyRefresh,earlyRefresh,high-skew-zipf,1788518683.475000,175.999848,singleflight_waiting_requests,all,0
2026-09-04_10-41-47-475152_earlyRefresh,earlyRefresh,high-skew-zipf,1788518684.475000,176.999848,singleflight_waiting_requests,all,0
2026-09-04_10-41-47-475152_earlyRefresh,earlyRefresh,high-skew-zipf,1788518685.475000,177.999848,singleflight_waiting_requests,all,0
2026-09-04_10-41-47-475152_earlyRefresh,earlyRefresh,high-skew-zipf,1788518686.475000,178.999848,singleflight_waiting_requests,all,0
2026-09-04_10-41-47-475152_earlyRefresh,earlyRefresh,high-skew-zipf,1788518687.475000,179.999848,singleflight_waiting_requests,all,0
2026-09-04_10-41-47-475152_earlyRefresh,earlyRefresh,high-skew-zipf,1788518688.475000,180.999848,singleflight_waiting_requests,all,0
2026-09-04_10-41-47-475152_earlyRefresh,earlyRefresh,high-skew-zipf,1788518689.475000,181.999848,singleflight_waiting_requests,all,0
2026-09-04_10-41-47-475152_earlyRefresh,earlyRefresh,high-skew-zipf,1788518690.475000,182.999848,singleflight_waiting_requests,all,0
2026-09-04_10-41-47-475152_earlyRefresh,earlyRefresh,high-skew-zipf,1788518691.475000,183.999848,singleflight_waiting_requests,all,0
2026-09-04_10-41-47-475152_earlyRefresh,earlyRefresh,high-skew-zipf,1788518692.475000,184.999848,singleflight_waiting_requests,all,0
2026-09-04_10-41-47-475152_earlyRefresh,earlyRefresh,high-skew-zipf,1788518693.475000,185.999848,singleflight_waiting_requests,all,0
2026-09-04_10-41-47-475152_earlyRefresh,earlyRefresh,high-skew-zipf,1788518694.475000,186.999848,singleflight_waiting_requests,all,0
2026-09-04_10-41-47-475152_earlyRefresh,earlyRefresh,high-skew-zipf,1788518695.475000,187.999848,singleflight_waiting_requests,all,0
2026-09-04_10-41-47-475152_earlyRefresh,earlyRefresh,high-skew-zipf,1788518696.475000,188.999848,singleflight_waiting_requests,all,0
2026-09-04_10-41-47-475152_earlyRefresh,earlyRefresh,high-skew-zipf,1788518697.475000,189.999848,singleflight_waiting_requests,all,0
2026-09-04_10-41-47-475152_earlyRefresh,earlyRefresh,high-skew-zipf,1788518698.475000,190.999848,singleflight_waiting_requests,all,0
2026-09-04_10-41-47-475152_earlyRefresh,earlyRefresh,high-skew-zipf,1788518699.475000,191.999848,singleflight_waiting_requests,all,0
2026-09-04_10-41-47-475152_earlyRefresh,earlyRefresh,high-skew-zipf,1788518700.475000,192.999848,singleflight_waiting_requests,all,0
2026-09-04_10-41-47-475152_earlyRefresh,earlyRefresh,high-skew-zipf,1788518701.475000,193.999848,singleflight_waiting_requests,all,0
2026-09-04_10-41-47-475152_earlyRefresh,earlyRefresh,high-skew-zipf,1788518702.475000,194.999848,singleflight_waiting_requests,all,0
2026-09-04_10-41-47-475152_earlyRefresh,earlyRefresh,high-skew-zipf,1788518703.475000,195.999848,singleflight_waiting_requests,all,0
2026-09-04_10-41-47-475152_earlyRefresh,earlyRefresh,high-skew-zipf,1788518704.475000,196.999848,singleflight_waiting_requests,all,0
2026-09-04_10-41-47-475152_earlyRefresh,earlyRefresh,high-skew-zipf,1788518705.475000,197.999848,singleflight_waiting_requests,all,0
2026-09-04_10-41-47-475152_earlyRefresh,earlyRefresh,high-skew-zipf,1788518706.475000,198.999848,singleflight_waiting_requests,all,0
2026-09-04_10-41-47-475152_earlyRefresh,earlyRefresh,high-skew-zipf,1788518707.475000,199.999848,singleflight_waiting_requests,all,0
2026-09-04_10-41-47-475152_earlyRefresh,earlyRefresh,high-skew-zipf,1788518708.475000,200.999848,singleflight_waiting_requests,all,0
2026-09-04_10-41-47-475152_earlyRefresh,earlyRefresh,high-skew-zipf,1788518709.475000,201.999848,singleflight_waiting_requests,all,0
2026-09-04_10-41-47-475152_earlyRefresh,earlyRefresh,high-skew-zipf,1788518710.475000,202.999848,singleflight_waiting_requests,all,0
2026-09-04_10-41-47-475152_earlyRefresh,earlyRefresh,high-skew-zipf,1788518711.475000,203.999848,singleflight_waiting_requests,all,0
2026-09-04_10-41-47-475152_earlyRefresh,earlyRefresh,high-skew-zipf,1788518712.475000,204.999848,singleflight_waiting_requests,all,0
2026-09-04_10-41-47-475152_earlyRefresh,earlyRefresh,high-skew-zipf,1788518713.475000,205.999848,singleflight_waiting_requests,all,0
2026-09-04_10-41-47-475152_earlyRefresh,earlyRefresh,high-skew-zipf,1788518714.475000,206.999848,singleflight_waiting_requests,all,0
2026-09-04_10-41-47-475152_earlyRefresh,earlyRefresh,high-skew-zipf,1788518715.475000,207.999848,singleflight_waiting_requests,all,0
2026-09-04_10-41-47-475152_earlyRefresh,earlyRefresh,high-skew-zipf,1788518716.475000,208.999848,singleflight_waiting_requests,all,0
2026-09-04_10-41-47-475152_earlyRefresh,earlyRefresh,high-skew-zipf,1788518717.475000,209.999848,singleflight_waiting_requests,all,0
2026-09-04_10-41-47-475152_earlyRefresh,earlyRefresh,high-skew-zipf,1788518718.475000,210.999848,singleflight_waiting_requests,all,0
2026-09-04_10-41-47-475152_earlyRefresh,earlyRefresh,high-skew-zipf,1788518719.475000,211.999848,singleflight_waiting_requests,all,0
2026-09-04_10-41-47-475152_earlyRefresh,earlyRefresh,high-skew-zipf,1788518720.475000,212.999848,singleflight_waiting_requests,all,0
2026-09-04_10-41-47-475152_earlyRefresh,earlyRefresh,high-skew-zipf,1788518721.475000,213.999848,singleflight_waiting_requests,all,0
2026-09-04_10-41-47-475152_earlyRefresh,earlyRefresh,high-skew-zipf,1788518722.475000,214.999848,singleflight_waiting_requests,all,0
2026-09-04_10-41-47-475152_earlyRefresh,earlyRefresh,high-skew-zipf,1788518723.475000,215.999848,singleflight_waiting_requests,all,0
2026-09-04_10-41-47-475152_earlyRefresh,earlyRefresh,high-skew-zipf,1788518724.475000,216.999848,singleflight_waiting_requests,all,0
2026-09-04_10-41-47-475152_earlyRefresh,earlyRefresh,high-skew-zipf,1788518725.475000,217.999848,singleflight_waiting_requests,all,0
2026-09-04_10-41-47-475152_earlyRefresh,earlyRefresh,high-skew-zipf,1788518726.475000,218.999848,singleflight_waiting_requests,all,0
2026-09-04_10-41-47-475152_earlyRefresh,earlyRefresh,high-skew-zipf,1788518727.475000,219.999848,singleflight_waiting_requests,all,0
2026-09-04_10-41-47-475152_earlyRefresh,earlyRefresh,high-skew-zipf,1788518728.475000,220.999848,singleflight_waiting_requests,all,0
2026-09-04_10-41-47-475152_earlyRefresh,earlyRefresh,high-skew-zipf,1788518729.475000,221.999848,singleflight_waiting_requests,all,0
2026-09-04_10-41-47-475152_earlyRefresh,earlyRefresh,high-skew-zipf,1788518730.475000,222.999848,singleflight_waiting_requests,all,0
2026-09-04_10-41-47-475152_earlyRefresh,earlyRefresh,high-skew-zipf,1788518731.475000,223.999848,singleflight_waiting_requests,all,0
2026-09-04_10-41-47-475152_earlyRefresh,earlyRefresh,high-skew-zipf,1788518732.475000,224.999848,singleflight_waiting_requests,all,0
2026-09-04_10-41-47-475152_earlyRefresh,earlyRefresh,high-skew-zipf,1788518733.475000,225.999848,singleflight_waiting_requests,all,0
2026-09-04_10-41-47-475152_earlyRefresh,earlyRefresh,high-skew-zipf,1788518734.475000,226.999848,singleflight_waiting_requests,all,0
2026-09-04_10-41-47-475152_earlyRefresh,earlyRefresh,high-skew-zipf,1788518735.475000,227.999848,singleflight_waiting_requests,all,0
2026-09-04_10-41-47-475152_earlyRefresh,earlyRefresh,high-skew-zipf,1788518736.475000,228.999848,singleflight_waiting_requests,all,0
2026-09-04_10-41-47-475152_earlyRefresh,earlyRefresh,high-skew-zipf,1788518737.475000,229.999848,singleflight_waiting_requests,all,0
2026-09-04_10-41-47-475152_earlyRefresh,earlyRefresh,high-skew-zipf,1788518738.475000,230.999848,singleflight_waiting_requests,all,0
2026-09-04_10-41-47-475152_earlyRefresh,earlyRefresh,high-skew-zipf,1788518739.475000,231.999848,singleflight_waiting_requests,all,0
2026-09-04_10-41-47-475152_earlyRefresh,earlyRefresh,high-skew-zipf,1788518740.475000,232.999848,singleflight_waiting_requests,all,0
2026-09-04_10-41-47-475152_earlyRefresh,earlyRefresh,high-skew-zipf,1788518741.475000,233.999848,singleflight_waiting_requests,all,0
2026-09-04_10-41-47-475152_earlyRefresh,earlyRefresh,high-skew-zipf,1788518742.475000,234.999848,singleflight_waiting_requests,all,0
2026-09-04_10-41-47-475152_earlyRefresh,earlyRefresh,high-skew-zipf,1788518743.475000,235.999848,singleflight_waiting_requests,all,0
2026-09-04_10-41-47-475152_earlyRefresh,earlyRefresh,high-skew-zipf,1788518744.475000,236.999848,singleflight_waiting_requests,all,0
2026-09-04_10-41-47-475152_earlyRefresh,earlyRefresh,high-skew-zipf,1788518745.475000,237.999848,singleflight_waiting_requests,all,0
2026-09-04_10-41-47-475152_earlyRefresh,earlyRefresh,high-skew-zipf,1788518746.475000,238.999848,singleflight_waiting_requests,all,0
2026-09-04_10-41-47-475152_earlyRefresh,earlyRefresh,high-skew-zipf,1788518747.475000,239.999848,singleflight_waiting_requests,all,0
2026-09-04_10-41-47-475152_earlyRefresh,earlyRefresh,high-skew-zipf,1788518530.475000,22.999848,faf_by_key,key=/api/backend/1,3
2026-09-04_10-41-47-475152_earlyRefresh,earlyRefresh,high-skew-zipf,1788518531.475000,23.999848,faf_by_key,key=/api/backend/1,3
2026-09-04_10-41-47-475152_earlyRefresh,earlyRefresh,high-skew-zipf,1788518532.475000,24.999848,faf_by_key,key=/api/backend/1,3
2026-09-04_10-41-47-475152_earlyRefresh,earlyRefresh,high-skew-zipf,1788518536.475000,28.999848,faf_by_key,key=/api/backend/1,6
2026-09-04_10-41-47-475152_earlyRefresh,earlyRefresh,high-skew-zipf,1788518537.475000,29.999848,faf_by_key,key=/api/backend/1,6
2026-09-04_10-41-47-475152_earlyRefresh,earlyRefresh,high-skew-zipf,1788518538.475000,30.999848,faf_by_key,key=/api/backend/1,6
2026-09-04_10-41-47-475152_earlyRefresh,earlyRefresh,high-skew-zipf,1788518541.475000,33.999848,faf_by_key,key=/api/backend/1,4.9993333333333325
2026-09-04_10-41-47-475152_earlyRefresh,earlyRefresh,high-skew-zipf,1788518542.475000,34.999848,faf_by_key,key=/api/backend/1,7.0006668889629875
2026-09-04_10-41-47-475152_earlyRefresh,earlyRefresh,high-skew-zipf,1788518543.475000,35.999848,faf_by_key,key=/api/backend/1,6.999999999999999
2026-09-04_10-41-47-475152_earlyRefresh,earlyRefresh,high-skew-zipf,1788518546.475000,38.999848,faf_by_key,key=/api/backend/1,3
2026-09-04_10-41-47-475152_earlyRefresh,earlyRefresh,high-skew-zipf,1788518547.475000,39.999848,faf_by_key,key=/api/backend/1,6.999999999999999
2026-09-04_10-41-47-475152_earlyRefresh,earlyRefresh,high-skew-zipf,1788518548.475000,40.999848,faf_by_key,key=/api/backend/1,6.99900033322226
2026-09-04_10-41-47-475152_earlyRefresh,earlyRefresh,high-skew-zipf,1788518553.475000,45.999848,faf_by_key,key=/api/backend/1,6.001333777925975
2026-09-04_10-41-47-475152_earlyRefresh,earlyRefresh,high-skew-zipf,1788518554.475000,46.999848,faf_by_key,key=/api/backend/1,5.999333555481506
2026-09-04_10-41-47-475152_earlyRefresh,earlyRefresh,high-skew-zipf,1788518555.475000,47.999848,faf_by_key,key=/api/backend/1,4
2026-09-04_10-41-47-475152_earlyRefresh,earlyRefresh,high-skew-zipf,1788518558.475000,50.999848,faf_by_key,key=/api/backend/1,4
2026-09-04_10-41-47-475152_earlyRefresh,earlyRefresh,high-skew-zipf,1788518559.475000,51.999848,faf_by_key,key=/api/backend/1,5.000666666666667
2026-09-04_10-41-47-475152_earlyRefresh,earlyRefresh,high-skew-zipf,1788518560.475000,52.999848,faf_by_key,key=/api/backend/1,5
2026-09-04_10-41-47-475152_earlyRefresh,earlyRefresh,high-skew-zipf,1788518574.475000,66.999848,faf_by_key,key=/api/backend/1,10
2026-09-04_10-41-47-475152_earlyRefresh,earlyRefresh,high-skew-zipf,1788518575.475000,67.999848,faf_by_key,key=/api/backend/1,10
2026-09-04_10-41-47-475152_earlyRefresh,earlyRefresh,high-skew-zipf,1788518576.475000,68.999848,faf_by_key,key=/api/backend/1,6.999999999999999
2026-09-04_10-41-47-475152_earlyRefresh,earlyRefresh,high-skew-zipf,1788518580.475000,72.999848,faf_by_key,key=/api/backend/1,9
2026-09-04_10-41-47-475152_earlyRefresh,earlyRefresh,high-skew-zipf,1788518581.475000,73.999848,faf_by_key,key=/api/backend/1,9
2026-09-04_10-41-47-475152_earlyRefresh,earlyRefresh,high-skew-zipf,1788518582.475000,74.999848,faf_by_key,key=/api/backend/1,4
2026-09-04_10-41-47-475152_earlyRefresh,earlyRefresh,high-skew-zipf,1788518585.475000,77.999848,faf_by_key,key=/api/backend/1,4
2026-09-04_10-41-47-475152_earlyRefresh,earlyRefresh,high-skew-zipf,1788518586.475000,78.999848,faf_by_key,key=/api/backend/1,6.998000666444519
2026-09-04_10-41-47-475152_earlyRefresh,earlyRefresh,high-skew-zipf,1788518587.475000,79.999848,faf_by_key,key=/api/backend/1,7.000000000000001
2026-09-04_10-41-47-475152_earlyRefresh,earlyRefresh,high-skew-zipf,1788518591.475000,83.999848,faf_by_key,key=/api/backend/1,6.998000666444519
2026-09-04_10-41-47-475152_earlyRefresh,earlyRefresh,high-skew-zipf,1788518592.475000,84.999848,faf_by_key,key=/api/backend/1,7.002
2026-09-04_10-41-47-475152_earlyRefresh,earlyRefresh,high-skew-zipf,1788518593.475000,85.999848,faf_by_key,key=/api/backend/1,3
2026-09-04_10-41-47-475152_earlyRefresh,earlyRefresh,high-skew-zipf,1788518597.475000,89.999848,faf_by_key,key=/api/backend/1,5
2026-09-04_10-41-47-475152_earlyRefresh,earlyRefresh,high-skew-zipf,1788518598.475000,90.999848,faf_by_key,key=/api/backend/1,5
2026-09-04_10-41-47-475152_earlyRefresh,earlyRefresh,high-skew-zipf,1788518599.475000,91.999848,faf_by_key,key=/api/backend/1,5
2026-09-04_10-41-47-475152_earlyRefresh,earlyRefresh,high-skew-zipf,1788518601.475000,93.999848,faf_by_key,key=/api/backend/1,3
2026-09-04_10-41-47-475152_earlyRefresh,earlyRefresh,high-skew-zipf,1788518602.475000,94.999848,faf_by_key,key=/api/backend/1,3
2026-09-04_10-41-47-475152_earlyRefresh,earlyRefresh,high-skew-zipf,1788518603.475000,95.999848,faf_by_key,key=/api/backend/1,3
2026-09-04_10-41-47-475152_earlyRefresh,earlyRefresh,high-skew-zipf,1788518606.475000,98.999848,faf_by_key,key=/api/backend/1,1
2026-09-04_10-41-47-475152_earlyRefresh,earlyRefresh,high-skew-zipf,1788518607.475000,99.999848,faf_by_key,key=/api/backend/1,5
2026-09-04_10-41-47-475152_earlyRefresh,earlyRefresh,high-skew-zipf,1788518608.475000,100.999848,faf_by_key,key=/api/backend/1,5
2026-09-04_10-41-47-475152_earlyRefresh,earlyRefresh,high-skew-zipf,1788518612.475000,104.999848,faf_by_key,key=/api/backend/1,2
2026-09-04_10-41-47-475152_earlyRefresh,earlyRefresh,high-skew-zipf,1788518613.475000,105.999848,faf_by_key,key=/api/backend/1,3
2026-09-04_10-41-47-475152_earlyRefresh,earlyRefresh,high-skew-zipf,1788518614.475000,106.999848,faf_by_key,key=/api/backend/1,3.0006668889629875
2026-09-04_10-41-47-475152_earlyRefresh,earlyRefresh,high-skew-zipf,1788518617.475000,109.999848,faf_by_key,key=/api/backend/1,2
2026-09-04_10-41-47-475152_earlyRefresh,earlyRefresh,high-skew-zipf,1788518618.475000,110.999848,faf_by_key,key=/api/backend/1,3
2026-09-04_10-41-47-475152_earlyRefresh,earlyRefresh,high-skew-zipf,1788518619.475000,111.999848,faf_by_key,key=/api/backend/1,3
2026-09-04_10-41-47-475152_earlyRefresh,earlyRefresh,high-skew-zipf,1788518623.475000,115.999848,faf_by_key,key=/api/backend/1,2
2026-09-04_10-41-47-475152_earlyRefresh,earlyRefresh,high-skew-zipf,1788518624.475000,116.999848,faf_by_key,key=/api/backend/1,3.0003333333333333
2026-09-04_10-41-47-475152_earlyRefresh,earlyRefresh,high-skew-zipf,1788518625.475000,117.999848,faf_by_key,key=/api/backend/1,2.9990003332222592
2026-09-04_10-41-47-475152_earlyRefresh,earlyRefresh,high-skew-zipf,1788518629.475000,121.999848,faf_by_key,key=/api/backend/1,4.9990000000000006
2026-09-04_10-41-47-475152_earlyRefresh,earlyRefresh,high-skew-zipf,1788518630.475000,122.999848,faf_by_key,key=/api/backend/1,4.9990000000000006
2026-09-04_10-41-47-475152_earlyRefresh,earlyRefresh,high-skew-zipf,1788518631.475000,123.999848,faf_by_key,key=/api/backend/1,2
2026-09-04_10-41-47-475152_earlyRefresh,earlyRefresh,high-skew-zipf,1788518634.475000,126.999848,faf_by_key,key=/api/backend/1,5.000333444481494
2026-09-04_10-41-47-475152_earlyRefresh,earlyRefresh,high-skew-zipf,1788518635.475000,127.999848,faf_by_key,key=/api/backend/1,5.0006668889629875
2026-09-04_10-41-47-475152_earlyRefresh,earlyRefresh,high-skew-zipf,1788518636.475000,128.999848,faf_by_key,key=/api/backend/1,5
2026-09-04_10-41-47-475152_earlyRefresh,earlyRefresh,high-skew-zipf,1788518639.475000,131.999848,faf_by_key,key=/api/backend/1,3
2026-09-04_10-41-47-475152_earlyRefresh,earlyRefresh,high-skew-zipf,1788518640.475000,132.999848,faf_by_key,key=/api/backend/1,5
2026-09-04_10-41-47-475152_earlyRefresh,earlyRefresh,high-skew-zipf,1788518641.475000,133.999848,faf_by_key,key=/api/backend/1,5
2026-09-04_10-41-47-475152_earlyRefresh,earlyRefresh,high-skew-zipf,1788518645.475000,137.999848,faf_by_key,key=/api/backend/1,3.9996667777407535
2026-09-04_10-41-47-475152_earlyRefresh,earlyRefresh,high-skew-zipf,1788518646.475000,138.999848,faf_by_key,key=/api/backend/1,5.001333777925975
2026-09-04_10-41-47-475152_earlyRefresh,earlyRefresh,high-skew-zipf,1788518647.475000,139.999848,faf_by_key,key=/api/backend/1,5
2026-09-04_10-41-47-475152_earlyRefresh,earlyRefresh,high-skew-zipf,1788518661.475000,153.999848,faf_by_key,key=/api/backend/1,6.999999999999999
2026-09-04_10-41-47-475152_earlyRefresh,earlyRefresh,high-skew-zipf,1788518662.475000,154.999848,faf_by_key,key=/api/backend/1,6.999999999999999
2026-09-04_10-41-47-475152_earlyRefresh,earlyRefresh,high-skew-zipf,1788518663.475000,155.999848,faf_by_key,key=/api/backend/1,3
2026-09-04_10-41-47-475152_earlyRefresh,earlyRefresh,high-skew-zipf,1788518667.475000,159.999848,faf_by_key,key=/api/backend/1,7.000666666666667
2026-09-04_10-41-47-475152_earlyRefresh,earlyRefresh,high-skew-zipf,1788518668.475000,160.999848,faf_by_key,key=/api/backend/1,7.000666666666667
2026-09-04_10-41-47-475152_earlyRefresh,earlyRefresh,high-skew-zipf,1788518669.475000,161.999848,faf_by_key,key=/api/backend/1,5
2026-09-04_10-41-47-475152_earlyRefresh,earlyRefresh,high-skew-zipf,1788518672.475000,164.999848,faf_by_key,key=/api/backend/1,5.000666888962988
2026-09-04_10-41-47-475152_earlyRefresh,earlyRefresh,high-skew-zipf,1788518673.475000,165.999848,faf_by_key,key=/api/backend/1,4.999333555481507
2026-09-04_10-41-47-475152_earlyRefresh,earlyRefresh,high-skew-zipf,1788518674.475000,166.999848,faf_by_key,key=/api/backend/1,4
2026-09-04_10-41-47-475152_earlyRefresh,earlyRefresh,high-skew-zipf,1788518677.475000,169.999848,faf_by_key,key=/api/backend/1,4
2026-09-04_10-41-47-475152_earlyRefresh,earlyRefresh,high-skew-zipf,1788518678.475000,170.999848,faf_by_key,key=/api/backend/1,6.99900033322226
2026-09-04_10-41-47-475152_earlyRefresh,earlyRefresh,high-skew-zipf,1788518679.475000,171.999848,faf_by_key,key=/api/backend/1,7.00100033344448
2026-09-04_10-41-47-475152_earlyRefresh,earlyRefresh,high-skew-zipf,1788518683.475000,175.999848,faf_by_key,key=/api/backend/1,4
2026-09-04_10-41-47-475152_earlyRefresh,earlyRefresh,high-skew-zipf,1788518684.475000,176.999848,faf_by_key,key=/api/backend/1,4.9990000000000006
2026-09-04_10-41-47-475152_earlyRefresh,earlyRefresh,high-skew-zipf,1788518685.475000,177.999848,faf_by_key,key=/api/backend/1,5
2026-09-04_10-41-47-475152_earlyRefresh,earlyRefresh,high-skew-zipf,1788518688.475000,180.999848,faf_by_key,key=/api/backend/1,4
2026-09-04_10-41-47-475152_earlyRefresh,earlyRefresh,high-skew-zipf,1788518689.475000,181.999848,faf_by_key,key=/api/backend/1,5
2026-09-04_10-41-47-475152_earlyRefresh,earlyRefresh,high-skew-zipf,1788518690.475000,182.999848,faf_by_key,key=/api/backend/1,5.0006668889629875
2026-09-04_10-41-47-475152_earlyRefresh,earlyRefresh,high-skew-zipf,1788518694.475000,186.999848,faf_by_key,key=/api/backend/1,2
2026-09-04_10-41-47-475152_earlyRefresh,earlyRefresh,high-skew-zipf,1788518695.475000,187.999848,faf_by_key,key=/api/backend/1,4
2026-09-04_10-41-47-475152_earlyRefresh,earlyRefresh,high-skew-zipf,1788518696.475000,188.999848,faf_by_key,key=/api/backend/1,4
2026-09-04_10-41-47-475152_earlyRefresh,earlyRefresh,high-skew-zipf,1788518700.475000,192.999848,faf_by_key,key=/api/backend/1,5
2026-09-04_10-41-47-475152_earlyRefresh,earlyRefresh,high-skew-zipf,1788518701.475000,193.999848,faf_by_key,key=/api/backend/1,5
2026-09-04_10-41-47-475152_earlyRefresh,earlyRefresh,high-skew-zipf,1788518702.475000,194.999848,faf_by_key,key=/api/backend/1,3
2026-09-04_10-41-47-475152_earlyRefresh,earlyRefresh,high-skew-zipf,1788518706.475000,198.999848,faf_by_key,key=/api/backend/1,6
2026-09-04_10-41-47-475152_earlyRefresh,earlyRefresh,high-skew-zipf,1788518707.475000,199.999848,faf_by_key,key=/api/backend/1,6.0009999999999994
2026-09-04_10-41-47-475152_earlyRefresh,earlyRefresh,high-skew-zipf,1788518708.475000,200.999848,faf_by_key,key=/api/backend/1,3
2026-09-04_10-41-47-475152_earlyRefresh,earlyRefresh,high-skew-zipf,1788518716.475000,208.999848,faf_by_key,key=/api/backend/1,5
2026-09-04_10-41-47-475152_earlyRefresh,earlyRefresh,high-skew-zipf,1788518717.475000,209.999848,faf_by_key,key=/api/backend/1,4.9993331110370125
2026-09-04_10-41-47-475152_earlyRefresh,earlyRefresh,high-skew-zipf,1788518718.475000,210.999848,faf_by_key,key=/api/backend/1,4.998666666666667
2026-09-04_10-41-47-475152_earlyRefresh,earlyRefresh,high-skew-zipf,1788518722.475000,214.999848,faf_by_key,key=/api/backend/1,5.000666888962988
2026-09-04_10-41-47-475152_earlyRefresh,earlyRefresh,high-skew-zipf,1788518723.475000,215.999848,faf_by_key,key=/api/backend/1,5
2026-09-04_10-41-47-475152_earlyRefresh,earlyRefresh,high-skew-zipf,1788518724.475000,216.999848,faf_by_key,key=/api/backend/1,3
2026-09-04_10-41-47-475152_earlyRefresh,earlyRefresh,high-skew-zipf,1788518727.475000,219.999848,faf_by_key,key=/api/backend/1,6.999999999999999
2026-09-04_10-41-47-475152_earlyRefresh,earlyRefresh,high-skew-zipf,1788518728.475000,220.999848,faf_by_key,key=/api/backend/1,7.0006668889629875
2026-09-04_10-41-47-475152_earlyRefresh,earlyRefresh,high-skew-zipf,1788518729.475000,221.999848,faf_by_key,key=/api/backend/1,5
2026-09-04_10-41-47-475152_earlyRefresh,earlyRefresh,high-skew-zipf,1788518732.475000,224.999848,faf_by_key,key=/api/backend/1,3
2026-09-04_10-41-47-475152_earlyRefresh,earlyRefresh,high-skew-zipf,1788518733.475000,225.999848,faf_by_key,key=/api/backend/1,4
2026-09-04_10-41-47-475152_earlyRefresh,earlyRefresh,high-skew-zipf,1788518734.475000,226.999848,faf_by_key,key=/api/backend/1,4
2026-09-04_10-41-47-475152_earlyRefresh,earlyRefresh,high-skew-zipf,1788518738.475000,230.999848,faf_by_key,key=/api/backend/1,3.9993333333333334
2026-09-04_10-41-47-475152_earlyRefresh,earlyRefresh,high-skew-zipf,1788518739.475000,231.999848,faf_by_key,key=/api/backend/1,4
2026-09-04_10-41-47-475152_earlyRefresh,earlyRefresh,high-skew-zipf,1788518740.475000,232.999848,faf_by_key,key=/api/backend/1,2
2026-09-04_10-41-47-475152_earlyRefresh,earlyRefresh,high-skew-zipf,1788518743.475000,235.999848,faf_by_key,key=/api/backend/1,4
2026-09-04_10-41-47-475152_earlyRefresh,earlyRefresh,high-skew-zipf,1788518744.475000,236.999848,faf_by_key,key=/api/backend/1,6
2026-09-04_10-41-47-475152_earlyRefresh,earlyRefresh,high-skew-zipf,1788518745.475000,237.999848,faf_by_key,key=/api/backend/1,6.001000333444481
2026-09-04_10-41-47-475152_earlyRefresh,earlyRefresh,high-skew-zipf,1788518524.475000,16.999848,faf_by_key,key=/api/backend/2,2
2026-09-04_10-41-47-475152_earlyRefresh,earlyRefresh,high-skew-zipf,1788518525.475000,17.999848,faf_by_key,key=/api/backend/2,2
2026-09-04_10-41-47-475152_earlyRefresh,earlyRefresh,high-skew-zipf,1788518526.475000,18.999848,faf_by_key,key=/api/backend/2,2
2026-09-04_10-41-47-475152_earlyRefresh,earlyRefresh,high-skew-zipf,1788518535.475000,27.999848,faf_by_key,key=/api/backend/2,2
2026-09-04_10-41-47-475152_earlyRefresh,earlyRefresh,high-skew-zipf,1788518536.475000,28.999848,faf_by_key,key=/api/backend/2,4
2026-09-04_10-41-47-475152_earlyRefresh,earlyRefresh,high-skew-zipf,1788518537.475000,29.999848,faf_by_key,key=/api/backend/2,4.000667111407605
2026-09-04_10-41-47-475152_earlyRefresh,earlyRefresh,high-skew-zipf,1788518542.475000,34.999848,faf_by_key,key=/api/backend/2,3.0003334444814937
2026-09-04_10-41-47-475152_earlyRefresh,earlyRefresh,high-skew-zipf,1788518543.475000,35.999848,faf_by_key,key=/api/backend/2,3
2026-09-04_10-41-47-475152_earlyRefresh,earlyRefresh,high-skew-zipf,1788518544.475000,36.999848,faf_by_key,key=/api/backend/2,2
2026-09-04_10-41-47-475152_earlyRefresh,earlyRefresh,high-skew-zipf,1788518558.475000,50.999848,faf_by_key,key=/api/backend/2,1
2026-09-04_10-41-47-475152_earlyRefresh,earlyRefresh,high-skew-zipf,1788518559.475000,51.999848,faf_by_key,key=/api/backend/2,1
2026-09-04_10-41-47-475152_earlyRefresh,earlyRefresh,high-skew-zipf,1788518560.475000,52.999848,faf_by_key,key=/api/backend/2,1
2026-09-04_10-41-47-475152_earlyRefresh,earlyRefresh,high-skew-zipf,1788518572.475000,64.999848,faf_by_key,key=/api/backend/2,1
2026-09-04_10-41-47-475152_earlyRefresh,earlyRefresh,high-skew-zipf,1788518573.475000,65.999848,faf_by_key,key=/api/backend/2,3.000666666666666
2026-09-04_10-41-47-475152_earlyRefresh,earlyRefresh,high-skew-zipf,1788518574.475000,66.999848,faf_by_key,key=/api/backend/2,3
2026-09-04_10-41-47-475152_earlyRefresh,earlyRefresh,high-skew-zipf,1788518578.475000,70.999848,faf_by_key,key=/api/backend/2,2
2026-09-04_10-41-47-475152_earlyRefresh,earlyRefresh,high-skew-zipf,1788518579.475000,71.999848,faf_by_key,key=/api/backend/2,5
2026-09-04_10-41-47-475152_earlyRefresh,earlyRefresh,high-skew-zipf,1788518580.475000,72.999848,faf_by_key,key=/api/backend/2,5
2026-09-04_10-41-47-475152_earlyRefresh,earlyRefresh,high-skew-zipf,1788518583.475000,75.999848,faf_by_key,key=/api/backend/2,1
2026-09-04_10-41-47-475152_earlyRefresh,earlyRefresh,high-skew-zipf,1788518584.475000,76.999848,faf_by_key,key=/api/backend/2,3.9993335554815066
2026-09-04_10-41-47-475152_earlyRefresh,earlyRefresh,high-skew-zipf,1788518585.475000,77.999848,faf_by_key,key=/api/backend/2,4
2026-09-04_10-41-47-475152_earlyRefresh,earlyRefresh,high-skew-zipf,1788518590.475000,82.999848,faf_by_key,key=/api/backend/2,4
2026-09-04_10-41-47-475152_earlyRefresh,earlyRefresh,high-skew-zipf,1788518591.475000,83.999848,faf_by_key,key=/api/backend/2,3.9996667777407535
2026-09-04_10-41-47-475152_earlyRefresh,earlyRefresh,high-skew-zipf,1788518592.475000,84.999848,faf_by_key,key=/api/backend/2,3
2026-09-04_10-41-47-475152_earlyRefresh,earlyRefresh,high-skew-zipf,1788518595.475000,87.999848,faf_by_key,key=/api/backend/2,1
2026-09-04_10-41-47-475152_earlyRefresh,earlyRefresh,high-skew-zipf,1788518596.475000,88.999848,faf_by_key,key=/api/backend/2,1
2026-09-04_10-41-47-475152_earlyRefresh,earlyRefresh,high-skew-zipf,1788518597.475000,89.999848,faf_by_key,key=/api/backend/2,1
2026-09-04_10-41-47-475152_earlyRefresh,earlyRefresh,high-skew-zipf,1788518605.475000,97.999848,faf_by_key,key=/api/backend/2,3
2026-09-04_10-41-47-475152_earlyRefresh,earlyRefresh,high-skew-zipf,1788518606.475000,98.999848,faf_by_key,key=/api/backend/2,4.000333333333334
2026-09-04_10-41-47-475152_earlyRefresh,earlyRefresh,high-skew-zipf,1788518607.475000,99.999848,faf_by_key,key=/api/backend/2,4
2026-09-04_10-41-47-475152_earlyRefresh,earlyRefresh,high-skew-zipf,1788518611.475000,103.999848,faf_by_key,key=/api/backend/2,1
2026-09-04_10-41-47-475152_earlyRefresh,earlyRefresh,high-skew-zipf,1788518612.475000,104.999848,faf_by_key,key=/api/backend/2,1
2026-09-04_10-41-47-475152_earlyRefresh,earlyRefresh,high-skew-zipf,1788518613.475000,105.999848,faf_by_key,key=/api/backend/2,1
2026-09-04_10-41-47-475152_earlyRefresh,earlyRefresh,high-skew-zipf,1788518617.475000,109.999848,faf_by_key,key=/api/backend/2,2
2026-09-04_10-41-47-475152_earlyRefresh,earlyRefresh,high-skew-zipf,1788518618.475000,110.999848,faf_by_key,key=/api/backend/2,2
2026-09-04_10-41-47-475152_earlyRefresh,earlyRefresh,high-skew-zipf,1788518619.475000,111.999848,faf_by_key,key=/api/backend/2,2
2026-09-04_10-41-47-475152_earlyRefresh,earlyRefresh,high-skew-zipf,1788518621.475000,113.999848,faf_by_key,key=/api/backend/2,2
2026-09-04_10-41-47-475152_earlyRefresh,earlyRefresh,high-skew-zipf,1788518622.475000,114.999848,faf_by_key,key=/api/backend/2,4.0006668889629875
2026-09-04_10-41-47-475152_earlyRefresh,earlyRefresh,high-skew-zipf,1788518623.475000,115.999848,faf_by_key,key=/api/backend/2,4.000666666666667
2026-09-04_10-41-47-475152_earlyRefresh,earlyRefresh,high-skew-zipf,1788518627.475000,119.999848,faf_by_key,key=/api/backend/2,2
2026-09-04_10-41-47-475152_earlyRefresh,earlyRefresh,high-skew-zipf,1788518628.475000,120.999848,faf_by_key,key=/api/backend/2,3.0006671114076053
2026-09-04_10-41-47-475152_earlyRefresh,earlyRefresh,high-skew-zipf,1788518629.475000,121.999848,faf_by_key,key=/api/backend/2,3.0003334444814937
2026-09-04_10-41-47-475152_earlyRefresh,earlyRefresh,high-skew-zipf,1788518632.475000,124.999848,faf_by_key,key=/api/backend/2,1
2026-09-04_10-41-47-475152_earlyRefresh,earlyRefresh,high-skew-zipf,1788518633.475000,125.999848,faf_by_key,key=/api/backend/2,1.9996666666666667
2026-09-04_10-41-47-475152_earlyRefresh,earlyRefresh,high-skew-zipf,1788518634.475000,126.999848,faf_by_key,key=/api/backend/2,1.9996666666666667
2026-09-04_10-41-47-475152_earlyRefresh,earlyRefresh,high-skew-zipf,1788518638.475000,130.999848,faf_by_key,key=/api/backend/2,1
2026-09-04_10-41-47-475152_earlyRefresh,earlyRefresh,high-skew-zipf,1788518639.475000,131.999848,faf_by_key,key=/api/backend/2,1
2026-09-04_10-41-47-475152_earlyRefresh,earlyRefresh,high-skew-zipf,1788518640.475000,132.999848,faf_by_key,key=/api/backend/2,1
2026-09-04_10-41-47-475152_earlyRefresh,earlyRefresh,high-skew-zipf,1788518644.475000,136.999848,faf_by_key,key=/api/backend/2,1
2026-09-04_10-41-47-475152_earlyRefresh,earlyRefresh,high-skew-zipf,1788518645.475000,137.999848,faf_by_key,key=/api/backend/2,1
2026-09-04_10-41-47-475152_earlyRefresh,earlyRefresh,high-skew-zipf,1788518646.475000,138.999848,faf_by_key,key=/api/backend/2,1
2026-09-04_10-41-47-475152_earlyRefresh,earlyRefresh,high-skew-zipf,1788518658.475000,150.999848,faf_by_key,key=/api/backend/2,2
2026-09-04_10-41-47-475152_earlyRefresh,earlyRefresh,high-skew-zipf,1788518659.475000,151.999848,faf_by_key,key=/api/backend/2,3.9993335554815066
2026-09-04_10-41-47-475152_earlyRefresh,earlyRefresh,high-skew-zipf,1788518660.475000,152.999848,faf_by_key,key=/api/backend/2,4
2026-09-04_10-41-47-475152_earlyRefresh,earlyRefresh,high-skew-zipf,1788518665.475000,157.999848,faf_by_key,key=/api/backend/2,1.9996666666666667
2026-09-04_10-41-47-475152_earlyRefresh,earlyRefresh,high-skew-zipf,1788518666.475000,158.999848,faf_by_key,key=/api/backend/2,2
2026-09-04_10-41-47-475152_earlyRefresh,earlyRefresh,high-skew-zipf,1788518667.475000,159.999848,faf_by_key,key=/api/backend/2,1
2026-09-04_10-41-47-475152_earlyRefresh,earlyRefresh,high-skew-zipf,1788518669.475000,161.999848,faf_by_key,key=/api/backend/2,3
2026-09-04_10-41-47-475152_earlyRefresh,earlyRefresh,high-skew-zipf,1788518670.475000,162.999848,faf_by_key,key=/api/backend/2,4
2026-09-04_10-41-47-475152_earlyRefresh,earlyRefresh,high-skew-zipf,1788518671.475000,163.999848,faf_by_key,key=/api/backend/2,4
2026-09-04_10-41-47-475152_earlyRefresh,earlyRefresh,high-skew-zipf,1788518675.475000,167.999848,faf_by_key,key=/api/backend/2,4.9993333333333325
2026-09-04_10-41-47-475152_earlyRefresh,earlyRefresh,high-skew-zipf,1788518676.475000,168.999848,faf_by_key,key=/api/backend/2,6
2026-09-04_10-41-47-475152_earlyRefresh,earlyRefresh,high-skew-zipf,1788518677.475000,169.999848,faf_by_key,key=/api/backend/2,6
2026-09-04_10-41-47-475152_earlyRefresh,earlyRefresh,high-skew-zipf,1788518681.475000,173.999848,faf_by_key,key=/api/backend/2,4.999666777740753
2026-09-04_10-41-47-475152_earlyRefresh,earlyRefresh,high-skew-zipf,1788518682.475000,174.999848,faf_by_key,key=/api/backend/2,5.0006668889629875
2026-09-04_10-41-47-475152_earlyRefresh,earlyRefresh,high-skew-zipf,1788518683.475000,175.999848,faf_by_key,key=/api/backend/2,4
2026-09-04_10-41-47-475152_earlyRefresh,earlyRefresh,high-skew-zipf,1788518686.475000,178.999848,faf_by_key,key=/api/backend/2,1
2026-09-04_10-41-47-475152_earlyRefresh,earlyRefresh,high-skew-zipf,1788518687.475000,179.999848,faf_by_key,key=/api/backend/2,1
2026-09-04_10-41-47-475152_earlyRefresh,earlyRefresh,high-skew-zipf,1788518688.475000,180.999848,faf_by_key,key=/api/backend/2,1
2026-09-04_10-41-47-475152_earlyRefresh,earlyRefresh,high-skew-zipf,1788518692.475000,184.999848,faf_by_key,key=/api/backend/2,1
2026-09-04_10-41-47-475152_earlyRefresh,earlyRefresh,high-skew-zipf,1788518693.475000,185.999848,faf_by_key,key=/api/backend/2,1
2026-09-04_10-41-47-475152_earlyRefresh,earlyRefresh,high-skew-zipf,1788518694.475000,186.999848,faf_by_key,key=/api/backend/2,1
2026-09-04_10-41-47-475152_earlyRefresh,earlyRefresh,high-skew-zipf,1788518702.475000,194.999848,faf_by_key,key=/api/backend/2,2
2026-09-04_10-41-47-475152_earlyRefresh,earlyRefresh,high-skew-zipf,1788518703.475000,195.999848,faf_by_key,key=/api/backend/2,2
2026-09-04_10-41-47-475152_earlyRefresh,earlyRefresh,high-skew-zipf,1788518704.475000,196.999848,faf_by_key,key=/api/backend/2,1.9996666666666667
2026-09-04_10-41-47-475152_earlyRefresh,earlyRefresh,high-skew-zipf,1788518717.475000,209.999848,faf_by_key,key=/api/backend/2,4
2026-09-04_10-41-47-475152_earlyRefresh,earlyRefresh,high-skew-zipf,1788518718.475000,210.999848,faf_by_key,key=/api/backend/2,7.002001334222816
2026-09-04_10-41-47-475152_earlyRefresh,earlyRefresh,high-skew-zipf,1788518719.475000,211.999848,faf_by_key,key=/api/backend/2,7.0009999999999994
2026-09-04_10-41-47-475152_earlyRefresh,earlyRefresh,high-skew-zipf,1788518723.475000,215.999848,faf_by_key,key=/api/backend/2,1
2026-09-04_10-41-47-475152_earlyRefresh,earlyRefresh,high-skew-zipf,1788518724.475000,216.999848,faf_by_key,key=/api/backend/2,1
2026-09-04_10-41-47-475152_earlyRefresh,earlyRefresh,high-skew-zipf,1788518725.475000,217.999848,faf_by_key,key=/api/backend/2,1
2026-09-04_10-41-47-475152_earlyRefresh,earlyRefresh,high-skew-zipf,1788518728.475000,220.999848,faf_by_key,key=/api/backend/2,1
2026-09-04_10-41-47-475152_earlyRefresh,earlyRefresh,high-skew-zipf,1788518729.475000,221.999848,faf_by_key,key=/api/backend/2,2.0003334444814937
2026-09-04_10-41-47-475152_earlyRefresh,earlyRefresh,high-skew-zipf,1788518730.475000,222.999848,faf_by_key,key=/api/backend/2,2
2026-09-04_10-41-47-475152_earlyRefresh,earlyRefresh,high-skew-zipf,1788518733.475000,225.999848,faf_by_key,key=/api/backend/2,4
2026-09-04_10-41-47-475152_earlyRefresh,earlyRefresh,high-skew-zipf,1788518734.475000,226.999848,faf_by_key,key=/api/backend/2,5
2026-09-04_10-41-47-475152_earlyRefresh,earlyRefresh,high-skew-zipf,1788518735.475000,227.999848,faf_by_key,key=/api/backend/2,5
2026-09-04_10-41-47-475152_earlyRefresh,earlyRefresh,high-skew-zipf,1788518745.475000,237.999848,faf_by_key,key=/api/backend/2,2
2026-09-04_10-41-47-475152_earlyRefresh,earlyRefresh,high-skew-zipf,1788518746.475000,238.999848,faf_by_key,key=/api/backend/2,2
2026-09-04_10-41-47-475152_earlyRefresh,earlyRefresh,high-skew-zipf,1788518747.475000,239.999848,faf_by_key,key=/api/backend/2,2
2026-09-04_10-41-47-475152_earlyRefresh,earlyRefresh,high-skew-zipf,1788518524.475000,16.999848,faf_by_key,key=/api/backend/3,2
2026-09-04_10-41-47-475152_earlyRefresh,earlyRefresh,high-skew-zipf,1788518525.475000,17.999848,faf_by_key,key=/api/backend/3,2
2026-09-04_10-41-47-475152_earlyRefresh,earlyRefresh,high-skew-zipf,1788518526.475000,18.999848,faf_by_key,key=/api/backend/3,2
2026-09-04_10-41-47-475152_earlyRefresh,earlyRefresh,high-skew-zipf,1788518540.475000,32.999848,faf_by_key,key=/api/backend/3,2.0003333333333333
2026-09-04_10-41-47-475152_earlyRefresh,earlyRefresh,high-skew-zipf,1788518541.475000,33.999848,faf_by_key,key=/api/backend/3,1.9996666666666667
2026-09-04_10-41-47-475152_earlyRefresh,earlyRefresh,high-skew-zipf,1788518542.475000,34.999848,faf_by_key,key=/api/backend/3,2.0003334444814937
2026-09-04_10-41-47-475152_earlyRefresh,earlyRefresh,high-skew-zipf,1788518546.475000,38.999848,faf_by_key,key=/api/backend/3,1
2026-09-04_10-41-47-475152_earlyRefresh,earlyRefresh,high-skew-zipf,1788518547.475000,39.999848,faf_by_key,key=/api/backend/3,1
2026-09-04_10-41-47-475152_earlyRefresh,earlyRefresh,high-skew-zipf,1788518548.475000,40.999848,faf_by_key,key=/api/backend/3,1
2026-09-04_10-41-47-475152_earlyRefresh,earlyRefresh,high-skew-zipf,1788518560.475000,52.999848,faf_by_key,key=/api/backend/3,1
2026-09-04_10-41-47-475152_earlyRefresh,earlyRefresh,high-skew-zipf,1788518561.475000,53.999848,faf_by_key,key=/api/backend/3,4
2026-09-04_10-41-47-475152_earlyRefresh,earlyRefresh,high-skew-zipf,1788518562.475000,54.999848,faf_by_key,key=/api/backend/3,4
2026-09-04_10-41-47-475152_earlyRefresh,earlyRefresh,high-skew-zipf,1788518566.475000,58.999848,faf_by_key,key=/api/backend/3,1
2026-09-04_10-41-47-475152_earlyRefresh,earlyRefresh,high-skew-zipf,1788518567.475000,59.999848,faf_by_key,key=/api/backend/3,1
2026-09-04_10-41-47-475152_earlyRefresh,earlyRefresh,high-skew-zipf,1788518568.475000,60.999848,faf_by_key,key=/api/backend/3,1
2026-09-04_10-41-47-475152_earlyRefresh,earlyRefresh,high-skew-zipf,1788518578.475000,70.999848,faf_by_key,key=/api/backend/3,1
2026-09-04_10-41-47-475152_earlyRefresh,earlyRefresh,high-skew-zipf,1788518579.475000,71.999848,faf_by_key,key=/api/backend/3,1
2026-09-04_10-41-47-475152_earlyRefresh,earlyRefresh,high-skew-zipf,1788518580.475000,72.999848,faf_by_key,key=/api/backend/3,1
2026-09-04_10-41-47-475152_earlyRefresh,earlyRefresh,high-skew-zipf,1788518583.475000,75.999848,faf_by_key,key=/api/backend/3,1
2026-09-04_10-41-47-475152_earlyRefresh,earlyRefresh,high-skew-zipf,1788518584.475000,76.999848,faf_by_key,key=/api/backend/3,1
2026-09-04_10-41-47-475152_earlyRefresh,earlyRefresh,high-skew-zipf,1788518585.475000,77.999848,faf_by_key,key=/api/backend/3,1
2026-09-04_10-41-47-475152_earlyRefresh,earlyRefresh,high-skew-zipf,1788518588.475000,80.999848,faf_by_key,key=/api/backend/3,1
2026-09-04_10-41-47-475152_earlyRefresh,earlyRefresh,high-skew-zipf,1788518589.475000,81.999848,faf_by_key,key=/api/backend/3,1
2026-09-04_10-41-47-475152_earlyRefresh,earlyRefresh,high-skew-zipf,1788518590.475000,82.999848,faf_by_key,key=/api/backend/3,1
2026-09-04_10-41-47-475152_earlyRefresh,earlyRefresh,high-skew-zipf,1788518594.475000,86.999848,faf_by_key,key=/api/backend/3,1
2026-09-04_10-41-47-475152_earlyRefresh,earlyRefresh,high-skew-zipf,1788518595.475000,87.999848,faf_by_key,key=/api/backend/3,1
2026-09-04_10-41-47-475152_earlyRefresh,earlyRefresh,high-skew-zipf,1788518596.475000,88.999848,faf_by_key,key=/api/backend/3,1
2026-09-04_10-41-47-475152_earlyRefresh,earlyRefresh,high-skew-zipf,1788518604.475000,96.999848,faf_by_key,key=/api/backend/3,1
2026-09-04_10-41-47-475152_earlyRefresh,earlyRefresh,high-skew-zipf,1788518605.475000,97.999848,faf_by_key,key=/api/backend/3,2
2026-09-04_10-41-47-475152_earlyRefresh,earlyRefresh,high-skew-zipf,1788518606.475000,98.999848,faf_by_key,key=/api/backend/3,2.0003333333333333
2026-09-04_10-41-47-475152_earlyRefresh,earlyRefresh,high-skew-zipf,1788518610.475000,102.999848,faf_by_key,key=/api/backend/3,2
2026-09-04_10-41-47-475152_earlyRefresh,earlyRefresh,high-skew-zipf,1788518611.475000,103.999848,faf_by_key,key=/api/backend/3,2
2026-09-04_10-41-47-475152_earlyRefresh,earlyRefresh,high-skew-zipf,1788518612.475000,104.999848,faf_by_key,key=/api/backend/3,2
2026-09-04_10-41-47-475152_earlyRefresh,earlyRefresh,high-skew-zipf,1788518616.475000,108.999848,faf_by_key,key=/api/backend/3,1
2026-09-04_10-41-47-475152_earlyRefresh,earlyRefresh,high-skew-zipf,1788518617.475000,109.999848,faf_by_key,key=/api/backend/3,1
2026-09-04_10-41-47-475152_earlyRefresh,earlyRefresh,high-skew-zipf,1788518618.475000,110.999848,faf_by_key,key=/api/backend/3,1
2026-09-04_10-41-47-475152_earlyRefresh,earlyRefresh,high-skew-zipf,1788518621.475000,113.999848,faf_by_key,key=/api/backend/3,3
2026-09-04_10-41-47-475152_earlyRefresh,earlyRefresh,high-skew-zipf,1788518622.475000,114.999848,faf_by_key,key=/api/backend/3,3
2026-09-04_10-41-47-475152_earlyRefresh,earlyRefresh,high-skew-zipf,1788518623.475000,115.999848,faf_by_key,key=/api/backend/3,3
2026-09-04_10-41-47-475152_earlyRefresh,earlyRefresh,high-skew-zipf,1788518626.475000,118.999848,faf_by_key,key=/api/backend/3,2
2026-09-04_10-41-47-475152_earlyRefresh,earlyRefresh,high-skew-zipf,1788518627.475000,119.999848,faf_by_key,key=/api/backend/3,3
2026-09-04_10-41-47-475152_earlyRefresh,earlyRefresh,high-skew-zipf,1788518628.475000,120.999848,faf_by_key,key=/api/backend/3,3.0006671114076053
2026-09-04_10-41-47-475152_earlyRefresh,earlyRefresh,high-skew-zipf,1788518632.475000,124.999848,faf_by_key,key=/api/backend/3,1
2026-09-04_10-41-47-475152_earlyRefresh,earlyRefresh,high-skew-zipf,1788518633.475000,125.999848,faf_by_key,key=/api/backend/3,1.9996666666666667
2026-09-04_10-41-47-475152_earlyRefresh,earlyRefresh,high-skew-zipf,1788518634.475000,126.999848,faf_by_key,key=/api/backend/3,1.9996666666666667
2026-09-04_10-41-47-475152_earlyRefresh,earlyRefresh,high-skew-zipf,1788518637.475000,129.999848,faf_by_key,key=/api/backend/3,1
2026-09-04_10-41-47-475152_earlyRefresh,earlyRefresh,high-skew-zipf,1788518638.475000,130.999848,faf_by_key,key=/api/backend/3,1
2026-09-04_10-41-47-475152_earlyRefresh,earlyRefresh,high-skew-zipf,1788518639.475000,131.999848,faf_by_key,key=/api/backend/3,1
2026-09-04_10-41-47-475152_earlyRefresh,earlyRefresh,high-skew-zipf,1788518644.475000,136.999848,faf_by_key,key=/api/backend/3,3.000666888962988
2026-09-04_10-41-47-475152_earlyRefresh,earlyRefresh,high-skew-zipf,1788518645.475000,137.999848,faf_by_key,key=/api/backend/3,3.000666666666666
2026-09-04_10-41-47-475152_earlyRefresh,earlyRefresh,high-skew-zipf,1788518646.475000,138.999848,faf_by_key,key=/api/backend/3,1
2026-09-04_10-41-47-475152_earlyRefresh,earlyRefresh,high-skew-zipf,1788518649.475000,141.999848,faf_by_key,key=/api/backend/3,2
2026-09-04_10-41-47-475152_earlyRefresh,earlyRefresh,high-skew-zipf,1788518650.475000,142.999848,faf_by_key,key=/api/backend/3,2
2026-09-04_10-41-47-475152_earlyRefresh,earlyRefresh,high-skew-zipf,1788518651.475000,143.999848,faf_by_key,key=/api/backend/3,1
2026-09-04_10-41-47-475152_earlyRefresh,earlyRefresh,high-skew-zipf,1788518665.475000,157.999848,faf_by_key,key=/api/backend/3,2
2026-09-04_10-41-47-475152_earlyRefresh,earlyRefresh,high-skew-zipf,1788518666.475000,158.999848,faf_by_key,key=/api/backend/3,2
2026-09-04_10-41-47-475152_earlyRefresh,earlyRefresh,high-skew-zipf,1788518667.475000,159.999848,faf_by_key,key=/api/backend/3,2
2026-09-04_10-41-47-475152_earlyRefresh,earlyRefresh,high-skew-zipf,1788518670.475000,162.999848,faf_by_key,key=/api/backend/3,4
2026-09-04_10-41-47-475152_earlyRefresh,earlyRefresh,high-skew-zipf,1788518671.475000,163.999848,faf_by_key,key=/api/backend/3,5
2026-09-04_10-41-47-475152_earlyRefresh,earlyRefresh,high-skew-zipf,1788518672.475000,164.999848,faf_by_key,key=/api/backend/3,4.9993333333333325
2026-09-04_10-41-47-475152_earlyRefresh,earlyRefresh,high-skew-zipf,1788518676.475000,168.999848,faf_by_key,key=/api/backend/3,2
2026-09-04_10-41-47-475152_earlyRefresh,earlyRefresh,high-skew-zipf,1788518677.475000,169.999848,faf_by_key,key=/api/backend/3,2
2026-09-04_10-41-47-475152_earlyRefresh,earlyRefresh,high-skew-zipf,1788518678.475000,170.999848,faf_by_key,key=/api/backend/3,1
2026-09-04_10-41-47-475152_earlyRefresh,earlyRefresh,high-skew-zipf,1788518681.475000,173.999848,faf_by_key,key=/api/backend/3,4.000333333333334
2026-09-04_10-41-47-475152_earlyRefresh,earlyRefresh,high-skew-zipf,1788518682.475000,174.999848,faf_by_key,key=/api/backend/3,3.9993335554815066
2026-09-04_10-41-47-475152_earlyRefresh,earlyRefresh,high-skew-zipf,1788518683.475000,175.999848,faf_by_key,key=/api/backend/3,4
2026-09-04_10-41-47-475152_earlyRefresh,earlyRefresh,high-skew-zipf,1788518686.475000,178.999848,faf_by_key,key=/api/backend/3,1
2026-09-04_10-41-47-475152_earlyRefresh,earlyRefresh,high-skew-zipf,1788518687.475000,179.999848,faf_by_key,key=/api/backend/3,2
2026-09-04_10-41-47-475152_earlyRefresh,earlyRefresh,high-skew-zipf,1788518688.475000,180.999848,faf_by_key,key=/api/backend/3,2.0003334444814937
2026-09-04_10-41-47-475152_earlyRefresh,earlyRefresh,high-skew-zipf,1788518693.475000,185.999848,faf_by_key,key=/api/backend/3,5.0009999999999994
2026-09-04_10-41-47-475152_earlyRefresh,earlyRefresh,high-skew-zipf,1788518694.475000,186.999848,faf_by_key,key=/api/backend/3,4.9980006664445185
2026-09-04_10-41-47-475152_earlyRefresh,earlyRefresh,high-skew-zipf,1788518695.475000,187.999848,faf_by_key,key=/api/backend/3,2
2026-09-04_10-41-47-475152_earlyRefresh,earlyRefresh,high-skew-zipf,1788518703.475000,195.999848,faf_by_key,key=/api/backend/3,2
2026-09-04_10-41-47-475152_earlyRefresh,earlyRefresh,high-skew-zipf,1788518704.475000,196.999848,faf_by_key,key=/api/backend/3,4.0006668889629875
2026-09-04_10-41-47-475152_earlyRefresh,earlyRefresh,high-skew-zipf,1788518705.475000,197.999848,faf_by_key,key=/api/backend/3,3.9993333333333334
2026-09-04_10-41-47-475152_earlyRefresh,earlyRefresh,high-skew-zipf,1788518710.475000,202.999848,faf_by_key,key=/api/backend/3,2.0003334444814937
2026-09-04_10-41-47-475152_earlyRefresh,earlyRefresh,high-skew-zipf,1788518711.475000,203.999848,faf_by_key,key=/api/backend/3,1.9996666666666667
2026-09-04_10-41-47-475152_earlyRefresh,earlyRefresh,high-skew-zipf,1788518712.475000,204.999848,faf_by_key,key=/api/backend/3,1
2026-09-04_10-41-47-475152_earlyRefresh,earlyRefresh,high-skew-zipf,1788518714.475000,206.999848,faf_by_key,key=/api/backend/3,1
2026-09-04_10-41-47-475152_earlyRefresh,earlyRefresh,high-skew-zipf,1788518715.475000,207.999848,faf_by_key,key=/api/backend/3,1
2026-09-04_10-41-47-475152_earlyRefresh,earlyRefresh,high-skew-zipf,1788518716.475000,208.999848,faf_by_key,key=/api/backend/3,1
2026-09-04_10-41-47-475152_earlyRefresh,earlyRefresh,high-skew-zipf,1788518720.475000,212.999848,faf_by_key,key=/api/backend/3,2
2026-09-04_10-41-47-475152_earlyRefresh,earlyRefresh,high-skew-zipf,1788518721.475000,213.999848,faf_by_key,key=/api/backend/3,2
2026-09-04_10-41-47-475152_earlyRefresh,earlyRefresh,high-skew-zipf,1788518722.475000,214.999848,faf_by_key,key=/api/backend/3,2
2026-09-04_10-41-47-475152_earlyRefresh,earlyRefresh,high-skew-zipf,1788518726.475000,218.999848,faf_by_key,key=/api/backend/3,2
2026-09-04_10-41-47-475152_earlyRefresh,earlyRefresh,high-skew-zipf,1788518727.475000,219.999848,faf_by_key,key=/api/backend/3,3
2026-09-04_10-41-47-475152_earlyRefresh,earlyRefresh,high-skew-zipf,1788518728.475000,220.999848,faf_by_key,key=/api/backend/3,2.9996666666666667
2026-09-04_10-41-47-475152_earlyRefresh,earlyRefresh,high-skew-zipf,1788518732.475000,224.999848,faf_by_key,key=/api/backend/3,1
2026-09-04_10-41-47-475152_earlyRefresh,earlyRefresh,high-skew-zipf,1788518733.475000,225.999848,faf_by_key,key=/api/backend/3,1
2026-09-04_10-41-47-475152_earlyRefresh,earlyRefresh,high-skew-zipf,1788518734.475000,226.999848,faf_by_key,key=/api/backend/3,1
2026-09-04_10-41-47-475152_earlyRefresh,earlyRefresh,high-skew-zipf,1788518743.475000,235.999848,faf_by_key,key=/api/backend/3,1
2026-09-04_10-41-47-475152_earlyRefresh,earlyRefresh,high-skew-zipf,1788518744.475000,236.999848,faf_by_key,key=/api/backend/3,1
2026-09-04_10-41-47-475152_earlyRefresh,earlyRefresh,high-skew-zipf,1788518745.475000,237.999848,faf_by_key,key=/api/backend/3,1
2026-09-04_10-41-47-475152_earlyRefresh,earlyRefresh,high-skew-zipf,1788518530.475000,22.999848,faf_by_key,key=/api/backend/4,1
2026-09-04_10-41-47-475152_earlyRefresh,earlyRefresh,high-skew-zipf,1788518531.475000,23.999848,faf_by_key,key=/api/backend/4,1
2026-09-04_10-41-47-475152_earlyRefresh,earlyRefresh,high-skew-zipf,1788518532.475000,24.999848,faf_by_key,key=/api/backend/4,1
2026-09-04_10-41-47-475152_earlyRefresh,earlyRefresh,high-skew-zipf,1788518547.475000,39.999848,faf_by_key,key=/api/backend/4,2
2026-09-04_10-41-47-475152_earlyRefresh,earlyRefresh,high-skew-zipf,1788518548.475000,40.999848,faf_by_key,key=/api/backend/4,2
2026-09-04_10-41-47-475152_earlyRefresh,earlyRefresh,high-skew-zipf,1788518549.475000,41.999848,faf_by_key,key=/api/backend/4,2
2026-09-04_10-41-47-475152_earlyRefresh,earlyRefresh,high-skew-zipf,1788518552.475000,44.999848,faf_by_key,key=/api/backend/4,1
2026-09-04_10-41-47-475152_earlyRefresh,earlyRefresh,high-skew-zipf,1788518553.475000,45.999848,faf_by_key,key=/api/backend/4,1
2026-09-04_10-41-47-475152_earlyRefresh,earlyRefresh,high-skew-zipf,1788518554.475000,46.999848,faf_by_key,key=/api/backend/4,1
2026-09-04_10-41-47-475152_earlyRefresh,earlyRefresh,high-skew-zipf,1788518557.475000,49.999848,faf_by_key,key=/api/backend/4,2
2026-09-04_10-41-47-475152_earlyRefresh,earlyRefresh,high-skew-zipf,1788518558.475000,50.999848,faf_by_key,key=/api/backend/4,2
2026-09-04_10-41-47-475152_earlyRefresh,earlyRefresh,high-skew-zipf,1788518559.475000,51.999848,faf_by_key,key=/api/backend/4,2
2026-09-04_10-41-47-475152_earlyRefresh,earlyRefresh,high-skew-zipf,1788518573.475000,65.999848,faf_by_key,key=/api/backend/4,1
2026-09-04_10-41-47-475152_earlyRefresh,earlyRefresh,high-skew-zipf,1788518574.475000,66.999848,faf_by_key,key=/api/backend/4,1
2026-09-04_10-41-47-475152_earlyRefresh,earlyRefresh,high-skew-zipf,1788518575.475000,67.999848,faf_by_key,key=/api/backend/4,1
2026-09-04_10-41-47-475152_earlyRefresh,earlyRefresh,high-skew-zipf,1788518578.475000,70.999848,faf_by_key,key=/api/backend/4,1
2026-09-04_10-41-47-475152_earlyRefresh,earlyRefresh,high-skew-zipf,1788518579.475000,71.999848,faf_by_key,key=/api/backend/4,1
2026-09-04_10-41-47-475152_earlyRefresh,earlyRefresh,high-skew-zipf,1788518580.475000,72.999848,faf_by_key,key=/api/backend/4,1
2026-09-04_10-41-47-475152_earlyRefresh,earlyRefresh,high-skew-zipf,1788518594.475000,86.999848,faf_by_key,key=/api/backend/4,1
2026-09-04_10-41-47-475152_earlyRefresh,earlyRefresh,high-skew-zipf,1788518595.475000,87.999848,faf_by_key,key=/api/backend/4,1.9993333333333332
2026-09-04_10-41-47-475152_earlyRefresh,earlyRefresh,high-skew-zipf,1788518596.475000,88.999848,faf_by_key,key=/api/backend/4,2.0003335557038024
2026-09-04_10-41-47-475152_earlyRefresh,earlyRefresh,high-skew-zipf,1788518600.475000,92.999848,faf_by_key,key=/api/backend/4,4
2026-09-04_10-41-47-475152_earlyRefresh,earlyRefresh,high-skew-zipf,1788518601.475000,93.999848,faf_by_key,key=/api/backend/4,4.000333444481495
2026-09-04_10-41-47-475152_earlyRefresh,earlyRefresh,high-skew-zipf,1788518602.475000,94.999848,faf_by_key,key=/api/backend/4,4
2026-09-04_10-41-47-475152_earlyRefresh,earlyRefresh,high-skew-zipf,1788518606.475000,98.999848,faf_by_key,key=/api/backend/4,2.999666777740753
2026-09-04_10-41-47-475152_earlyRefresh,earlyRefresh,high-skew-zipf,1788518607.475000,99.999848,faf_by_key,key=/api/backend/4,3
2026-09-04_10-41-47-475152_earlyRefresh,earlyRefresh,high-skew-zipf,1788518608.475000,100.999848,faf_by_key,key=/api/backend/4,2
2026-09-04_10-41-47-475152_earlyRefresh,earlyRefresh,high-skew-zipf,1788518611.475000,103.999848,faf_by_key,key=/api/backend/4,2
2026-09-04_10-41-47-475152_earlyRefresh,earlyRefresh,high-skew-zipf,1788518612.475000,104.999848,faf_by_key,key=/api/backend/4,2
2026-09-04_10-41-47-475152_earlyRefresh,earlyRefresh,high-skew-zipf,1788518613.475000,105.999848,faf_by_key,key=/api/backend/4,2
2026-09-04_10-41-47-475152_earlyRefresh,earlyRefresh,high-skew-zipf,1788518617.475000,109.999848,faf_by_key,key=/api/backend/4,3
2026-09-04_10-41-47-475152_earlyRefresh,earlyRefresh,high-skew-zipf,1788518618.475000,110.999848,faf_by_key,key=/api/backend/4,3
2026-09-04_10-41-47-475152_earlyRefresh,earlyRefresh,high-skew-zipf,1788518619.475000,111.999848,faf_by_key,key=/api/backend/4,2
2026-09-04_10-41-47-475152_earlyRefresh,earlyRefresh,high-skew-zipf,1788518622.475000,114.999848,faf_by_key,key=/api/backend/4,1
2026-09-04_10-41-47-475152_earlyRefresh,earlyRefresh,high-skew-zipf,1788518623.475000,115.999848,faf_by_key,key=/api/backend/4,1
2026-09-04_10-41-47-475152_earlyRefresh,earlyRefresh,high-skew-zipf,1788518624.475000,116.999848,faf_by_key,key=/api/backend/4,1
2026-09-04_10-41-47-475152_earlyRefresh,earlyRefresh,high-skew-zipf,1788518627.475000,119.999848,faf_by_key,key=/api/backend/4,1
2026-09-04_10-41-47-475152_earlyRefresh,earlyRefresh,high-skew-zipf,1788518628.475000,120.999848,faf_by_key,key=/api/backend/4,1
2026-09-04_10-41-47-475152_earlyRefresh,earlyRefresh,high-skew-zipf,1788518629.475000,121.999848,faf_by_key,key=/api/backend/4,1
2026-09-04_10-41-47-475152_earlyRefresh,earlyRefresh,high-skew-zipf,1788518633.475000,125.999848,faf_by_key,key=/api/backend/4,1
2026-09-04_10-41-47-475152_earlyRefresh,earlyRefresh,high-skew-zipf,1788518634.475000,126.999848,faf_by_key,key=/api/backend/4,1
2026-09-04_10-41-47-475152_earlyRefresh,earlyRefresh,high-skew-zipf,1788518635.475000,127.999848,faf_by_key,key=/api/backend/4,1
2026-09-04_10-41-47-475152_earlyRefresh,earlyRefresh,high-skew-zipf,1788518638.475000,130.999848,faf_by_key,key=/api/backend/4,1
2026-09-04_10-41-47-475152_earlyRefresh,earlyRefresh,high-skew-zipf,1788518639.475000,131.999848,faf_by_key,key=/api/backend/4,2
2026-09-04_10-41-47-475152_earlyRefresh,earlyRefresh,high-skew-zipf,1788518640.475000,132.999848,faf_by_key,key=/api/backend/4,2
2026-09-04_10-41-47-475152_earlyRefresh,earlyRefresh,high-skew-zipf,1788518654.475000,146.999848,faf_by_key,key=/api/backend/4,1
2026-09-04_10-41-47-475152_earlyRefresh,earlyRefresh,high-skew-zipf,1788518655.475000,147.999848,faf_by_key,key=/api/backend/4,1
2026-09-04_10-41-47-475152_earlyRefresh,earlyRefresh,high-skew-zipf,1788518656.475000,148.999848,faf_by_key,key=/api/backend/4,1
2026-09-04_10-41-47-475152_earlyRefresh,earlyRefresh,high-skew-zipf,1788518669.475000,161.999848,faf_by_key,key=/api/backend/4,1
2026-09-04_10-41-47-475152_earlyRefresh,earlyRefresh,high-skew-zipf,1788518670.475000,162.999848,faf_by_key,key=/api/backend/4,2
2026-09-04_10-41-47-475152_earlyRefresh,earlyRefresh,high-skew-zipf,1788518671.475000,163.999848,faf_by_key,key=/api/backend/4,2
2026-09-04_10-41-47-475152_earlyRefresh,earlyRefresh,high-skew-zipf,1788518676.475000,168.999848,faf_by_key,key=/api/backend/4,1
2026-09-04_10-41-47-475152_earlyRefresh,earlyRefresh,high-skew-zipf,1788518677.475000,169.999848,faf_by_key,key=/api/backend/4,2
2026-09-04_10-41-47-475152_earlyRefresh,earlyRefresh,high-skew-zipf,1788518678.475000,170.999848,faf_by_key,key=/api/backend/4,1.9996667777407533
2026-09-04_10-41-47-475152_earlyRefresh,earlyRefresh,high-skew-zipf,1788518680.475000,172.999848,faf_by_key,key=/api/backend/4,2
2026-09-04_10-41-47-475152_earlyRefresh,earlyRefresh,high-skew-zipf,1788518681.475000,173.999848,faf_by_key,key=/api/backend/4,3
2026-09-04_10-41-47-475152_earlyRefresh,earlyRefresh,high-skew-zipf,1788518682.475000,174.999848,faf_by_key,key=/api/backend/4,3
2026-09-04_10-41-47-475152_earlyRefresh,earlyRefresh,high-skew-zipf,1788518686.475000,178.999848,faf_by_key,key=/api/backend/4,1
2026-09-04_10-41-47-475152_earlyRefresh,earlyRefresh,high-skew-zipf,1788518687.475000,179.999848,faf_by_key,key=/api/backend/4,1
2026-09-04_10-41-47-475152_earlyRefresh,earlyRefresh,high-skew-zipf,1788518688.475000,180.999848,faf_by_key,key=/api/backend/4,1
2026-09-04_10-41-47-475152_earlyRefresh,earlyRefresh,high-skew-zipf,1788518702.475000,194.999848,faf_by_key,key=/api/backend/4,1
2026-09-04_10-41-47-475152_earlyRefresh,earlyRefresh,high-skew-zipf,1788518703.475000,195.999848,faf_by_key,key=/api/backend/4,1
2026-09-04_10-41-47-475152_earlyRefresh,earlyRefresh,high-skew-zipf,1788518704.475000,196.999848,faf_by_key,key=/api/backend/4,1
2026-09-04_10-41-47-475152_earlyRefresh,earlyRefresh,high-skew-zipf,1788518708.475000,200.999848,faf_by_key,key=/api/backend/4,2.0003333333333333
2026-09-04_10-41-47-475152_earlyRefresh,earlyRefresh,high-skew-zipf,1788518709.475000,201.999848,faf_by_key,key=/api/backend/4,2.999333333333333
2026-09-04_10-41-47-475152_earlyRefresh,earlyRefresh,high-skew-zipf,1788518710.475000,202.999848,faf_by_key,key=/api/backend/4,2.999333333333333
2026-09-04_10-41-47-475152_earlyRefresh,earlyRefresh,high-skew-zipf,1788518713.475000,205.999848,faf_by_key,key=/api/backend/4,2
2026-09-04_10-41-47-475152_earlyRefresh,earlyRefresh,high-skew-zipf,1788518714.475000,206.999848,faf_by_key,key=/api/backend/4,2
2026-09-04_10-41-47-475152_earlyRefresh,earlyRefresh,high-skew-zipf,1788518715.475000,207.999848,faf_by_key,key=/api/backend/4,2
2026-09-04_10-41-47-475152_earlyRefresh,earlyRefresh,high-skew-zipf,1788518719.475000,211.999848,faf_by_key,key=/api/backend/4,1
2026-09-04_10-41-47-475152_earlyRefresh,earlyRefresh,high-skew-zipf,1788518720.475000,212.999848,faf_by_key,key=/api/backend/4,1
2026-09-04_10-41-47-475152_earlyRefresh,earlyRefresh,high-skew-zipf,1788518721.475000,213.999848,faf_by_key,key=/api/backend/4,1
2026-09-04_10-41-47-475152_earlyRefresh,earlyRefresh,high-skew-zipf,1788518725.475000,217.999848,faf_by_key,key=/api/backend/4,1
2026-09-04_10-41-47-475152_earlyRefresh,earlyRefresh,high-skew-zipf,1788518726.475000,218.999848,faf_by_key,key=/api/backend/4,1
2026-09-04_10-41-47-475152_earlyRefresh,earlyRefresh,high-skew-zipf,1788518727.475000,219.999848,faf_by_key,key=/api/backend/4,1
2026-09-04_10-41-47-475152_earlyRefresh,earlyRefresh,high-skew-zipf,1788518740.475000,232.999848,faf_by_key,key=/api/backend/4,1
2026-09-04_10-41-47-475152_earlyRefresh,earlyRefresh,high-skew-zipf,1788518741.475000,233.999848,faf_by_key,key=/api/backend/4,2.999333555481506
2026-09-04_10-41-47-475152_earlyRefresh,earlyRefresh,high-skew-zipf,1788518742.475000,234.999848,faf_by_key,key=/api/backend/4,3
2026-09-04_10-41-47-475152_earlyRefresh,earlyRefresh,high-skew-zipf,1788518525.475000,17.999848,faf_by_key,key=/api/backend/5,1
2026-09-04_10-41-47-475152_earlyRefresh,earlyRefresh,high-skew-zipf,1788518526.475000,18.999848,faf_by_key,key=/api/backend/5,1
2026-09-04_10-41-47-475152_earlyRefresh,earlyRefresh,high-skew-zipf,1788518527.475000,19.999848,faf_by_key,key=/api/backend/5,1
2026-09-04_10-41-47-475152_earlyRefresh,earlyRefresh,high-skew-zipf,1788518531.475000,23.999848,faf_by_key,key=/api/backend/5,2
2026-09-04_10-41-47-475152_earlyRefresh,earlyRefresh,high-skew-zipf,1788518532.475000,24.999848,faf_by_key,key=/api/backend/5,2
2026-09-04_10-41-47-475152_earlyRefresh,earlyRefresh,high-skew-zipf,1788518533.475000,25.999848,faf_by_key,key=/api/backend/5,2
2026-09-04_10-41-47-475152_earlyRefresh,earlyRefresh,high-skew-zipf,1788518555.475000,47.999848,faf_by_key,key=/api/backend/5,2
2026-09-04_10-41-47-475152_earlyRefresh,earlyRefresh,high-skew-zipf,1788518556.475000,48.999848,faf_by_key,key=/api/backend/5,1.9993335554815062
2026-09-04_10-41-47-475152_earlyRefresh,earlyRefresh,high-skew-zipf,1788518557.475000,49.999848,faf_by_key,key=/api/backend/5,1
2026-09-04_10-41-47-475152_earlyRefresh,earlyRefresh,high-skew-zipf,1788518560.475000,52.999848,faf_by_key,key=/api/backend/5,2
2026-09-04_10-41-47-475152_earlyRefresh,earlyRefresh,high-skew-zipf,1788518561.475000,53.999848,faf_by_key,key=/api/backend/5,2
2026-09-04_10-41-47-475152_earlyRefresh,earlyRefresh,high-skew-zipf,1788518562.475000,54.999848,faf_by_key,key=/api/backend/5,2
2026-09-04_10-41-47-475152_earlyRefresh,earlyRefresh,high-skew-zipf,1788518576.475000,68.999848,faf_by_key,key=/api/backend/5,1
2026-09-04_10-41-47-475152_earlyRefresh,earlyRefresh,high-skew-zipf,1788518577.475000,69.999848,faf_by_key,key=/api/backend/5,2
2026-09-04_10-41-47-475152_earlyRefresh,earlyRefresh,high-skew-zipf,1788518578.475000,70.999848,faf_by_key,key=/api/backend/5,2.0003333333333333
2026-09-04_10-41-47-475152_earlyRefresh,earlyRefresh,high-skew-zipf,1788518582.475000,74.999848,faf_by_key,key=/api/backend/5,1
2026-09-04_10-41-47-475152_earlyRefresh,earlyRefresh,high-skew-zipf,1788518583.475000,75.999848,faf_by_key,key=/api/backend/5,1
2026-09-04_10-41-47-475152_earlyRefresh,earlyRefresh,high-skew-zipf,1788518584.475000,76.999848,faf_by_key,key=/api/backend/5,1
2026-09-04_10-41-47-475152_earlyRefresh,earlyRefresh,high-skew-zipf,1788518598.475000,90.999848,faf_by_key,key=/api/backend/5,1
2026-09-04_10-41-47-475152_earlyRefresh,earlyRefresh,high-skew-zipf,1788518599.475000,91.999848,faf_by_key,key=/api/backend/5,1
2026-09-04_10-41-47-475152_earlyRefresh,earlyRefresh,high-skew-zipf,1788518600.475000,92.999848,faf_by_key,key=/api/backend/5,1
2026-09-04_10-41-47-475152_earlyRefresh,earlyRefresh,high-skew-zipf,1788518609.475000,101.999848,faf_by_key,key=/api/backend/5,1
2026-09-04_10-41-47-475152_earlyRefresh,earlyRefresh,high-skew-zipf,1788518610.475000,102.999848,faf_by_key,key=/api/backend/5,1
2026-09-04_10-41-47-475152_earlyRefresh,earlyRefresh,high-skew-zipf,1788518611.475000,103.999848,faf_by_key,key=/api/backend/5,1
2026-09-04_10-41-47-475152_earlyRefresh,earlyRefresh,high-skew-zipf,1788518614.475000,106.999848,faf_by_key,key=/api/backend/5,1
2026-09-04_10-41-47-475152_earlyRefresh,earlyRefresh,high-skew-zipf,1788518615.475000,107.999848,faf_by_key,key=/api/backend/5,1
2026-09-04_10-41-47-475152_earlyRefresh,earlyRefresh,high-skew-zipf,1788518616.475000,108.999848,faf_by_key,key=/api/backend/5,1
2026-09-04_10-41-47-475152_earlyRefresh,earlyRefresh,high-skew-zipf,1788518620.475000,112.999848,faf_by_key,key=/api/backend/5,2
2026-09-04_10-41-47-475152_earlyRefresh,earlyRefresh,high-skew-zipf,1788518621.475000,113.999848,faf_by_key,key=/api/backend/5,2
2026-09-04_10-41-47-475152_earlyRefresh,earlyRefresh,high-skew-zipf,1788518622.475000,114.999848,faf_by_key,key=/api/backend/5,2
2026-09-04_10-41-47-475152_earlyRefresh,earlyRefresh,high-skew-zipf,1788518636.475000,128.999848,faf_by_key,key=/api/backend/5,1
2026-09-04_10-41-47-475152_earlyRefresh,earlyRefresh,high-skew-zipf,1788518637.475000,129.999848,faf_by_key,key=/api/backend/5,1
2026-09-04_10-41-47-475152_earlyRefresh,earlyRefresh,high-skew-zipf,1788518638.475000,130.999848,faf_by_key,key=/api/backend/5,1
2026-09-04_10-41-47-475152_earlyRefresh,earlyRefresh,high-skew-zipf,1788518652.475000,144.999848,faf_by_key,key=/api/backend/5,1
2026-09-04_10-41-47-475152_earlyRefresh,earlyRefresh,high-skew-zipf,1788518653.475000,145.999848,faf_by_key,key=/api/backend/5,1
2026-09-04_10-41-47-475152_earlyRefresh,earlyRefresh,high-skew-zipf,1788518654.475000,146.999848,faf_by_key,key=/api/backend/5,1
2026-09-04_10-41-47-475152_earlyRefresh,earlyRefresh,high-skew-zipf,1788518658.475000,150.999848,faf_by_key,key=/api/backend/5,1.9993335554815062
2026-09-04_10-41-47-475152_earlyRefresh,earlyRefresh,high-skew-zipf,1788518659.475000,151.999848,faf_by_key,key=/api/backend/5,2.0003333333333333
2026-09-04_10-41-47-475152_earlyRefresh,earlyRefresh,high-skew-zipf,1788518660.475000,152.999848,faf_by_key,key=/api/backend/5,1
2026-09-04_10-41-47-475152_earlyRefresh,earlyRefresh,high-skew-zipf,1788518672.475000,164.999848,faf_by_key,key=/api/backend/5,2
2026-09-04_10-41-47-475152_earlyRefresh,earlyRefresh,high-skew-zipf,1788518673.475000,165.999848,faf_by_key,key=/api/backend/5,2
2026-09-04_10-41-47-475152_earlyRefresh,earlyRefresh,high-skew-zipf,1788518674.475000,166.999848,faf_by_key,key=/api/backend/5,2
2026-09-04_10-41-47-475152_earlyRefresh,earlyRefresh,high-skew-zipf,1788518678.475000,170.999848,faf_by_key,key=/api/backend/5,2
2026-09-04_10-41-47-475152_earlyRefresh,earlyRefresh,high-skew-zipf,1788518679.475000,171.999848,faf_by_key,key=/api/backend/5,2
2026-09-04_10-41-47-475152_earlyRefresh,earlyRefresh,high-skew-zipf,1788518680.475000,172.999848,faf_by_key,key=/api/backend/5,2
2026-09-04_10-41-47-475152_earlyRefresh,earlyRefresh,high-skew-zipf,1788518683.475000,175.999848,faf_by_key,key=/api/backend/5,1
2026-09-04_10-41-47-475152_earlyRefresh,earlyRefresh,high-skew-zipf,1788518684.475000,176.999848,faf_by_key,key=/api/backend/5,1
2026-09-04_10-41-47-475152_earlyRefresh,earlyRefresh,high-skew-zipf,1788518685.475000,177.999848,faf_by_key,key=/api/backend/5,1
2026-09-04_10-41-47-475152_earlyRefresh,earlyRefresh,high-skew-zipf,1788518699.475000,191.999848,faf_by_key,key=/api/backend/5,1
2026-09-04_10-41-47-475152_earlyRefresh,earlyRefresh,high-skew-zipf,1788518700.475000,192.999848,faf_by_key,key=/api/backend/5,2
2026-09-04_10-41-47-475152_earlyRefresh,earlyRefresh,high-skew-zipf,1788518701.475000,193.999848,faf_by_key,key=/api/backend/5,2
2026-09-04_10-41-47-475152_earlyRefresh,earlyRefresh,high-skew-zipf,1788518715.475000,207.999848,faf_by_key,key=/api/backend/5,2
2026-09-04_10-41-47-475152_earlyRefresh,earlyRefresh,high-skew-zipf,1788518716.475000,208.999848,faf_by_key,key=/api/backend/5,2
2026-09-04_10-41-47-475152_earlyRefresh,earlyRefresh,high-skew-zipf,1788518717.475000,209.999848,faf_by_key,key=/api/backend/5,2
2026-09-04_10-41-47-475152_earlyRefresh,earlyRefresh,high-skew-zipf,1788518721.475000,213.999848,faf_by_key,key=/api/backend/5,1
2026-09-04_10-41-47-475152_earlyRefresh,earlyRefresh,high-skew-zipf,1788518722.475000,214.999848,faf_by_key,key=/api/backend/5,1
2026-09-04_10-41-47-475152_earlyRefresh,earlyRefresh,high-skew-zipf,1788518723.475000,215.999848,faf_by_key,key=/api/backend/5,1
2026-09-04_10-41-47-475152_earlyRefresh,earlyRefresh,high-skew-zipf,1788518727.475000,219.999848,faf_by_key,key=/api/backend/5,2
2026-09-04_10-41-47-475152_earlyRefresh,earlyRefresh,high-skew-zipf,1788518728.475000,220.999848,faf_by_key,key=/api/backend/5,2
2026-09-04_10-41-47-475152_earlyRefresh,earlyRefresh,high-skew-zipf,1788518729.475000,221.999848,faf_by_key,key=/api/backend/5,2
2026-09-04_10-41-47-475152_earlyRefresh,earlyRefresh,high-skew-zipf,1788518732.475000,224.999848,faf_by_key,key=/api/backend/5,1
2026-09-04_10-41-47-475152_earlyRefresh,earlyRefresh,high-skew-zipf,1788518733.475000,225.999848,faf_by_key,key=/api/backend/5,1
2026-09-04_10-41-47-475152_earlyRefresh,earlyRefresh,high-skew-zipf,1788518734.475000,226.999848,faf_by_key,key=/api/backend/5,1
2026-09-04_10-41-47-475152_earlyRefresh,earlyRefresh,high-skew-zipf,1788518744.475000,236.999848,faf_by_key,key=/api/backend/5,1
2026-09-04_10-41-47-475152_earlyRefresh,earlyRefresh,high-skew-zipf,1788518745.475000,237.999848,faf_by_key,key=/api/backend/5,1
2026-09-04_10-41-47-475152_earlyRefresh,earlyRefresh,high-skew-zipf,1788518746.475000,238.999848,faf_by_key,key=/api/backend/5,1
2026-09-04_10-41-47-475152_earlyRefresh,earlyRefresh,high-skew-zipf,1788518525.475000,17.999848,faf_by_key,key=/api/backend/6,1
2026-09-04_10-41-47-475152_earlyRefresh,earlyRefresh,high-skew-zipf,1788518526.475000,18.999848,faf_by_key,key=/api/backend/6,1
2026-09-04_10-41-47-475152_earlyRefresh,earlyRefresh,high-skew-zipf,1788518527.475000,19.999848,faf_by_key,key=/api/backend/6,1
2026-09-04_10-41-47-475152_earlyRefresh,earlyRefresh,high-skew-zipf,1788518547.475000,39.999848,faf_by_key,key=/api/backend/6,1
2026-09-04_10-41-47-475152_earlyRefresh,earlyRefresh,high-skew-zipf,1788518548.475000,40.999848,faf_by_key,key=/api/backend/6,1
2026-09-04_10-41-47-475152_earlyRefresh,earlyRefresh,high-skew-zipf,1788518549.475000,41.999848,faf_by_key,key=/api/backend/6,1
2026-09-04_10-41-47-475152_earlyRefresh,earlyRefresh,high-skew-zipf,1788518553.475000,45.999848,faf_by_key,key=/api/backend/6,2
2026-09-04_10-41-47-475152_earlyRefresh,earlyRefresh,high-skew-zipf,1788518554.475000,46.999848,faf_by_key,key=/api/backend/6,2
2026-09-04_10-41-47-475152_earlyRefresh,earlyRefresh,high-skew-zipf,1788518555.475000,47.999848,faf_by_key,key=/api/backend/6,2
2026-09-04_10-41-47-475152_earlyRefresh,earlyRefresh,high-skew-zipf,1788518558.475000,50.999848,faf_by_key,key=/api/backend/6,1
2026-09-04_10-41-47-475152_earlyRefresh,earlyRefresh,high-skew-zipf,1788518559.475000,51.999848,faf_by_key,key=/api/backend/6,1
2026-09-04_10-41-47-475152_earlyRefresh,earlyRefresh,high-skew-zipf,1788518560.475000,52.999848,faf_by_key,key=/api/backend/6,1
2026-09-04_10-41-47-475152_earlyRefresh,earlyRefresh,high-skew-zipf,1788518575.475000,67.999848,faf_by_key,key=/api/backend/6,1
2026-09-04_10-41-47-475152_earlyRefresh,earlyRefresh,high-skew-zipf,1788518576.475000,68.999848,faf_by_key,key=/api/backend/6,1
2026-09-04_10-41-47-475152_earlyRefresh,earlyRefresh,high-skew-zipf,1788518577.475000,69.999848,faf_by_key,key=/api/backend/6,1
2026-09-04_10-41-47-475152_earlyRefresh,earlyRefresh,high-skew-zipf,1788518590.475000,82.999848,faf_by_key,key=/api/backend/6,1
2026-09-04_10-41-47-475152_earlyRefresh,earlyRefresh,high-skew-zipf,1788518591.475000,83.999848,faf_by_key,key=/api/backend/6,1
2026-09-04_10-41-47-475152_earlyRefresh,earlyRefresh,high-skew-zipf,1788518592.475000,84.999848,faf_by_key,key=/api/backend/6,1
2026-09-04_10-41-47-475152_earlyRefresh,earlyRefresh,high-skew-zipf,1788518605.475000,97.999848,faf_by_key,key=/api/backend/6,2
2026-09-04_10-41-47-475152_earlyRefresh,earlyRefresh,high-skew-zipf,1788518606.475000,98.999848,faf_by_key,key=/api/backend/6,1.999666777740753
2026-09-04_10-41-47-475152_earlyRefresh,earlyRefresh,high-skew-zipf,1788518607.475000,99.999848,faf_by_key,key=/api/backend/6,2
2026-09-04_10-41-47-475152_earlyRefresh,earlyRefresh,high-skew-zipf,1788518611.475000,103.999848,faf_by_key,key=/api/backend/6,1
2026-09-04_10-41-47-475152_earlyRefresh,earlyRefresh,high-skew-zipf,1788518612.475000,104.999848,faf_by_key,key=/api/backend/6,1
2026-09-04_10-41-47-475152_earlyRefresh,earlyRefresh,high-skew-zipf,1788518613.475000,105.999848,faf_by_key,key=/api/backend/6,1
2026-09-04_10-41-47-475152_earlyRefresh,earlyRefresh,high-skew-zipf,1788518617.475000,109.999848,faf_by_key,key=/api/backend/6,1
2026-09-04_10-41-47-475152_earlyRefresh,earlyRefresh,high-skew-zipf,1788518618.475000,110.999848,faf_by_key,key=/api/backend/6,1
2026-09-04_10-41-47-475152_earlyRefresh,earlyRefresh,high-skew-zipf,1788518619.475000,111.999848,faf_by_key,key=/api/backend/6,1
2026-09-04_10-41-47-475152_earlyRefresh,earlyRefresh,high-skew-zipf,1788518632.475000,124.999848,faf_by_key,key=/api/backend/6,1
2026-09-04_10-41-47-475152_earlyRefresh,earlyRefresh,high-skew-zipf,1788518633.475000,125.999848,faf_by_key,key=/api/backend/6,1
2026-09-04_10-41-47-475152_earlyRefresh,earlyRefresh,high-skew-zipf,1788518634.475000,126.999848,faf_by_key,key=/api/backend/6,1
2026-09-04_10-41-47-475152_earlyRefresh,earlyRefresh,high-skew-zipf,1788518648.475000,140.999848,faf_by_key,key=/api/backend/6,2.999333555481506
2026-09-04_10-41-47-475152_earlyRefresh,earlyRefresh,high-skew-zipf,1788518649.475000,141.999848,faf_by_key,key=/api/backend/6,3
2026-09-04_10-41-47-475152_earlyRefresh,earlyRefresh,high-skew-zipf,1788518650.475000,142.999848,faf_by_key,key=/api/backend/6,2
2026-09-04_10-41-47-475152_earlyRefresh,earlyRefresh,high-skew-zipf,1788518664.475000,156.999848,faf_by_key,key=/api/backend/6,2
2026-09-04_10-41-47-475152_earlyRefresh,earlyRefresh,high-skew-zipf,1788518665.475000,157.999848,faf_by_key,key=/api/backend/6,1.9996666666666667
2026-09-04_10-41-47-475152_earlyRefresh,earlyRefresh,high-skew-zipf,1788518666.475000,158.999848,faf_by_key,key=/api/backend/6,1
2026-09-04_10-41-47-475152_earlyRefresh,earlyRefresh,high-skew-zipf,1788518670.475000,162.999848,faf_by_key,key=/api/backend/6,1
2026-09-04_10-41-47-475152_earlyRefresh,earlyRefresh,high-skew-zipf,1788518671.475000,163.999848,faf_by_key,key=/api/backend/6,1
2026-09-04_10-41-47-475152_earlyRefresh,earlyRefresh,high-skew-zipf,1788518672.475000,164.999848,faf_by_key,key=/api/backend/6,1
2026-09-04_10-41-47-475152_earlyRefresh,earlyRefresh,high-skew-zipf,1788518675.475000,167.999848,faf_by_key,key=/api/backend/6,1
2026-09-04_10-41-47-475152_earlyRefresh,earlyRefresh,high-skew-zipf,1788518676.475000,168.999848,faf_by_key,key=/api/backend/6,1
2026-09-04_10-41-47-475152_earlyRefresh,earlyRefresh,high-skew-zipf,1788518677.475000,169.999848,faf_by_key,key=/api/backend/6,1
2026-09-04_10-41-47-475152_earlyRefresh,earlyRefresh,high-skew-zipf,1788518683.475000,175.999848,faf_by_key,key=/api/backend/6,1
2026-09-04_10-41-47-475152_earlyRefresh,earlyRefresh,high-skew-zipf,1788518684.475000,176.999848,faf_by_key,key=/api/backend/6,1
2026-09-04_10-41-47-475152_earlyRefresh,earlyRefresh,high-skew-zipf,1788518685.475000,177.999848,faf_by_key,key=/api/backend/6,1
2026-09-04_10-41-47-475152_earlyRefresh,earlyRefresh,high-skew-zipf,1788518688.475000,180.999848,faf_by_key,key=/api/backend/6,1
2026-09-04_10-41-47-475152_earlyRefresh,earlyRefresh,high-skew-zipf,1788518689.475000,181.999848,faf_by_key,key=/api/backend/6,2
2026-09-04_10-41-47-475152_earlyRefresh,earlyRefresh,high-skew-zipf,1788518690.475000,182.999848,faf_by_key,key=/api/backend/6,2.0006668889629875
2026-09-04_10-41-47-475152_earlyRefresh,earlyRefresh,high-skew-zipf,1788518705.475000,197.999848,faf_by_key,key=/api/backend/6,2.0003334444814937
2026-09-04_10-41-47-475152_earlyRefresh,earlyRefresh,high-skew-zipf,1788518706.475000,198.999848,faf_by_key,key=/api/backend/6,2
2026-09-04_10-41-47-475152_earlyRefresh,earlyRefresh,high-skew-zipf,1788518707.475000,199.999848,faf_by_key,key=/api/backend/6,1
2026-09-04_10-41-47-475152_earlyRefresh,earlyRefresh,high-skew-zipf,1788518718.475000,210.999848,faf_by_key,key=/api/backend/6,2
2026-09-04_10-41-47-475152_earlyRefresh,earlyRefresh,high-skew-zipf,1788518719.475000,211.999848,faf_by_key,key=/api/backend/6,2
2026-09-04_10-41-47-475152_earlyRefresh,earlyRefresh,high-skew-zipf,1788518720.475000,212.999848,faf_by_key,key=/api/backend/6,2
2026-09-04_10-41-47-475152_earlyRefresh,earlyRefresh,high-skew-zipf,1788518732.475000,224.999848,faf_by_key,key=/api/backend/6,1
2026-09-04_10-41-47-475152_earlyRefresh,earlyRefresh,high-skew-zipf,1788518733.475000,225.999848,faf_by_key,key=/api/backend/6,1
2026-09-04_10-41-47-475152_earlyRefresh,earlyRefresh,high-skew-zipf,1788518734.475000,226.999848,faf_by_key,key=/api/backend/6,1
2026-09-04_10-41-47-475152_earlyRefresh,earlyRefresh,high-skew-zipf,1788518738.475000,230.999848,faf_by_key,key=/api/backend/6,2
2026-09-04_10-41-47-475152_earlyRefresh,earlyRefresh,high-skew-zipf,1788518739.475000,231.999848,faf_by_key,key=/api/backend/6,2
2026-09-04_10-41-47-475152_earlyRefresh,earlyRefresh,high-skew-zipf,1788518740.475000,232.999848,faf_by_key,key=/api/backend/6,2
2026-09-04_10-41-47-475152_earlyRefresh,earlyRefresh,high-skew-zipf,1788518743.475000,235.999848,faf_by_key,key=/api/backend/6,1
2026-09-04_10-41-47-475152_earlyRefresh,earlyRefresh,high-skew-zipf,1788518744.475000,236.999848,faf_by_key,key=/api/backend/6,1
2026-09-04_10-41-47-475152_earlyRefresh,earlyRefresh,high-skew-zipf,1788518745.475000,237.999848,faf_by_key,key=/api/backend/6,1
2026-09-04_10-41-47-475152_earlyRefresh,earlyRefresh,high-skew-zipf,1788518507.475000,-0.000152,average_request_duration,all,0
2026-09-04_10-41-47-475152_earlyRefresh,earlyRefresh,high-skew-zipf,1788518508.475000,0.999848,average_request_duration,all,0
2026-09-04_10-41-47-475152_earlyRefresh,earlyRefresh,high-skew-zipf,1788518509.475000,1.999848,average_request_duration,all,0.2232994359900035
2026-09-04_10-41-47-475152_earlyRefresh,earlyRefresh,high-skew-zipf,1788518510.475000,2.999848,average_request_duration,all,0.16601311215156794
2026-09-04_10-41-47-475152_earlyRefresh,earlyRefresh,high-skew-zipf,1788518511.475000,3.999848,average_request_duration,all,0.11672820694370852
2026-09-04_10-41-47-475152_earlyRefresh,earlyRefresh,high-skew-zipf,1788518512.475000,4.999848,average_request_duration,all,0.08645326883579829
2026-09-04_10-41-47-475152_earlyRefresh,earlyRefresh,high-skew-zipf,1788518513.475000,5.999848,average_request_duration,all,0.06147331838411927
2026-09-04_10-41-47-475152_earlyRefresh,earlyRefresh,high-skew-zipf,1788518514.475000,6.999848,average_request_duration,all,0.05170546525609757
2026-09-04_10-41-47-475152_earlyRefresh,earlyRefresh,high-skew-zipf,1788518515.475000,7.999848,average_request_duration,all,0.04537619046649402
2026-09-04_10-41-47-475152_earlyRefresh,earlyRefresh,high-skew-zipf,1788518516.475000,8.999848,average_request_duration,all,0.034317510402694186
2026-09-04_10-41-47-475152_earlyRefresh,earlyRefresh,high-skew-zipf,1788518517.475000,9.999848,average_request_duration,all,0.030663775999999962
2026-09-04_10-41-47-475152_earlyRefresh,earlyRefresh,high-skew-zipf,1788518518.475000,10.999848,average_request_duration,all,0.025637279717108177
2026-09-04_10-41-47-475152_earlyRefresh,earlyRefresh,high-skew-zipf,1788518519.475000,11.999848,average_request_duration,all,0.021848248662337633
2026-09-04_10-41-47-475152_earlyRefresh,earlyRefresh,high-skew-zipf,1788518520.475000,12.999848,average_request_duration,all,0.01714163110588236
2026-09-04_10-41-47-475152_earlyRefresh,earlyRefresh,high-skew-zipf,1788518521.475000,13.999848,average_request_duration,all,0.013208757265215223
2026-09-04_10-41-47-475152_earlyRefresh,earlyRefresh,high-skew-zipf,1788518522.475000,14.999848,average_request_duration,all,0.012270441090452286
2026-09-04_10-41-47-475152_earlyRefresh,earlyRefresh,high-skew-zipf,1788518523.475000,15.999848,average_request_duration,all,0.012406575338028155
2026-09-04_10-41-47-475152_earlyRefresh,earlyRefresh,high-skew-zipf,1788518524.475000,16.999848,average_request_duration,all,0.01723791734477926
2026-09-04_10-41-47-475152_earlyRefresh,earlyRefresh,high-skew-zipf,1788518525.475000,17.999848,average_request_duration,all,0.03236943292888887
2026-09-04_10-41-47-475152_earlyRefresh,earlyRefresh,high-skew-zipf,1788518526.475000,18.999848,average_request_duration,all,0.04881109113112955
2026-09-04_10-41-47-475152_earlyRefresh,earlyRefresh,high-skew-zipf,1788518527.475000,19.999848,average_request_duration,all,0.0451545909454889
2026-09-04_10-41-47-475152_earlyRefresh,earlyRefresh,high-skew-zipf,1788518528.475000,20.999848,average_request_duration,all,0.038605251825726175
2026-09-04_10-41-47-475152_earlyRefresh,earlyRefresh,high-skew-zipf,1788518529.475000,21.999848,average_request_duration,all,0.02653317881499607
2026-09-04_10-41-47-475152_earlyRefresh,earlyRefresh,high-skew-zipf,1788518530.475000,22.999848,average_request_duration,all,0.03591224371428584
2026-09-04_10-41-47-475152_earlyRefresh,earlyRefresh,high-skew-zipf,1788518531.475000,23.999848,average_request_duration,all,0.0450531783275862
2026-09-04_10-41-47-475152_earlyRefresh,earlyRefresh,high-skew-zipf,1788518532.475000,24.999848,average_request_duration,all,0.046797959077586194
2026-09-04_10-41-47-475152_earlyRefresh,earlyRefresh,high-skew-zipf,1788518533.475000,25.999848,average_request_duration,all,0.04197701349999995
2026-09-04_10-41-47-475152_earlyRefresh,earlyRefresh,high-skew-zipf,1788518534.475000,26.999848,average_request_duration,all,0.025200975940677963
2026-09-04_10-41-47-475152_earlyRefresh,earlyRefresh,high-skew-zipf,1788518535.475000,27.999848,average_request_duration,all,0.02013769787897104
2026-09-04_10-41-47-475152_earlyRefresh,earlyRefresh,high-skew-zipf,1788518536.475000,28.999848,average_request_duration,all,0.027708571550660765
2026-09-04_10-41-47-475152_earlyRefresh,earlyRefresh,high-skew-zipf,1788518537.475000,29.999848,average_request_duration,all,0.03924224852407948
2026-09-04_10-41-47-475152_earlyRefresh,earlyRefresh,high-skew-zipf,1788518538.475000,30.999848,average_request_duration,all,0.042382822697410276
2026-09-04_10-41-47-475152_earlyRefresh,earlyRefresh,high-skew-zipf,1788518539.475000,31.999848,average_request_duration,all,0.03156593707053951
2026-09-04_10-41-47-475152_earlyRefresh,earlyRefresh,high-skew-zipf,1788518540.475000,32.999848,average_request_duration,all,0.02452732437414491
2026-09-04_10-41-47-475152_earlyRefresh,earlyRefresh,high-skew-zipf,1788518541.475000,33.999848,average_request_duration,all,0.03337842046705976
2026-09-04_10-41-47-475152_earlyRefresh,earlyRefresh,high-skew-zipf,1788518542.475000,34.999848,average_request_duration,all,0.0486350318138898
2026-09-04_10-41-47-475152_earlyRefresh,earlyRefresh,high-skew-zipf,1788518543.475000,35.999848,average_request_duration,all,0.052217159304721025
2026-09-04_10-41-47-475152_earlyRefresh,earlyRefresh,high-skew-zipf,1788518544.475000,36.999848,average_request_duration,all,0.041672561801290434
2026-09-04_10-41-47-475152_earlyRefresh,earlyRefresh,high-skew-zipf,1788518545.475000,37.999848,average_request_duration,all,0.028707625924331952
2026-09-04_10-41-47-475152_earlyRefresh,earlyRefresh,high-skew-zipf,1788518546.475000,38.999848,average_request_duration,all,0.022756670465517166
2026-09-04_10-41-47-475152_earlyRefresh,earlyRefresh,high-skew-zipf,1788518547.475000,39.999848,average_request_duration,all,0.02918423115450625
2026-09-04_10-41-47-475152_earlyRefresh,earlyRefresh,high-skew-zipf,1788518548.475000,40.999848,average_request_duration,all,0.032984305414090406
2026-09-04_10-41-47-475152_earlyRefresh,earlyRefresh,high-skew-zipf,1788518549.475000,41.999848,average_request_duration,all,0.03031699472374863
2026-09-04_10-41-47-475152_earlyRefresh,earlyRefresh,high-skew-zipf,1788518550.475000,42.999848,average_request_duration,all,0.02636375004249568
2026-09-04_10-41-47-475152_earlyRefresh,earlyRefresh,high-skew-zipf,1788518551.475000,43.999848,average_request_duration,all,0.02207178712608694
2026-09-04_10-41-47-475152_earlyRefresh,earlyRefresh,high-skew-zipf,1788518552.475000,44.999848,average_request_duration,all,0.02857868199738685
2026-09-04_10-41-47-475152_earlyRefresh,earlyRefresh,high-skew-zipf,1788518553.475000,45.999848,average_request_duration,all,0.03870344868750139
2026-09-04_10-41-47-475152_earlyRefresh,earlyRefresh,high-skew-zipf,1788518554.475000,46.999848,average_request_duration,all,0.03876433494635774
2026-09-04_10-41-47-475152_earlyRefresh,earlyRefresh,high-skew-zipf,1788518555.475000,47.999848,average_request_duration,all,0.03532300075000016
2026-09-04_10-41-47-475152_earlyRefresh,earlyRefresh,high-skew-zipf,1788518556.475000,48.999848,average_request_duration,all,0.021811400760030773
2026-09-04_10-41-47-475152_earlyRefresh,earlyRefresh,high-skew-zipf,1788518557.475000,49.999848,average_request_duration,all,0.02294481043150286
2026-09-04_10-41-47-475152_earlyRefresh,earlyRefresh,high-skew-zipf,1788518558.475000,50.999848,average_request_duration,all,0.0278161087099567
2026-09-04_10-41-47-475152_earlyRefresh,earlyRefresh,high-skew-zipf,1788518559.475000,51.999848,average_request_duration,all,0.03466069152240889
2026-09-04_10-41-47-475152_earlyRefresh,earlyRefresh,high-skew-zipf,1788518560.475000,52.999848,average_request_duration,all,0.03273891639148923
2026-09-04_10-41-47-475152_earlyRefresh,earlyRefresh,high-skew-zipf,1788518561.475000,53.999848,average_request_duration,all,0.029847853338982995
2026-09-04_10-41-47-475152_earlyRefresh,earlyRefresh,high-skew-zipf,1788518562.475000,54.999848,average_request_duration,all,0.021792141000000126
2026-09-04_10-41-47-475152_earlyRefresh,earlyRefresh,high-skew-zipf,1788518563.475000,55.999848,average_request_duration,all,0.01976748309401717
2026-09-04_10-41-47-475152_earlyRefresh,earlyRefresh,high-skew-zipf,1788518564.475000,56.999848,average_request_duration,all,0.014661987280172385
2026-09-04_10-41-47-475152_earlyRefresh,earlyRefresh,high-skew-zipf,1788518565.475000,57.999848,average_request_duration,all,0.016605697071714103
2026-09-04_10-41-47-475152_earlyRefresh,earlyRefresh,high-skew-zipf,1788518566.475000,58.999848,average_request_duration,all,0.020600664615384765
2026-09-04_10-41-47-475152_earlyRefresh,earlyRefresh,high-skew-zipf,1788518567.475000,59.999848,average_request_duration,all,0.01837812804466118
2026-09-04_10-41-47-475152_earlyRefresh,earlyRefresh,high-skew-zipf,1788518568.475000,60.999848,average_request_duration,all,0.015509205137558517
2026-09-04_10-41-47-475152_earlyRefresh,earlyRefresh,high-skew-zipf,1788518569.475000,61.999848,average_request_duration,all,0.010555066745934481
2026-09-04_10-41-47-475152_earlyRefresh,earlyRefresh,high-skew-zipf,1788518570.475000,62.999848,average_request_duration,all,0.011560583314902357
2026-09-04_10-41-47-475152_earlyRefresh,earlyRefresh,high-skew-zipf,1788518571.475000,63.999848,average_request_duration,all,0.013565691267241496
2026-09-04_10-41-47-475152_earlyRefresh,earlyRefresh,high-skew-zipf,1788518572.475000,64.999848,average_request_duration,all,0.016353829787212074
2026-09-04_10-41-47-475152_earlyRefresh,earlyRefresh,high-skew-zipf,1788518573.475000,65.999848,average_request_duration,all,0.03160848770691103
2026-09-04_10-41-47-475152_earlyRefresh,earlyRefresh,high-skew-zipf,1788518574.475000,66.999848,average_request_duration,all,0.05103216180686639
2026-09-04_10-41-47-475152_earlyRefresh,earlyRefresh,high-skew-zipf,1788518575.475000,67.999848,average_request_duration,all,0.05748814241810299
2026-09-04_10-41-47-475152_earlyRefresh,earlyRefresh,high-skew-zipf,1788518576.475000,68.999848,average_request_duration,all,0.052753880521749806
2026-09-04_10-41-47-475152_earlyRefresh,earlyRefresh,high-skew-zipf,1788518577.475000,69.999848,average_request_duration,all,0.033829972139830265
2026-09-04_10-41-47-475152_earlyRefresh,earlyRefresh,high-skew-zipf,1788518578.475000,70.999848,average_request_duration,all,0.027992960149540516
2026-09-04_10-41-47-475152_earlyRefresh,earlyRefresh,high-skew-zipf,1788518579.475000,71.999848,average_request_duration,all,0.034026195572052
2026-09-04_10-41-47-475152_earlyRefresh,earlyRefresh,high-skew-zipf,1788518580.475000,72.999848,average_request_duration,all,0.05881988832478625
2026-09-04_10-41-47-475152_earlyRefresh,earlyRefresh,high-skew-zipf,1788518581.475000,73.999848,average_request_duration,all,0.060542784707627265
2026-09-04_10-41-47-475152_earlyRefresh,earlyRefresh,high-skew-zipf,1788518582.475000,74.999848,average_request_duration,all,0.04919122469996266
2026-09-04_10-41-47-475152_earlyRefresh,earlyRefresh,high-skew-zipf,1788518583.475000,75.999848,average_request_duration,all,0.027808016533459635
2026-09-04_10-41-47-475152_earlyRefresh,earlyRefresh,high-skew-zipf,1788518584.475000,76.999848,average_request_duration,all,0.028572366326901938
2026-09-04_10-41-47-475152_earlyRefresh,earlyRefresh,high-skew-zipf,1788518585.475000,77.999848,average_request_duration,all,0.03659682806008598
2026-09-04_10-41-47-475152_earlyRefresh,earlyRefresh,high-skew-zipf,1788518586.475000,78.999848,average_request_duration,all,0.040799415110152996
2026-09-04_10-41-47-475152_earlyRefresh,earlyRefresh,high-skew-zipf,1788518587.475000,79.999848,average_request_duration,all,0.039521695576270915
2026-09-04_10-41-47-475152_earlyRefresh,earlyRefresh,high-skew-zipf,1788518588.475000,80.999848,average_request_duration,all,0.0330709402723401
2026-09-04_10-41-47-475152_earlyRefresh,earlyRefresh,high-skew-zipf,1788518589.475000,81.999848,average_request_duration,all,0.0281111964226021
2026-09-04_10-41-47-475152_earlyRefresh,earlyRefresh,high-skew-zipf,1788518590.475000,82.999848,average_request_duration,all,0.030663973786956723
2026-09-04_10-41-47-475152_earlyRefresh,earlyRefresh,high-skew-zipf,1788518591.475000,83.999848,average_request_duration,all,0.03395310290967627
2026-09-04_10-41-47-475152_earlyRefresh,earlyRefresh,high-skew-zipf,1788518592.475000,84.999848,average_request_duration,all,0.035726317031721265
2026-09-04_10-41-47-475152_earlyRefresh,earlyRefresh,high-skew-zipf,1788518593.475000,85.999848,average_request_duration,all,0.029438524991561358
2026-09-04_10-41-47-475152_earlyRefresh,earlyRefresh,high-skew-zipf,1788518594.475000,86.999848,average_request_duration,all,0.023264774358974782
2026-09-04_10-41-47-475152_earlyRefresh,earlyRefresh,high-skew-zipf,1788518595.475000,87.999848,average_request_duration,all,0.02707397540052281
2026-09-04_10-41-47-475152_earlyRefresh,earlyRefresh,high-skew-zipf,1788518596.475000,88.999848,average_request_duration,all,0.02903869171189162
2026-09-04_10-41-47-475152_earlyRefresh,earlyRefresh,high-skew-zipf,1788518597.475000,89.999848,average_request_duration,all,0.03667779393644044
2026-09-04_10-41-47-475152_earlyRefresh,earlyRefresh,high-skew-zipf,1788518598.475000,90.999848,average_request_duration,all,0.03125521100988007
2026-09-04_10-41-47-475152_earlyRefresh,earlyRefresh,high-skew-zipf,1788518599.475000,91.999848,average_request_duration,all,0.028468919488755323
2026-09-04_10-41-47-475152_earlyRefresh,earlyRefresh,high-skew-zipf,1788518600.475000,92.999848,average_request_duration,all,0.027057623461206725
2026-09-04_10-41-47-475152_earlyRefresh,earlyRefresh,high-skew-zipf,1788518601.475000,93.999848,average_request_duration,all,0.03417552587842251
2026-09-04_10-41-47-475152_earlyRefresh,earlyRefresh,high-skew-zipf,1788518602.475000,94.999848,average_request_duration,all,0.03789045690212774
2026-09-04_10-41-47-475152_earlyRefresh,earlyRefresh,high-skew-zipf,1788518603.475000,95.999848,average_request_duration,all,0.03278683249376934
2026-09-04_10-41-47-475152_earlyRefresh,earlyRefresh,high-skew-zipf,1788518604.475000,96.999848,average_request_duration,all,0.02989099482156217
2026-09-04_10-41-47-475152_earlyRefresh,earlyRefresh,high-skew-zipf,1788518605.475000,97.999848,average_request_duration,all,0.03109979856709971
2026-09-04_10-41-47-475152_earlyRefresh,earlyRefresh,high-skew-zipf,1788518606.475000,98.999848,average_request_duration,all,0.03796051602420218
2026-09-04_10-41-47-475152_earlyRefresh,earlyRefresh,high-skew-zipf,1788518607.475000,99.999848,average_request_duration,all,0.042948744846808586
2026-09-04_10-41-47-475152_earlyRefresh,earlyRefresh,high-skew-zipf,1788518608.475000,100.999848,average_request_duration,all,0.044165934529661326
2026-09-04_10-41-47-475152_earlyRefresh,earlyRefresh,high-skew-zipf,1788518609.475000,101.999848,average_request_duration,all,0.046239124561702316
2026-09-04_10-41-47-475152_earlyRefresh,earlyRefresh,high-skew-zipf,1788518610.475000,102.999848,average_request_duration,all,0.039426413381997816
2026-09-04_10-41-47-475152_earlyRefresh,earlyRefresh,high-skew-zipf,1788518611.475000,103.999848,average_request_duration,all,0.04014626509438444
2026-09-04_10-41-47-475152_earlyRefresh,earlyRefresh,high-skew-zipf,1788518612.475000,104.999848,average_request_duration,all,0.035105007672414576
2026-09-04_10-41-47-475152_earlyRefresh,earlyRefresh,high-skew-zipf,1788518613.475000,105.999848,average_request_duration,all,0.0335486446738205
2026-09-04_10-41-47-475152_earlyRefresh,earlyRefresh,high-skew-zipf,1788518614.475000,106.999848,average_request_duration,all,0.03257970136023248
2026-09-04_10-41-47-475152_earlyRefresh,earlyRefresh,high-skew-zipf,1788518615.475000,107.999848,average_request_duration,all,0.03371818773912971
2026-09-04_10-41-47-475152_earlyRefresh,earlyRefresh,high-skew-zipf,1788518616.475000,108.999848,average_request_duration,all,0.04368381889956304
2026-09-04_10-41-47-475152_earlyRefresh,earlyRefresh,high-skew-zipf,1788518617.475000,109.999848,average_request_duration,all,0.053095039139830845
2026-09-04_10-41-47-475152_earlyRefresh,earlyRefresh,high-skew-zipf,1788518618.475000,110.999848,average_request_duration,all,0.05118152696218533
2026-09-04_10-41-47-475152_earlyRefresh,earlyRefresh,high-skew-zipf,1788518619.475000,111.999848,average_request_duration,all,0.04447097963598349
2026-09-04_10-41-47-475152_earlyRefresh,earlyRefresh,high-skew-zipf,1788518620.475000,112.999848,average_request_duration,all,0.03467357501151545
2026-09-04_10-41-47-475152_earlyRefresh,earlyRefresh,high-skew-zipf,1788518621.475000,113.999848,average_request_duration,all,0.03398172745965268
2026-09-04_10-41-47-475152_earlyRefresh,earlyRefresh,high-skew-zipf,1788518622.475000,114.999848,average_request_duration,all,0.03239767265559689
2026-09-04_10-41-47-475152_earlyRefresh,earlyRefresh,high-skew-zipf,1788518623.475000,115.999848,average_request_duration,all,0.02815424642963549
2026-09-04_10-41-47-475152_earlyRefresh,earlyRefresh,high-skew-zipf,1788518624.475000,116.999848,average_request_duration,all,0.02829569993935894
2026-09-04_10-41-47-475152_earlyRefresh,earlyRefresh,high-skew-zipf,1788518625.475000,117.999848,average_request_duration,all,0.024673874664305366
2026-09-04_10-41-47-475152_earlyRefresh,earlyRefresh,high-skew-zipf,1788518626.475000,118.999848,average_request_duration,all,0.02651219016308976
2026-09-04_10-41-47-475152_earlyRefresh,earlyRefresh,high-skew-zipf,1788518627.475000,119.999848,average_request_duration,all,0.02877216753913004
2026-09-04_10-41-47-475152_earlyRefresh,earlyRefresh,high-skew-zipf,1788518628.475000,120.999848,average_request_duration,all,0.03803316129930438
2026-09-04_10-41-47-475152_earlyRefresh,earlyRefresh,high-skew-zipf,1788518629.475000,121.999848,average_request_duration,all,0.03955526151303109
2026-09-04_10-41-47-475152_earlyRefresh,earlyRefresh,high-skew-zipf,1788518630.475000,122.999848,average_request_duration,all,0.0312564804999204
2026-09-04_10-41-47-475152_earlyRefresh,earlyRefresh,high-skew-zipf,1788518631.475000,123.999848,average_request_duration,all,0.022895774156746426
2026-09-04_10-41-47-475152_earlyRefresh,earlyRefresh,high-skew-zipf,1788518632.475000,124.999848,average_request_duration,all,0.02177899111587954
2026-09-04_10-41-47-475152_earlyRefresh,earlyRefresh,high-skew-zipf,1788518633.475000,125.999848,average_request_duration,all,0.030574596096189254
2026-09-04_10-41-47-475152_earlyRefresh,earlyRefresh,high-skew-zipf,1788518634.475000,126.999848,average_request_duration,all,0.03313529849042473
2026-09-04_10-41-47-475152_earlyRefresh,earlyRefresh,high-skew-zipf,1788518635.475000,127.999848,average_request_duration,all,0.03410455169006327
2026-09-04_10-41-47-475152_earlyRefresh,earlyRefresh,high-skew-zipf,1788518636.475000,128.999848,average_request_duration,all,0.031589794495652114
2026-09-04_10-41-47-475152_earlyRefresh,earlyRefresh,high-skew-zipf,1788518637.475000,129.999848,average_request_duration,all,0.03570752110460307
2026-09-04_10-41-47-475152_earlyRefresh,earlyRefresh,high-skew-zipf,1788518638.475000,130.999848,average_request_duration,all,0.033864870233707274
2026-09-04_10-41-47-475152_earlyRefresh,earlyRefresh,high-skew-zipf,1788518639.475000,131.999848,average_request_duration,all,0.031625282506383225
2026-09-04_10-41-47-475152_earlyRefresh,earlyRefresh,high-skew-zipf,1788518640.475000,132.999848,average_request_duration,all,0.03129588561276618
2026-09-04_10-41-47-475152_earlyRefresh,earlyRefresh,high-skew-zipf,1788518641.475000,133.999848,average_request_duration,all,0.03039722427233997
2026-09-04_10-41-47-475152_earlyRefresh,earlyRefresh,high-skew-zipf,1788518642.475000,134.999848,average_request_duration,all,0.030252976812765522
2026-09-04_10-41-47-475152_earlyRefresh,earlyRefresh,high-skew-zipf,1788518643.475000,135.999848,average_request_duration,all,0.028125485650960496
2026-09-04_10-41-47-475152_earlyRefresh,earlyRefresh,high-skew-zipf,1788518644.475000,136.999848,average_request_duration,all,0.026989748995515872
2026-09-04_10-41-47-475152_earlyRefresh,earlyRefresh,high-skew-zipf,1788518645.475000,137.999848,average_request_duration,all,0.03391534415604793
2026-09-04_10-41-47-475152_earlyRefresh,earlyRefresh,high-skew-zipf,1788518646.475000,138.999848,average_request_duration,all,0.03216391524140611
2026-09-04_10-41-47-475152_earlyRefresh,earlyRefresh,high-skew-zipf,1788518647.475000,139.999848,average_request_duration,all,0.03213789621367412
2026-09-04_10-41-47-475152_earlyRefresh,earlyRefresh,high-skew-zipf,1788518648.475000,140.999848,average_request_duration,all,0.02749530470545348
2026-09-04_10-41-47-475152_earlyRefresh,earlyRefresh,high-skew-zipf,1788518649.475000,141.999848,average_request_duration,all,0.025974269491452782
2026-09-04_10-41-47-475152_earlyRefresh,earlyRefresh,high-skew-zipf,1788518650.475000,142.999848,average_request_duration,all,0.025650606118644104
2026-09-04_10-41-47-475152_earlyRefresh,earlyRefresh,high-skew-zipf,1788518651.475000,143.999848,average_request_duration,all,0.020530707531564704
2026-09-04_10-41-47-475152_earlyRefresh,earlyRefresh,high-skew-zipf,1788518652.475000,144.999848,average_request_duration,all,0.018523557301296203
2026-09-04_10-41-47-475152_earlyRefresh,earlyRefresh,high-skew-zipf,1788518653.475000,145.999848,average_request_duration,all,0.017539381649572833
2026-09-04_10-41-47-475152_earlyRefresh,earlyRefresh,high-skew-zipf,1788518654.475000,146.999848,average_request_duration,all,0.017734520735708203
2026-09-04_10-41-47-475152_earlyRefresh,earlyRefresh,high-skew-zipf,1788518655.475000,147.999848,average_request_duration,all,0.018295776901356663
2026-09-04_10-41-47-475152_earlyRefresh,earlyRefresh,high-skew-zipf,1788518656.475000,148.999848,average_request_duration,all,0.019485164422656007
2026-09-04_10-41-47-475152_earlyRefresh,earlyRefresh,high-skew-zipf,1788518657.475000,149.999848,average_request_duration,all,0.021640551186441172
2026-09-04_10-41-47-475152_earlyRefresh,earlyRefresh,high-skew-zipf,1788518658.475000,150.999848,average_request_duration,all,0.022083997173731336
2026-09-04_10-41-47-475152_earlyRefresh,earlyRefresh,high-skew-zipf,1788518659.475000,151.999848,average_request_duration,all,0.02527396409948548
2026-09-04_10-41-47-475152_earlyRefresh,earlyRefresh,high-skew-zipf,1788518660.475000,152.999848,average_request_duration,all,0.02912276292105232
2026-09-04_10-41-47-475152_earlyRefresh,earlyRefresh,high-skew-zipf,1788518661.475000,153.999848,average_request_duration,all,0.04753460489699517
2026-09-04_10-41-47-475152_earlyRefresh,earlyRefresh,high-skew-zipf,1788518662.475000,154.999848,average_request_duration,all,0.04931838789316212
2026-09-04_10-41-47-475152_earlyRefresh,earlyRefresh,high-skew-zipf,1788518663.475000,155.999848,average_request_duration,all,0.04469362865546206
2026-09-04_10-41-47-475152_earlyRefresh,earlyRefresh,high-skew-zipf,1788518664.475000,156.999848,average_request_duration,all,0.028553822255319217
2026-09-04_10-41-47-475152_earlyRefresh,earlyRefresh,high-skew-zipf,1788518665.475000,157.999848,average_request_duration,all,0.0245378304184846
2026-09-04_10-41-47-475152_earlyRefresh,earlyRefresh,high-skew-zipf,1788518666.475000,158.999848,average_request_duration,all,0.029056810783898723
2026-09-04_10-41-47-475152_earlyRefresh,earlyRefresh,high-skew-zipf,1788518667.475000,159.999848,average_request_duration,all,0.03115772394081719
2026-09-04_10-41-47-475152_earlyRefresh,earlyRefresh,high-skew-zipf,1788518668.475000,160.999848,average_request_duration,all,0.033105586266004336
2026-09-04_10-41-47-475152_earlyRefresh,earlyRefresh,high-skew-zipf,1788518669.475000,161.999848,average_request_duration,all,0.028800773324674248
2026-09-04_10-41-47-475152_earlyRefresh,earlyRefresh,high-skew-zipf,1788518670.475000,162.999848,average_request_duration,all,0.04100620509956589
2026-09-04_10-41-47-475152_earlyRefresh,earlyRefresh,high-skew-zipf,1788518671.475000,163.999848,average_request_duration,all,0.047285177648067986
2026-09-04_10-41-47-475152_earlyRefresh,earlyRefresh,high-skew-zipf,1788518672.475000,164.999848,average_request_duration,all,0.056375814799285974
2026-09-04_10-41-47-475152_earlyRefresh,earlyRefresh,high-skew-zipf,1788518673.475000,165.999848,average_request_duration,all,0.03761863201044977
2026-09-04_10-41-47-475152_earlyRefresh,earlyRefresh,high-skew-zipf,1788518674.475000,166.999848,average_request_duration,all,0.03219422862553231
2026-09-04_10-41-47-475152_earlyRefresh,earlyRefresh,high-skew-zipf,1788518675.475000,167.999848,average_request_duration,all,0.02453783960701917
2026-09-04_10-41-47-475152_earlyRefresh,earlyRefresh,high-skew-zipf,1788518676.475000,168.999848,average_request_duration,all,0.04002029147659547
2026-09-04_10-41-47-475152_earlyRefresh,earlyRefresh,high-skew-zipf,1788518677.475000,169.999848,average_request_duration,all,0.04444179393013066
2026-09-04_10-41-47-475152_earlyRefresh,earlyRefresh,high-skew-zipf,1788518678.475000,170.999848,average_request_duration,all,0.059601294114285004
2026-09-04_10-41-47-475152_earlyRefresh,earlyRefresh,high-skew-zipf,1788518679.475000,171.999848,average_request_duration,all,0.04866441117974215
2026-09-04_10-41-47-475152_earlyRefresh,earlyRefresh,high-skew-zipf,1788518680.475000,172.999848,average_request_duration,all,0.04005116392735023
2026-09-04_10-41-47-475152_earlyRefresh,earlyRefresh,high-skew-zipf,1788518681.475000,173.999848,average_request_duration,all,0.037342899983025035
2026-09-04_10-41-47-475152_earlyRefresh,earlyRefresh,high-skew-zipf,1788518682.475000,174.999848,average_request_duration,all,0.042429041322123696
2026-09-04_10-41-47-475152_earlyRefresh,earlyRefresh,high-skew-zipf,1788518683.475000,175.999848,average_request_duration,all,0.05078029493191478
2026-09-04_10-41-47-475152_earlyRefresh,earlyRefresh,high-skew-zipf,1788518684.475000,176.999848,average_request_duration,all,0.037130289744765774
2026-09-04_10-41-47-475152_earlyRefresh,earlyRefresh,high-skew-zipf,1788518685.475000,177.999848,average_request_duration,all,0.03195525494805205
2026-09-04_10-41-47-475152_earlyRefresh,earlyRefresh,high-skew-zipf,1788518686.475000,178.999848,average_request_duration,all,0.03606911891489348
2026-09-04_10-41-47-475152_earlyRefresh,earlyRefresh,high-skew-zipf,1788518687.475000,179.999848,average_request_duration,all,0.03505953713793091
2026-09-04_10-41-47-475152_earlyRefresh,earlyRefresh,high-skew-zipf,1788518688.475000,180.999848,average_request_duration,all,0.038305543953022374
2026-09-04_10-41-47-475152_earlyRefresh,earlyRefresh,high-skew-zipf,1788518689.475000,181.999848,average_request_duration,all,0.034293412764957766
2026-09-04_10-41-47-475152_earlyRefresh,earlyRefresh,high-skew-zipf,1788518690.475000,182.999848,average_request_duration,all,0.034253229250092665
2026-09-04_10-41-47-475152_earlyRefresh,earlyRefresh,high-skew-zipf,1788518691.475000,183.999848,average_request_duration,all,0.031629924757927995
2026-09-04_10-41-47-475152_earlyRefresh,earlyRefresh,high-skew-zipf,1788518692.475000,184.999848,average_request_duration,all,0.032482645994690015
2026-09-04_10-41-47-475152_earlyRefresh,earlyRefresh,high-skew-zipf,1788518693.475000,185.999848,average_request_duration,all,0.03802507109970478
2026-09-04_10-41-47-475152_earlyRefresh,earlyRefresh,high-skew-zipf,1788518694.475000,186.999848,average_request_duration,all,0.04029429995417145
2026-09-04_10-41-47-475152_earlyRefresh,earlyRefresh,high-skew-zipf,1788518695.475000,187.999848,average_request_duration,all,0.034442871528470524
2026-09-04_10-41-47-475152_earlyRefresh,earlyRefresh,high-skew-zipf,1788518696.475000,188.999848,average_request_duration,all,0.024848175978814228
2026-09-04_10-41-47-475152_earlyRefresh,earlyRefresh,high-skew-zipf,1788518697.475000,189.999848,average_request_duration,all,0.019628353117397832
2026-09-04_10-41-47-475152_earlyRefresh,earlyRefresh,high-skew-zipf,1788518698.475000,190.999848,average_request_duration,all,0.02056492718639549
2026-09-04_10-41-47-475152_earlyRefresh,earlyRefresh,high-skew-zipf,1788518699.475000,191.999848,average_request_duration,all,0.029804064952173432
2026-09-04_10-41-47-475152_earlyRefresh,earlyRefresh,high-skew-zipf,1788518700.475000,192.999848,average_request_duration,all,0.04368274244205947
2026-09-04_10-41-47-475152_earlyRefresh,earlyRefresh,high-skew-zipf,1788518701.475000,193.999848,average_request_duration,all,0.04458506519742436
2026-09-04_10-41-47-475152_earlyRefresh,earlyRefresh,high-skew-zipf,1788518702.475000,194.999848,average_request_duration,all,0.04245645204219393
2026-09-04_10-41-47-475152_earlyRefresh,earlyRefresh,high-skew-zipf,1788518703.475000,195.999848,average_request_duration,all,0.03289875766666623
2026-09-04_10-41-47-475152_earlyRefresh,earlyRefresh,high-skew-zipf,1788518704.475000,196.999848,average_request_duration,all,0.03203455393604139
2026-09-04_10-41-47-475152_earlyRefresh,earlyRefresh,high-skew-zipf,1788518705.475000,197.999848,average_request_duration,all,0.03228923932552909
2026-09-04_10-41-47-475152_earlyRefresh,earlyRefresh,high-skew-zipf,1788518706.475000,198.999848,average_request_duration,all,0.030872875557447225
2026-09-04_10-41-47-475152_earlyRefresh,earlyRefresh,high-skew-zipf,1788518707.475000,199.999848,average_request_duration,all,0.0297207233035562
2026-09-04_10-41-47-475152_earlyRefresh,earlyRefresh,high-skew-zipf,1788518708.475000,200.999848,average_request_duration,all,0.026248145378691787
2026-09-04_10-41-47-475152_earlyRefresh,earlyRefresh,high-skew-zipf,1788518709.475000,201.999848,average_request_duration,all,0.02417787803466788
2026-09-04_10-41-47-475152_earlyRefresh,earlyRefresh,high-skew-zipf,1788518710.475000,202.999848,average_request_duration,all,0.02173432556301026
2026-09-04_10-41-47-475152_earlyRefresh,earlyRefresh,high-skew-zipf,1788518711.475000,203.999848,average_request_duration,all,0.022173269145730663
2026-09-04_10-41-47-475152_earlyRefresh,earlyRefresh,high-skew-zipf,1788518712.475000,204.999848,average_request_duration,all,0.019584597330471933
2026-09-04_10-41-47-475152_earlyRefresh,earlyRefresh,high-skew-zipf,1788518713.475000,205.999848,average_request_duration,all,0.01841356591277166
2026-09-04_10-41-47-475152_earlyRefresh,earlyRefresh,high-skew-zipf,1788518714.475000,206.999848,average_request_duration,all,0.01969341037225964
2026-09-04_10-41-47-475152_earlyRefresh,earlyRefresh,high-skew-zipf,1788518715.475000,207.999848,average_request_duration,all,0.02633001277331341
2026-09-04_10-41-47-475152_earlyRefresh,earlyRefresh,high-skew-zipf,1788518716.475000,208.999848,average_request_duration,all,0.030755791432899304
2026-09-04_10-41-47-475152_earlyRefresh,earlyRefresh,high-skew-zipf,1788518717.475000,209.999848,average_request_duration,all,0.03460248198583507
2026-09-04_10-41-47-475152_earlyRefresh,earlyRefresh,high-skew-zipf,1788518718.475000,210.999848,average_request_duration,all,0.040355974605111755
2026-09-04_10-41-47-475152_earlyRefresh,earlyRefresh,high-skew-zipf,1788518719.475000,211.999848,average_request_duration,all,0.03992828361597932
2026-09-04_10-41-47-475152_earlyRefresh,earlyRefresh,high-skew-zipf,1788518720.475000,212.999848,average_request_duration,all,0.03239659214102752
2026-09-04_10-41-47-475152_earlyRefresh,earlyRefresh,high-skew-zipf,1788518721.475000,213.999848,average_request_duration,all,0.029266689507553668
2026-09-04_10-41-47-475152_earlyRefresh,earlyRefresh,high-skew-zipf,1788518722.475000,214.999848,average_request_duration,all,0.03438360335993554
2026-09-04_10-41-47-475152_earlyRefresh,earlyRefresh,high-skew-zipf,1788518723.475000,215.999848,average_request_duration,all,0.03489594422978946
2026-09-04_10-41-47-475152_earlyRefresh,earlyRefresh,high-skew-zipf,1788518724.475000,216.999848,average_request_duration,all,0.02749999712855305
2026-09-04_10-41-47-475152_earlyRefresh,earlyRefresh,high-skew-zipf,1788518725.475000,217.999848,average_request_duration,all,0.022514099021278534
2026-09-04_10-41-47-475152_earlyRefresh,earlyRefresh,high-skew-zipf,1788518726.475000,218.999848,average_request_duration,all,0.02788834040174803
2026-09-04_10-41-47-475152_earlyRefresh,earlyRefresh,high-skew-zipf,1788518727.475000,219.999848,average_request_duration,all,0.04007561084848575
2026-09-04_10-41-47-475152_earlyRefresh,earlyRefresh,high-skew-zipf,1788518728.475000,220.999848,average_request_duration,all,0.043971643694137405
2026-09-04_10-41-47-475152_earlyRefresh,earlyRefresh,high-skew-zipf,1788518729.475000,221.999848,average_request_duration,all,0.047816912163511534
2026-09-04_10-41-47-475152_earlyRefresh,earlyRefresh,high-skew-zipf,1788518730.475000,222.999848,average_request_duration,all,0.0417610155485233
2026-09-04_10-41-47-475152_earlyRefresh,earlyRefresh,high-skew-zipf,1788518731.475000,223.999848,average_request_duration,all,0.03945051748231345
2026-09-04_10-41-47-475152_earlyRefresh,earlyRefresh,high-skew-zipf,1788518732.475000,224.999848,average_request_duration,all,0.03865337306277635
2026-09-04_10-41-47-475152_earlyRefresh,earlyRefresh,high-skew-zipf,1788518733.475000,225.999848,average_request_duration,all,0.036858027482757655
2026-09-04_10-41-47-475152_earlyRefresh,earlyRefresh,high-skew-zipf,1788518734.475000,226.999848,average_request_duration,all,0.03860826085714324
2026-09-04_10-41-47-475152_earlyRefresh,earlyRefresh,high-skew-zipf,1788518735.475000,227.999848,average_request_duration,all,0.03466555069915233
2026-09-04_10-41-47-475152_earlyRefresh,earlyRefresh,high-skew-zipf,1788518736.475000,228.999848,average_request_duration,all,0.031971535731915364
2026-09-04_10-41-47-475152_earlyRefresh,earlyRefresh,high-skew-zipf,1788518737.475000,229.999848,average_request_duration,all,0.023776502519312695
2026-09-04_10-41-47-475152_earlyRefresh,earlyRefresh,high-skew-zipf,1788518738.475000,230.999848,average_request_duration,all,0.022846121282772112
2026-09-04_10-41-47-475152_earlyRefresh,earlyRefresh,high-skew-zipf,1788518739.475000,231.999848,average_request_duration,all,0.02145763726160228
2026-09-04_10-41-47-475152_earlyRefresh,earlyRefresh,high-skew-zipf,1788518740.475000,232.999848,average_request_duration,all,0.025363095463828426
2026-09-04_10-41-47-475152_earlyRefresh,earlyRefresh,high-skew-zipf,1788518741.475000,233.999848,average_request_duration,all,0.02552080303083698
2026-09-04_10-41-47-475152_earlyRefresh,earlyRefresh,high-skew-zipf,1788518742.475000,234.999848,average_request_duration,all,0.026867687811158524
2026-09-04_10-41-47-475152_earlyRefresh,earlyRefresh,high-skew-zipf,1788518743.475000,235.999848,average_request_duration,all,0.033155567634042274
2026-09-04_10-41-47-475152_earlyRefresh,earlyRefresh,high-skew-zipf,1788518744.475000,236.999848,average_request_duration,all,0.03366435252360476
2026-09-04_10-41-47-475152_earlyRefresh,earlyRefresh,high-skew-zipf,1788518745.475000,237.999848,average_request_duration,all,0.030236008478265464
2026-09-04_10-41-47-475152_earlyRefresh,earlyRefresh,high-skew-zipf,1788518746.475000,238.999848,average_request_duration,all,0.023975069424892706
2026-09-04_10-41-47-475152_earlyRefresh,earlyRefresh,high-skew-zipf,1788518747.475000,239.999848,average_request_duration,all,0.019252153447257905
2026-09-04_10-41-47-475152_earlyRefresh,earlyRefresh,high-skew-zipf,1788518507.475000,-0.000152,average_backend_duration,all,0
2026-09-04_10-41-47-475152_earlyRefresh,earlyRefresh,high-skew-zipf,1788518508.475000,0.999848,average_backend_duration,all,0
2026-09-04_10-41-47-475152_earlyRefresh,earlyRefresh,high-skew-zipf,1788518509.475000,1.999848,average_backend_duration,all,0.22210567820148455
2026-09-04_10-41-47-475152_earlyRefresh,earlyRefresh,high-skew-zipf,1788518510.475000,2.999848,average_backend_duration,all,0.22342004539262897
2026-09-04_10-41-47-475152_earlyRefresh,earlyRefresh,high-skew-zipf,1788518511.475000,3.999848,average_backend_duration,all,0.2239818003724164
2026-09-04_10-41-47-475152_earlyRefresh,earlyRefresh,high-skew-zipf,1788518512.475000,4.999848,average_backend_duration,all,0.22353854536842102
2026-09-04_10-41-47-475152_earlyRefresh,earlyRefresh,high-skew-zipf,1788518513.475000,5.999848,average_backend_duration,all,0.22189041194499523
2026-09-04_10-41-47-475152_earlyRefresh,earlyRefresh,high-skew-zipf,1788518514.475000,6.999848,average_backend_duration,all,0.22182848747368428
2026-09-04_10-41-47-475152_earlyRefresh,earlyRefresh,high-skew-zipf,1788518515.475000,7.999848,average_backend_duration,all,0.2231825454293621
2026-09-04_10-41-47-475152_earlyRefresh,earlyRefresh,high-skew-zipf,1788518516.475000,8.999848,average_backend_duration,all,0.22458774993234265
2026-09-04_10-41-47-475152_earlyRefresh,earlyRefresh,high-skew-zipf,1788518517.475000,9.999848,average_backend_duration,all,0.22403359264705883
2026-09-04_10-41-47-475152_earlyRefresh,earlyRefresh,high-skew-zipf,1788518518.475000,10.999848,average_backend_duration,all,0.2243506616854903
2026-09-04_10-41-47-475152_earlyRefresh,earlyRefresh,high-skew-zipf,1788518519.475000,11.999848,average_backend_duration,all,0.22245909153333324
2026-09-04_10-41-47-475152_earlyRefresh,earlyRefresh,high-skew-zipf,1788518520.475000,12.999848,average_backend_duration,all,0.22172890353846153
2026-09-04_10-41-47-475152_earlyRefresh,earlyRefresh,high-skew-zipf,1788518521.475000,13.999848,average_backend_duration,all,0.21797599619033492
2026-09-04_10-41-47-475152_earlyRefresh,earlyRefresh,high-skew-zipf,1788518522.475000,14.999848,average_backend_duration,all,0.21899428054545464
2026-09-04_10-41-47-475152_earlyRefresh,earlyRefresh,high-skew-zipf,1788518523.475000,15.999848,average_backend_duration,all,0.2174991973333334
2026-09-04_10-41-47-475152_earlyRefresh,earlyRefresh,high-skew-zipf,1788518524.475000,16.999848,average_backend_duration,all,0.22407055153707375
2026-09-04_10-41-47-475152_earlyRefresh,earlyRefresh,high-skew-zipf,1788518525.475000,17.999848,average_backend_duration,all,0.2494099037931035
2026-09-04_10-41-47-475152_earlyRefresh,earlyRefresh,high-skew-zipf,1788518526.475000,18.999848,average_backend_duration,all,0.26517070011212146
2026-09-04_10-41-47-475152_earlyRefresh,earlyRefresh,high-skew-zipf,1788518527.475000,19.999848,average_backend_duration,all,0.2704684263829379
2026-09-04_10-41-47-475152_earlyRefresh,earlyRefresh,high-skew-zipf,1788518528.475000,20.999848,average_backend_duration,all,0.26413947345714284
2026-09-04_10-41-47-475152_earlyRefresh,earlyRefresh,high-skew-zipf,1788518529.475000,21.999848,average_backend_duration,all,0.24754358582233166
2026-09-04_10-41-47-475152_earlyRefresh,earlyRefresh,high-skew-zipf,1788518530.475000,22.999848,average_backend_duration,all,0.24965816436363647
2026-09-04_10-41-47-475152_earlyRefresh,earlyRefresh,high-skew-zipf,1788518531.475000,23.999848,average_backend_duration,all,0.2886549315833335
2026-09-04_10-41-47-475152_earlyRefresh,earlyRefresh,high-skew-zipf,1788518532.475000,24.999848,average_backend_duration,all,0.2840516523684213
2026-09-04_10-41-47-475152_earlyRefresh,earlyRefresh,high-skew-zipf,1788518533.475000,25.999848,average_backend_duration,all,0.28372334171428587
2026-09-04_10-41-47-475152_earlyRefresh,earlyRefresh,high-skew-zipf,1788518534.475000,26.999848,average_backend_duration,all,0.2359726425599999
2026-09-04_10-41-47-475152_earlyRefresh,earlyRefresh,high-skew-zipf,1788518535.475000,27.999848,average_backend_duration,all,0.2323936860420355
2026-09-04_10-41-47-475152_earlyRefresh,earlyRefresh,high-skew-zipf,1788518536.475000,28.999848,average_backend_duration,all,0.26005321620833344
2026-09-04_10-41-47-475152_earlyRefresh,earlyRefresh,high-skew-zipf,1788518537.475000,29.999848,average_backend_duration,all,0.26940360676785463
2026-09-04_10-41-47-475152_earlyRefresh,earlyRefresh,high-skew-zipf,1788518538.475000,30.999848,average_backend_duration,all,0.2697021195228906
2026-09-04_10-41-47-475152_earlyRefresh,earlyRefresh,high-skew-zipf,1788518539.475000,31.999848,average_backend_duration,all,0.2516876003333334
2026-09-04_10-41-47-475152_earlyRefresh,earlyRefresh,high-skew-zipf,1788518540.475000,32.999848,average_backend_duration,all,0.23611263631155419
2026-09-04_10-41-47-475152_earlyRefresh,earlyRefresh,high-skew-zipf,1788518541.475000,33.999848,average_backend_duration,all,0.26276373382234886
2026-09-04_10-41-47-475152_earlyRefresh,earlyRefresh,high-skew-zipf,1788518542.475000,34.999848,average_backend_duration,all,0.2939208815061767
2026-09-04_10-41-47-475152_earlyRefresh,earlyRefresh,high-skew-zipf,1788518543.475000,35.999848,average_backend_duration,all,0.2879692576666666
2026-09-04_10-41-47-475152_earlyRefresh,earlyRefresh,high-skew-zipf,1788518544.475000,36.999848,average_backend_duration,all,0.2726732678394018
2026-09-04_10-41-47-475152_earlyRefresh,earlyRefresh,high-skew-zipf,1788518545.475000,37.999848,average_backend_duration,all,0.23176445212228564
2026-09-04_10-41-47-475152_earlyRefresh,earlyRefresh,high-skew-zipf,1788518546.475000,38.999848,average_backend_duration,all,0.22758460421739102
2026-09-04_10-41-47-475152_earlyRefresh,earlyRefresh,high-skew-zipf,1788518547.475000,39.999848,average_backend_duration,all,0.24989783103703664
2026-09-04_10-41-47-475152_earlyRefresh,earlyRefresh,high-skew-zipf,1788518548.475000,40.999848,average_backend_duration,all,0.2575890439222996
2026-09-04_10-41-47-475152_earlyRefresh,earlyRefresh,high-skew-zipf,1788518549.475000,41.999848,average_backend_duration,all,0.2619751408337544
2026-09-04_10-41-47-475152_earlyRefresh,earlyRefresh,high-skew-zipf,1788518550.475000,42.999848,average_backend_duration,all,0.23747956009875212
2026-09-04_10-41-47-475152_earlyRefresh,earlyRefresh,high-skew-zipf,1788518551.475000,43.999848,average_backend_duration,all,0.2287060589090912
2026-09-04_10-41-47-475152_earlyRefresh,earlyRefresh,high-skew-zipf,1788518552.475000,44.999848,average_backend_duration,all,0.22665564294953494
2026-09-04_10-41-47-475152_earlyRefresh,earlyRefresh,high-skew-zipf,1788518553.475000,45.999848,average_backend_duration,all,0.26225099446952793
2026-09-04_10-41-47-475152_earlyRefresh,earlyRefresh,high-skew-zipf,1788518554.475000,46.999848,average_backend_duration,all,0.2607742509618731
2026-09-04_10-41-47-475152_earlyRefresh,earlyRefresh,high-skew-zipf,1788518555.475000,47.999848,average_backend_duration,all,0.2671759324193547
2026-09-04_10-41-47-475152_earlyRefresh,earlyRefresh,high-skew-zipf,1788518556.475000,48.999848,average_backend_duration,all,0.23005199274558275
2026-09-04_10-41-47-475152_earlyRefresh,earlyRefresh,high-skew-zipf,1788518557.475000,49.999848,average_backend_duration,all,0.22936838513478208
2026-09-04_10-41-47-475152_earlyRefresh,earlyRefresh,high-skew-zipf,1788518558.475000,50.999848,average_backend_duration,all,0.23608999411111112
2026-09-04_10-41-47-475152_earlyRefresh,earlyRefresh,high-skew-zipf,1788518559.475000,51.999848,average_backend_duration,all,0.2526966763352632
2026-09-04_10-41-47-475152_earlyRefresh,earlyRefresh,high-skew-zipf,1788518560.475000,52.999848,average_backend_duration,all,0.2546829917333331
2026-09-04_10-41-47-475152_earlyRefresh,earlyRefresh,high-skew-zipf,1788518561.475000,53.999848,average_backend_duration,all,0.24977895282142804
2026-09-04_10-41-47-475152_earlyRefresh,earlyRefresh,high-skew-zipf,1788518562.475000,54.999848,average_backend_duration,all,0.2299551997272725
2026-09-04_10-41-47-475152_earlyRefresh,earlyRefresh,high-skew-zipf,1788518563.475000,55.999848,average_backend_duration,all,0.2292921342499998
2026-09-04_10-41-47-475152_earlyRefresh,earlyRefresh,high-skew-zipf,1788518564.475000,56.999848,average_backend_duration,all,0.22430277360000064
2026-09-04_10-41-47-475152_earlyRefresh,earlyRefresh,high-skew-zipf,1788518565.475000,57.999848,average_backend_duration,all,0.22611042476254672
2026-09-04_10-41-47-475152_earlyRefresh,earlyRefresh,high-skew-zipf,1788518566.475000,58.999848,average_backend_duration,all,0.2273626830476191
2026-09-04_10-41-47-475152_earlyRefresh,earlyRefresh,high-skew-zipf,1788518567.475000,59.999848,average_backend_duration,all,0.2289941993513722
2026-09-04_10-41-47-475152_earlyRefresh,earlyRefresh,high-skew-zipf,1788518568.475000,60.999848,average_backend_duration,all,0.2244796967561998
2026-09-04_10-41-47-475152_earlyRefresh,earlyRefresh,high-skew-zipf,1788518569.475000,61.999848,average_backend_duration,all,0.2208486504728284
2026-09-04_10-41-47-475152_earlyRefresh,earlyRefresh,high-skew-zipf,1788518570.475000,62.999848,average_backend_duration,all,0.2201905394068683
2026-09-04_10-41-47-475152_earlyRefresh,earlyRefresh,high-skew-zipf,1788518571.475000,63.999848,average_backend_duration,all,0.2225302478571436
2026-09-04_10-41-47-475152_earlyRefresh,earlyRefresh,high-skew-zipf,1788518572.475000,64.999848,average_backend_duration,all,0.22291694245323418
2026-09-04_10-41-47-475152_earlyRefresh,earlyRefresh,high-skew-zipf,1788518573.475000,65.999848,average_backend_duration,all,0.23478685812962083
2026-09-04_10-41-47-475152_earlyRefresh,earlyRefresh,high-skew-zipf,1788518574.475000,66.999848,average_backend_duration,all,0.2749372053255813
2026-09-04_10-41-47-475152_earlyRefresh,earlyRefresh,high-skew-zipf,1788518575.475000,67.999848,average_backend_duration,all,0.2948980362222224
2026-09-04_10-41-47-475152_earlyRefresh,earlyRefresh,high-skew-zipf,1788518576.475000,68.999848,average_backend_duration,all,0.29486707177156557
2026-09-04_10-41-47-475152_earlyRefresh,earlyRefresh,high-skew-zipf,1788518577.475000,69.999848,average_backend_duration,all,0.2644012823999996
2026-09-04_10-41-47-475152_earlyRefresh,earlyRefresh,high-skew-zipf,1788518578.475000,70.999848,average_backend_duration,all,0.23208276300180888
2026-09-04_10-41-47-475152_earlyRefresh,earlyRefresh,high-skew-zipf,1788518579.475000,71.999848,average_backend_duration,all,0.25806051369999966
2026-09-04_10-41-47-475152_earlyRefresh,earlyRefresh,high-skew-zipf,1788518580.475000,72.999848,average_backend_duration,all,0.3043387031333332
2026-09-04_10-41-47-475152_earlyRefresh,earlyRefresh,high-skew-zipf,1788518581.475000,73.999848,average_backend_duration,all,0.31597040728888903
2026-09-04_10-41-47-475152_earlyRefresh,earlyRefresh,high-skew-zipf,1788518582.475000,74.999848,average_backend_duration,all,0.30900633572364544
2026-09-04_10-41-47-475152_earlyRefresh,earlyRefresh,high-skew-zipf,1788518583.475000,75.999848,average_backend_duration,all,0.24829765590314581
2026-09-04_10-41-47-475152_earlyRefresh,earlyRefresh,high-skew-zipf,1788518584.475000,76.999848,average_backend_duration,all,0.23580312284686344
2026-09-04_10-41-47-475152_earlyRefresh,earlyRefresh,high-skew-zipf,1788518585.475000,77.999848,average_backend_duration,all,0.2565740896363632
2026-09-04_10-41-47-475152_earlyRefresh,earlyRefresh,high-skew-zipf,1788518586.475000,78.999848,average_backend_duration,all,0.26230572648311196
2026-09-04_10-41-47-475152_earlyRefresh,earlyRefresh,high-skew-zipf,1788518587.475000,79.999848,average_backend_duration,all,0.25732166380555554
2026-09-04_10-41-47-475152_earlyRefresh,earlyRefresh,high-skew-zipf,1788518588.475000,80.999848,average_backend_duration,all,0.2410390496562509
2026-09-04_10-41-47-475152_earlyRefresh,earlyRefresh,high-skew-zipf,1788518589.475000,81.999848,average_backend_duration,all,0.23308755180376062
2026-09-04_10-41-47-475152_earlyRefresh,earlyRefresh,high-skew-zipf,1788518590.475000,82.999848,average_backend_duration,all,0.23332993150000095
2026-09-04_10-41-47-475152_earlyRefresh,earlyRefresh,high-skew-zipf,1788518591.475000,83.999848,average_backend_duration,all,0.24433535419099556
2026-09-04_10-41-47-475152_earlyRefresh,earlyRefresh,high-skew-zipf,1788518592.475000,84.999848,average_backend_duration,all,0.24512343231007613
2026-09-04_10-41-47-475152_earlyRefresh,earlyRefresh,high-skew-zipf,1788518593.475000,85.999848,average_backend_duration,all,0.24727649785714337
2026-09-04_10-41-47-475152_earlyRefresh,earlyRefresh,high-skew-zipf,1788518594.475000,86.999848,average_backend_duration,all,0.23469316043478358
2026-09-04_10-41-47-475152_earlyRefresh,earlyRefresh,high-skew-zipf,1788518595.475000,87.999848,average_backend_duration,all,0.24179267452767902
2026-09-04_10-41-47-475152_earlyRefresh,earlyRefresh,high-skew-zipf,1788518596.475000,88.999848,average_backend_duration,all,0.24073987724790294
2026-09-04_10-41-47-475152_earlyRefresh,earlyRefresh,high-skew-zipf,1788518597.475000,89.999848,average_backend_duration,all,0.2528184768529413
2026-09-04_10-41-47-475152_earlyRefresh,earlyRefresh,high-skew-zipf,1788518598.475000,90.999848,average_backend_duration,all,0.24395813970231273
2026-09-04_10-41-47-475152_earlyRefresh,earlyRefresh,high-skew-zipf,1788518599.475000,91.999848,average_backend_duration,all,0.24490909940369934
2026-09-04_10-41-47-475152_earlyRefresh,earlyRefresh,high-skew-zipf,1788518600.475000,92.999848,average_backend_duration,all,0.2306072074444448
2026-09-04_10-41-47-475152_earlyRefresh,earlyRefresh,high-skew-zipf,1788518601.475000,93.999848,average_backend_duration,all,0.23857330505142252
2026-09-04_10-41-47-475152_earlyRefresh,earlyRefresh,high-skew-zipf,1788518602.475000,94.999848,average_backend_duration,all,0.238936177216216
2026-09-04_10-41-47-475152_earlyRefresh,earlyRefresh,high-skew-zipf,1788518603.475000,95.999848,average_backend_duration,all,0.23798927245178791
2026-09-04_10-41-47-475152_earlyRefresh,earlyRefresh,high-skew-zipf,1788518604.475000,96.999848,average_backend_duration,all,0.23928215723579183
2026-09-04_10-41-47-475152_earlyRefresh,earlyRefresh,high-skew-zipf,1788518605.475000,97.999848,average_backend_duration,all,0.23764964866666577
2026-09-04_10-41-47-475152_earlyRefresh,earlyRefresh,high-skew-zipf,1788518606.475000,98.999848,average_backend_duration,all,0.254191582882029
2026-09-04_10-41-47-475152_earlyRefresh,earlyRefresh,high-skew-zipf,1788518607.475000,99.999848,average_backend_duration,all,0.25711611130769135
2026-09-04_10-41-47-475152_earlyRefresh,earlyRefresh,high-skew-zipf,1788518608.475000,100.999848,average_backend_duration,all,0.26557462666666654
2026-09-04_10-41-47-475152_earlyRefresh,earlyRefresh,high-skew-zipf,1788518609.475000,101.999848,average_backend_duration,all,0.2570950441904761
2026-09-04_10-41-47-475152_earlyRefresh,earlyRefresh,high-skew-zipf,1788518610.475000,102.999848,average_backend_duration,all,0.2545763459785493
2026-09-04_10-41-47-475152_earlyRefresh,earlyRefresh,high-skew-zipf,1788518611.475000,103.999848,average_backend_duration,all,0.2455560710112043
2026-09-04_10-41-47-475152_earlyRefresh,earlyRefresh,high-skew-zipf,1788518612.475000,104.999848,average_backend_duration,all,0.23772226655882342
2026-09-04_10-41-47-475152_earlyRefresh,earlyRefresh,high-skew-zipf,1788518613.475000,105.999848,average_backend_duration,all,0.23503995751515214
2026-09-04_10-41-47-475152_earlyRefresh,earlyRefresh,high-skew-zipf,1788518614.475000,106.999848,average_backend_duration,all,0.23883029873503356
2026-09-04_10-41-47-475152_earlyRefresh,earlyRefresh,high-skew-zipf,1788518615.475000,107.999848,average_backend_duration,all,0.2406495408437492
2026-09-04_10-41-47-475152_earlyRefresh,earlyRefresh,high-skew-zipf,1788518616.475000,108.999848,average_backend_duration,all,0.25486898371794753
2026-09-04_10-41-47-475152_earlyRefresh,earlyRefresh,high-skew-zipf,1788518617.475000,109.999848,average_backend_duration,all,0.2831914176136349
2026-09-04_10-41-47-475152_earlyRefresh,earlyRefresh,high-skew-zipf,1788518618.475000,110.999848,average_backend_duration,all,0.29543656368292587
2026-09-04_10-41-47-475152_earlyRefresh,earlyRefresh,high-skew-zipf,1788518619.475000,111.999848,average_backend_duration,all,0.28558106832432417
2026-09-04_10-41-47-475152_earlyRefresh,earlyRefresh,high-skew-zipf,1788518620.475000,112.999848,average_backend_duration,all,0.24758195357598292
2026-09-04_10-41-47-475152_earlyRefresh,earlyRefresh,high-skew-zipf,1788518621.475000,113.999848,average_backend_duration,all,0.23617733152044165
2026-09-04_10-41-47-475152_earlyRefresh,earlyRefresh,high-skew-zipf,1788518622.475000,114.999848,average_backend_duration,all,0.23401956852834968
2026-09-04_10-41-47-475152_earlyRefresh,earlyRefresh,high-skew-zipf,1788518623.475000,115.999848,average_backend_duration,all,0.2347188494829154
2026-09-04_10-41-47-475152_earlyRefresh,earlyRefresh,high-skew-zipf,1788518624.475000,116.999848,average_backend_duration,all,0.2312449399408142
2026-09-04_10-41-47-475152_earlyRefresh,earlyRefresh,high-skew-zipf,1788518625.475000,117.999848,average_backend_duration,all,0.23006637793365758
2026-09-04_10-41-47-475152_earlyRefresh,earlyRefresh,high-skew-zipf,1788518626.475000,118.999848,average_backend_duration,all,0.2269857859629646
2026-09-04_10-41-47-475152_earlyRefresh,earlyRefresh,high-skew-zipf,1788518627.475000,119.999848,average_backend_duration,all,0.23448295714285905
2026-09-04_10-41-47-475152_earlyRefresh,earlyRefresh,high-skew-zipf,1788518628.475000,120.999848,average_backend_duration,all,0.24441543284499104
2026-09-04_10-41-47-475152_earlyRefresh,earlyRefresh,high-skew-zipf,1788518629.475000,121.999848,average_backend_duration,all,0.24845552090925435
2026-09-04_10-41-47-475152_earlyRefresh,earlyRefresh,high-skew-zipf,1788518630.475000,122.999848,average_backend_duration,all,0.24517386530015056
2026-09-04_10-41-47-475152_earlyRefresh,earlyRefresh,high-skew-zipf,1788518631.475000,123.999848,average_backend_duration,all,0.23106801084583692
2026-09-04_10-41-47-475152_earlyRefresh,earlyRefresh,high-skew-zipf,1788518632.475000,124.999848,average_backend_duration,all,0.2287074185454556
2026-09-04_10-41-47-475152_earlyRefresh,earlyRefresh,high-skew-zipf,1788518633.475000,125.999848,average_backend_duration,all,0.23097414325179966
2026-09-04_10-41-47-475152_earlyRefresh,earlyRefresh,high-skew-zipf,1788518634.475000,126.999848,average_backend_duration,all,0.2363922945193544
2026-09-04_10-41-47-475152_earlyRefresh,earlyRefresh,high-skew-zipf,1788518635.475000,127.999848,average_backend_duration,all,0.2390341673178363
2026-09-04_10-41-47-475152_earlyRefresh,earlyRefresh,high-skew-zipf,1788518636.475000,128.999848,average_backend_duration,all,0.24044259063333487
2026-09-04_10-41-47-475152_earlyRefresh,earlyRefresh,high-skew-zipf,1788518637.475000,129.999848,average_backend_duration,all,0.2421387272000004
2026-09-04_10-41-47-475152_earlyRefresh,earlyRefresh,high-skew-zipf,1788518638.475000,130.999848,average_backend_duration,all,0.23843283114879307
2026-09-04_10-41-47-475152_earlyRefresh,earlyRefresh,high-skew-zipf,1788518639.475000,131.999848,average_backend_duration,all,0.23787346090322659
2026-09-04_10-41-47-475152_earlyRefresh,earlyRefresh,high-skew-zipf,1788518640.475000,132.999848,average_backend_duration,all,0.2433334732000001
2026-09-04_10-41-47-475152_earlyRefresh,earlyRefresh,high-skew-zipf,1788518641.475000,133.999848,average_backend_duration,all,0.2444653144137923
2026-09-04_10-41-47-475152_earlyRefresh,earlyRefresh,high-skew-zipf,1788518642.475000,134.999848,average_backend_duration,all,0.24335270524137748
2026-09-04_10-41-47-475152_earlyRefresh,earlyRefresh,high-skew-zipf,1788518643.475000,135.999848,average_backend_duration,all,0.23319492642640968
2026-09-04_10-41-47-475152_earlyRefresh,earlyRefresh,high-skew-zipf,1788518644.475000,136.999848,average_backend_duration,all,0.23201062021681051
2026-09-04_10-41-47-475152_earlyRefresh,earlyRefresh,high-skew-zipf,1788518645.475000,137.999848,average_backend_duration,all,0.24416315095912194
2026-09-04_10-41-47-475152_earlyRefresh,earlyRefresh,high-skew-zipf,1788518646.475000,138.999848,average_backend_duration,all,0.24914943638575252
2026-09-04_10-41-47-475152_earlyRefresh,earlyRefresh,high-skew-zipf,1788518647.475000,139.999848,average_backend_duration,all,0.2488448009666655
2026-09-04_10-41-47-475152_earlyRefresh,earlyRefresh,high-skew-zipf,1788518648.475000,140.999848,average_backend_duration,all,0.23835485773583068
2026-09-04_10-41-47-475152_earlyRefresh,earlyRefresh,high-skew-zipf,1788518649.475000,141.999848,average_backend_duration,all,0.23178412603846035
2026-09-04_10-41-47-475152_earlyRefresh,earlyRefresh,high-skew-zipf,1788518650.475000,142.999848,average_backend_duration,all,0.230988903038462
2026-09-04_10-41-47-475152_earlyRefresh,earlyRefresh,high-skew-zipf,1788518651.475000,143.999848,average_backend_duration,all,0.22770083441186123
2026-09-04_10-41-47-475152_earlyRefresh,earlyRefresh,high-skew-zipf,1788518652.475000,144.999848,average_backend_duration,all,0.22479528651505382
2026-09-04_10-41-47-475152_earlyRefresh,earlyRefresh,high-skew-zipf,1788518653.475000,145.999848,average_backend_duration,all,0.22565919200000115
2026-09-04_10-41-47-475152_earlyRefresh,earlyRefresh,high-skew-zipf,1788518654.475000,146.999848,average_backend_duration,all,0.22616985406167994
2026-09-04_10-41-47-475152_earlyRefresh,earlyRefresh,high-skew-zipf,1788518655.475000,147.999848,average_backend_duration,all,0.22513934808003508
2026-09-04_10-41-47-475152_earlyRefresh,earlyRefresh,high-skew-zipf,1788518656.475000,148.999848,average_backend_duration,all,0.2257620471767319
2026-09-04_10-41-47-475152_earlyRefresh,earlyRefresh,high-skew-zipf,1788518657.475000,149.999848,average_backend_duration,all,0.23010483959090777
2026-09-04_10-41-47-475152_earlyRefresh,earlyRefresh,high-skew-zipf,1788518658.475000,150.999848,average_backend_duration,all,0.23188124292492396
2026-09-04_10-41-47-475152_earlyRefresh,earlyRefresh,high-skew-zipf,1788518659.475000,151.999848,average_backend_duration,all,0.241472250773503
2026-09-04_10-41-47-475152_earlyRefresh,earlyRefresh,high-skew-zipf,1788518660.475000,152.999848,average_backend_duration,all,0.24424854240740818
2026-09-04_10-41-47-475152_earlyRefresh,earlyRefresh,high-skew-zipf,1788518661.475000,153.999848,average_backend_duration,all,0.2978041015945953
2026-09-04_10-41-47-475152_earlyRefresh,earlyRefresh,high-skew-zipf,1788518662.475000,154.999848,average_backend_duration,all,0.31030281356756817
2026-09-04_10-41-47-475152_earlyRefresh,earlyRefresh,high-skew-zipf,1788518663.475000,155.999848,average_backend_duration,all,0.3111456612647049
2026-09-04_10-41-47-475152_earlyRefresh,earlyRefresh,high-skew-zipf,1788518664.475000,156.999848,average_backend_duration,all,0.2561402526153835
2026-09-04_10-41-47-475152_earlyRefresh,earlyRefresh,high-skew-zipf,1788518665.475000,157.999848,average_backend_duration,all,0.228717880522889
2026-09-04_10-41-47-475152_earlyRefresh,earlyRefresh,high-skew-zipf,1788518666.475000,158.999848,average_backend_duration,all,0.24301952014285888
2026-09-04_10-41-47-475152_earlyRefresh,earlyRefresh,high-skew-zipf,1788518667.475000,159.999848,average_backend_duration,all,0.25069025361879693
2026-09-04_10-41-47-475152_earlyRefresh,earlyRefresh,high-skew-zipf,1788518668.475000,160.999848,average_backend_duration,all,0.2491537210352856
2026-09-04_10-41-47-475152_earlyRefresh,earlyRefresh,high-skew-zipf,1788518669.475000,161.999848,average_backend_duration,all,0.24456441144444285
2026-09-04_10-41-47-475152_earlyRefresh,earlyRefresh,high-skew-zipf,1788518670.475000,162.999848,average_backend_duration,all,0.27687995526470216
2026-09-04_10-41-47-475152_earlyRefresh,earlyRefresh,high-skew-zipf,1788518671.475000,163.999848,average_backend_duration,all,0.2961104794054041
2026-09-04_10-41-47-475152_earlyRefresh,earlyRefresh,high-skew-zipf,1788518672.475000,164.999848,average_backend_duration,all,0.28148744342608
2026-09-04_10-41-47-475152_earlyRefresh,earlyRefresh,high-skew-zipf,1788518673.475000,165.999848,average_backend_duration,all,0.2582600435483367
2026-09-04_10-41-47-475152_earlyRefresh,earlyRefresh,high-skew-zipf,1788518674.475000,166.999848,average_backend_duration,all,0.23467874399999908
2026-09-04_10-41-47-475152_earlyRefresh,earlyRefresh,high-skew-zipf,1788518675.475000,167.999848,average_backend_duration,all,0.23432110580270638
2026-09-04_10-41-47-475152_earlyRefresh,earlyRefresh,high-skew-zipf,1788518676.475000,168.999848,average_backend_duration,all,0.24585538047368366
2026-09-04_10-41-47-475152_earlyRefresh,earlyRefresh,high-skew-zipf,1788518677.475000,169.999848,average_backend_duration,all,0.2593181014102569
2026-09-04_10-41-47-475152_earlyRefresh,earlyRefresh,high-skew-zipf,1788518678.475000,170.999848,average_backend_duration,all,0.30289456284236294
2026-09-04_10-41-47-475152_earlyRefresh,earlyRefresh,high-skew-zipf,1788518679.475000,171.999848,average_backend_duration,all,0.3222842537232184
2026-09-04_10-41-47-475152_earlyRefresh,earlyRefresh,high-skew-zipf,1788518680.475000,172.999848,average_backend_duration,all,0.3213088759310332
2026-09-04_10-41-47-475152_earlyRefresh,earlyRefresh,high-skew-zipf,1788518681.475000,173.999848,average_backend_duration,all,0.26294954528780906
2026-09-04_10-41-47-475152_earlyRefresh,earlyRefresh,high-skew-zipf,1788518682.475000,174.999848,average_backend_duration,all,0.2617509050419939
2026-09-04_10-41-47-475152_earlyRefresh,earlyRefresh,high-skew-zipf,1788518683.475000,175.999848,average_backend_duration,all,0.269506563772727
2026-09-04_10-41-47-475152_earlyRefresh,earlyRefresh,high-skew-zipf,1788518684.475000,176.999848,average_backend_duration,all,0.2732012417874619
2026-09-04_10-41-47-475152_earlyRefresh,earlyRefresh,high-skew-zipf,1788518685.475000,177.999848,average_backend_duration,all,0.26179311092857005
2026-09-04_10-41-47-475152_earlyRefresh,earlyRefresh,high-skew-zipf,1788518686.475000,178.999848,average_backend_duration,all,0.2475354785294119
2026-09-04_10-41-47-475152_earlyRefresh,earlyRefresh,high-skew-zipf,1788518687.475000,179.999848,average_backend_duration,all,0.23733948208823524
2026-09-04_10-41-47-475152_earlyRefresh,earlyRefresh,high-skew-zipf,1788518688.475000,180.999848,average_backend_duration,all,0.2404415711226001
2026-09-04_10-41-47-475152_earlyRefresh,earlyRefresh,high-skew-zipf,1788518689.475000,181.999848,average_backend_duration,all,0.2489175465937512
2026-09-04_10-41-47-475152_earlyRefresh,earlyRefresh,high-skew-zipf,1788518690.475000,182.999848,average_backend_duration,all,0.2578760332918536
2026-09-04_10-41-47-475152_earlyRefresh,earlyRefresh,high-skew-zipf,1788518691.475000,183.999848,average_backend_duration,all,0.2544843965155052
2026-09-04_10-41-47-475152_earlyRefresh,earlyRefresh,high-skew-zipf,1788518692.475000,184.999848,average_backend_duration,all,0.2625188704664004
2026-09-04_10-41-47-475152_earlyRefresh,earlyRefresh,high-skew-zipf,1788518693.475000,185.999848,average_backend_duration,all,0.27516306383288547
2026-09-04_10-41-47-475152_earlyRefresh,earlyRefresh,high-skew-zipf,1788518694.475000,186.999848,average_backend_duration,all,0.2755960791178395
2026-09-04_10-41-47-475152_earlyRefresh,earlyRefresh,high-skew-zipf,1788518695.475000,187.999848,average_backend_duration,all,0.25828046604264376
2026-09-04_10-41-47-475152_earlyRefresh,earlyRefresh,high-skew-zipf,1788518696.475000,188.999848,average_backend_duration,all,0.23270801716000053
2026-09-04_10-41-47-475152_earlyRefresh,earlyRefresh,high-skew-zipf,1788518697.475000,189.999848,average_backend_duration,all,0.2277206858696079
2026-09-04_10-41-47-475152_earlyRefresh,earlyRefresh,high-skew-zipf,1788518698.475000,190.999848,average_backend_duration,all,0.22808029904240218
2026-09-04_10-41-47-475152_earlyRefresh,earlyRefresh,high-skew-zipf,1788518699.475000,191.999848,average_backend_duration,all,0.2344664631724115
2026-09-04_10-41-47-475152_earlyRefresh,earlyRefresh,high-skew-zipf,1788518700.475000,192.999848,average_backend_duration,all,0.25930314494871637
2026-09-04_10-41-47-475152_earlyRefresh,earlyRefresh,high-skew-zipf,1788518701.475000,193.999848,average_backend_duration,all,0.26467563717948556
2026-09-04_10-41-47-475152_earlyRefresh,earlyRefresh,high-skew-zipf,1788518702.475000,194.999848,average_backend_duration,all,0.2631005714473688
2026-09-04_10-41-47-475152_earlyRefresh,earlyRefresh,high-skew-zipf,1788518703.475000,195.999848,average_backend_duration,all,0.23876471228125237
2026-09-04_10-41-47-475152_earlyRefresh,earlyRefresh,high-skew-zipf,1788518704.475000,196.999848,average_backend_duration,all,0.23452517516392038
2026-09-04_10-41-47-475152_earlyRefresh,earlyRefresh,high-skew-zipf,1788518705.475000,197.999848,average_backend_duration,all,0.24418037399940737
2026-09-04_10-41-47-475152_earlyRefresh,earlyRefresh,high-skew-zipf,1788518706.475000,198.999848,average_backend_duration,all,0.24854778072413564
2026-09-04_10-41-47-475152_earlyRefresh,earlyRefresh,high-skew-zipf,1788518707.475000,199.999848,average_backend_duration,all,0.24563115250372047
2026-09-04_10-41-47-475152_earlyRefresh,earlyRefresh,high-skew-zipf,1788518708.475000,200.999848,average_backend_duration,all,0.23136914302386943
2026-09-04_10-41-47-475152_earlyRefresh,earlyRefresh,high-skew-zipf,1788518709.475000,201.999848,average_backend_duration,all,0.2261755223911855
2026-09-04_10-41-47-475152_earlyRefresh,earlyRefresh,high-skew-zipf,1788518710.475000,202.999848,average_backend_duration,all,0.227888756022991
2026-09-04_10-41-47-475152_earlyRefresh,earlyRefresh,high-skew-zipf,1788518711.475000,203.999848,average_backend_duration,all,0.22626731427480457
2026-09-04_10-41-47-475152_earlyRefresh,earlyRefresh,high-skew-zipf,1788518712.475000,204.999848,average_backend_duration,all,0.2258813361499989
2026-09-04_10-41-47-475152_earlyRefresh,earlyRefresh,high-skew-zipf,1788518713.475000,205.999848,average_backend_duration,all,0.22555361296400936
2026-09-04_10-41-47-475152_earlyRefresh,earlyRefresh,high-skew-zipf,1788518714.475000,206.999848,average_backend_duration,all,0.22630731201444712
2026-09-04_10-41-47-475152_earlyRefresh,earlyRefresh,high-skew-zipf,1788518715.475000,207.999848,average_backend_duration,all,0.2330455792481201
2026-09-04_10-41-47-475152_earlyRefresh,earlyRefresh,high-skew-zipf,1788518716.475000,208.999848,average_backend_duration,all,0.2350052474999965
2026-09-04_10-41-47-475152_earlyRefresh,earlyRefresh,high-skew-zipf,1788518717.475000,209.999848,average_backend_duration,all,0.24363724562625982
2026-09-04_10-41-47-475152_earlyRefresh,earlyRefresh,high-skew-zipf,1788518718.475000,210.999848,average_backend_duration,all,0.2546456852388461
2026-09-04_10-41-47-475152_earlyRefresh,earlyRefresh,high-skew-zipf,1788518719.475000,211.999848,average_backend_duration,all,0.2540912580774736
2026-09-04_10-41-47-475152_earlyRefresh,earlyRefresh,high-skew-zipf,1788518720.475000,212.999848,average_backend_duration,all,0.2508748347333342
2026-09-04_10-41-47-475152_earlyRefresh,earlyRefresh,high-skew-zipf,1788518721.475000,213.999848,average_backend_duration,all,0.24948937503035237
2026-09-04_10-41-47-475152_earlyRefresh,earlyRefresh,high-skew-zipf,1788518722.475000,214.999848,average_backend_duration,all,0.26399965090845445
2026-09-04_10-41-47-475152_earlyRefresh,earlyRefresh,high-skew-zipf,1788518723.475000,215.999848,average_backend_duration,all,0.26258754206451745
2026-09-04_10-41-47-475152_earlyRefresh,earlyRefresh,high-skew-zipf,1788518724.475000,216.999848,average_backend_duration,all,0.24767078318910582
2026-09-04_10-41-47-475152_earlyRefresh,earlyRefresh,high-skew-zipf,1788518725.475000,217.999848,average_backend_duration,all,0.22790271526086708
2026-09-04_10-41-47-475152_earlyRefresh,earlyRefresh,high-skew-zipf,1788518726.475000,218.999848,average_backend_duration,all,0.23458840014814505
2026-09-04_10-41-47-475152_earlyRefresh,earlyRefresh,high-skew-zipf,1788518727.475000,219.999848,average_backend_duration,all,0.25537057163888394
2026-09-04_10-41-47-475152_earlyRefresh,earlyRefresh,high-skew-zipf,1788518728.475000,220.999848,average_backend_duration,all,0.2763749647964851
2026-09-04_10-41-47-475152_earlyRefresh,earlyRefresh,high-skew-zipf,1788518729.475000,221.999848,average_backend_duration,all,0.27044907533526563
2026-09-04_10-41-47-475152_earlyRefresh,earlyRefresh,high-skew-zipf,1788518730.475000,222.999848,average_backend_duration,all,0.2657107058378341
2026-09-04_10-41-47-475152_earlyRefresh,earlyRefresh,high-skew-zipf,1788518731.475000,223.999848,average_backend_duration,all,0.24875681920960174
2026-09-04_10-41-47-475152_earlyRefresh,earlyRefresh,high-skew-zipf,1788518732.475000,224.999848,average_backend_duration,all,0.2544481096377119
2026-09-04_10-41-47-475152_earlyRefresh,earlyRefresh,high-skew-zipf,1788518733.475000,225.999848,average_backend_duration,all,0.24977142988235226
2026-09-04_10-41-47-475152_earlyRefresh,earlyRefresh,high-skew-zipf,1788518734.475000,226.999848,average_backend_duration,all,0.25316385002856967
2026-09-04_10-41-47-475152_earlyRefresh,earlyRefresh,high-skew-zipf,1788518735.475000,227.999848,average_backend_duration,all,0.25392264337500237
2026-09-04_10-41-47-475152_earlyRefresh,earlyRefresh,high-skew-zipf,1788518736.475000,228.999848,average_backend_duration,all,0.248744308000001
2026-09-04_10-41-47-475152_earlyRefresh,earlyRefresh,high-skew-zipf,1788518737.475000,229.999848,average_backend_duration,all,0.2390778728260888
2026-09-04_10-41-47-475152_earlyRefresh,earlyRefresh,high-skew-zipf,1788518738.475000,230.999848,average_backend_duration,all,0.2285364493085871
2026-09-04_10-41-47-475152_earlyRefresh,earlyRefresh,high-skew-zipf,1788518739.475000,231.999848,average_backend_duration,all,0.22916321281817886
2026-09-04_10-41-47-475152_earlyRefresh,earlyRefresh,high-skew-zipf,1788518740.475000,232.999848,average_backend_duration,all,0.2273120472692238
2026-09-04_10-41-47-475152_earlyRefresh,earlyRefresh,high-skew-zipf,1788518741.475000,233.999848,average_backend_duration,all,0.22883175885854498
2026-09-04_10-41-47-475152_earlyRefresh,earlyRefresh,high-skew-zipf,1788518742.475000,234.999848,average_backend_duration,all,0.23001841833332845
2026-09-04_10-41-47-475152_earlyRefresh,earlyRefresh,high-skew-zipf,1788518743.475000,235.999848,average_backend_duration,all,0.24176772431249913
2026-09-04_10-41-47-475152_earlyRefresh,earlyRefresh,high-skew-zipf,1788518744.475000,236.999848,average_backend_duration,all,0.24337107096874888
2026-09-04_10-41-47-475152_earlyRefresh,earlyRefresh,high-skew-zipf,1788518745.475000,237.999848,average_backend_duration,all,0.2432049288424522
2026-09-04_10-41-47-475152_earlyRefresh,earlyRefresh,high-skew-zipf,1788518746.475000,238.999848,average_backend_duration,all,0.23072797554166397
2026-09-04_10-41-47-475152_earlyRefresh,earlyRefresh,high-skew-zipf,1788518747.475000,239.999848,average_backend_duration,all,0.22593721134999784
2026-09-04_10-41-47-475152_earlyRefresh,earlyRefresh,high-skew-zipf,1788518507.475000,-0.000152,failure_amplification_factor,all,0
2026-09-04_10-41-47-475152_earlyRefresh,earlyRefresh,high-skew-zipf,1788518508.475000,0.999848,failure_amplification_factor,all,0
2026-09-04_10-41-47-475152_earlyRefresh,earlyRefresh,high-skew-zipf,1788518509.475000,1.999848,failure_amplification_factor,all,1.0957224192145965
2026-09-04_10-41-47-475152_earlyRefresh,earlyRefresh,high-skew-zipf,1788518510.475000,2.999848,failure_amplification_factor,all,0.7474036060800755
2026-09-04_10-41-47-475152_earlyRefresh,earlyRefresh,high-skew-zipf,1788518511.475000,3.999848,failure_amplification_factor,all,0.5873576258407551
2026-09-04_10-41-47-475152_earlyRefresh,earlyRefresh,high-skew-zipf,1788518512.475000,4.999848,failure_amplification_factor,all,0.42486664138541275
2026-09-04_10-41-47-475152_earlyRefresh,earlyRefresh,high-skew-zipf,1788518513.475000,5.999848,failure_amplification_factor,all,0.27537160032786934
2026-09-04_10-41-47-475152_earlyRefresh,earlyRefresh,high-skew-zipf,1788518514.475000,6.999848,failure_amplification_factor,all,0.2194390243902439
2026-09-04_10-41-47-475152_earlyRefresh,earlyRefresh,high-skew-zipf,1788518515.475000,7.999848,failure_amplification_factor,all,0.18179001640023307
2026-09-04_10-41-47-475152_earlyRefresh,earlyRefresh,high-skew-zipf,1788518516.475000,8.999848,failure_amplification_factor,all,0.17854007778396058
2026-09-04_10-41-47-475152_earlyRefresh,earlyRefresh,high-skew-zipf,1788518517.475000,9.999848,failure_amplification_factor,all,0.1519493502165945
2026-09-04_10-41-47-475152_earlyRefresh,earlyRefresh,high-skew-zipf,1788518518.475000,10.999848,failure_amplification_factor,all,0.12054656540531339
2026-09-04_10-41-47-475152_earlyRefresh,earlyRefresh,high-skew-zipf,1788518519.475000,11.999848,failure_amplification_factor,all,0.09090909090909091
2026-09-04_10-41-47-475152_earlyRefresh,earlyRefresh,high-skew-zipf,1788518520.475000,12.999848,failure_amplification_factor,all,0.07063530980915204
2026-09-04_10-41-47-475152_earlyRefresh,earlyRefresh,high-skew-zipf,1788518521.475000,13.999848,failure_amplification_factor,all,0.05979224589970928
2026-09-04_10-41-47-475152_earlyRefresh,earlyRefresh,high-skew-zipf,1788518522.475000,14.999848,failure_amplification_factor,all,0.05025125628140704
2026-09-04_10-41-47-475152_earlyRefresh,earlyRefresh,high-skew-zipf,1788518523.475000,15.999848,failure_amplification_factor,all,0.056319255083986094
2026-09-04_10-41-47-475152_earlyRefresh,earlyRefresh,high-skew-zipf,1788518524.475000,16.999848,failure_amplification_factor,all,0.07177290250060164
2026-09-04_10-41-47-475152_earlyRefresh,earlyRefresh,high-skew-zipf,1788518525.475000,17.999848,failure_amplification_factor,all,0.13333333333333333
2026-09-04_10-41-47-475152_earlyRefresh,earlyRefresh,high-skew-zipf,1788518526.475000,18.999848,failure_amplification_factor,all,0.17024101872225605
2026-09-04_10-41-47-475152_earlyRefresh,earlyRefresh,high-skew-zipf,1788518527.475000,19.999848,failure_amplification_factor,all,0.17012732117310192
2026-09-04_10-41-47-475152_earlyRefresh,earlyRefresh,high-skew-zipf,1788518528.475000,20.999848,failure_amplification_factor,all,0.14932780082987554
2026-09-04_10-41-47-475152_earlyRefresh,earlyRefresh,high-skew-zipf,1788518529.475000,21.999848,failure_amplification_factor,all,0.1275958529134459
2026-09-04_10-41-47-475152_earlyRefresh,earlyRefresh,high-skew-zipf,1788518530.475000,22.999848,failure_amplification_factor,all,0.17316017316017315
2026-09-04_10-41-47-475152_earlyRefresh,earlyRefresh,high-skew-zipf,1788518531.475000,23.999848,failure_amplification_factor,all,0.16815950144300976
2026-09-04_10-41-47-475152_earlyRefresh,earlyRefresh,high-skew-zipf,1788518532.475000,24.999848,failure_amplification_factor,all,0.14228879310344825
2026-09-04_10-41-47-475152_earlyRefresh,earlyRefresh,high-skew-zipf,1788518533.475000,25.999848,failure_amplification_factor,all,0.10507703081232492
2026-09-04_10-41-47-475152_earlyRefresh,earlyRefresh,high-skew-zipf,1788518534.475000,26.999848,failure_amplification_factor,all,0.0847457627118644
2026-09-04_10-41-47-475152_earlyRefresh,earlyRefresh,high-skew-zipf,1788518535.475000,27.999848,failure_amplification_factor,all,0.09866301677566243
2026-09-04_10-41-47-475152_earlyRefresh,earlyRefresh,high-skew-zipf,1788518536.475000,28.999848,failure_amplification_factor,all,0.12831858407079647
2026-09-04_10-41-47-475152_earlyRefresh,earlyRefresh,high-skew-zipf,1788518537.475000,29.999848,failure_amplification_factor,all,0.13614760298418924
2026-09-04_10-41-47-475152_earlyRefresh,earlyRefresh,high-skew-zipf,1788518538.475000,30.999848,failure_amplification_factor,all,0.16041810903420195
2026-09-04_10-41-47-475152_earlyRefresh,earlyRefresh,high-skew-zipf,1788518539.475000,31.999848,failure_amplification_factor,all,0.10743801652892562
2026-09-04_10-41-47-475152_earlyRefresh,earlyRefresh,high-skew-zipf,1788518540.475000,32.999848,failure_amplification_factor,all,0.11160649791093621
2026-09-04_10-41-47-475152_earlyRefresh,earlyRefresh,high-skew-zipf,1788518541.475000,33.999848,failure_amplification_factor,all,0.1434545517797195
2026-09-04_10-41-47-475152_earlyRefresh,earlyRefresh,high-skew-zipf,1788518542.475000,34.999848,failure_amplification_factor,all,0.1904443017239513
2026-09-04_10-41-47-475152_earlyRefresh,earlyRefresh,high-skew-zipf,1788518543.475000,35.999848,failure_amplification_factor,all,0.1759656652360515
2026-09-04_10-41-47-475152_earlyRefresh,earlyRefresh,high-skew-zipf,1788518544.475000,36.999848,failure_amplification_factor,all,0.13504369176423603
2026-09-04_10-41-47-475152_earlyRefresh,earlyRefresh,high-skew-zipf,1788518545.475000,37.999848,failure_amplification_factor,all,0.10169490395480227
2026-09-04_10-41-47-475152_earlyRefresh,earlyRefresh,high-skew-zipf,1788518546.475000,38.999848,failure_amplification_factor,all,0.10344827586206898
2026-09-04_10-41-47-475152_earlyRefresh,earlyRefresh,high-skew-zipf,1788518547.475000,39.999848,failure_amplification_factor,all,0.1163793103448276
2026-09-04_10-41-47-475152_earlyRefresh,earlyRefresh,high-skew-zipf,1788518548.475000,40.999848,failure_amplification_factor,all,0.11866383851279023
2026-09-04_10-41-47-475152_earlyRefresh,earlyRefresh,high-skew-zipf,1788518549.475000,41.999848,failure_amplification_factor,all,0.13133459249391494
2026-09-04_10-41-47-475152_earlyRefresh,earlyRefresh,high-skew-zipf,1788518550.475000,42.999848,failure_amplification_factor,all,0.10968627704738619
2026-09-04_10-41-47-475152_earlyRefresh,earlyRefresh,high-skew-zipf,1788518551.475000,43.999848,failure_amplification_factor,all,0.10865942028985506
2026-09-04_10-41-47-475152_earlyRefresh,earlyRefresh,high-skew-zipf,1788518552.475000,44.999848,failure_amplification_factor,all,0.11690301581416017
2026-09-04_10-41-47-475152_earlyRefresh,earlyRefresh,high-skew-zipf,1788518553.475000,45.999848,failure_amplification_factor,all,0.13793101915708814
2026-09-04_10-41-47-475152_earlyRefresh,earlyRefresh,high-skew-zipf,1788518554.475000,46.999848,failure_amplification_factor,all,0.12660346102897127
2026-09-04_10-41-47-475152_earlyRefresh,earlyRefresh,high-skew-zipf,1788518555.475000,47.999848,failure_amplification_factor,all,0.1228813559322034
2026-09-04_10-41-47-475152_earlyRefresh,earlyRefresh,high-skew-zipf,1788518556.475000,48.999848,failure_amplification_factor,all,0.09871201172717903
2026-09-04_10-41-47-475152_earlyRefresh,earlyRefresh,high-skew-zipf,1788518557.475000,49.999848,failure_amplification_factor,all,0.12502082986168972
2026-09-04_10-41-47-475152_earlyRefresh,earlyRefresh,high-skew-zipf,1788518558.475000,50.999848,failure_amplification_factor,all,0.14285714285714285
2026-09-04_10-41-47-475152_earlyRefresh,earlyRefresh,high-skew-zipf,1788518559.475000,51.999848,failure_amplification_factor,all,0.12713964743214065
2026-09-04_10-41-47-475152_earlyRefresh,earlyRefresh,high-skew-zipf,1788518560.475000,52.999848,failure_amplification_factor,all,0.11489361702127661
2026-09-04_10-41-47-475152_earlyRefresh,earlyRefresh,high-skew-zipf,1788518561.475000,53.999848,failure_amplification_factor,all,0.1016949152542373
2026-09-04_10-41-47-475152_earlyRefresh,earlyRefresh,high-skew-zipf,1788518562.475000,54.999848,failure_amplification_factor,all,0.09401709401709402
2026-09-04_10-41-47-475152_earlyRefresh,earlyRefresh,high-skew-zipf,1788518563.475000,55.999848,failure_amplification_factor,all,0.09401709401709402
2026-09-04_10-41-47-475152_earlyRefresh,earlyRefresh,high-skew-zipf,1788518564.475000,56.999848,failure_amplification_factor,all,0.06896551724137931
2026-09-04_10-41-47-475152_earlyRefresh,earlyRefresh,high-skew-zipf,1788518565.475000,57.999848,failure_amplification_factor,all,0.0897285021456537
2026-09-04_10-41-47-475152_earlyRefresh,earlyRefresh,high-skew-zipf,1788518566.475000,58.999848,failure_amplification_factor,all,0.09404845395505836
2026-09-04_10-41-47-475152_earlyRefresh,earlyRefresh,high-skew-zipf,1788518567.475000,59.999848,failure_amplification_factor,all,0.06695691002455906
2026-09-04_10-41-47-475152_earlyRefresh,earlyRefresh,high-skew-zipf,1788518568.475000,60.999848,failure_amplification_factor,all,0.047000641345400135
2026-09-04_10-41-47-475152_earlyRefresh,earlyRefresh,high-skew-zipf,1788518569.475000,61.999848,failure_amplification_factor,all,0.042897032356553524
2026-09-04_10-41-47-475152_earlyRefresh,earlyRefresh,high-skew-zipf,1788518570.475000,62.999848,failure_amplification_factor,all,0.051922047666400954
2026-09-04_10-41-47-475152_earlyRefresh,earlyRefresh,high-skew-zipf,1788518571.475000,63.999848,failure_amplification_factor,all,0.07758620689655173
2026-09-04_10-41-47-475152_earlyRefresh,earlyRefresh,high-skew-zipf,1788518572.475000,64.999848,failure_amplification_factor,all,0.0726616788939735
2026-09-04_10-41-47-475152_earlyRefresh,earlyRefresh,high-skew-zipf,1788518573.475000,65.999848,failure_amplification_factor,all,0.13368732651775184
2026-09-04_10-41-47-475152_earlyRefresh,earlyRefresh,high-skew-zipf,1788518574.475000,66.999848,failure_amplification_factor,all,0.18461089318757185
2026-09-04_10-41-47-475152_earlyRefresh,earlyRefresh,high-skew-zipf,1788518575.475000,67.999848,failure_amplification_factor,all,0.18959195402298848
2026-09-04_10-41-47-475152_earlyRefresh,earlyRefresh,high-skew-zipf,1788518576.475000,68.999848,failure_amplification_factor,all,0.16946303273281035
2026-09-04_10-41-47-475152_earlyRefresh,earlyRefresh,high-skew-zipf,1788518577.475000,69.999848,failure_amplification_factor,all,0.1228813559322034
2026-09-04_10-41-47-475152_earlyRefresh,earlyRefresh,high-skew-zipf,1788518578.475000,70.999848,failure_amplification_factor,all,0.11971813585346433
2026-09-04_10-41-47-475152_earlyRefresh,earlyRefresh,high-skew-zipf,1788518579.475000,71.999848,failure_amplification_factor,all,0.16157205240174669
2026-09-04_10-41-47-475152_earlyRefresh,earlyRefresh,high-skew-zipf,1788518580.475000,72.999848,failure_amplification_factor,all,0.19651569135074637
2026-09-04_10-41-47-475152_earlyRefresh,earlyRefresh,high-skew-zipf,1788518581.475000,73.999848,failure_amplification_factor,all,0.19485030413590956
2026-09-04_10-41-47-475152_earlyRefresh,earlyRefresh,high-skew-zipf,1788518582.475000,74.999848,failure_amplification_factor,all,0.13752292048674777
2026-09-04_10-41-47-475152_earlyRefresh,earlyRefresh,high-skew-zipf,1788518583.475000,75.999848,failure_amplification_factor,all,0.0983066972977515
2026-09-04_10-41-47-475152_earlyRefresh,earlyRefresh,high-skew-zipf,1788518584.475000,76.999848,failure_amplification_factor,all,0.13736164710392235
2026-09-04_10-41-47-475152_earlyRefresh,earlyRefresh,high-skew-zipf,1788518585.475000,77.999848,failure_amplification_factor,all,0.1501645374288685
2026-09-04_10-41-47-475152_earlyRefresh,earlyRefresh,high-skew-zipf,1788518586.475000,78.999848,failure_amplification_factor,all,0.1717307986683853
2026-09-04_10-41-47-475152_earlyRefresh,earlyRefresh,high-skew-zipf,1788518587.475000,79.999848,failure_amplification_factor,all,0.13131214689265536
2026-09-04_10-41-47-475152_earlyRefresh,earlyRefresh,high-skew-zipf,1788518588.475000,80.999848,failure_amplification_factor,all,0.14042553191489363
2026-09-04_10-41-47-475152_earlyRefresh,earlyRefresh,high-skew-zipf,1788518589.475000,81.999848,failure_amplification_factor,all,0.10678435500712793
2026-09-04_10-41-47-475152_earlyRefresh,earlyRefresh,high-skew-zipf,1788518590.475000,82.999848,failure_amplification_factor,all,0.13478260869565217
2026-09-04_10-41-47-475152_earlyRefresh,earlyRefresh,high-skew-zipf,1788518591.475000,83.999848,failure_amplification_factor,all,0.13368732651775184
2026-09-04_10-41-47-475152_earlyRefresh,earlyRefresh,high-skew-zipf,1788518592.475000,84.999848,failure_amplification_factor,all,0.14470526835300856
2026-09-04_10-41-47-475152_earlyRefresh,earlyRefresh,high-skew-zipf,1788518593.475000,85.999848,failure_amplification_factor,all,0.12658227848101267
2026-09-04_10-41-47-475152_earlyRefresh,earlyRefresh,high-skew-zipf,1788518594.475000,86.999848,failure_amplification_factor,all,0.10680200616888388
2026-09-04_10-41-47-475152_earlyRefresh,earlyRefresh,high-skew-zipf,1788518595.475000,87.999848,failure_amplification_factor,all,0.1196577653349177
2026-09-04_10-41-47-475152_earlyRefresh,earlyRefresh,high-skew-zipf,1788518596.475000,88.999848,failure_amplification_factor,all,0.13677494017664105
2026-09-04_10-41-47-475152_earlyRefresh,earlyRefresh,high-skew-zipf,1788518597.475000,89.999848,failure_amplification_factor,all,0.1271186440677966
2026-09-04_10-41-47-475152_earlyRefresh,earlyRefresh,high-skew-zipf,1788518598.475000,90.999848,failure_amplification_factor,all,0.1059498381478494
2026-09-04_10-41-47-475152_earlyRefresh,earlyRefresh,high-skew-zipf,1788518599.475000,91.999848,failure_amplification_factor,all,0.09403289484928415
2026-09-04_10-41-47-475152_earlyRefresh,earlyRefresh,high-skew-zipf,1788518600.475000,92.999848,failure_amplification_factor,all,0.12068965517241378
2026-09-04_10-41-47-475152_earlyRefresh,earlyRefresh,high-skew-zipf,1788518601.475000,93.999848,failure_amplification_factor,all,0.15083670434051605
2026-09-04_10-41-47-475152_earlyRefresh,earlyRefresh,high-skew-zipf,1788518602.475000,94.999848,failure_amplification_factor,all,0.14893617021276595
2026-09-04_10-41-47-475152_earlyRefresh,earlyRefresh,high-skew-zipf,1788518603.475000,95.999848,failure_amplification_factor,all,0.13672934093004105
2026-09-04_10-41-47-475152_earlyRefresh,earlyRefresh,high-skew-zipf,1788518604.475000,96.999848,failure_amplification_factor,all,0.12393125708093901
2026-09-04_10-41-47-475152_earlyRefresh,earlyRefresh,high-skew-zipf,1788518605.475000,97.999848,failure_amplification_factor,all,0.1212121212121212
2026-09-04_10-41-47-475152_earlyRefresh,earlyRefresh,high-skew-zipf,1788518606.475000,98.999848,failure_amplification_factor,all,0.1483297981409878
2026-09-04_10-41-47-475152_earlyRefresh,earlyRefresh,high-skew-zipf,1788518607.475000,99.999848,failure_amplification_factor,all,0.17026952246493512
2026-09-04_10-41-47-475152_earlyRefresh,earlyRefresh,high-skew-zipf,1788518608.475000,100.999848,failure_amplification_factor,all,0.1780254435094184
2026-09-04_10-41-47-475152_earlyRefresh,earlyRefresh,high-skew-zipf,1788518609.475000,101.999848,failure_amplification_factor,all,0.1702127659574468
2026-09-04_10-41-47-475152_earlyRefresh,earlyRefresh,high-skew-zipf,1788518610.475000,102.999848,failure_amplification_factor,all,0.15382073617464923
2026-09-04_10-41-47-475152_earlyRefresh,earlyRefresh,high-skew-zipf,1788518611.475000,103.999848,failure_amplification_factor,all,0.1666386468419283
2026-09-04_10-41-47-475152_earlyRefresh,earlyRefresh,high-skew-zipf,1788518612.475000,104.999848,failure_amplification_factor,all,0.15086206896551724
2026-09-04_10-41-47-475152_earlyRefresh,earlyRefresh,high-skew-zipf,1788518613.475000,105.999848,failure_amplification_factor,all,0.14163090128755368
2026-09-04_10-41-47-475152_earlyRefresh,earlyRefresh,high-skew-zipf,1788518614.475000,106.999848,failure_amplification_factor,all,0.15278725940719157
2026-09-04_10-41-47-475152_earlyRefresh,earlyRefresh,high-skew-zipf,1788518615.475000,107.999848,failure_amplification_factor,all,0.15217391304347827
2026-09-04_10-41-47-475152_earlyRefresh,earlyRefresh,high-skew-zipf,1788518616.475000,108.999848,failure_amplification_factor,all,0.17467248908296942
2026-09-04_10-41-47-475152_earlyRefresh,earlyRefresh,high-skew-zipf,1788518617.475000,109.999848,failure_amplification_factor,all,0.17372881355932204
2026-09-04_10-41-47-475152_earlyRefresh,earlyRefresh,high-skew-zipf,1788518618.475000,110.999848,failure_amplification_factor,all,0.16801120448179274
2026-09-04_10-41-47-475152_earlyRefresh,earlyRefresh,high-skew-zipf,1788518619.475000,111.999848,failure_amplification_factor,all,0.15481171548117156
2026-09-04_10-41-47-475152_earlyRefresh,earlyRefresh,high-skew-zipf,1788518620.475000,112.999848,failure_amplification_factor,all,0.12184838464504769
2026-09-04_10-41-47-475152_earlyRefresh,earlyRefresh,high-skew-zipf,1788518621.475000,113.999848,failure_amplification_factor,all,0.1385511227557869
2026-09-04_10-41-47-475152_earlyRefresh,earlyRefresh,high-skew-zipf,1788518622.475000,114.999848,failure_amplification_factor,all,0.13302512723875098
2026-09-04_10-41-47-475152_earlyRefresh,earlyRefresh,high-skew-zipf,1788518623.475000,115.999848,failure_amplification_factor,all,0.12768075697968284
2026-09-04_10-41-47-475152_earlyRefresh,earlyRefresh,high-skew-zipf,1788518624.475000,116.999848,failure_amplification_factor,all,0.11298945783132532
2026-09-04_10-41-47-475152_earlyRefresh,earlyRefresh,high-skew-zipf,1788518625.475000,117.999848,failure_amplification_factor,all,0.10214531308207218
2026-09-04_10-41-47-475152_earlyRefresh,earlyRefresh,high-skew-zipf,1788518626.475000,118.999848,failure_amplification_factor,all,0.10303864951455478
2026-09-04_10-41-47-475152_earlyRefresh,earlyRefresh,high-skew-zipf,1788518627.475000,119.999848,failure_amplification_factor,all,0.12612901354526207
2026-09-04_10-41-47-475152_earlyRefresh,earlyRefresh,high-skew-zipf,1788518628.475000,120.999848,failure_amplification_factor,all,0.1544551394887559
2026-09-04_10-41-47-475152_earlyRefresh,earlyRefresh,high-skew-zipf,1788518629.475000,121.999848,failure_amplification_factor,all,0.17512634221168982
2026-09-04_10-41-47-475152_earlyRefresh,earlyRefresh,high-skew-zipf,1788518630.475000,122.999848,failure_amplification_factor,all,0.12651891592885398
2026-09-04_10-41-47-475152_earlyRefresh,earlyRefresh,high-skew-zipf,1788518631.475000,123.999848,failure_amplification_factor,all,0.10685556232873197
2026-09-04_10-41-47-475152_earlyRefresh,earlyRefresh,high-skew-zipf,1788518632.475000,124.999848,failure_amplification_factor,all,0.09874536147242215
2026-09-04_10-41-47-475152_earlyRefresh,earlyRefresh,high-skew-zipf,1788518633.475000,125.999848,failure_amplification_factor,all,0.12713983404013662
2026-09-04_10-41-47-475152_earlyRefresh,earlyRefresh,high-skew-zipf,1788518634.475000,126.999848,failure_amplification_factor,all,0.1478507287446459
2026-09-04_10-41-47-475152_earlyRefresh,earlyRefresh,high-skew-zipf,1788518635.475000,127.999848,failure_amplification_factor,all,0.1502143606852255
2026-09-04_10-41-47-475152_earlyRefresh,earlyRefresh,high-skew-zipf,1788518636.475000,128.999848,failure_amplification_factor,all,0.1391304347826087
2026-09-04_10-41-47-475152_earlyRefresh,earlyRefresh,high-skew-zipf,1788518637.475000,129.999848,failure_amplification_factor,all,0.12552301255230128
2026-09-04_10-41-47-475152_earlyRefresh,earlyRefresh,high-skew-zipf,1788518638.475000,130.999848,failure_amplification_factor,all,0.11965742455408608
2026-09-04_10-41-47-475152_earlyRefresh,earlyRefresh,high-skew-zipf,1788518639.475000,131.999848,failure_amplification_factor,all,0.12765957446808512
2026-09-04_10-41-47-475152_earlyRefresh,earlyRefresh,high-skew-zipf,1788518640.475000,132.999848,failure_amplification_factor,all,0.13612483782001747
2026-09-04_10-41-47-475152_earlyRefresh,earlyRefresh,high-skew-zipf,1788518641.475000,133.999848,failure_amplification_factor,all,0.12761703545626638
2026-09-04_10-41-47-475152_earlyRefresh,earlyRefresh,high-skew-zipf,1788518642.475000,134.999848,failure_amplification_factor,all,0.11914893617021276
2026-09-04_10-41-47-475152_earlyRefresh,earlyRefresh,high-skew-zipf,1788518643.475000,135.999848,failure_amplification_factor,all,0.11540384294925203
2026-09-04_10-41-47-475152_earlyRefresh,earlyRefresh,high-skew-zipf,1788518644.475000,136.999848,failure_amplification_factor,all,0.11536554577550073
2026-09-04_10-41-47-475152_earlyRefresh,earlyRefresh,high-skew-zipf,1788518645.475000,137.999848,failure_amplification_factor,all,0.155146333159512
2026-09-04_10-41-47-475152_earlyRefresh,earlyRefresh,high-skew-zipf,1788518646.475000,138.999848,failure_amplification_factor,all,0.13679811053592744
2026-09-04_10-41-47-475152_earlyRefresh,earlyRefresh,high-skew-zipf,1788518647.475000,139.999848,failure_amplification_factor,all,0.13256698101646416
2026-09-04_10-41-47-475152_earlyRefresh,earlyRefresh,high-skew-zipf,1788518648.475000,140.999848,failure_amplification_factor,all,0.09325114900805365
2026-09-04_10-41-47-475152_earlyRefresh,earlyRefresh,high-skew-zipf,1788518649.475000,141.999848,failure_amplification_factor,all,0.09829059829059829
2026-09-04_10-41-47-475152_earlyRefresh,earlyRefresh,high-skew-zipf,1788518650.475000,142.999848,failure_amplification_factor,all,0.09742514124293786
2026-09-04_10-41-47-475152_earlyRefresh,earlyRefresh,high-skew-zipf,1788518651.475000,143.999848,failure_amplification_factor,all,0.09787219072502498
2026-09-04_10-41-47-475152_earlyRefresh,earlyRefresh,high-skew-zipf,1788518652.475000,144.999848,failure_amplification_factor,all,0.09012861641113531
2026-09-04_10-41-47-475152_earlyRefresh,earlyRefresh,high-skew-zipf,1788518653.475000,145.999848,failure_amplification_factor,all,0.07264957264957264
2026-09-04_10-41-47-475152_earlyRefresh,earlyRefresh,high-skew-zipf,1788518654.475000,146.999848,failure_amplification_factor,all,0.07326364738950744
2026-09-04_10-41-47-475152_earlyRefresh,earlyRefresh,high-skew-zipf,1788518655.475000,147.999848,failure_amplification_factor,all,0.07623315645556741
2026-09-04_10-41-47-475152_earlyRefresh,earlyRefresh,high-skew-zipf,1788518656.475000,148.999848,failure_amplification_factor,all,0.10681979166221288
2026-09-04_10-41-47-475152_earlyRefresh,earlyRefresh,high-skew-zipf,1788518657.475000,149.999848,failure_amplification_factor,all,0.1016949152542373
2026-09-04_10-41-47-475152_earlyRefresh,earlyRefresh,high-skew-zipf,1788518658.475000,150.999848,failure_amplification_factor,all,0.09018874223929484
2026-09-04_10-41-47-475152_earlyRefresh,earlyRefresh,high-skew-zipf,1788518659.475000,151.999848,failure_amplification_factor,all,0.09958347580567205
2026-09-04_10-41-47-475152_earlyRefresh,earlyRefresh,high-skew-zipf,1788518660.475000,152.999848,failure_amplification_factor,all,0.11842105263157894
2026-09-04_10-41-47-475152_earlyRefresh,earlyRefresh,high-skew-zipf,1788518661.475000,153.999848,failure_amplification_factor,all,0.1759070295595317
2026-09-04_10-41-47-475152_earlyRefresh,earlyRefresh,high-skew-zipf,1788518662.475000,154.999848,failure_amplification_factor,all,0.15384615384615385
2026-09-04_10-41-47-475152_earlyRefresh,earlyRefresh,high-skew-zipf,1788518663.475000,155.999848,failure_amplification_factor,all,0.13870169608356847
2026-09-04_10-41-47-475152_earlyRefresh,earlyRefresh,high-skew-zipf,1788518664.475000,156.999848,failure_amplification_factor,all,0.1020936170212766
2026-09-04_10-41-47-475152_earlyRefresh,earlyRefresh,high-skew-zipf,1788518665.475000,157.999848,failure_amplification_factor,all,0.11491285066152918
2026-09-04_10-41-47-475152_earlyRefresh,earlyRefresh,high-skew-zipf,1788518666.475000,158.999848,failure_amplification_factor,all,0.11436865677542518
2026-09-04_10-41-47-475152_earlyRefresh,earlyRefresh,high-skew-zipf,1788518667.475000,159.999848,failure_amplification_factor,all,0.11916887551994915
2026-09-04_10-41-47-475152_earlyRefresh,earlyRefresh,high-skew-zipf,1788518668.475000,160.999848,failure_amplification_factor,all,0.10636517575781644
2026-09-04_10-41-47-475152_earlyRefresh,earlyRefresh,high-skew-zipf,1788518669.475000,161.999848,failure_amplification_factor,all,0.11688311688311688
2026-09-04_10-41-47-475152_earlyRefresh,earlyRefresh,high-skew-zipf,1788518670.475000,162.999848,failure_amplification_factor,all,0.16450216450216448
2026-09-04_10-41-47-475152_earlyRefresh,earlyRefresh,high-skew-zipf,1788518671.475000,163.999848,failure_amplification_factor,all,0.18454935622317598
2026-09-04_10-41-47-475152_earlyRefresh,earlyRefresh,high-skew-zipf,1788518672.475000,164.999848,failure_amplification_factor,all,0.1864090726729238
2026-09-04_10-41-47-475152_earlyRefresh,earlyRefresh,high-skew-zipf,1788518673.475000,165.999848,failure_amplification_factor,all,0.13619280744499504
2026-09-04_10-41-47-475152_earlyRefresh,earlyRefresh,high-skew-zipf,1788518674.475000,166.999848,failure_amplification_factor,all,0.11493192766383122
2026-09-04_10-41-47-475152_earlyRefresh,earlyRefresh,high-skew-zipf,1788518675.475000,167.999848,failure_amplification_factor,all,0.14283343243602104
2026-09-04_10-41-47-475152_earlyRefresh,earlyRefresh,high-skew-zipf,1788518676.475000,168.999848,failure_amplification_factor,all,0.15319148936170213
2026-09-04_10-41-47-475152_earlyRefresh,earlyRefresh,high-skew-zipf,1788518677.475000,169.999848,failure_amplification_factor,all,0.17897964142956718
2026-09-04_10-41-47-475152_earlyRefresh,earlyRefresh,high-skew-zipf,1788518678.475000,170.999848,failure_amplification_factor,all,0.18300908500421206
2026-09-04_10-41-47-475152_earlyRefresh,earlyRefresh,high-skew-zipf,1788518679.475000,171.999848,failure_amplification_factor,all,0.15882486768171497
2026-09-04_10-41-47-475152_earlyRefresh,earlyRefresh,high-skew-zipf,1788518680.475000,172.999848,failure_amplification_factor,all,0.14529914529914528
2026-09-04_10-41-47-475152_earlyRefresh,earlyRefresh,high-skew-zipf,1788518681.475000,173.999848,failure_amplification_factor,all,0.14959757419347486
2026-09-04_10-41-47-475152_earlyRefresh,earlyRefresh,high-skew-zipf,1788518682.475000,174.999848,failure_amplification_factor,all,0.1482560685199676
2026-09-04_10-41-47-475152_earlyRefresh,earlyRefresh,high-skew-zipf,1788518683.475000,175.999848,failure_amplification_factor,all,0.1829177304964539
2026-09-04_10-41-47-475152_earlyRefresh,earlyRefresh,high-skew-zipf,1788518684.475000,176.999848,failure_amplification_factor,all,0.1181240153049741
2026-09-04_10-41-47-475152_earlyRefresh,earlyRefresh,high-skew-zipf,1788518685.475000,177.999848,failure_amplification_factor,all,0.13852813852813853
2026-09-04_10-41-47-475152_earlyRefresh,earlyRefresh,high-skew-zipf,1788518686.475000,178.999848,failure_amplification_factor,all,0.1191886657254546
2026-09-04_10-41-47-475152_earlyRefresh,earlyRefresh,high-skew-zipf,1788518687.475000,179.999848,failure_amplification_factor,all,0.15522417243679693
2026-09-04_10-41-47-475152_earlyRefresh,earlyRefresh,high-skew-zipf,1788518688.475000,180.999848,failure_amplification_factor,all,0.14532336586012198
2026-09-04_10-41-47-475152_earlyRefresh,earlyRefresh,high-skew-zipf,1788518689.475000,181.999848,failure_amplification_factor,all,0.14962252374723198
2026-09-04_10-41-47-475152_earlyRefresh,earlyRefresh,high-skew-zipf,1788518690.475000,182.999848,failure_amplification_factor,all,0.12765901705382815
2026-09-04_10-41-47-475152_earlyRefresh,earlyRefresh,high-skew-zipf,1788518691.475000,183.999848,failure_amplification_factor,all,0.12768094517947684
2026-09-04_10-41-47-475152_earlyRefresh,earlyRefresh,high-skew-zipf,1788518692.475000,184.999848,failure_amplification_factor,all,0.12282027932261268
2026-09-04_10-41-47-475152_earlyRefresh,earlyRefresh,high-skew-zipf,1788518693.475000,185.999848,failure_amplification_factor,all,0.1373160715588378
2026-09-04_10-41-47-475152_earlyRefresh,earlyRefresh,high-skew-zipf,1788518694.475000,186.999848,failure_amplification_factor,all,0.14525112607158425
2026-09-04_10-41-47-475152_earlyRefresh,earlyRefresh,high-skew-zipf,1788518695.475000,187.999848,failure_amplification_factor,all,0.12397293447293445
2026-09-04_10-41-47-475152_earlyRefresh,earlyRefresh,high-skew-zipf,1788518696.475000,188.999848,failure_amplification_factor,all,0.1059322033898305
2026-09-04_10-41-47-475152_earlyRefresh,earlyRefresh,high-skew-zipf,1788518697.475000,189.999848,failure_amplification_factor,all,0.09403276614478481
2026-09-04_10-41-47-475152_earlyRefresh,earlyRefresh,high-skew-zipf,1788518698.475000,190.999848,failure_amplification_factor,all,0.08509201514007979
2026-09-04_10-41-47-475152_earlyRefresh,earlyRefresh,high-skew-zipf,1788518699.475000,191.999848,failure_amplification_factor,all,0.1260449275362319
2026-09-04_10-41-47-475152_earlyRefresh,earlyRefresh,high-skew-zipf,1788518700.475000,192.999848,failure_amplification_factor,all,0.16738197424892703
2026-09-04_10-41-47-475152_earlyRefresh,earlyRefresh,high-skew-zipf,1788518701.475000,193.999848,failure_amplification_factor,all,0.18890414878397707
2026-09-04_10-41-47-475152_earlyRefresh,earlyRefresh,high-skew-zipf,1788518702.475000,194.999848,failure_amplification_factor,all,0.1603909985935302
2026-09-04_10-41-47-475152_earlyRefresh,earlyRefresh,high-skew-zipf,1788518703.475000,195.999848,failure_amplification_factor,all,0.14102564102564102
2026-09-04_10-41-47-475152_earlyRefresh,earlyRefresh,high-skew-zipf,1788518704.475000,196.999848,failure_amplification_factor,all,0.12286069873128752
2026-09-04_10-41-47-475152_earlyRefresh,earlyRefresh,high-skew-zipf,1788518705.475000,197.999848,failure_amplification_factor,all,0.13557080921793352
2026-09-04_10-41-47-475152_earlyRefresh,earlyRefresh,high-skew-zipf,1788518706.475000,198.999848,failure_amplification_factor,all,0.11914893617021276
2026-09-04_10-41-47-475152_earlyRefresh,earlyRefresh,high-skew-zipf,1788518707.475000,199.999848,failure_amplification_factor,all,0.12873381708641043
2026-09-04_10-41-47-475152_earlyRefresh,earlyRefresh,high-skew-zipf,1788518708.475000,200.999848,failure_amplification_factor,all,0.09961682508908487
2026-09-04_10-41-47-475152_earlyRefresh,earlyRefresh,high-skew-zipf,1788518709.475000,201.999848,failure_amplification_factor,all,0.09744138147318339
2026-09-04_10-41-47-475152_earlyRefresh,earlyRefresh,high-skew-zipf,1788518710.475000,202.999848,failure_amplification_factor,all,0.09443640781074945
2026-09-04_10-41-47-475152_earlyRefresh,earlyRefresh,high-skew-zipf,1788518711.475000,203.999848,failure_amplification_factor,all,0.09278066886269208
2026-09-04_10-41-47-475152_earlyRefresh,earlyRefresh,high-skew-zipf,1788518712.475000,204.999848,failure_amplification_factor,all,0.07298570195787725
2026-09-04_10-41-47-475152_earlyRefresh,earlyRefresh,high-skew-zipf,1788518713.475000,205.999848,failure_amplification_factor,all,0.0808107068451824
2026-09-04_10-41-47-475152_earlyRefresh,earlyRefresh,high-skew-zipf,1788518714.475000,206.999848,failure_amplification_factor,all,0.08620713469483149
2026-09-04_10-41-47-475152_earlyRefresh,earlyRefresh,high-skew-zipf,1788518715.475000,207.999848,failure_amplification_factor,all,0.12924552187981575
2026-09-04_10-41-47-475152_earlyRefresh,earlyRefresh,high-skew-zipf,1788518716.475000,208.999848,failure_amplification_factor,all,0.1299567966234633
2026-09-04_10-41-47-475152_earlyRefresh,earlyRefresh,high-skew-zipf,1788518717.475000,209.999848,failure_amplification_factor,all,0.14959780402709053
2026-09-04_10-41-47-475152_earlyRefresh,earlyRefresh,high-skew-zipf,1788518718.475000,210.999848,failure_amplification_factor,all,0.14472888873753842
2026-09-04_10-41-47-475152_earlyRefresh,earlyRefresh,high-skew-zipf,1788518719.475000,211.999848,failure_amplification_factor,all,0.1434361104626799
2026-09-04_10-41-47-475152_earlyRefresh,earlyRefresh,high-skew-zipf,1788518720.475000,212.999848,failure_amplification_factor,all,0.12393162393162392
2026-09-04_10-41-47-475152_earlyRefresh,earlyRefresh,high-skew-zipf,1788518721.475000,213.999848,failure_amplification_factor,all,0.15083670434051605
2026-09-04_10-41-47-475152_earlyRefresh,earlyRefresh,high-skew-zipf,1788518722.475000,214.999848,failure_amplification_factor,all,0.13790824032200813
2026-09-04_10-41-47-475152_earlyRefresh,earlyRefresh,high-skew-zipf,1788518723.475000,215.999848,failure_amplification_factor,all,0.13191489361702127
2026-09-04_10-41-47-475152_earlyRefresh,earlyRefresh,high-skew-zipf,1788518724.475000,216.999848,failure_amplification_factor,all,0.08475976495476042
2026-09-04_10-41-47-475152_earlyRefresh,earlyRefresh,high-skew-zipf,1788518725.475000,217.999848,failure_amplification_factor,all,0.1021276595744681
2026-09-04_10-41-47-475152_earlyRefresh,earlyRefresh,high-skew-zipf,1788518726.475000,218.999848,failure_amplification_factor,all,0.13100436681222707
2026-09-04_10-41-47-475152_earlyRefresh,earlyRefresh,high-skew-zipf,1788518727.475000,219.999848,failure_amplification_factor,all,0.16450216450216448
2026-09-04_10-41-47-475152_earlyRefresh,earlyRefresh,high-skew-zipf,1788518728.475000,220.999848,failure_amplification_factor,all,0.17518446806661508
2026-09-04_10-41-47-475152_earlyRefresh,earlyRefresh,high-skew-zipf,1788518729.475000,221.999848,failure_amplification_factor,all,0.15891645090516088
2026-09-04_10-41-47-475152_earlyRefresh,earlyRefresh,high-skew-zipf,1788518730.475000,222.999848,failure_amplification_factor,all,0.16455696202531644
2026-09-04_10-41-47-475152_earlyRefresh,earlyRefresh,high-skew-zipf,1788518731.475000,223.999848,failure_amplification_factor,all,0.13193678221233893
2026-09-04_10-41-47-475152_earlyRefresh,earlyRefresh,high-skew-zipf,1788518732.475000,224.999848,failure_amplification_factor,all,0.15093730413294562
2026-09-04_10-41-47-475152_earlyRefresh,earlyRefresh,high-skew-zipf,1788518733.475000,225.999848,failure_amplification_factor,all,0.125
2026-09-04_10-41-47-475152_earlyRefresh,earlyRefresh,high-skew-zipf,1788518734.475000,226.999848,failure_amplification_factor,all,0.16450216450216448
2026-09-04_10-41-47-475152_earlyRefresh,earlyRefresh,high-skew-zipf,1788518735.475000,227.999848,failure_amplification_factor,all,0.1483545362578487
2026-09-04_10-41-47-475152_earlyRefresh,earlyRefresh,high-skew-zipf,1788518736.475000,228.999848,failure_amplification_factor,all,0.12765957446808512
2026-09-04_10-41-47-475152_earlyRefresh,earlyRefresh,high-skew-zipf,1788518737.475000,229.999848,failure_amplification_factor,all,0.10300429184549358
2026-09-04_10-41-47-475152_earlyRefresh,earlyRefresh,high-skew-zipf,1788518738.475000,230.999848,failure_amplification_factor,all,0.1034310316087164
2026-09-04_10-41-47-475152_earlyRefresh,earlyRefresh,high-skew-zipf,1788518739.475000,231.999848,failure_amplification_factor,all,0.0970464135021097
2026-09-04_10-41-47-475152_earlyRefresh,earlyRefresh,high-skew-zipf,1788518740.475000,232.999848,failure_amplification_factor,all,0.09361702127659574
2026-09-04_10-41-47-475152_earlyRefresh,earlyRefresh,high-skew-zipf,1788518741.475000,233.999848,failure_amplification_factor,all,0.10211071354115701
2026-09-04_10-41-47-475152_earlyRefresh,earlyRefresh,high-skew-zipf,1788518742.475000,234.999848,failure_amplification_factor,all,0.12017167381974249
2026-09-04_10-41-47-475152_earlyRefresh,earlyRefresh,high-skew-zipf,1788518743.475000,235.999848,failure_amplification_factor,all,0.15319148936170213
2026-09-04_10-41-47-475152_earlyRefresh,earlyRefresh,high-skew-zipf,1788518744.475000,236.999848,failure_amplification_factor,all,0.15021459227467812
2026-09-04_10-41-47-475152_earlyRefresh,earlyRefresh,high-skew-zipf,1788518745.475000,237.999848,failure_amplification_factor,all,0.11912915920678921
2026-09-04_10-41-47-475152_earlyRefresh,earlyRefresh,high-skew-zipf,1788518746.475000,238.999848,failure_amplification_factor,all,0.08583690987124465
2026-09-04_10-41-47-475152_earlyRefresh,earlyRefresh,high-skew-zipf,1788518747.475000,239.999848,failure_amplification_factor,all,0.071706039847319
2026-09-04_10-41-47-475152_earlyRefresh,earlyRefresh,high-skew-zipf,1788518507.475000,-0.000152,cache_hit_ratio_total,all,0
2026-09-04_10-41-47-475152_earlyRefresh,earlyRefresh,high-skew-zipf,1788518508.475000,0.999848,cache_hit_ratio_total,all,0
2026-09-04_10-41-47-475152_earlyRefresh,earlyRefresh,high-skew-zipf,1788518509.475000,1.999848,cache_hit_ratio_total,all,0
2026-09-04_10-41-47-475152_earlyRefresh,earlyRefresh,high-skew-zipf,1788518510.475000,2.999848,cache_hit_ratio_total,all,0.26139663182346107
2026-09-04_10-41-47-475152_earlyRefresh,earlyRefresh,high-skew-zipf,1788518511.475000,3.999848,cache_hit_ratio_total,all,0.48217654780396124
2026-09-04_10-41-47-475152_earlyRefresh,earlyRefresh,high-skew-zipf,1788518512.475000,4.999848,cache_hit_ratio_total,all,0.5858475540386804
2026-09-04_10-41-47-475152_earlyRefresh,earlyRefresh,high-skew-zipf,1788518513.475000,5.999848,cache_hit_ratio_total,all,0.6644604141202841
2026-09-04_10-41-47-475152_earlyRefresh,earlyRefresh,high-skew-zipf,1788518514.475000,6.999848,cache_hit_ratio_total,all,0.757670731707317
2026-09-04_10-41-47-475152_earlyRefresh,earlyRefresh,high-skew-zipf,1788518515.475000,7.999848,cache_hit_ratio_total,all,0.7879621346570265
2026-09-04_10-41-47-475152_earlyRefresh,earlyRefresh,high-skew-zipf,1788518516.475000,8.999848,cache_hit_ratio_total,all,0.8354725583900446
2026-09-04_10-41-47-475152_earlyRefresh,earlyRefresh,high-skew-zipf,1788518517.475000,9.999848,cache_hit_ratio_total,all,0.8640000000000001
2026-09-04_10-41-47-475152_earlyRefresh,earlyRefresh,high-skew-zipf,1788518518.475000,10.999848,cache_hit_ratio_total,all,0.8865325867988235
2026-09-04_10-41-47-475152_earlyRefresh,earlyRefresh,high-skew-zipf,1788518519.475000,11.999848,cache_hit_ratio_total,all,0.9025974025974026
2026-09-04_10-41-47-475152_earlyRefresh,earlyRefresh,high-skew-zipf,1788518520.475000,12.999848,cache_hit_ratio_total,all,0.9235294117647058
2026-09-04_10-41-47-475152_earlyRefresh,earlyRefresh,high-skew-zipf,1788518521.475000,13.999848,cache_hit_ratio_total,all,0.940218621795162
2026-09-04_10-41-47-475152_earlyRefresh,earlyRefresh,high-skew-zipf,1788518522.475000,14.999848,cache_hit_ratio_total,all,0.9447236180904522
2026-09-04_10-41-47-475152_earlyRefresh,earlyRefresh,high-skew-zipf,1788518523.475000,15.999848,cache_hit_ratio_total,all,0.9436619718309859
2026-09-04_10-41-47-475152_earlyRefresh,earlyRefresh,high-skew-zipf,1788518524.475000,16.999848,cache_hit_ratio_total,all,0.9237771655861967
2026-09-04_10-41-47-475152_earlyRefresh,earlyRefresh,high-skew-zipf,1788518525.475000,17.999848,cache_hit_ratio_total,all,0.8711111111111111
2026-09-04_10-41-47-475152_earlyRefresh,earlyRefresh,high-skew-zipf,1788518526.475000,18.999848,cache_hit_ratio_total,all,0.817012185000915
2026-09-04_10-41-47-475152_earlyRefresh,earlyRefresh,high-skew-zipf,1788518527.475000,19.999848,cache_hit_ratio_total,all,0.8340365223214031
2026-09-04_10-41-47-475152_earlyRefresh,earlyRefresh,high-skew-zipf,1788518528.475000,20.999848,cache_hit_ratio_total,all,0.8547717842323653
2026-09-04_10-41-47-475152_earlyRefresh,earlyRefresh,high-skew-zipf,1788518529.475000,21.999848,cache_hit_ratio_total,all,0.8936162364764599
2026-09-04_10-41-47-475152_earlyRefresh,earlyRefresh,high-skew-zipf,1788518530.475000,22.999848,cache_hit_ratio_total,all,0.8571428571428571
2026-09-04_10-41-47-475152_earlyRefresh,earlyRefresh,high-skew-zipf,1788518531.475000,23.999848,cache_hit_ratio_total,all,0.8448275862068966
2026-09-04_10-41-47-475152_earlyRefresh,earlyRefresh,high-skew-zipf,1788518532.475000,24.999848,cache_hit_ratio_total,all,0.8362068965517242
2026-09-04_10-41-47-475152_earlyRefresh,earlyRefresh,high-skew-zipf,1788518533.475000,25.999848,cache_hit_ratio_total,all,0.8529411764705883
2026-09-04_10-41-47-475152_earlyRefresh,earlyRefresh,high-skew-zipf,1788518534.475000,26.999848,cache_hit_ratio_total,all,0.8940677966101696
2026-09-04_10-41-47-475152_earlyRefresh,earlyRefresh,high-skew-zipf,1788518535.475000,27.999848,cache_hit_ratio_total,all,0.9141588575698023
2026-09-04_10-41-47-475152_earlyRefresh,earlyRefresh,high-skew-zipf,1788518536.475000,28.999848,cache_hit_ratio_total,all,0.8982300884955752
2026-09-04_10-41-47-475152_earlyRefresh,earlyRefresh,high-skew-zipf,1788518537.475000,29.999848,cache_hit_ratio_total,all,0.8553190462742338
2026-09-04_10-41-47-475152_earlyRefresh,earlyRefresh,high-skew-zipf,1788518538.475000,30.999848,cache_hit_ratio_total,all,0.843876603646185
2026-09-04_10-41-47-475152_earlyRefresh,earlyRefresh,high-skew-zipf,1788518539.475000,31.999848,cache_hit_ratio_total,all,0.8719008264462811
2026-09-04_10-41-47-475152_earlyRefresh,earlyRefresh,high-skew-zipf,1788518540.475000,32.999848,cache_hit_ratio_total,all,0.8969986425734175
2026-09-04_10-41-47-475152_earlyRefresh,earlyRefresh,high-skew-zipf,1788518541.475000,33.999848,cache_hit_ratio_total,all,0.8739135854723401
2026-09-04_10-41-47-475152_earlyRefresh,earlyRefresh,high-skew-zipf,1788518542.475000,34.999848,cache_hit_ratio_total,all,0.8355022839287904
2026-09-04_10-41-47-475152_earlyRefresh,earlyRefresh,high-skew-zipf,1788518543.475000,35.999848,cache_hit_ratio_total,all,0.8240343347639486
2026-09-04_10-41-47-475152_earlyRefresh,earlyRefresh,high-skew-zipf,1788518544.475000,36.999848,cache_hit_ratio_total,all,0.8523240868604085
2026-09-04_10-41-47-475152_earlyRefresh,earlyRefresh,high-skew-zipf,1788518545.475000,37.999848,cache_hit_ratio_total,all,0.8813559322033899
2026-09-04_10-41-47-475152_earlyRefresh,earlyRefresh,high-skew-zipf,1788518546.475000,38.999848,cache_hit_ratio_total,all,0.9008620689655171
2026-09-04_10-41-47-475152_earlyRefresh,earlyRefresh,high-skew-zipf,1788518547.475000,39.999848,cache_hit_ratio_total,all,0.8879310344827586
2026-09-04_10-41-47-475152_earlyRefresh,earlyRefresh,high-skew-zipf,1788518548.475000,40.999848,cache_hit_ratio_total,all,0.8728841803202292
2026-09-04_10-41-47-475152_earlyRefresh,earlyRefresh,high-skew-zipf,1788518549.475000,41.999848,cache_hit_ratio_total,all,0.885589203804605
2026-09-04_10-41-47-475152_earlyRefresh,earlyRefresh,high-skew-zipf,1788518550.475000,42.999848,cache_hit_ratio_total,all,0.8860682926280311
2026-09-04_10-41-47-475152_earlyRefresh,earlyRefresh,high-skew-zipf,1788518551.475000,43.999848,cache_hit_ratio_total,all,0.9043478260869565
2026-09-04_10-41-47-475152_earlyRefresh,earlyRefresh,high-skew-zipf,1788518552.475000,44.999848,cache_hit_ratio_total,all,0.8744649140904873
2026-09-04_10-41-47-475152_earlyRefresh,earlyRefresh,high-skew-zipf,1788518553.475000,45.999848,cache_hit_ratio_total,all,0.8534568965517241
2026-09-04_10-41-47-475152_earlyRefresh,earlyRefresh,high-skew-zipf,1788518554.475000,46.999848,cache_hit_ratio_total,all,0.8523198681512772
2026-09-04_10-41-47-475152_earlyRefresh,earlyRefresh,high-skew-zipf,1788518555.475000,47.999848,cache_hit_ratio_total,all,0.8686440677966102
2026-09-04_10-41-47-475152_earlyRefresh,earlyRefresh,high-skew-zipf,1788518556.475000,48.999848,cache_hit_ratio_total,all,0.9098730620612501
2026-09-04_10-41-47-475152_earlyRefresh,earlyRefresh,high-skew-zipf,1788518557.475000,49.999848,cache_hit_ratio_total,all,0.9008570410678681
2026-09-04_10-41-47-475152_earlyRefresh,earlyRefresh,high-skew-zipf,1788518558.475000,50.999848,cache_hit_ratio_total,all,0.8831168831168831
2026-09-04_10-41-47-475152_earlyRefresh,earlyRefresh,high-skew-zipf,1788518559.475000,51.999848,cache_hit_ratio_total,all,0.8601675707049239
2026-09-04_10-41-47-475152_earlyRefresh,earlyRefresh,high-skew-zipf,1788518560.475000,52.999848,cache_hit_ratio_total,all,0.8723404255319149
2026-09-04_10-41-47-475152_earlyRefresh,earlyRefresh,high-skew-zipf,1788518561.475000,53.999848,cache_hit_ratio_total,all,0.8813559322033899
2026-09-04_10-41-47-475152_earlyRefresh,earlyRefresh,high-skew-zipf,1788518562.475000,54.999848,cache_hit_ratio_total,all,0.9059829059829059
2026-09-04_10-41-47-475152_earlyRefresh,earlyRefresh,high-skew-zipf,1788518563.475000,55.999848,cache_hit_ratio_total,all,0.9145299145299145
2026-09-04_10-41-47-475152_earlyRefresh,earlyRefresh,high-skew-zipf,1788518564.475000,56.999848,cache_hit_ratio_total,all,0.9353448275862069
2026-09-04_10-41-47-475152_earlyRefresh,earlyRefresh,high-skew-zipf,1788518565.475000,57.999848,cache_hit_ratio_total,all,0.9273512432253762
2026-09-04_10-41-47-475152_earlyRefresh,earlyRefresh,high-skew-zipf,1788518566.475000,58.999848,cache_hit_ratio_total,all,0.9102564102564102
2026-09-04_10-41-47-475152_earlyRefresh,earlyRefresh,high-skew-zipf,1788518567.475000,59.999848,cache_hit_ratio_total,all,0.9205068095557043
2026-09-04_10-41-47-475152_earlyRefresh,earlyRefresh,high-skew-zipf,1788518568.475000,60.999848,cache_hit_ratio_total,all,0.9316211786503243
2026-09-04_10-41-47-475152_earlyRefresh,earlyRefresh,high-skew-zipf,1788518569.475000,61.999848,cache_hit_ratio_total,all,0.9527889503679443
2026-09-04_10-41-47-475152_earlyRefresh,earlyRefresh,high-skew-zipf,1788518570.475000,62.999848,cache_hit_ratio_total,all,0.9480548720206096
2026-09-04_10-41-47-475152_earlyRefresh,earlyRefresh,high-skew-zipf,1788518571.475000,63.999848,cache_hit_ratio_total,all,0.939655172413793
2026-09-04_10-41-47-475152_earlyRefresh,earlyRefresh,high-skew-zipf,1788518572.475000,64.999848,cache_hit_ratio_total,all,0.9273497152184037
2026-09-04_10-41-47-475152_earlyRefresh,earlyRefresh,high-skew-zipf,1788518573.475000,65.999848,cache_hit_ratio_total,all,0.8663773474861267
2026-09-04_10-41-47-475152_earlyRefresh,earlyRefresh,high-skew-zipf,1788518574.475000,66.999848,cache_hit_ratio_total,all,0.8154506437768241
2026-09-04_10-41-47-475152_earlyRefresh,earlyRefresh,high-skew-zipf,1788518575.475000,67.999848,cache_hit_ratio_total,all,0.8060344827586206
2026-09-04_10-41-47-475152_earlyRefresh,earlyRefresh,high-skew-zipf,1788518576.475000,68.999848,cache_hit_ratio_total,all,0.822034149711181
2026-09-04_10-41-47-475152_earlyRefresh,earlyRefresh,high-skew-zipf,1788518577.475000,69.999848,cache_hit_ratio_total,all,0.8728813559322034
2026-09-04_10-41-47-475152_earlyRefresh,earlyRefresh,high-skew-zipf,1788518578.475000,70.999848,cache_hit_ratio_total,all,0.8803445584490311
2026-09-04_10-41-47-475152_earlyRefresh,earlyRefresh,high-skew-zipf,1788518579.475000,71.999848,cache_hit_ratio_total,all,0.8689956331877728
2026-09-04_10-41-47-475152_earlyRefresh,earlyRefresh,high-skew-zipf,1788518580.475000,72.999848,cache_hit_ratio_total,all,0.8076923076923077
2026-09-04_10-41-47-475152_earlyRefresh,earlyRefresh,high-skew-zipf,1788518581.475000,73.999848,cache_hit_ratio_total,all,0.809322033898305
2026-09-04_10-41-47-475152_earlyRefresh,earlyRefresh,high-skew-zipf,1788518582.475000,74.999848,cache_hit_ratio_total,all,0.8416680557870754
2026-09-04_10-41-47-475152_earlyRefresh,earlyRefresh,high-skew-zipf,1788518583.475000,75.999848,cache_hit_ratio_total,all,0.8888892053911089
2026-09-04_10-41-47-475152_earlyRefresh,earlyRefresh,high-skew-zipf,1788518584.475000,76.999848,cache_hit_ratio_total,all,0.8798257232684612
2026-09-04_10-41-47-475152_earlyRefresh,earlyRefresh,high-skew-zipf,1788518585.475000,77.999848,cache_hit_ratio_total,all,0.8583690987124464
2026-09-04_10-41-47-475152_earlyRefresh,earlyRefresh,high-skew-zipf,1788518586.475000,78.999848,cache_hit_ratio_total,all,0.8454880608182249
2026-09-04_10-41-47-475152_earlyRefresh,earlyRefresh,high-skew-zipf,1788518587.475000,79.999848,cache_hit_ratio_total,all,0.8474576271186441
2026-09-04_10-41-47-475152_earlyRefresh,earlyRefresh,high-skew-zipf,1788518588.475000,80.999848,cache_hit_ratio_total,all,0.8680851063829788
2026-09-04_10-41-47-475152_earlyRefresh,earlyRefresh,high-skew-zipf,1788518589.475000,81.999848,cache_hit_ratio_total,all,0.8846116583699255
2026-09-04_10-41-47-475152_earlyRefresh,earlyRefresh,high-skew-zipf,1788518590.475000,82.999848,cache_hit_ratio_total,all,0.8739130434782609
2026-09-04_10-41-47-475152_earlyRefresh,earlyRefresh,high-skew-zipf,1788518591.475000,83.999848,cache_hit_ratio_total,all,0.8620662905804628
2026-09-04_10-41-47-475152_earlyRefresh,earlyRefresh,high-skew-zipf,1788518592.475000,84.999848,cache_hit_ratio_total,all,0.8553188411552143
2026-09-04_10-41-47-475152_earlyRefresh,earlyRefresh,high-skew-zipf,1788518593.475000,85.999848,cache_hit_ratio_total,all,0.8818565400843881
2026-09-04_10-41-47-475152_earlyRefresh,earlyRefresh,high-skew-zipf,1788518594.475000,86.999848,cache_hit_ratio_total,all,0.9017094017094016
2026-09-04_10-41-47-475152_earlyRefresh,earlyRefresh,high-skew-zipf,1788518595.475000,87.999848,cache_hit_ratio_total,all,0.8889034552729677
2026-09-04_10-41-47-475152_earlyRefresh,earlyRefresh,high-skew-zipf,1788518596.475000,88.999848,cache_hit_ratio_total,all,0.8803333290576913
2026-09-04_10-41-47-475152_earlyRefresh,earlyRefresh,high-skew-zipf,1788518597.475000,89.999848,cache_hit_ratio_total,all,0.8559322033898307
2026-09-04_10-41-47-475152_earlyRefresh,earlyRefresh,high-skew-zipf,1788518598.475000,90.999848,cache_hit_ratio_total,all,0.8728644039543316
2026-09-04_10-41-47-475152_earlyRefresh,earlyRefresh,high-skew-zipf,1788518599.475000,91.999848,cache_hit_ratio_total,all,0.8846187809421805
2026-09-04_10-41-47-475152_earlyRefresh,earlyRefresh,high-skew-zipf,1788518600.475000,92.999848,cache_hit_ratio_total,all,0.8836206896551724
2026-09-04_10-41-47-475152_earlyRefresh,earlyRefresh,high-skew-zipf,1788518601.475000,93.999848,cache_hit_ratio_total,all,0.8577581065837027
2026-09-04_10-41-47-475152_earlyRefresh,earlyRefresh,high-skew-zipf,1788518602.475000,94.999848,cache_hit_ratio_total,all,0.8425531914893618
2026-09-04_10-41-47-475152_earlyRefresh,earlyRefresh,high-skew-zipf,1788518603.475000,95.999848,cache_hit_ratio_total,all,0.8632492879867443
2026-09-04_10-41-47-475152_earlyRefresh,earlyRefresh,high-skew-zipf,1788518604.475000,96.999848,cache_hit_ratio_total,all,0.8760559086726248
2026-09-04_10-41-47-475152_earlyRefresh,earlyRefresh,high-skew-zipf,1788518605.475000,97.999848,cache_hit_ratio_total,all,0.8701298701298701
2026-09-04_10-41-47-475152_earlyRefresh,earlyRefresh,high-skew-zipf,1788518606.475000,98.999848,cache_hit_ratio_total,all,0.8516942091572308
2026-09-04_10-41-47-475152_earlyRefresh,earlyRefresh,high-skew-zipf,1788518607.475000,99.999848,cache_hit_ratio_total,all,0.8340425531914893
2026-09-04_10-41-47-475152_earlyRefresh,earlyRefresh,high-skew-zipf,1788518608.475000,100.999848,cache_hit_ratio_total,all,0.8347457627118645
2026-09-04_10-41-47-475152_earlyRefresh,earlyRefresh,high-skew-zipf,1788518609.475000,101.999848,cache_hit_ratio_total,all,0.8212765957446808
2026-09-04_10-41-47-475152_earlyRefresh,earlyRefresh,high-skew-zipf,1788518610.475000,102.999848,cache_hit_ratio_total,all,0.8461564755681398
2026-09-04_10-41-47-475152_earlyRefresh,earlyRefresh,high-skew-zipf,1788518611.475000,103.999848,cache_hit_ratio_total,all,0.8376099184480627
2026-09-04_10-41-47-475152_earlyRefresh,earlyRefresh,high-skew-zipf,1788518612.475000,104.999848,cache_hit_ratio_total,all,0.8534482758620691
2026-09-04_10-41-47-475152_earlyRefresh,earlyRefresh,high-skew-zipf,1788518613.475000,105.999848,cache_hit_ratio_total,all,0.8583690987124464
2026-09-04_10-41-47-475152_earlyRefresh,earlyRefresh,high-skew-zipf,1788518614.475000,106.999848,cache_hit_ratio_total,all,0.8646333848131226
2026-09-04_10-41-47-475152_earlyRefresh,earlyRefresh,high-skew-zipf,1788518615.475000,107.999848,cache_hit_ratio_total,all,0.8608695652173914
2026-09-04_10-41-47-475152_earlyRefresh,earlyRefresh,high-skew-zipf,1788518616.475000,108.999848,cache_hit_ratio_total,all,0.8296943231441047
2026-09-04_10-41-47-475152_earlyRefresh,earlyRefresh,high-skew-zipf,1788518617.475000,109.999848,cache_hit_ratio_total,all,0.8135593220338984
2026-09-04_10-41-47-475152_earlyRefresh,earlyRefresh,high-skew-zipf,1788518618.475000,110.999848,cache_hit_ratio_total,all,0.8277310924369748
2026-09-04_10-41-47-475152_earlyRefresh,earlyRefresh,high-skew-zipf,1788518619.475000,111.999848,cache_hit_ratio_total,all,0.8451882845188285
2026-09-04_10-41-47-475152_earlyRefresh,earlyRefresh,high-skew-zipf,1788518620.475000,112.999848,cache_hit_ratio_total,all,0.8613463267609895
2026-09-04_10-41-47-475152_earlyRefresh,earlyRefresh,high-skew-zipf,1788518621.475000,113.999848,cache_hit_ratio_total,all,0.8614705186433439
2026-09-04_10-41-47-475152_earlyRefresh,earlyRefresh,high-skew-zipf,1788518622.475000,114.999848,cache_hit_ratio_total,all,0.8669577025052836
2026-09-04_10-41-47-475152_earlyRefresh,earlyRefresh,high-skew-zipf,1788518623.475000,115.999848,cache_hit_ratio_total,all,0.8851100099557805
2026-09-04_10-41-47-475152_earlyRefresh,earlyRefresh,high-skew-zipf,1788518624.475000,116.999848,cache_hit_ratio_total,all,0.8786632641677824
2026-09-04_10-41-47-475152_earlyRefresh,earlyRefresh,high-skew-zipf,1788518625.475000,117.999848,cache_hit_ratio_total,all,0.8936142140909491
2026-09-04_10-41-47-475152_earlyRefresh,earlyRefresh,high-skew-zipf,1788518626.475000,118.999848,cache_hit_ratio_total,all,0.8841201716738197
2026-09-04_10-41-47-475152_earlyRefresh,earlyRefresh,high-skew-zipf,1788518627.475000,119.999848,cache_hit_ratio_total,all,0.8782608695652173
2026-09-04_10-41-47-475152_earlyRefresh,earlyRefresh,high-skew-zipf,1788518628.475000,120.999848,cache_hit_ratio_total,all,0.8455076520609186
2026-09-04_10-41-47-475152_earlyRefresh,earlyRefresh,high-skew-zipf,1788518629.475000,121.999848,cache_hit_ratio_total,all,0.8418836784530732
2026-09-04_10-41-47-475152_earlyRefresh,earlyRefresh,high-skew-zipf,1788518630.475000,122.999848,cache_hit_ratio_total,all,0.8734178105508368
2026-09-04_10-41-47-475152_earlyRefresh,earlyRefresh,high-skew-zipf,1788518631.475000,123.999848,cache_hit_ratio_total,all,0.9017099738504748
2026-09-04_10-41-47-475152_earlyRefresh,earlyRefresh,high-skew-zipf,1788518632.475000,124.999848,cache_hit_ratio_total,all,0.9098712446351933
2026-09-04_10-41-47-475152_earlyRefresh,earlyRefresh,high-skew-zipf,1788518633.475000,125.999848,cache_hit_ratio_total,all,0.8728841812618489
2026-09-04_10-41-47-475152_earlyRefresh,earlyRefresh,high-skew-zipf,1788518634.475000,126.999848,cache_hit_ratio_total,all,0.8652224646136675
2026-09-04_10-41-47-475152_earlyRefresh,earlyRefresh,high-skew-zipf,1788518635.475000,127.999848,cache_hit_ratio_total,all,0.8583764543970608
2026-09-04_10-41-47-475152_earlyRefresh,earlyRefresh,high-skew-zipf,1788518636.475000,128.999848,cache_hit_ratio_total,all,0.8695652173913043
2026-09-04_10-41-47-475152_earlyRefresh,earlyRefresh,high-skew-zipf,1788518637.475000,129.999848,cache_hit_ratio_total,all,0.8535564853556487
2026-09-04_10-41-47-475152_earlyRefresh,earlyRefresh,high-skew-zipf,1788518638.475000,130.999848,cache_hit_ratio_total,all,0.8589708890547633
2026-09-04_10-41-47-475152_earlyRefresh,earlyRefresh,high-skew-zipf,1788518639.475000,131.999848,cache_hit_ratio_total,all,0.8680851063829788
2026-09-04_10-41-47-475152_earlyRefresh,earlyRefresh,high-skew-zipf,1788518640.475000,132.999848,cache_hit_ratio_total,all,0.8723404255319149
2026-09-04_10-41-47-475152_earlyRefresh,earlyRefresh,high-skew-zipf,1788518641.475000,133.999848,cache_hit_ratio_total,all,0.876595744680851
2026-09-04_10-41-47-475152_earlyRefresh,earlyRefresh,high-skew-zipf,1788518642.475000,134.999848,cache_hit_ratio_total,all,0.8808510638297873
2026-09-04_10-41-47-475152_earlyRefresh,earlyRefresh,high-skew-zipf,1788518643.475000,135.999848,cache_hit_ratio_total,all,0.8846160967474082
2026-09-04_10-41-47-475152_earlyRefresh,earlyRefresh,high-skew-zipf,1788518644.475000,136.999848,cache_hit_ratio_total,all,0.8888858811025213
2026-09-04_10-41-47-475152_earlyRefresh,earlyRefresh,high-skew-zipf,1788518645.475000,137.999848,cache_hit_ratio_total,all,0.8620662905804628
2026-09-04_10-41-47-475152_earlyRefresh,earlyRefresh,high-skew-zipf,1788518646.475000,138.999848,cache_hit_ratio_total,all,0.8717973555480214
2026-09-04_10-41-47-475152_earlyRefresh,earlyRefresh,high-skew-zipf,1788518647.475000,139.999848,cache_hit_ratio_total,all,0.8717948717948719
2026-09-04_10-41-47-475152_earlyRefresh,earlyRefresh,high-skew-zipf,1788518648.475000,140.999848,cache_hit_ratio_total,all,0.8855864813941203
2026-09-04_10-41-47-475152_earlyRefresh,earlyRefresh,high-skew-zipf,1788518649.475000,141.999848,cache_hit_ratio_total,all,0.8888888888888888
2026-09-04_10-41-47-475152_earlyRefresh,earlyRefresh,high-skew-zipf,1788518650.475000,142.999848,cache_hit_ratio_total,all,0.8898305084745762
2026-09-04_10-41-47-475152_earlyRefresh,earlyRefresh,high-skew-zipf,1788518651.475000,143.999848,cache_hit_ratio_total,all,0.9106284955624177
2026-09-04_10-41-47-475152_earlyRefresh,earlyRefresh,high-skew-zipf,1788518652.475000,144.999848,cache_hit_ratio_total,all,0.9184507604424028
2026-09-04_10-41-47-475152_earlyRefresh,earlyRefresh,high-skew-zipf,1788518653.475000,145.999848,cache_hit_ratio_total,all,0.9230769230769231
2026-09-04_10-41-47-475152_earlyRefresh,earlyRefresh,high-skew-zipf,1788518654.475000,146.999848,cache_hit_ratio_total,all,0.9224152301245611
2026-09-04_10-41-47-475152_earlyRefresh,earlyRefresh,high-skew-zipf,1788518655.475000,147.999848,cache_hit_ratio_total,all,0.91948787880929
2026-09-04_10-41-47-475152_earlyRefresh,earlyRefresh,high-skew-zipf,1788518656.475000,148.999848,cache_hit_ratio_total,all,0.9145341901720092
2026-09-04_10-41-47-475152_earlyRefresh,earlyRefresh,high-skew-zipf,1788518657.475000,149.999848,cache_hit_ratio_total,all,0.9067796610169492
2026-09-04_10-41-47-475152_earlyRefresh,earlyRefresh,high-skew-zipf,1788518658.475000,150.999848,cache_hit_ratio_total,all,0.905579534220981
2026-09-04_10-41-47-475152_earlyRefresh,earlyRefresh,high-skew-zipf,1788518659.475000,151.999848,cache_hit_ratio_total,all,0.8961070064649981
2026-09-04_10-41-47-475152_earlyRefresh,earlyRefresh,high-skew-zipf,1788518660.475000,152.999848,cache_hit_ratio_total,all,0.881578947368421
2026-09-04_10-41-47-475152_earlyRefresh,earlyRefresh,high-skew-zipf,1788518661.475000,153.999848,cache_hit_ratio_total,all,0.8412017167381974
2026-09-04_10-41-47-475152_earlyRefresh,earlyRefresh,high-skew-zipf,1788518662.475000,154.999848,cache_hit_ratio_total,all,0.8418803418803419
2026-09-04_10-41-47-475152_earlyRefresh,earlyRefresh,high-skew-zipf,1788518663.475000,155.999848,cache_hit_ratio_total,all,0.8571428571428572
2026-09-04_10-41-47-475152_earlyRefresh,earlyRefresh,high-skew-zipf,1788518664.475000,156.999848,cache_hit_ratio_total,all,0.8893617021276595
2026-09-04_10-41-47-475152_earlyRefresh,earlyRefresh,high-skew-zipf,1788518665.475000,157.999848,cache_hit_ratio_total,all,0.8936148177992914
2026-09-04_10-41-47-475152_earlyRefresh,earlyRefresh,high-skew-zipf,1788518666.475000,158.999848,cache_hit_ratio_total,all,0.8813559322033899
2026-09-04_10-41-47-475152_earlyRefresh,earlyRefresh,high-skew-zipf,1788518667.475000,159.999848,cache_hit_ratio_total,all,0.8766006208898666
2026-09-04_10-41-47-475152_earlyRefresh,earlyRefresh,high-skew-zipf,1788518668.475000,160.999848,cache_hit_ratio_total,all,0.8680859090251561
2026-09-04_10-41-47-475152_earlyRefresh,earlyRefresh,high-skew-zipf,1788518669.475000,161.999848,cache_hit_ratio_total,all,0.8831168831168831
2026-09-04_10-41-47-475152_earlyRefresh,earlyRefresh,high-skew-zipf,1788518670.475000,162.999848,cache_hit_ratio_total,all,0.8528138528138527
2026-09-04_10-41-47-475152_earlyRefresh,earlyRefresh,high-skew-zipf,1788518671.475000,163.999848,cache_hit_ratio_total,all,0.8412017167381974
2026-09-04_10-41-47-475152_earlyRefresh,earlyRefresh,high-skew-zipf,1788518672.475000,164.999848,cache_hit_ratio_total,all,0.8008459013058636
2026-09-04_10-41-47-475152_earlyRefresh,earlyRefresh,high-skew-zipf,1788518673.475000,165.999848,cache_hit_ratio_total,all,0.8553206697318748
2026-09-04_10-41-47-475152_earlyRefresh,earlyRefresh,high-skew-zipf,1788518674.475000,166.999848,cache_hit_ratio_total,all,0.8638297872340427
2026-09-04_10-41-47-475152_earlyRefresh,earlyRefresh,high-skew-zipf,1788518675.475000,167.999848,cache_hit_ratio_total,all,0.8961023778872078
2026-09-04_10-41-47-475152_earlyRefresh,earlyRefresh,high-skew-zipf,1788518676.475000,168.999848,cache_hit_ratio_total,all,0.8468085106382979
2026-09-04_10-41-47-475152_earlyRefresh,earlyRefresh,high-skew-zipf,1788518677.475000,169.999848,cache_hit_ratio_total,all,0.8384279475982533
2026-09-04_10-41-47-475152_earlyRefresh,earlyRefresh,high-skew-zipf,1788518678.475000,170.999848,cache_hit_ratio_total,all,0.8127604174053139
2026-09-04_10-41-47-475152_earlyRefresh,earlyRefresh,high-skew-zipf,1788518679.475000,171.999848,cache_hit_ratio_total,all,0.8497917391036841
2026-09-04_10-41-47-475152_earlyRefresh,earlyRefresh,high-skew-zipf,1788518680.475000,172.999848,cache_hit_ratio_total,all,0.876068376068376
2026-09-04_10-41-47-475152_earlyRefresh,earlyRefresh,high-skew-zipf,1788518681.475000,173.999848,cache_hit_ratio_total,all,0.8589693740501938
2026-09-04_10-41-47-475152_earlyRefresh,earlyRefresh,high-skew-zipf,1788518682.475000,174.999848,cache_hit_ratio_total,all,0.8389938954629816
2026-09-04_10-41-47-475152_earlyRefresh,earlyRefresh,high-skew-zipf,1788518683.475000,175.999848,cache_hit_ratio_total,all,0.8127659574468086
2026-09-04_10-41-47-475152_earlyRefresh,earlyRefresh,high-skew-zipf,1788518684.475000,176.999848,cache_hit_ratio_total,all,0.8649800247580464
2026-09-04_10-41-47-475152_earlyRefresh,earlyRefresh,high-skew-zipf,1788518685.475000,177.999848,cache_hit_ratio_total,all,0.8787878787878787
2026-09-04_10-41-47-475152_earlyRefresh,earlyRefresh,high-skew-zipf,1788518686.475000,178.999848,cache_hit_ratio_total,all,0.8553191489361702
2026-09-04_10-41-47-475152_earlyRefresh,earlyRefresh,high-skew-zipf,1788518687.475000,179.999848,cache_hit_ratio_total,all,0.853448275862069
2026-09-04_10-41-47-475152_earlyRefresh,earlyRefresh,high-skew-zipf,1788518688.475000,180.999848,cache_hit_ratio_total,all,0.8418824789886633
2026-09-04_10-41-47-475152_earlyRefresh,earlyRefresh,high-skew-zipf,1788518689.475000,181.999848,cache_hit_ratio_total,all,0.8632478632478632
2026-09-04_10-41-47-475152_earlyRefresh,earlyRefresh,high-skew-zipf,1788518690.475000,182.999848,cache_hit_ratio_total,all,0.8680814124195219
2026-09-04_10-41-47-475152_earlyRefresh,earlyRefresh,high-skew-zipf,1788518691.475000,183.999848,cache_hit_ratio_total,all,0.876599203838373
2026-09-04_10-41-47-475152_earlyRefresh,earlyRefresh,high-skew-zipf,1788518692.475000,184.999848,cache_hit_ratio_total,all,0.8771147652144433
2026-09-04_10-41-47-475152_earlyRefresh,earlyRefresh,high-skew-zipf,1788518693.475000,185.999848,cache_hit_ratio_total,all,0.8626596120534904
2026-09-04_10-41-47-475152_earlyRefresh,earlyRefresh,high-skew-zipf,1788518694.475000,186.999848,cache_hit_ratio_total,all,0.854706138763928
2026-09-04_10-41-47-475152_earlyRefresh,earlyRefresh,high-skew-zipf,1788518695.475000,187.999848,cache_hit_ratio_total,all,0.867514245014245
2026-09-04_10-41-47-475152_earlyRefresh,earlyRefresh,high-skew-zipf,1788518696.475000,188.999848,cache_hit_ratio_total,all,0.8983050847457626
2026-09-04_10-41-47-475152_earlyRefresh,earlyRefresh,high-skew-zipf,1788518697.475000,189.999848,cache_hit_ratio_total,all,0.9188055559117402
2026-09-04_10-41-47-475152_earlyRefresh,earlyRefresh,high-skew-zipf,1788518698.475000,190.999848,cache_hit_ratio_total,all,0.9148937981284865
2026-09-04_10-41-47-475152_earlyRefresh,earlyRefresh,high-skew-zipf,1788518699.475000,191.999848,cache_hit_ratio_total,all,0.8739130434782608
2026-09-04_10-41-47-475152_earlyRefresh,earlyRefresh,high-skew-zipf,1788518700.475000,192.999848,cache_hit_ratio_total,all,0.8326180257510729
2026-09-04_10-41-47-475152_earlyRefresh,earlyRefresh,high-skew-zipf,1788518701.475000,193.999848,cache_hit_ratio_total,all,0.8326180257510729
2026-09-04_10-41-47-475152_earlyRefresh,earlyRefresh,high-skew-zipf,1788518702.475000,194.999848,cache_hit_ratio_total,all,0.839662447257384
2026-09-04_10-41-47-475152_earlyRefresh,earlyRefresh,high-skew-zipf,1788518703.475000,195.999848,cache_hit_ratio_total,all,0.8632478632478632
2026-09-04_10-41-47-475152_earlyRefresh,earlyRefresh,high-skew-zipf,1788518704.475000,196.999848,cache_hit_ratio_total,all,0.864404145882865
2026-09-04_10-41-47-475152_earlyRefresh,earlyRefresh,high-skew-zipf,1788518705.475000,197.999848,cache_hit_ratio_total,all,0.8686431759010343
2026-09-04_10-41-47-475152_earlyRefresh,earlyRefresh,high-skew-zipf,1788518706.475000,198.999848,cache_hit_ratio_total,all,0.876595744680851
2026-09-04_10-41-47-475152_earlyRefresh,earlyRefresh,high-skew-zipf,1788518707.475000,199.999848,cache_hit_ratio_total,all,0.8798269817498358
2026-09-04_10-41-47-475152_earlyRefresh,earlyRefresh,high-skew-zipf,1788518708.475000,200.999848,cache_hit_ratio_total,all,0.8874445258802279
2026-09-04_10-41-47-475152_earlyRefresh,earlyRefresh,high-skew-zipf,1788518709.475000,201.999848,cache_hit_ratio_total,all,0.8940670902777583
2026-09-04_10-41-47-475152_earlyRefresh,earlyRefresh,high-skew-zipf,1788518710.475000,202.999848,cache_hit_ratio_total,all,0.9098718955819503
2026-09-04_10-41-47-475152_earlyRefresh,earlyRefresh,high-skew-zipf,1788518711.475000,203.999848,cache_hit_ratio_total,all,0.9071701170800739
2026-09-04_10-41-47-475152_earlyRefresh,earlyRefresh,high-skew-zipf,1788518712.475000,204.999848,cache_hit_ratio_total,all,0.9184549356223176
2026-09-04_10-41-47-475152_earlyRefresh,earlyRefresh,high-skew-zipf,1788518713.475000,205.999848,cache_hit_ratio_total,all,0.9191495881580181
2026-09-04_10-41-47-475152_earlyRefresh,earlyRefresh,high-skew-zipf,1788518714.475000,206.999848,cache_hit_ratio_total,all,0.9137871085836454
2026-09-04_10-41-47-475152_earlyRefresh,earlyRefresh,high-skew-zipf,1788518715.475000,207.999848,cache_hit_ratio_total,all,0.8879268844708537
2026-09-04_10-41-47-475152_earlyRefresh,earlyRefresh,high-skew-zipf,1788518716.475000,208.999848,cache_hit_ratio_total,all,0.8701298701298701
2026-09-04_10-41-47-475152_earlyRefresh,earlyRefresh,high-skew-zipf,1788518717.475000,209.999848,cache_hit_ratio_total,all,0.8589762958064444
2026-09-04_10-41-47-475152_earlyRefresh,earlyRefresh,high-skew-zipf,1788518718.475000,210.999848,cache_hit_ratio_total,all,0.8468058901819894
2026-09-04_10-41-47-475152_earlyRefresh,earlyRefresh,high-skew-zipf,1788518719.475000,211.999848,cache_hit_ratio_total,all,0.848102565256399
2026-09-04_10-41-47-475152_earlyRefresh,earlyRefresh,high-skew-zipf,1788518720.475000,212.999848,cache_hit_ratio_total,all,0.876068376068376
2026-09-04_10-41-47-475152_earlyRefresh,earlyRefresh,high-skew-zipf,1788518721.475000,213.999848,cache_hit_ratio_total,all,0.8836143903087436
2026-09-04_10-41-47-475152_earlyRefresh,earlyRefresh,high-skew-zipf,1788518722.475000,214.999848,cache_hit_ratio_total,all,0.8706894693504511
2026-09-04_10-41-47-475152_earlyRefresh,earlyRefresh,high-skew-zipf,1788518723.475000,215.999848,cache_hit_ratio_total,all,0.8680851063829788
2026-09-04_10-41-47-475152_earlyRefresh,earlyRefresh,high-skew-zipf,1788518724.475000,216.999848,cache_hit_ratio_total,all,0.8898292518630344
2026-09-04_10-41-47-475152_earlyRefresh,earlyRefresh,high-skew-zipf,1788518725.475000,217.999848,cache_hit_ratio_total,all,0.902127659574468
2026-09-04_10-41-47-475152_earlyRefresh,earlyRefresh,high-skew-zipf,1788518726.475000,218.999848,cache_hit_ratio_total,all,0.8820960698689956
2026-09-04_10-41-47-475152_earlyRefresh,earlyRefresh,high-skew-zipf,1788518727.475000,219.999848,cache_hit_ratio_total,all,0.8484848484848484
2026-09-04_10-41-47-475152_earlyRefresh,earlyRefresh,high-skew-zipf,1788518728.475000,220.999848,cache_hit_ratio_total,all,0.8461595451093702
2026-09-04_10-41-47-475152_earlyRefresh,earlyRefresh,high-skew-zipf,1788518729.475000,221.999848,cache_hit_ratio_total,all,0.828448275862069
2026-09-04_10-41-47-475152_earlyRefresh,earlyRefresh,high-skew-zipf,1788518730.475000,222.999848,cache_hit_ratio_total,all,0.8438818565400843
2026-09-04_10-41-47-475152_earlyRefresh,earlyRefresh,high-skew-zipf,1788518731.475000,223.999848,cache_hit_ratio_total,all,0.842551175831563
2026-09-04_10-41-47-475152_earlyRefresh,earlyRefresh,high-skew-zipf,1788518732.475000,224.999848,cache_hit_ratio_total,all,0.8491374294838367
2026-09-04_10-41-47-475152_earlyRefresh,earlyRefresh,high-skew-zipf,1788518733.475000,225.999848,cache_hit_ratio_total,all,0.8534482758620691
2026-09-04_10-41-47-475152_earlyRefresh,earlyRefresh,high-skew-zipf,1788518734.475000,226.999848,cache_hit_ratio_total,all,0.8484848484848484
2026-09-04_10-41-47-475152_earlyRefresh,earlyRefresh,high-skew-zipf,1788518735.475000,227.999848,cache_hit_ratio_total,all,0.8644067796610171
2026-09-04_10-41-47-475152_earlyRefresh,earlyRefresh,high-skew-zipf,1788518736.475000,228.999848,cache_hit_ratio_total,all,0.8723404255319149
2026-09-04_10-41-47-475152_earlyRefresh,earlyRefresh,high-skew-zipf,1788518737.475000,229.999848,cache_hit_ratio_total,all,0.9012875536480688
2026-09-04_10-41-47-475152_earlyRefresh,earlyRefresh,high-skew-zipf,1788518738.475000,230.999848,cache_hit_ratio_total,all,0.9008627874760737
2026-09-04_10-41-47-475152_earlyRefresh,earlyRefresh,high-skew-zipf,1788518739.475000,231.999848,cache_hit_ratio_total,all,0.9071729957805906
2026-09-04_10-41-47-475152_earlyRefresh,earlyRefresh,high-skew-zipf,1788518740.475000,232.999848,cache_hit_ratio_total,all,0.8893617021276595
2026-09-04_10-41-47-475152_earlyRefresh,earlyRefresh,high-skew-zipf,1788518741.475000,233.999848,cache_hit_ratio_total,all,0.8893602054694468
2026-09-04_10-41-47-475152_earlyRefresh,earlyRefresh,high-skew-zipf,1788518742.475000,234.999848,cache_hit_ratio_total,all,0.8841201716738197
2026-09-04_10-41-47-475152_earlyRefresh,earlyRefresh,high-skew-zipf,1788518743.475000,235.999848,cache_hit_ratio_total,all,0.8638297872340425
2026-09-04_10-41-47-475152_earlyRefresh,earlyRefresh,high-skew-zipf,1788518744.475000,236.999848,cache_hit_ratio_total,all,0.8626609442060087
2026-09-04_10-41-47-475152_earlyRefresh,earlyRefresh,high-skew-zipf,1788518745.475000,237.999848,cache_hit_ratio_total,all,0.876599203838373
2026-09-04_10-41-47-475152_earlyRefresh,earlyRefresh,high-skew-zipf,1788518746.475000,238.999848,cache_hit_ratio_total,all,0.8969957081545066
2026-09-04_10-41-47-475152_earlyRefresh,earlyRefresh,high-skew-zipf,1788518747.475000,239.999848,cache_hit_ratio_total,all,0.9156118143459916
2026-09-04_10-41-47-475152_earlyRefresh,earlyRefresh,high-skew-zipf,1788518507.475000,-0.000152,cache_hit_ratio_l1,all,0
2026-09-04_10-41-47-475152_earlyRefresh,earlyRefresh,high-skew-zipf,1788518508.475000,0.999848,cache_hit_ratio_l1,all,0
2026-09-04_10-41-47-475152_earlyRefresh,earlyRefresh,high-skew-zipf,1788518509.475000,1.999848,cache_hit_ratio_l1,all,0
2026-09-04_10-41-47-475152_earlyRefresh,earlyRefresh,high-skew-zipf,1788518510.475000,2.999848,cache_hit_ratio_l1,all,0.20455865272938442
2026-09-04_10-41-47-475152_earlyRefresh,earlyRefresh,high-skew-zipf,1788518511.475000,3.999848,cache_hit_ratio_l1,all,0.3928496560435641
2026-09-04_10-41-47-475152_earlyRefresh,earlyRefresh,high-skew-zipf,1788518512.475000,4.999848,cache_hit_ratio_l1,all,0.490820376690684
2026-09-04_10-41-47-475152_earlyRefresh,earlyRefresh,high-skew-zipf,1788518513.475000,5.999848,cache_hit_ratio_l1,all,0.5661347823356344
2026-09-04_10-41-47-475152_earlyRefresh,earlyRefresh,high-skew-zipf,1788518514.475000,6.999848,cache_hit_ratio_l1,all,0.6585365853658537
2026-09-04_10-41-47-475152_earlyRefresh,earlyRefresh,high-skew-zipf,1788518515.475000,7.999848,cache_hit_ratio_l1,all,0.6363627179260947
2026-09-04_10-41-47-475152_earlyRefresh,earlyRefresh,high-skew-zipf,1788518516.475000,8.999848,cache_hit_ratio_l1,all,0.6875042775226969
2026-09-04_10-41-47-475152_earlyRefresh,earlyRefresh,high-skew-zipf,1788518517.475000,9.999848,cache_hit_ratio_l1,all,0.736
2026-09-04_10-41-47-475152_earlyRefresh,earlyRefresh,high-skew-zipf,1788518518.475000,10.999848,cache_hit_ratio_l1,all,0.7376032080807318
2026-09-04_10-41-47-475152_earlyRefresh,earlyRefresh,high-skew-zipf,1788518519.475000,11.999848,cache_hit_ratio_l1,all,0.7402597402597403
2026-09-04_10-41-47-475152_earlyRefresh,earlyRefresh,high-skew-zipf,1788518520.475000,12.999848,cache_hit_ratio_l1,all,0.7117647058823529
2026-09-04_10-41-47-475152_earlyRefresh,earlyRefresh,high-skew-zipf,1788518521.475000,13.999848,cache_hit_ratio_l1,all,0.7282641574366729
2026-09-04_10-41-47-475152_earlyRefresh,earlyRefresh,high-skew-zipf,1788518522.475000,14.999848,cache_hit_ratio_l1,all,0.7487437185929648
2026-09-04_10-41-47-475152_earlyRefresh,earlyRefresh,high-skew-zipf,1788518523.475000,15.999848,cache_hit_ratio_l1,all,0.7746478873239436
2026-09-04_10-41-47-475152_earlyRefresh,earlyRefresh,high-skew-zipf,1788518524.475000,16.999848,cache_hit_ratio_l1,all,0.7937336229202137
2026-09-04_10-41-47-475152_earlyRefresh,earlyRefresh,high-skew-zipf,1788518525.475000,17.999848,cache_hit_ratio_l1,all,0.7333333333333333
2026-09-04_10-41-47-475152_earlyRefresh,earlyRefresh,high-skew-zipf,1788518526.475000,18.999848,cache_hit_ratio_l1,all,0.6978661706978321
2026-09-04_10-41-47-475152_earlyRefresh,earlyRefresh,high-skew-zipf,1788518527.475000,19.999848,cache_hit_ratio_l1,all,0.7148920957207143
2026-09-04_10-41-47-475152_earlyRefresh,earlyRefresh,high-skew-zipf,1788518528.475000,20.999848,cache_hit_ratio_l1,all,0.7468879668049794
2026-09-04_10-41-47-475152_earlyRefresh,earlyRefresh,high-skew-zipf,1788518529.475000,21.999848,cache_hit_ratio_l1,all,0.7744700531436467
2026-09-04_10-41-47-475152_earlyRefresh,earlyRefresh,high-skew-zipf,1788518530.475000,22.999848,cache_hit_ratio_l1,all,0.7402597402597403
2026-09-04_10-41-47-475152_earlyRefresh,earlyRefresh,high-skew-zipf,1788518531.475000,23.999848,cache_hit_ratio_l1,all,0.7198275862068966
2026-09-04_10-41-47-475152_earlyRefresh,earlyRefresh,high-skew-zipf,1788518532.475000,24.999848,cache_hit_ratio_l1,all,0.7112068965517242
2026-09-04_10-41-47-475152_earlyRefresh,earlyRefresh,high-skew-zipf,1788518533.475000,25.999848,cache_hit_ratio_l1,all,0.7142857142857143
2026-09-04_10-41-47-475152_earlyRefresh,earlyRefresh,high-skew-zipf,1788518534.475000,26.999848,cache_hit_ratio_l1,all,0.7415254237288136
2026-09-04_10-41-47-475152_earlyRefresh,earlyRefresh,high-skew-zipf,1788518535.475000,27.999848,cache_hit_ratio_l1,all,0.7339043385037737
2026-09-04_10-41-47-475152_earlyRefresh,earlyRefresh,high-skew-zipf,1788518536.475000,28.999848,cache_hit_ratio_l1,all,0.7345132743362832
2026-09-04_10-41-47-475152_earlyRefresh,earlyRefresh,high-skew-zipf,1788518537.475000,29.999848,cache_hit_ratio_l1,all,0.7148912859914255
2026-09-04_10-41-47-475152_earlyRefresh,earlyRefresh,high-skew-zipf,1788518538.475000,30.999848,cache_hit_ratio_l1,all,0.7172912446545127
2026-09-04_10-41-47-475152_earlyRefresh,earlyRefresh,high-skew-zipf,1788518539.475000,31.999848,cache_hit_ratio_l1,all,0.7438016528925621
2026-09-04_10-41-47-475152_earlyRefresh,earlyRefresh,high-skew-zipf,1788518540.475000,32.999848,cache_hit_ratio_l1,all,0.7596611153783986
2026-09-04_10-41-47-475152_earlyRefresh,earlyRefresh,high-skew-zipf,1788518541.475000,33.999848,cache_hit_ratio_l1,all,0.7130430623119248
2026-09-04_10-41-47-475152_earlyRefresh,earlyRefresh,high-skew-zipf,1788518542.475000,34.999848,cache_hit_ratio_l1,all,0.6753299609603325
2026-09-04_10-41-47-475152_earlyRefresh,earlyRefresh,high-skew-zipf,1788518543.475000,35.999848,cache_hit_ratio_l1,all,0.6566523605150215
2026-09-04_10-41-47-475152_earlyRefresh,earlyRefresh,high-skew-zipf,1788518544.475000,36.999848,cache_hit_ratio_l1,all,0.7215244164822153
2026-09-04_10-41-47-475152_earlyRefresh,earlyRefresh,high-skew-zipf,1788518545.475000,37.999848,cache_hit_ratio_l1,all,0.7499957627118645
2026-09-04_10-41-47-475152_earlyRefresh,earlyRefresh,high-skew-zipf,1788518546.475000,38.999848,cache_hit_ratio_l1,all,0.771551724137931
2026-09-04_10-41-47-475152_earlyRefresh,earlyRefresh,high-skew-zipf,1788518547.475000,39.999848,cache_hit_ratio_l1,all,0.728448275862069
2026-09-04_10-41-47-475152_earlyRefresh,earlyRefresh,high-skew-zipf,1788518548.475000,40.999848,cache_hit_ratio_l1,all,0.6991560728579135
2026-09-04_10-41-47-475152_earlyRefresh,earlyRefresh,high-skew-zipf,1788518549.475000,41.999848,cache_hit_ratio_l1,all,0.7245673342478023
2026-09-04_10-41-47-475152_earlyRefresh,earlyRefresh,high-skew-zipf,1788518550.475000,42.999848,cache_hit_ratio_l1,all,0.7721422120689508
2026-09-04_10-41-47-475152_earlyRefresh,earlyRefresh,high-skew-zipf,1788518551.475000,43.999848,cache_hit_ratio_l1,all,0.7652173913043478
2026-09-04_10-41-47-475152_earlyRefresh,earlyRefresh,high-skew-zipf,1788518552.475000,44.999848,cache_hit_ratio_l1,all,0.7056295293840975
2026-09-04_10-41-47-475152_earlyRefresh,earlyRefresh,high-skew-zipf,1788518553.475000,45.999848,cache_hit_ratio_l1,all,0.6551781609195403
2026-09-04_10-41-47-475152_earlyRefresh,earlyRefresh,high-skew-zipf,1788518554.475000,46.999848,cache_hit_ratio_l1,all,0.6961966930945357
2026-09-04_10-41-47-475152_earlyRefresh,earlyRefresh,high-skew-zipf,1788518555.475000,47.999848,cache_hit_ratio_l1,all,0.728813559322034
2026-09-04_10-41-47-475152_earlyRefresh,earlyRefresh,high-skew-zipf,1788518556.475000,48.999848,cache_hit_ratio_l1,all,0.7725345957027366
2026-09-04_10-41-47-475152_earlyRefresh,earlyRefresh,high-skew-zipf,1788518557.475000,49.999848,cache_hit_ratio_l1,all,0.7370596279930357
2026-09-04_10-41-47-475152_earlyRefresh,earlyRefresh,high-skew-zipf,1788518558.475000,50.999848,cache_hit_ratio_l1,all,0.7272727272727273
2026-09-04_10-41-47-475152_earlyRefresh,earlyRefresh,high-skew-zipf,1788518559.475000,51.999848,cache_hit_ratio_l1,all,0.7076254132426895
2026-09-04_10-41-47-475152_earlyRefresh,earlyRefresh,high-skew-zipf,1788518560.475000,52.999848,cache_hit_ratio_l1,all,0.7361702127659575
2026-09-04_10-41-47-475152_earlyRefresh,earlyRefresh,high-skew-zipf,1788518561.475000,53.999848,cache_hit_ratio_l1,all,0.7457627118644068
2026-09-04_10-41-47-475152_earlyRefresh,earlyRefresh,high-skew-zipf,1788518562.475000,54.999848,cache_hit_ratio_l1,all,0.7863247863247863
2026-09-04_10-41-47-475152_earlyRefresh,earlyRefresh,high-skew-zipf,1788518563.475000,55.999848,cache_hit_ratio_l1,all,0.7863247863247863
2026-09-04_10-41-47-475152_earlyRefresh,earlyRefresh,high-skew-zipf,1788518564.475000,56.999848,cache_hit_ratio_l1,all,0.7586206896551724
2026-09-04_10-41-47-475152_earlyRefresh,earlyRefresh,high-skew-zipf,1788518565.475000,57.999848,cache_hit_ratio_l1,all,0.7307760256680591
2026-09-04_10-41-47-475152_earlyRefresh,earlyRefresh,high-skew-zipf,1788518566.475000,58.999848,cache_hit_ratio_l1,all,0.717948717948718
2026-09-04_10-41-47-475152_earlyRefresh,earlyRefresh,high-skew-zipf,1788518567.475000,59.999848,cache_hit_ratio_l1,all,0.7615176378655949
2026-09-04_10-41-47-475152_earlyRefresh,earlyRefresh,high-skew-zipf,1788518568.475000,60.999848,cache_hit_ratio_l1,all,0.777769543219554
2026-09-04_10-41-47-475152_earlyRefresh,earlyRefresh,high-skew-zipf,1788518569.475000,61.999848,cache_hit_ratio_l1,all,0.8111600940357686
2026-09-04_10-41-47-475152_earlyRefresh,earlyRefresh,high-skew-zipf,1788518570.475000,62.999848,cache_hit_ratio_l1,all,0.8311740043441553
2026-09-04_10-41-47-475152_earlyRefresh,earlyRefresh,high-skew-zipf,1788518571.475000,63.999848,cache_hit_ratio_l1,all,0.814655172413793
2026-09-04_10-41-47-475152_earlyRefresh,earlyRefresh,high-skew-zipf,1788518572.475000,64.999848,cache_hit_ratio_l1,all,0.7948746433998891
2026-09-04_10-41-47-475152_earlyRefresh,earlyRefresh,high-skew-zipf,1788518573.475000,65.999848,cache_hit_ratio_l1,all,0.7327590045926189
2026-09-04_10-41-47-475152_earlyRefresh,earlyRefresh,high-skew-zipf,1788518574.475000,66.999848,cache_hit_ratio_l1,all,0.6866952789699571
2026-09-04_10-41-47-475152_earlyRefresh,earlyRefresh,high-skew-zipf,1788518575.475000,67.999848,cache_hit_ratio_l1,all,0.6982758620689654
2026-09-04_10-41-47-475152_earlyRefresh,earlyRefresh,high-skew-zipf,1788518576.475000,68.999848,cache_hit_ratio_l1,all,0.7033987254955975
2026-09-04_10-41-47-475152_earlyRefresh,earlyRefresh,high-skew-zipf,1788518577.475000,69.999848,cache_hit_ratio_l1,all,0.7584745762711865
2026-09-04_10-41-47-475152_earlyRefresh,earlyRefresh,high-skew-zipf,1788518578.475000,70.999848,cache_hit_ratio_l1,all,0.7521349748474611
2026-09-04_10-41-47-475152_earlyRefresh,earlyRefresh,high-skew-zipf,1788518579.475000,71.999848,cache_hit_ratio_l1,all,0.7729257641921397
2026-09-04_10-41-47-475152_earlyRefresh,earlyRefresh,high-skew-zipf,1788518580.475000,72.999848,cache_hit_ratio_l1,all,0.7051282051282052
2026-09-04_10-41-47-475152_earlyRefresh,earlyRefresh,high-skew-zipf,1788518581.475000,73.999848,cache_hit_ratio_l1,all,0.7033898305084746
2026-09-04_10-41-47-475152_earlyRefresh,earlyRefresh,high-skew-zipf,1788518582.475000,74.999848,cache_hit_ratio_l1,all,0.7166666666666666
2026-09-04_10-41-47-475152_earlyRefresh,earlyRefresh,high-skew-zipf,1788518583.475000,75.999848,cache_hit_ratio_l1,all,0.7478646782098192
2026-09-04_10-41-47-475152_earlyRefresh,earlyRefresh,high-skew-zipf,1788518584.475000,76.999848,cache_hit_ratio_l1,all,0.7253196170031382
2026-09-04_10-41-47-475152_earlyRefresh,earlyRefresh,high-skew-zipf,1788518585.475000,77.999848,cache_hit_ratio_l1,all,0.6995708154506438
2026-09-04_10-41-47-475152_earlyRefresh,earlyRefresh,high-skew-zipf,1788518586.475000,78.999848,cache_hit_ratio_l1,all,0.6952894201868094
2026-09-04_10-41-47-475152_earlyRefresh,earlyRefresh,high-skew-zipf,1788518587.475000,79.999848,cache_hit_ratio_l1,all,0.7118644067796611
2026-09-04_10-41-47-475152_earlyRefresh,earlyRefresh,high-skew-zipf,1788518588.475000,80.999848,cache_hit_ratio_l1,all,0.7361702127659575
2026-09-04_10-41-47-475152_earlyRefresh,earlyRefresh,high-skew-zipf,1788518589.475000,81.999848,cache_hit_ratio_l1,all,0.7649533682299874
2026-09-04_10-41-47-475152_earlyRefresh,earlyRefresh,high-skew-zipf,1788518590.475000,82.999848,cache_hit_ratio_l1,all,0.7608695652173914
2026-09-04_10-41-47-475152_earlyRefresh,earlyRefresh,high-skew-zipf,1788518591.475000,83.999848,cache_hit_ratio_l1,all,0.7155176500502071
2026-09-04_10-41-47-475152_earlyRefresh,earlyRefresh,high-skew-zipf,1788518592.475000,84.999848,cache_hit_ratio_l1,all,0.702124189495062
2026-09-04_10-41-47-475152_earlyRefresh,earlyRefresh,high-skew-zipf,1788518593.475000,85.999848,cache_hit_ratio_l1,all,0.7130801687763713
2026-09-04_10-41-47-475152_earlyRefresh,earlyRefresh,high-skew-zipf,1788518594.475000,86.999848,cache_hit_ratio_l1,all,0.7521367521367521
2026-09-04_10-41-47-475152_earlyRefresh,earlyRefresh,high-skew-zipf,1788518595.475000,87.999848,cache_hit_ratio_l1,all,0.7350548899351353
2026-09-04_10-41-47-475152_earlyRefresh,earlyRefresh,high-skew-zipf,1788518596.475000,88.999848,cache_hit_ratio_l1,all,0.7307585416639945
2026-09-04_10-41-47-475152_earlyRefresh,earlyRefresh,high-skew-zipf,1788518597.475000,89.999848,cache_hit_ratio_l1,all,0.7118644067796611
2026-09-04_10-41-47-475152_earlyRefresh,earlyRefresh,high-skew-zipf,1788518598.475000,90.999848,cache_hit_ratio_l1,all,0.7245572002113347
2026-09-04_10-41-47-475152_earlyRefresh,earlyRefresh,high-skew-zipf,1788518599.475000,91.999848,cache_hit_ratio_l1,all,0.7435922269254653
2026-09-04_10-41-47-475152_earlyRefresh,earlyRefresh,high-skew-zipf,1788518600.475000,92.999848,cache_hit_ratio_l1,all,0.7327586206896551
2026-09-04_10-41-47-475152_earlyRefresh,earlyRefresh,high-skew-zipf,1788518601.475000,93.999848,cache_hit_ratio_l1,all,0.7284493845965928
2026-09-04_10-41-47-475152_earlyRefresh,earlyRefresh,high-skew-zipf,1788518602.475000,94.999848,cache_hit_ratio_l1,all,0.7063829787234043
2026-09-04_10-41-47-475152_earlyRefresh,earlyRefresh,high-skew-zipf,1788518603.475000,95.999848,cache_hit_ratio_l1,all,0.735054132953783
2026-09-04_10-41-47-475152_earlyRefresh,earlyRefresh,high-skew-zipf,1788518604.475000,96.999848,cache_hit_ratio_l1,all,0.7392813695687477
2026-09-04_10-41-47-475152_earlyRefresh,earlyRefresh,high-skew-zipf,1788518605.475000,97.999848,cache_hit_ratio_l1,all,0.7272727272727273
2026-09-04_10-41-47-475152_earlyRefresh,earlyRefresh,high-skew-zipf,1788518606.475000,98.999848,cache_hit_ratio_l1,all,0.7033884183144616
2026-09-04_10-41-47-475152_earlyRefresh,earlyRefresh,high-skew-zipf,1788518607.475000,99.999848,cache_hit_ratio_l1,all,0.6936170212765957
2026-09-04_10-41-47-475152_earlyRefresh,earlyRefresh,high-skew-zipf,1788518608.475000,100.999848,cache_hit_ratio_l1,all,0.6991525423728815
2026-09-04_10-41-47-475152_earlyRefresh,earlyRefresh,high-skew-zipf,1788518609.475000,101.999848,cache_hit_ratio_l1,all,0.6978723404255319
2026-09-04_10-41-47-475152_earlyRefresh,earlyRefresh,high-skew-zipf,1788518610.475000,102.999848,cache_hit_ratio_l1,all,0.7264967612189438
2026-09-04_10-41-47-475152_earlyRefresh,earlyRefresh,high-skew-zipf,1788518611.475000,103.999848,cache_hit_ratio_l1,all,0.7265003903778972
2026-09-04_10-41-47-475152_earlyRefresh,earlyRefresh,high-skew-zipf,1788518612.475000,104.999848,cache_hit_ratio_l1,all,0.7155172413793103
2026-09-04_10-41-47-475152_earlyRefresh,earlyRefresh,high-skew-zipf,1788518613.475000,105.999848,cache_hit_ratio_l1,all,0.7124463519313305
2026-09-04_10-41-47-475152_earlyRefresh,earlyRefresh,high-skew-zipf,1788518614.475000,106.999848,cache_hit_ratio_l1,all,0.7161823636355696
2026-09-04_10-41-47-475152_earlyRefresh,earlyRefresh,high-skew-zipf,1788518615.475000,107.999848,cache_hit_ratio_l1,all,0.7434782608695653
2026-09-04_10-41-47-475152_earlyRefresh,earlyRefresh,high-skew-zipf,1788518616.475000,108.999848,cache_hit_ratio_l1,all,0.7248908296943232
2026-09-04_10-41-47-475152_earlyRefresh,earlyRefresh,high-skew-zipf,1788518617.475000,109.999848,cache_hit_ratio_l1,all,0.7033898305084746
2026-09-04_10-41-47-475152_earlyRefresh,earlyRefresh,high-skew-zipf,1788518618.475000,110.999848,cache_hit_ratio_l1,all,0.684873949579832
2026-09-04_10-41-47-475152_earlyRefresh,earlyRefresh,high-skew-zipf,1788518619.475000,111.999848,cache_hit_ratio_l1,all,0.7029288702928871
2026-09-04_10-41-47-475152_earlyRefresh,earlyRefresh,high-skew-zipf,1788518620.475000,112.999848,cache_hit_ratio_l1,all,0.7394937269083282
2026-09-04_10-41-47-475152_earlyRefresh,earlyRefresh,high-skew-zipf,1788518621.475000,113.999848,cache_hit_ratio_l1,all,0.7445824364175694
2026-09-04_10-41-47-475152_earlyRefresh,earlyRefresh,high-skew-zipf,1788518622.475000,114.999848,cache_hit_ratio_l1,all,0.682408929677786
2026-09-04_10-41-47-475152_earlyRefresh,earlyRefresh,high-skew-zipf,1788518623.475000,115.999848,cache_hit_ratio_l1,all,0.6680839235418753
2026-09-04_10-41-47-475152_earlyRefresh,earlyRefresh,high-skew-zipf,1788518624.475000,116.999848,cache_hit_ratio_l1,all,0.6903726015171798
2026-09-04_10-41-47-475152_earlyRefresh,earlyRefresh,high-skew-zipf,1788518625.475000,117.999848,cache_hit_ratio_l1,all,0.7617091184573784
2026-09-04_10-41-47-475152_earlyRefresh,earlyRefresh,high-skew-zipf,1788518626.475000,118.999848,cache_hit_ratio_l1,all,0.7682403433476396
2026-09-04_10-41-47-475152_earlyRefresh,earlyRefresh,high-skew-zipf,1788518627.475000,119.999848,cache_hit_ratio_l1,all,0.7434782608695651
2026-09-04_10-41-47-475152_earlyRefresh,earlyRefresh,high-skew-zipf,1788518628.475000,120.999848,cache_hit_ratio_l1,all,0.7081655375333086
2026-09-04_10-41-47-475152_earlyRefresh,earlyRefresh,high-skew-zipf,1788518629.475000,121.999848,cache_hit_ratio_l1,all,0.7136740933661213
2026-09-04_10-41-47-475152_earlyRefresh,earlyRefresh,high-skew-zipf,1788518630.475000,122.999848,cache_hit_ratio_l1,all,0.7594945433982011
2026-09-04_10-41-47-475152_earlyRefresh,earlyRefresh,high-skew-zipf,1788518631.475000,123.999848,cache_hit_ratio_l1,all,0.7820545322995061
2026-09-04_10-41-47-475152_earlyRefresh,earlyRefresh,high-skew-zipf,1788518632.475000,124.999848,cache_hit_ratio_l1,all,0.7725321888412018
2026-09-04_10-41-47-475152_earlyRefresh,earlyRefresh,high-skew-zipf,1788518633.475000,125.999848,cache_hit_ratio_l1,all,0.7330515537900385
2026-09-04_10-41-47-475152_earlyRefresh,earlyRefresh,high-skew-zipf,1788518634.475000,126.999848,cache_hit_ratio_l1,all,0.7173963776571458
2026-09-04_10-41-47-475152_earlyRefresh,earlyRefresh,high-skew-zipf,1788518635.475000,127.999848,cache_hit_ratio_l1,all,0.7081692300869383
2026-09-04_10-41-47-475152_earlyRefresh,earlyRefresh,high-skew-zipf,1788518636.475000,128.999848,cache_hit_ratio_l1,all,0.7347826086956522
2026-09-04_10-41-47-475152_earlyRefresh,earlyRefresh,high-skew-zipf,1788518637.475000,129.999848,cache_hit_ratio_l1,all,0.7196652719665272
2026-09-04_10-41-47-475152_earlyRefresh,earlyRefresh,high-skew-zipf,1788518638.475000,130.999848,cache_hit_ratio_l1,all,0.7393049042455598
2026-09-04_10-41-47-475152_earlyRefresh,earlyRefresh,high-skew-zipf,1788518639.475000,131.999848,cache_hit_ratio_l1,all,0.7021276595744681
2026-09-04_10-41-47-475152_earlyRefresh,earlyRefresh,high-skew-zipf,1788518640.475000,132.999848,cache_hit_ratio_l1,all,0.723404255319149
2026-09-04_10-41-47-475152_earlyRefresh,earlyRefresh,high-skew-zipf,1788518641.475000,133.999848,cache_hit_ratio_l1,all,0.723404255319149
2026-09-04_10-41-47-475152_earlyRefresh,earlyRefresh,high-skew-zipf,1788518642.475000,134.999848,cache_hit_ratio_l1,all,0.7446808510638298
2026-09-04_10-41-47-475152_earlyRefresh,earlyRefresh,high-skew-zipf,1788518643.475000,135.999848,cache_hit_ratio_l1,all,0.7393197999763572
2026-09-04_10-41-47-475152_earlyRefresh,earlyRefresh,high-skew-zipf,1788518644.475000,136.999848,cache_hit_ratio_l1,all,0.7435865287897395
2026-09-04_10-41-47-475152_earlyRefresh,earlyRefresh,high-skew-zipf,1788518645.475000,137.999848,cache_hit_ratio_l1,all,0.7284493842270767
2026-09-04_10-41-47-475152_earlyRefresh,earlyRefresh,high-skew-zipf,1788518646.475000,138.999848,cache_hit_ratio_l1,all,0.7478582560064273
2026-09-04_10-41-47-475152_earlyRefresh,earlyRefresh,high-skew-zipf,1788518647.475000,139.999848,cache_hit_ratio_l1,all,0.717948717948718
2026-09-04_10-41-47-475152_earlyRefresh,earlyRefresh,high-skew-zipf,1788518648.475000,140.999848,cache_hit_ratio_l1,all,0.7288115005324843
2026-09-04_10-41-47-475152_earlyRefresh,earlyRefresh,high-skew-zipf,1788518649.475000,141.999848,cache_hit_ratio_l1,all,0.7222222222222222
2026-09-04_10-41-47-475152_earlyRefresh,earlyRefresh,high-skew-zipf,1788518650.475000,142.999848,cache_hit_ratio_l1,all,0.7542372881355933
2026-09-04_10-41-47-475152_earlyRefresh,earlyRefresh,high-skew-zipf,1788518651.475000,143.999848,cache_hit_ratio_l1,all,0.7744499653191983
2026-09-04_10-41-47-475152_earlyRefresh,earlyRefresh,high-skew-zipf,1788518652.475000,144.999848,cache_hit_ratio_l1,all,0.7768129087082851
2026-09-04_10-41-47-475152_earlyRefresh,earlyRefresh,high-skew-zipf,1788518653.475000,145.999848,cache_hit_ratio_l1,all,0.7564102564102564
2026-09-04_10-41-47-475152_earlyRefresh,earlyRefresh,high-skew-zipf,1788518654.475000,146.999848,cache_hit_ratio_l1,all,0.737068247006685
2026-09-04_10-41-47-475152_earlyRefresh,earlyRefresh,high-skew-zipf,1788518655.475000,147.999848,cache_hit_ratio_l1,all,0.7457595263161614
2026-09-04_10-41-47-475152_earlyRefresh,earlyRefresh,high-skew-zipf,1788518656.475000,148.999848,cache_hit_ratio_l1,all,0.7478710865404213
2026-09-04_10-41-47-475152_earlyRefresh,earlyRefresh,high-skew-zipf,1788518657.475000,149.999848,cache_hit_ratio_l1,all,0.7584745762711864
2026-09-04_10-41-47-475152_earlyRefresh,earlyRefresh,high-skew-zipf,1788518658.475000,150.999848,cache_hit_ratio_l1,all,0.7596627186513324
2026-09-04_10-41-47-475152_earlyRefresh,earlyRefresh,high-skew-zipf,1788518659.475000,151.999848,cache_hit_ratio_l1,all,0.75757772497284
2026-09-04_10-41-47-475152_earlyRefresh,earlyRefresh,high-skew-zipf,1788518660.475000,152.999848,cache_hit_ratio_l1,all,0.7631578947368421
2026-09-04_10-41-47-475152_earlyRefresh,earlyRefresh,high-skew-zipf,1788518661.475000,153.999848,cache_hit_ratio_l1,all,0.7167381974248928
2026-09-04_10-41-47-475152_earlyRefresh,earlyRefresh,high-skew-zipf,1788518662.475000,154.999848,cache_hit_ratio_l1,all,0.717948717948718
2026-09-04_10-41-47-475152_earlyRefresh,earlyRefresh,high-skew-zipf,1788518663.475000,155.999848,cache_hit_ratio_l1,all,0.7058823529411765
2026-09-04_10-41-47-475152_earlyRefresh,earlyRefresh,high-skew-zipf,1788518664.475000,156.999848,cache_hit_ratio_l1,all,0.7361702127659575
2026-09-04_10-41-47-475152_earlyRefresh,earlyRefresh,high-skew-zipf,1788518665.475000,157.999848,cache_hit_ratio_l1,all,0.7404288944816296
2026-09-04_10-41-47-475152_earlyRefresh,earlyRefresh,high-skew-zipf,1788518666.475000,158.999848,cache_hit_ratio_l1,all,0.7330508474576272
2026-09-04_10-41-47-475152_earlyRefresh,earlyRefresh,high-skew-zipf,1788518667.475000,159.999848,cache_hit_ratio_l1,all,0.7361714438880357
2026-09-04_10-41-47-475152_earlyRefresh,earlyRefresh,high-skew-zipf,1788518668.475000,160.999848,cache_hit_ratio_l1,all,0.723403742352344
2026-09-04_10-41-47-475152_earlyRefresh,earlyRefresh,high-skew-zipf,1788518669.475000,161.999848,cache_hit_ratio_l1,all,0.7359307359307359
2026-09-04_10-41-47-475152_earlyRefresh,earlyRefresh,high-skew-zipf,1788518670.475000,162.999848,cache_hit_ratio_l1,all,0.6969696969696969
2026-09-04_10-41-47-475152_earlyRefresh,earlyRefresh,high-skew-zipf,1788518671.475000,163.999848,cache_hit_ratio_l1,all,0.6995708154506438
2026-09-04_10-41-47-475152_earlyRefresh,earlyRefresh,high-skew-zipf,1788518672.475000,164.999848,cache_hit_ratio_l1,all,0.6525391165784225
2026-09-04_10-41-47-475152_earlyRefresh,earlyRefresh,high-skew-zipf,1788518673.475000,165.999848,cache_hit_ratio_l1,all,0.7063867324334367
2026-09-04_10-41-47-475152_earlyRefresh,earlyRefresh,high-skew-zipf,1788518674.475000,166.999848,cache_hit_ratio_l1,all,0.7148936170212766
2026-09-04_10-41-47-475152_earlyRefresh,earlyRefresh,high-skew-zipf,1788518675.475000,167.999848,cache_hit_ratio_l1,all,0.766235040786048
2026-09-04_10-41-47-475152_earlyRefresh,earlyRefresh,high-skew-zipf,1788518676.475000,168.999848,cache_hit_ratio_l1,all,0.7148936170212766
2026-09-04_10-41-47-475152_earlyRefresh,earlyRefresh,high-skew-zipf,1788518677.475000,169.999848,cache_hit_ratio_l1,all,0.7030567685589519
2026-09-04_10-41-47-475152_earlyRefresh,earlyRefresh,high-skew-zipf,1788518678.475000,170.999848,cache_hit_ratio_l1,all,0.6638250619045324
2026-09-04_10-41-47-475152_earlyRefresh,earlyRefresh,high-skew-zipf,1788518679.475000,171.999848,cache_hit_ratio_l1,all,0.7038645953614554
2026-09-04_10-41-47-475152_earlyRefresh,earlyRefresh,high-skew-zipf,1788518680.475000,172.999848,cache_hit_ratio_l1,all,0.7136752136752137
2026-09-04_10-41-47-475152_earlyRefresh,earlyRefresh,high-skew-zipf,1788518681.475000,173.999848,cache_hit_ratio_l1,all,0.692306268043645
2026-09-04_10-41-47-475152_earlyRefresh,earlyRefresh,high-skew-zipf,1788518682.475000,174.999848,cache_hit_ratio_l1,all,0.6652547041093336
2026-09-04_10-41-47-475152_earlyRefresh,earlyRefresh,high-skew-zipf,1788518683.475000,175.999848,cache_hit_ratio_l1,all,0.6425531914893617
2026-09-04_10-41-47-475152_earlyRefresh,earlyRefresh,high-skew-zipf,1788518684.475000,176.999848,cache_hit_ratio_l1,all,0.7088594418185911
2026-09-04_10-41-47-475152_earlyRefresh,earlyRefresh,high-skew-zipf,1788518685.475000,177.999848,cache_hit_ratio_l1,all,0.7316017316017316
2026-09-04_10-41-47-475152_earlyRefresh,earlyRefresh,high-skew-zipf,1788518686.475000,178.999848,cache_hit_ratio_l1,all,0.7148936170212766
2026-09-04_10-41-47-475152_earlyRefresh,earlyRefresh,high-skew-zipf,1788518687.475000,179.999848,cache_hit_ratio_l1,all,0.689655172413793
2026-09-04_10-41-47-475152_earlyRefresh,earlyRefresh,high-skew-zipf,1788518688.475000,180.999848,cache_hit_ratio_l1,all,0.6794907413343819
2026-09-04_10-41-47-475152_earlyRefresh,earlyRefresh,high-skew-zipf,1788518689.475000,181.999848,cache_hit_ratio_l1,all,0.6965811965811965
2026-09-04_10-41-47-475152_earlyRefresh,earlyRefresh,high-skew-zipf,1788518690.475000,182.999848,cache_hit_ratio_l1,all,0.7319231265682559
2026-09-04_10-41-47-475152_earlyRefresh,earlyRefresh,high-skew-zipf,1788518691.475000,183.999848,cache_hit_ratio_l1,all,0.744680669956106
2026-09-04_10-41-47-475152_earlyRefresh,earlyRefresh,high-skew-zipf,1788518692.475000,184.999848,cache_hit_ratio_l1,all,0.7415211617788328
2026-09-04_10-41-47-475152_earlyRefresh,earlyRefresh,high-skew-zipf,1788518693.475000,185.999848,cache_hit_ratio_l1,all,0.7167384000102988
2026-09-04_10-41-47-475152_earlyRefresh,earlyRefresh,high-skew-zipf,1788518694.475000,186.999848,cache_hit_ratio_l1,all,0.7008566975974291
2026-09-04_10-41-47-475152_earlyRefresh,earlyRefresh,high-skew-zipf,1788518695.475000,187.999848,cache_hit_ratio_l1,all,0.7435783475783475
2026-09-04_10-41-47-475152_earlyRefresh,earlyRefresh,high-skew-zipf,1788518696.475000,188.999848,cache_hit_ratio_l1,all,0.7711864406779662
2026-09-04_10-41-47-475152_earlyRefresh,earlyRefresh,high-skew-zipf,1788518697.475000,189.999848,cache_hit_ratio_l1,all,0.7905990029677311
2026-09-04_10-41-47-475152_earlyRefresh,earlyRefresh,high-skew-zipf,1788518698.475000,190.999848,cache_hit_ratio_l1,all,0.7659529794973358
2026-09-04_10-41-47-475152_earlyRefresh,earlyRefresh,high-skew-zipf,1788518699.475000,191.999848,cache_hit_ratio_l1,all,0.7
2026-09-04_10-41-47-475152_earlyRefresh,earlyRefresh,high-skew-zipf,1788518700.475000,192.999848,cache_hit_ratio_l1,all,0.6824034334763948
2026-09-04_10-41-47-475152_earlyRefresh,earlyRefresh,high-skew-zipf,1788518701.475000,193.999848,cache_hit_ratio_l1,all,0.6866952789699571
2026-09-04_10-41-47-475152_earlyRefresh,earlyRefresh,high-skew-zipf,1788518702.475000,194.999848,cache_hit_ratio_l1,all,0.7257383966244726
2026-09-04_10-41-47-475152_earlyRefresh,earlyRefresh,high-skew-zipf,1788518703.475000,195.999848,cache_hit_ratio_l1,all,0.7393162393162392
2026-09-04_10-41-47-475152_earlyRefresh,earlyRefresh,high-skew-zipf,1788518704.475000,196.999848,cache_hit_ratio_l1,all,0.745761658353146
2026-09-04_10-41-47-475152_earlyRefresh,earlyRefresh,high-skew-zipf,1788518705.475000,197.999848,cache_hit_ratio_l1,all,0.7542383536215833
2026-09-04_10-41-47-475152_earlyRefresh,earlyRefresh,high-skew-zipf,1788518706.475000,198.999848,cache_hit_ratio_l1,all,0.7617021276595745
2026-09-04_10-41-47-475152_earlyRefresh,earlyRefresh,high-skew-zipf,1788518707.475000,199.999848,cache_hit_ratio_l1,all,0.7596553938754171
2026-09-04_10-41-47-475152_earlyRefresh,earlyRefresh,high-skew-zipf,1788518708.475000,200.999848,cache_hit_ratio_l1,all,0.7402584848712193
2026-09-04_10-41-47-475152_earlyRefresh,earlyRefresh,high-skew-zipf,1788518709.475000,201.999848,cache_hit_ratio_l1,all,0.7033898305084747
2026-09-04_10-41-47-475152_earlyRefresh,earlyRefresh,high-skew-zipf,1788518710.475000,202.999848,cache_hit_ratio_l1,all,0.6909883342419261
2026-09-04_10-41-47-475152_earlyRefresh,earlyRefresh,high-skew-zipf,1788518711.475000,203.999848,cache_hit_ratio_l1,all,0.7130785602653609
2026-09-04_10-41-47-475152_earlyRefresh,earlyRefresh,high-skew-zipf,1788518712.475000,204.999848,cache_hit_ratio_l1,all,0.7381974248927039
2026-09-04_10-41-47-475152_earlyRefresh,earlyRefresh,high-skew-zipf,1788518713.475000,205.999848,cache_hit_ratio_l1,all,0.7659594088088503
2026-09-04_10-41-47-475152_earlyRefresh,earlyRefresh,high-skew-zipf,1788518714.475000,206.999848,cache_hit_ratio_l1,all,0.7672320897473843
2026-09-04_10-41-47-475152_earlyRefresh,earlyRefresh,high-skew-zipf,1788518715.475000,207.999848,cache_hit_ratio_l1,all,0.7543056683216336
2026-09-04_10-41-47-475152_earlyRefresh,earlyRefresh,high-skew-zipf,1788518716.475000,208.999848,cache_hit_ratio_l1,all,0.7316017316017317
2026-09-04_10-41-47-475152_earlyRefresh,earlyRefresh,high-skew-zipf,1788518717.475000,209.999848,cache_hit_ratio_l1,all,0.7179511663968259
2026-09-04_10-41-47-475152_earlyRefresh,earlyRefresh,high-skew-zipf,1788518718.475000,210.999848,cache_hit_ratio_l1,all,0.7063848142504037
2026-09-04_10-41-47-475152_earlyRefresh,earlyRefresh,high-skew-zipf,1788518719.475000,211.999848,cache_hit_ratio_l1,all,0.7088654766156953
2026-09-04_10-41-47-475152_earlyRefresh,earlyRefresh,high-skew-zipf,1788518720.475000,212.999848,cache_hit_ratio_l1,all,0.7222222222222222
2026-09-04_10-41-47-475152_earlyRefresh,earlyRefresh,high-skew-zipf,1788518721.475000,213.999848,cache_hit_ratio_l1,all,0.706892661862233
2026-09-04_10-41-47-475152_earlyRefresh,earlyRefresh,high-skew-zipf,1788518722.475000,214.999848,cache_hit_ratio_l1,all,0.6939672329975008
2026-09-04_10-41-47-475152_earlyRefresh,earlyRefresh,high-skew-zipf,1788518723.475000,215.999848,cache_hit_ratio_l1,all,0.6765957446808512
2026-09-04_10-41-47-475152_earlyRefresh,earlyRefresh,high-skew-zipf,1788518724.475000,216.999848,cache_hit_ratio_l1,all,0.7330533427291176
2026-09-04_10-41-47-475152_earlyRefresh,earlyRefresh,high-skew-zipf,1788518725.475000,217.999848,cache_hit_ratio_l1,all,0.7191489361702127
2026-09-04_10-41-47-475152_earlyRefresh,earlyRefresh,high-skew-zipf,1788518726.475000,218.999848,cache_hit_ratio_l1,all,0.7205240174672489
2026-09-04_10-41-47-475152_earlyRefresh,earlyRefresh,high-skew-zipf,1788518727.475000,219.999848,cache_hit_ratio_l1,all,0.6753246753246753
2026-09-04_10-41-47-475152_earlyRefresh,earlyRefresh,high-skew-zipf,1788518728.475000,220.999848,cache_hit_ratio_l1,all,0.6923048428299303
2026-09-04_10-41-47-475152_earlyRefresh,earlyRefresh,high-skew-zipf,1788518729.475000,221.999848,cache_hit_ratio_l1,all,0.6820081464122308
2026-09-04_10-41-47-475152_earlyRefresh,earlyRefresh,high-skew-zipf,1788518730.475000,222.999848,cache_hit_ratio_l1,all,0.6877637130801687
2026-09-04_10-41-47-475152_earlyRefresh,earlyRefresh,high-skew-zipf,1788518731.475000,223.999848,cache_hit_ratio_l1,all,0.6851009334607826
2026-09-04_10-41-47-475152_earlyRefresh,earlyRefresh,high-skew-zipf,1788518732.475000,224.999848,cache_hit_ratio_l1,all,0.7025887889535811
2026-09-04_10-41-47-475152_earlyRefresh,earlyRefresh,high-skew-zipf,1788518733.475000,225.999848,cache_hit_ratio_l1,all,0.7155172413793103
2026-09-04_10-41-47-475152_earlyRefresh,earlyRefresh,high-skew-zipf,1788518734.475000,226.999848,cache_hit_ratio_l1,all,0.7272727272727273
2026-09-04_10-41-47-475152_earlyRefresh,earlyRefresh,high-skew-zipf,1788518735.475000,227.999848,cache_hit_ratio_l1,all,0.728813559322034
2026-09-04_10-41-47-475152_earlyRefresh,earlyRefresh,high-skew-zipf,1788518736.475000,228.999848,cache_hit_ratio_l1,all,0.7531914893617022
2026-09-04_10-41-47-475152_earlyRefresh,earlyRefresh,high-skew-zipf,1788518737.475000,229.999848,cache_hit_ratio_l1,all,0.7854077253218885
2026-09-04_10-41-47-475152_earlyRefresh,earlyRefresh,high-skew-zipf,1788518738.475000,230.999848,cache_hit_ratio_l1,all,0.7543053152536917
2026-09-04_10-41-47-475152_earlyRefresh,earlyRefresh,high-skew-zipf,1788518739.475000,231.999848,cache_hit_ratio_l1,all,0.7552742616033755
2026-09-04_10-41-47-475152_earlyRefresh,earlyRefresh,high-skew-zipf,1788518740.475000,232.999848,cache_hit_ratio_l1,all,0.7361702127659575
2026-09-04_10-41-47-475152_earlyRefresh,earlyRefresh,high-skew-zipf,1788518741.475000,233.999848,cache_hit_ratio_l1,all,0.7616977040689701
2026-09-04_10-41-47-475152_earlyRefresh,earlyRefresh,high-skew-zipf,1788518742.475000,234.999848,cache_hit_ratio_l1,all,0.7424892703862661
2026-09-04_10-41-47-475152_earlyRefresh,earlyRefresh,high-skew-zipf,1788518743.475000,235.999848,cache_hit_ratio_l1,all,0.7191489361702127
2026-09-04_10-41-47-475152_earlyRefresh,earlyRefresh,high-skew-zipf,1788518744.475000,236.999848,cache_hit_ratio_l1,all,0.703862660944206
2026-09-04_10-41-47-475152_earlyRefresh,earlyRefresh,high-skew-zipf,1788518745.475000,237.999848,cache_hit_ratio_l1,all,0.71915583033756
2026-09-04_10-41-47-475152_earlyRefresh,earlyRefresh,high-skew-zipf,1788518746.475000,238.999848,cache_hit_ratio_l1,all,0.7296137339055795
2026-09-04_10-41-47-475152_earlyRefresh,earlyRefresh,high-skew-zipf,1788518747.475000,239.999848,cache_hit_ratio_l1,all,0.7552742616033755
2026-09-04_10-41-47-475152_earlyRefresh,earlyRefresh,high-skew-zipf,1788518507.475000,-0.000152,cache_hit_ratio_l2,all,0
2026-09-04_10-41-47-475152_earlyRefresh,earlyRefresh,high-skew-zipf,1788518508.475000,0.999848,cache_hit_ratio_l2,all,0
2026-09-04_10-41-47-475152_earlyRefresh,earlyRefresh,high-skew-zipf,1788518509.475000,1.999848,cache_hit_ratio_l2,all,0
2026-09-04_10-41-47-475152_earlyRefresh,earlyRefresh,high-skew-zipf,1788518510.475000,2.999848,cache_hit_ratio_l2,all,0.05683797909407665
2026-09-04_10-41-47-475152_earlyRefresh,earlyRefresh,high-skew-zipf,1788518511.475000,3.999848,cache_hit_ratio_l2,all,0.08932689176039718
2026-09-04_10-41-47-475152_earlyRefresh,earlyRefresh,high-skew-zipf,1788518512.475000,4.999848,cache_hit_ratio_l2,all,0.09502717734799647
2026-09-04_10-41-47-475152_earlyRefresh,earlyRefresh,high-skew-zipf,1788518513.475000,5.999848,cache_hit_ratio_l2,all,0.09832563178464972
2026-09-04_10-41-47-475152_earlyRefresh,earlyRefresh,high-skew-zipf,1788518514.475000,6.999848,cache_hit_ratio_l2,all,0.09913414634146342
2026-09-04_10-41-47-475152_earlyRefresh,earlyRefresh,high-skew-zipf,1788518515.475000,7.999848,cache_hit_ratio_l2,all,0.1515994167309318
2026-09-04_10-41-47-475152_earlyRefresh,earlyRefresh,high-skew-zipf,1788518516.475000,8.999848,cache_hit_ratio_l2,all,0.1479682808673477
2026-09-04_10-41-47-475152_earlyRefresh,earlyRefresh,high-skew-zipf,1788518517.475000,9.999848,cache_hit_ratio_l2,all,0.128
2026-09-04_10-41-47-475152_earlyRefresh,earlyRefresh,high-skew-zipf,1788518518.475000,10.999848,cache_hit_ratio_l2,all,0.1489293787180918
2026-09-04_10-41-47-475152_earlyRefresh,earlyRefresh,high-skew-zipf,1788518519.475000,11.999848,cache_hit_ratio_l2,all,0.16233766233766234
2026-09-04_10-41-47-475152_earlyRefresh,earlyRefresh,high-skew-zipf,1788518520.475000,12.999848,cache_hit_ratio_l2,all,0.21176470588235294
2026-09-04_10-41-47-475152_earlyRefresh,earlyRefresh,high-skew-zipf,1788518521.475000,13.999848,cache_hit_ratio_l2,all,0.211954464358489
2026-09-04_10-41-47-475152_earlyRefresh,earlyRefresh,high-skew-zipf,1788518522.475000,14.999848,cache_hit_ratio_l2,all,0.19597989949748745
2026-09-04_10-41-47-475152_earlyRefresh,earlyRefresh,high-skew-zipf,1788518523.475000,15.999848,cache_hit_ratio_l2,all,0.16901408450704225
2026-09-04_10-41-47-475152_earlyRefresh,earlyRefresh,high-skew-zipf,1788518524.475000,16.999848,cache_hit_ratio_l2,all,0.13004354266598306
2026-09-04_10-41-47-475152_earlyRefresh,earlyRefresh,high-skew-zipf,1788518525.475000,17.999848,cache_hit_ratio_l2,all,0.13777777777777775
2026-09-04_10-41-47-475152_earlyRefresh,earlyRefresh,high-skew-zipf,1788518526.475000,18.999848,cache_hit_ratio_l2,all,0.11914601430308291
2026-09-04_10-41-47-475152_earlyRefresh,earlyRefresh,high-skew-zipf,1788518527.475000,19.999848,cache_hit_ratio_l2,all,0.1191444266006889
2026-09-04_10-41-47-475152_earlyRefresh,earlyRefresh,high-skew-zipf,1788518528.475000,20.999848,cache_hit_ratio_l2,all,0.1078838174273859
2026-09-04_10-41-47-475152_earlyRefresh,earlyRefresh,high-skew-zipf,1788518529.475000,21.999848,cache_hit_ratio_l2,all,0.11914618333281314
2026-09-04_10-41-47-475152_earlyRefresh,earlyRefresh,high-skew-zipf,1788518530.475000,22.999848,cache_hit_ratio_l2,all,0.11688311688311688
2026-09-04_10-41-47-475152_earlyRefresh,earlyRefresh,high-skew-zipf,1788518531.475000,23.999848,cache_hit_ratio_l2,all,0.125
2026-09-04_10-41-47-475152_earlyRefresh,earlyRefresh,high-skew-zipf,1788518532.475000,24.999848,cache_hit_ratio_l2,all,0.125
2026-09-04_10-41-47-475152_earlyRefresh,earlyRefresh,high-skew-zipf,1788518533.475000,25.999848,cache_hit_ratio_l2,all,0.13865546218487396
2026-09-04_10-41-47-475152_earlyRefresh,earlyRefresh,high-skew-zipf,1788518534.475000,26.999848,cache_hit_ratio_l2,all,0.15254237288135594
2026-09-04_10-41-47-475152_earlyRefresh,earlyRefresh,high-skew-zipf,1788518535.475000,27.999848,cache_hit_ratio_l2,all,0.18025451906602868
2026-09-04_10-41-47-475152_earlyRefresh,earlyRefresh,high-skew-zipf,1788518536.475000,28.999848,cache_hit_ratio_l2,all,0.16371681415929204
2026-09-04_10-41-47-475152_earlyRefresh,earlyRefresh,high-skew-zipf,1788518537.475000,29.999848,cache_hit_ratio_l2,all,0.14042776028280826
2026-09-04_10-41-47-475152_earlyRefresh,earlyRefresh,high-skew-zipf,1788518538.475000,30.999848,cache_hit_ratio_l2,all,0.12658535899167228
2026-09-04_10-41-47-475152_earlyRefresh,earlyRefresh,high-skew-zipf,1788518539.475000,31.999848,cache_hit_ratio_l2,all,0.128099173553719
2026-09-04_10-41-47-475152_earlyRefresh,earlyRefresh,high-skew-zipf,1788518540.475000,32.999848,cache_hit_ratio_l2,all,0.13733752719501888
2026-09-04_10-41-47-475152_earlyRefresh,earlyRefresh,high-skew-zipf,1788518541.475000,33.999848,cache_hit_ratio_l2,all,0.16087052316041536
2026-09-04_10-41-47-475152_earlyRefresh,earlyRefresh,high-skew-zipf,1788518542.475000,34.999848,cache_hit_ratio_l2,all,0.160172322968458
2026-09-04_10-41-47-475152_earlyRefresh,earlyRefresh,high-skew-zipf,1788518543.475000,35.999848,cache_hit_ratio_l2,all,0.16738197424892706
2026-09-04_10-41-47-475152_earlyRefresh,earlyRefresh,high-skew-zipf,1788518544.475000,36.999848,cache_hit_ratio_l2,all,0.13079967037819318
2026-09-04_10-41-47-475152_earlyRefresh,earlyRefresh,high-skew-zipf,1788518545.475000,37.999848,cache_hit_ratio_l2,all,0.13136016949152543
2026-09-04_10-41-47-475152_earlyRefresh,earlyRefresh,high-skew-zipf,1788518546.475000,38.999848,cache_hit_ratio_l2,all,0.12931034482758622
2026-09-04_10-41-47-475152_earlyRefresh,earlyRefresh,high-skew-zipf,1788518547.475000,39.999848,cache_hit_ratio_l2,all,0.15948275862068964
2026-09-04_10-41-47-475152_earlyRefresh,earlyRefresh,high-skew-zipf,1788518548.475000,40.999848,cache_hit_ratio_l2,all,0.17372810746231562
2026-09-04_10-41-47-475152_earlyRefresh,earlyRefresh,high-skew-zipf,1788518549.475000,41.999848,cache_hit_ratio_l2,all,0.1610218695568028
2026-09-04_10-41-47-475152_earlyRefresh,earlyRefresh,high-skew-zipf,1788518550.475000,42.999848,cache_hit_ratio_l2,all,0.11392608055908013
2026-09-04_10-41-47-475152_earlyRefresh,earlyRefresh,high-skew-zipf,1788518551.475000,43.999848,cache_hit_ratio_l2,all,0.1391304347826087
2026-09-04_10-41-47-475152_earlyRefresh,earlyRefresh,high-skew-zipf,1788518552.475000,44.999848,cache_hit_ratio_l2,all,0.16883538470638984
2026-09-04_10-41-47-475152_earlyRefresh,earlyRefresh,high-skew-zipf,1788518553.475000,45.999848,cache_hit_ratio_l2,all,0.19827873563218393
2026-09-04_10-41-47-475152_earlyRefresh,earlyRefresh,high-skew-zipf,1788518554.475000,46.999848,cache_hit_ratio_l2,all,0.15612317505674164
2026-09-04_10-41-47-475152_earlyRefresh,earlyRefresh,high-skew-zipf,1788518555.475000,47.999848,cache_hit_ratio_l2,all,0.1398305084745763
2026-09-04_10-41-47-475152_earlyRefresh,earlyRefresh,high-skew-zipf,1788518556.475000,48.999848,cache_hit_ratio_l2,all,0.13733846635851346
2026-09-04_10-41-47-475152_earlyRefresh,earlyRefresh,high-skew-zipf,1788518557.475000,49.999848,cache_hit_ratio_l2,all,0.1637974130748324
2026-09-04_10-41-47-475152_earlyRefresh,earlyRefresh,high-skew-zipf,1788518558.475000,50.999848,cache_hit_ratio_l2,all,0.15584415584415584
2026-09-04_10-41-47-475152_earlyRefresh,earlyRefresh,high-skew-zipf,1788518559.475000,51.999848,cache_hit_ratio_l2,all,0.15254215746223446
2026-09-04_10-41-47-475152_earlyRefresh,earlyRefresh,high-skew-zipf,1788518560.475000,52.999848,cache_hit_ratio_l2,all,0.13617021276595745
2026-09-04_10-41-47-475152_earlyRefresh,earlyRefresh,high-skew-zipf,1788518561.475000,53.999848,cache_hit_ratio_l2,all,0.13559322033898305
2026-09-04_10-41-47-475152_earlyRefresh,earlyRefresh,high-skew-zipf,1788518562.475000,54.999848,cache_hit_ratio_l2,all,0.11965811965811965
2026-09-04_10-41-47-475152_earlyRefresh,earlyRefresh,high-skew-zipf,1788518563.475000,55.999848,cache_hit_ratio_l2,all,0.1282051282051282
2026-09-04_10-41-47-475152_earlyRefresh,earlyRefresh,high-skew-zipf,1788518564.475000,56.999848,cache_hit_ratio_l2,all,0.17672413793103448
2026-09-04_10-41-47-475152_earlyRefresh,earlyRefresh,high-skew-zipf,1788518565.475000,57.999848,cache_hit_ratio_l2,all,0.19657521755731716
2026-09-04_10-41-47-475152_earlyRefresh,earlyRefresh,high-skew-zipf,1788518566.475000,58.999848,cache_hit_ratio_l2,all,0.1923076923076923
2026-09-04_10-41-47-475152_earlyRefresh,earlyRefresh,high-skew-zipf,1788518567.475000,59.999848,cache_hit_ratio_l2,all,0.15898917169010937
2026-09-04_10-41-47-475152_earlyRefresh,earlyRefresh,high-skew-zipf,1788518568.475000,60.999848,cache_hit_ratio_l2,all,0.15385163543077032
2026-09-04_10-41-47-475152_earlyRefresh,earlyRefresh,high-skew-zipf,1788518569.475000,61.999848,cache_hit_ratio_l2,all,0.1416288563321758
2026-09-04_10-41-47-475152_earlyRefresh,earlyRefresh,high-skew-zipf,1788518570.475000,62.999848,cache_hit_ratio_l2,all,0.11688086767645424
2026-09-04_10-41-47-475152_earlyRefresh,earlyRefresh,high-skew-zipf,1788518571.475000,63.999848,cache_hit_ratio_l2,all,0.125
2026-09-04_10-41-47-475152_earlyRefresh,earlyRefresh,high-skew-zipf,1788518572.475000,64.999848,cache_hit_ratio_l2,all,0.13247507181851456
2026-09-04_10-41-47-475152_earlyRefresh,earlyRefresh,high-skew-zipf,1788518573.475000,65.999848,cache_hit_ratio_l2,all,0.13361834289350782
2026-09-04_10-41-47-475152_earlyRefresh,earlyRefresh,high-skew-zipf,1788518574.475000,66.999848,cache_hit_ratio_l2,all,0.12875536480686697
2026-09-04_10-41-47-475152_earlyRefresh,earlyRefresh,high-skew-zipf,1788518575.475000,67.999848,cache_hit_ratio_l2,all,0.10775862068965517
2026-09-04_10-41-47-475152_earlyRefresh,earlyRefresh,high-skew-zipf,1788518576.475000,68.999848,cache_hit_ratio_l2,all,0.11863542421558365
2026-09-04_10-41-47-475152_earlyRefresh,earlyRefresh,high-skew-zipf,1788518577.475000,69.999848,cache_hit_ratio_l2,all,0.11440677966101696
2026-09-04_10-41-47-475152_earlyRefresh,earlyRefresh,high-skew-zipf,1788518578.475000,70.999848,cache_hit_ratio_l2,all,0.1282095836015701
2026-09-04_10-41-47-475152_earlyRefresh,earlyRefresh,high-skew-zipf,1788518579.475000,71.999848,cache_hit_ratio_l2,all,0.09606986899563318
2026-09-04_10-41-47-475152_earlyRefresh,earlyRefresh,high-skew-zipf,1788518580.475000,72.999848,cache_hit_ratio_l2,all,0.10256410256410256
2026-09-04_10-41-47-475152_earlyRefresh,earlyRefresh,high-skew-zipf,1788518581.475000,73.999848,cache_hit_ratio_l2,all,0.1059322033898305
2026-09-04_10-41-47-475152_earlyRefresh,earlyRefresh,high-skew-zipf,1788518582.475000,74.999848,cache_hit_ratio_l2,all,0.12500138912040892
2026-09-04_10-41-47-475152_earlyRefresh,earlyRefresh,high-skew-zipf,1788518583.475000,75.999848,cache_hit_ratio_l2,all,0.14102452718128977
2026-09-04_10-41-47-475152_earlyRefresh,earlyRefresh,high-skew-zipf,1788518584.475000,76.999848,cache_hit_ratio_l2,all,0.15450610626532285
2026-09-04_10-41-47-475152_earlyRefresh,earlyRefresh,high-skew-zipf,1788518585.475000,77.999848,cache_hit_ratio_l2,all,0.1587982832618026
2026-09-04_10-41-47-475152_earlyRefresh,earlyRefresh,high-skew-zipf,1788518586.475000,78.999848,cache_hit_ratio_l2,all,0.15019864063141541
2026-09-04_10-41-47-475152_earlyRefresh,earlyRefresh,high-skew-zipf,1788518587.475000,79.999848,cache_hit_ratio_l2,all,0.13559322033898305
2026-09-04_10-41-47-475152_earlyRefresh,earlyRefresh,high-skew-zipf,1788518588.475000,80.999848,cache_hit_ratio_l2,all,0.13191489361702127
2026-09-04_10-41-47-475152_earlyRefresh,earlyRefresh,high-skew-zipf,1788518589.475000,81.999848,cache_hit_ratio_l2,all,0.11965829013993805
2026-09-04_10-41-47-475152_earlyRefresh,earlyRefresh,high-skew-zipf,1788518590.475000,82.999848,cache_hit_ratio_l2,all,0.11304347826086956
2026-09-04_10-41-47-475152_earlyRefresh,earlyRefresh,high-skew-zipf,1788518591.475000,83.999848,cache_hit_ratio_l2,all,0.1465486405302557
2026-09-04_10-41-47-475152_earlyRefresh,earlyRefresh,high-skew-zipf,1788518592.475000,84.999848,cache_hit_ratio_l2,all,0.15319465166015236
2026-09-04_10-41-47-475152_earlyRefresh,earlyRefresh,high-skew-zipf,1788518593.475000,85.999848,cache_hit_ratio_l2,all,0.16877637130801687
2026-09-04_10-41-47-475152_earlyRefresh,earlyRefresh,high-skew-zipf,1788518594.475000,86.999848,cache_hit_ratio_l2,all,0.14957264957264957
2026-09-04_10-41-47-475152_earlyRefresh,earlyRefresh,high-skew-zipf,1788518595.475000,87.999848,cache_hit_ratio_l2,all,0.15384856533783248
2026-09-04_10-41-47-475152_earlyRefresh,earlyRefresh,high-skew-zipf,1788518596.475000,88.999848,cache_hit_ratio_l2,all,0.14957478739369687
2026-09-04_10-41-47-475152_earlyRefresh,earlyRefresh,high-skew-zipf,1788518597.475000,89.999848,cache_hit_ratio_l2,all,0.1440677966101695
2026-09-04_10-41-47-475152_earlyRefresh,earlyRefresh,high-skew-zipf,1788518598.475000,90.999848,cache_hit_ratio_l2,all,0.14830720374299675
2026-09-04_10-41-47-475152_earlyRefresh,earlyRefresh,high-skew-zipf,1788518599.475000,91.999848,cache_hit_ratio_l2,all,0.14102655401671518
2026-09-04_10-41-47-475152_earlyRefresh,earlyRefresh,high-skew-zipf,1788518600.475000,92.999848,cache_hit_ratio_l2,all,0.15086206896551724
2026-09-04_10-41-47-475152_earlyRefresh,earlyRefresh,high-skew-zipf,1788518601.475000,93.999848,cache_hit_ratio_l2,all,0.12930872198710994
2026-09-04_10-41-47-475152_earlyRefresh,earlyRefresh,high-skew-zipf,1788518602.475000,94.999848,cache_hit_ratio_l2,all,0.13617021276595745
2026-09-04_10-41-47-475152_earlyRefresh,earlyRefresh,high-skew-zipf,1788518603.475000,95.999848,cache_hit_ratio_l2,all,0.12819515503296133
2026-09-04_10-41-47-475152_earlyRefresh,earlyRefresh,high-skew-zipf,1788518604.475000,96.999848,cache_hit_ratio_l2,all,0.1367745391038772
2026-09-04_10-41-47-475152_earlyRefresh,earlyRefresh,high-skew-zipf,1788518605.475000,97.999848,cache_hit_ratio_l2,all,0.14285714285714285
2026-09-04_10-41-47-475152_earlyRefresh,earlyRefresh,high-skew-zipf,1788518606.475000,98.999848,cache_hit_ratio_l2,all,0.14830579084276915
2026-09-04_10-41-47-475152_earlyRefresh,earlyRefresh,high-skew-zipf,1788518607.475000,99.999848,cache_hit_ratio_l2,all,0.14042553191489363
2026-09-04_10-41-47-475152_earlyRefresh,earlyRefresh,high-skew-zipf,1788518608.475000,100.999848,cache_hit_ratio_l2,all,0.13559322033898305
2026-09-04_10-41-47-475152_earlyRefresh,earlyRefresh,high-skew-zipf,1788518609.475000,101.999848,cache_hit_ratio_l2,all,0.12340425531914893
2026-09-04_10-41-47-475152_earlyRefresh,earlyRefresh,high-skew-zipf,1788518610.475000,102.999848,cache_hit_ratio_l2,all,0.11965971434919585
2026-09-04_10-41-47-475152_earlyRefresh,earlyRefresh,high-skew-zipf,1788518611.475000,103.999848,cache_hit_ratio_l2,all,0.11110952807016543
2026-09-04_10-41-47-475152_earlyRefresh,earlyRefresh,high-skew-zipf,1788518612.475000,104.999848,cache_hit_ratio_l2,all,0.13793103448275862
2026-09-04_10-41-47-475152_earlyRefresh,earlyRefresh,high-skew-zipf,1788518613.475000,105.999848,cache_hit_ratio_l2,all,0.1459227467811159
2026-09-04_10-41-47-475152_earlyRefresh,earlyRefresh,high-skew-zipf,1788518614.475000,106.999848,cache_hit_ratio_l2,all,0.14845102117755285
2026-09-04_10-41-47-475152_earlyRefresh,earlyRefresh,high-skew-zipf,1788518615.475000,107.999848,cache_hit_ratio_l2,all,0.1173913043478261
2026-09-04_10-41-47-475152_earlyRefresh,earlyRefresh,high-skew-zipf,1788518616.475000,108.999848,cache_hit_ratio_l2,all,0.10480349344978167
2026-09-04_10-41-47-475152_earlyRefresh,earlyRefresh,high-skew-zipf,1788518617.475000,109.999848,cache_hit_ratio_l2,all,0.11016949152542374
2026-09-04_10-41-47-475152_earlyRefresh,earlyRefresh,high-skew-zipf,1788518618.475000,110.999848,cache_hit_ratio_l2,all,0.14285714285714288
2026-09-04_10-41-47-475152_earlyRefresh,earlyRefresh,high-skew-zipf,1788518619.475000,111.999848,cache_hit_ratio_l2,all,0.14225941422594143
2026-09-04_10-41-47-475152_earlyRefresh,earlyRefresh,high-skew-zipf,1788518620.475000,112.999848,cache_hit_ratio_l2,all,0.12185259985266149
2026-09-04_10-41-47-475152_earlyRefresh,earlyRefresh,high-skew-zipf,1788518621.475000,113.999848,cache_hit_ratio_l2,all,0.11688808222577461
2026-09-04_10-41-47-475152_earlyRefresh,earlyRefresh,high-skew-zipf,1788518622.475000,114.999848,cache_hit_ratio_l2,all,0.1845487728274976
2026-09-04_10-41-47-475152_earlyRefresh,earlyRefresh,high-skew-zipf,1788518623.475000,115.999848,cache_hit_ratio_l2,all,0.21702608641390522
2026-09-04_10-41-47-475152_earlyRefresh,earlyRefresh,high-skew-zipf,1788518624.475000,116.999848,cache_hit_ratio_l2,all,0.18829066265060243
2026-09-04_10-41-47-475152_earlyRefresh,earlyRefresh,high-skew-zipf,1788518625.475000,117.999848,cache_hit_ratio_l2,all,0.13190509563357064
2026-09-04_10-41-47-475152_earlyRefresh,earlyRefresh,high-skew-zipf,1788518626.475000,118.999848,cache_hit_ratio_l2,all,0.11587982832618028
2026-09-04_10-41-47-475152_earlyRefresh,earlyRefresh,high-skew-zipf,1788518627.475000,119.999848,cache_hit_ratio_l2,all,0.13478260869565217
2026-09-04_10-41-47-475152_earlyRefresh,earlyRefresh,high-skew-zipf,1788518628.475000,120.999848,cache_hit_ratio_l2,all,0.13734211452761008
2026-09-04_10-41-47-475152_earlyRefresh,earlyRefresh,high-skew-zipf,1788518629.475000,121.999848,cache_hit_ratio_l2,all,0.12820958508695193
2026-09-04_10-41-47-475152_earlyRefresh,earlyRefresh,high-skew-zipf,1788518630.475000,122.999848,cache_hit_ratio_l2,all,0.11392326715263573
2026-09-04_10-41-47-475152_earlyRefresh,earlyRefresh,high-skew-zipf,1788518631.475000,123.999848,cache_hit_ratio_l2,all,0.11965544155096879
2026-09-04_10-41-47-475152_earlyRefresh,earlyRefresh,high-skew-zipf,1788518632.475000,124.999848,cache_hit_ratio_l2,all,0.13733905579399142
2026-09-04_10-41-47-475152_earlyRefresh,earlyRefresh,high-skew-zipf,1788518633.475000,125.999848,cache_hit_ratio_l2,all,0.13983262747181027
2026-09-04_10-41-47-475152_earlyRefresh,earlyRefresh,high-skew-zipf,1788518634.475000,126.999848,cache_hit_ratio_l2,all,0.14782608695652175
2026-09-04_10-41-47-475152_earlyRefresh,earlyRefresh,high-skew-zipf,1788518635.475000,127.999848,cache_hit_ratio_l2,all,0.1502072243101226
2026-09-04_10-41-47-475152_earlyRefresh,earlyRefresh,high-skew-zipf,1788518636.475000,128.999848,cache_hit_ratio_l2,all,0.13478260869565217
2026-09-04_10-41-47-475152_earlyRefresh,earlyRefresh,high-skew-zipf,1788518637.475000,129.999848,cache_hit_ratio_l2,all,0.13389121338912136
2026-09-04_10-41-47-475152_earlyRefresh,earlyRefresh,high-skew-zipf,1788518638.475000,130.999848,cache_hit_ratio_l2,all,0.11966598480920336
2026-09-04_10-41-47-475152_earlyRefresh,earlyRefresh,high-skew-zipf,1788518639.475000,131.999848,cache_hit_ratio_l2,all,0.16595744680851066
2026-09-04_10-41-47-475152_earlyRefresh,earlyRefresh,high-skew-zipf,1788518640.475000,132.999848,cache_hit_ratio_l2,all,0.14893617021276595
2026-09-04_10-41-47-475152_earlyRefresh,earlyRefresh,high-skew-zipf,1788518641.475000,133.999848,cache_hit_ratio_l2,all,0.15319148936170213
2026-09-04_10-41-47-475152_earlyRefresh,earlyRefresh,high-skew-zipf,1788518642.475000,134.999848,cache_hit_ratio_l2,all,0.13617021276595745
2026-09-04_10-41-47-475152_earlyRefresh,earlyRefresh,high-skew-zipf,1788518643.475000,135.999848,cache_hit_ratio_l2,all,0.14529629677105096
2026-09-04_10-41-47-475152_earlyRefresh,earlyRefresh,high-skew-zipf,1788518644.475000,136.999848,cache_hit_ratio_l2,all,0.1452993523127819
2026-09-04_10-41-47-475152_earlyRefresh,earlyRefresh,high-skew-zipf,1788518645.475000,137.999848,cache_hit_ratio_l2,all,0.133616906353386
2026-09-04_10-41-47-475152_earlyRefresh,earlyRefresh,high-skew-zipf,1788518646.475000,138.999848,cache_hit_ratio_l2,all,0.12393909954159414
2026-09-04_10-41-47-475152_earlyRefresh,earlyRefresh,high-skew-zipf,1788518647.475000,139.999848,cache_hit_ratio_l2,all,0.15384615384615385
2026-09-04_10-41-47-475152_earlyRefresh,earlyRefresh,high-skew-zipf,1788518648.475000,140.999848,cache_hit_ratio_l2,all,0.156774980861636
2026-09-04_10-41-47-475152_earlyRefresh,earlyRefresh,high-skew-zipf,1788518649.475000,141.999848,cache_hit_ratio_l2,all,0.16666666666666666
2026-09-04_10-41-47-475152_earlyRefresh,earlyRefresh,high-skew-zipf,1788518650.475000,142.999848,cache_hit_ratio_l2,all,0.13559322033898305
2026-09-04_10-41-47-475152_earlyRefresh,earlyRefresh,high-skew-zipf,1788518651.475000,143.999848,cache_hit_ratio_l2,all,0.13617853024321952
2026-09-04_10-41-47-475152_earlyRefresh,earlyRefresh,high-skew-zipf,1788518652.475000,144.999848,cache_hit_ratio_l2,all,0.14163785173411766
2026-09-04_10-41-47-475152_earlyRefresh,earlyRefresh,high-skew-zipf,1788518653.475000,145.999848,cache_hit_ratio_l2,all,0.16666666666666666
2026-09-04_10-41-47-475152_earlyRefresh,earlyRefresh,high-skew-zipf,1788518654.475000,146.999848,cache_hit_ratio_l2,all,0.18534698311787598
2026-09-04_10-41-47-475152_earlyRefresh,earlyRefresh,high-skew-zipf,1788518655.475000,147.999848,cache_hit_ratio_l2,all,0.17372835249312862
2026-09-04_10-41-47-475152_earlyRefresh,earlyRefresh,high-skew-zipf,1788518656.475000,148.999848,cache_hit_ratio_l2,all,0.1666631036315879
2026-09-04_10-41-47-475152_earlyRefresh,earlyRefresh,high-skew-zipf,1788518657.475000,149.999848,cache_hit_ratio_l2,all,0.1483050847457627
2026-09-04_10-41-47-475152_earlyRefresh,earlyRefresh,high-skew-zipf,1788518658.475000,150.999848,cache_hit_ratio_l2,all,0.14591681556964867
2026-09-04_10-41-47-475152_earlyRefresh,earlyRefresh,high-skew-zipf,1788518659.475000,151.999848,cache_hit_ratio_l2,all,0.1385292814921579
2026-09-04_10-41-47-475152_earlyRefresh,earlyRefresh,high-skew-zipf,1788518660.475000,152.999848,cache_hit_ratio_l2,all,0.11842105263157894
2026-09-04_10-41-47-475152_earlyRefresh,earlyRefresh,high-skew-zipf,1788518661.475000,153.999848,cache_hit_ratio_l2,all,0.12446351931330472
2026-09-04_10-41-47-475152_earlyRefresh,earlyRefresh,high-skew-zipf,1788518662.475000,154.999848,cache_hit_ratio_l2,all,0.12393162393162392
2026-09-04_10-41-47-475152_earlyRefresh,earlyRefresh,high-skew-zipf,1788518663.475000,155.999848,cache_hit_ratio_l2,all,0.1512605042016807
2026-09-04_10-41-47-475152_earlyRefresh,earlyRefresh,high-skew-zipf,1788518664.475000,156.999848,cache_hit_ratio_l2,all,0.15319148936170213
2026-09-04_10-41-47-475152_earlyRefresh,earlyRefresh,high-skew-zipf,1788518665.475000,157.999848,cache_hit_ratio_l2,all,0.15318592331766168
2026-09-04_10-41-47-475152_earlyRefresh,earlyRefresh,high-skew-zipf,1788518666.475000,158.999848,cache_hit_ratio_l2,all,0.14830508474576273
2026-09-04_10-41-47-475152_earlyRefresh,earlyRefresh,high-skew-zipf,1788518667.475000,159.999848,cache_hit_ratio_l2,all,0.14042917700183088
2026-09-04_10-41-47-475152_earlyRefresh,earlyRefresh,high-skew-zipf,1788518668.475000,160.999848,cache_hit_ratio_l2,all,0.14468216667281222
2026-09-04_10-41-47-475152_earlyRefresh,earlyRefresh,high-skew-zipf,1788518669.475000,161.999848,cache_hit_ratio_l2,all,0.14718614718614717
2026-09-04_10-41-47-475152_earlyRefresh,earlyRefresh,high-skew-zipf,1788518670.475000,162.999848,cache_hit_ratio_l2,all,0.15584415584415584
2026-09-04_10-41-47-475152_earlyRefresh,earlyRefresh,high-skew-zipf,1788518671.475000,163.999848,cache_hit_ratio_l2,all,0.14163090128755368
2026-09-04_10-41-47-475152_earlyRefresh,earlyRefresh,high-skew-zipf,1788518672.475000,164.999848,cache_hit_ratio_l2,all,0.14830678472744124
2026-09-04_10-41-47-475152_earlyRefresh,earlyRefresh,high-skew-zipf,1788518673.475000,165.999848,cache_hit_ratio_l2,all,0.148933937298438
2026-09-04_10-41-47-475152_earlyRefresh,earlyRefresh,high-skew-zipf,1788518674.475000,166.999848,cache_hit_ratio_l2,all,0.14893617021276595
2026-09-04_10-41-47-475152_earlyRefresh,earlyRefresh,high-skew-zipf,1788518675.475000,167.999848,cache_hit_ratio_l2,all,0.12986733710115977
2026-09-04_10-41-47-475152_earlyRefresh,earlyRefresh,high-skew-zipf,1788518676.475000,168.999848,cache_hit_ratio_l2,all,0.13191489361702127
2026-09-04_10-41-47-475152_earlyRefresh,earlyRefresh,high-skew-zipf,1788518677.475000,169.999848,cache_hit_ratio_l2,all,0.1353711790393013
2026-09-04_10-41-47-475152_earlyRefresh,earlyRefresh,high-skew-zipf,1788518678.475000,170.999848,cache_hit_ratio_l2,all,0.14893535550078146
2026-09-04_10-41-47-475152_earlyRefresh,earlyRefresh,high-skew-zipf,1788518679.475000,171.999848,cache_hit_ratio_l2,all,0.14592714374222868
2026-09-04_10-41-47-475152_earlyRefresh,earlyRefresh,high-skew-zipf,1788518680.475000,172.999848,cache_hit_ratio_l2,all,0.1623931623931624
2026-09-04_10-41-47-475152_earlyRefresh,earlyRefresh,high-skew-zipf,1788518681.475000,173.999848,cache_hit_ratio_l2,all,0.16666310600654874
2026-09-04_10-41-47-475152_earlyRefresh,earlyRefresh,high-skew-zipf,1788518682.475000,174.999848,cache_hit_ratio_l2,all,0.1737391913536479
2026-09-04_10-41-47-475152_earlyRefresh,earlyRefresh,high-skew-zipf,1788518683.475000,175.999848,cache_hit_ratio_l2,all,0.17021276595744683
2026-09-04_10-41-47-475152_earlyRefresh,earlyRefresh,high-skew-zipf,1788518684.475000,176.999848,cache_hit_ratio_l2,all,0.15612058293945533
2026-09-04_10-41-47-475152_earlyRefresh,earlyRefresh,high-skew-zipf,1788518685.475000,177.999848,cache_hit_ratio_l2,all,0.14718614718614717
2026-09-04_10-41-47-475152_earlyRefresh,earlyRefresh,high-skew-zipf,1788518686.475000,178.999848,cache_hit_ratio_l2,all,0.14042553191489363
2026-09-04_10-41-47-475152_earlyRefresh,earlyRefresh,high-skew-zipf,1788518687.475000,179.999848,cache_hit_ratio_l2,all,0.16379310344827586
2026-09-04_10-41-47-475152_earlyRefresh,earlyRefresh,high-skew-zipf,1788518688.475000,180.999848,cache_hit_ratio_l2,all,0.1623917376542814
2026-09-04_10-41-47-475152_earlyRefresh,earlyRefresh,high-skew-zipf,1788518689.475000,181.999848,cache_hit_ratio_l2,all,0.16666666666666666
2026-09-04_10-41-47-475152_earlyRefresh,earlyRefresh,high-skew-zipf,1788518690.475000,182.999848,cache_hit_ratio_l2,all,0.1361582858512659
2026-09-04_10-41-47-475152_earlyRefresh,earlyRefresh,high-skew-zipf,1788518691.475000,183.999848,cache_hit_ratio_l2,all,0.13191853388226682
2026-09-04_10-41-47-475152_earlyRefresh,earlyRefresh,high-skew-zipf,1788518692.475000,184.999848,cache_hit_ratio_l2,all,0.13559360343561058
2026-09-04_10-41-47-475152_earlyRefresh,earlyRefresh,high-skew-zipf,1788518693.475000,185.999848,cache_hit_ratio_l2,all,0.1459212120431916
2026-09-04_10-41-47-475152_earlyRefresh,earlyRefresh,high-skew-zipf,1788518694.475000,186.999848,cache_hit_ratio_l2,all,0.15384944116649904
2026-09-04_10-41-47-475152_earlyRefresh,earlyRefresh,high-skew-zipf,1788518695.475000,187.999848,cache_hit_ratio_l2,all,0.12393589743589742
2026-09-04_10-41-47-475152_earlyRefresh,earlyRefresh,high-skew-zipf,1788518696.475000,188.999848,cache_hit_ratio_l2,all,0.12711864406779663
2026-09-04_10-41-47-475152_earlyRefresh,earlyRefresh,high-skew-zipf,1788518697.475000,189.999848,cache_hit_ratio_l2,all,0.12820655294400918
2026-09-04_10-41-47-475152_earlyRefresh,earlyRefresh,high-skew-zipf,1788518698.475000,190.999848,cache_hit_ratio_l2,all,0.14894081863115066
2026-09-04_10-41-47-475152_earlyRefresh,earlyRefresh,high-skew-zipf,1788518699.475000,191.999848,cache_hit_ratio_l2,all,0.17391304347826086
2026-09-04_10-41-47-475152_earlyRefresh,earlyRefresh,high-skew-zipf,1788518700.475000,192.999848,cache_hit_ratio_l2,all,0.1502145922746781
2026-09-04_10-41-47-475152_earlyRefresh,earlyRefresh,high-skew-zipf,1788518701.475000,193.999848,cache_hit_ratio_l2,all,0.1459227467811159
2026-09-04_10-41-47-475152_earlyRefresh,earlyRefresh,high-skew-zipf,1788518702.475000,194.999848,cache_hit_ratio_l2,all,0.11392405063291138
2026-09-04_10-41-47-475152_earlyRefresh,earlyRefresh,high-skew-zipf,1788518703.475000,195.999848,cache_hit_ratio_l2,all,0.12393162393162392
2026-09-04_10-41-47-475152_earlyRefresh,earlyRefresh,high-skew-zipf,1788518704.475000,196.999848,cache_hit_ratio_l2,all,0.1186424875297189
2026-09-04_10-41-47-475152_earlyRefresh,earlyRefresh,high-skew-zipf,1788518705.475000,197.999848,cache_hit_ratio_l2,all,0.11440482227945094
2026-09-04_10-41-47-475152_earlyRefresh,earlyRefresh,high-skew-zipf,1788518706.475000,198.999848,cache_hit_ratio_l2,all,0.11489361702127661
2026-09-04_10-41-47-475152_earlyRefresh,earlyRefresh,high-skew-zipf,1788518707.475000,199.999848,cache_hit_ratio_l2,all,0.12017158787441871
2026-09-04_10-41-47-475152_earlyRefresh,earlyRefresh,high-skew-zipf,1788518708.475000,200.999848,cache_hit_ratio_l2,all,0.14718604100900856
2026-09-04_10-41-47-475152_earlyRefresh,earlyRefresh,high-skew-zipf,1788518709.475000,201.999848,cache_hit_ratio_l2,all,0.1906772597692836
2026-09-04_10-41-47-475152_earlyRefresh,earlyRefresh,high-skew-zipf,1788518710.475000,202.999848,cache_hit_ratio_l2,all,0.21888356134002404
2026-09-04_10-41-47-475152_earlyRefresh,earlyRefresh,high-skew-zipf,1788518711.475000,203.999848,cache_hit_ratio_l2,all,0.194091556814713
2026-09-04_10-41-47-475152_earlyRefresh,earlyRefresh,high-skew-zipf,1788518712.475000,204.999848,cache_hit_ratio_l2,all,0.18025751072961377
2026-09-04_10-41-47-475152_earlyRefresh,earlyRefresh,high-skew-zipf,1788518713.475000,205.999848,cache_hit_ratio_l2,all,0.15319017934916768
2026-09-04_10-41-47-475152_earlyRefresh,earlyRefresh,high-skew-zipf,1788518714.475000,206.999848,cache_hit_ratio_l2,all,0.14655501883626101
2026-09-04_10-41-47-475152_earlyRefresh,earlyRefresh,high-skew-zipf,1788518715.475000,207.999848,cache_hit_ratio_l2,all,0.13362121614922007
2026-09-04_10-41-47-475152_earlyRefresh,earlyRefresh,high-skew-zipf,1788518716.475000,208.999848,cache_hit_ratio_l2,all,0.13852813852813853
2026-09-04_10-41-47-475152_earlyRefresh,earlyRefresh,high-skew-zipf,1788518717.475000,209.999848,cache_hit_ratio_l2,all,0.1410251294096185
2026-09-04_10-41-47-475152_earlyRefresh,earlyRefresh,high-skew-zipf,1788518718.475000,210.999848,cache_hit_ratio_l2,all,0.1404210759315858
2026-09-04_10-41-47-475152_earlyRefresh,earlyRefresh,high-skew-zipf,1788518719.475000,211.999848,cache_hit_ratio_l2,all,0.13923708864070378
2026-09-04_10-41-47-475152_earlyRefresh,earlyRefresh,high-skew-zipf,1788518720.475000,212.999848,cache_hit_ratio_l2,all,0.15384615384615385
2026-09-04_10-41-47-475152_earlyRefresh,earlyRefresh,high-skew-zipf,1788518721.475000,213.999848,cache_hit_ratio_l2,all,0.17672172844651057
2026-09-04_10-41-47-475152_earlyRefresh,earlyRefresh,high-skew-zipf,1788518722.475000,214.999848,cache_hit_ratio_l2,all,0.17672223635295012
2026-09-04_10-41-47-475152_earlyRefresh,earlyRefresh,high-skew-zipf,1788518723.475000,215.999848,cache_hit_ratio_l2,all,0.19148936170212766
2026-09-04_10-41-47-475152_earlyRefresh,earlyRefresh,high-skew-zipf,1788518724.475000,216.999848,cache_hit_ratio_l2,all,0.15677590913391676
2026-09-04_10-41-47-475152_earlyRefresh,earlyRefresh,high-skew-zipf,1788518725.475000,217.999848,cache_hit_ratio_l2,all,0.1829787234042553
2026-09-04_10-41-47-475152_earlyRefresh,earlyRefresh,high-skew-zipf,1788518726.475000,218.999848,cache_hit_ratio_l2,all,0.1615720524017467
2026-09-04_10-41-47-475152_earlyRefresh,earlyRefresh,high-skew-zipf,1788518727.475000,219.999848,cache_hit_ratio_l2,all,0.17316017316017315
2026-09-04_10-41-47-475152_earlyRefresh,earlyRefresh,high-skew-zipf,1788518728.475000,220.999848,cache_hit_ratio_l2,all,0.15385470227943973
2026-09-04_10-41-47-475152_earlyRefresh,earlyRefresh,high-skew-zipf,1788518729.475000,221.999848,cache_hit_ratio_l2,all,0.14644012944983817
2026-09-04_10-41-47-475152_earlyRefresh,earlyRefresh,high-skew-zipf,1788518730.475000,222.999848,cache_hit_ratio_l2,all,0.1561181434599156
2026-09-04_10-41-47-475152_earlyRefresh,earlyRefresh,high-skew-zipf,1788518731.475000,223.999848,cache_hit_ratio_l2,all,0.1574502423707805
2026-09-04_10-41-47-475152_earlyRefresh,earlyRefresh,high-skew-zipf,1788518732.475000,224.999848,cache_hit_ratio_l2,all,0.1465486405302557
2026-09-04_10-41-47-475152_earlyRefresh,earlyRefresh,high-skew-zipf,1788518733.475000,225.999848,cache_hit_ratio_l2,all,0.13793103448275862
2026-09-04_10-41-47-475152_earlyRefresh,earlyRefresh,high-skew-zipf,1788518734.475000,226.999848,cache_hit_ratio_l2,all,0.1212121212121212
2026-09-04_10-41-47-475152_earlyRefresh,earlyRefresh,high-skew-zipf,1788518735.475000,227.999848,cache_hit_ratio_l2,all,0.13559322033898305
2026-09-04_10-41-47-475152_earlyRefresh,earlyRefresh,high-skew-zipf,1788518736.475000,228.999848,cache_hit_ratio_l2,all,0.11914893617021276
2026-09-04_10-41-47-475152_earlyRefresh,earlyRefresh,high-skew-zipf,1788518737.475000,229.999848,cache_hit_ratio_l2,all,0.11587982832618027
2026-09-04_10-41-47-475152_earlyRefresh,earlyRefresh,high-skew-zipf,1788518738.475000,230.999848,cache_hit_ratio_l2,all,0.14655747222238188
2026-09-04_10-41-47-475152_earlyRefresh,earlyRefresh,high-skew-zipf,1788518739.475000,231.999848,cache_hit_ratio_l2,all,0.1518987341772152
2026-09-04_10-41-47-475152_earlyRefresh,earlyRefresh,high-skew-zipf,1788518740.475000,232.999848,cache_hit_ratio_l2,all,0.15319148936170213
2026-09-04_10-41-47-475152_earlyRefresh,earlyRefresh,high-skew-zipf,1788518741.475000,233.999848,cache_hit_ratio_l2,all,0.1276625014004768
2026-09-04_10-41-47-475152_earlyRefresh,earlyRefresh,high-skew-zipf,1788518742.475000,234.999848,cache_hit_ratio_l2,all,0.14163090128755368
2026-09-04_10-41-47-475152_earlyRefresh,earlyRefresh,high-skew-zipf,1788518743.475000,235.999848,cache_hit_ratio_l2,all,0.14468085106382977
2026-09-04_10-41-47-475152_earlyRefresh,earlyRefresh,high-skew-zipf,1788518744.475000,236.999848,cache_hit_ratio_l2,all,0.1587982832618026
2026-09-04_10-41-47-475152_earlyRefresh,earlyRefresh,high-skew-zipf,1788518745.475000,237.999848,cache_hit_ratio_l2,all,0.15744337350081292
2026-09-04_10-41-47-475152_earlyRefresh,earlyRefresh,high-skew-zipf,1788518746.475000,238.999848,cache_hit_ratio_l2,all,0.16738197424892706
2026-09-04_10-41-47-475152_earlyRefresh,earlyRefresh,high-skew-zipf,1788518747.475000,239.999848,cache_hit_ratio_l2,all,0.16033755274261605
2026-09-04_10-41-47-475152_earlyRefresh,earlyRefresh,high-skew-zipf,1788518507.475000,-0.000152,request_duration_p95,all,NaN
2026-09-04_10-41-47-475152_earlyRefresh,earlyRefresh,high-skew-zipf,1788518508.475000,0.999848,request_duration_p95,all,NaN
2026-09-04_10-41-47-475152_earlyRefresh,earlyRefresh,high-skew-zipf,1788518509.475000,1.999848,request_duration_p95,all,0.2425
2026-09-04_10-41-47-475152_earlyRefresh,earlyRefresh,high-skew-zipf,1788518510.475000,2.999848,request_duration_p95,all,0.23984570024570023
2026-09-04_10-41-47-475152_earlyRefresh,earlyRefresh,high-skew-zipf,1788518511.475000,3.999848,request_duration_p95,all,0.23551629910118355
2026-09-04_10-41-47-475152_earlyRefresh,earlyRefresh,high-skew-zipf,1788518512.475000,4.999848,request_duration_p95,all,0.23189072629381385
2026-09-04_10-41-47-475152_earlyRefresh,earlyRefresh,high-skew-zipf,1788518513.475000,5.999848,request_duration_p95,all,0.2276479428490187
2026-09-04_10-41-47-475152_earlyRefresh,earlyRefresh,high-skew-zipf,1788518514.475000,6.999848,request_duration_p95,all,0.21800249736605926
2026-09-04_10-41-47-475152_earlyRefresh,earlyRefresh,high-skew-zipf,1788518515.475000,7.999848,request_duration_p95,all,0.2128748187167647
2026-09-04_10-41-47-475152_earlyRefresh,earlyRefresh,high-skew-zipf,1788518516.475000,8.999848,request_duration_p95,all,0.2005863410904385
2026-09-04_10-41-47-475152_earlyRefresh,earlyRefresh,high-skew-zipf,1788518517.475000,9.999848,request_duration_p95,all,0.1948529411764705
2026-09-04_10-41-47-475152_earlyRefresh,earlyRefresh,high-skew-zipf,1788518518.475000,10.999848,request_duration_p95,all,0.1839017274792138
2026-09-04_10-41-47-475152_earlyRefresh,earlyRefresh,high-skew-zipf,1788518519.475000,11.999848,request_duration_p95,all,0.1729999999999999
2026-09-04_10-41-47-475152_earlyRefresh,earlyRefresh,high-skew-zipf,1788518520.475000,12.999848,request_duration_p95,all,0.15192307692307705
2026-09-04_10-41-47-475152_earlyRefresh,earlyRefresh,high-skew-zipf,1788518521.475000,13.999848,request_duration_p95,all,0.12454287229207688
2026-09-04_10-41-47-475152_earlyRefresh,earlyRefresh,high-skew-zipf,1788518522.475000,14.999848,request_duration_p95,all,0.11431818181818186
2026-09-04_10-41-47-475152_earlyRefresh,earlyRefresh,high-skew-zipf,1788518523.475000,15.999848,request_duration_p95,all,0.11687500000000012
2026-09-04_10-41-47-475152_earlyRefresh,earlyRefresh,high-skew-zipf,1788518524.475000,16.999848,request_duration_p95,all,0.15482888486060764
2026-09-04_10-41-47-475152_earlyRefresh,earlyRefresh,high-skew-zipf,1788518525.475000,17.999848,request_duration_p95,all,0.265625
2026-09-04_10-41-47-475152_earlyRefresh,earlyRefresh,high-skew-zipf,1788518526.475000,18.999848,request_duration_p95,all,0.3825054006480776
2026-09-04_10-41-47-475152_earlyRefresh,earlyRefresh,high-skew-zipf,1788518527.475000,19.999848,request_duration_p95,all,0.38250366715562056
2026-09-04_10-41-47-475152_earlyRefresh,earlyRefresh,high-skew-zipf,1788518528.475000,20.999848,request_duration_p95,all,0.3326388888888885
2026-09-04_10-41-47-475152_earlyRefresh,earlyRefresh,high-skew-zipf,1788518529.475000,21.999848,request_duration_p95,all,0.21691216269218705
2026-09-04_10-41-47-475152_earlyRefresh,earlyRefresh,high-skew-zipf,1788518530.475000,22.999848,request_duration_p95,all,0.2462499999999999
2026-09-04_10-41-47-475152_earlyRefresh,earlyRefresh,high-skew-zipf,1788518531.475000,23.999848,request_duration_p95,all,0.3388888888888886
2026-09-04_10-41-47-475152_earlyRefresh,earlyRefresh,high-skew-zipf,1788518532.475000,24.999848,request_duration_p95,all,0.3187500000000004
2026-09-04_10-41-47-475152_earlyRefresh,earlyRefresh,high-skew-zipf,1788518533.475000,25.999848,request_duration_p95,all,0.31406249999999986
2026-09-04_10-41-47-475152_earlyRefresh,earlyRefresh,high-skew-zipf,1788518534.475000,26.999848,request_duration_p95,all,0.19899999999999973
2026-09-04_10-41-47-475152_earlyRefresh,earlyRefresh,high-skew-zipf,1788518535.475000,27.999848,request_duration_p95,all,0.1782872879236317
2026-09-04_10-41-47-475152_earlyRefresh,earlyRefresh,high-skew-zipf,1788518536.475000,28.999848,request_duration_p95,all,0.2185937500000001
2026-09-04_10-41-47-475152_earlyRefresh,earlyRefresh,high-skew-zipf,1788518537.475000,29.999848,request_duration_p95,all,0.29018871632405124
2026-09-04_10-41-47-475152_earlyRefresh,earlyRefresh,high-skew-zipf,1788518538.475000,30.999848,request_duration_p95,all,0.31485571413688873
2026-09-04_10-41-47-475152_earlyRefresh,earlyRefresh,high-skew-zipf,1788518539.475000,31.999848,request_duration_p95,all,0.22238636363636374
2026-09-04_10-41-47-475152_earlyRefresh,earlyRefresh,high-skew-zipf,1788518540.475000,32.999848,request_duration_p95,all,0.1974955270220491
2026-09-04_10-41-47-475152_earlyRefresh,earlyRefresh,high-skew-zipf,1788518541.475000,33.999848,request_duration_p95,all,0.23815065007983438
2026-09-04_10-41-47-475152_earlyRefresh,earlyRefresh,high-skew-zipf,1788518542.475000,34.999848,request_duration_p95,all,0.36874791628780956
2026-09-04_10-41-47-475152_earlyRefresh,earlyRefresh,high-skew-zipf,1788518543.475000,35.999848,request_duration_p95,all,0.3613095238095236
2026-09-04_10-41-47-475152_earlyRefresh,earlyRefresh,high-skew-zipf,1788518544.475000,36.999848,request_duration_p95,all,0.30248039019620965
2026-09-04_10-41-47-475152_earlyRefresh,earlyRefresh,high-skew-zipf,1788518545.475000,37.999848,request_duration_p95,all,0.19923269230769214
2026-09-04_10-41-47-475152_earlyRefresh,earlyRefresh,high-skew-zipf,1788518546.475000,38.999848,request_duration_p95,all,0.17772727272727257
2026-09-04_10-41-47-475152_earlyRefresh,earlyRefresh,high-skew-zipf,1788518547.475000,39.999848,request_duration_p95,all,0.20465909090909065
2026-09-04_10-41-47-475152_earlyRefresh,earlyRefresh,high-skew-zipf,1788518548.475000,40.999848,request_duration_p95,all,0.21869560492109705
2026-09-04_10-41-47-475152_earlyRefresh,earlyRefresh,high-skew-zipf,1788518549.475000,41.999848,request_duration_p95,all,0.2143758438484493
2026-09-04_10-41-47-475152_earlyRefresh,earlyRefresh,high-skew-zipf,1788518550.475000,42.999848,request_duration_p95,all,0.18875623324489854
2026-09-04_10-41-47-475152_earlyRefresh,earlyRefresh,high-skew-zipf,1788518551.475000,43.999848,request_duration_p95,all,0.17159090909090913
2026-09-04_10-41-47-475152_earlyRefresh,earlyRefresh,high-skew-zipf,1788518552.475000,44.999848,request_duration_p95,all,0.18999706930237903
2026-09-04_10-41-47-475152_earlyRefresh,earlyRefresh,high-skew-zipf,1788518553.475000,45.999848,request_duration_p95,all,0.23439337573502894
2026-09-04_10-41-47-475152_earlyRefresh,earlyRefresh,high-skew-zipf,1788518554.475000,46.999848,request_duration_p95,all,0.23890382743864227
2026-09-04_10-41-47-475152_earlyRefresh,earlyRefresh,high-skew-zipf,1788518555.475000,47.999848,request_duration_p95,all,0.23714285714285696
2026-09-04_10-41-47-475152_earlyRefresh,earlyRefresh,high-skew-zipf,1788518556.475000,48.999848,request_duration_p95,all,0.17356993190151893
2026-09-04_10-41-47-475152_earlyRefresh,earlyRefresh,high-skew-zipf,1788518557.475000,49.999848,request_duration_p95,all,0.17435166268202537
2026-09-04_10-41-47-475152_earlyRefresh,earlyRefresh,high-skew-zipf,1788518558.475000,50.999848,request_duration_p95,all,0.1926999999999999
2026-09-04_10-41-47-475152_earlyRefresh,earlyRefresh,high-skew-zipf,1788518559.475000,51.999848,request_duration_p95,all,0.22655925848781497
2026-09-04_10-41-47-475152_earlyRefresh,earlyRefresh,high-skew-zipf,1788518560.475000,52.999848,request_duration_p95,all,0.23035714285714276
2026-09-04_10-41-47-475152_earlyRefresh,earlyRefresh,high-skew-zipf,1788518561.475000,53.999848,request_duration_p95,all,0.22789473684210515
2026-09-04_10-41-47-475152_earlyRefresh,earlyRefresh,high-skew-zipf,1788518562.475000,54.999848,request_duration_p95,all,0.18583333333333343
2026-09-04_10-41-47-475152_earlyRefresh,earlyRefresh,high-skew-zipf,1788518563.475000,55.999848,request_duration_p95,all,0.173235294117647
2026-09-04_10-41-47-475152_earlyRefresh,earlyRefresh,high-skew-zipf,1788518564.475000,56.999848,request_duration_p95,all,0.13642857142857115
2026-09-04_10-41-47-475152_earlyRefresh,earlyRefresh,high-skew-zipf,1788518565.475000,57.999848,request_duration_p95,all,0.1467635465082073
2026-09-04_10-41-47-475152_earlyRefresh,earlyRefresh,high-skew-zipf,1788518566.475000,58.999848,request_duration_p95,all,0.1664285714285714
2026-09-04_10-41-47-475152_earlyRefresh,earlyRefresh,high-skew-zipf,1788518567.475000,59.999848,request_duration_p95,all,0.15565229602583877
2026-09-04_10-41-47-475152_earlyRefresh,earlyRefresh,high-skew-zipf,1788518568.475000,60.999848,request_duration_p95,all,0.14031691608653946
2026-09-04_10-41-47-475152_earlyRefresh,earlyRefresh,high-skew-zipf,1788518569.475000,61.999848,request_duration_p95,all,0.00099707285609592
2026-09-04_10-41-47-475152_earlyRefresh,earlyRefresh,high-skew-zipf,1788518570.475000,62.999848,request_duration_p95,all,0.10561687319404302
2026-09-04_10-41-47-475152_earlyRefresh,earlyRefresh,high-skew-zipf,1788518571.475000,63.999848,request_duration_p95,all,0.1257142857142856
2026-09-04_10-41-47-475152_earlyRefresh,earlyRefresh,high-skew-zipf,1788518572.475000,64.999848,request_duration_p95,all,0.14676571781450337
2026-09-04_10-41-47-475152_earlyRefresh,earlyRefresh,high-skew-zipf,1788518573.475000,65.999848,request_duration_p95,all,0.2119229955777736
2026-09-04_10-41-47-475152_earlyRefresh,earlyRefresh,high-skew-zipf,1788518574.475000,66.999848,request_duration_p95,all,0.35208333333333286
2026-09-04_10-41-47-475152_earlyRefresh,earlyRefresh,high-skew-zipf,1788518575.475000,67.999848,request_duration_p95,all,0.3909090909090909
2026-09-04_10-41-47-475152_earlyRefresh,earlyRefresh,high-skew-zipf,1788518576.475000,68.999848,request_duration_p95,all,0.3638836151808698
2026-09-04_10-41-47-475152_earlyRefresh,earlyRefresh,high-skew-zipf,1788518577.475000,69.999848,request_duration_p95,all,0.2186956521739129
2026-09-04_10-41-47-475152_earlyRefresh,earlyRefresh,high-skew-zipf,1788518578.475000,70.999848,request_duration_p95,all,0.19779805628507813
2026-09-04_10-41-47-475152_earlyRefresh,earlyRefresh,high-skew-zipf,1788518579.475000,71.999848,request_duration_p95,all,0.23912499999999998
2026-09-04_10-41-47-475152_earlyRefresh,earlyRefresh,high-skew-zipf,1788518580.475000,72.999848,request_duration_p95,all,0.3916666666666665
2026-09-04_10-41-47-475152_earlyRefresh,earlyRefresh,high-skew-zipf,1788518581.475000,73.999848,request_duration_p95,all,0.40689655172413774
2026-09-04_10-41-47-475152_earlyRefresh,earlyRefresh,high-skew-zipf,1788518582.475000,74.999848,request_duration_p95,all,0.369044595088031
2026-09-04_10-41-47-475152_earlyRefresh,earlyRefresh,high-skew-zipf,1788518583.475000,75.999848,request_duration_p95,all,0.2021450507070419
2026-09-04_10-41-47-475152_earlyRefresh,earlyRefresh,high-skew-zipf,1788518584.475000,76.999848,request_duration_p95,all,0.21147995818942017
2026-09-04_10-41-47-475152_earlyRefresh,earlyRefresh,high-skew-zipf,1788518585.475000,77.999848,request_duration_p95,all,0.29196428571428495
2026-09-04_10-41-47-475152_earlyRefresh,earlyRefresh,high-skew-zipf,1788518586.475000,78.999848,request_duration_p95,all,0.3286795847140253
2026-09-04_10-41-47-475152_earlyRefresh,earlyRefresh,high-skew-zipf,1788518587.475000,79.999848,request_duration_p95,all,0.2541666666666661
2026-09-04_10-41-47-475152_earlyRefresh,earlyRefresh,high-skew-zipf,1788518588.475000,80.999848,request_duration_p95,all,0.2125
2026-09-04_10-41-47-475152_earlyRefresh,earlyRefresh,high-skew-zipf,1788518589.475000,81.999848,request_duration_p95,all,0.19780284037871715
2026-09-04_10-41-47-475152_earlyRefresh,earlyRefresh,high-skew-zipf,1788518590.475000,82.999848,request_duration_p95,all,0.2109999999999997
2026-09-04_10-41-47-475152_earlyRefresh,earlyRefresh,high-skew-zipf,1788518591.475000,83.999848,request_duration_p95,all,0.2275005207320799
2026-09-04_10-41-47-475152_earlyRefresh,earlyRefresh,high-skew-zipf,1788518592.475000,84.999848,request_duration_p95,all,0.22836552882211916
2026-09-04_10-41-47-475152_earlyRefresh,earlyRefresh,high-skew-zipf,1788518593.475000,85.999848,request_duration_p95,all,0.21011363636363634
2026-09-04_10-41-47-475152_earlyRefresh,earlyRefresh,high-skew-zipf,1788518594.475000,86.999848,request_duration_p95,all,0.18071428571428572
2026-09-04_10-41-47-475152_earlyRefresh,earlyRefresh,high-skew-zipf,1788518595.475000,87.999848,request_duration_p95,all,0.2072390448876143
2026-09-04_10-41-47-475152_earlyRefresh,earlyRefresh,high-skew-zipf,1788518596.475000,88.999848,request_duration_p95,all,0.21643269444532634
2026-09-04_10-41-47-475152_earlyRefresh,earlyRefresh,high-skew-zipf,1788518597.475000,89.999848,request_duration_p95,all,0.2892857142857144
2026-09-04_10-41-47-475152_earlyRefresh,earlyRefresh,high-skew-zipf,1788518598.475000,90.999848,request_duration_p95,all,0.2241125439447204
2026-09-04_10-41-47-475152_earlyRefresh,earlyRefresh,high-skew-zipf,1788518599.475000,91.999848,request_duration_p95,all,0.21474196397327155
2026-09-04_10-41-47-475152_earlyRefresh,earlyRefresh,high-skew-zipf,1788518600.475000,92.999848,request_duration_p95,all,0.20043478260869546
2026-09-04_10-41-47-475152_earlyRefresh,earlyRefresh,high-skew-zipf,1788518601.475000,93.999848,request_duration_p95,all,0.22839833175532404
2026-09-04_10-41-47-475152_earlyRefresh,earlyRefresh,high-skew-zipf,1788518602.475000,94.999848,request_duration_p95,all,0.23526785714285706
2026-09-04_10-41-47-475152_earlyRefresh,earlyRefresh,high-skew-zipf,1788518603.475000,95.999848,request_duration_p95,all,0.21711346121789543
2026-09-04_10-41-47-475152_earlyRefresh,earlyRefresh,high-skew-zipf,1788518604.475000,96.999848,request_duration_p95,all,0.21796404872284292
2026-09-04_10-41-47-475152_earlyRefresh,earlyRefresh,high-skew-zipf,1788518605.475000,97.999848,request_duration_p95,all,0.22032608695652173
2026-09-04_10-41-47-475152_earlyRefresh,earlyRefresh,high-skew-zipf,1788518606.475000,98.999848,request_duration_p95,all,0.2730740142542175
2026-09-04_10-41-47-475152_earlyRefresh,earlyRefresh,high-skew-zipf,1788518607.475000,99.999848,request_duration_p95,all,0.3041666666666664
2026-09-04_10-41-47-475152_earlyRefresh,earlyRefresh,high-skew-zipf,1788518608.475000,100.999848,request_duration_p95,all,0.35249999999999965
2026-09-04_10-41-47-475152_earlyRefresh,earlyRefresh,high-skew-zipf,1788518609.475000,101.999848,request_duration_p95,all,0.3664772727272725
2026-09-04_10-41-47-475152_earlyRefresh,earlyRefresh,high-skew-zipf,1788518610.475000,102.999848,request_duration_p95,all,0.36070674686939525
2026-09-04_10-41-47-475152_earlyRefresh,earlyRefresh,high-skew-zipf,1788518611.475000,103.999848,request_duration_p95,all,0.3171796207543238
2026-09-04_10-41-47-475152_earlyRefresh,earlyRefresh,high-skew-zipf,1788518612.475000,104.999848,request_duration_p95,all,0.23439999999999986
2026-09-04_10-41-47-475152_earlyRefresh,earlyRefresh,high-skew-zipf,1788518613.475000,105.999848,request_duration_p95,all,0.21043103448275846
2026-09-04_10-41-47-475152_earlyRefresh,earlyRefresh,high-skew-zipf,1788518614.475000,106.999848,request_duration_p95,all,0.21278548808943826
2026-09-04_10-41-47-475152_earlyRefresh,earlyRefresh,high-skew-zipf,1788518615.475000,107.999848,request_duration_p95,all,0.21826923076923055
2026-09-04_10-41-47-475152_earlyRefresh,earlyRefresh,high-skew-zipf,1788518616.475000,108.999848,request_duration_p95,all,0.24758928571428584
2026-09-04_10-41-47-475152_earlyRefresh,earlyRefresh,high-skew-zipf,1788518617.475000,109.999848,request_duration_p95,all,0.35249999999999965
2026-09-04_10-41-47-475152_earlyRefresh,earlyRefresh,high-skew-zipf,1788518618.475000,110.999848,request_duration_p95,all,0.3512499999999995
2026-09-04_10-41-47-475152_earlyRefresh,earlyRefresh,high-skew-zipf,1788518619.475000,111.999848,request_duration_p95,all,0.3242647058823526
2026-09-04_10-41-47-475152_earlyRefresh,earlyRefresh,high-skew-zipf,1788518620.475000,112.999848,request_duration_p95,all,0.22172553267864914
2026-09-04_10-41-47-475152_earlyRefresh,earlyRefresh,high-skew-zipf,1788518621.475000,113.999848,request_duration_p95,all,0.22374966352624504
2026-09-04_10-41-47-475152_earlyRefresh,earlyRefresh,high-skew-zipf,1788518622.475000,114.999848,request_duration_p95,all,0.21305447506853353
2026-09-04_10-41-47-475152_earlyRefresh,earlyRefresh,high-skew-zipf,1788518623.475000,115.999848,request_duration_p95,all,0.21079529443846856
2026-09-04_10-41-47-475152_earlyRefresh,earlyRefresh,high-skew-zipf,1788518624.475000,116.999848,request_duration_p95,all,0.19836497417030924
2026-09-04_10-41-47-475152_earlyRefresh,earlyRefresh,high-skew-zipf,1788518625.475000,117.999848,request_duration_p95,all,0.18641115765367489
2026-09-04_10-41-47-475152_earlyRefresh,earlyRefresh,high-skew-zipf,1788518626.475000,118.999848,request_duration_p95,all,0.18527777777777768
2026-09-04_10-41-47-475152_earlyRefresh,earlyRefresh,high-skew-zipf,1788518627.475000,119.999848,request_duration_p95,all,0.2125
2026-09-04_10-41-47-475152_earlyRefresh,earlyRefresh,high-skew-zipf,1788518628.475000,120.999848,request_duration_p95,all,0.2572920140046687
2026-09-04_10-41-47-475152_earlyRefresh,earlyRefresh,high-skew-zipf,1788518629.475000,121.999848,request_duration_p95,all,0.3049981107752491
2026-09-04_10-41-47-475152_earlyRefresh,earlyRefresh,high-skew-zipf,1788518630.475000,122.999848,request_duration_p95,all,0.229645884930463
2026-09-04_10-41-47-475152_earlyRefresh,earlyRefresh,high-skew-zipf,1788518631.475000,123.999848,request_duration_p95,all,0.18474887518746866
2026-09-04_10-41-47-475152_earlyRefresh,earlyRefresh,high-skew-zipf,1788518632.475000,124.999848,request_duration_p95,all,0.17392857142857118
2026-09-04_10-41-47-475152_earlyRefresh,earlyRefresh,high-skew-zipf,1788518633.475000,125.999848,request_duration_p95,all,0.1993083290222451
2026-09-04_10-41-47-475152_earlyRefresh,earlyRefresh,high-skew-zipf,1788518634.475000,126.999848,request_duration_p95,all,0.20981999333198353
2026-09-04_10-41-47-475152_earlyRefresh,earlyRefresh,high-skew-zipf,1788518635.475000,127.999848,request_duration_p95,all,0.21860615207970674
2026-09-04_10-41-47-475152_earlyRefresh,earlyRefresh,high-skew-zipf,1788518636.475000,128.999848,request_duration_p95,all,0.21562499999999982
2026-09-04_10-41-47-475152_earlyRefresh,earlyRefresh,high-skew-zipf,1788518637.475000,129.999848,request_duration_p95,all,0.23298076923076919
2026-09-04_10-41-47-475152_earlyRefresh,earlyRefresh,high-skew-zipf,1788518638.475000,130.999848,request_duration_p95,all,0.22288369827188365
2026-09-04_10-41-47-475152_earlyRefresh,earlyRefresh,high-skew-zipf,1788518639.475000,131.999848,request_duration_p95,all,0.22554347826086954
2026-09-04_10-41-47-475152_earlyRefresh,earlyRefresh,high-skew-zipf,1788518640.475000,132.999848,request_duration_p95,all,0.2140624999999999
2026-09-04_10-41-47-475152_earlyRefresh,earlyRefresh,high-skew-zipf,1788518641.475000,133.999848,request_duration_p95,all,0.21249999999999994
2026-09-04_10-41-47-475152_earlyRefresh,earlyRefresh,high-skew-zipf,1788518642.475000,134.999848,request_duration_p95,all,0.2078125
2026-09-04_10-41-47-475152_earlyRefresh,earlyRefresh,high-skew-zipf,1788518643.475000,135.999848,request_duration_p95,all,0.20630448485726727
2026-09-04_10-41-47-475152_earlyRefresh,earlyRefresh,high-skew-zipf,1788518644.475000,136.999848,request_duration_p95,all,0.19978525562046107
2026-09-04_10-41-47-475152_earlyRefresh,earlyRefresh,high-skew-zipf,1788518645.475000,137.999848,request_duration_p95,all,0.2583396978365315
2026-09-04_10-41-47-475152_earlyRefresh,earlyRefresh,high-skew-zipf,1788518646.475000,138.999848,request_duration_p95,all,0.2750179473373839
2026-09-04_10-41-47-475152_earlyRefresh,earlyRefresh,high-skew-zipf,1788518647.475000,139.999848,request_duration_p95,all,0.2750000000000004
2026-09-04_10-41-47-475152_earlyRefresh,earlyRefresh,high-skew-zipf,1788518648.475000,140.999848,request_duration_p95,all,0.20858137172425842
2026-09-04_10-41-47-475152_earlyRefresh,earlyRefresh,high-skew-zipf,1788518649.475000,141.999848,request_duration_p95,all,0.189375
2026-09-04_10-41-47-475152_earlyRefresh,earlyRefresh,high-skew-zipf,1788518650.475000,142.999848,request_duration_p95,all,0.18874999999999997
2026-09-04_10-41-47-475152_earlyRefresh,earlyRefresh,high-skew-zipf,1788518651.475000,143.999848,request_duration_p95,all,0.16608063389782085
2026-09-04_10-41-47-475152_earlyRefresh,earlyRefresh,high-skew-zipf,1788518652.475000,144.999848,request_duration_p95,all,0.1580310246829114
2026-09-04_10-41-47-475152_earlyRefresh,earlyRefresh,high-skew-zipf,1788518653.475000,145.999848,request_duration_p95,all,0.15249999999999986
2026-09-04_10-41-47-475152_earlyRefresh,earlyRefresh,high-skew-zipf,1788518654.475000,146.999848,request_duration_p95,all,0.15646930770739334
2026-09-04_10-41-47-475152_earlyRefresh,earlyRefresh,high-skew-zipf,1788518655.475000,147.999848,request_duration_p95,all,0.1600037516674076
2026-09-04_10-41-47-475152_earlyRefresh,earlyRefresh,high-skew-zipf,1788518656.475000,148.999848,request_duration_p95,all,0.16552244242381647
2026-09-04_10-41-47-475152_earlyRefresh,earlyRefresh,high-skew-zipf,1788518657.475000,149.999848,request_duration_p95,all,0.17649999999999982
2026-09-04_10-41-47-475152_earlyRefresh,earlyRefresh,high-skew-zipf,1788518658.475000,150.999848,request_duration_p95,all,0.177627462582086
2026-09-04_10-41-47-475152_earlyRefresh,earlyRefresh,high-skew-zipf,1788518659.475000,151.999848,request_duration_p95,all,0.19828487607219908
2026-09-04_10-41-47-475152_earlyRefresh,earlyRefresh,high-skew-zipf,1788518660.475000,152.999848,request_duration_p95,all,0.21142857142857147
2026-09-04_10-41-47-475152_earlyRefresh,earlyRefresh,high-skew-zipf,1788518661.475000,153.999848,request_duration_p95,all,0.3492187499999995
2026-09-04_10-41-47-475152_earlyRefresh,earlyRefresh,high-skew-zipf,1788518662.475000,154.999848,request_duration_p95,all,0.37968750000000007
2026-09-04_10-41-47-475152_earlyRefresh,earlyRefresh,high-skew-zipf,1788518663.475000,155.999848,request_duration_p95,all,0.348076923076923
2026-09-04_10-41-47-475152_earlyRefresh,earlyRefresh,high-skew-zipf,1788518664.475000,156.999848,request_duration_p95,all,0.20687499999999975
2026-09-04_10-41-47-475152_earlyRefresh,earlyRefresh,high-skew-zipf,1788518665.475000,157.999848,request_duration_p95,all,0.18641448035947256
2026-09-04_10-41-47-475152_earlyRefresh,earlyRefresh,high-skew-zipf,1788518666.475000,158.999848,request_duration_p95,all,0.21045454545454534
2026-09-04_10-41-47-475152_earlyRefresh,earlyRefresh,high-skew-zipf,1788518667.475000,159.999848,request_duration_p95,all,0.22321481287496397
2026-09-04_10-41-47-475152_earlyRefresh,earlyRefresh,high-skew-zipf,1788518668.475000,160.999848,request_duration_p95,all,0.22031474795167316
2026-09-04_10-41-47-475152_earlyRefresh,earlyRefresh,high-skew-zipf,1788518669.475000,161.999848,request_duration_p95,all,0.205340909090909
2026-09-04_10-41-47-475152_earlyRefresh,earlyRefresh,high-skew-zipf,1788518670.475000,162.999848,request_duration_p95,all,0.31953124999999993
2026-09-04_10-41-47-475152_earlyRefresh,earlyRefresh,high-skew-zipf,1788518671.475000,163.999848,request_duration_p95,all,0.3786458333333331
2026-09-04_10-41-47-475152_earlyRefresh,earlyRefresh,high-skew-zipf,1788518672.475000,164.999848,request_duration_p95,all,0.39074245567244525
2026-09-04_10-41-47-475152_earlyRefresh,earlyRefresh,high-skew-zipf,1788518673.475000,165.999848,request_duration_p95,all,0.2901884120069509
2026-09-04_10-41-47-475152_earlyRefresh,earlyRefresh,high-skew-zipf,1788518674.475000,166.999848,request_duration_p95,all,0.21682692307692303
2026-09-04_10-41-47-475152_earlyRefresh,earlyRefresh,high-skew-zipf,1788518675.475000,167.999848,request_duration_p95,all,0.18488740718290625
2026-09-04_10-41-47-475152_earlyRefresh,earlyRefresh,high-skew-zipf,1788518676.475000,168.999848,request_duration_p95,all,0.23577586206896545
2026-09-04_10-41-47-475152_earlyRefresh,earlyRefresh,high-skew-zipf,1788518677.475000,169.999848,request_duration_p95,all,0.2955357142857147
2026-09-04_10-41-47-475152_earlyRefresh,earlyRefresh,high-skew-zipf,1788518678.475000,170.999848,request_duration_p95,all,0.4232995773559748
2026-09-04_10-41-47-475152_earlyRefresh,earlyRefresh,high-skew-zipf,1788518679.475000,171.999848,request_duration_p95,all,0.40219875855576637
2026-09-04_10-41-47-475152_earlyRefresh,earlyRefresh,high-skew-zipf,1788518680.475000,172.999848,request_duration_p95,all,0.3604166666666666
2026-09-04_10-41-47-475152_earlyRefresh,earlyRefresh,high-skew-zipf,1788518681.475000,173.999848,request_duration_p95,all,0.2562500000000003
2026-09-04_10-41-47-475152_earlyRefresh,earlyRefresh,high-skew-zipf,1788518682.475000,174.999848,request_duration_p95,all,0.30332077694068416
2026-09-04_10-41-47-475152_earlyRefresh,earlyRefresh,high-skew-zipf,1788518683.475000,175.999848,request_duration_p95,all,0.3531249999999998
2026-09-04_10-41-47-475152_earlyRefresh,earlyRefresh,high-skew-zipf,1788518684.475000,176.999848,request_duration_p95,all,0.314832565796328
2026-09-04_10-41-47-475152_earlyRefresh,earlyRefresh,high-skew-zipf,1788518685.475000,177.999848,request_duration_p95,all,0.2451470588235293
2026-09-04_10-41-47-475152_earlyRefresh,earlyRefresh,high-skew-zipf,1788518686.475000,178.999848,request_duration_p95,all,0.274038461538461
2026-09-04_10-41-47-475152_earlyRefresh,earlyRefresh,high-skew-zipf,1788518687.475000,179.999848,request_duration_p95,all,0.22923076923076913
2026-09-04_10-41-47-475152_earlyRefresh,earlyRefresh,high-skew-zipf,1788518688.475000,180.999848,request_duration_p95,all,0.2405519095657328
2026-09-04_10-41-47-475152_earlyRefresh,earlyRefresh,high-skew-zipf,1788518689.475000,181.999848,request_duration_p95,all,0.226875
2026-09-04_10-41-47-475152_earlyRefresh,earlyRefresh,high-skew-zipf,1788518690.475000,182.999848,request_duration_p95,all,0.24438212499999948
2026-09-04_10-41-47-475152_earlyRefresh,earlyRefresh,high-skew-zipf,1788518691.475000,183.999848,request_duration_p95,all,0.22936881146857793
2026-09-04_10-41-47-475152_earlyRefresh,earlyRefresh,high-skew-zipf,1788518692.475000,184.999848,request_duration_p95,all,0.23579512554613855
2026-09-04_10-41-47-475152_earlyRefresh,earlyRefresh,high-skew-zipf,1788518693.475000,185.999848,request_duration_p95,all,0.2919740412768688
2026-09-04_10-41-47-475152_earlyRefresh,earlyRefresh,high-skew-zipf,1788518694.475000,186.999848,request_duration_p95,all,0.3171727852321021
2026-09-04_10-41-47-475152_earlyRefresh,earlyRefresh,high-skew-zipf,1788518695.475000,187.999848,request_duration_p95,all,0.2378624827389171
2026-09-04_10-41-47-475152_earlyRefresh,earlyRefresh,high-skew-zipf,1788518696.475000,188.999848,request_duration_p95,all,0.1899999999999999
2026-09-04_10-41-47-475152_earlyRefresh,earlyRefresh,high-skew-zipf,1788518697.475000,189.999848,request_duration_p95,all,0.16224853723182595
2026-09-04_10-41-47-475152_earlyRefresh,earlyRefresh,high-skew-zipf,1788518698.475000,190.999848,request_duration_p95,all,0.17302679370426902
2026-09-04_10-41-47-475152_earlyRefresh,earlyRefresh,high-skew-zipf,1788518699.475000,191.999848,request_duration_p95,all,0.20500000000000007
2026-09-04_10-41-47-475152_earlyRefresh,earlyRefresh,high-skew-zipf,1788518700.475000,192.999848,request_duration_p95,all,0.3381944444444444
2026-09-04_10-41-47-475152_earlyRefresh,earlyRefresh,high-skew-zipf,1788518701.475000,193.999848,request_duration_p95,all,0.34671052631578925
2026-09-04_10-41-47-475152_earlyRefresh,earlyRefresh,high-skew-zipf,1788518702.475000,194.999848,request_duration_p95,all,0.32573529411764723
2026-09-04_10-41-47-475152_earlyRefresh,earlyRefresh,high-skew-zipf,1788518703.475000,195.999848,request_duration_p95,all,0.20499999999999993
2026-09-04_10-41-47-475152_earlyRefresh,earlyRefresh,high-skew-zipf,1788518704.475000,196.999848,request_duration_p95,all,0.20448552065849665
2026-09-04_10-41-47-475152_earlyRefresh,earlyRefresh,high-skew-zipf,1788518705.475000,197.999848,request_duration_p95,all,0.22521949469472927
2026-09-04_10-41-47-475152_earlyRefresh,earlyRefresh,high-skew-zipf,1788518706.475000,198.999848,request_duration_p95,all,0.2293749999999999
2026-09-04_10-41-47-475152_earlyRefresh,earlyRefresh,high-skew-zipf,1788518707.475000,199.999848,request_duration_p95,all,0.21148117709437936
2026-09-04_10-41-47-475152_earlyRefresh,earlyRefresh,high-skew-zipf,1788518708.475000,200.999848,request_duration_p95,all,0.18670137176222773
2026-09-04_10-41-47-475152_earlyRefresh,earlyRefresh,high-skew-zipf,1788518709.475000,201.999848,request_duration_p95,all,0.1825010418403067
2026-09-04_10-41-47-475152_earlyRefresh,earlyRefresh,high-skew-zipf,1788518710.475000,202.999848,request_duration_p95,all,0.173928010097161
2026-09-04_10-41-47-475152_earlyRefresh,earlyRefresh,high-skew-zipf,1788518711.475000,203.999848,request_duration_p95,all,0.17602501060734654
2026-09-04_10-41-47-475152_earlyRefresh,earlyRefresh,high-skew-zipf,1788518712.475000,204.999848,request_duration_p95,all,0.16262499999999974
2026-09-04_10-41-47-475152_earlyRefresh,earlyRefresh,high-skew-zipf,1788518713.475000,205.999848,request_duration_p95,all,0.1604153470022781
2026-09-04_10-41-47-475152_earlyRefresh,earlyRefresh,high-skew-zipf,1788518714.475000,206.999848,request_duration_p95,all,0.16632308825851266
2026-09-04_10-41-47-475152_earlyRefresh,earlyRefresh,high-skew-zipf,1788518715.475000,207.999848,request_duration_p95,all,0.2028617183407153
2026-09-04_10-41-47-475152_earlyRefresh,earlyRefresh,high-skew-zipf,1788518716.475000,208.999848,request_duration_p95,all,0.2257954545454545
2026-09-04_10-41-47-475152_earlyRefresh,earlyRefresh,high-skew-zipf,1788518717.475000,209.999848,request_duration_p95,all,0.24522177419354801
2026-09-04_10-41-47-475152_earlyRefresh,earlyRefresh,high-skew-zipf,1788518718.475000,210.999848,request_duration_p95,all,0.2901882680765934
2026-09-04_10-41-47-475152_earlyRefresh,earlyRefresh,high-skew-zipf,1788518719.475000,211.999848,request_duration_p95,all,0.253132029883078
2026-09-04_10-41-47-475152_earlyRefresh,earlyRefresh,high-skew-zipf,1788518720.475000,212.999848,request_duration_p95,all,0.2307142857142856
2026-09-04_10-41-47-475152_earlyRefresh,earlyRefresh,high-skew-zipf,1788518721.475000,213.999848,request_duration_p95,all,0.2215853262681382
2026-09-04_10-41-47-475152_earlyRefresh,earlyRefresh,high-skew-zipf,1788518722.475000,214.999848,request_duration_p95,all,0.27691481585966427
2026-09-04_10-41-47-475152_earlyRefresh,earlyRefresh,high-skew-zipf,1788518723.475000,215.999848,request_duration_p95,all,0.274038461538461
2026-09-04_10-41-47-475152_earlyRefresh,earlyRefresh,high-skew-zipf,1788518724.475000,216.999848,request_duration_p95,all,0.21211267914466664
2026-09-04_10-41-47-475152_earlyRefresh,earlyRefresh,high-skew-zipf,1788518725.475000,217.999848,request_duration_p95,all,0.18035714285714285
2026-09-04_10-41-47-475152_earlyRefresh,earlyRefresh,high-skew-zipf,1788518726.475000,218.999848,request_duration_p95,all,0.21107142857142866
2026-09-04_10-41-47-475152_earlyRefresh,earlyRefresh,high-skew-zipf,1788518727.475000,219.999848,request_duration_p95,all,0.25937499999999947
2026-09-04_10-41-47-475152_earlyRefresh,earlyRefresh,high-skew-zipf,1788518728.475000,220.999848,request_duration_p95,all,0.30499349869974046
2026-09-04_10-41-47-475152_earlyRefresh,earlyRefresh,high-skew-zipf,1788518729.475000,221.999848,request_duration_p95,all,0.2866072916914722
2026-09-04_10-41-47-475152_earlyRefresh,earlyRefresh,high-skew-zipf,1788518730.475000,222.999848,request_duration_p95,all,0.28839285714285723
2026-09-04_10-41-47-475152_earlyRefresh,earlyRefresh,high-skew-zipf,1788518731.475000,223.999848,request_duration_p95,all,0.2552081597511521
2026-09-04_10-41-47-475152_earlyRefresh,earlyRefresh,high-skew-zipf,1788518732.475000,224.999848,request_duration_p95,all,0.2769370529877717
2026-09-04_10-41-47-475152_earlyRefresh,earlyRefresh,high-skew-zipf,1788518733.475000,225.999848,request_duration_p95,all,0.23439999999999986
2026-09-04_10-41-47-475152_earlyRefresh,earlyRefresh,high-skew-zipf,1788518734.475000,226.999848,request_duration_p95,all,0.2407
2026-09-04_10-41-47-475152_earlyRefresh,earlyRefresh,high-skew-zipf,1788518735.475000,227.999848,request_duration_p95,all,0.2317391304347825
2026-09-04_10-41-47-475152_earlyRefresh,earlyRefresh,high-skew-zipf,1788518736.475000,228.999848,request_duration_p95,all,0.2190217391304346
2026-09-04_10-41-47-475152_earlyRefresh,earlyRefresh,high-skew-zipf,1788518737.475000,229.999848,request_duration_p95,all,0.18960526315789442
2026-09-04_10-41-47-475152_earlyRefresh,earlyRefresh,high-skew-zipf,1788518738.475000,230.999848,request_duration_p95,all,0.17772613617421057
2026-09-04_10-41-47-475152_earlyRefresh,earlyRefresh,high-skew-zipf,1788518739.475000,231.999848,request_duration_p95,all,0.1761250000000001
2026-09-04_10-41-47-475152_earlyRefresh,earlyRefresh,high-skew-zipf,1788518740.475000,232.999848,request_duration_p95,all,0.18549999999999991
2026-09-04_10-41-47-475152_earlyRefresh,earlyRefresh,high-skew-zipf,1788518741.475000,233.999848,request_duration_p95,all,0.18550033993654497
2026-09-04_10-41-47-475152_earlyRefresh,earlyRefresh,high-skew-zipf,1788518742.475000,234.999848,request_duration_p95,all,0.18855769230769215
2026-09-04_10-41-47-475152_earlyRefresh,earlyRefresh,high-skew-zipf,1788518743.475000,235.999848,request_duration_p95,all,0.21682692307692303
2026-09-04_10-41-47-475152_earlyRefresh,earlyRefresh,high-skew-zipf,1788518744.475000,236.999848,request_duration_p95,all,0.23271739130434768
2026-09-04_10-41-47-475152_earlyRefresh,earlyRefresh,high-skew-zipf,1788518745.475000,237.999848,request_duration_p95,all,0.22321328210583136
2026-09-04_10-41-47-475152_earlyRefresh,earlyRefresh,high-skew-zipf,1788518746.475000,238.999848,request_duration_p95,all,0.18821428571428556
2026-09-04_10-41-47-475152_earlyRefresh,earlyRefresh,high-skew-zipf,1788518747.475000,239.999848,request_duration_p95,all,0.16112499999999993
2026-09-04_10-41-47-475152_earlyRefresh,earlyRefresh,high-skew-zipf,1788518507.475000,-0.000152,request_duration_p99,all,NaN
2026-09-04_10-41-47-475152_earlyRefresh,earlyRefresh,high-skew-zipf,1788518508.475000,0.999848,request_duration_p99,all,NaN
2026-09-04_10-41-47-475152_earlyRefresh,earlyRefresh,high-skew-zipf,1788518509.475000,1.999848,request_duration_p99,all,0.2485
2026-09-04_10-41-47-475152_earlyRefresh,earlyRefresh,high-skew-zipf,1788518510.475000,2.999848,request_duration_p99,all,0.24796914004914
2026-09-04_10-41-47-475152_earlyRefresh,earlyRefresh,high-skew-zipf,1788518511.475000,3.999848,request_duration_p99,all,0.2471032598202367
2026-09-04_10-41-47-475152_earlyRefresh,earlyRefresh,high-skew-zipf,1788518512.475000,4.999848,request_duration_p99,all,0.24637814525876275
2026-09-04_10-41-47-475152_earlyRefresh,earlyRefresh,high-skew-zipf,1788518513.475000,5.999848,request_duration_p99,all,0.24552958856980375
2026-09-04_10-41-47-475152_earlyRefresh,earlyRefresh,high-skew-zipf,1788518514.475000,6.999848,request_duration_p99,all,0.24360049947321183
2026-09-04_10-41-47-475152_earlyRefresh,earlyRefresh,high-skew-zipf,1788518515.475000,7.999848,request_duration_p99,all,0.242574963743353
2026-09-04_10-41-47-475152_earlyRefresh,earlyRefresh,high-skew-zipf,1788518516.475000,8.999848,request_duration_p99,all,0.24011726821808765
2026-09-04_10-41-47-475152_earlyRefresh,earlyRefresh,high-skew-zipf,1788518517.475000,9.999848,request_duration_p99,all,0.23897058823529418
2026-09-04_10-41-47-475152_earlyRefresh,earlyRefresh,high-skew-zipf,1788518518.475000,10.999848,request_duration_p99,all,0.2367803454958428
2026-09-04_10-41-47-475152_earlyRefresh,earlyRefresh,high-skew-zipf,1788518519.475000,11.999848,request_duration_p99,all,0.23459999999999992
2026-09-04_10-41-47-475152_earlyRefresh,earlyRefresh,high-skew-zipf,1788518520.475000,12.999848,request_duration_p99,all,0.2303846153846153
2026-09-04_10-41-47-475152_earlyRefresh,earlyRefresh,high-skew-zipf,1788518521.475000,13.999848,request_duration_p99,all,0.22490857445841533
2026-09-04_10-41-47-475152_earlyRefresh,earlyRefresh,high-skew-zipf,1788518522.475000,14.999848,request_duration_p99,all,0.22286363636363665
2026-09-04_10-41-47-475152_earlyRefresh,earlyRefresh,high-skew-zipf,1788518523.475000,15.999848,request_duration_p99,all,0.22337500000000024
2026-09-04_10-41-47-475152_earlyRefresh,earlyRefresh,high-skew-zipf,1788518524.475000,16.999848,request_duration_p99,all,0.23846421427678474
2026-09-04_10-41-47-475152_earlyRefresh,earlyRefresh,high-skew-zipf,1788518525.475000,17.999848,request_duration_p99,all,0.453125
2026-09-04_10-41-47-475152_earlyRefresh,earlyRefresh,high-skew-zipf,1788518526.475000,18.999848,request_duration_p99,all,0.4765010801296155
2026-09-04_10-41-47-475152_earlyRefresh,earlyRefresh,high-skew-zipf,1788518527.475000,19.999848,request_duration_p99,all,0.47650073343112404
2026-09-04_10-41-47-475152_earlyRefresh,earlyRefresh,high-skew-zipf,1788518528.475000,20.999848,request_duration_p99,all,0.46652777777777754
2026-09-04_10-41-47-475152_earlyRefresh,earlyRefresh,high-skew-zipf,1788518529.475000,21.999848,request_duration_p99,all,0.42656255209201555
2026-09-04_10-41-47-475152_earlyRefresh,earlyRefresh,high-skew-zipf,1788518530.475000,22.999848,request_duration_p99,all,0.44750000000000034
2026-09-04_10-41-47-475152_earlyRefresh,earlyRefresh,high-skew-zipf,1788518531.475000,23.999848,request_duration_p99,all,0.4677777777777775
2026-09-04_10-41-47-475152_earlyRefresh,earlyRefresh,high-skew-zipf,1788518532.475000,24.999848,request_duration_p99,all,0.4637500000000001
2026-09-04_10-41-47-475152_earlyRefresh,earlyRefresh,high-skew-zipf,1788518533.475000,25.999848,request_duration_p99,all,0.46281249999999996
2026-09-04_10-41-47-475152_earlyRefresh,earlyRefresh,high-skew-zipf,1788518534.475000,26.999848,request_duration_p99,all,0.38200000000000006
2026-09-04_10-41-47-475152_earlyRefresh,earlyRefresh,high-skew-zipf,1788518535.475000,27.999848,request_duration_p99,all,0.35438703626511103
2026-09-04_10-41-47-475152_earlyRefresh,earlyRefresh,high-skew-zipf,1788518536.475000,28.999848,request_duration_p99,all,0.42906250000000057
2026-09-04_10-41-47-475152_earlyRefresh,earlyRefresh,high-skew-zipf,1788518537.475000,29.999848,request_duration_p99,all,0.4580377432648104
2026-09-04_10-41-47-475152_earlyRefresh,earlyRefresh,high-skew-zipf,1788518538.475000,30.999848,request_duration_p99,all,0.4629711428273776
2026-09-04_10-41-47-475152_earlyRefresh,earlyRefresh,high-skew-zipf,1788518539.475000,31.999848,request_duration_p99,all,0.42468750000000066
2026-09-04_10-41-47-475152_earlyRefresh,earlyRefresh,high-skew-zipf,1788518540.475000,32.999848,request_duration_p99,all,0.38348826744883596
2026-09-04_10-41-47-475152_earlyRefresh,earlyRefresh,high-skew-zipf,1788518541.475000,33.999848,request_duration_p99,all,0.4424943318218192
2026-09-04_10-41-47-475152_earlyRefresh,earlyRefresh,high-skew-zipf,1788518542.475000,34.999848,request_duration_p99,all,0.4737495832575618
2026-09-04_10-41-47-475152_earlyRefresh,earlyRefresh,high-skew-zipf,1788518543.475000,35.999848,request_duration_p99,all,0.4722619047619046
2026-09-04_10-41-47-475152_earlyRefresh,earlyRefresh,high-skew-zipf,1788518544.475000,36.999848,request_duration_p99,all,0.4604960780392421
2026-09-04_10-41-47-475152_earlyRefresh,earlyRefresh,high-skew-zipf,1788518545.475000,37.999848,request_duration_p99,all,0.30335518275746953
2026-09-04_10-41-47-475152_earlyRefresh,earlyRefresh,high-skew-zipf,1788518546.475000,38.999848,request_duration_p99,all,0.24099999999999977
2026-09-04_10-41-47-475152_earlyRefresh,earlyRefresh,high-skew-zipf,1788518547.475000,39.999848,request_duration_p99,all,0.38349999999999873
2026-09-04_10-41-47-475152_earlyRefresh,earlyRefresh,high-skew-zipf,1788518548.475000,40.999848,request_duration_p99,all,0.41571629213483097
2026-09-04_10-41-47-475152_earlyRefresh,earlyRefresh,high-skew-zipf,1788518549.475000,41.999848,request_duration_p99,all,0.4160697275671559
2026-09-04_10-41-47-475152_earlyRefresh,earlyRefresh,high-skew-zipf,1788518550.475000,42.999848,request_duration_p99,all,0.24775221896573263
2026-09-04_10-41-47-475152_earlyRefresh,earlyRefresh,high-skew-zipf,1788518551.475000,43.999848,request_duration_p99,all,0.23431818181818195
2026-09-04_10-41-47-475152_earlyRefresh,earlyRefresh,high-skew-zipf,1788518552.475000,44.999848,request_duration_p99,all,0.23799941386047577
2026-09-04_10-41-47-475152_earlyRefresh,earlyRefresh,high-skew-zipf,1788518553.475000,45.999848,request_duration_p99,all,0.43554839426602876
2026-09-04_10-41-47-475152_earlyRefresh,earlyRefresh,high-skew-zipf,1788518554.475000,46.999848,request_duration_p99,all,0.44075399073549526
2026-09-04_10-41-47-475152_earlyRefresh,earlyRefresh,high-skew-zipf,1788518555.475000,47.999848,request_duration_p99,all,0.4410000000000003
2026-09-04_10-41-47-475152_earlyRefresh,earlyRefresh,high-skew-zipf,1788518556.475000,48.999848,request_duration_p99,all,0.24043044906900307
2026-09-04_10-41-47-475152_earlyRefresh,earlyRefresh,high-skew-zipf,1788518557.475000,49.999848,request_duration_p99,all,0.23487033253640519
2026-09-04_10-41-47-475152_earlyRefresh,earlyRefresh,high-skew-zipf,1788518558.475000,50.999848,request_duration_p99,all,0.24814000000000017
2026-09-04_10-41-47-475152_earlyRefresh,earlyRefresh,high-skew-zipf,1788518559.475000,51.999848,request_duration_p99,all,0.4265563286392803
2026-09-04_10-41-47-475152_earlyRefresh,earlyRefresh,high-skew-zipf,1788518560.475000,52.999848,request_duration_p99,all,0.43472222222222234
2026-09-04_10-41-47-475152_earlyRefresh,earlyRefresh,high-skew-zipf,1788518561.475000,53.999848,request_duration_p99,all,0.43444444444444485
2026-09-04_10-41-47-475152_earlyRefresh,earlyRefresh,high-skew-zipf,1788518562.475000,54.999848,request_duration_p99,all,0.35375000000000084
2026-09-04_10-41-47-475152_earlyRefresh,earlyRefresh,high-skew-zipf,1788518563.475000,55.999848,request_duration_p99,all,0.3049999999999997
2026-09-04_10-41-47-475152_earlyRefresh,earlyRefresh,high-skew-zipf,1788518564.475000,56.999848,request_duration_p99,all,0.2358571428571425
2026-09-04_10-41-47-475152_earlyRefresh,earlyRefresh,high-skew-zipf,1788518565.475000,57.999848,request_duration_p99,all,0.22935270930164137
2026-09-04_10-41-47-475152_earlyRefresh,earlyRefresh,high-skew-zipf,1788518566.475000,58.999848,request_duration_p99,all,0.23328571428571435
2026-09-04_10-41-47-475152_earlyRefresh,earlyRefresh,high-skew-zipf,1788518567.475000,59.999848,request_duration_p99,all,0.2311304592051677
2026-09-04_10-41-47-475152_earlyRefresh,earlyRefresh,high-skew-zipf,1788518568.475000,60.999848,request_duration_p99,all,0.2280633832173079
2026-09-04_10-41-47-475152_earlyRefresh,earlyRefresh,high-skew-zipf,1788518569.475000,61.999848,request_duration_p99,all,0.21822777693589943
2026-09-04_10-41-47-475152_earlyRefresh,earlyRefresh,high-skew-zipf,1788518570.475000,62.999848,request_duration_p99,all,0.2211233746388085
2026-09-04_10-41-47-475152_earlyRefresh,earlyRefresh,high-skew-zipf,1788518571.475000,63.999848,request_duration_p99,all,0.22514285714285695
2026-09-04_10-41-47-475152_earlyRefresh,earlyRefresh,high-skew-zipf,1788518572.475000,64.999848,request_duration_p99,all,0.22935314356290068
2026-09-04_10-41-47-475152_earlyRefresh,earlyRefresh,high-skew-zipf,1788518573.475000,65.999848,request_duration_p99,all,0.3839959672043733
2026-09-04_10-41-47-475152_earlyRefresh,earlyRefresh,high-skew-zipf,1788518574.475000,66.999848,request_duration_p99,all,0.48152777777777744
2026-09-04_10-41-47-475152_earlyRefresh,earlyRefresh,high-skew-zipf,1788518575.475000,67.999848,request_duration_p99,all,0.4963636363636368
2026-09-04_10-41-47-475152_earlyRefresh,earlyRefresh,high-skew-zipf,1788518576.475000,68.999848,request_duration_p99,all,0.4949997684713549
2026-09-04_10-41-47-475152_earlyRefresh,earlyRefresh,high-skew-zipf,1788518577.475000,69.999848,request_duration_p99,all,0.44333333333333336
2026-09-04_10-41-47-475152_earlyRefresh,earlyRefresh,high-skew-zipf,1788518578.475000,70.999848,request_duration_p99,all,0.30498944561715596
2026-09-04_10-41-47-475152_earlyRefresh,earlyRefresh,high-skew-zipf,1788518579.475000,71.999848,request_duration_p99,all,0.44274999999999953
2026-09-04_10-41-47-475152_earlyRefresh,earlyRefresh,high-skew-zipf,1788518580.475000,72.999848,request_duration_p99,all,0.4783333333333333
2026-09-04_10-41-47-475152_earlyRefresh,earlyRefresh,high-skew-zipf,1788518581.475000,73.999848,request_duration_p99,all,0.48827586206896556
2026-09-04_10-41-47-475152_earlyRefresh,earlyRefresh,high-skew-zipf,1788518582.475000,74.999848,request_duration_p99,all,0.4833312165616219
2026-09-04_10-41-47-475152_earlyRefresh,earlyRefresh,high-skew-zipf,1788518583.475000,75.999848,request_duration_p99,all,0.4162669749229365
2026-09-04_10-41-47-475152_earlyRefresh,earlyRefresh,high-skew-zipf,1788518584.475000,76.999848,request_duration_p99,all,0.4029218506998452
2026-09-04_10-41-47-475152_earlyRefresh,earlyRefresh,high-skew-zipf,1788518585.475000,77.999848,request_duration_p99,all,0.4583928571428568
2026-09-04_10-41-47-475152_earlyRefresh,earlyRefresh,high-skew-zipf,1788518586.475000,78.999848,request_duration_p99,all,0.4657359169428048
2026-09-04_10-41-47-475152_earlyRefresh,earlyRefresh,high-skew-zipf,1788518587.475000,79.999848,request_duration_p99,all,0.4508333333333332
2026-09-04_10-41-47-475152_earlyRefresh,earlyRefresh,high-skew-zipf,1788518588.475000,80.999848,request_duration_p99,all,0.3825000000000006
2026-09-04_10-41-47-475152_earlyRefresh,earlyRefresh,high-skew-zipf,1788518589.475000,81.999848,request_duration_p99,all,0.3050111123458179
2026-09-04_10-41-47-475152_earlyRefresh,earlyRefresh,high-skew-zipf,1788518590.475000,82.999848,request_duration_p99,all,0.38499999999999945
2026-09-04_10-41-47-475152_earlyRefresh,earlyRefresh,high-skew-zipf,1788518591.475000,83.999848,request_duration_p99,all,0.42749989585069165
2026-09-04_10-41-47-475152_earlyRefresh,earlyRefresh,high-skew-zipf,1788518592.475000,84.999848,request_duration_p99,all,0.42656265622396206
2026-09-04_10-41-47-475152_earlyRefresh,earlyRefresh,high-skew-zipf,1788518593.475000,85.999848,request_duration_p99,all,0.4012499999999992
2026-09-04_10-41-47-475152_earlyRefresh,earlyRefresh,high-skew-zipf,1788518594.475000,86.999848,request_duration_p99,all,0.24757142857142866
2026-09-04_10-41-47-475152_earlyRefresh,earlyRefresh,high-skew-zipf,1788518595.475000,87.999848,request_duration_p99,all,0.402488883948421
2026-09-04_10-41-47-475152_earlyRefresh,earlyRefresh,high-skew-zipf,1788518596.475000,88.999848,request_duration_p99,all,0.41643056217246294
2026-09-04_10-41-47-475152_earlyRefresh,earlyRefresh,high-skew-zipf,1788518597.475000,89.999848,request_duration_p99,all,0.45785714285714274
2026-09-04_10-41-47-475152_earlyRefresh,earlyRefresh,high-skew-zipf,1788518598.475000,90.999848,request_duration_p99,all,0.42627765048948174
2026-09-04_10-41-47-475152_earlyRefresh,earlyRefresh,high-skew-zipf,1788518599.475000,91.999848,request_duration_p99,all,0.4164147619047628
2026-09-04_10-41-47-475152_earlyRefresh,earlyRefresh,high-skew-zipf,1788518600.475000,92.999848,request_duration_p99,all,0.35499999999999815
2026-09-04_10-41-47-475152_earlyRefresh,earlyRefresh,high-skew-zipf,1788518601.475000,93.999848,request_duration_p99,all,0.427496874348822
2026-09-04_10-41-47-475152_earlyRefresh,earlyRefresh,high-skew-zipf,1788518602.475000,94.999848,request_duration_p99,all,0.43472222222222234
2026-09-04_10-41-47-475152_earlyRefresh,earlyRefresh,high-skew-zipf,1788518603.475000,95.999848,request_duration_p99,all,0.4024945821293623
2026-09-04_10-41-47-475152_earlyRefresh,earlyRefresh,high-skew-zipf,1788518604.475000,96.999848,request_duration_p99,all,0.41644027043755516
2026-09-04_10-41-47-475152_earlyRefresh,earlyRefresh,high-skew-zipf,1788518605.475000,97.999848,request_duration_p99,all,0.41750000000000076
2026-09-04_10-41-47-475152_earlyRefresh,earlyRefresh,high-skew-zipf,1788518606.475000,98.999848,request_duration_p99,all,0.4546148028508433
2026-09-04_10-41-47-475152_earlyRefresh,earlyRefresh,high-skew-zipf,1788518607.475000,99.999848,request_duration_p99,all,0.46083333333333343
2026-09-04_10-41-47-475152_earlyRefresh,earlyRefresh,high-skew-zipf,1788518608.475000,100.999848,request_duration_p99,all,0.47050000000000014
2026-09-04_10-41-47-475152_earlyRefresh,earlyRefresh,high-skew-zipf,1788518609.475000,101.999848,request_duration_p99,all,0.47329545454545463
2026-09-04_10-41-47-475152_earlyRefresh,earlyRefresh,high-skew-zipf,1788518610.475000,102.999848,request_duration_p99,all,0.47214134937387925
2026-09-04_10-41-47-475152_earlyRefresh,earlyRefresh,high-skew-zipf,1788518611.475000,103.999848,request_duration_p99,all,0.46343592415086465
2026-09-04_10-41-47-475152_earlyRefresh,earlyRefresh,high-skew-zipf,1788518612.475000,104.999848,request_duration_p99,all,0.4355555555555549
2026-09-04_10-41-47-475152_earlyRefresh,earlyRefresh,high-skew-zipf,1788518613.475000,105.999848,request_duration_p99,all,0.3543749999999987
2026-09-04_10-41-47-475152_earlyRefresh,earlyRefresh,high-skew-zipf,1788518614.475000,106.999848,request_duration_p99,all,0.38549219947996555
2026-09-04_10-41-47-475152_earlyRefresh,earlyRefresh,high-skew-zipf,1788518615.475000,107.999848,request_duration_p99,all,0.4041666666666668
2026-09-04_10-41-47-475152_earlyRefresh,earlyRefresh,high-skew-zipf,1788518616.475000,108.999848,request_duration_p99,all,0.4479545454545454
2026-09-04_10-41-47-475152_earlyRefresh,earlyRefresh,high-skew-zipf,1788518617.475000,109.999848,request_duration_p99,all,0.47050000000000014
2026-09-04_10-41-47-475152_earlyRefresh,earlyRefresh,high-skew-zipf,1788518618.475000,110.999848,request_duration_p99,all,0.4702499999999999
2026-09-04_10-41-47-475152_earlyRefresh,earlyRefresh,high-skew-zipf,1788518619.475000,111.999848,request_duration_p99,all,0.4648529411764705
2026-09-04_10-41-47-475152_earlyRefresh,earlyRefresh,high-skew-zipf,1788518620.475000,112.999848,request_duration_p99,all,0.41498761727865924
2026-09-04_10-41-47-475152_earlyRefresh,earlyRefresh,high-skew-zipf,1788518621.475000,113.999848,request_duration_p99,all,0.41749797647955056
2026-09-04_10-41-47-475152_earlyRefresh,earlyRefresh,high-skew-zipf,1788518622.475000,114.999848,request_duration_p99,all,0.38350396719562596
2026-09-04_10-41-47-475152_earlyRefresh,earlyRefresh,high-skew-zipf,1788518623.475000,115.999848,request_duration_p99,all,0.4020887025105532
2026-09-04_10-41-47-475152_earlyRefresh,earlyRefresh,high-skew-zipf,1788518624.475000,116.999848,request_duration_p99,all,0.30084425683181304
2026-09-04_10-41-47-475152_earlyRefresh,earlyRefresh,high-skew-zipf,1788518625.475000,117.999848,request_duration_p99,all,0.2477111156204253
2026-09-04_10-41-47-475152_earlyRefresh,earlyRefresh,high-skew-zipf,1788518626.475000,118.999848,request_duration_p99,all,0.23705555555555557
2026-09-04_10-41-47-475152_earlyRefresh,earlyRefresh,high-skew-zipf,1788518627.475000,119.999848,request_duration_p99,all,0.4041666666666672
2026-09-04_10-41-47-475152_earlyRefresh,earlyRefresh,high-skew-zipf,1788518628.475000,120.999848,request_duration_p99,all,0.4514584028009339
2026-09-04_10-41-47-475152_earlyRefresh,earlyRefresh,high-skew-zipf,1788518629.475000,121.999848,request_duration_p99,all,0.4609996221550501
2026-09-04_10-41-47-475152_earlyRefresh,earlyRefresh,high-skew-zipf,1788518630.475000,122.999848,request_duration_p99,all,0.4341702781790573
2026-09-04_10-41-47-475152_earlyRefresh,earlyRefresh,high-skew-zipf,1788518631.475000,123.999848,request_duration_p99,all,0.30498944561715596
2026-09-04_10-41-47-475152_earlyRefresh,earlyRefresh,high-skew-zipf,1788518632.475000,124.999848,request_duration_p99,all,0.24049999999999983
2026-09-04_10-41-47-475152_earlyRefresh,earlyRefresh,high-skew-zipf,1788518633.475000,125.999848,request_duration_p99,all,0.24813619589584401
2026-09-04_10-41-47-475152_earlyRefresh,earlyRefresh,high-skew-zipf,1788518634.475000,126.999848,request_duration_p99,all,0.3562499999999976
2026-09-04_10-41-47-475152_earlyRefresh,earlyRefresh,high-skew-zipf,1788518635.475000,127.999848,request_duration_p99,all,0.40290573952661346
2026-09-04_10-41-47-475152_earlyRefresh,earlyRefresh,high-skew-zipf,1788518636.475000,128.999848,request_duration_p99,all,0.4041666666666668
2026-09-04_10-41-47-475152_earlyRefresh,earlyRefresh,high-skew-zipf,1788518637.475000,129.999848,request_duration_p99,all,0.43361111111111106
2026-09-04_10-41-47-475152_earlyRefresh,earlyRefresh,high-skew-zipf,1788518638.475000,130.999848,request_duration_p99,all,0.41642411543406876
2026-09-04_10-41-47-475152_earlyRefresh,earlyRefresh,high-skew-zipf,1788518639.475000,131.999848,request_duration_p99,all,0.4265625000000003
2026-09-04_10-41-47-475152_earlyRefresh,earlyRefresh,high-skew-zipf,1788518640.475000,132.999848,request_duration_p99,all,0.40208333333333357
2026-09-04_10-41-47-475152_earlyRefresh,earlyRefresh,high-skew-zipf,1788518641.475000,133.999848,request_duration_p99,all,0.40208333333333357
2026-09-04_10-41-47-475152_earlyRefresh,earlyRefresh,high-skew-zipf,1788518642.475000,134.999848,request_duration_p99,all,0.3825000000000006
2026-09-04_10-41-47-475152_earlyRefresh,earlyRefresh,high-skew-zipf,1788518643.475000,135.999848,request_duration_p99,all,0.38300389922015676
2026-09-04_10-41-47-475152_earlyRefresh,earlyRefresh,high-skew-zipf,1788518644.475000,136.999848,request_duration_p99,all,0.3537623968664063
2026-09-04_10-41-47-475152_earlyRefresh,earlyRefresh,high-skew-zipf,1788518645.475000,137.999848,request_duration_p99,all,0.45166793956730633
2026-09-04_10-41-47-475152_earlyRefresh,earlyRefresh,high-skew-zipf,1788518646.475000,138.999848,request_duration_p99,all,0.45500358946747665
2026-09-04_10-41-47-475152_earlyRefresh,earlyRefresh,high-skew-zipf,1788518647.475000,139.999848,request_duration_p99,all,0.45500000000000007
2026-09-04_10-41-47-475152_earlyRefresh,earlyRefresh,high-skew-zipf,1788518648.475000,140.999848,request_duration_p99,all,0.4016882359475673
2026-09-04_10-41-47-475152_earlyRefresh,earlyRefresh,high-skew-zipf,1788518649.475000,141.999848,request_duration_p99,all,0.24787500000000007
2026-09-04_10-41-47-475152_earlyRefresh,earlyRefresh,high-skew-zipf,1788518650.475000,142.999848,request_duration_p99,all,0.2477499999999999
2026-09-04_10-41-47-475152_earlyRefresh,earlyRefresh,high-skew-zipf,1788518651.475000,143.999848,request_duration_p99,all,0.23321612677956416
2026-09-04_10-41-47-475152_earlyRefresh,earlyRefresh,high-skew-zipf,1788518652.475000,144.999848,request_duration_p99,all,0.23160620493658213
2026-09-04_10-41-47-475152_earlyRefresh,earlyRefresh,high-skew-zipf,1788518653.475000,145.999848,request_duration_p99,all,0.23049999999999995
2026-09-04_10-41-47-475152_earlyRefresh,earlyRefresh,high-skew-zipf,1788518654.475000,146.999848,request_duration_p99,all,0.2383540694253774
2026-09-04_10-41-47-475152_earlyRefresh,earlyRefresh,high-skew-zipf,1788518655.475000,147.999848,request_duration_p99,all,0.23866593485993767
2026-09-04_10-41-47-475152_earlyRefresh,earlyRefresh,high-skew-zipf,1788518656.475000,148.999848,request_duration_p99,all,0.23942171921078464
2026-09-04_10-41-47-475152_earlyRefresh,earlyRefresh,high-skew-zipf,1788518657.475000,149.999848,request_duration_p99,all,0.24729999999999985
2026-09-04_10-41-47-475152_earlyRefresh,earlyRefresh,high-skew-zipf,1788518658.475000,150.999848,request_duration_p99,all,0.2475298926630885
2026-09-04_10-41-47-475152_earlyRefresh,earlyRefresh,high-skew-zipf,1788518659.475000,151.999848,request_duration_p99,all,0.38448820078661344
2026-09-04_10-41-47-475152_earlyRefresh,earlyRefresh,high-skew-zipf,1788518660.475000,152.999848,request_duration_p99,all,0.40499999999999936
2026-09-04_10-41-47-475152_earlyRefresh,earlyRefresh,high-skew-zipf,1788518661.475000,153.999848,request_duration_p99,all,0.49484374999999936
2026-09-04_10-41-47-475152_earlyRefresh,earlyRefresh,high-skew-zipf,1788518662.475000,154.999848,request_duration_p99,all,0.6037500000000008
2026-09-04_10-41-47-475152_earlyRefresh,earlyRefresh,high-skew-zipf,1788518663.475000,155.999848,request_duration_p99,all,0.6012499999999988
2026-09-04_10-41-47-475152_earlyRefresh,earlyRefresh,high-skew-zipf,1788518664.475000,156.999848,request_duration_p99,all,0.47812500000000147
2026-09-04_10-41-47-475152_earlyRefresh,earlyRefresh,high-skew-zipf,1788518665.475000,157.999848,request_duration_p99,all,0.24771745180460955
2026-09-04_10-41-47-475152_earlyRefresh,earlyRefresh,high-skew-zipf,1788518666.475000,158.999848,request_duration_p99,all,0.4016666666666673
2026-09-04_10-41-47-475152_earlyRefresh,earlyRefresh,high-skew-zipf,1788518667.475000,159.999848,request_duration_p99,all,0.4265656113309718
2026-09-04_10-41-47-475152_earlyRefresh,earlyRefresh,high-skew-zipf,1788518668.475000,160.999848,request_duration_p99,all,0.4160773625327302
2026-09-04_10-41-47-475152_earlyRefresh,earlyRefresh,high-skew-zipf,1788518669.475000,161.999848,request_duration_p99,all,0.38450000000000095
2026-09-04_10-41-47-475152_earlyRefresh,earlyRefresh,high-skew-zipf,1788518670.475000,162.999848,request_duration_p99,all,0.46390625000000024
2026-09-04_10-41-47-475152_earlyRefresh,earlyRefresh,high-skew-zipf,1788518671.475000,163.999848,request_duration_p99,all,0.47572916666666654
2026-09-04_10-41-47-475152_earlyRefresh,earlyRefresh,high-skew-zipf,1788518672.475000,164.999848,request_duration_p99,all,0.4781484911344889
2026-09-04_10-41-47-475152_earlyRefresh,earlyRefresh,high-skew-zipf,1788518673.475000,165.999848,request_duration_p99,all,0.4580376824013903
2026-09-04_10-41-47-475152_earlyRefresh,earlyRefresh,high-skew-zipf,1788518674.475000,166.999848,request_duration_p99,all,0.40208333333333357
2026-09-04_10-41-47-475152_earlyRefresh,earlyRefresh,high-skew-zipf,1788518675.475000,167.999848,request_duration_p99,all,0.24788640703136822
2026-09-04_10-41-47-475152_earlyRefresh,earlyRefresh,high-skew-zipf,1788518676.475000,168.999848,request_duration_p99,all,0.43472222222222234
2026-09-04_10-41-47-475152_earlyRefresh,earlyRefresh,high-skew-zipf,1788518677.475000,169.999848,request_duration_p99,all,0.4591071428571428
2026-09-04_10-41-47-475152_earlyRefresh,earlyRefresh,high-skew-zipf,1788518678.475000,170.999848,request_duration_p99,all,0.6325038325668192
2026-09-04_10-41-47-475152_earlyRefresh,earlyRefresh,high-skew-zipf,1788518679.475000,171.999848,request_duration_p99,all,0.6334961992398478
2026-09-04_10-41-47-475152_earlyRefresh,earlyRefresh,high-skew-zipf,1788518680.475000,172.999848,request_duration_p99,all,0.6330000000000002
2026-09-04_10-41-47-475152_earlyRefresh,earlyRefresh,high-skew-zipf,1788518681.475000,173.999848,request_duration_p99,all,0.45125000000000004
2026-09-04_10-41-47-475152_earlyRefresh,earlyRefresh,high-skew-zipf,1788518682.475000,174.999848,request_duration_p99,all,0.460664155388137
2026-09-04_10-41-47-475152_earlyRefresh,earlyRefresh,high-skew-zipf,1788518683.475000,175.999848,request_duration_p99,all,0.47062500000000007
2026-09-04_10-41-47-475152_earlyRefresh,earlyRefresh,high-skew-zipf,1788518684.475000,176.999848,request_duration_p99,all,0.46296651315926546
2026-09-04_10-41-47-475152_earlyRefresh,earlyRefresh,high-skew-zipf,1788518685.475000,177.999848,request_duration_p99,all,0.44750000000000034
2026-09-04_10-41-47-475152_earlyRefresh,earlyRefresh,high-skew-zipf,1788518686.475000,178.999848,request_duration_p99,all,0.45480769230769236
2026-09-04_10-41-47-475152_earlyRefresh,earlyRefresh,high-skew-zipf,1788518687.475000,179.999848,request_duration_p99,all,0.42750000000000044
2026-09-04_10-41-47-475152_earlyRefresh,earlyRefresh,high-skew-zipf,1788518688.475000,180.999848,request_duration_p99,all,0.44149609908978765
2026-09-04_10-41-47-475152_earlyRefresh,earlyRefresh,high-skew-zipf,1788518689.475000,181.999848,request_duration_p99,all,0.426875
2026-09-04_10-41-47-475152_earlyRefresh,earlyRefresh,high-skew-zipf,1788518690.475000,182.999848,request_duration_p99,all,0.4465955367693839
2026-09-04_10-41-47-475152_earlyRefresh,earlyRefresh,high-skew-zipf,1788518691.475000,183.999848,request_duration_p99,all,0.4347162227244101
2026-09-04_10-41-47-475152_earlyRefresh,earlyRefresh,high-skew-zipf,1788518692.475000,184.999848,request_duration_p99,all,0.44100410041004057
2026-09-04_10-41-47-475152_earlyRefresh,earlyRefresh,high-skew-zipf,1788518693.475000,185.999848,request_duration_p99,all,0.4583948082553735
2026-09-04_10-41-47-475152_earlyRefresh,earlyRefresh,high-skew-zipf,1788518694.475000,186.999848,request_duration_p99,all,0.4634345570464203
2026-09-04_10-41-47-475152_earlyRefresh,earlyRefresh,high-skew-zipf,1788518695.475000,187.999848,request_duration_p99,all,0.44150389974001747
2026-09-04_10-41-47-475152_earlyRefresh,earlyRefresh,high-skew-zipf,1788518696.475000,188.999848,request_duration_p99,all,0.30333333333333456
2026-09-04_10-41-47-475152_earlyRefresh,earlyRefresh,high-skew-zipf,1788518697.475000,189.999848,request_duration_p99,all,0.23244970744636517
2026-09-04_10-41-47-475152_earlyRefresh,earlyRefresh,high-skew-zipf,1788518698.475000,190.999848,request_duration_p99,all,0.24723682686740017
2026-09-04_10-41-47-475152_earlyRefresh,earlyRefresh,high-skew-zipf,1788518699.475000,191.999848,request_duration_p99,all,0.3562500000000013
2026-09-04_10-41-47-475152_earlyRefresh,earlyRefresh,high-skew-zipf,1788518700.475000,192.999848,request_duration_p99,all,0.46763888888888866
2026-09-04_10-41-47-475152_earlyRefresh,earlyRefresh,high-skew-zipf,1788518701.475000,193.999848,request_duration_p99,all,0.4693421052631576
2026-09-04_10-41-47-475152_earlyRefresh,earlyRefresh,high-skew-zipf,1788518702.475000,194.999848,request_duration_p99,all,0.4651470588235292
2026-09-04_10-41-47-475152_earlyRefresh,earlyRefresh,high-skew-zipf,1788518703.475000,195.999848,request_duration_p99,all,0.3049999999999997
2026-09-04_10-41-47-475152_earlyRefresh,earlyRefresh,high-skew-zipf,1788518704.475000,196.999848,request_duration_p99,all,0.30336583333333383
2026-09-04_10-41-47-475152_earlyRefresh,earlyRefresh,high-skew-zipf,1788518705.475000,197.999848,request_duration_p99,all,0.4262531774805176
2026-09-04_10-41-47-475152_earlyRefresh,earlyRefresh,high-skew-zipf,1788518706.475000,198.999848,request_duration_p99,all,0.43472222222222234
2026-09-04_10-41-47-475152_earlyRefresh,earlyRefresh,high-skew-zipf,1788518707.475000,199.999848,request_duration_p99,all,0.40292738128297584
2026-09-04_10-41-47-475152_earlyRefresh,earlyRefresh,high-skew-zipf,1788518708.475000,200.999848,request_duration_p99,all,0.24214104221934848
2026-09-04_10-41-47-475152_earlyRefresh,earlyRefresh,high-skew-zipf,1788518709.475000,201.999848,request_duration_p99,all,0.2415010418403067
2026-09-04_10-41-47-475152_earlyRefresh,earlyRefresh,high-skew-zipf,1788518710.475000,202.999848,request_duration_p99,all,0.24050097637645235
2026-09-04_10-41-47-475152_earlyRefresh,earlyRefresh,high-skew-zipf,1788518711.475000,203.999848,request_duration_p99,all,0.2406583904109592
2026-09-04_10-41-47-475152_earlyRefresh,earlyRefresh,high-skew-zipf,1788518712.475000,204.999848,request_duration_p99,all,0.23252499999999987
2026-09-04_10-41-47-475152_earlyRefresh,earlyRefresh,high-skew-zipf,1788518713.475000,205.999848,request_duration_p99,all,0.23874862477079511
2026-09-04_10-41-47-475152_earlyRefresh,earlyRefresh,high-skew-zipf,1788518714.475000,206.999848,request_duration_p99,all,0.2395821798852692
2026-09-04_10-41-47-475152_earlyRefresh,earlyRefresh,high-skew-zipf,1788518715.475000,207.999848,request_duration_p99,all,0.3840114340956053
2026-09-04_10-41-47-475152_earlyRefresh,earlyRefresh,high-skew-zipf,1788518716.475000,208.999848,request_duration_p99,all,0.42781250000000054
2026-09-04_10-41-47-475152_earlyRefresh,earlyRefresh,high-skew-zipf,1788518717.475000,209.999848,request_duration_p99,all,0.44681422637276025
2026-09-04_10-41-47-475152_earlyRefresh,earlyRefresh,high-skew-zipf,1788518718.475000,210.999848,request_duration_p99,all,0.45803765361531856
2026-09-04_10-41-47-475152_earlyRefresh,earlyRefresh,high-skew-zipf,1788518719.475000,211.999848,request_duration_p99,all,0.45062640597661574
2026-09-04_10-41-47-475152_earlyRefresh,earlyRefresh,high-skew-zipf,1788518720.475000,212.999848,request_duration_p99,all,0.43499999999999994
2026-09-04_10-41-47-475152_earlyRefresh,earlyRefresh,high-skew-zipf,1788518721.475000,213.999848,request_duration_p99,all,0.4275059379948324
2026-09-04_10-41-47-475152_earlyRefresh,earlyRefresh,high-skew-zipf,1788518722.475000,214.999848,request_duration_p99,all,0.45538296317193305
2026-09-04_10-41-47-475152_earlyRefresh,earlyRefresh,high-skew-zipf,1788518723.475000,215.999848,request_duration_p99,all,0.45480769230769236
2026-09-04_10-41-47-475152_earlyRefresh,earlyRefresh,high-skew-zipf,1788518724.475000,216.999848,request_duration_p99,all,0.41572820964440516
2026-09-04_10-41-47-475152_earlyRefresh,earlyRefresh,high-skew-zipf,1788518725.475000,217.999848,request_duration_p99,all,0.24750000000000014
2026-09-04_10-41-47-475152_earlyRefresh,earlyRefresh,high-skew-zipf,1788518726.475000,218.999848,request_duration_p99,all,0.4045833333333331
2026-09-04_10-41-47-475152_earlyRefresh,earlyRefresh,high-skew-zipf,1788518727.475000,219.999848,request_duration_p99,all,0.45187500000000025
2026-09-04_10-41-47-475152_earlyRefresh,earlyRefresh,high-skew-zipf,1788518728.475000,220.999848,request_duration_p99,all,0.4609986997399481
2026-09-04_10-41-47-475152_earlyRefresh,earlyRefresh,high-skew-zipf,1788518729.475000,221.999848,request_duration_p99,all,0.45732145833829413
2026-09-04_10-41-47-475152_earlyRefresh,earlyRefresh,high-skew-zipf,1788518730.475000,222.999848,request_duration_p99,all,0.45767857142857116
2026-09-04_10-41-47-475152_earlyRefresh,earlyRefresh,high-skew-zipf,1788518731.475000,223.999848,request_duration_p99,all,0.4510416319502306
2026-09-04_10-41-47-475152_earlyRefresh,earlyRefresh,high-skew-zipf,1788518732.475000,224.999848,request_duration_p99,all,0.4553874105975544
2026-09-04_10-41-47-475152_earlyRefresh,earlyRefresh,high-skew-zipf,1788518733.475000,225.999848,request_duration_p99,all,0.4355555555555549
2026-09-04_10-41-47-475152_earlyRefresh,earlyRefresh,high-skew-zipf,1788518734.475000,226.999848,request_duration_p99,all,0.4422500000000005
2026-09-04_10-41-47-475152_earlyRefresh,earlyRefresh,high-skew-zipf,1788518735.475000,227.999848,request_duration_p99,all,0.43444444444444485
2026-09-04_10-41-47-475152_earlyRefresh,earlyRefresh,high-skew-zipf,1788518736.475000,228.999848,request_duration_p99,all,0.4160714285714286
2026-09-04_10-41-47-475152_earlyRefresh,earlyRefresh,high-skew-zipf,1788518737.475000,229.999848,request_duration_p99,all,0.3543749999999987
2026-09-04_10-41-47-475152_earlyRefresh,earlyRefresh,high-skew-zipf,1788518738.475000,230.999848,request_duration_p99,all,0.240998863446938
2026-09-04_10-41-47-475152_earlyRefresh,earlyRefresh,high-skew-zipf,1788518739.475000,231.999848,request_duration_p99,all,0.24722499999999997
2026-09-04_10-41-47-475152_earlyRefresh,earlyRefresh,high-skew-zipf,1788518740.475000,232.999848,request_duration_p99,all,0.24189999999999995
2026-09-04_10-41-47-475152_earlyRefresh,earlyRefresh,high-skew-zipf,1788518741.475000,233.999848,request_duration_p99,all,0.24189917215453088
2026-09-04_10-41-47-475152_earlyRefresh,earlyRefresh,high-skew-zipf,1788518742.475000,234.999848,request_duration_p99,all,0.24232692307692294
2026-09-04_10-41-47-475152_earlyRefresh,earlyRefresh,high-skew-zipf,1788518743.475000,235.999848,request_duration_p99,all,0.40208333333333357
2026-09-04_10-41-47-475152_earlyRefresh,earlyRefresh,high-skew-zipf,1788518744.475000,236.999848,request_duration_p99,all,0.43527777777777743
2026-09-04_10-41-47-475152_earlyRefresh,earlyRefresh,high-skew-zipf,1788518745.475000,237.999848,request_duration_p99,all,0.42656255209201555
2026-09-04_10-41-47-475152_earlyRefresh,earlyRefresh,high-skew-zipf,1788518746.475000,238.999848,request_duration_p99,all,0.30583333333333224
2026-09-04_10-41-47-475152_earlyRefresh,earlyRefresh,high-skew-zipf,1788518747.475000,239.999848,request_duration_p99,all,0.23222499999999985
2026-09-04_10-41-47-475152_earlyRefresh,earlyRefresh,high-skew-zipf,1788518507.475000,-0.000152,adaptive_ttl_factor,all,1
2026-09-04_10-41-47-475152_earlyRefresh,earlyRefresh,high-skew-zipf,1788518508.475000,0.999848,adaptive_ttl_factor,all,1
2026-09-04_10-41-47-475152_earlyRefresh,earlyRefresh,high-skew-zipf,1788518509.475000,1.999848,adaptive_ttl_factor,all,1
2026-09-04_10-41-47-475152_earlyRefresh,earlyRefresh,high-skew-zipf,1788518510.475000,2.999848,adaptive_ttl_factor,all,1
2026-09-04_10-41-47-475152_earlyRefresh,earlyRefresh,high-skew-zipf,1788518511.475000,3.999848,adaptive_ttl_factor,all,1
2026-09-04_10-41-47-475152_earlyRefresh,earlyRefresh,high-skew-zipf,1788518512.475000,4.999848,adaptive_ttl_factor,all,1
2026-09-04_10-41-47-475152_earlyRefresh,earlyRefresh,high-skew-zipf,1788518513.475000,5.999848,adaptive_ttl_factor,all,1
2026-09-04_10-41-47-475152_earlyRefresh,earlyRefresh,high-skew-zipf,1788518514.475000,6.999848,adaptive_ttl_factor,all,1
2026-09-04_10-41-47-475152_earlyRefresh,earlyRefresh,high-skew-zipf,1788518515.475000,7.999848,adaptive_ttl_factor,all,1
2026-09-04_10-41-47-475152_earlyRefresh,earlyRefresh,high-skew-zipf,1788518516.475000,8.999848,adaptive_ttl_factor,all,1
2026-09-04_10-41-47-475152_earlyRefresh,earlyRefresh,high-skew-zipf,1788518517.475000,9.999848,adaptive_ttl_factor,all,1
2026-09-04_10-41-47-475152_earlyRefresh,earlyRefresh,high-skew-zipf,1788518518.475000,10.999848,adaptive_ttl_factor,all,1
2026-09-04_10-41-47-475152_earlyRefresh,earlyRefresh,high-skew-zipf,1788518519.475000,11.999848,adaptive_ttl_factor,all,1
2026-09-04_10-41-47-475152_earlyRefresh,earlyRefresh,high-skew-zipf,1788518520.475000,12.999848,adaptive_ttl_factor,all,1
2026-09-04_10-41-47-475152_earlyRefresh,earlyRefresh,high-skew-zipf,1788518521.475000,13.999848,adaptive_ttl_factor,all,1
2026-09-04_10-41-47-475152_earlyRefresh,earlyRefresh,high-skew-zipf,1788518522.475000,14.999848,adaptive_ttl_factor,all,1
2026-09-04_10-41-47-475152_earlyRefresh,earlyRefresh,high-skew-zipf,1788518523.475000,15.999848,adaptive_ttl_factor,all,1
2026-09-04_10-41-47-475152_earlyRefresh,earlyRefresh,high-skew-zipf,1788518524.475000,16.999848,adaptive_ttl_factor,all,1
2026-09-04_10-41-47-475152_earlyRefresh,earlyRefresh,high-skew-zipf,1788518525.475000,17.999848,adaptive_ttl_factor,all,1
2026-09-04_10-41-47-475152_earlyRefresh,earlyRefresh,high-skew-zipf,1788518526.475000,18.999848,adaptive_ttl_factor,all,1
2026-09-04_10-41-47-475152_earlyRefresh,earlyRefresh,high-skew-zipf,1788518527.475000,19.999848,adaptive_ttl_factor,all,1
2026-09-04_10-41-47-475152_earlyRefresh,earlyRefresh,high-skew-zipf,1788518528.475000,20.999848,adaptive_ttl_factor,all,1
2026-09-04_10-41-47-475152_earlyRefresh,earlyRefresh,high-skew-zipf,1788518529.475000,21.999848,adaptive_ttl_factor,all,1
2026-09-04_10-41-47-475152_earlyRefresh,earlyRefresh,high-skew-zipf,1788518530.475000,22.999848,adaptive_ttl_factor,all,1
2026-09-04_10-41-47-475152_earlyRefresh,earlyRefresh,high-skew-zipf,1788518531.475000,23.999848,adaptive_ttl_factor,all,1
2026-09-04_10-41-47-475152_earlyRefresh,earlyRefresh,high-skew-zipf,1788518532.475000,24.999848,adaptive_ttl_factor,all,1
2026-09-04_10-41-47-475152_earlyRefresh,earlyRefresh,high-skew-zipf,1788518533.475000,25.999848,adaptive_ttl_factor,all,1
2026-09-04_10-41-47-475152_earlyRefresh,earlyRefresh,high-skew-zipf,1788518534.475000,26.999848,adaptive_ttl_factor,all,1
2026-09-04_10-41-47-475152_earlyRefresh,earlyRefresh,high-skew-zipf,1788518535.475000,27.999848,adaptive_ttl_factor,all,1
2026-09-04_10-41-47-475152_earlyRefresh,earlyRefresh,high-skew-zipf,1788518536.475000,28.999848,adaptive_ttl_factor,all,1
2026-09-04_10-41-47-475152_earlyRefresh,earlyRefresh,high-skew-zipf,1788518537.475000,29.999848,adaptive_ttl_factor,all,1
2026-09-04_10-41-47-475152_earlyRefresh,earlyRefresh,high-skew-zipf,1788518538.475000,30.999848,adaptive_ttl_factor,all,1
2026-09-04_10-41-47-475152_earlyRefresh,earlyRefresh,high-skew-zipf,1788518539.475000,31.999848,adaptive_ttl_factor,all,1
2026-09-04_10-41-47-475152_earlyRefresh,earlyRefresh,high-skew-zipf,1788518540.475000,32.999848,adaptive_ttl_factor,all,1
2026-09-04_10-41-47-475152_earlyRefresh,earlyRefresh,high-skew-zipf,1788518541.475000,33.999848,adaptive_ttl_factor,all,1
2026-09-04_10-41-47-475152_earlyRefresh,earlyRefresh,high-skew-zipf,1788518542.475000,34.999848,adaptive_ttl_factor,all,1
2026-09-04_10-41-47-475152_earlyRefresh,earlyRefresh,high-skew-zipf,1788518543.475000,35.999848,adaptive_ttl_factor,all,1
2026-09-04_10-41-47-475152_earlyRefresh,earlyRefresh,high-skew-zipf,1788518544.475000,36.999848,adaptive_ttl_factor,all,1
2026-09-04_10-41-47-475152_earlyRefresh,earlyRefresh,high-skew-zipf,1788518545.475000,37.999848,adaptive_ttl_factor,all,1
2026-09-04_10-41-47-475152_earlyRefresh,earlyRefresh,high-skew-zipf,1788518546.475000,38.999848,adaptive_ttl_factor,all,1
2026-09-04_10-41-47-475152_earlyRefresh,earlyRefresh,high-skew-zipf,1788518547.475000,39.999848,adaptive_ttl_factor,all,1
2026-09-04_10-41-47-475152_earlyRefresh,earlyRefresh,high-skew-zipf,1788518548.475000,40.999848,adaptive_ttl_factor,all,1
2026-09-04_10-41-47-475152_earlyRefresh,earlyRefresh,high-skew-zipf,1788518549.475000,41.999848,adaptive_ttl_factor,all,1
2026-09-04_10-41-47-475152_earlyRefresh,earlyRefresh,high-skew-zipf,1788518550.475000,42.999848,adaptive_ttl_factor,all,1
2026-09-04_10-41-47-475152_earlyRefresh,earlyRefresh,high-skew-zipf,1788518551.475000,43.999848,adaptive_ttl_factor,all,1
2026-09-04_10-41-47-475152_earlyRefresh,earlyRefresh,high-skew-zipf,1788518552.475000,44.999848,adaptive_ttl_factor,all,1
2026-09-04_10-41-47-475152_earlyRefresh,earlyRefresh,high-skew-zipf,1788518553.475000,45.999848,adaptive_ttl_factor,all,1
2026-09-04_10-41-47-475152_earlyRefresh,earlyRefresh,high-skew-zipf,1788518554.475000,46.999848,adaptive_ttl_factor,all,1
2026-09-04_10-41-47-475152_earlyRefresh,earlyRefresh,high-skew-zipf,1788518555.475000,47.999848,adaptive_ttl_factor,all,1
2026-09-04_10-41-47-475152_earlyRefresh,earlyRefresh,high-skew-zipf,1788518556.475000,48.999848,adaptive_ttl_factor,all,1
2026-09-04_10-41-47-475152_earlyRefresh,earlyRefresh,high-skew-zipf,1788518557.475000,49.999848,adaptive_ttl_factor,all,1
2026-09-04_10-41-47-475152_earlyRefresh,earlyRefresh,high-skew-zipf,1788518558.475000,50.999848,adaptive_ttl_factor,all,1
2026-09-04_10-41-47-475152_earlyRefresh,earlyRefresh,high-skew-zipf,1788518559.475000,51.999848,adaptive_ttl_factor,all,1
2026-09-04_10-41-47-475152_earlyRefresh,earlyRefresh,high-skew-zipf,1788518560.475000,52.999848,adaptive_ttl_factor,all,1
2026-09-04_10-41-47-475152_earlyRefresh,earlyRefresh,high-skew-zipf,1788518561.475000,53.999848,adaptive_ttl_factor,all,1
2026-09-04_10-41-47-475152_earlyRefresh,earlyRefresh,high-skew-zipf,1788518562.475000,54.999848,adaptive_ttl_factor,all,1
2026-09-04_10-41-47-475152_earlyRefresh,earlyRefresh,high-skew-zipf,1788518563.475000,55.999848,adaptive_ttl_factor,all,1
2026-09-04_10-41-47-475152_earlyRefresh,earlyRefresh,high-skew-zipf,1788518564.475000,56.999848,adaptive_ttl_factor,all,1
2026-09-04_10-41-47-475152_earlyRefresh,earlyRefresh,high-skew-zipf,1788518565.475000,57.999848,adaptive_ttl_factor,all,1
2026-09-04_10-41-47-475152_earlyRefresh,earlyRefresh,high-skew-zipf,1788518566.475000,58.999848,adaptive_ttl_factor,all,1
2026-09-04_10-41-47-475152_earlyRefresh,earlyRefresh,high-skew-zipf,1788518567.475000,59.999848,adaptive_ttl_factor,all,1
2026-09-04_10-41-47-475152_earlyRefresh,earlyRefresh,high-skew-zipf,1788518568.475000,60.999848,adaptive_ttl_factor,all,1
2026-09-04_10-41-47-475152_earlyRefresh,earlyRefresh,high-skew-zipf,1788518569.475000,61.999848,adaptive_ttl_factor,all,1
2026-09-04_10-41-47-475152_earlyRefresh,earlyRefresh,high-skew-zipf,1788518570.475000,62.999848,adaptive_ttl_factor,all,1
2026-09-04_10-41-47-475152_earlyRefresh,earlyRefresh,high-skew-zipf,1788518571.475000,63.999848,adaptive_ttl_factor,all,1
2026-09-04_10-41-47-475152_earlyRefresh,earlyRefresh,high-skew-zipf,1788518572.475000,64.999848,adaptive_ttl_factor,all,1
2026-09-04_10-41-47-475152_earlyRefresh,earlyRefresh,high-skew-zipf,1788518573.475000,65.999848,adaptive_ttl_factor,all,1
2026-09-04_10-41-47-475152_earlyRefresh,earlyRefresh,high-skew-zipf,1788518574.475000,66.999848,adaptive_ttl_factor,all,1
2026-09-04_10-41-47-475152_earlyRefresh,earlyRefresh,high-skew-zipf,1788518575.475000,67.999848,adaptive_ttl_factor,all,1
2026-09-04_10-41-47-475152_earlyRefresh,earlyRefresh,high-skew-zipf,1788518576.475000,68.999848,adaptive_ttl_factor,all,1
2026-09-04_10-41-47-475152_earlyRefresh,earlyRefresh,high-skew-zipf,1788518577.475000,69.999848,adaptive_ttl_factor,all,1
2026-09-04_10-41-47-475152_earlyRefresh,earlyRefresh,high-skew-zipf,1788518578.475000,70.999848,adaptive_ttl_factor,all,1
2026-09-04_10-41-47-475152_earlyRefresh,earlyRefresh,high-skew-zipf,1788518579.475000,71.999848,adaptive_ttl_factor,all,1
2026-09-04_10-41-47-475152_earlyRefresh,earlyRefresh,high-skew-zipf,1788518580.475000,72.999848,adaptive_ttl_factor,all,1
2026-09-04_10-41-47-475152_earlyRefresh,earlyRefresh,high-skew-zipf,1788518581.475000,73.999848,adaptive_ttl_factor,all,1
2026-09-04_10-41-47-475152_earlyRefresh,earlyRefresh,high-skew-zipf,1788518582.475000,74.999848,adaptive_ttl_factor,all,1
2026-09-04_10-41-47-475152_earlyRefresh,earlyRefresh,high-skew-zipf,1788518583.475000,75.999848,adaptive_ttl_factor,all,1
2026-09-04_10-41-47-475152_earlyRefresh,earlyRefresh,high-skew-zipf,1788518584.475000,76.999848,adaptive_ttl_factor,all,1
2026-09-04_10-41-47-475152_earlyRefresh,earlyRefresh,high-skew-zipf,1788518585.475000,77.999848,adaptive_ttl_factor,all,1
2026-09-04_10-41-47-475152_earlyRefresh,earlyRefresh,high-skew-zipf,1788518586.475000,78.999848,adaptive_ttl_factor,all,1
2026-09-04_10-41-47-475152_earlyRefresh,earlyRefresh,high-skew-zipf,1788518587.475000,79.999848,adaptive_ttl_factor,all,1
2026-09-04_10-41-47-475152_earlyRefresh,earlyRefresh,high-skew-zipf,1788518588.475000,80.999848,adaptive_ttl_factor,all,1
2026-09-04_10-41-47-475152_earlyRefresh,earlyRefresh,high-skew-zipf,1788518589.475000,81.999848,adaptive_ttl_factor,all,1
2026-09-04_10-41-47-475152_earlyRefresh,earlyRefresh,high-skew-zipf,1788518590.475000,82.999848,adaptive_ttl_factor,all,1
2026-09-04_10-41-47-475152_earlyRefresh,earlyRefresh,high-skew-zipf,1788518591.475000,83.999848,adaptive_ttl_factor,all,1
2026-09-04_10-41-47-475152_earlyRefresh,earlyRefresh,high-skew-zipf,1788518592.475000,84.999848,adaptive_ttl_factor,all,1
2026-09-04_10-41-47-475152_earlyRefresh,earlyRefresh,high-skew-zipf,1788518593.475000,85.999848,adaptive_ttl_factor,all,1
2026-09-04_10-41-47-475152_earlyRefresh,earlyRefresh,high-skew-zipf,1788518594.475000,86.999848,adaptive_ttl_factor,all,1
2026-09-04_10-41-47-475152_earlyRefresh,earlyRefresh,high-skew-zipf,1788518595.475000,87.999848,adaptive_ttl_factor,all,1
2026-09-04_10-41-47-475152_earlyRefresh,earlyRefresh,high-skew-zipf,1788518596.475000,88.999848,adaptive_ttl_factor,all,1
2026-09-04_10-41-47-475152_earlyRefresh,earlyRefresh,high-skew-zipf,1788518597.475000,89.999848,adaptive_ttl_factor,all,1
2026-09-04_10-41-47-475152_earlyRefresh,earlyRefresh,high-skew-zipf,1788518598.475000,90.999848,adaptive_ttl_factor,all,1
2026-09-04_10-41-47-475152_earlyRefresh,earlyRefresh,high-skew-zipf,1788518599.475000,91.999848,adaptive_ttl_factor,all,1
2026-09-04_10-41-47-475152_earlyRefresh,earlyRefresh,high-skew-zipf,1788518600.475000,92.999848,adaptive_ttl_factor,all,1
2026-09-04_10-41-47-475152_earlyRefresh,earlyRefresh,high-skew-zipf,1788518601.475000,93.999848,adaptive_ttl_factor,all,1
2026-09-04_10-41-47-475152_earlyRefresh,earlyRefresh,high-skew-zipf,1788518602.475000,94.999848,adaptive_ttl_factor,all,1
2026-09-04_10-41-47-475152_earlyRefresh,earlyRefresh,high-skew-zipf,1788518603.475000,95.999848,adaptive_ttl_factor,all,1
2026-09-04_10-41-47-475152_earlyRefresh,earlyRefresh,high-skew-zipf,1788518604.475000,96.999848,adaptive_ttl_factor,all,1
2026-09-04_10-41-47-475152_earlyRefresh,earlyRefresh,high-skew-zipf,1788518605.475000,97.999848,adaptive_ttl_factor,all,1
2026-09-04_10-41-47-475152_earlyRefresh,earlyRefresh,high-skew-zipf,1788518606.475000,98.999848,adaptive_ttl_factor,all,1
2026-09-04_10-41-47-475152_earlyRefresh,earlyRefresh,high-skew-zipf,1788518607.475000,99.999848,adaptive_ttl_factor,all,1
2026-09-04_10-41-47-475152_earlyRefresh,earlyRefresh,high-skew-zipf,1788518608.475000,100.999848,adaptive_ttl_factor,all,1
2026-09-04_10-41-47-475152_earlyRefresh,earlyRefresh,high-skew-zipf,1788518609.475000,101.999848,adaptive_ttl_factor,all,1
2026-09-04_10-41-47-475152_earlyRefresh,earlyRefresh,high-skew-zipf,1788518610.475000,102.999848,adaptive_ttl_factor,all,1
2026-09-04_10-41-47-475152_earlyRefresh,earlyRefresh,high-skew-zipf,1788518611.475000,103.999848,adaptive_ttl_factor,all,1
2026-09-04_10-41-47-475152_earlyRefresh,earlyRefresh,high-skew-zipf,1788518612.475000,104.999848,adaptive_ttl_factor,all,1
2026-09-04_10-41-47-475152_earlyRefresh,earlyRefresh,high-skew-zipf,1788518613.475000,105.999848,adaptive_ttl_factor,all,1
2026-09-04_10-41-47-475152_earlyRefresh,earlyRefresh,high-skew-zipf,1788518614.475000,106.999848,adaptive_ttl_factor,all,1
2026-09-04_10-41-47-475152_earlyRefresh,earlyRefresh,high-skew-zipf,1788518615.475000,107.999848,adaptive_ttl_factor,all,1
2026-09-04_10-41-47-475152_earlyRefresh,earlyRefresh,high-skew-zipf,1788518616.475000,108.999848,adaptive_ttl_factor,all,1
2026-09-04_10-41-47-475152_earlyRefresh,earlyRefresh,high-skew-zipf,1788518617.475000,109.999848,adaptive_ttl_factor,all,1
2026-09-04_10-41-47-475152_earlyRefresh,earlyRefresh,high-skew-zipf,1788518618.475000,110.999848,adaptive_ttl_factor,all,1
2026-09-04_10-41-47-475152_earlyRefresh,earlyRefresh,high-skew-zipf,1788518619.475000,111.999848,adaptive_ttl_factor,all,1
2026-09-04_10-41-47-475152_earlyRefresh,earlyRefresh,high-skew-zipf,1788518620.475000,112.999848,adaptive_ttl_factor,all,1
2026-09-04_10-41-47-475152_earlyRefresh,earlyRefresh,high-skew-zipf,1788518621.475000,113.999848,adaptive_ttl_factor,all,1
2026-09-04_10-41-47-475152_earlyRefresh,earlyRefresh,high-skew-zipf,1788518622.475000,114.999848,adaptive_ttl_factor,all,1
2026-09-04_10-41-47-475152_earlyRefresh,earlyRefresh,high-skew-zipf,1788518623.475000,115.999848,adaptive_ttl_factor,all,1
2026-09-04_10-41-47-475152_earlyRefresh,earlyRefresh,high-skew-zipf,1788518624.475000,116.999848,adaptive_ttl_factor,all,1
2026-09-04_10-41-47-475152_earlyRefresh,earlyRefresh,high-skew-zipf,1788518625.475000,117.999848,adaptive_ttl_factor,all,1
2026-09-04_10-41-47-475152_earlyRefresh,earlyRefresh,high-skew-zipf,1788518626.475000,118.999848,adaptive_ttl_factor,all,1
2026-09-04_10-41-47-475152_earlyRefresh,earlyRefresh,high-skew-zipf,1788518627.475000,119.999848,adaptive_ttl_factor,all,1
2026-09-04_10-41-47-475152_earlyRefresh,earlyRefresh,high-skew-zipf,1788518628.475000,120.999848,adaptive_ttl_factor,all,1
2026-09-04_10-41-47-475152_earlyRefresh,earlyRefresh,high-skew-zipf,1788518629.475000,121.999848,adaptive_ttl_factor,all,1
2026-09-04_10-41-47-475152_earlyRefresh,earlyRefresh,high-skew-zipf,1788518630.475000,122.999848,adaptive_ttl_factor,all,1
2026-09-04_10-41-47-475152_earlyRefresh,earlyRefresh,high-skew-zipf,1788518631.475000,123.999848,adaptive_ttl_factor,all,1
2026-09-04_10-41-47-475152_earlyRefresh,earlyRefresh,high-skew-zipf,1788518632.475000,124.999848,adaptive_ttl_factor,all,1
2026-09-04_10-41-47-475152_earlyRefresh,earlyRefresh,high-skew-zipf,1788518633.475000,125.999848,adaptive_ttl_factor,all,1
2026-09-04_10-41-47-475152_earlyRefresh,earlyRefresh,high-skew-zipf,1788518634.475000,126.999848,adaptive_ttl_factor,all,1
2026-09-04_10-41-47-475152_earlyRefresh,earlyRefresh,high-skew-zipf,1788518635.475000,127.999848,adaptive_ttl_factor,all,1
2026-09-04_10-41-47-475152_earlyRefresh,earlyRefresh,high-skew-zipf,1788518636.475000,128.999848,adaptive_ttl_factor,all,1
2026-09-04_10-41-47-475152_earlyRefresh,earlyRefresh,high-skew-zipf,1788518637.475000,129.999848,adaptive_ttl_factor,all,1
2026-09-04_10-41-47-475152_earlyRefresh,earlyRefresh,high-skew-zipf,1788518638.475000,130.999848,adaptive_ttl_factor,all,1
2026-09-04_10-41-47-475152_earlyRefresh,earlyRefresh,high-skew-zipf,1788518639.475000,131.999848,adaptive_ttl_factor,all,1
2026-09-04_10-41-47-475152_earlyRefresh,earlyRefresh,high-skew-zipf,1788518640.475000,132.999848,adaptive_ttl_factor,all,1
2026-09-04_10-41-47-475152_earlyRefresh,earlyRefresh,high-skew-zipf,1788518641.475000,133.999848,adaptive_ttl_factor,all,1
2026-09-04_10-41-47-475152_earlyRefresh,earlyRefresh,high-skew-zipf,1788518642.475000,134.999848,adaptive_ttl_factor,all,1
2026-09-04_10-41-47-475152_earlyRefresh,earlyRefresh,high-skew-zipf,1788518643.475000,135.999848,adaptive_ttl_factor,all,1
2026-09-04_10-41-47-475152_earlyRefresh,earlyRefresh,high-skew-zipf,1788518644.475000,136.999848,adaptive_ttl_factor,all,1
2026-09-04_10-41-47-475152_earlyRefresh,earlyRefresh,high-skew-zipf,1788518645.475000,137.999848,adaptive_ttl_factor,all,1
2026-09-04_10-41-47-475152_earlyRefresh,earlyRefresh,high-skew-zipf,1788518646.475000,138.999848,adaptive_ttl_factor,all,1
2026-09-04_10-41-47-475152_earlyRefresh,earlyRefresh,high-skew-zipf,1788518647.475000,139.999848,adaptive_ttl_factor,all,1
2026-09-04_10-41-47-475152_earlyRefresh,earlyRefresh,high-skew-zipf,1788518648.475000,140.999848,adaptive_ttl_factor,all,1
2026-09-04_10-41-47-475152_earlyRefresh,earlyRefresh,high-skew-zipf,1788518649.475000,141.999848,adaptive_ttl_factor,all,1
2026-09-04_10-41-47-475152_earlyRefresh,earlyRefresh,high-skew-zipf,1788518650.475000,142.999848,adaptive_ttl_factor,all,1
2026-09-04_10-41-47-475152_earlyRefresh,earlyRefresh,high-skew-zipf,1788518651.475000,143.999848,adaptive_ttl_factor,all,1
2026-09-04_10-41-47-475152_earlyRefresh,earlyRefresh,high-skew-zipf,1788518652.475000,144.999848,adaptive_ttl_factor,all,1
2026-09-04_10-41-47-475152_earlyRefresh,earlyRefresh,high-skew-zipf,1788518653.475000,145.999848,adaptive_ttl_factor,all,1
2026-09-04_10-41-47-475152_earlyRefresh,earlyRefresh,high-skew-zipf,1788518654.475000,146.999848,adaptive_ttl_factor,all,1
2026-09-04_10-41-47-475152_earlyRefresh,earlyRefresh,high-skew-zipf,1788518655.475000,147.999848,adaptive_ttl_factor,all,1
2026-09-04_10-41-47-475152_earlyRefresh,earlyRefresh,high-skew-zipf,1788518656.475000,148.999848,adaptive_ttl_factor,all,1
2026-09-04_10-41-47-475152_earlyRefresh,earlyRefresh,high-skew-zipf,1788518657.475000,149.999848,adaptive_ttl_factor,all,1
2026-09-04_10-41-47-475152_earlyRefresh,earlyRefresh,high-skew-zipf,1788518658.475000,150.999848,adaptive_ttl_factor,all,1
2026-09-04_10-41-47-475152_earlyRefresh,earlyRefresh,high-skew-zipf,1788518659.475000,151.999848,adaptive_ttl_factor,all,1
2026-09-04_10-41-47-475152_earlyRefresh,earlyRefresh,high-skew-zipf,1788518660.475000,152.999848,adaptive_ttl_factor,all,1
2026-09-04_10-41-47-475152_earlyRefresh,earlyRefresh,high-skew-zipf,1788518661.475000,153.999848,adaptive_ttl_factor,all,1
2026-09-04_10-41-47-475152_earlyRefresh,earlyRefresh,high-skew-zipf,1788518662.475000,154.999848,adaptive_ttl_factor,all,1
2026-09-04_10-41-47-475152_earlyRefresh,earlyRefresh,high-skew-zipf,1788518663.475000,155.999848,adaptive_ttl_factor,all,1
2026-09-04_10-41-47-475152_earlyRefresh,earlyRefresh,high-skew-zipf,1788518664.475000,156.999848,adaptive_ttl_factor,all,1
2026-09-04_10-41-47-475152_earlyRefresh,earlyRefresh,high-skew-zipf,1788518665.475000,157.999848,adaptive_ttl_factor,all,1
2026-09-04_10-41-47-475152_earlyRefresh,earlyRefresh,high-skew-zipf,1788518666.475000,158.999848,adaptive_ttl_factor,all,1
2026-09-04_10-41-47-475152_earlyRefresh,earlyRefresh,high-skew-zipf,1788518667.475000,159.999848,adaptive_ttl_factor,all,1
2026-09-04_10-41-47-475152_earlyRefresh,earlyRefresh,high-skew-zipf,1788518668.475000,160.999848,adaptive_ttl_factor,all,1
2026-09-04_10-41-47-475152_earlyRefresh,earlyRefresh,high-skew-zipf,1788518669.475000,161.999848,adaptive_ttl_factor,all,1
2026-09-04_10-41-47-475152_earlyRefresh,earlyRefresh,high-skew-zipf,1788518670.475000,162.999848,adaptive_ttl_factor,all,1
2026-09-04_10-41-47-475152_earlyRefresh,earlyRefresh,high-skew-zipf,1788518671.475000,163.999848,adaptive_ttl_factor,all,1
2026-09-04_10-41-47-475152_earlyRefresh,earlyRefresh,high-skew-zipf,1788518672.475000,164.999848,adaptive_ttl_factor,all,1
2026-09-04_10-41-47-475152_earlyRefresh,earlyRefresh,high-skew-zipf,1788518673.475000,165.999848,adaptive_ttl_factor,all,1
2026-09-04_10-41-47-475152_earlyRefresh,earlyRefresh,high-skew-zipf,1788518674.475000,166.999848,adaptive_ttl_factor,all,1
2026-09-04_10-41-47-475152_earlyRefresh,earlyRefresh,high-skew-zipf,1788518675.475000,167.999848,adaptive_ttl_factor,all,1
2026-09-04_10-41-47-475152_earlyRefresh,earlyRefresh,high-skew-zipf,1788518676.475000,168.999848,adaptive_ttl_factor,all,1
2026-09-04_10-41-47-475152_earlyRefresh,earlyRefresh,high-skew-zipf,1788518677.475000,169.999848,adaptive_ttl_factor,all,1
2026-09-04_10-41-47-475152_earlyRefresh,earlyRefresh,high-skew-zipf,1788518678.475000,170.999848,adaptive_ttl_factor,all,1
2026-09-04_10-41-47-475152_earlyRefresh,earlyRefresh,high-skew-zipf,1788518679.475000,171.999848,adaptive_ttl_factor,all,1
2026-09-04_10-41-47-475152_earlyRefresh,earlyRefresh,high-skew-zipf,1788518680.475000,172.999848,adaptive_ttl_factor,all,1
2026-09-04_10-41-47-475152_earlyRefresh,earlyRefresh,high-skew-zipf,1788518681.475000,173.999848,adaptive_ttl_factor,all,1
2026-09-04_10-41-47-475152_earlyRefresh,earlyRefresh,high-skew-zipf,1788518682.475000,174.999848,adaptive_ttl_factor,all,1
2026-09-04_10-41-47-475152_earlyRefresh,earlyRefresh,high-skew-zipf,1788518683.475000,175.999848,adaptive_ttl_factor,all,1
2026-09-04_10-41-47-475152_earlyRefresh,earlyRefresh,high-skew-zipf,1788518684.475000,176.999848,adaptive_ttl_factor,all,1
2026-09-04_10-41-47-475152_earlyRefresh,earlyRefresh,high-skew-zipf,1788518685.475000,177.999848,adaptive_ttl_factor,all,1
2026-09-04_10-41-47-475152_earlyRefresh,earlyRefresh,high-skew-zipf,1788518686.475000,178.999848,adaptive_ttl_factor,all,1
2026-09-04_10-41-47-475152_earlyRefresh,earlyRefresh,high-skew-zipf,1788518687.475000,179.999848,adaptive_ttl_factor,all,1
2026-09-04_10-41-47-475152_earlyRefresh,earlyRefresh,high-skew-zipf,1788518688.475000,180.999848,adaptive_ttl_factor,all,1
2026-09-04_10-41-47-475152_earlyRefresh,earlyRefresh,high-skew-zipf,1788518689.475000,181.999848,adaptive_ttl_factor,all,1
2026-09-04_10-41-47-475152_earlyRefresh,earlyRefresh,high-skew-zipf,1788518690.475000,182.999848,adaptive_ttl_factor,all,1
2026-09-04_10-41-47-475152_earlyRefresh,earlyRefresh,high-skew-zipf,1788518691.475000,183.999848,adaptive_ttl_factor,all,1
2026-09-04_10-41-47-475152_earlyRefresh,earlyRefresh,high-skew-zipf,1788518692.475000,184.999848,adaptive_ttl_factor,all,1
2026-09-04_10-41-47-475152_earlyRefresh,earlyRefresh,high-skew-zipf,1788518693.475000,185.999848,adaptive_ttl_factor,all,1
2026-09-04_10-41-47-475152_earlyRefresh,earlyRefresh,high-skew-zipf,1788518694.475000,186.999848,adaptive_ttl_factor,all,1
2026-09-04_10-41-47-475152_earlyRefresh,earlyRefresh,high-skew-zipf,1788518695.475000,187.999848,adaptive_ttl_factor,all,1
2026-09-04_10-41-47-475152_earlyRefresh,earlyRefresh,high-skew-zipf,1788518696.475000,188.999848,adaptive_ttl_factor,all,1
2026-09-04_10-41-47-475152_earlyRefresh,earlyRefresh,high-skew-zipf,1788518697.475000,189.999848,adaptive_ttl_factor,all,1
2026-09-04_10-41-47-475152_earlyRefresh,earlyRefresh,high-skew-zipf,1788518698.475000,190.999848,adaptive_ttl_factor,all,1
2026-09-04_10-41-47-475152_earlyRefresh,earlyRefresh,high-skew-zipf,1788518699.475000,191.999848,adaptive_ttl_factor,all,1
2026-09-04_10-41-47-475152_earlyRefresh,earlyRefresh,high-skew-zipf,1788518700.475000,192.999848,adaptive_ttl_factor,all,1
2026-09-04_10-41-47-475152_earlyRefresh,earlyRefresh,high-skew-zipf,1788518701.475000,193.999848,adaptive_ttl_factor,all,1
2026-09-04_10-41-47-475152_earlyRefresh,earlyRefresh,high-skew-zipf,1788518702.475000,194.999848,adaptive_ttl_factor,all,1
2026-09-04_10-41-47-475152_earlyRefresh,earlyRefresh,high-skew-zipf,1788518703.475000,195.999848,adaptive_ttl_factor,all,1
2026-09-04_10-41-47-475152_earlyRefresh,earlyRefresh,high-skew-zipf,1788518704.475000,196.999848,adaptive_ttl_factor,all,1
2026-09-04_10-41-47-475152_earlyRefresh,earlyRefresh,high-skew-zipf,1788518705.475000,197.999848,adaptive_ttl_factor,all,1
2026-09-04_10-41-47-475152_earlyRefresh,earlyRefresh,high-skew-zipf,1788518706.475000,198.999848,adaptive_ttl_factor,all,1
2026-09-04_10-41-47-475152_earlyRefresh,earlyRefresh,high-skew-zipf,1788518707.475000,199.999848,adaptive_ttl_factor,all,1
2026-09-04_10-41-47-475152_earlyRefresh,earlyRefresh,high-skew-zipf,1788518708.475000,200.999848,adaptive_ttl_factor,all,1
2026-09-04_10-41-47-475152_earlyRefresh,earlyRefresh,high-skew-zipf,1788518709.475000,201.999848,adaptive_ttl_factor,all,1
2026-09-04_10-41-47-475152_earlyRefresh,earlyRefresh,high-skew-zipf,1788518710.475000,202.999848,adaptive_ttl_factor,all,1
2026-09-04_10-41-47-475152_earlyRefresh,earlyRefresh,high-skew-zipf,1788518711.475000,203.999848,adaptive_ttl_factor,all,1
2026-09-04_10-41-47-475152_earlyRefresh,earlyRefresh,high-skew-zipf,1788518712.475000,204.999848,adaptive_ttl_factor,all,1
2026-09-04_10-41-47-475152_earlyRefresh,earlyRefresh,high-skew-zipf,1788518713.475000,205.999848,adaptive_ttl_factor,all,1
2026-09-04_10-41-47-475152_earlyRefresh,earlyRefresh,high-skew-zipf,1788518714.475000,206.999848,adaptive_ttl_factor,all,1
2026-09-04_10-41-47-475152_earlyRefresh,earlyRefresh,high-skew-zipf,1788518715.475000,207.999848,adaptive_ttl_factor,all,1
2026-09-04_10-41-47-475152_earlyRefresh,earlyRefresh,high-skew-zipf,1788518716.475000,208.999848,adaptive_ttl_factor,all,1
2026-09-04_10-41-47-475152_earlyRefresh,earlyRefresh,high-skew-zipf,1788518717.475000,209.999848,adaptive_ttl_factor,all,1
2026-09-04_10-41-47-475152_earlyRefresh,earlyRefresh,high-skew-zipf,1788518718.475000,210.999848,adaptive_ttl_factor,all,1
2026-09-04_10-41-47-475152_earlyRefresh,earlyRefresh,high-skew-zipf,1788518719.475000,211.999848,adaptive_ttl_factor,all,1
2026-09-04_10-41-47-475152_earlyRefresh,earlyRefresh,high-skew-zipf,1788518720.475000,212.999848,adaptive_ttl_factor,all,1
2026-09-04_10-41-47-475152_earlyRefresh,earlyRefresh,high-skew-zipf,1788518721.475000,213.999848,adaptive_ttl_factor,all,1
2026-09-04_10-41-47-475152_earlyRefresh,earlyRefresh,high-skew-zipf,1788518722.475000,214.999848,adaptive_ttl_factor,all,1
2026-09-04_10-41-47-475152_earlyRefresh,earlyRefresh,high-skew-zipf,1788518723.475000,215.999848,adaptive_ttl_factor,all,1
2026-09-04_10-41-47-475152_earlyRefresh,earlyRefresh,high-skew-zipf,1788518724.475000,216.999848,adaptive_ttl_factor,all,1
2026-09-04_10-41-47-475152_earlyRefresh,earlyRefresh,high-skew-zipf,1788518725.475000,217.999848,adaptive_ttl_factor,all,1
2026-09-04_10-41-47-475152_earlyRefresh,earlyRefresh,high-skew-zipf,1788518726.475000,218.999848,adaptive_ttl_factor,all,1
2026-09-04_10-41-47-475152_earlyRefresh,earlyRefresh,high-skew-zipf,1788518727.475000,219.999848,adaptive_ttl_factor,all,1
2026-09-04_10-41-47-475152_earlyRefresh,earlyRefresh,high-skew-zipf,1788518728.475000,220.999848,adaptive_ttl_factor,all,1
2026-09-04_10-41-47-475152_earlyRefresh,earlyRefresh,high-skew-zipf,1788518729.475000,221.999848,adaptive_ttl_factor,all,1
2026-09-04_10-41-47-475152_earlyRefresh,earlyRefresh,high-skew-zipf,1788518730.475000,222.999848,adaptive_ttl_factor,all,1
2026-09-04_10-41-47-475152_earlyRefresh,earlyRefresh,high-skew-zipf,1788518731.475000,223.999848,adaptive_ttl_factor,all,1
2026-09-04_10-41-47-475152_earlyRefresh,earlyRefresh,high-skew-zipf,1788518732.475000,224.999848,adaptive_ttl_factor,all,1
2026-09-04_10-41-47-475152_earlyRefresh,earlyRefresh,high-skew-zipf,1788518733.475000,225.999848,adaptive_ttl_factor,all,1
2026-09-04_10-41-47-475152_earlyRefresh,earlyRefresh,high-skew-zipf,1788518734.475000,226.999848,adaptive_ttl_factor,all,1
2026-09-04_10-41-47-475152_earlyRefresh,earlyRefresh,high-skew-zipf,1788518735.475000,227.999848,adaptive_ttl_factor,all,1
2026-09-04_10-41-47-475152_earlyRefresh,earlyRefresh,high-skew-zipf,1788518736.475000,228.999848,adaptive_ttl_factor,all,1
2026-09-04_10-41-47-475152_earlyRefresh,earlyRefresh,high-skew-zipf,1788518737.475000,229.999848,adaptive_ttl_factor,all,1
2026-09-04_10-41-47-475152_earlyRefresh,earlyRefresh,high-skew-zipf,1788518738.475000,230.999848,adaptive_ttl_factor,all,1
2026-09-04_10-41-47-475152_earlyRefresh,earlyRefresh,high-skew-zipf,1788518739.475000,231.999848,adaptive_ttl_factor,all,1
2026-09-04_10-41-47-475152_earlyRefresh,earlyRefresh,high-skew-zipf,1788518740.475000,232.999848,adaptive_ttl_factor,all,1
2026-09-04_10-41-47-475152_earlyRefresh,earlyRefresh,high-skew-zipf,1788518741.475000,233.999848,adaptive_ttl_factor,all,1
2026-09-04_10-41-47-475152_earlyRefresh,earlyRefresh,high-skew-zipf,1788518742.475000,234.999848,adaptive_ttl_factor,all,1
2026-09-04_10-41-47-475152_earlyRefresh,earlyRefresh,high-skew-zipf,1788518743.475000,235.999848,adaptive_ttl_factor,all,1
2026-09-04_10-41-47-475152_earlyRefresh,earlyRefresh,high-skew-zipf,1788518744.475000,236.999848,adaptive_ttl_factor,all,1
2026-09-04_10-41-47-475152_earlyRefresh,earlyRefresh,high-skew-zipf,1788518745.475000,237.999848,adaptive_ttl_factor,all,1
2026-09-04_10-41-47-475152_earlyRefresh,earlyRefresh,high-skew-zipf,1788518746.475000,238.999848,adaptive_ttl_factor,all,1
2026-09-04_10-41-47-475152_earlyRefresh,earlyRefresh,high-skew-zipf,1788518747.475000,239.999848,adaptive_ttl_factor,all,1
2026-09-04_10-41-47-475152_earlyRefresh,earlyRefresh,high-skew-zipf,1788518507.475000,-0.000152,adaptive_ttl_effective_seconds,level=l1,5
2026-09-04_10-41-47-475152_earlyRefresh,earlyRefresh,high-skew-zipf,1788518508.475000,0.999848,adaptive_ttl_effective_seconds,level=l1,5
2026-09-04_10-41-47-475152_earlyRefresh,earlyRefresh,high-skew-zipf,1788518509.475000,1.999848,adaptive_ttl_effective_seconds,level=l1,5
2026-09-04_10-41-47-475152_earlyRefresh,earlyRefresh,high-skew-zipf,1788518510.475000,2.999848,adaptive_ttl_effective_seconds,level=l1,5
2026-09-04_10-41-47-475152_earlyRefresh,earlyRefresh,high-skew-zipf,1788518511.475000,3.999848,adaptive_ttl_effective_seconds,level=l1,5
2026-09-04_10-41-47-475152_earlyRefresh,earlyRefresh,high-skew-zipf,1788518512.475000,4.999848,adaptive_ttl_effective_seconds,level=l1,5
2026-09-04_10-41-47-475152_earlyRefresh,earlyRefresh,high-skew-zipf,1788518513.475000,5.999848,adaptive_ttl_effective_seconds,level=l1,5
2026-09-04_10-41-47-475152_earlyRefresh,earlyRefresh,high-skew-zipf,1788518514.475000,6.999848,adaptive_ttl_effective_seconds,level=l1,5
2026-09-04_10-41-47-475152_earlyRefresh,earlyRefresh,high-skew-zipf,1788518515.475000,7.999848,adaptive_ttl_effective_seconds,level=l1,5
2026-09-04_10-41-47-475152_earlyRefresh,earlyRefresh,high-skew-zipf,1788518516.475000,8.999848,adaptive_ttl_effective_seconds,level=l1,5
2026-09-04_10-41-47-475152_earlyRefresh,earlyRefresh,high-skew-zipf,1788518517.475000,9.999848,adaptive_ttl_effective_seconds,level=l1,5
2026-09-04_10-41-47-475152_earlyRefresh,earlyRefresh,high-skew-zipf,1788518518.475000,10.999848,adaptive_ttl_effective_seconds,level=l1,5
2026-09-04_10-41-47-475152_earlyRefresh,earlyRefresh,high-skew-zipf,1788518519.475000,11.999848,adaptive_ttl_effective_seconds,level=l1,5
2026-09-04_10-41-47-475152_earlyRefresh,earlyRefresh,high-skew-zipf,1788518520.475000,12.999848,adaptive_ttl_effective_seconds,level=l1,5
2026-09-04_10-41-47-475152_earlyRefresh,earlyRefresh,high-skew-zipf,1788518521.475000,13.999848,adaptive_ttl_effective_seconds,level=l1,5
2026-09-04_10-41-47-475152_earlyRefresh,earlyRefresh,high-skew-zipf,1788518522.475000,14.999848,adaptive_ttl_effective_seconds,level=l1,5
2026-09-04_10-41-47-475152_earlyRefresh,earlyRefresh,high-skew-zipf,1788518523.475000,15.999848,adaptive_ttl_effective_seconds,level=l1,5
2026-09-04_10-41-47-475152_earlyRefresh,earlyRefresh,high-skew-zipf,1788518524.475000,16.999848,adaptive_ttl_effective_seconds,level=l1,5
2026-09-04_10-41-47-475152_earlyRefresh,earlyRefresh,high-skew-zipf,1788518525.475000,17.999848,adaptive_ttl_effective_seconds,level=l1,5
2026-09-04_10-41-47-475152_earlyRefresh,earlyRefresh,high-skew-zipf,1788518526.475000,18.999848,adaptive_ttl_effective_seconds,level=l1,5
2026-09-04_10-41-47-475152_earlyRefresh,earlyRefresh,high-skew-zipf,1788518527.475000,19.999848,adaptive_ttl_effective_seconds,level=l1,5
2026-09-04_10-41-47-475152_earlyRefresh,earlyRefresh,high-skew-zipf,1788518528.475000,20.999848,adaptive_ttl_effective_seconds,level=l1,5
2026-09-04_10-41-47-475152_earlyRefresh,earlyRefresh,high-skew-zipf,1788518529.475000,21.999848,adaptive_ttl_effective_seconds,level=l1,5
2026-09-04_10-41-47-475152_earlyRefresh,earlyRefresh,high-skew-zipf,1788518530.475000,22.999848,adaptive_ttl_effective_seconds,level=l1,5
2026-09-04_10-41-47-475152_earlyRefresh,earlyRefresh,high-skew-zipf,1788518531.475000,23.999848,adaptive_ttl_effective_seconds,level=l1,5
2026-09-04_10-41-47-475152_earlyRefresh,earlyRefresh,high-skew-zipf,1788518532.475000,24.999848,adaptive_ttl_effective_seconds,level=l1,5
2026-09-04_10-41-47-475152_earlyRefresh,earlyRefresh,high-skew-zipf,1788518533.475000,25.999848,adaptive_ttl_effective_seconds,level=l1,5
2026-09-04_10-41-47-475152_earlyRefresh,earlyRefresh,high-skew-zipf,1788518534.475000,26.999848,adaptive_ttl_effective_seconds,level=l1,5
2026-09-04_10-41-47-475152_earlyRefresh,earlyRefresh,high-skew-zipf,1788518535.475000,27.999848,adaptive_ttl_effective_seconds,level=l1,5
2026-09-04_10-41-47-475152_earlyRefresh,earlyRefresh,high-skew-zipf,1788518536.475000,28.999848,adaptive_ttl_effective_seconds,level=l1,5
2026-09-04_10-41-47-475152_earlyRefresh,earlyRefresh,high-skew-zipf,1788518537.475000,29.999848,adaptive_ttl_effective_seconds,level=l1,5
2026-09-04_10-41-47-475152_earlyRefresh,earlyRefresh,high-skew-zipf,1788518538.475000,30.999848,adaptive_ttl_effective_seconds,level=l1,5
2026-09-04_10-41-47-475152_earlyRefresh,earlyRefresh,high-skew-zipf,1788518539.475000,31.999848,adaptive_ttl_effective_seconds,level=l1,5
2026-09-04_10-41-47-475152_earlyRefresh,earlyRefresh,high-skew-zipf,1788518540.475000,32.999848,adaptive_ttl_effective_seconds,level=l1,5
2026-09-04_10-41-47-475152_earlyRefresh,earlyRefresh,high-skew-zipf,1788518541.475000,33.999848,adaptive_ttl_effective_seconds,level=l1,5
2026-09-04_10-41-47-475152_earlyRefresh,earlyRefresh,high-skew-zipf,1788518542.475000,34.999848,adaptive_ttl_effective_seconds,level=l1,5
2026-09-04_10-41-47-475152_earlyRefresh,earlyRefresh,high-skew-zipf,1788518543.475000,35.999848,adaptive_ttl_effective_seconds,level=l1,5
2026-09-04_10-41-47-475152_earlyRefresh,earlyRefresh,high-skew-zipf,1788518544.475000,36.999848,adaptive_ttl_effective_seconds,level=l1,5
2026-09-04_10-41-47-475152_earlyRefresh,earlyRefresh,high-skew-zipf,1788518545.475000,37.999848,adaptive_ttl_effective_seconds,level=l1,5
2026-09-04_10-41-47-475152_earlyRefresh,earlyRefresh,high-skew-zipf,1788518546.475000,38.999848,adaptive_ttl_effective_seconds,level=l1,5
2026-09-04_10-41-47-475152_earlyRefresh,earlyRefresh,high-skew-zipf,1788518547.475000,39.999848,adaptive_ttl_effective_seconds,level=l1,5
2026-09-04_10-41-47-475152_earlyRefresh,earlyRefresh,high-skew-zipf,1788518548.475000,40.999848,adaptive_ttl_effective_seconds,level=l1,5
2026-09-04_10-41-47-475152_earlyRefresh,earlyRefresh,high-skew-zipf,1788518549.475000,41.999848,adaptive_ttl_effective_seconds,level=l1,5
2026-09-04_10-41-47-475152_earlyRefresh,earlyRefresh,high-skew-zipf,1788518550.475000,42.999848,adaptive_ttl_effective_seconds,level=l1,5
2026-09-04_10-41-47-475152_earlyRefresh,earlyRefresh,high-skew-zipf,1788518551.475000,43.999848,adaptive_ttl_effective_seconds,level=l1,5
2026-09-04_10-41-47-475152_earlyRefresh,earlyRefresh,high-skew-zipf,1788518552.475000,44.999848,adaptive_ttl_effective_seconds,level=l1,5
2026-09-04_10-41-47-475152_earlyRefresh,earlyRefresh,high-skew-zipf,1788518553.475000,45.999848,adaptive_ttl_effective_seconds,level=l1,5
2026-09-04_10-41-47-475152_earlyRefresh,earlyRefresh,high-skew-zipf,1788518554.475000,46.999848,adaptive_ttl_effective_seconds,level=l1,5
2026-09-04_10-41-47-475152_earlyRefresh,earlyRefresh,high-skew-zipf,1788518555.475000,47.999848,adaptive_ttl_effective_seconds,level=l1,5
2026-09-04_10-41-47-475152_earlyRefresh,earlyRefresh,high-skew-zipf,1788518556.475000,48.999848,adaptive_ttl_effective_seconds,level=l1,5
2026-09-04_10-41-47-475152_earlyRefresh,earlyRefresh,high-skew-zipf,1788518557.475000,49.999848,adaptive_ttl_effective_seconds,level=l1,5
2026-09-04_10-41-47-475152_earlyRefresh,earlyRefresh,high-skew-zipf,1788518558.475000,50.999848,adaptive_ttl_effective_seconds,level=l1,5
2026-09-04_10-41-47-475152_earlyRefresh,earlyRefresh,high-skew-zipf,1788518559.475000,51.999848,adaptive_ttl_effective_seconds,level=l1,5
2026-09-04_10-41-47-475152_earlyRefresh,earlyRefresh,high-skew-zipf,1788518560.475000,52.999848,adaptive_ttl_effective_seconds,level=l1,5
2026-09-04_10-41-47-475152_earlyRefresh,earlyRefresh,high-skew-zipf,1788518561.475000,53.999848,adaptive_ttl_effective_seconds,level=l1,5
2026-09-04_10-41-47-475152_earlyRefresh,earlyRefresh,high-skew-zipf,1788518562.475000,54.999848,adaptive_ttl_effective_seconds,level=l1,5
2026-09-04_10-41-47-475152_earlyRefresh,earlyRefresh,high-skew-zipf,1788518563.475000,55.999848,adaptive_ttl_effective_seconds,level=l1,5
2026-09-04_10-41-47-475152_earlyRefresh,earlyRefresh,high-skew-zipf,1788518564.475000,56.999848,adaptive_ttl_effective_seconds,level=l1,5
2026-09-04_10-41-47-475152_earlyRefresh,earlyRefresh,high-skew-zipf,1788518565.475000,57.999848,adaptive_ttl_effective_seconds,level=l1,5
2026-09-04_10-41-47-475152_earlyRefresh,earlyRefresh,high-skew-zipf,1788518566.475000,58.999848,adaptive_ttl_effective_seconds,level=l1,5
2026-09-04_10-41-47-475152_earlyRefresh,earlyRefresh,high-skew-zipf,1788518567.475000,59.999848,adaptive_ttl_effective_seconds,level=l1,5
2026-09-04_10-41-47-475152_earlyRefresh,earlyRefresh,high-skew-zipf,1788518568.475000,60.999848,adaptive_ttl_effective_seconds,level=l1,5
2026-09-04_10-41-47-475152_earlyRefresh,earlyRefresh,high-skew-zipf,1788518569.475000,61.999848,adaptive_ttl_effective_seconds,level=l1,5
2026-09-04_10-41-47-475152_earlyRefresh,earlyRefresh,high-skew-zipf,1788518570.475000,62.999848,adaptive_ttl_effective_seconds,level=l1,5
2026-09-04_10-41-47-475152_earlyRefresh,earlyRefresh,high-skew-zipf,1788518571.475000,63.999848,adaptive_ttl_effective_seconds,level=l1,5
2026-09-04_10-41-47-475152_earlyRefresh,earlyRefresh,high-skew-zipf,1788518572.475000,64.999848,adaptive_ttl_effective_seconds,level=l1,5
2026-09-04_10-41-47-475152_earlyRefresh,earlyRefresh,high-skew-zipf,1788518573.475000,65.999848,adaptive_ttl_effective_seconds,level=l1,5
2026-09-04_10-41-47-475152_earlyRefresh,earlyRefresh,high-skew-zipf,1788518574.475000,66.999848,adaptive_ttl_effective_seconds,level=l1,5
2026-09-04_10-41-47-475152_earlyRefresh,earlyRefresh,high-skew-zipf,1788518575.475000,67.999848,adaptive_ttl_effective_seconds,level=l1,5
2026-09-04_10-41-47-475152_earlyRefresh,earlyRefresh,high-skew-zipf,1788518576.475000,68.999848,adaptive_ttl_effective_seconds,level=l1,5
2026-09-04_10-41-47-475152_earlyRefresh,earlyRefresh,high-skew-zipf,1788518577.475000,69.999848,adaptive_ttl_effective_seconds,level=l1,5
2026-09-04_10-41-47-475152_earlyRefresh,earlyRefresh,high-skew-zipf,1788518578.475000,70.999848,adaptive_ttl_effective_seconds,level=l1,5
2026-09-04_10-41-47-475152_earlyRefresh,earlyRefresh,high-skew-zipf,1788518579.475000,71.999848,adaptive_ttl_effective_seconds,level=l1,5
2026-09-04_10-41-47-475152_earlyRefresh,earlyRefresh,high-skew-zipf,1788518580.475000,72.999848,adaptive_ttl_effective_seconds,level=l1,5
2026-09-04_10-41-47-475152_earlyRefresh,earlyRefresh,high-skew-zipf,1788518581.475000,73.999848,adaptive_ttl_effective_seconds,level=l1,5
2026-09-04_10-41-47-475152_earlyRefresh,earlyRefresh,high-skew-zipf,1788518582.475000,74.999848,adaptive_ttl_effective_seconds,level=l1,5
2026-09-04_10-41-47-475152_earlyRefresh,earlyRefresh,high-skew-zipf,1788518583.475000,75.999848,adaptive_ttl_effective_seconds,level=l1,5
2026-09-04_10-41-47-475152_earlyRefresh,earlyRefresh,high-skew-zipf,1788518584.475000,76.999848,adaptive_ttl_effective_seconds,level=l1,5
2026-09-04_10-41-47-475152_earlyRefresh,earlyRefresh,high-skew-zipf,1788518585.475000,77.999848,adaptive_ttl_effective_seconds,level=l1,5
2026-09-04_10-41-47-475152_earlyRefresh,earlyRefresh,high-skew-zipf,1788518586.475000,78.999848,adaptive_ttl_effective_seconds,level=l1,5
2026-09-04_10-41-47-475152_earlyRefresh,earlyRefresh,high-skew-zipf,1788518587.475000,79.999848,adaptive_ttl_effective_seconds,level=l1,5
2026-09-04_10-41-47-475152_earlyRefresh,earlyRefresh,high-skew-zipf,1788518588.475000,80.999848,adaptive_ttl_effective_seconds,level=l1,5
2026-09-04_10-41-47-475152_earlyRefresh,earlyRefresh,high-skew-zipf,1788518589.475000,81.999848,adaptive_ttl_effective_seconds,level=l1,5
2026-09-04_10-41-47-475152_earlyRefresh,earlyRefresh,high-skew-zipf,1788518590.475000,82.999848,adaptive_ttl_effective_seconds,level=l1,5
2026-09-04_10-41-47-475152_earlyRefresh,earlyRefresh,high-skew-zipf,1788518591.475000,83.999848,adaptive_ttl_effective_seconds,level=l1,5
2026-09-04_10-41-47-475152_earlyRefresh,earlyRefresh,high-skew-zipf,1788518592.475000,84.999848,adaptive_ttl_effective_seconds,level=l1,5
2026-09-04_10-41-47-475152_earlyRefresh,earlyRefresh,high-skew-zipf,1788518593.475000,85.999848,adaptive_ttl_effective_seconds,level=l1,5
2026-09-04_10-41-47-475152_earlyRefresh,earlyRefresh,high-skew-zipf,1788518594.475000,86.999848,adaptive_ttl_effective_seconds,level=l1,5
2026-09-04_10-41-47-475152_earlyRefresh,earlyRefresh,high-skew-zipf,1788518595.475000,87.999848,adaptive_ttl_effective_seconds,level=l1,5
2026-09-04_10-41-47-475152_earlyRefresh,earlyRefresh,high-skew-zipf,1788518596.475000,88.999848,adaptive_ttl_effective_seconds,level=l1,5
2026-09-04_10-41-47-475152_earlyRefresh,earlyRefresh,high-skew-zipf,1788518597.475000,89.999848,adaptive_ttl_effective_seconds,level=l1,5
2026-09-04_10-41-47-475152_earlyRefresh,earlyRefresh,high-skew-zipf,1788518598.475000,90.999848,adaptive_ttl_effective_seconds,level=l1,5
2026-09-04_10-41-47-475152_earlyRefresh,earlyRefresh,high-skew-zipf,1788518599.475000,91.999848,adaptive_ttl_effective_seconds,level=l1,5
2026-09-04_10-41-47-475152_earlyRefresh,earlyRefresh,high-skew-zipf,1788518600.475000,92.999848,adaptive_ttl_effective_seconds,level=l1,5
2026-09-04_10-41-47-475152_earlyRefresh,earlyRefresh,high-skew-zipf,1788518601.475000,93.999848,adaptive_ttl_effective_seconds,level=l1,5
2026-09-04_10-41-47-475152_earlyRefresh,earlyRefresh,high-skew-zipf,1788518602.475000,94.999848,adaptive_ttl_effective_seconds,level=l1,5
2026-09-04_10-41-47-475152_earlyRefresh,earlyRefresh,high-skew-zipf,1788518603.475000,95.999848,adaptive_ttl_effective_seconds,level=l1,5
2026-09-04_10-41-47-475152_earlyRefresh,earlyRefresh,high-skew-zipf,1788518604.475000,96.999848,adaptive_ttl_effective_seconds,level=l1,5
2026-09-04_10-41-47-475152_earlyRefresh,earlyRefresh,high-skew-zipf,1788518605.475000,97.999848,adaptive_ttl_effective_seconds,level=l1,5
2026-09-04_10-41-47-475152_earlyRefresh,earlyRefresh,high-skew-zipf,1788518606.475000,98.999848,adaptive_ttl_effective_seconds,level=l1,5
2026-09-04_10-41-47-475152_earlyRefresh,earlyRefresh,high-skew-zipf,1788518607.475000,99.999848,adaptive_ttl_effective_seconds,level=l1,5
2026-09-04_10-41-47-475152_earlyRefresh,earlyRefresh,high-skew-zipf,1788518608.475000,100.999848,adaptive_ttl_effective_seconds,level=l1,5
2026-09-04_10-41-47-475152_earlyRefresh,earlyRefresh,high-skew-zipf,1788518609.475000,101.999848,adaptive_ttl_effective_seconds,level=l1,5
2026-09-04_10-41-47-475152_earlyRefresh,earlyRefresh,high-skew-zipf,1788518610.475000,102.999848,adaptive_ttl_effective_seconds,level=l1,5
2026-09-04_10-41-47-475152_earlyRefresh,earlyRefresh,high-skew-zipf,1788518611.475000,103.999848,adaptive_ttl_effective_seconds,level=l1,5
2026-09-04_10-41-47-475152_earlyRefresh,earlyRefresh,high-skew-zipf,1788518612.475000,104.999848,adaptive_ttl_effective_seconds,level=l1,5
2026-09-04_10-41-47-475152_earlyRefresh,earlyRefresh,high-skew-zipf,1788518613.475000,105.999848,adaptive_ttl_effective_seconds,level=l1,5
2026-09-04_10-41-47-475152_earlyRefresh,earlyRefresh,high-skew-zipf,1788518614.475000,106.999848,adaptive_ttl_effective_seconds,level=l1,5
2026-09-04_10-41-47-475152_earlyRefresh,earlyRefresh,high-skew-zipf,1788518615.475000,107.999848,adaptive_ttl_effective_seconds,level=l1,5
2026-09-04_10-41-47-475152_earlyRefresh,earlyRefresh,high-skew-zipf,1788518616.475000,108.999848,adaptive_ttl_effective_seconds,level=l1,5
2026-09-04_10-41-47-475152_earlyRefresh,earlyRefresh,high-skew-zipf,1788518617.475000,109.999848,adaptive_ttl_effective_seconds,level=l1,5
2026-09-04_10-41-47-475152_earlyRefresh,earlyRefresh,high-skew-zipf,1788518618.475000,110.999848,adaptive_ttl_effective_seconds,level=l1,5
2026-09-04_10-41-47-475152_earlyRefresh,earlyRefresh,high-skew-zipf,1788518619.475000,111.999848,adaptive_ttl_effective_seconds,level=l1,5
2026-09-04_10-41-47-475152_earlyRefresh,earlyRefresh,high-skew-zipf,1788518620.475000,112.999848,adaptive_ttl_effective_seconds,level=l1,5
2026-09-04_10-41-47-475152_earlyRefresh,earlyRefresh,high-skew-zipf,1788518621.475000,113.999848,adaptive_ttl_effective_seconds,level=l1,5
2026-09-04_10-41-47-475152_earlyRefresh,earlyRefresh,high-skew-zipf,1788518622.475000,114.999848,adaptive_ttl_effective_seconds,level=l1,5
2026-09-04_10-41-47-475152_earlyRefresh,earlyRefresh,high-skew-zipf,1788518623.475000,115.999848,adaptive_ttl_effective_seconds,level=l1,5
2026-09-04_10-41-47-475152_earlyRefresh,earlyRefresh,high-skew-zipf,1788518624.475000,116.999848,adaptive_ttl_effective_seconds,level=l1,5
2026-09-04_10-41-47-475152_earlyRefresh,earlyRefresh,high-skew-zipf,1788518625.475000,117.999848,adaptive_ttl_effective_seconds,level=l1,5
2026-09-04_10-41-47-475152_earlyRefresh,earlyRefresh,high-skew-zipf,1788518626.475000,118.999848,adaptive_ttl_effective_seconds,level=l1,5
2026-09-04_10-41-47-475152_earlyRefresh,earlyRefresh,high-skew-zipf,1788518627.475000,119.999848,adaptive_ttl_effective_seconds,level=l1,5
2026-09-04_10-41-47-475152_earlyRefresh,earlyRefresh,high-skew-zipf,1788518628.475000,120.999848,adaptive_ttl_effective_seconds,level=l1,5
2026-09-04_10-41-47-475152_earlyRefresh,earlyRefresh,high-skew-zipf,1788518629.475000,121.999848,adaptive_ttl_effective_seconds,level=l1,5
2026-09-04_10-41-47-475152_earlyRefresh,earlyRefresh,high-skew-zipf,1788518630.475000,122.999848,adaptive_ttl_effective_seconds,level=l1,5
2026-09-04_10-41-47-475152_earlyRefresh,earlyRefresh,high-skew-zipf,1788518631.475000,123.999848,adaptive_ttl_effective_seconds,level=l1,5
2026-09-04_10-41-47-475152_earlyRefresh,earlyRefresh,high-skew-zipf,1788518632.475000,124.999848,adaptive_ttl_effective_seconds,level=l1,5
2026-09-04_10-41-47-475152_earlyRefresh,earlyRefresh,high-skew-zipf,1788518633.475000,125.999848,adaptive_ttl_effective_seconds,level=l1,5
2026-09-04_10-41-47-475152_earlyRefresh,earlyRefresh,high-skew-zipf,1788518634.475000,126.999848,adaptive_ttl_effective_seconds,level=l1,5
2026-09-04_10-41-47-475152_earlyRefresh,earlyRefresh,high-skew-zipf,1788518635.475000,127.999848,adaptive_ttl_effective_seconds,level=l1,5
2026-09-04_10-41-47-475152_earlyRefresh,earlyRefresh,high-skew-zipf,1788518636.475000,128.999848,adaptive_ttl_effective_seconds,level=l1,5
2026-09-04_10-41-47-475152_earlyRefresh,earlyRefresh,high-skew-zipf,1788518637.475000,129.999848,adaptive_ttl_effective_seconds,level=l1,5
2026-09-04_10-41-47-475152_earlyRefresh,earlyRefresh,high-skew-zipf,1788518638.475000,130.999848,adaptive_ttl_effective_seconds,level=l1,5
2026-09-04_10-41-47-475152_earlyRefresh,earlyRefresh,high-skew-zipf,1788518639.475000,131.999848,adaptive_ttl_effective_seconds,level=l1,5
2026-09-04_10-41-47-475152_earlyRefresh,earlyRefresh,high-skew-zipf,1788518640.475000,132.999848,adaptive_ttl_effective_seconds,level=l1,5
2026-09-04_10-41-47-475152_earlyRefresh,earlyRefresh,high-skew-zipf,1788518641.475000,133.999848,adaptive_ttl_effective_seconds,level=l1,5
2026-09-04_10-41-47-475152_earlyRefresh,earlyRefresh,high-skew-zipf,1788518642.475000,134.999848,adaptive_ttl_effective_seconds,level=l1,5
2026-09-04_10-41-47-475152_earlyRefresh,earlyRefresh,high-skew-zipf,1788518643.475000,135.999848,adaptive_ttl_effective_seconds,level=l1,5
2026-09-04_10-41-47-475152_earlyRefresh,earlyRefresh,high-skew-zipf,1788518644.475000,136.999848,adaptive_ttl_effective_seconds,level=l1,5
2026-09-04_10-41-47-475152_earlyRefresh,earlyRefresh,high-skew-zipf,1788518645.475000,137.999848,adaptive_ttl_effective_seconds,level=l1,5
2026-09-04_10-41-47-475152_earlyRefresh,earlyRefresh,high-skew-zipf,1788518646.475000,138.999848,adaptive_ttl_effective_seconds,level=l1,5
2026-09-04_10-41-47-475152_earlyRefresh,earlyRefresh,high-skew-zipf,1788518647.475000,139.999848,adaptive_ttl_effective_seconds,level=l1,5
2026-09-04_10-41-47-475152_earlyRefresh,earlyRefresh,high-skew-zipf,1788518648.475000,140.999848,adaptive_ttl_effective_seconds,level=l1,5
2026-09-04_10-41-47-475152_earlyRefresh,earlyRefresh,high-skew-zipf,1788518649.475000,141.999848,adaptive_ttl_effective_seconds,level=l1,5
2026-09-04_10-41-47-475152_earlyRefresh,earlyRefresh,high-skew-zipf,1788518650.475000,142.999848,adaptive_ttl_effective_seconds,level=l1,5
2026-09-04_10-41-47-475152_earlyRefresh,earlyRefresh,high-skew-zipf,1788518651.475000,143.999848,adaptive_ttl_effective_seconds,level=l1,5
2026-09-04_10-41-47-475152_earlyRefresh,earlyRefresh,high-skew-zipf,1788518652.475000,144.999848,adaptive_ttl_effective_seconds,level=l1,5
2026-09-04_10-41-47-475152_earlyRefresh,earlyRefresh,high-skew-zipf,1788518653.475000,145.999848,adaptive_ttl_effective_seconds,level=l1,5
2026-09-04_10-41-47-475152_earlyRefresh,earlyRefresh,high-skew-zipf,1788518654.475000,146.999848,adaptive_ttl_effective_seconds,level=l1,5
2026-09-04_10-41-47-475152_earlyRefresh,earlyRefresh,high-skew-zipf,1788518655.475000,147.999848,adaptive_ttl_effective_seconds,level=l1,5
2026-09-04_10-41-47-475152_earlyRefresh,earlyRefresh,high-skew-zipf,1788518656.475000,148.999848,adaptive_ttl_effective_seconds,level=l1,5
2026-09-04_10-41-47-475152_earlyRefresh,earlyRefresh,high-skew-zipf,1788518657.475000,149.999848,adaptive_ttl_effective_seconds,level=l1,5
2026-09-04_10-41-47-475152_earlyRefresh,earlyRefresh,high-skew-zipf,1788518658.475000,150.999848,adaptive_ttl_effective_seconds,level=l1,5
2026-09-04_10-41-47-475152_earlyRefresh,earlyRefresh,high-skew-zipf,1788518659.475000,151.999848,adaptive_ttl_effective_seconds,level=l1,5
2026-09-04_10-41-47-475152_earlyRefresh,earlyRefresh,high-skew-zipf,1788518660.475000,152.999848,adaptive_ttl_effective_seconds,level=l1,5
2026-09-04_10-41-47-475152_earlyRefresh,earlyRefresh,high-skew-zipf,1788518661.475000,153.999848,adaptive_ttl_effective_seconds,level=l1,5
2026-09-04_10-41-47-475152_earlyRefresh,earlyRefresh,high-skew-zipf,1788518662.475000,154.999848,adaptive_ttl_effective_seconds,level=l1,5
2026-09-04_10-41-47-475152_earlyRefresh,earlyRefresh,high-skew-zipf,1788518663.475000,155.999848,adaptive_ttl_effective_seconds,level=l1,5
2026-09-04_10-41-47-475152_earlyRefresh,earlyRefresh,high-skew-zipf,1788518664.475000,156.999848,adaptive_ttl_effective_seconds,level=l1,5
2026-09-04_10-41-47-475152_earlyRefresh,earlyRefresh,high-skew-zipf,1788518665.475000,157.999848,adaptive_ttl_effective_seconds,level=l1,5
2026-09-04_10-41-47-475152_earlyRefresh,earlyRefresh,high-skew-zipf,1788518666.475000,158.999848,adaptive_ttl_effective_seconds,level=l1,5
2026-09-04_10-41-47-475152_earlyRefresh,earlyRefresh,high-skew-zipf,1788518667.475000,159.999848,adaptive_ttl_effective_seconds,level=l1,5
2026-09-04_10-41-47-475152_earlyRefresh,earlyRefresh,high-skew-zipf,1788518668.475000,160.999848,adaptive_ttl_effective_seconds,level=l1,5
2026-09-04_10-41-47-475152_earlyRefresh,earlyRefresh,high-skew-zipf,1788518669.475000,161.999848,adaptive_ttl_effective_seconds,level=l1,5
2026-09-04_10-41-47-475152_earlyRefresh,earlyRefresh,high-skew-zipf,1788518670.475000,162.999848,adaptive_ttl_effective_seconds,level=l1,5
2026-09-04_10-41-47-475152_earlyRefresh,earlyRefresh,high-skew-zipf,1788518671.475000,163.999848,adaptive_ttl_effective_seconds,level=l1,5
2026-09-04_10-41-47-475152_earlyRefresh,earlyRefresh,high-skew-zipf,1788518672.475000,164.999848,adaptive_ttl_effective_seconds,level=l1,5
2026-09-04_10-41-47-475152_earlyRefresh,earlyRefresh,high-skew-zipf,1788518673.475000,165.999848,adaptive_ttl_effective_seconds,level=l1,5
2026-09-04_10-41-47-475152_earlyRefresh,earlyRefresh,high-skew-zipf,1788518674.475000,166.999848,adaptive_ttl_effective_seconds,level=l1,5
2026-09-04_10-41-47-475152_earlyRefresh,earlyRefresh,high-skew-zipf,1788518675.475000,167.999848,adaptive_ttl_effective_seconds,level=l1,5
2026-09-04_10-41-47-475152_earlyRefresh,earlyRefresh,high-skew-zipf,1788518676.475000,168.999848,adaptive_ttl_effective_seconds,level=l1,5
2026-09-04_10-41-47-475152_earlyRefresh,earlyRefresh,high-skew-zipf,1788518677.475000,169.999848,adaptive_ttl_effective_seconds,level=l1,5
2026-09-04_10-41-47-475152_earlyRefresh,earlyRefresh,high-skew-zipf,1788518678.475000,170.999848,adaptive_ttl_effective_seconds,level=l1,5
2026-09-04_10-41-47-475152_earlyRefresh,earlyRefresh,high-skew-zipf,1788518679.475000,171.999848,adaptive_ttl_effective_seconds,level=l1,5
2026-09-04_10-41-47-475152_earlyRefresh,earlyRefresh,high-skew-zipf,1788518680.475000,172.999848,adaptive_ttl_effective_seconds,level=l1,5
2026-09-04_10-41-47-475152_earlyRefresh,earlyRefresh,high-skew-zipf,1788518681.475000,173.999848,adaptive_ttl_effective_seconds,level=l1,5
2026-09-04_10-41-47-475152_earlyRefresh,earlyRefresh,high-skew-zipf,1788518682.475000,174.999848,adaptive_ttl_effective_seconds,level=l1,5
2026-09-04_10-41-47-475152_earlyRefresh,earlyRefresh,high-skew-zipf,1788518683.475000,175.999848,adaptive_ttl_effective_seconds,level=l1,5
2026-09-04_10-41-47-475152_earlyRefresh,earlyRefresh,high-skew-zipf,1788518684.475000,176.999848,adaptive_ttl_effective_seconds,level=l1,5
2026-09-04_10-41-47-475152_earlyRefresh,earlyRefresh,high-skew-zipf,1788518685.475000,177.999848,adaptive_ttl_effective_seconds,level=l1,5
2026-09-04_10-41-47-475152_earlyRefresh,earlyRefresh,high-skew-zipf,1788518686.475000,178.999848,adaptive_ttl_effective_seconds,level=l1,5
2026-09-04_10-41-47-475152_earlyRefresh,earlyRefresh,high-skew-zipf,1788518687.475000,179.999848,adaptive_ttl_effective_seconds,level=l1,5
2026-09-04_10-41-47-475152_earlyRefresh,earlyRefresh,high-skew-zipf,1788518688.475000,180.999848,adaptive_ttl_effective_seconds,level=l1,5
2026-09-04_10-41-47-475152_earlyRefresh,earlyRefresh,high-skew-zipf,1788518689.475000,181.999848,adaptive_ttl_effective_seconds,level=l1,5
2026-09-04_10-41-47-475152_earlyRefresh,earlyRefresh,high-skew-zipf,1788518690.475000,182.999848,adaptive_ttl_effective_seconds,level=l1,5
2026-09-04_10-41-47-475152_earlyRefresh,earlyRefresh,high-skew-zipf,1788518691.475000,183.999848,adaptive_ttl_effective_seconds,level=l1,5
2026-09-04_10-41-47-475152_earlyRefresh,earlyRefresh,high-skew-zipf,1788518692.475000,184.999848,adaptive_ttl_effective_seconds,level=l1,5
2026-09-04_10-41-47-475152_earlyRefresh,earlyRefresh,high-skew-zipf,1788518693.475000,185.999848,adaptive_ttl_effective_seconds,level=l1,5
2026-09-04_10-41-47-475152_earlyRefresh,earlyRefresh,high-skew-zipf,1788518694.475000,186.999848,adaptive_ttl_effective_seconds,level=l1,5
2026-09-04_10-41-47-475152_earlyRefresh,earlyRefresh,high-skew-zipf,1788518695.475000,187.999848,adaptive_ttl_effective_seconds,level=l1,5
2026-09-04_10-41-47-475152_earlyRefresh,earlyRefresh,high-skew-zipf,1788518696.475000,188.999848,adaptive_ttl_effective_seconds,level=l1,5
2026-09-04_10-41-47-475152_earlyRefresh,earlyRefresh,high-skew-zipf,1788518697.475000,189.999848,adaptive_ttl_effective_seconds,level=l1,5
2026-09-04_10-41-47-475152_earlyRefresh,earlyRefresh,high-skew-zipf,1788518698.475000,190.999848,adaptive_ttl_effective_seconds,level=l1,5
2026-09-04_10-41-47-475152_earlyRefresh,earlyRefresh,high-skew-zipf,1788518699.475000,191.999848,adaptive_ttl_effective_seconds,level=l1,5
2026-09-04_10-41-47-475152_earlyRefresh,earlyRefresh,high-skew-zipf,1788518700.475000,192.999848,adaptive_ttl_effective_seconds,level=l1,5
2026-09-04_10-41-47-475152_earlyRefresh,earlyRefresh,high-skew-zipf,1788518701.475000,193.999848,adaptive_ttl_effective_seconds,level=l1,5
2026-09-04_10-41-47-475152_earlyRefresh,earlyRefresh,high-skew-zipf,1788518702.475000,194.999848,adaptive_ttl_effective_seconds,level=l1,5
2026-09-04_10-41-47-475152_earlyRefresh,earlyRefresh,high-skew-zipf,1788518703.475000,195.999848,adaptive_ttl_effective_seconds,level=l1,5
2026-09-04_10-41-47-475152_earlyRefresh,earlyRefresh,high-skew-zipf,1788518704.475000,196.999848,adaptive_ttl_effective_seconds,level=l1,5
2026-09-04_10-41-47-475152_earlyRefresh,earlyRefresh,high-skew-zipf,1788518705.475000,197.999848,adaptive_ttl_effective_seconds,level=l1,5
2026-09-04_10-41-47-475152_earlyRefresh,earlyRefresh,high-skew-zipf,1788518706.475000,198.999848,adaptive_ttl_effective_seconds,level=l1,5
2026-09-04_10-41-47-475152_earlyRefresh,earlyRefresh,high-skew-zipf,1788518707.475000,199.999848,adaptive_ttl_effective_seconds,level=l1,5
2026-09-04_10-41-47-475152_earlyRefresh,earlyRefresh,high-skew-zipf,1788518708.475000,200.999848,adaptive_ttl_effective_seconds,level=l1,5
2026-09-04_10-41-47-475152_earlyRefresh,earlyRefresh,high-skew-zipf,1788518709.475000,201.999848,adaptive_ttl_effective_seconds,level=l1,5
2026-09-04_10-41-47-475152_earlyRefresh,earlyRefresh,high-skew-zipf,1788518710.475000,202.999848,adaptive_ttl_effective_seconds,level=l1,5
2026-09-04_10-41-47-475152_earlyRefresh,earlyRefresh,high-skew-zipf,1788518711.475000,203.999848,adaptive_ttl_effective_seconds,level=l1,5
2026-09-04_10-41-47-475152_earlyRefresh,earlyRefresh,high-skew-zipf,1788518712.475000,204.999848,adaptive_ttl_effective_seconds,level=l1,5
2026-09-04_10-41-47-475152_earlyRefresh,earlyRefresh,high-skew-zipf,1788518713.475000,205.999848,adaptive_ttl_effective_seconds,level=l1,5
2026-09-04_10-41-47-475152_earlyRefresh,earlyRefresh,high-skew-zipf,1788518714.475000,206.999848,adaptive_ttl_effective_seconds,level=l1,5
2026-09-04_10-41-47-475152_earlyRefresh,earlyRefresh,high-skew-zipf,1788518715.475000,207.999848,adaptive_ttl_effective_seconds,level=l1,5
2026-09-04_10-41-47-475152_earlyRefresh,earlyRefresh,high-skew-zipf,1788518716.475000,208.999848,adaptive_ttl_effective_seconds,level=l1,5
2026-09-04_10-41-47-475152_earlyRefresh,earlyRefresh,high-skew-zipf,1788518717.475000,209.999848,adaptive_ttl_effective_seconds,level=l1,5
2026-09-04_10-41-47-475152_earlyRefresh,earlyRefresh,high-skew-zipf,1788518718.475000,210.999848,adaptive_ttl_effective_seconds,level=l1,5
2026-09-04_10-41-47-475152_earlyRefresh,earlyRefresh,high-skew-zipf,1788518719.475000,211.999848,adaptive_ttl_effective_seconds,level=l1,5
2026-09-04_10-41-47-475152_earlyRefresh,earlyRefresh,high-skew-zipf,1788518720.475000,212.999848,adaptive_ttl_effective_seconds,level=l1,5
2026-09-04_10-41-47-475152_earlyRefresh,earlyRefresh,high-skew-zipf,1788518721.475000,213.999848,adaptive_ttl_effective_seconds,level=l1,5
2026-09-04_10-41-47-475152_earlyRefresh,earlyRefresh,high-skew-zipf,1788518722.475000,214.999848,adaptive_ttl_effective_seconds,level=l1,5
2026-09-04_10-41-47-475152_earlyRefresh,earlyRefresh,high-skew-zipf,1788518723.475000,215.999848,adaptive_ttl_effective_seconds,level=l1,5
2026-09-04_10-41-47-475152_earlyRefresh,earlyRefresh,high-skew-zipf,1788518724.475000,216.999848,adaptive_ttl_effective_seconds,level=l1,5
2026-09-04_10-41-47-475152_earlyRefresh,earlyRefresh,high-skew-zipf,1788518725.475000,217.999848,adaptive_ttl_effective_seconds,level=l1,5
2026-09-04_10-41-47-475152_earlyRefresh,earlyRefresh,high-skew-zipf,1788518726.475000,218.999848,adaptive_ttl_effective_seconds,level=l1,5
2026-09-04_10-41-47-475152_earlyRefresh,earlyRefresh,high-skew-zipf,1788518727.475000,219.999848,adaptive_ttl_effective_seconds,level=l1,5
2026-09-04_10-41-47-475152_earlyRefresh,earlyRefresh,high-skew-zipf,1788518728.475000,220.999848,adaptive_ttl_effective_seconds,level=l1,5
2026-09-04_10-41-47-475152_earlyRefresh,earlyRefresh,high-skew-zipf,1788518729.475000,221.999848,adaptive_ttl_effective_seconds,level=l1,5
2026-09-04_10-41-47-475152_earlyRefresh,earlyRefresh,high-skew-zipf,1788518730.475000,222.999848,adaptive_ttl_effective_seconds,level=l1,5
2026-09-04_10-41-47-475152_earlyRefresh,earlyRefresh,high-skew-zipf,1788518731.475000,223.999848,adaptive_ttl_effective_seconds,level=l1,5
2026-09-04_10-41-47-475152_earlyRefresh,earlyRefresh,high-skew-zipf,1788518732.475000,224.999848,adaptive_ttl_effective_seconds,level=l1,5
2026-09-04_10-41-47-475152_earlyRefresh,earlyRefresh,high-skew-zipf,1788518733.475000,225.999848,adaptive_ttl_effective_seconds,level=l1,5
2026-09-04_10-41-47-475152_earlyRefresh,earlyRefresh,high-skew-zipf,1788518734.475000,226.999848,adaptive_ttl_effective_seconds,level=l1,5
2026-09-04_10-41-47-475152_earlyRefresh,earlyRefresh,high-skew-zipf,1788518735.475000,227.999848,adaptive_ttl_effective_seconds,level=l1,5
2026-09-04_10-41-47-475152_earlyRefresh,earlyRefresh,high-skew-zipf,1788518736.475000,228.999848,adaptive_ttl_effective_seconds,level=l1,5
2026-09-04_10-41-47-475152_earlyRefresh,earlyRefresh,high-skew-zipf,1788518737.475000,229.999848,adaptive_ttl_effective_seconds,level=l1,5
2026-09-04_10-41-47-475152_earlyRefresh,earlyRefresh,high-skew-zipf,1788518738.475000,230.999848,adaptive_ttl_effective_seconds,level=l1,5
2026-09-04_10-41-47-475152_earlyRefresh,earlyRefresh,high-skew-zipf,1788518739.475000,231.999848,adaptive_ttl_effective_seconds,level=l1,5
2026-09-04_10-41-47-475152_earlyRefresh,earlyRefresh,high-skew-zipf,1788518740.475000,232.999848,adaptive_ttl_effective_seconds,level=l1,5
2026-09-04_10-41-47-475152_earlyRefresh,earlyRefresh,high-skew-zipf,1788518741.475000,233.999848,adaptive_ttl_effective_seconds,level=l1,5
2026-09-04_10-41-47-475152_earlyRefresh,earlyRefresh,high-skew-zipf,1788518742.475000,234.999848,adaptive_ttl_effective_seconds,level=l1,5
2026-09-04_10-41-47-475152_earlyRefresh,earlyRefresh,high-skew-zipf,1788518743.475000,235.999848,adaptive_ttl_effective_seconds,level=l1,5
2026-09-04_10-41-47-475152_earlyRefresh,earlyRefresh,high-skew-zipf,1788518744.475000,236.999848,adaptive_ttl_effective_seconds,level=l1,5
2026-09-04_10-41-47-475152_earlyRefresh,earlyRefresh,high-skew-zipf,1788518745.475000,237.999848,adaptive_ttl_effective_seconds,level=l1,5
2026-09-04_10-41-47-475152_earlyRefresh,earlyRefresh,high-skew-zipf,1788518746.475000,238.999848,adaptive_ttl_effective_seconds,level=l1,5
2026-09-04_10-41-47-475152_earlyRefresh,earlyRefresh,high-skew-zipf,1788518747.475000,239.999848,adaptive_ttl_effective_seconds,level=l1,5
2026-09-04_10-41-47-475152_earlyRefresh,earlyRefresh,high-skew-zipf,1788518507.475000,-0.000152,adaptive_ttl_effective_seconds,level=l2,15
2026-09-04_10-41-47-475152_earlyRefresh,earlyRefresh,high-skew-zipf,1788518508.475000,0.999848,adaptive_ttl_effective_seconds,level=l2,15
2026-09-04_10-41-47-475152_earlyRefresh,earlyRefresh,high-skew-zipf,1788518509.475000,1.999848,adaptive_ttl_effective_seconds,level=l2,15
2026-09-04_10-41-47-475152_earlyRefresh,earlyRefresh,high-skew-zipf,1788518510.475000,2.999848,adaptive_ttl_effective_seconds,level=l2,15
2026-09-04_10-41-47-475152_earlyRefresh,earlyRefresh,high-skew-zipf,1788518511.475000,3.999848,adaptive_ttl_effective_seconds,level=l2,15
2026-09-04_10-41-47-475152_earlyRefresh,earlyRefresh,high-skew-zipf,1788518512.475000,4.999848,adaptive_ttl_effective_seconds,level=l2,15
2026-09-04_10-41-47-475152_earlyRefresh,earlyRefresh,high-skew-zipf,1788518513.475000,5.999848,adaptive_ttl_effective_seconds,level=l2,15
2026-09-04_10-41-47-475152_earlyRefresh,earlyRefresh,high-skew-zipf,1788518514.475000,6.999848,adaptive_ttl_effective_seconds,level=l2,15
2026-09-04_10-41-47-475152_earlyRefresh,earlyRefresh,high-skew-zipf,1788518515.475000,7.999848,adaptive_ttl_effective_seconds,level=l2,15
2026-09-04_10-41-47-475152_earlyRefresh,earlyRefresh,high-skew-zipf,1788518516.475000,8.999848,adaptive_ttl_effective_seconds,level=l2,15
2026-09-04_10-41-47-475152_earlyRefresh,earlyRefresh,high-skew-zipf,1788518517.475000,9.999848,adaptive_ttl_effective_seconds,level=l2,15
2026-09-04_10-41-47-475152_earlyRefresh,earlyRefresh,high-skew-zipf,1788518518.475000,10.999848,adaptive_ttl_effective_seconds,level=l2,15
2026-09-04_10-41-47-475152_earlyRefresh,earlyRefresh,high-skew-zipf,1788518519.475000,11.999848,adaptive_ttl_effective_seconds,level=l2,15
2026-09-04_10-41-47-475152_earlyRefresh,earlyRefresh,high-skew-zipf,1788518520.475000,12.999848,adaptive_ttl_effective_seconds,level=l2,15
2026-09-04_10-41-47-475152_earlyRefresh,earlyRefresh,high-skew-zipf,1788518521.475000,13.999848,adaptive_ttl_effective_seconds,level=l2,15
2026-09-04_10-41-47-475152_earlyRefresh,earlyRefresh,high-skew-zipf,1788518522.475000,14.999848,adaptive_ttl_effective_seconds,level=l2,15
2026-09-04_10-41-47-475152_earlyRefresh,earlyRefresh,high-skew-zipf,1788518523.475000,15.999848,adaptive_ttl_effective_seconds,level=l2,15
2026-09-04_10-41-47-475152_earlyRefresh,earlyRefresh,high-skew-zipf,1788518524.475000,16.999848,adaptive_ttl_effective_seconds,level=l2,15
2026-09-04_10-41-47-475152_earlyRefresh,earlyRefresh,high-skew-zipf,1788518525.475000,17.999848,adaptive_ttl_effective_seconds,level=l2,15
2026-09-04_10-41-47-475152_earlyRefresh,earlyRefresh,high-skew-zipf,1788518526.475000,18.999848,adaptive_ttl_effective_seconds,level=l2,15
2026-09-04_10-41-47-475152_earlyRefresh,earlyRefresh,high-skew-zipf,1788518527.475000,19.999848,adaptive_ttl_effective_seconds,level=l2,15
2026-09-04_10-41-47-475152_earlyRefresh,earlyRefresh,high-skew-zipf,1788518528.475000,20.999848,adaptive_ttl_effective_seconds,level=l2,15
2026-09-04_10-41-47-475152_earlyRefresh,earlyRefresh,high-skew-zipf,1788518529.475000,21.999848,adaptive_ttl_effective_seconds,level=l2,15
2026-09-04_10-41-47-475152_earlyRefresh,earlyRefresh,high-skew-zipf,1788518530.475000,22.999848,adaptive_ttl_effective_seconds,level=l2,15
2026-09-04_10-41-47-475152_earlyRefresh,earlyRefresh,high-skew-zipf,1788518531.475000,23.999848,adaptive_ttl_effective_seconds,level=l2,15
2026-09-04_10-41-47-475152_earlyRefresh,earlyRefresh,high-skew-zipf,1788518532.475000,24.999848,adaptive_ttl_effective_seconds,level=l2,15
2026-09-04_10-41-47-475152_earlyRefresh,earlyRefresh,high-skew-zipf,1788518533.475000,25.999848,adaptive_ttl_effective_seconds,level=l2,15
2026-09-04_10-41-47-475152_earlyRefresh,earlyRefresh,high-skew-zipf,1788518534.475000,26.999848,adaptive_ttl_effective_seconds,level=l2,15
2026-09-04_10-41-47-475152_earlyRefresh,earlyRefresh,high-skew-zipf,1788518535.475000,27.999848,adaptive_ttl_effective_seconds,level=l2,15
2026-09-04_10-41-47-475152_earlyRefresh,earlyRefresh,high-skew-zipf,1788518536.475000,28.999848,adaptive_ttl_effective_seconds,level=l2,15
2026-09-04_10-41-47-475152_earlyRefresh,earlyRefresh,high-skew-zipf,1788518537.475000,29.999848,adaptive_ttl_effective_seconds,level=l2,15
2026-09-04_10-41-47-475152_earlyRefresh,earlyRefresh,high-skew-zipf,1788518538.475000,30.999848,adaptive_ttl_effective_seconds,level=l2,15
2026-09-04_10-41-47-475152_earlyRefresh,earlyRefresh,high-skew-zipf,1788518539.475000,31.999848,adaptive_ttl_effective_seconds,level=l2,15
2026-09-04_10-41-47-475152_earlyRefresh,earlyRefresh,high-skew-zipf,1788518540.475000,32.999848,adaptive_ttl_effective_seconds,level=l2,15
2026-09-04_10-41-47-475152_earlyRefresh,earlyRefresh,high-skew-zipf,1788518541.475000,33.999848,adaptive_ttl_effective_seconds,level=l2,15
2026-09-04_10-41-47-475152_earlyRefresh,earlyRefresh,high-skew-zipf,1788518542.475000,34.999848,adaptive_ttl_effective_seconds,level=l2,15
2026-09-04_10-41-47-475152_earlyRefresh,earlyRefresh,high-skew-zipf,1788518543.475000,35.999848,adaptive_ttl_effective_seconds,level=l2,15
2026-09-04_10-41-47-475152_earlyRefresh,earlyRefresh,high-skew-zipf,1788518544.475000,36.999848,adaptive_ttl_effective_seconds,level=l2,15
2026-09-04_10-41-47-475152_earlyRefresh,earlyRefresh,high-skew-zipf,1788518545.475000,37.999848,adaptive_ttl_effective_seconds,level=l2,15
2026-09-04_10-41-47-475152_earlyRefresh,earlyRefresh,high-skew-zipf,1788518546.475000,38.999848,adaptive_ttl_effective_seconds,level=l2,15
2026-09-04_10-41-47-475152_earlyRefresh,earlyRefresh,high-skew-zipf,1788518547.475000,39.999848,adaptive_ttl_effective_seconds,level=l2,15
2026-09-04_10-41-47-475152_earlyRefresh,earlyRefresh,high-skew-zipf,1788518548.475000,40.999848,adaptive_ttl_effective_seconds,level=l2,15
2026-09-04_10-41-47-475152_earlyRefresh,earlyRefresh,high-skew-zipf,1788518549.475000,41.999848,adaptive_ttl_effective_seconds,level=l2,15
2026-09-04_10-41-47-475152_earlyRefresh,earlyRefresh,high-skew-zipf,1788518550.475000,42.999848,adaptive_ttl_effective_seconds,level=l2,15
2026-09-04_10-41-47-475152_earlyRefresh,earlyRefresh,high-skew-zipf,1788518551.475000,43.999848,adaptive_ttl_effective_seconds,level=l2,15
2026-09-04_10-41-47-475152_earlyRefresh,earlyRefresh,high-skew-zipf,1788518552.475000,44.999848,adaptive_ttl_effective_seconds,level=l2,15
2026-09-04_10-41-47-475152_earlyRefresh,earlyRefresh,high-skew-zipf,1788518553.475000,45.999848,adaptive_ttl_effective_seconds,level=l2,15
2026-09-04_10-41-47-475152_earlyRefresh,earlyRefresh,high-skew-zipf,1788518554.475000,46.999848,adaptive_ttl_effective_seconds,level=l2,15
2026-09-04_10-41-47-475152_earlyRefresh,earlyRefresh,high-skew-zipf,1788518555.475000,47.999848,adaptive_ttl_effective_seconds,level=l2,15
2026-09-04_10-41-47-475152_earlyRefresh,earlyRefresh,high-skew-zipf,1788518556.475000,48.999848,adaptive_ttl_effective_seconds,level=l2,15
2026-09-04_10-41-47-475152_earlyRefresh,earlyRefresh,high-skew-zipf,1788518557.475000,49.999848,adaptive_ttl_effective_seconds,level=l2,15
2026-09-04_10-41-47-475152_earlyRefresh,earlyRefresh,high-skew-zipf,1788518558.475000,50.999848,adaptive_ttl_effective_seconds,level=l2,15
2026-09-04_10-41-47-475152_earlyRefresh,earlyRefresh,high-skew-zipf,1788518559.475000,51.999848,adaptive_ttl_effective_seconds,level=l2,15
2026-09-04_10-41-47-475152_earlyRefresh,earlyRefresh,high-skew-zipf,1788518560.475000,52.999848,adaptive_ttl_effective_seconds,level=l2,15
2026-09-04_10-41-47-475152_earlyRefresh,earlyRefresh,high-skew-zipf,1788518561.475000,53.999848,adaptive_ttl_effective_seconds,level=l2,15
2026-09-04_10-41-47-475152_earlyRefresh,earlyRefresh,high-skew-zipf,1788518562.475000,54.999848,adaptive_ttl_effective_seconds,level=l2,15
2026-09-04_10-41-47-475152_earlyRefresh,earlyRefresh,high-skew-zipf,1788518563.475000,55.999848,adaptive_ttl_effective_seconds,level=l2,15
2026-09-04_10-41-47-475152_earlyRefresh,earlyRefresh,high-skew-zipf,1788518564.475000,56.999848,adaptive_ttl_effective_seconds,level=l2,15
2026-09-04_10-41-47-475152_earlyRefresh,earlyRefresh,high-skew-zipf,1788518565.475000,57.999848,adaptive_ttl_effective_seconds,level=l2,15
2026-09-04_10-41-47-475152_earlyRefresh,earlyRefresh,high-skew-zipf,1788518566.475000,58.999848,adaptive_ttl_effective_seconds,level=l2,15
2026-09-04_10-41-47-475152_earlyRefresh,earlyRefresh,high-skew-zipf,1788518567.475000,59.999848,adaptive_ttl_effective_seconds,level=l2,15
2026-09-04_10-41-47-475152_earlyRefresh,earlyRefresh,high-skew-zipf,1788518568.475000,60.999848,adaptive_ttl_effective_seconds,level=l2,15
2026-09-04_10-41-47-475152_earlyRefresh,earlyRefresh,high-skew-zipf,1788518569.475000,61.999848,adaptive_ttl_effective_seconds,level=l2,15
2026-09-04_10-41-47-475152_earlyRefresh,earlyRefresh,high-skew-zipf,1788518570.475000,62.999848,adaptive_ttl_effective_seconds,level=l2,15
2026-09-04_10-41-47-475152_earlyRefresh,earlyRefresh,high-skew-zipf,1788518571.475000,63.999848,adaptive_ttl_effective_seconds,level=l2,15
2026-09-04_10-41-47-475152_earlyRefresh,earlyRefresh,high-skew-zipf,1788518572.475000,64.999848,adaptive_ttl_effective_seconds,level=l2,15
2026-09-04_10-41-47-475152_earlyRefresh,earlyRefresh,high-skew-zipf,1788518573.475000,65.999848,adaptive_ttl_effective_seconds,level=l2,15
2026-09-04_10-41-47-475152_earlyRefresh,earlyRefresh,high-skew-zipf,1788518574.475000,66.999848,adaptive_ttl_effective_seconds,level=l2,15
2026-09-04_10-41-47-475152_earlyRefresh,earlyRefresh,high-skew-zipf,1788518575.475000,67.999848,adaptive_ttl_effective_seconds,level=l2,15
2026-09-04_10-41-47-475152_earlyRefresh,earlyRefresh,high-skew-zipf,1788518576.475000,68.999848,adaptive_ttl_effective_seconds,level=l2,15
2026-09-04_10-41-47-475152_earlyRefresh,earlyRefresh,high-skew-zipf,1788518577.475000,69.999848,adaptive_ttl_effective_seconds,level=l2,15
2026-09-04_10-41-47-475152_earlyRefresh,earlyRefresh,high-skew-zipf,1788518578.475000,70.999848,adaptive_ttl_effective_seconds,level=l2,15
2026-09-04_10-41-47-475152_earlyRefresh,earlyRefresh,high-skew-zipf,1788518579.475000,71.999848,adaptive_ttl_effective_seconds,level=l2,15
2026-09-04_10-41-47-475152_earlyRefresh,earlyRefresh,high-skew-zipf,1788518580.475000,72.999848,adaptive_ttl_effective_seconds,level=l2,15
2026-09-04_10-41-47-475152_earlyRefresh,earlyRefresh,high-skew-zipf,1788518581.475000,73.999848,adaptive_ttl_effective_seconds,level=l2,15
2026-09-04_10-41-47-475152_earlyRefresh,earlyRefresh,high-skew-zipf,1788518582.475000,74.999848,adaptive_ttl_effective_seconds,level=l2,15
2026-09-04_10-41-47-475152_earlyRefresh,earlyRefresh,high-skew-zipf,1788518583.475000,75.999848,adaptive_ttl_effective_seconds,level=l2,15
2026-09-04_10-41-47-475152_earlyRefresh,earlyRefresh,high-skew-zipf,1788518584.475000,76.999848,adaptive_ttl_effective_seconds,level=l2,15
2026-09-04_10-41-47-475152_earlyRefresh,earlyRefresh,high-skew-zipf,1788518585.475000,77.999848,adaptive_ttl_effective_seconds,level=l2,15
2026-09-04_10-41-47-475152_earlyRefresh,earlyRefresh,high-skew-zipf,1788518586.475000,78.999848,adaptive_ttl_effective_seconds,level=l2,15
2026-09-04_10-41-47-475152_earlyRefresh,earlyRefresh,high-skew-zipf,1788518587.475000,79.999848,adaptive_ttl_effective_seconds,level=l2,15
2026-09-04_10-41-47-475152_earlyRefresh,earlyRefresh,high-skew-zipf,1788518588.475000,80.999848,adaptive_ttl_effective_seconds,level=l2,15
2026-09-04_10-41-47-475152_earlyRefresh,earlyRefresh,high-skew-zipf,1788518589.475000,81.999848,adaptive_ttl_effective_seconds,level=l2,15
2026-09-04_10-41-47-475152_earlyRefresh,earlyRefresh,high-skew-zipf,1788518590.475000,82.999848,adaptive_ttl_effective_seconds,level=l2,15
2026-09-04_10-41-47-475152_earlyRefresh,earlyRefresh,high-skew-zipf,1788518591.475000,83.999848,adaptive_ttl_effective_seconds,level=l2,15
2026-09-04_10-41-47-475152_earlyRefresh,earlyRefresh,high-skew-zipf,1788518592.475000,84.999848,adaptive_ttl_effective_seconds,level=l2,15
2026-09-04_10-41-47-475152_earlyRefresh,earlyRefresh,high-skew-zipf,1788518593.475000,85.999848,adaptive_ttl_effective_seconds,level=l2,15
2026-09-04_10-41-47-475152_earlyRefresh,earlyRefresh,high-skew-zipf,1788518594.475000,86.999848,adaptive_ttl_effective_seconds,level=l2,15
2026-09-04_10-41-47-475152_earlyRefresh,earlyRefresh,high-skew-zipf,1788518595.475000,87.999848,adaptive_ttl_effective_seconds,level=l2,15
2026-09-04_10-41-47-475152_earlyRefresh,earlyRefresh,high-skew-zipf,1788518596.475000,88.999848,adaptive_ttl_effective_seconds,level=l2,15
2026-09-04_10-41-47-475152_earlyRefresh,earlyRefresh,high-skew-zipf,1788518597.475000,89.999848,adaptive_ttl_effective_seconds,level=l2,15
2026-09-04_10-41-47-475152_earlyRefresh,earlyRefresh,high-skew-zipf,1788518598.475000,90.999848,adaptive_ttl_effective_seconds,level=l2,15
2026-09-04_10-41-47-475152_earlyRefresh,earlyRefresh,high-skew-zipf,1788518599.475000,91.999848,adaptive_ttl_effective_seconds,level=l2,15
2026-09-04_10-41-47-475152_earlyRefresh,earlyRefresh,high-skew-zipf,1788518600.475000,92.999848,adaptive_ttl_effective_seconds,level=l2,15
2026-09-04_10-41-47-475152_earlyRefresh,earlyRefresh,high-skew-zipf,1788518601.475000,93.999848,adaptive_ttl_effective_seconds,level=l2,15
2026-09-04_10-41-47-475152_earlyRefresh,earlyRefresh,high-skew-zipf,1788518602.475000,94.999848,adaptive_ttl_effective_seconds,level=l2,15
2026-09-04_10-41-47-475152_earlyRefresh,earlyRefresh,high-skew-zipf,1788518603.475000,95.999848,adaptive_ttl_effective_seconds,level=l2,15
2026-09-04_10-41-47-475152_earlyRefresh,earlyRefresh,high-skew-zipf,1788518604.475000,96.999848,adaptive_ttl_effective_seconds,level=l2,15
2026-09-04_10-41-47-475152_earlyRefresh,earlyRefresh,high-skew-zipf,1788518605.475000,97.999848,adaptive_ttl_effective_seconds,level=l2,15
2026-09-04_10-41-47-475152_earlyRefresh,earlyRefresh,high-skew-zipf,1788518606.475000,98.999848,adaptive_ttl_effective_seconds,level=l2,15
2026-09-04_10-41-47-475152_earlyRefresh,earlyRefresh,high-skew-zipf,1788518607.475000,99.999848,adaptive_ttl_effective_seconds,level=l2,15
2026-09-04_10-41-47-475152_earlyRefresh,earlyRefresh,high-skew-zipf,1788518608.475000,100.999848,adaptive_ttl_effective_seconds,level=l2,15
2026-09-04_10-41-47-475152_earlyRefresh,earlyRefresh,high-skew-zipf,1788518609.475000,101.999848,adaptive_ttl_effective_seconds,level=l2,15
2026-09-04_10-41-47-475152_earlyRefresh,earlyRefresh,high-skew-zipf,1788518610.475000,102.999848,adaptive_ttl_effective_seconds,level=l2,15
2026-09-04_10-41-47-475152_earlyRefresh,earlyRefresh,high-skew-zipf,1788518611.475000,103.999848,adaptive_ttl_effective_seconds,level=l2,15
2026-09-04_10-41-47-475152_earlyRefresh,earlyRefresh,high-skew-zipf,1788518612.475000,104.999848,adaptive_ttl_effective_seconds,level=l2,15
2026-09-04_10-41-47-475152_earlyRefresh,earlyRefresh,high-skew-zipf,1788518613.475000,105.999848,adaptive_ttl_effective_seconds,level=l2,15
2026-09-04_10-41-47-475152_earlyRefresh,earlyRefresh,high-skew-zipf,1788518614.475000,106.999848,adaptive_ttl_effective_seconds,level=l2,15
2026-09-04_10-41-47-475152_earlyRefresh,earlyRefresh,high-skew-zipf,1788518615.475000,107.999848,adaptive_ttl_effective_seconds,level=l2,15
2026-09-04_10-41-47-475152_earlyRefresh,earlyRefresh,high-skew-zipf,1788518616.475000,108.999848,adaptive_ttl_effective_seconds,level=l2,15
2026-09-04_10-41-47-475152_earlyRefresh,earlyRefresh,high-skew-zipf,1788518617.475000,109.999848,adaptive_ttl_effective_seconds,level=l2,15
2026-09-04_10-41-47-475152_earlyRefresh,earlyRefresh,high-skew-zipf,1788518618.475000,110.999848,adaptive_ttl_effective_seconds,level=l2,15
2026-09-04_10-41-47-475152_earlyRefresh,earlyRefresh,high-skew-zipf,1788518619.475000,111.999848,adaptive_ttl_effective_seconds,level=l2,15
2026-09-04_10-41-47-475152_earlyRefresh,earlyRefresh,high-skew-zipf,1788518620.475000,112.999848,adaptive_ttl_effective_seconds,level=l2,15
2026-09-04_10-41-47-475152_earlyRefresh,earlyRefresh,high-skew-zipf,1788518621.475000,113.999848,adaptive_ttl_effective_seconds,level=l2,15
2026-09-04_10-41-47-475152_earlyRefresh,earlyRefresh,high-skew-zipf,1788518622.475000,114.999848,adaptive_ttl_effective_seconds,level=l2,15
2026-09-04_10-41-47-475152_earlyRefresh,earlyRefresh,high-skew-zipf,1788518623.475000,115.999848,adaptive_ttl_effective_seconds,level=l2,15
2026-09-04_10-41-47-475152_earlyRefresh,earlyRefresh,high-skew-zipf,1788518624.475000,116.999848,adaptive_ttl_effective_seconds,level=l2,15
2026-09-04_10-41-47-475152_earlyRefresh,earlyRefresh,high-skew-zipf,1788518625.475000,117.999848,adaptive_ttl_effective_seconds,level=l2,15
2026-09-04_10-41-47-475152_earlyRefresh,earlyRefresh,high-skew-zipf,1788518626.475000,118.999848,adaptive_ttl_effective_seconds,level=l2,15
2026-09-04_10-41-47-475152_earlyRefresh,earlyRefresh,high-skew-zipf,1788518627.475000,119.999848,adaptive_ttl_effective_seconds,level=l2,15
2026-09-04_10-41-47-475152_earlyRefresh,earlyRefresh,high-skew-zipf,1788518628.475000,120.999848,adaptive_ttl_effective_seconds,level=l2,15
2026-09-04_10-41-47-475152_earlyRefresh,earlyRefresh,high-skew-zipf,1788518629.475000,121.999848,adaptive_ttl_effective_seconds,level=l2,15
2026-09-04_10-41-47-475152_earlyRefresh,earlyRefresh,high-skew-zipf,1788518630.475000,122.999848,adaptive_ttl_effective_seconds,level=l2,15
2026-09-04_10-41-47-475152_earlyRefresh,earlyRefresh,high-skew-zipf,1788518631.475000,123.999848,adaptive_ttl_effective_seconds,level=l2,15
2026-09-04_10-41-47-475152_earlyRefresh,earlyRefresh,high-skew-zipf,1788518632.475000,124.999848,adaptive_ttl_effective_seconds,level=l2,15
2026-09-04_10-41-47-475152_earlyRefresh,earlyRefresh,high-skew-zipf,1788518633.475000,125.999848,adaptive_ttl_effective_seconds,level=l2,15
2026-09-04_10-41-47-475152_earlyRefresh,earlyRefresh,high-skew-zipf,1788518634.475000,126.999848,adaptive_ttl_effective_seconds,level=l2,15
2026-09-04_10-41-47-475152_earlyRefresh,earlyRefresh,high-skew-zipf,1788518635.475000,127.999848,adaptive_ttl_effective_seconds,level=l2,15
2026-09-04_10-41-47-475152_earlyRefresh,earlyRefresh,high-skew-zipf,1788518636.475000,128.999848,adaptive_ttl_effective_seconds,level=l2,15
2026-09-04_10-41-47-475152_earlyRefresh,earlyRefresh,high-skew-zipf,1788518637.475000,129.999848,adaptive_ttl_effective_seconds,level=l2,15
2026-09-04_10-41-47-475152_earlyRefresh,earlyRefresh,high-skew-zipf,1788518638.475000,130.999848,adaptive_ttl_effective_seconds,level=l2,15
2026-09-04_10-41-47-475152_earlyRefresh,earlyRefresh,high-skew-zipf,1788518639.475000,131.999848,adaptive_ttl_effective_seconds,level=l2,15
2026-09-04_10-41-47-475152_earlyRefresh,earlyRefresh,high-skew-zipf,1788518640.475000,132.999848,adaptive_ttl_effective_seconds,level=l2,15
2026-09-04_10-41-47-475152_earlyRefresh,earlyRefresh,high-skew-zipf,1788518641.475000,133.999848,adaptive_ttl_effective_seconds,level=l2,15
2026-09-04_10-41-47-475152_earlyRefresh,earlyRefresh,high-skew-zipf,1788518642.475000,134.999848,adaptive_ttl_effective_seconds,level=l2,15
2026-09-04_10-41-47-475152_earlyRefresh,earlyRefresh,high-skew-zipf,1788518643.475000,135.999848,adaptive_ttl_effective_seconds,level=l2,15
2026-09-04_10-41-47-475152_earlyRefresh,earlyRefresh,high-skew-zipf,1788518644.475000,136.999848,adaptive_ttl_effective_seconds,level=l2,15
2026-09-04_10-41-47-475152_earlyRefresh,earlyRefresh,high-skew-zipf,1788518645.475000,137.999848,adaptive_ttl_effective_seconds,level=l2,15
2026-09-04_10-41-47-475152_earlyRefresh,earlyRefresh,high-skew-zipf,1788518646.475000,138.999848,adaptive_ttl_effective_seconds,level=l2,15
2026-09-04_10-41-47-475152_earlyRefresh,earlyRefresh,high-skew-zipf,1788518647.475000,139.999848,adaptive_ttl_effective_seconds,level=l2,15
2026-09-04_10-41-47-475152_earlyRefresh,earlyRefresh,high-skew-zipf,1788518648.475000,140.999848,adaptive_ttl_effective_seconds,level=l2,15
2026-09-04_10-41-47-475152_earlyRefresh,earlyRefresh,high-skew-zipf,1788518649.475000,141.999848,adaptive_ttl_effective_seconds,level=l2,15
2026-09-04_10-41-47-475152_earlyRefresh,earlyRefresh,high-skew-zipf,1788518650.475000,142.999848,adaptive_ttl_effective_seconds,level=l2,15
2026-09-04_10-41-47-475152_earlyRefresh,earlyRefresh,high-skew-zipf,1788518651.475000,143.999848,adaptive_ttl_effective_seconds,level=l2,15
2026-09-04_10-41-47-475152_earlyRefresh,earlyRefresh,high-skew-zipf,1788518652.475000,144.999848,adaptive_ttl_effective_seconds,level=l2,15
2026-09-04_10-41-47-475152_earlyRefresh,earlyRefresh,high-skew-zipf,1788518653.475000,145.999848,adaptive_ttl_effective_seconds,level=l2,15
2026-09-04_10-41-47-475152_earlyRefresh,earlyRefresh,high-skew-zipf,1788518654.475000,146.999848,adaptive_ttl_effective_seconds,level=l2,15
2026-09-04_10-41-47-475152_earlyRefresh,earlyRefresh,high-skew-zipf,1788518655.475000,147.999848,adaptive_ttl_effective_seconds,level=l2,15
2026-09-04_10-41-47-475152_earlyRefresh,earlyRefresh,high-skew-zipf,1788518656.475000,148.999848,adaptive_ttl_effective_seconds,level=l2,15
2026-09-04_10-41-47-475152_earlyRefresh,earlyRefresh,high-skew-zipf,1788518657.475000,149.999848,adaptive_ttl_effective_seconds,level=l2,15
2026-09-04_10-41-47-475152_earlyRefresh,earlyRefresh,high-skew-zipf,1788518658.475000,150.999848,adaptive_ttl_effective_seconds,level=l2,15
2026-09-04_10-41-47-475152_earlyRefresh,earlyRefresh,high-skew-zipf,1788518659.475000,151.999848,adaptive_ttl_effective_seconds,level=l2,15
2026-09-04_10-41-47-475152_earlyRefresh,earlyRefresh,high-skew-zipf,1788518660.475000,152.999848,adaptive_ttl_effective_seconds,level=l2,15
2026-09-04_10-41-47-475152_earlyRefresh,earlyRefresh,high-skew-zipf,1788518661.475000,153.999848,adaptive_ttl_effective_seconds,level=l2,15
2026-09-04_10-41-47-475152_earlyRefresh,earlyRefresh,high-skew-zipf,1788518662.475000,154.999848,adaptive_ttl_effective_seconds,level=l2,15
2026-09-04_10-41-47-475152_earlyRefresh,earlyRefresh,high-skew-zipf,1788518663.475000,155.999848,adaptive_ttl_effective_seconds,level=l2,15
2026-09-04_10-41-47-475152_earlyRefresh,earlyRefresh,high-skew-zipf,1788518664.475000,156.999848,adaptive_ttl_effective_seconds,level=l2,15
2026-09-04_10-41-47-475152_earlyRefresh,earlyRefresh,high-skew-zipf,1788518665.475000,157.999848,adaptive_ttl_effective_seconds,level=l2,15
2026-09-04_10-41-47-475152_earlyRefresh,earlyRefresh,high-skew-zipf,1788518666.475000,158.999848,adaptive_ttl_effective_seconds,level=l2,15
2026-09-04_10-41-47-475152_earlyRefresh,earlyRefresh,high-skew-zipf,1788518667.475000,159.999848,adaptive_ttl_effective_seconds,level=l2,15
2026-09-04_10-41-47-475152_earlyRefresh,earlyRefresh,high-skew-zipf,1788518668.475000,160.999848,adaptive_ttl_effective_seconds,level=l2,15
2026-09-04_10-41-47-475152_earlyRefresh,earlyRefresh,high-skew-zipf,1788518669.475000,161.999848,adaptive_ttl_effective_seconds,level=l2,15
2026-09-04_10-41-47-475152_earlyRefresh,earlyRefresh,high-skew-zipf,1788518670.475000,162.999848,adaptive_ttl_effective_seconds,level=l2,15
2026-09-04_10-41-47-475152_earlyRefresh,earlyRefresh,high-skew-zipf,1788518671.475000,163.999848,adaptive_ttl_effective_seconds,level=l2,15
2026-09-04_10-41-47-475152_earlyRefresh,earlyRefresh,high-skew-zipf,1788518672.475000,164.999848,adaptive_ttl_effective_seconds,level=l2,15
2026-09-04_10-41-47-475152_earlyRefresh,earlyRefresh,high-skew-zipf,1788518673.475000,165.999848,adaptive_ttl_effective_seconds,level=l2,15
2026-09-04_10-41-47-475152_earlyRefresh,earlyRefresh,high-skew-zipf,1788518674.475000,166.999848,adaptive_ttl_effective_seconds,level=l2,15
2026-09-04_10-41-47-475152_earlyRefresh,earlyRefresh,high-skew-zipf,1788518675.475000,167.999848,adaptive_ttl_effective_seconds,level=l2,15
2026-09-04_10-41-47-475152_earlyRefresh,earlyRefresh,high-skew-zipf,1788518676.475000,168.999848,adaptive_ttl_effective_seconds,level=l2,15
2026-09-04_10-41-47-475152_earlyRefresh,earlyRefresh,high-skew-zipf,1788518677.475000,169.999848,adaptive_ttl_effective_seconds,level=l2,15
2026-09-04_10-41-47-475152_earlyRefresh,earlyRefresh,high-skew-zipf,1788518678.475000,170.999848,adaptive_ttl_effective_seconds,level=l2,15
2026-09-04_10-41-47-475152_earlyRefresh,earlyRefresh,high-skew-zipf,1788518679.475000,171.999848,adaptive_ttl_effective_seconds,level=l2,15
2026-09-04_10-41-47-475152_earlyRefresh,earlyRefresh,high-skew-zipf,1788518680.475000,172.999848,adaptive_ttl_effective_seconds,level=l2,15
2026-09-04_10-41-47-475152_earlyRefresh,earlyRefresh,high-skew-zipf,1788518681.475000,173.999848,adaptive_ttl_effective_seconds,level=l2,15
2026-09-04_10-41-47-475152_earlyRefresh,earlyRefresh,high-skew-zipf,1788518682.475000,174.999848,adaptive_ttl_effective_seconds,level=l2,15
2026-09-04_10-41-47-475152_earlyRefresh,earlyRefresh,high-skew-zipf,1788518683.475000,175.999848,adaptive_ttl_effective_seconds,level=l2,15
2026-09-04_10-41-47-475152_earlyRefresh,earlyRefresh,high-skew-zipf,1788518684.475000,176.999848,adaptive_ttl_effective_seconds,level=l2,15
2026-09-04_10-41-47-475152_earlyRefresh,earlyRefresh,high-skew-zipf,1788518685.475000,177.999848,adaptive_ttl_effective_seconds,level=l2,15
2026-09-04_10-41-47-475152_earlyRefresh,earlyRefresh,high-skew-zipf,1788518686.475000,178.999848,adaptive_ttl_effective_seconds,level=l2,15
2026-09-04_10-41-47-475152_earlyRefresh,earlyRefresh,high-skew-zipf,1788518687.475000,179.999848,adaptive_ttl_effective_seconds,level=l2,15
2026-09-04_10-41-47-475152_earlyRefresh,earlyRefresh,high-skew-zipf,1788518688.475000,180.999848,adaptive_ttl_effective_seconds,level=l2,15
2026-09-04_10-41-47-475152_earlyRefresh,earlyRefresh,high-skew-zipf,1788518689.475000,181.999848,adaptive_ttl_effective_seconds,level=l2,15
2026-09-04_10-41-47-475152_earlyRefresh,earlyRefresh,high-skew-zipf,1788518690.475000,182.999848,adaptive_ttl_effective_seconds,level=l2,15
2026-09-04_10-41-47-475152_earlyRefresh,earlyRefresh,high-skew-zipf,1788518691.475000,183.999848,adaptive_ttl_effective_seconds,level=l2,15
2026-09-04_10-41-47-475152_earlyRefresh,earlyRefresh,high-skew-zipf,1788518692.475000,184.999848,adaptive_ttl_effective_seconds,level=l2,15
2026-09-04_10-41-47-475152_earlyRefresh,earlyRefresh,high-skew-zipf,1788518693.475000,185.999848,adaptive_ttl_effective_seconds,level=l2,15
2026-09-04_10-41-47-475152_earlyRefresh,earlyRefresh,high-skew-zipf,1788518694.475000,186.999848,adaptive_ttl_effective_seconds,level=l2,15
2026-09-04_10-41-47-475152_earlyRefresh,earlyRefresh,high-skew-zipf,1788518695.475000,187.999848,adaptive_ttl_effective_seconds,level=l2,15
2026-09-04_10-41-47-475152_earlyRefresh,earlyRefresh,high-skew-zipf,1788518696.475000,188.999848,adaptive_ttl_effective_seconds,level=l2,15
2026-09-04_10-41-47-475152_earlyRefresh,earlyRefresh,high-skew-zipf,1788518697.475000,189.999848,adaptive_ttl_effective_seconds,level=l2,15
2026-09-04_10-41-47-475152_earlyRefresh,earlyRefresh,high-skew-zipf,1788518698.475000,190.999848,adaptive_ttl_effective_seconds,level=l2,15
2026-09-04_10-41-47-475152_earlyRefresh,earlyRefresh,high-skew-zipf,1788518699.475000,191.999848,adaptive_ttl_effective_seconds,level=l2,15
2026-09-04_10-41-47-475152_earlyRefresh,earlyRefresh,high-skew-zipf,1788518700.475000,192.999848,adaptive_ttl_effective_seconds,level=l2,15
2026-09-04_10-41-47-475152_earlyRefresh,earlyRefresh,high-skew-zipf,1788518701.475000,193.999848,adaptive_ttl_effective_seconds,level=l2,15
2026-09-04_10-41-47-475152_earlyRefresh,earlyRefresh,high-skew-zipf,1788518702.475000,194.999848,adaptive_ttl_effective_seconds,level=l2,15
2026-09-04_10-41-47-475152_earlyRefresh,earlyRefresh,high-skew-zipf,1788518703.475000,195.999848,adaptive_ttl_effective_seconds,level=l2,15
2026-09-04_10-41-47-475152_earlyRefresh,earlyRefresh,high-skew-zipf,1788518704.475000,196.999848,adaptive_ttl_effective_seconds,level=l2,15
2026-09-04_10-41-47-475152_earlyRefresh,earlyRefresh,high-skew-zipf,1788518705.475000,197.999848,adaptive_ttl_effective_seconds,level=l2,15
2026-09-04_10-41-47-475152_earlyRefresh,earlyRefresh,high-skew-zipf,1788518706.475000,198.999848,adaptive_ttl_effective_seconds,level=l2,15
2026-09-04_10-41-47-475152_earlyRefresh,earlyRefresh,high-skew-zipf,1788518707.475000,199.999848,adaptive_ttl_effective_seconds,level=l2,15
2026-09-04_10-41-47-475152_earlyRefresh,earlyRefresh,high-skew-zipf,1788518708.475000,200.999848,adaptive_ttl_effective_seconds,level=l2,15
2026-09-04_10-41-47-475152_earlyRefresh,earlyRefresh,high-skew-zipf,1788518709.475000,201.999848,adaptive_ttl_effective_seconds,level=l2,15
2026-09-04_10-41-47-475152_earlyRefresh,earlyRefresh,high-skew-zipf,1788518710.475000,202.999848,adaptive_ttl_effective_seconds,level=l2,15
2026-09-04_10-41-47-475152_earlyRefresh,earlyRefresh,high-skew-zipf,1788518711.475000,203.999848,adaptive_ttl_effective_seconds,level=l2,15
2026-09-04_10-41-47-475152_earlyRefresh,earlyRefresh,high-skew-zipf,1788518712.475000,204.999848,adaptive_ttl_effective_seconds,level=l2,15
2026-09-04_10-41-47-475152_earlyRefresh,earlyRefresh,high-skew-zipf,1788518713.475000,205.999848,adaptive_ttl_effective_seconds,level=l2,15
2026-09-04_10-41-47-475152_earlyRefresh,earlyRefresh,high-skew-zipf,1788518714.475000,206.999848,adaptive_ttl_effective_seconds,level=l2,15
2026-09-04_10-41-47-475152_earlyRefresh,earlyRefresh,high-skew-zipf,1788518715.475000,207.999848,adaptive_ttl_effective_seconds,level=l2,15
2026-09-04_10-41-47-475152_earlyRefresh,earlyRefresh,high-skew-zipf,1788518716.475000,208.999848,adaptive_ttl_effective_seconds,level=l2,15
2026-09-04_10-41-47-475152_earlyRefresh,earlyRefresh,high-skew-zipf,1788518717.475000,209.999848,adaptive_ttl_effective_seconds,level=l2,15
2026-09-04_10-41-47-475152_earlyRefresh,earlyRefresh,high-skew-zipf,1788518718.475000,210.999848,adaptive_ttl_effective_seconds,level=l2,15
2026-09-04_10-41-47-475152_earlyRefresh,earlyRefresh,high-skew-zipf,1788518719.475000,211.999848,adaptive_ttl_effective_seconds,level=l2,15
2026-09-04_10-41-47-475152_earlyRefresh,earlyRefresh,high-skew-zipf,1788518720.475000,212.999848,adaptive_ttl_effective_seconds,level=l2,15
2026-09-04_10-41-47-475152_earlyRefresh,earlyRefresh,high-skew-zipf,1788518721.475000,213.999848,adaptive_ttl_effective_seconds,level=l2,15
2026-09-04_10-41-47-475152_earlyRefresh,earlyRefresh,high-skew-zipf,1788518722.475000,214.999848,adaptive_ttl_effective_seconds,level=l2,15
2026-09-04_10-41-47-475152_earlyRefresh,earlyRefresh,high-skew-zipf,1788518723.475000,215.999848,adaptive_ttl_effective_seconds,level=l2,15
2026-09-04_10-41-47-475152_earlyRefresh,earlyRefresh,high-skew-zipf,1788518724.475000,216.999848,adaptive_ttl_effective_seconds,level=l2,15
2026-09-04_10-41-47-475152_earlyRefresh,earlyRefresh,high-skew-zipf,1788518725.475000,217.999848,adaptive_ttl_effective_seconds,level=l2,15
2026-09-04_10-41-47-475152_earlyRefresh,earlyRefresh,high-skew-zipf,1788518726.475000,218.999848,adaptive_ttl_effective_seconds,level=l2,15
2026-09-04_10-41-47-475152_earlyRefresh,earlyRefresh,high-skew-zipf,1788518727.475000,219.999848,adaptive_ttl_effective_seconds,level=l2,15
2026-09-04_10-41-47-475152_earlyRefresh,earlyRefresh,high-skew-zipf,1788518728.475000,220.999848,adaptive_ttl_effective_seconds,level=l2,15
2026-09-04_10-41-47-475152_earlyRefresh,earlyRefresh,high-skew-zipf,1788518729.475000,221.999848,adaptive_ttl_effective_seconds,level=l2,15
2026-09-04_10-41-47-475152_earlyRefresh,earlyRefresh,high-skew-zipf,1788518730.475000,222.999848,adaptive_ttl_effective_seconds,level=l2,15
2026-09-04_10-41-47-475152_earlyRefresh,earlyRefresh,high-skew-zipf,1788518731.475000,223.999848,adaptive_ttl_effective_seconds,level=l2,15
2026-09-04_10-41-47-475152_earlyRefresh,earlyRefresh,high-skew-zipf,1788518732.475000,224.999848,adaptive_ttl_effective_seconds,level=l2,15
2026-09-04_10-41-47-475152_earlyRefresh,earlyRefresh,high-skew-zipf,1788518733.475000,225.999848,adaptive_ttl_effective_seconds,level=l2,15
2026-09-04_10-41-47-475152_earlyRefresh,earlyRefresh,high-skew-zipf,1788518734.475000,226.999848,adaptive_ttl_effective_seconds,level=l2,15
2026-09-04_10-41-47-475152_earlyRefresh,earlyRefresh,high-skew-zipf,1788518735.475000,227.999848,adaptive_ttl_effective_seconds,level=l2,15
2026-09-04_10-41-47-475152_earlyRefresh,earlyRefresh,high-skew-zipf,1788518736.475000,228.999848,adaptive_ttl_effective_seconds,level=l2,15
2026-09-04_10-41-47-475152_earlyRefresh,earlyRefresh,high-skew-zipf,1788518737.475000,229.999848,adaptive_ttl_effective_seconds,level=l2,15
2026-09-04_10-41-47-475152_earlyRefresh,earlyRefresh,high-skew-zipf,1788518738.475000,230.999848,adaptive_ttl_effective_seconds,level=l2,15
2026-09-04_10-41-47-475152_earlyRefresh,earlyRefresh,high-skew-zipf,1788518739.475000,231.999848,adaptive_ttl_effective_seconds,level=l2,15
2026-09-04_10-41-47-475152_earlyRefresh,earlyRefresh,high-skew-zipf,1788518740.475000,232.999848,adaptive_ttl_effective_seconds,level=l2,15
2026-09-04_10-41-47-475152_earlyRefresh,earlyRefresh,high-skew-zipf,1788518741.475000,233.999848,adaptive_ttl_effective_seconds,level=l2,15
2026-09-04_10-41-47-475152_earlyRefresh,earlyRefresh,high-skew-zipf,1788518742.475000,234.999848,adaptive_ttl_effective_seconds,level=l2,15
2026-09-04_10-41-47-475152_earlyRefresh,earlyRefresh,high-skew-zipf,1788518743.475000,235.999848,adaptive_ttl_effective_seconds,level=l2,15
2026-09-04_10-41-47-475152_earlyRefresh,earlyRefresh,high-skew-zipf,1788518744.475000,236.999848,adaptive_ttl_effective_seconds,level=l2,15
2026-09-04_10-41-47-475152_earlyRefresh,earlyRefresh,high-skew-zipf,1788518745.475000,237.999848,adaptive_ttl_effective_seconds,level=l2,15
2026-09-04_10-41-47-475152_earlyRefresh,earlyRefresh,high-skew-zipf,1788518746.475000,238.999848,adaptive_ttl_effective_seconds,level=l2,15
2026-09-04_10-41-47-475152_earlyRefresh,earlyRefresh,high-skew-zipf,1788518747.475000,239.999848,adaptive_ttl_effective_seconds,level=l2,15
2026-09-04_10-41-47-475152_earlyRefresh,earlyRefresh,high-skew-zipf,1788518507.475000,-0.000152,adaptive_ttl_state,all,0
2026-09-04_10-41-47-475152_earlyRefresh,earlyRefresh,high-skew-zipf,1788518508.475000,0.999848,adaptive_ttl_state,all,0
2026-09-04_10-41-47-475152_earlyRefresh,earlyRefresh,high-skew-zipf,1788518509.475000,1.999848,adaptive_ttl_state,all,0
2026-09-04_10-41-47-475152_earlyRefresh,earlyRefresh,high-skew-zipf,1788518510.475000,2.999848,adaptive_ttl_state,all,0
2026-09-04_10-41-47-475152_earlyRefresh,earlyRefresh,high-skew-zipf,1788518511.475000,3.999848,adaptive_ttl_state,all,0
2026-09-04_10-41-47-475152_earlyRefresh,earlyRefresh,high-skew-zipf,1788518512.475000,4.999848,adaptive_ttl_state,all,0
2026-09-04_10-41-47-475152_earlyRefresh,earlyRefresh,high-skew-zipf,1788518513.475000,5.999848,adaptive_ttl_state,all,0
2026-09-04_10-41-47-475152_earlyRefresh,earlyRefresh,high-skew-zipf,1788518514.475000,6.999848,adaptive_ttl_state,all,0
2026-09-04_10-41-47-475152_earlyRefresh,earlyRefresh,high-skew-zipf,1788518515.475000,7.999848,adaptive_ttl_state,all,0
2026-09-04_10-41-47-475152_earlyRefresh,earlyRefresh,high-skew-zipf,1788518516.475000,8.999848,adaptive_ttl_state,all,0
2026-09-04_10-41-47-475152_earlyRefresh,earlyRefresh,high-skew-zipf,1788518517.475000,9.999848,adaptive_ttl_state,all,0
2026-09-04_10-41-47-475152_earlyRefresh,earlyRefresh,high-skew-zipf,1788518518.475000,10.999848,adaptive_ttl_state,all,0
2026-09-04_10-41-47-475152_earlyRefresh,earlyRefresh,high-skew-zipf,1788518519.475000,11.999848,adaptive_ttl_state,all,0
2026-09-04_10-41-47-475152_earlyRefresh,earlyRefresh,high-skew-zipf,1788518520.475000,12.999848,adaptive_ttl_state,all,0
2026-09-04_10-41-47-475152_earlyRefresh,earlyRefresh,high-skew-zipf,1788518521.475000,13.999848,adaptive_ttl_state,all,0
2026-09-04_10-41-47-475152_earlyRefresh,earlyRefresh,high-skew-zipf,1788518522.475000,14.999848,adaptive_ttl_state,all,0
2026-09-04_10-41-47-475152_earlyRefresh,earlyRefresh,high-skew-zipf,1788518523.475000,15.999848,adaptive_ttl_state,all,0
2026-09-04_10-41-47-475152_earlyRefresh,earlyRefresh,high-skew-zipf,1788518524.475000,16.999848,adaptive_ttl_state,all,0
2026-09-04_10-41-47-475152_earlyRefresh,earlyRefresh,high-skew-zipf,1788518525.475000,17.999848,adaptive_ttl_state,all,0
2026-09-04_10-41-47-475152_earlyRefresh,earlyRefresh,high-skew-zipf,1788518526.475000,18.999848,adaptive_ttl_state,all,0
2026-09-04_10-41-47-475152_earlyRefresh,earlyRefresh,high-skew-zipf,1788518527.475000,19.999848,adaptive_ttl_state,all,0
2026-09-04_10-41-47-475152_earlyRefresh,earlyRefresh,high-skew-zipf,1788518528.475000,20.999848,adaptive_ttl_state,all,0
2026-09-04_10-41-47-475152_earlyRefresh,earlyRefresh,high-skew-zipf,1788518529.475000,21.999848,adaptive_ttl_state,all,0
2026-09-04_10-41-47-475152_earlyRefresh,earlyRefresh,high-skew-zipf,1788518530.475000,22.999848,adaptive_ttl_state,all,0
2026-09-04_10-41-47-475152_earlyRefresh,earlyRefresh,high-skew-zipf,1788518531.475000,23.999848,adaptive_ttl_state,all,0
2026-09-04_10-41-47-475152_earlyRefresh,earlyRefresh,high-skew-zipf,1788518532.475000,24.999848,adaptive_ttl_state,all,0
2026-09-04_10-41-47-475152_earlyRefresh,earlyRefresh,high-skew-zipf,1788518533.475000,25.999848,adaptive_ttl_state,all,0
2026-09-04_10-41-47-475152_earlyRefresh,earlyRefresh,high-skew-zipf,1788518534.475000,26.999848,adaptive_ttl_state,all,0
2026-09-04_10-41-47-475152_earlyRefresh,earlyRefresh,high-skew-zipf,1788518535.475000,27.999848,adaptive_ttl_state,all,0
2026-09-04_10-41-47-475152_earlyRefresh,earlyRefresh,high-skew-zipf,1788518536.475000,28.999848,adaptive_ttl_state,all,0
2026-09-04_10-41-47-475152_earlyRefresh,earlyRefresh,high-skew-zipf,1788518537.475000,29.999848,adaptive_ttl_state,all,0
2026-09-04_10-41-47-475152_earlyRefresh,earlyRefresh,high-skew-zipf,1788518538.475000,30.999848,adaptive_ttl_state,all,0
2026-09-04_10-41-47-475152_earlyRefresh,earlyRefresh,high-skew-zipf,1788518539.475000,31.999848,adaptive_ttl_state,all,0
2026-09-04_10-41-47-475152_earlyRefresh,earlyRefresh,high-skew-zipf,1788518540.475000,32.999848,adaptive_ttl_state,all,0
2026-09-04_10-41-47-475152_earlyRefresh,earlyRefresh,high-skew-zipf,1788518541.475000,33.999848,adaptive_ttl_state,all,0
2026-09-04_10-41-47-475152_earlyRefresh,earlyRefresh,high-skew-zipf,1788518542.475000,34.999848,adaptive_ttl_state,all,0
2026-09-04_10-41-47-475152_earlyRefresh,earlyRefresh,high-skew-zipf,1788518543.475000,35.999848,adaptive_ttl_state,all,0
2026-09-04_10-41-47-475152_earlyRefresh,earlyRefresh,high-skew-zipf,1788518544.475000,36.999848,adaptive_ttl_state,all,0
2026-09-04_10-41-47-475152_earlyRefresh,earlyRefresh,high-skew-zipf,1788518545.475000,37.999848,adaptive_ttl_state,all,0
2026-09-04_10-41-47-475152_earlyRefresh,earlyRefresh,high-skew-zipf,1788518546.475000,38.999848,adaptive_ttl_state,all,0
2026-09-04_10-41-47-475152_earlyRefresh,earlyRefresh,high-skew-zipf,1788518547.475000,39.999848,adaptive_ttl_state,all,0
2026-09-04_10-41-47-475152_earlyRefresh,earlyRefresh,high-skew-zipf,1788518548.475000,40.999848,adaptive_ttl_state,all,0
2026-09-04_10-41-47-475152_earlyRefresh,earlyRefresh,high-skew-zipf,1788518549.475000,41.999848,adaptive_ttl_state,all,0
2026-09-04_10-41-47-475152_earlyRefresh,earlyRefresh,high-skew-zipf,1788518550.475000,42.999848,adaptive_ttl_state,all,0
2026-09-04_10-41-47-475152_earlyRefresh,earlyRefresh,high-skew-zipf,1788518551.475000,43.999848,adaptive_ttl_state,all,0
2026-09-04_10-41-47-475152_earlyRefresh,earlyRefresh,high-skew-zipf,1788518552.475000,44.999848,adaptive_ttl_state,all,0
2026-09-04_10-41-47-475152_earlyRefresh,earlyRefresh,high-skew-zipf,1788518553.475000,45.999848,adaptive_ttl_state,all,0
2026-09-04_10-41-47-475152_earlyRefresh,earlyRefresh,high-skew-zipf,1788518554.475000,46.999848,adaptive_ttl_state,all,0
2026-09-04_10-41-47-475152_earlyRefresh,earlyRefresh,high-skew-zipf,1788518555.475000,47.999848,adaptive_ttl_state,all,0
2026-09-04_10-41-47-475152_earlyRefresh,earlyRefresh,high-skew-zipf,1788518556.475000,48.999848,adaptive_ttl_state,all,0
2026-09-04_10-41-47-475152_earlyRefresh,earlyRefresh,high-skew-zipf,1788518557.475000,49.999848,adaptive_ttl_state,all,0
2026-09-04_10-41-47-475152_earlyRefresh,earlyRefresh,high-skew-zipf,1788518558.475000,50.999848,adaptive_ttl_state,all,0
2026-09-04_10-41-47-475152_earlyRefresh,earlyRefresh,high-skew-zipf,1788518559.475000,51.999848,adaptive_ttl_state,all,0
2026-09-04_10-41-47-475152_earlyRefresh,earlyRefresh,high-skew-zipf,1788518560.475000,52.999848,adaptive_ttl_state,all,0
2026-09-04_10-41-47-475152_earlyRefresh,earlyRefresh,high-skew-zipf,1788518561.475000,53.999848,adaptive_ttl_state,all,0
2026-09-04_10-41-47-475152_earlyRefresh,earlyRefresh,high-skew-zipf,1788518562.475000,54.999848,adaptive_ttl_state,all,0
2026-09-04_10-41-47-475152_earlyRefresh,earlyRefresh,high-skew-zipf,1788518563.475000,55.999848,adaptive_ttl_state,all,0
2026-09-04_10-41-47-475152_earlyRefresh,earlyRefresh,high-skew-zipf,1788518564.475000,56.999848,adaptive_ttl_state,all,0
2026-09-04_10-41-47-475152_earlyRefresh,earlyRefresh,high-skew-zipf,1788518565.475000,57.999848,adaptive_ttl_state,all,0
2026-09-04_10-41-47-475152_earlyRefresh,earlyRefresh,high-skew-zipf,1788518566.475000,58.999848,adaptive_ttl_state,all,0
2026-09-04_10-41-47-475152_earlyRefresh,earlyRefresh,high-skew-zipf,1788518567.475000,59.999848,adaptive_ttl_state,all,0
2026-09-04_10-41-47-475152_earlyRefresh,earlyRefresh,high-skew-zipf,1788518568.475000,60.999848,adaptive_ttl_state,all,0
2026-09-04_10-41-47-475152_earlyRefresh,earlyRefresh,high-skew-zipf,1788518569.475000,61.999848,adaptive_ttl_state,all,0
2026-09-04_10-41-47-475152_earlyRefresh,earlyRefresh,high-skew-zipf,1788518570.475000,62.999848,adaptive_ttl_state,all,0
2026-09-04_10-41-47-475152_earlyRefresh,earlyRefresh,high-skew-zipf,1788518571.475000,63.999848,adaptive_ttl_state,all,0
2026-09-04_10-41-47-475152_earlyRefresh,earlyRefresh,high-skew-zipf,1788518572.475000,64.999848,adaptive_ttl_state,all,0
2026-09-04_10-41-47-475152_earlyRefresh,earlyRefresh,high-skew-zipf,1788518573.475000,65.999848,adaptive_ttl_state,all,0
2026-09-04_10-41-47-475152_earlyRefresh,earlyRefresh,high-skew-zipf,1788518574.475000,66.999848,adaptive_ttl_state,all,0
2026-09-04_10-41-47-475152_earlyRefresh,earlyRefresh,high-skew-zipf,1788518575.475000,67.999848,adaptive_ttl_state,all,0
2026-09-04_10-41-47-475152_earlyRefresh,earlyRefresh,high-skew-zipf,1788518576.475000,68.999848,adaptive_ttl_state,all,0
2026-09-04_10-41-47-475152_earlyRefresh,earlyRefresh,high-skew-zipf,1788518577.475000,69.999848,adaptive_ttl_state,all,0
2026-09-04_10-41-47-475152_earlyRefresh,earlyRefresh,high-skew-zipf,1788518578.475000,70.999848,adaptive_ttl_state,all,0
2026-09-04_10-41-47-475152_earlyRefresh,earlyRefresh,high-skew-zipf,1788518579.475000,71.999848,adaptive_ttl_state,all,0
2026-09-04_10-41-47-475152_earlyRefresh,earlyRefresh,high-skew-zipf,1788518580.475000,72.999848,adaptive_ttl_state,all,0
2026-09-04_10-41-47-475152_earlyRefresh,earlyRefresh,high-skew-zipf,1788518581.475000,73.999848,adaptive_ttl_state,all,0
2026-09-04_10-41-47-475152_earlyRefresh,earlyRefresh,high-skew-zipf,1788518582.475000,74.999848,adaptive_ttl_state,all,0
2026-09-04_10-41-47-475152_earlyRefresh,earlyRefresh,high-skew-zipf,1788518583.475000,75.999848,adaptive_ttl_state,all,0
2026-09-04_10-41-47-475152_earlyRefresh,earlyRefresh,high-skew-zipf,1788518584.475000,76.999848,adaptive_ttl_state,all,0
2026-09-04_10-41-47-475152_earlyRefresh,earlyRefresh,high-skew-zipf,1788518585.475000,77.999848,adaptive_ttl_state,all,0
2026-09-04_10-41-47-475152_earlyRefresh,earlyRefresh,high-skew-zipf,1788518586.475000,78.999848,adaptive_ttl_state,all,0
2026-09-04_10-41-47-475152_earlyRefresh,earlyRefresh,high-skew-zipf,1788518587.475000,79.999848,adaptive_ttl_state,all,0
2026-09-04_10-41-47-475152_earlyRefresh,earlyRefresh,high-skew-zipf,1788518588.475000,80.999848,adaptive_ttl_state,all,0
2026-09-04_10-41-47-475152_earlyRefresh,earlyRefresh,high-skew-zipf,1788518589.475000,81.999848,adaptive_ttl_state,all,0
2026-09-04_10-41-47-475152_earlyRefresh,earlyRefresh,high-skew-zipf,1788518590.475000,82.999848,adaptive_ttl_state,all,0
2026-09-04_10-41-47-475152_earlyRefresh,earlyRefresh,high-skew-zipf,1788518591.475000,83.999848,adaptive_ttl_state,all,0
2026-09-04_10-41-47-475152_earlyRefresh,earlyRefresh,high-skew-zipf,1788518592.475000,84.999848,adaptive_ttl_state,all,0
2026-09-04_10-41-47-475152_earlyRefresh,earlyRefresh,high-skew-zipf,1788518593.475000,85.999848,adaptive_ttl_state,all,0
2026-09-04_10-41-47-475152_earlyRefresh,earlyRefresh,high-skew-zipf,1788518594.475000,86.999848,adaptive_ttl_state,all,0
2026-09-04_10-41-47-475152_earlyRefresh,earlyRefresh,high-skew-zipf,1788518595.475000,87.999848,adaptive_ttl_state,all,0
2026-09-04_10-41-47-475152_earlyRefresh,earlyRefresh,high-skew-zipf,1788518596.475000,88.999848,adaptive_ttl_state,all,0
2026-09-04_10-41-47-475152_earlyRefresh,earlyRefresh,high-skew-zipf,1788518597.475000,89.999848,adaptive_ttl_state,all,0
2026-09-04_10-41-47-475152_earlyRefresh,earlyRefresh,high-skew-zipf,1788518598.475000,90.999848,adaptive_ttl_state,all,0
2026-09-04_10-41-47-475152_earlyRefresh,earlyRefresh,high-skew-zipf,1788518599.475000,91.999848,adaptive_ttl_state,all,0
2026-09-04_10-41-47-475152_earlyRefresh,earlyRefresh,high-skew-zipf,1788518600.475000,92.999848,adaptive_ttl_state,all,0
2026-09-04_10-41-47-475152_earlyRefresh,earlyRefresh,high-skew-zipf,1788518601.475000,93.999848,adaptive_ttl_state,all,0
2026-09-04_10-41-47-475152_earlyRefresh,earlyRefresh,high-skew-zipf,1788518602.475000,94.999848,adaptive_ttl_state,all,0
2026-09-04_10-41-47-475152_earlyRefresh,earlyRefresh,high-skew-zipf,1788518603.475000,95.999848,adaptive_ttl_state,all,0
2026-09-04_10-41-47-475152_earlyRefresh,earlyRefresh,high-skew-zipf,1788518604.475000,96.999848,adaptive_ttl_state,all,0
2026-09-04_10-41-47-475152_earlyRefresh,earlyRefresh,high-skew-zipf,1788518605.475000,97.999848,adaptive_ttl_state,all,0
2026-09-04_10-41-47-475152_earlyRefresh,earlyRefresh,high-skew-zipf,1788518606.475000,98.999848,adaptive_ttl_state,all,0
2026-09-04_10-41-47-475152_earlyRefresh,earlyRefresh,high-skew-zipf,1788518607.475000,99.999848,adaptive_ttl_state,all,0
2026-09-04_10-41-47-475152_earlyRefresh,earlyRefresh,high-skew-zipf,1788518608.475000,100.999848,adaptive_ttl_state,all,0
2026-09-04_10-41-47-475152_earlyRefresh,earlyRefresh,high-skew-zipf,1788518609.475000,101.999848,adaptive_ttl_state,all,0
2026-09-04_10-41-47-475152_earlyRefresh,earlyRefresh,high-skew-zipf,1788518610.475000,102.999848,adaptive_ttl_state,all,0
2026-09-04_10-41-47-475152_earlyRefresh,earlyRefresh,high-skew-zipf,1788518611.475000,103.999848,adaptive_ttl_state,all,0
2026-09-04_10-41-47-475152_earlyRefresh,earlyRefresh,high-skew-zipf,1788518612.475000,104.999848,adaptive_ttl_state,all,0
2026-09-04_10-41-47-475152_earlyRefresh,earlyRefresh,high-skew-zipf,1788518613.475000,105.999848,adaptive_ttl_state,all,0
2026-09-04_10-41-47-475152_earlyRefresh,earlyRefresh,high-skew-zipf,1788518614.475000,106.999848,adaptive_ttl_state,all,0
2026-09-04_10-41-47-475152_earlyRefresh,earlyRefresh,high-skew-zipf,1788518615.475000,107.999848,adaptive_ttl_state,all,0
2026-09-04_10-41-47-475152_earlyRefresh,earlyRefresh,high-skew-zipf,1788518616.475000,108.999848,adaptive_ttl_state,all,0
2026-09-04_10-41-47-475152_earlyRefresh,earlyRefresh,high-skew-zipf,1788518617.475000,109.999848,adaptive_ttl_state,all,0
2026-09-04_10-41-47-475152_earlyRefresh,earlyRefresh,high-skew-zipf,1788518618.475000,110.999848,adaptive_ttl_state,all,0
2026-09-04_10-41-47-475152_earlyRefresh,earlyRefresh,high-skew-zipf,1788518619.475000,111.999848,adaptive_ttl_state,all,0
2026-09-04_10-41-47-475152_earlyRefresh,earlyRefresh,high-skew-zipf,1788518620.475000,112.999848,adaptive_ttl_state,all,0
2026-09-04_10-41-47-475152_earlyRefresh,earlyRefresh,high-skew-zipf,1788518621.475000,113.999848,adaptive_ttl_state,all,0
2026-09-04_10-41-47-475152_earlyRefresh,earlyRefresh,high-skew-zipf,1788518622.475000,114.999848,adaptive_ttl_state,all,0
2026-09-04_10-41-47-475152_earlyRefresh,earlyRefresh,high-skew-zipf,1788518623.475000,115.999848,adaptive_ttl_state,all,0
2026-09-04_10-41-47-475152_earlyRefresh,earlyRefresh,high-skew-zipf,1788518624.475000,116.999848,adaptive_ttl_state,all,0
2026-09-04_10-41-47-475152_earlyRefresh,earlyRefresh,high-skew-zipf,1788518625.475000,117.999848,adaptive_ttl_state,all,0
2026-09-04_10-41-47-475152_earlyRefresh,earlyRefresh,high-skew-zipf,1788518626.475000,118.999848,adaptive_ttl_state,all,0
2026-09-04_10-41-47-475152_earlyRefresh,earlyRefresh,high-skew-zipf,1788518627.475000,119.999848,adaptive_ttl_state,all,0
2026-09-04_10-41-47-475152_earlyRefresh,earlyRefresh,high-skew-zipf,1788518628.475000,120.999848,adaptive_ttl_state,all,0
2026-09-04_10-41-47-475152_earlyRefresh,earlyRefresh,high-skew-zipf,1788518629.475000,121.999848,adaptive_ttl_state,all,0
2026-09-04_10-41-47-475152_earlyRefresh,earlyRefresh,high-skew-zipf,1788518630.475000,122.999848,adaptive_ttl_state,all,0
2026-09-04_10-41-47-475152_earlyRefresh,earlyRefresh,high-skew-zipf,1788518631.475000,123.999848,adaptive_ttl_state,all,0
2026-09-04_10-41-47-475152_earlyRefresh,earlyRefresh,high-skew-zipf,1788518632.475000,124.999848,adaptive_ttl_state,all,0
2026-09-04_10-41-47-475152_earlyRefresh,earlyRefresh,high-skew-zipf,1788518633.475000,125.999848,adaptive_ttl_state,all,0
2026-09-04_10-41-47-475152_earlyRefresh,earlyRefresh,high-skew-zipf,1788518634.475000,126.999848,adaptive_ttl_state,all,0
2026-09-04_10-41-47-475152_earlyRefresh,earlyRefresh,high-skew-zipf,1788518635.475000,127.999848,adaptive_ttl_state,all,0
2026-09-04_10-41-47-475152_earlyRefresh,earlyRefresh,high-skew-zipf,1788518636.475000,128.999848,adaptive_ttl_state,all,0
2026-09-04_10-41-47-475152_earlyRefresh,earlyRefresh,high-skew-zipf,1788518637.475000,129.999848,adaptive_ttl_state,all,0
2026-09-04_10-41-47-475152_earlyRefresh,earlyRefresh,high-skew-zipf,1788518638.475000,130.999848,adaptive_ttl_state,all,0
2026-09-04_10-41-47-475152_earlyRefresh,earlyRefresh,high-skew-zipf,1788518639.475000,131.999848,adaptive_ttl_state,all,0
2026-09-04_10-41-47-475152_earlyRefresh,earlyRefresh,high-skew-zipf,1788518640.475000,132.999848,adaptive_ttl_state,all,0
2026-09-04_10-41-47-475152_earlyRefresh,earlyRefresh,high-skew-zipf,1788518641.475000,133.999848,adaptive_ttl_state,all,0
2026-09-04_10-41-47-475152_earlyRefresh,earlyRefresh,high-skew-zipf,1788518642.475000,134.999848,adaptive_ttl_state,all,0
2026-09-04_10-41-47-475152_earlyRefresh,earlyRefresh,high-skew-zipf,1788518643.475000,135.999848,adaptive_ttl_state,all,0
2026-09-04_10-41-47-475152_earlyRefresh,earlyRefresh,high-skew-zipf,1788518644.475000,136.999848,adaptive_ttl_state,all,0
2026-09-04_10-41-47-475152_earlyRefresh,earlyRefresh,high-skew-zipf,1788518645.475000,137.999848,adaptive_ttl_state,all,0
2026-09-04_10-41-47-475152_earlyRefresh,earlyRefresh,high-skew-zipf,1788518646.475000,138.999848,adaptive_ttl_state,all,0
2026-09-04_10-41-47-475152_earlyRefresh,earlyRefresh,high-skew-zipf,1788518647.475000,139.999848,adaptive_ttl_state,all,0
2026-09-04_10-41-47-475152_earlyRefresh,earlyRefresh,high-skew-zipf,1788518648.475000,140.999848,adaptive_ttl_state,all,0
2026-09-04_10-41-47-475152_earlyRefresh,earlyRefresh,high-skew-zipf,1788518649.475000,141.999848,adaptive_ttl_state,all,0
2026-09-04_10-41-47-475152_earlyRefresh,earlyRefresh,high-skew-zipf,1788518650.475000,142.999848,adaptive_ttl_state,all,0
2026-09-04_10-41-47-475152_earlyRefresh,earlyRefresh,high-skew-zipf,1788518651.475000,143.999848,adaptive_ttl_state,all,0
2026-09-04_10-41-47-475152_earlyRefresh,earlyRefresh,high-skew-zipf,1788518652.475000,144.999848,adaptive_ttl_state,all,0
2026-09-04_10-41-47-475152_earlyRefresh,earlyRefresh,high-skew-zipf,1788518653.475000,145.999848,adaptive_ttl_state,all,0
2026-09-04_10-41-47-475152_earlyRefresh,earlyRefresh,high-skew-zipf,1788518654.475000,146.999848,adaptive_ttl_state,all,0
2026-09-04_10-41-47-475152_earlyRefresh,earlyRefresh,high-skew-zipf,1788518655.475000,147.999848,adaptive_ttl_state,all,0
2026-09-04_10-41-47-475152_earlyRefresh,earlyRefresh,high-skew-zipf,1788518656.475000,148.999848,adaptive_ttl_state,all,0
2026-09-04_10-41-47-475152_earlyRefresh,earlyRefresh,high-skew-zipf,1788518657.475000,149.999848,adaptive_ttl_state,all,0
2026-09-04_10-41-47-475152_earlyRefresh,earlyRefresh,high-skew-zipf,1788518658.475000,150.999848,adaptive_ttl_state,all,0
2026-09-04_10-41-47-475152_earlyRefresh,earlyRefresh,high-skew-zipf,1788518659.475000,151.999848,adaptive_ttl_state,all,0
2026-09-04_10-41-47-475152_earlyRefresh,earlyRefresh,high-skew-zipf,1788518660.475000,152.999848,adaptive_ttl_state,all,0
2026-09-04_10-41-47-475152_earlyRefresh,earlyRefresh,high-skew-zipf,1788518661.475000,153.999848,adaptive_ttl_state,all,0
2026-09-04_10-41-47-475152_earlyRefresh,earlyRefresh,high-skew-zipf,1788518662.475000,154.999848,adaptive_ttl_state,all,0
2026-09-04_10-41-47-475152_earlyRefresh,earlyRefresh,high-skew-zipf,1788518663.475000,155.999848,adaptive_ttl_state,all,0
2026-09-04_10-41-47-475152_earlyRefresh,earlyRefresh,high-skew-zipf,1788518664.475000,156.999848,adaptive_ttl_state,all,0
2026-09-04_10-41-47-475152_earlyRefresh,earlyRefresh,high-skew-zipf,1788518665.475000,157.999848,adaptive_ttl_state,all,0
2026-09-04_10-41-47-475152_earlyRefresh,earlyRefresh,high-skew-zipf,1788518666.475000,158.999848,adaptive_ttl_state,all,0
2026-09-04_10-41-47-475152_earlyRefresh,earlyRefresh,high-skew-zipf,1788518667.475000,159.999848,adaptive_ttl_state,all,0
2026-09-04_10-41-47-475152_earlyRefresh,earlyRefresh,high-skew-zipf,1788518668.475000,160.999848,adaptive_ttl_state,all,0
2026-09-04_10-41-47-475152_earlyRefresh,earlyRefresh,high-skew-zipf,1788518669.475000,161.999848,adaptive_ttl_state,all,0
2026-09-04_10-41-47-475152_earlyRefresh,earlyRefresh,high-skew-zipf,1788518670.475000,162.999848,adaptive_ttl_state,all,0
2026-09-04_10-41-47-475152_earlyRefresh,earlyRefresh,high-skew-zipf,1788518671.475000,163.999848,adaptive_ttl_state,all,0
2026-09-04_10-41-47-475152_earlyRefresh,earlyRefresh,high-skew-zipf,1788518672.475000,164.999848,adaptive_ttl_state,all,0
2026-09-04_10-41-47-475152_earlyRefresh,earlyRefresh,high-skew-zipf,1788518673.475000,165.999848,adaptive_ttl_state,all,0
2026-09-04_10-41-47-475152_earlyRefresh,earlyRefresh,high-skew-zipf,1788518674.475000,166.999848,adaptive_ttl_state,all,0
2026-09-04_10-41-47-475152_earlyRefresh,earlyRefresh,high-skew-zipf,1788518675.475000,167.999848,adaptive_ttl_state,all,0
2026-09-04_10-41-47-475152_earlyRefresh,earlyRefresh,high-skew-zipf,1788518676.475000,168.999848,adaptive_ttl_state,all,0
2026-09-04_10-41-47-475152_earlyRefresh,earlyRefresh,high-skew-zipf,1788518677.475000,169.999848,adaptive_ttl_state,all,0
2026-09-04_10-41-47-475152_earlyRefresh,earlyRefresh,high-skew-zipf,1788518678.475000,170.999848,adaptive_ttl_state,all,0
2026-09-04_10-41-47-475152_earlyRefresh,earlyRefresh,high-skew-zipf,1788518679.475000,171.999848,adaptive_ttl_state,all,0
2026-09-04_10-41-47-475152_earlyRefresh,earlyRefresh,high-skew-zipf,1788518680.475000,172.999848,adaptive_ttl_state,all,0
2026-09-04_10-41-47-475152_earlyRefresh,earlyRefresh,high-skew-zipf,1788518681.475000,173.999848,adaptive_ttl_state,all,0
2026-09-04_10-41-47-475152_earlyRefresh,earlyRefresh,high-skew-zipf,1788518682.475000,174.999848,adaptive_ttl_state,all,0
2026-09-04_10-41-47-475152_earlyRefresh,earlyRefresh,high-skew-zipf,1788518683.475000,175.999848,adaptive_ttl_state,all,0
2026-09-04_10-41-47-475152_earlyRefresh,earlyRefresh,high-skew-zipf,1788518684.475000,176.999848,adaptive_ttl_state,all,0
2026-09-04_10-41-47-475152_earlyRefresh,earlyRefresh,high-skew-zipf,1788518685.475000,177.999848,adaptive_ttl_state,all,0
2026-09-04_10-41-47-475152_earlyRefresh,earlyRefresh,high-skew-zipf,1788518686.475000,178.999848,adaptive_ttl_state,all,0
2026-09-04_10-41-47-475152_earlyRefresh,earlyRefresh,high-skew-zipf,1788518687.475000,179.999848,adaptive_ttl_state,all,0
2026-09-04_10-41-47-475152_earlyRefresh,earlyRefresh,high-skew-zipf,1788518688.475000,180.999848,adaptive_ttl_state,all,0
2026-09-04_10-41-47-475152_earlyRefresh,earlyRefresh,high-skew-zipf,1788518689.475000,181.999848,adaptive_ttl_state,all,0
2026-09-04_10-41-47-475152_earlyRefresh,earlyRefresh,high-skew-zipf,1788518690.475000,182.999848,adaptive_ttl_state,all,0
2026-09-04_10-41-47-475152_earlyRefresh,earlyRefresh,high-skew-zipf,1788518691.475000,183.999848,adaptive_ttl_state,all,0
2026-09-04_10-41-47-475152_earlyRefresh,earlyRefresh,high-skew-zipf,1788518692.475000,184.999848,adaptive_ttl_state,all,0
2026-09-04_10-41-47-475152_earlyRefresh,earlyRefresh,high-skew-zipf,1788518693.475000,185.999848,adaptive_ttl_state,all,0
2026-09-04_10-41-47-475152_earlyRefresh,earlyRefresh,high-skew-zipf,1788518694.475000,186.999848,adaptive_ttl_state,all,0
2026-09-04_10-41-47-475152_earlyRefresh,earlyRefresh,high-skew-zipf,1788518695.475000,187.999848,adaptive_ttl_state,all,0
2026-09-04_10-41-47-475152_earlyRefresh,earlyRefresh,high-skew-zipf,1788518696.475000,188.999848,adaptive_ttl_state,all,0
2026-09-04_10-41-47-475152_earlyRefresh,earlyRefresh,high-skew-zipf,1788518697.475000,189.999848,adaptive_ttl_state,all,0
2026-09-04_10-41-47-475152_earlyRefresh,earlyRefresh,high-skew-zipf,1788518698.475000,190.999848,adaptive_ttl_state,all,0
2026-09-04_10-41-47-475152_earlyRefresh,earlyRefresh,high-skew-zipf,1788518699.475000,191.999848,adaptive_ttl_state,all,0
2026-09-04_10-41-47-475152_earlyRefresh,earlyRefresh,high-skew-zipf,1788518700.475000,192.999848,adaptive_ttl_state,all,0
2026-09-04_10-41-47-475152_earlyRefresh,earlyRefresh,high-skew-zipf,1788518701.475000,193.999848,adaptive_ttl_state,all,0
2026-09-04_10-41-47-475152_earlyRefresh,earlyRefresh,high-skew-zipf,1788518702.475000,194.999848,adaptive_ttl_state,all,0
2026-09-04_10-41-47-475152_earlyRefresh,earlyRefresh,high-skew-zipf,1788518703.475000,195.999848,adaptive_ttl_state,all,0
2026-09-04_10-41-47-475152_earlyRefresh,earlyRefresh,high-skew-zipf,1788518704.475000,196.999848,adaptive_ttl_state,all,0
2026-09-04_10-41-47-475152_earlyRefresh,earlyRefresh,high-skew-zipf,1788518705.475000,197.999848,adaptive_ttl_state,all,0
2026-09-04_10-41-47-475152_earlyRefresh,earlyRefresh,high-skew-zipf,1788518706.475000,198.999848,adaptive_ttl_state,all,0
2026-09-04_10-41-47-475152_earlyRefresh,earlyRefresh,high-skew-zipf,1788518707.475000,199.999848,adaptive_ttl_state,all,0
2026-09-04_10-41-47-475152_earlyRefresh,earlyRefresh,high-skew-zipf,1788518708.475000,200.999848,adaptive_ttl_state,all,0
2026-09-04_10-41-47-475152_earlyRefresh,earlyRefresh,high-skew-zipf,1788518709.475000,201.999848,adaptive_ttl_state,all,0
2026-09-04_10-41-47-475152_earlyRefresh,earlyRefresh,high-skew-zipf,1788518710.475000,202.999848,adaptive_ttl_state,all,0
2026-09-04_10-41-47-475152_earlyRefresh,earlyRefresh,high-skew-zipf,1788518711.475000,203.999848,adaptive_ttl_state,all,0
2026-09-04_10-41-47-475152_earlyRefresh,earlyRefresh,high-skew-zipf,1788518712.475000,204.999848,adaptive_ttl_state,all,0
2026-09-04_10-41-47-475152_earlyRefresh,earlyRefresh,high-skew-zipf,1788518713.475000,205.999848,adaptive_ttl_state,all,0
2026-09-04_10-41-47-475152_earlyRefresh,earlyRefresh,high-skew-zipf,1788518714.475000,206.999848,adaptive_ttl_state,all,0
2026-09-04_10-41-47-475152_earlyRefresh,earlyRefresh,high-skew-zipf,1788518715.475000,207.999848,adaptive_ttl_state,all,0
2026-09-04_10-41-47-475152_earlyRefresh,earlyRefresh,high-skew-zipf,1788518716.475000,208.999848,adaptive_ttl_state,all,0
2026-09-04_10-41-47-475152_earlyRefresh,earlyRefresh,high-skew-zipf,1788518717.475000,209.999848,adaptive_ttl_state,all,0
2026-09-04_10-41-47-475152_earlyRefresh,earlyRefresh,high-skew-zipf,1788518718.475000,210.999848,adaptive_ttl_state,all,0
2026-09-04_10-41-47-475152_earlyRefresh,earlyRefresh,high-skew-zipf,1788518719.475000,211.999848,adaptive_ttl_state,all,0
2026-09-04_10-41-47-475152_earlyRefresh,earlyRefresh,high-skew-zipf,1788518720.475000,212.999848,adaptive_ttl_state,all,0
2026-09-04_10-41-47-475152_earlyRefresh,earlyRefresh,high-skew-zipf,1788518721.475000,213.999848,adaptive_ttl_state,all,0
2026-09-04_10-41-47-475152_earlyRefresh,earlyRefresh,high-skew-zipf,1788518722.475000,214.999848,adaptive_ttl_state,all,0
2026-09-04_10-41-47-475152_earlyRefresh,earlyRefresh,high-skew-zipf,1788518723.475000,215.999848,adaptive_ttl_state,all,0
2026-09-04_10-41-47-475152_earlyRefresh,earlyRefresh,high-skew-zipf,1788518724.475000,216.999848,adaptive_ttl_state,all,0
2026-09-04_10-41-47-475152_earlyRefresh,earlyRefresh,high-skew-zipf,1788518725.475000,217.999848,adaptive_ttl_state,all,0
2026-09-04_10-41-47-475152_earlyRefresh,earlyRefresh,high-skew-zipf,1788518726.475000,218.999848,adaptive_ttl_state,all,0
2026-09-04_10-41-47-475152_earlyRefresh,earlyRefresh,high-skew-zipf,1788518727.475000,219.999848,adaptive_ttl_state,all,0
2026-09-04_10-41-47-475152_earlyRefresh,earlyRefresh,high-skew-zipf,1788518728.475000,220.999848,adaptive_ttl_state,all,0
2026-09-04_10-41-47-475152_earlyRefresh,earlyRefresh,high-skew-zipf,1788518729.475000,221.999848,adaptive_ttl_state,all,0
2026-09-04_10-41-47-475152_earlyRefresh,earlyRefresh,high-skew-zipf,1788518730.475000,222.999848,adaptive_ttl_state,all,0
2026-09-04_10-41-47-475152_earlyRefresh,earlyRefresh,high-skew-zipf,1788518731.475000,223.999848,adaptive_ttl_state,all,0
2026-09-04_10-41-47-475152_earlyRefresh,earlyRefresh,high-skew-zipf,1788518732.475000,224.999848,adaptive_ttl_state,all,0
2026-09-04_10-41-47-475152_earlyRefresh,earlyRefresh,high-skew-zipf,1788518733.475000,225.999848,adaptive_ttl_state,all,0
2026-09-04_10-41-47-475152_earlyRefresh,earlyRefresh,high-skew-zipf,1788518734.475000,226.999848,adaptive_ttl_state,all,0
2026-09-04_10-41-47-475152_earlyRefresh,earlyRefresh,high-skew-zipf,1788518735.475000,227.999848,adaptive_ttl_state,all,0
2026-09-04_10-41-47-475152_earlyRefresh,earlyRefresh,high-skew-zipf,1788518736.475000,228.999848,adaptive_ttl_state,all,0
2026-09-04_10-41-47-475152_earlyRefresh,earlyRefresh,high-skew-zipf,1788518737.475000,229.999848,adaptive_ttl_state,all,0
2026-09-04_10-41-47-475152_earlyRefresh,earlyRefresh,high-skew-zipf,1788518738.475000,230.999848,adaptive_ttl_state,all,0
2026-09-04_10-41-47-475152_earlyRefresh,earlyRefresh,high-skew-zipf,1788518739.475000,231.999848,adaptive_ttl_state,all,0
2026-09-04_10-41-47-475152_earlyRefresh,earlyRefresh,high-skew-zipf,1788518740.475000,232.999848,adaptive_ttl_state,all,0
2026-09-04_10-41-47-475152_earlyRefresh,earlyRefresh,high-skew-zipf,1788518741.475000,233.999848,adaptive_ttl_state,all,0
2026-09-04_10-41-47-475152_earlyRefresh,earlyRefresh,high-skew-zipf,1788518742.475000,234.999848,adaptive_ttl_state,all,0
2026-09-04_10-41-47-475152_earlyRefresh,earlyRefresh,high-skew-zipf,1788518743.475000,235.999848,adaptive_ttl_state,all,0
2026-09-04_10-41-47-475152_earlyRefresh,earlyRefresh,high-skew-zipf,1788518744.475000,236.999848,adaptive_ttl_state,all,0
2026-09-04_10-41-47-475152_earlyRefresh,earlyRefresh,high-skew-zipf,1788518745.475000,237.999848,adaptive_ttl_state,all,0
2026-09-04_10-41-47-475152_earlyRefresh,earlyRefresh,high-skew-zipf,1788518746.475000,238.999848,adaptive_ttl_state,all,0
2026-09-04_10-41-47-475152_earlyRefresh,earlyRefresh,high-skew-zipf,1788518747.475000,239.999848,adaptive_ttl_state,all,0
2026-09-04_10-41-47-475152_earlyRefresh,earlyRefresh,high-skew-zipf,1788518507.475000,-0.000152,adaptive_ttl_backend_p99_milliseconds,all,0
2026-09-04_10-41-47-475152_earlyRefresh,earlyRefresh,high-skew-zipf,1788518508.475000,0.999848,adaptive_ttl_backend_p99_milliseconds,all,0
2026-09-04_10-41-47-475152_earlyRefresh,earlyRefresh,high-skew-zipf,1788518509.475000,1.999848,adaptive_ttl_backend_p99_milliseconds,all,0
2026-09-04_10-41-47-475152_earlyRefresh,earlyRefresh,high-skew-zipf,1788518510.475000,2.999848,adaptive_ttl_backend_p99_milliseconds,all,0
2026-09-04_10-41-47-475152_earlyRefresh,earlyRefresh,high-skew-zipf,1788518511.475000,3.999848,adaptive_ttl_backend_p99_milliseconds,all,0
2026-09-04_10-41-47-475152_earlyRefresh,earlyRefresh,high-skew-zipf,1788518512.475000,4.999848,adaptive_ttl_backend_p99_milliseconds,all,0
2026-09-04_10-41-47-475152_earlyRefresh,earlyRefresh,high-skew-zipf,1788518513.475000,5.999848,adaptive_ttl_backend_p99_milliseconds,all,0
2026-09-04_10-41-47-475152_earlyRefresh,earlyRefresh,high-skew-zipf,1788518514.475000,6.999848,adaptive_ttl_backend_p99_milliseconds,all,0
2026-09-04_10-41-47-475152_earlyRefresh,earlyRefresh,high-skew-zipf,1788518515.475000,7.999848,adaptive_ttl_backend_p99_milliseconds,all,0
2026-09-04_10-41-47-475152_earlyRefresh,earlyRefresh,high-skew-zipf,1788518516.475000,8.999848,adaptive_ttl_backend_p99_milliseconds,all,0
2026-09-04_10-41-47-475152_earlyRefresh,earlyRefresh,high-skew-zipf,1788518517.475000,9.999848,adaptive_ttl_backend_p99_milliseconds,all,0
2026-09-04_10-41-47-475152_earlyRefresh,earlyRefresh,high-skew-zipf,1788518518.475000,10.999848,adaptive_ttl_backend_p99_milliseconds,all,0
2026-09-04_10-41-47-475152_earlyRefresh,earlyRefresh,high-skew-zipf,1788518519.475000,11.999848,adaptive_ttl_backend_p99_milliseconds,all,0
2026-09-04_10-41-47-475152_earlyRefresh,earlyRefresh,high-skew-zipf,1788518520.475000,12.999848,adaptive_ttl_backend_p99_milliseconds,all,0
2026-09-04_10-41-47-475152_earlyRefresh,earlyRefresh,high-skew-zipf,1788518521.475000,13.999848,adaptive_ttl_backend_p99_milliseconds,all,0
2026-09-04_10-41-47-475152_earlyRefresh,earlyRefresh,high-skew-zipf,1788518522.475000,14.999848,adaptive_ttl_backend_p99_milliseconds,all,0
2026-09-04_10-41-47-475152_earlyRefresh,earlyRefresh,high-skew-zipf,1788518523.475000,15.999848,adaptive_ttl_backend_p99_milliseconds,all,0
2026-09-04_10-41-47-475152_earlyRefresh,earlyRefresh,high-skew-zipf,1788518524.475000,16.999848,adaptive_ttl_backend_p99_milliseconds,all,0
2026-09-04_10-41-47-475152_earlyRefresh,earlyRefresh,high-skew-zipf,1788518525.475000,17.999848,adaptive_ttl_backend_p99_milliseconds,all,0
2026-09-04_10-41-47-475152_earlyRefresh,earlyRefresh,high-skew-zipf,1788518526.475000,18.999848,adaptive_ttl_backend_p99_milliseconds,all,0
2026-09-04_10-41-47-475152_earlyRefresh,earlyRefresh,high-skew-zipf,1788518527.475000,19.999848,adaptive_ttl_backend_p99_milliseconds,all,0
2026-09-04_10-41-47-475152_earlyRefresh,earlyRefresh,high-skew-zipf,1788518528.475000,20.999848,adaptive_ttl_backend_p99_milliseconds,all,0
2026-09-04_10-41-47-475152_earlyRefresh,earlyRefresh,high-skew-zipf,1788518529.475000,21.999848,adaptive_ttl_backend_p99_milliseconds,all,0
2026-09-04_10-41-47-475152_earlyRefresh,earlyRefresh,high-skew-zipf,1788518530.475000,22.999848,adaptive_ttl_backend_p99_milliseconds,all,0
2026-09-04_10-41-47-475152_earlyRefresh,earlyRefresh,high-skew-zipf,1788518531.475000,23.999848,adaptive_ttl_backend_p99_milliseconds,all,0
2026-09-04_10-41-47-475152_earlyRefresh,earlyRefresh,high-skew-zipf,1788518532.475000,24.999848,adaptive_ttl_backend_p99_milliseconds,all,0
2026-09-04_10-41-47-475152_earlyRefresh,earlyRefresh,high-skew-zipf,1788518533.475000,25.999848,adaptive_ttl_backend_p99_milliseconds,all,0
2026-09-04_10-41-47-475152_earlyRefresh,earlyRefresh,high-skew-zipf,1788518534.475000,26.999848,adaptive_ttl_backend_p99_milliseconds,all,0
2026-09-04_10-41-47-475152_earlyRefresh,earlyRefresh,high-skew-zipf,1788518535.475000,27.999848,adaptive_ttl_backend_p99_milliseconds,all,0
2026-09-04_10-41-47-475152_earlyRefresh,earlyRefresh,high-skew-zipf,1788518536.475000,28.999848,adaptive_ttl_backend_p99_milliseconds,all,0
2026-09-04_10-41-47-475152_earlyRefresh,earlyRefresh,high-skew-zipf,1788518537.475000,29.999848,adaptive_ttl_backend_p99_milliseconds,all,0
2026-09-04_10-41-47-475152_earlyRefresh,earlyRefresh,high-skew-zipf,1788518538.475000,30.999848,adaptive_ttl_backend_p99_milliseconds,all,0
2026-09-04_10-41-47-475152_earlyRefresh,earlyRefresh,high-skew-zipf,1788518539.475000,31.999848,adaptive_ttl_backend_p99_milliseconds,all,0
2026-09-04_10-41-47-475152_earlyRefresh,earlyRefresh,high-skew-zipf,1788518540.475000,32.999848,adaptive_ttl_backend_p99_milliseconds,all,0
2026-09-04_10-41-47-475152_earlyRefresh,earlyRefresh,high-skew-zipf,1788518541.475000,33.999848,adaptive_ttl_backend_p99_milliseconds,all,0
2026-09-04_10-41-47-475152_earlyRefresh,earlyRefresh,high-skew-zipf,1788518542.475000,34.999848,adaptive_ttl_backend_p99_milliseconds,all,0
2026-09-04_10-41-47-475152_earlyRefresh,earlyRefresh,high-skew-zipf,1788518543.475000,35.999848,adaptive_ttl_backend_p99_milliseconds,all,0
2026-09-04_10-41-47-475152_earlyRefresh,earlyRefresh,high-skew-zipf,1788518544.475000,36.999848,adaptive_ttl_backend_p99_milliseconds,all,0
2026-09-04_10-41-47-475152_earlyRefresh,earlyRefresh,high-skew-zipf,1788518545.475000,37.999848,adaptive_ttl_backend_p99_milliseconds,all,0
2026-09-04_10-41-47-475152_earlyRefresh,earlyRefresh,high-skew-zipf,1788518546.475000,38.999848,adaptive_ttl_backend_p99_milliseconds,all,0
2026-09-04_10-41-47-475152_earlyRefresh,earlyRefresh,high-skew-zipf,1788518547.475000,39.999848,adaptive_ttl_backend_p99_milliseconds,all,0
2026-09-04_10-41-47-475152_earlyRefresh,earlyRefresh,high-skew-zipf,1788518548.475000,40.999848,adaptive_ttl_backend_p99_milliseconds,all,0
2026-09-04_10-41-47-475152_earlyRefresh,earlyRefresh,high-skew-zipf,1788518549.475000,41.999848,adaptive_ttl_backend_p99_milliseconds,all,0
2026-09-04_10-41-47-475152_earlyRefresh,earlyRefresh,high-skew-zipf,1788518550.475000,42.999848,adaptive_ttl_backend_p99_milliseconds,all,0
2026-09-04_10-41-47-475152_earlyRefresh,earlyRefresh,high-skew-zipf,1788518551.475000,43.999848,adaptive_ttl_backend_p99_milliseconds,all,0
2026-09-04_10-41-47-475152_earlyRefresh,earlyRefresh,high-skew-zipf,1788518552.475000,44.999848,adaptive_ttl_backend_p99_milliseconds,all,0
2026-09-04_10-41-47-475152_earlyRefresh,earlyRefresh,high-skew-zipf,1788518553.475000,45.999848,adaptive_ttl_backend_p99_milliseconds,all,0
2026-09-04_10-41-47-475152_earlyRefresh,earlyRefresh,high-skew-zipf,1788518554.475000,46.999848,adaptive_ttl_backend_p99_milliseconds,all,0
2026-09-04_10-41-47-475152_earlyRefresh,earlyRefresh,high-skew-zipf,1788518555.475000,47.999848,adaptive_ttl_backend_p99_milliseconds,all,0
2026-09-04_10-41-47-475152_earlyRefresh,earlyRefresh,high-skew-zipf,1788518556.475000,48.999848,adaptive_ttl_backend_p99_milliseconds,all,0
2026-09-04_10-41-47-475152_earlyRefresh,earlyRefresh,high-skew-zipf,1788518557.475000,49.999848,adaptive_ttl_backend_p99_milliseconds,all,0
2026-09-04_10-41-47-475152_earlyRefresh,earlyRefresh,high-skew-zipf,1788518558.475000,50.999848,adaptive_ttl_backend_p99_milliseconds,all,0
2026-09-04_10-41-47-475152_earlyRefresh,earlyRefresh,high-skew-zipf,1788518559.475000,51.999848,adaptive_ttl_backend_p99_milliseconds,all,0
2026-09-04_10-41-47-475152_earlyRefresh,earlyRefresh,high-skew-zipf,1788518560.475000,52.999848,adaptive_ttl_backend_p99_milliseconds,all,0
2026-09-04_10-41-47-475152_earlyRefresh,earlyRefresh,high-skew-zipf,1788518561.475000,53.999848,adaptive_ttl_backend_p99_milliseconds,all,0
2026-09-04_10-41-47-475152_earlyRefresh,earlyRefresh,high-skew-zipf,1788518562.475000,54.999848,adaptive_ttl_backend_p99_milliseconds,all,0
2026-09-04_10-41-47-475152_earlyRefresh,earlyRefresh,high-skew-zipf,1788518563.475000,55.999848,adaptive_ttl_backend_p99_milliseconds,all,0
2026-09-04_10-41-47-475152_earlyRefresh,earlyRefresh,high-skew-zipf,1788518564.475000,56.999848,adaptive_ttl_backend_p99_milliseconds,all,0
2026-09-04_10-41-47-475152_earlyRefresh,earlyRefresh,high-skew-zipf,1788518565.475000,57.999848,adaptive_ttl_backend_p99_milliseconds,all,0
2026-09-04_10-41-47-475152_earlyRefresh,earlyRefresh,high-skew-zipf,1788518566.475000,58.999848,adaptive_ttl_backend_p99_milliseconds,all,0
2026-09-04_10-41-47-475152_earlyRefresh,earlyRefresh,high-skew-zipf,1788518567.475000,59.999848,adaptive_ttl_backend_p99_milliseconds,all,0
2026-09-04_10-41-47-475152_earlyRefresh,earlyRefresh,high-skew-zipf,1788518568.475000,60.999848,adaptive_ttl_backend_p99_milliseconds,all,0
2026-09-04_10-41-47-475152_earlyRefresh,earlyRefresh,high-skew-zipf,1788518569.475000,61.999848,adaptive_ttl_backend_p99_milliseconds,all,0
2026-09-04_10-41-47-475152_earlyRefresh,earlyRefresh,high-skew-zipf,1788518570.475000,62.999848,adaptive_ttl_backend_p99_milliseconds,all,0
2026-09-04_10-41-47-475152_earlyRefresh,earlyRefresh,high-skew-zipf,1788518571.475000,63.999848,adaptive_ttl_backend_p99_milliseconds,all,0
2026-09-04_10-41-47-475152_earlyRefresh,earlyRefresh,high-skew-zipf,1788518572.475000,64.999848,adaptive_ttl_backend_p99_milliseconds,all,0
2026-09-04_10-41-47-475152_earlyRefresh,earlyRefresh,high-skew-zipf,1788518573.475000,65.999848,adaptive_ttl_backend_p99_milliseconds,all,0
2026-09-04_10-41-47-475152_earlyRefresh,earlyRefresh,high-skew-zipf,1788518574.475000,66.999848,adaptive_ttl_backend_p99_milliseconds,all,0
2026-09-04_10-41-47-475152_earlyRefresh,earlyRefresh,high-skew-zipf,1788518575.475000,67.999848,adaptive_ttl_backend_p99_milliseconds,all,0
2026-09-04_10-41-47-475152_earlyRefresh,earlyRefresh,high-skew-zipf,1788518576.475000,68.999848,adaptive_ttl_backend_p99_milliseconds,all,0
2026-09-04_10-41-47-475152_earlyRefresh,earlyRefresh,high-skew-zipf,1788518577.475000,69.999848,adaptive_ttl_backend_p99_milliseconds,all,0
2026-09-04_10-41-47-475152_earlyRefresh,earlyRefresh,high-skew-zipf,1788518578.475000,70.999848,adaptive_ttl_backend_p99_milliseconds,all,0
2026-09-04_10-41-47-475152_earlyRefresh,earlyRefresh,high-skew-zipf,1788518579.475000,71.999848,adaptive_ttl_backend_p99_milliseconds,all,0
2026-09-04_10-41-47-475152_earlyRefresh,earlyRefresh,high-skew-zipf,1788518580.475000,72.999848,adaptive_ttl_backend_p99_milliseconds,all,0
2026-09-04_10-41-47-475152_earlyRefresh,earlyRefresh,high-skew-zipf,1788518581.475000,73.999848,adaptive_ttl_backend_p99_milliseconds,all,0
2026-09-04_10-41-47-475152_earlyRefresh,earlyRefresh,high-skew-zipf,1788518582.475000,74.999848,adaptive_ttl_backend_p99_milliseconds,all,0
2026-09-04_10-41-47-475152_earlyRefresh,earlyRefresh,high-skew-zipf,1788518583.475000,75.999848,adaptive_ttl_backend_p99_milliseconds,all,0
2026-09-04_10-41-47-475152_earlyRefresh,earlyRefresh,high-skew-zipf,1788518584.475000,76.999848,adaptive_ttl_backend_p99_milliseconds,all,0
2026-09-04_10-41-47-475152_earlyRefresh,earlyRefresh,high-skew-zipf,1788518585.475000,77.999848,adaptive_ttl_backend_p99_milliseconds,all,0
2026-09-04_10-41-47-475152_earlyRefresh,earlyRefresh,high-skew-zipf,1788518586.475000,78.999848,adaptive_ttl_backend_p99_milliseconds,all,0
2026-09-04_10-41-47-475152_earlyRefresh,earlyRefresh,high-skew-zipf,1788518587.475000,79.999848,adaptive_ttl_backend_p99_milliseconds,all,0
2026-09-04_10-41-47-475152_earlyRefresh,earlyRefresh,high-skew-zipf,1788518588.475000,80.999848,adaptive_ttl_backend_p99_milliseconds,all,0
2026-09-04_10-41-47-475152_earlyRefresh,earlyRefresh,high-skew-zipf,1788518589.475000,81.999848,adaptive_ttl_backend_p99_milliseconds,all,0
2026-09-04_10-41-47-475152_earlyRefresh,earlyRefresh,high-skew-zipf,1788518590.475000,82.999848,adaptive_ttl_backend_p99_milliseconds,all,0
2026-09-04_10-41-47-475152_earlyRefresh,earlyRefresh,high-skew-zipf,1788518591.475000,83.999848,adaptive_ttl_backend_p99_milliseconds,all,0
2026-09-04_10-41-47-475152_earlyRefresh,earlyRefresh,high-skew-zipf,1788518592.475000,84.999848,adaptive_ttl_backend_p99_milliseconds,all,0
2026-09-04_10-41-47-475152_earlyRefresh,earlyRefresh,high-skew-zipf,1788518593.475000,85.999848,adaptive_ttl_backend_p99_milliseconds,all,0
2026-09-04_10-41-47-475152_earlyRefresh,earlyRefresh,high-skew-zipf,1788518594.475000,86.999848,adaptive_ttl_backend_p99_milliseconds,all,0
2026-09-04_10-41-47-475152_earlyRefresh,earlyRefresh,high-skew-zipf,1788518595.475000,87.999848,adaptive_ttl_backend_p99_milliseconds,all,0
2026-09-04_10-41-47-475152_earlyRefresh,earlyRefresh,high-skew-zipf,1788518596.475000,88.999848,adaptive_ttl_backend_p99_milliseconds,all,0
2026-09-04_10-41-47-475152_earlyRefresh,earlyRefresh,high-skew-zipf,1788518597.475000,89.999848,adaptive_ttl_backend_p99_milliseconds,all,0
2026-09-04_10-41-47-475152_earlyRefresh,earlyRefresh,high-skew-zipf,1788518598.475000,90.999848,adaptive_ttl_backend_p99_milliseconds,all,0
2026-09-04_10-41-47-475152_earlyRefresh,earlyRefresh,high-skew-zipf,1788518599.475000,91.999848,adaptive_ttl_backend_p99_milliseconds,all,0
2026-09-04_10-41-47-475152_earlyRefresh,earlyRefresh,high-skew-zipf,1788518600.475000,92.999848,adaptive_ttl_backend_p99_milliseconds,all,0
2026-09-04_10-41-47-475152_earlyRefresh,earlyRefresh,high-skew-zipf,1788518601.475000,93.999848,adaptive_ttl_backend_p99_milliseconds,all,0
2026-09-04_10-41-47-475152_earlyRefresh,earlyRefresh,high-skew-zipf,1788518602.475000,94.999848,adaptive_ttl_backend_p99_milliseconds,all,0
2026-09-04_10-41-47-475152_earlyRefresh,earlyRefresh,high-skew-zipf,1788518603.475000,95.999848,adaptive_ttl_backend_p99_milliseconds,all,0
2026-09-04_10-41-47-475152_earlyRefresh,earlyRefresh,high-skew-zipf,1788518604.475000,96.999848,adaptive_ttl_backend_p99_milliseconds,all,0
2026-09-04_10-41-47-475152_earlyRefresh,earlyRefresh,high-skew-zipf,1788518605.475000,97.999848,adaptive_ttl_backend_p99_milliseconds,all,0
2026-09-04_10-41-47-475152_earlyRefresh,earlyRefresh,high-skew-zipf,1788518606.475000,98.999848,adaptive_ttl_backend_p99_milliseconds,all,0
2026-09-04_10-41-47-475152_earlyRefresh,earlyRefresh,high-skew-zipf,1788518607.475000,99.999848,adaptive_ttl_backend_p99_milliseconds,all,0
2026-09-04_10-41-47-475152_earlyRefresh,earlyRefresh,high-skew-zipf,1788518608.475000,100.999848,adaptive_ttl_backend_p99_milliseconds,all,0
2026-09-04_10-41-47-475152_earlyRefresh,earlyRefresh,high-skew-zipf,1788518609.475000,101.999848,adaptive_ttl_backend_p99_milliseconds,all,0
2026-09-04_10-41-47-475152_earlyRefresh,earlyRefresh,high-skew-zipf,1788518610.475000,102.999848,adaptive_ttl_backend_p99_milliseconds,all,0
2026-09-04_10-41-47-475152_earlyRefresh,earlyRefresh,high-skew-zipf,1788518611.475000,103.999848,adaptive_ttl_backend_p99_milliseconds,all,0
2026-09-04_10-41-47-475152_earlyRefresh,earlyRefresh,high-skew-zipf,1788518612.475000,104.999848,adaptive_ttl_backend_p99_milliseconds,all,0
2026-09-04_10-41-47-475152_earlyRefresh,earlyRefresh,high-skew-zipf,1788518613.475000,105.999848,adaptive_ttl_backend_p99_milliseconds,all,0
2026-09-04_10-41-47-475152_earlyRefresh,earlyRefresh,high-skew-zipf,1788518614.475000,106.999848,adaptive_ttl_backend_p99_milliseconds,all,0
2026-09-04_10-41-47-475152_earlyRefresh,earlyRefresh,high-skew-zipf,1788518615.475000,107.999848,adaptive_ttl_backend_p99_milliseconds,all,0
2026-09-04_10-41-47-475152_earlyRefresh,earlyRefresh,high-skew-zipf,1788518616.475000,108.999848,adaptive_ttl_backend_p99_milliseconds,all,0
2026-09-04_10-41-47-475152_earlyRefresh,earlyRefresh,high-skew-zipf,1788518617.475000,109.999848,adaptive_ttl_backend_p99_milliseconds,all,0
2026-09-04_10-41-47-475152_earlyRefresh,earlyRefresh,high-skew-zipf,1788518618.475000,110.999848,adaptive_ttl_backend_p99_milliseconds,all,0
2026-09-04_10-41-47-475152_earlyRefresh,earlyRefresh,high-skew-zipf,1788518619.475000,111.999848,adaptive_ttl_backend_p99_milliseconds,all,0
2026-09-04_10-41-47-475152_earlyRefresh,earlyRefresh,high-skew-zipf,1788518620.475000,112.999848,adaptive_ttl_backend_p99_milliseconds,all,0
2026-09-04_10-41-47-475152_earlyRefresh,earlyRefresh,high-skew-zipf,1788518621.475000,113.999848,adaptive_ttl_backend_p99_milliseconds,all,0
2026-09-04_10-41-47-475152_earlyRefresh,earlyRefresh,high-skew-zipf,1788518622.475000,114.999848,adaptive_ttl_backend_p99_milliseconds,all,0
2026-09-04_10-41-47-475152_earlyRefresh,earlyRefresh,high-skew-zipf,1788518623.475000,115.999848,adaptive_ttl_backend_p99_milliseconds,all,0
2026-09-04_10-41-47-475152_earlyRefresh,earlyRefresh,high-skew-zipf,1788518624.475000,116.999848,adaptive_ttl_backend_p99_milliseconds,all,0
2026-09-04_10-41-47-475152_earlyRefresh,earlyRefresh,high-skew-zipf,1788518625.475000,117.999848,adaptive_ttl_backend_p99_milliseconds,all,0
2026-09-04_10-41-47-475152_earlyRefresh,earlyRefresh,high-skew-zipf,1788518626.475000,118.999848,adaptive_ttl_backend_p99_milliseconds,all,0
2026-09-04_10-41-47-475152_earlyRefresh,earlyRefresh,high-skew-zipf,1788518627.475000,119.999848,adaptive_ttl_backend_p99_milliseconds,all,0
2026-09-04_10-41-47-475152_earlyRefresh,earlyRefresh,high-skew-zipf,1788518628.475000,120.999848,adaptive_ttl_backend_p99_milliseconds,all,0
2026-09-04_10-41-47-475152_earlyRefresh,earlyRefresh,high-skew-zipf,1788518629.475000,121.999848,adaptive_ttl_backend_p99_milliseconds,all,0
2026-09-04_10-41-47-475152_earlyRefresh,earlyRefresh,high-skew-zipf,1788518630.475000,122.999848,adaptive_ttl_backend_p99_milliseconds,all,0
2026-09-04_10-41-47-475152_earlyRefresh,earlyRefresh,high-skew-zipf,1788518631.475000,123.999848,adaptive_ttl_backend_p99_milliseconds,all,0
2026-09-04_10-41-47-475152_earlyRefresh,earlyRefresh,high-skew-zipf,1788518632.475000,124.999848,adaptive_ttl_backend_p99_milliseconds,all,0
2026-09-04_10-41-47-475152_earlyRefresh,earlyRefresh,high-skew-zipf,1788518633.475000,125.999848,adaptive_ttl_backend_p99_milliseconds,all,0
2026-09-04_10-41-47-475152_earlyRefresh,earlyRefresh,high-skew-zipf,1788518634.475000,126.999848,adaptive_ttl_backend_p99_milliseconds,all,0
2026-09-04_10-41-47-475152_earlyRefresh,earlyRefresh,high-skew-zipf,1788518635.475000,127.999848,adaptive_ttl_backend_p99_milliseconds,all,0
2026-09-04_10-41-47-475152_earlyRefresh,earlyRefresh,high-skew-zipf,1788518636.475000,128.999848,adaptive_ttl_backend_p99_milliseconds,all,0
2026-09-04_10-41-47-475152_earlyRefresh,earlyRefresh,high-skew-zipf,1788518637.475000,129.999848,adaptive_ttl_backend_p99_milliseconds,all,0
2026-09-04_10-41-47-475152_earlyRefresh,earlyRefresh,high-skew-zipf,1788518638.475000,130.999848,adaptive_ttl_backend_p99_milliseconds,all,0
2026-09-04_10-41-47-475152_earlyRefresh,earlyRefresh,high-skew-zipf,1788518639.475000,131.999848,adaptive_ttl_backend_p99_milliseconds,all,0
2026-09-04_10-41-47-475152_earlyRefresh,earlyRefresh,high-skew-zipf,1788518640.475000,132.999848,adaptive_ttl_backend_p99_milliseconds,all,0
2026-09-04_10-41-47-475152_earlyRefresh,earlyRefresh,high-skew-zipf,1788518641.475000,133.999848,adaptive_ttl_backend_p99_milliseconds,all,0
2026-09-04_10-41-47-475152_earlyRefresh,earlyRefresh,high-skew-zipf,1788518642.475000,134.999848,adaptive_ttl_backend_p99_milliseconds,all,0
2026-09-04_10-41-47-475152_earlyRefresh,earlyRefresh,high-skew-zipf,1788518643.475000,135.999848,adaptive_ttl_backend_p99_milliseconds,all,0
2026-09-04_10-41-47-475152_earlyRefresh,earlyRefresh,high-skew-zipf,1788518644.475000,136.999848,adaptive_ttl_backend_p99_milliseconds,all,0
2026-09-04_10-41-47-475152_earlyRefresh,earlyRefresh,high-skew-zipf,1788518645.475000,137.999848,adaptive_ttl_backend_p99_milliseconds,all,0
2026-09-04_10-41-47-475152_earlyRefresh,earlyRefresh,high-skew-zipf,1788518646.475000,138.999848,adaptive_ttl_backend_p99_milliseconds,all,0
2026-09-04_10-41-47-475152_earlyRefresh,earlyRefresh,high-skew-zipf,1788518647.475000,139.999848,adaptive_ttl_backend_p99_milliseconds,all,0
2026-09-04_10-41-47-475152_earlyRefresh,earlyRefresh,high-skew-zipf,1788518648.475000,140.999848,adaptive_ttl_backend_p99_milliseconds,all,0
2026-09-04_10-41-47-475152_earlyRefresh,earlyRefresh,high-skew-zipf,1788518649.475000,141.999848,adaptive_ttl_backend_p99_milliseconds,all,0
2026-09-04_10-41-47-475152_earlyRefresh,earlyRefresh,high-skew-zipf,1788518650.475000,142.999848,adaptive_ttl_backend_p99_milliseconds,all,0
2026-09-04_10-41-47-475152_earlyRefresh,earlyRefresh,high-skew-zipf,1788518651.475000,143.999848,adaptive_ttl_backend_p99_milliseconds,all,0
2026-09-04_10-41-47-475152_earlyRefresh,earlyRefresh,high-skew-zipf,1788518652.475000,144.999848,adaptive_ttl_backend_p99_milliseconds,all,0
2026-09-04_10-41-47-475152_earlyRefresh,earlyRefresh,high-skew-zipf,1788518653.475000,145.999848,adaptive_ttl_backend_p99_milliseconds,all,0
2026-09-04_10-41-47-475152_earlyRefresh,earlyRefresh,high-skew-zipf,1788518654.475000,146.999848,adaptive_ttl_backend_p99_milliseconds,all,0
2026-09-04_10-41-47-475152_earlyRefresh,earlyRefresh,high-skew-zipf,1788518655.475000,147.999848,adaptive_ttl_backend_p99_milliseconds,all,0
2026-09-04_10-41-47-475152_earlyRefresh,earlyRefresh,high-skew-zipf,1788518656.475000,148.999848,adaptive_ttl_backend_p99_milliseconds,all,0
2026-09-04_10-41-47-475152_earlyRefresh,earlyRefresh,high-skew-zipf,1788518657.475000,149.999848,adaptive_ttl_backend_p99_milliseconds,all,0
2026-09-04_10-41-47-475152_earlyRefresh,earlyRefresh,high-skew-zipf,1788518658.475000,150.999848,adaptive_ttl_backend_p99_milliseconds,all,0
2026-09-04_10-41-47-475152_earlyRefresh,earlyRefresh,high-skew-zipf,1788518659.475000,151.999848,adaptive_ttl_backend_p99_milliseconds,all,0
2026-09-04_10-41-47-475152_earlyRefresh,earlyRefresh,high-skew-zipf,1788518660.475000,152.999848,adaptive_ttl_backend_p99_milliseconds,all,0
2026-09-04_10-41-47-475152_earlyRefresh,earlyRefresh,high-skew-zipf,1788518661.475000,153.999848,adaptive_ttl_backend_p99_milliseconds,all,0
2026-09-04_10-41-47-475152_earlyRefresh,earlyRefresh,high-skew-zipf,1788518662.475000,154.999848,adaptive_ttl_backend_p99_milliseconds,all,0
2026-09-04_10-41-47-475152_earlyRefresh,earlyRefresh,high-skew-zipf,1788518663.475000,155.999848,adaptive_ttl_backend_p99_milliseconds,all,0
2026-09-04_10-41-47-475152_earlyRefresh,earlyRefresh,high-skew-zipf,1788518664.475000,156.999848,adaptive_ttl_backend_p99_milliseconds,all,0
2026-09-04_10-41-47-475152_earlyRefresh,earlyRefresh,high-skew-zipf,1788518665.475000,157.999848,adaptive_ttl_backend_p99_milliseconds,all,0
2026-09-04_10-41-47-475152_earlyRefresh,earlyRefresh,high-skew-zipf,1788518666.475000,158.999848,adaptive_ttl_backend_p99_milliseconds,all,0
2026-09-04_10-41-47-475152_earlyRefresh,earlyRefresh,high-skew-zipf,1788518667.475000,159.999848,adaptive_ttl_backend_p99_milliseconds,all,0
2026-09-04_10-41-47-475152_earlyRefresh,earlyRefresh,high-skew-zipf,1788518668.475000,160.999848,adaptive_ttl_backend_p99_milliseconds,all,0
2026-09-04_10-41-47-475152_earlyRefresh,earlyRefresh,high-skew-zipf,1788518669.475000,161.999848,adaptive_ttl_backend_p99_milliseconds,all,0
2026-09-04_10-41-47-475152_earlyRefresh,earlyRefresh,high-skew-zipf,1788518670.475000,162.999848,adaptive_ttl_backend_p99_milliseconds,all,0
2026-09-04_10-41-47-475152_earlyRefresh,earlyRefresh,high-skew-zipf,1788518671.475000,163.999848,adaptive_ttl_backend_p99_milliseconds,all,0
2026-09-04_10-41-47-475152_earlyRefresh,earlyRefresh,high-skew-zipf,1788518672.475000,164.999848,adaptive_ttl_backend_p99_milliseconds,all,0
2026-09-04_10-41-47-475152_earlyRefresh,earlyRefresh,high-skew-zipf,1788518673.475000,165.999848,adaptive_ttl_backend_p99_milliseconds,all,0
2026-09-04_10-41-47-475152_earlyRefresh,earlyRefresh,high-skew-zipf,1788518674.475000,166.999848,adaptive_ttl_backend_p99_milliseconds,all,0
2026-09-04_10-41-47-475152_earlyRefresh,earlyRefresh,high-skew-zipf,1788518675.475000,167.999848,adaptive_ttl_backend_p99_milliseconds,all,0
2026-09-04_10-41-47-475152_earlyRefresh,earlyRefresh,high-skew-zipf,1788518676.475000,168.999848,adaptive_ttl_backend_p99_milliseconds,all,0
2026-09-04_10-41-47-475152_earlyRefresh,earlyRefresh,high-skew-zipf,1788518677.475000,169.999848,adaptive_ttl_backend_p99_milliseconds,all,0
2026-09-04_10-41-47-475152_earlyRefresh,earlyRefresh,high-skew-zipf,1788518678.475000,170.999848,adaptive_ttl_backend_p99_milliseconds,all,0
2026-09-04_10-41-47-475152_earlyRefresh,earlyRefresh,high-skew-zipf,1788518679.475000,171.999848,adaptive_ttl_backend_p99_milliseconds,all,0
2026-09-04_10-41-47-475152_earlyRefresh,earlyRefresh,high-skew-zipf,1788518680.475000,172.999848,adaptive_ttl_backend_p99_milliseconds,all,0
2026-09-04_10-41-47-475152_earlyRefresh,earlyRefresh,high-skew-zipf,1788518681.475000,173.999848,adaptive_ttl_backend_p99_milliseconds,all,0
2026-09-04_10-41-47-475152_earlyRefresh,earlyRefresh,high-skew-zipf,1788518682.475000,174.999848,adaptive_ttl_backend_p99_milliseconds,all,0
2026-09-04_10-41-47-475152_earlyRefresh,earlyRefresh,high-skew-zipf,1788518683.475000,175.999848,adaptive_ttl_backend_p99_milliseconds,all,0
2026-09-04_10-41-47-475152_earlyRefresh,earlyRefresh,high-skew-zipf,1788518684.475000,176.999848,adaptive_ttl_backend_p99_milliseconds,all,0
2026-09-04_10-41-47-475152_earlyRefresh,earlyRefresh,high-skew-zipf,1788518685.475000,177.999848,adaptive_ttl_backend_p99_milliseconds,all,0
2026-09-04_10-41-47-475152_earlyRefresh,earlyRefresh,high-skew-zipf,1788518686.475000,178.999848,adaptive_ttl_backend_p99_milliseconds,all,0
2026-09-04_10-41-47-475152_earlyRefresh,earlyRefresh,high-skew-zipf,1788518687.475000,179.999848,adaptive_ttl_backend_p99_milliseconds,all,0
2026-09-04_10-41-47-475152_earlyRefresh,earlyRefresh,high-skew-zipf,1788518688.475000,180.999848,adaptive_ttl_backend_p99_milliseconds,all,0
2026-09-04_10-41-47-475152_earlyRefresh,earlyRefresh,high-skew-zipf,1788518689.475000,181.999848,adaptive_ttl_backend_p99_milliseconds,all,0
2026-09-04_10-41-47-475152_earlyRefresh,earlyRefresh,high-skew-zipf,1788518690.475000,182.999848,adaptive_ttl_backend_p99_milliseconds,all,0
2026-09-04_10-41-47-475152_earlyRefresh,earlyRefresh,high-skew-zipf,1788518691.475000,183.999848,adaptive_ttl_backend_p99_milliseconds,all,0
2026-09-04_10-41-47-475152_earlyRefresh,earlyRefresh,high-skew-zipf,1788518692.475000,184.999848,adaptive_ttl_backend_p99_milliseconds,all,0
2026-09-04_10-41-47-475152_earlyRefresh,earlyRefresh,high-skew-zipf,1788518693.475000,185.999848,adaptive_ttl_backend_p99_milliseconds,all,0
2026-09-04_10-41-47-475152_earlyRefresh,earlyRefresh,high-skew-zipf,1788518694.475000,186.999848,adaptive_ttl_backend_p99_milliseconds,all,0
2026-09-04_10-41-47-475152_earlyRefresh,earlyRefresh,high-skew-zipf,1788518695.475000,187.999848,adaptive_ttl_backend_p99_milliseconds,all,0
2026-09-04_10-41-47-475152_earlyRefresh,earlyRefresh,high-skew-zipf,1788518696.475000,188.999848,adaptive_ttl_backend_p99_milliseconds,all,0
2026-09-04_10-41-47-475152_earlyRefresh,earlyRefresh,high-skew-zipf,1788518697.475000,189.999848,adaptive_ttl_backend_p99_milliseconds,all,0
2026-09-04_10-41-47-475152_earlyRefresh,earlyRefresh,high-skew-zipf,1788518698.475000,190.999848,adaptive_ttl_backend_p99_milliseconds,all,0
2026-09-04_10-41-47-475152_earlyRefresh,earlyRefresh,high-skew-zipf,1788518699.475000,191.999848,adaptive_ttl_backend_p99_milliseconds,all,0
2026-09-04_10-41-47-475152_earlyRefresh,earlyRefresh,high-skew-zipf,1788518700.475000,192.999848,adaptive_ttl_backend_p99_milliseconds,all,0
2026-09-04_10-41-47-475152_earlyRefresh,earlyRefresh,high-skew-zipf,1788518701.475000,193.999848,adaptive_ttl_backend_p99_milliseconds,all,0
2026-09-04_10-41-47-475152_earlyRefresh,earlyRefresh,high-skew-zipf,1788518702.475000,194.999848,adaptive_ttl_backend_p99_milliseconds,all,0
2026-09-04_10-41-47-475152_earlyRefresh,earlyRefresh,high-skew-zipf,1788518703.475000,195.999848,adaptive_ttl_backend_p99_milliseconds,all,0
2026-09-04_10-41-47-475152_earlyRefresh,earlyRefresh,high-skew-zipf,1788518704.475000,196.999848,adaptive_ttl_backend_p99_milliseconds,all,0
2026-09-04_10-41-47-475152_earlyRefresh,earlyRefresh,high-skew-zipf,1788518705.475000,197.999848,adaptive_ttl_backend_p99_milliseconds,all,0
2026-09-04_10-41-47-475152_earlyRefresh,earlyRefresh,high-skew-zipf,1788518706.475000,198.999848,adaptive_ttl_backend_p99_milliseconds,all,0
2026-09-04_10-41-47-475152_earlyRefresh,earlyRefresh,high-skew-zipf,1788518707.475000,199.999848,adaptive_ttl_backend_p99_milliseconds,all,0
2026-09-04_10-41-47-475152_earlyRefresh,earlyRefresh,high-skew-zipf,1788518708.475000,200.999848,adaptive_ttl_backend_p99_milliseconds,all,0
2026-09-04_10-41-47-475152_earlyRefresh,earlyRefresh,high-skew-zipf,1788518709.475000,201.999848,adaptive_ttl_backend_p99_milliseconds,all,0
2026-09-04_10-41-47-475152_earlyRefresh,earlyRefresh,high-skew-zipf,1788518710.475000,202.999848,adaptive_ttl_backend_p99_milliseconds,all,0
2026-09-04_10-41-47-475152_earlyRefresh,earlyRefresh,high-skew-zipf,1788518711.475000,203.999848,adaptive_ttl_backend_p99_milliseconds,all,0
2026-09-04_10-41-47-475152_earlyRefresh,earlyRefresh,high-skew-zipf,1788518712.475000,204.999848,adaptive_ttl_backend_p99_milliseconds,all,0
2026-09-04_10-41-47-475152_earlyRefresh,earlyRefresh,high-skew-zipf,1788518713.475000,205.999848,adaptive_ttl_backend_p99_milliseconds,all,0
2026-09-04_10-41-47-475152_earlyRefresh,earlyRefresh,high-skew-zipf,1788518714.475000,206.999848,adaptive_ttl_backend_p99_milliseconds,all,0
2026-09-04_10-41-47-475152_earlyRefresh,earlyRefresh,high-skew-zipf,1788518715.475000,207.999848,adaptive_ttl_backend_p99_milliseconds,all,0
2026-09-04_10-41-47-475152_earlyRefresh,earlyRefresh,high-skew-zipf,1788518716.475000,208.999848,adaptive_ttl_backend_p99_milliseconds,all,0
2026-09-04_10-41-47-475152_earlyRefresh,earlyRefresh,high-skew-zipf,1788518717.475000,209.999848,adaptive_ttl_backend_p99_milliseconds,all,0
2026-09-04_10-41-47-475152_earlyRefresh,earlyRefresh,high-skew-zipf,1788518718.475000,210.999848,adaptive_ttl_backend_p99_milliseconds,all,0
2026-09-04_10-41-47-475152_earlyRefresh,earlyRefresh,high-skew-zipf,1788518719.475000,211.999848,adaptive_ttl_backend_p99_milliseconds,all,0
2026-09-04_10-41-47-475152_earlyRefresh,earlyRefresh,high-skew-zipf,1788518720.475000,212.999848,adaptive_ttl_backend_p99_milliseconds,all,0
2026-09-04_10-41-47-475152_earlyRefresh,earlyRefresh,high-skew-zipf,1788518721.475000,213.999848,adaptive_ttl_backend_p99_milliseconds,all,0
2026-09-04_10-41-47-475152_earlyRefresh,earlyRefresh,high-skew-zipf,1788518722.475000,214.999848,adaptive_ttl_backend_p99_milliseconds,all,0
2026-09-04_10-41-47-475152_earlyRefresh,earlyRefresh,high-skew-zipf,1788518723.475000,215.999848,adaptive_ttl_backend_p99_milliseconds,all,0
2026-09-04_10-41-47-475152_earlyRefresh,earlyRefresh,high-skew-zipf,1788518724.475000,216.999848,adaptive_ttl_backend_p99_milliseconds,all,0
2026-09-04_10-41-47-475152_earlyRefresh,earlyRefresh,high-skew-zipf,1788518725.475000,217.999848,adaptive_ttl_backend_p99_milliseconds,all,0
2026-09-04_10-41-47-475152_earlyRefresh,earlyRefresh,high-skew-zipf,1788518726.475000,218.999848,adaptive_ttl_backend_p99_milliseconds,all,0
2026-09-04_10-41-47-475152_earlyRefresh,earlyRefresh,high-skew-zipf,1788518727.475000,219.999848,adaptive_ttl_backend_p99_milliseconds,all,0
2026-09-04_10-41-47-475152_earlyRefresh,earlyRefresh,high-skew-zipf,1788518728.475000,220.999848,adaptive_ttl_backend_p99_milliseconds,all,0
2026-09-04_10-41-47-475152_earlyRefresh,earlyRefresh,high-skew-zipf,1788518729.475000,221.999848,adaptive_ttl_backend_p99_milliseconds,all,0
2026-09-04_10-41-47-475152_earlyRefresh,earlyRefresh,high-skew-zipf,1788518730.475000,222.999848,adaptive_ttl_backend_p99_milliseconds,all,0
2026-09-04_10-41-47-475152_earlyRefresh,earlyRefresh,high-skew-zipf,1788518731.475000,223.999848,adaptive_ttl_backend_p99_milliseconds,all,0
2026-09-04_10-41-47-475152_earlyRefresh,earlyRefresh,high-skew-zipf,1788518732.475000,224.999848,adaptive_ttl_backend_p99_milliseconds,all,0
2026-09-04_10-41-47-475152_earlyRefresh,earlyRefresh,high-skew-zipf,1788518733.475000,225.999848,adaptive_ttl_backend_p99_milliseconds,all,0
2026-09-04_10-41-47-475152_earlyRefresh,earlyRefresh,high-skew-zipf,1788518734.475000,226.999848,adaptive_ttl_backend_p99_milliseconds,all,0
2026-09-04_10-41-47-475152_earlyRefresh,earlyRefresh,high-skew-zipf,1788518735.475000,227.999848,adaptive_ttl_backend_p99_milliseconds,all,0
2026-09-04_10-41-47-475152_earlyRefresh,earlyRefresh,high-skew-zipf,1788518736.475000,228.999848,adaptive_ttl_backend_p99_milliseconds,all,0
2026-09-04_10-41-47-475152_earlyRefresh,earlyRefresh,high-skew-zipf,1788518737.475000,229.999848,adaptive_ttl_backend_p99_milliseconds,all,0
2026-09-04_10-41-47-475152_earlyRefresh,earlyRefresh,high-skew-zipf,1788518738.475000,230.999848,adaptive_ttl_backend_p99_milliseconds,all,0
2026-09-04_10-41-47-475152_earlyRefresh,earlyRefresh,high-skew-zipf,1788518739.475000,231.999848,adaptive_ttl_backend_p99_milliseconds,all,0
2026-09-04_10-41-47-475152_earlyRefresh,earlyRefresh,high-skew-zipf,1788518740.475000,232.999848,adaptive_ttl_backend_p99_milliseconds,all,0
2026-09-04_10-41-47-475152_earlyRefresh,earlyRefresh,high-skew-zipf,1788518741.475000,233.999848,adaptive_ttl_backend_p99_milliseconds,all,0
2026-09-04_10-41-47-475152_earlyRefresh,earlyRefresh,high-skew-zipf,1788518742.475000,234.999848,adaptive_ttl_backend_p99_milliseconds,all,0
2026-09-04_10-41-47-475152_earlyRefresh,earlyRefresh,high-skew-zipf,1788518743.475000,235.999848,adaptive_ttl_backend_p99_milliseconds,all,0
2026-09-04_10-41-47-475152_earlyRefresh,earlyRefresh,high-skew-zipf,1788518744.475000,236.999848,adaptive_ttl_backend_p99_milliseconds,all,0
2026-09-04_10-41-47-475152_earlyRefresh,earlyRefresh,high-skew-zipf,1788518745.475000,237.999848,adaptive_ttl_backend_p99_milliseconds,all,0
2026-09-04_10-41-47-475152_earlyRefresh,earlyRefresh,high-skew-zipf,1788518746.475000,238.999848,adaptive_ttl_backend_p99_milliseconds,all,0
2026-09-04_10-41-47-475152_earlyRefresh,earlyRefresh,high-skew-zipf,1788518747.475000,239.999848,adaptive_ttl_backend_p99_milliseconds,all,0
