experiment_id,experiment_name,test_name,timestamp,relative_time_seconds,metric,series,value
2026-08-30_12-22-08-610689_adaptiveTTL,adaptiveTTL,burst-load,1788092528.611000,0.000311,all_requests,all,0
2026-08-30_12-22-08-610689_adaptiveTTL,adaptiveTTL,burst-load,1788092529.611000,1.000311,all_requests,all,3
2026-08-30_12-22-08-610689_adaptiveTTL,adaptiveTTL,burst-load,1788092530.611000,2.000311,all_requests,all,21
2026-08-30_12-22-08-610689_adaptiveTTL,adaptiveTTL,burst-load,1788092531.611000,3.000311,all_requests,all,41
2026-08-30_12-22-08-610689_adaptiveTTL,adaptiveTTL,burst-load,1788092532.611000,4.000311,all_requests,all,61
2026-08-30_12-22-08-610689_adaptiveTTL,adaptiveTTL,burst-load,1788092533.611000,5.000311,all_requests,all,81
2026-08-30_12-22-08-610689_adaptiveTTL,adaptiveTTL,burst-load,1788092534.611000,6.000311,all_requests,all,101
2026-08-30_12-22-08-610689_adaptiveTTL,adaptiveTTL,burst-load,1788092535.611000,7.000311,all_requests,all,121
2026-08-30_12-22-08-610689_adaptiveTTL,adaptiveTTL,burst-load,1788092536.611000,8.000311,all_requests,all,141
2026-08-30_12-22-08-610689_adaptiveTTL,adaptiveTTL,burst-load,1788092537.611000,9.000311,all_requests,all,161
2026-08-30_12-22-08-610689_adaptiveTTL,adaptiveTTL,burst-load,1788092538.611000,10.000311,all_requests,all,181
2026-08-30_12-22-08-610689_adaptiveTTL,adaptiveTTL,burst-load,1788092539.611000,11.000311,all_requests,all,201
2026-08-30_12-22-08-610689_adaptiveTTL,adaptiveTTL,burst-load,1788092540.611000,12.000311,all_requests,all,221
2026-08-30_12-22-08-610689_adaptiveTTL,adaptiveTTL,burst-load,1788092541.611000,13.000311,all_requests,all,241
2026-08-30_12-22-08-610689_adaptiveTTL,adaptiveTTL,burst-load,1788092542.611000,14.000311,all_requests,all,261
2026-08-30_12-22-08-610689_adaptiveTTL,adaptiveTTL,burst-load,1788092543.611000,15.000311,all_requests,all,281
2026-08-30_12-22-08-610689_adaptiveTTL,adaptiveTTL,burst-load,1788092544.611000,16.000311,all_requests,all,301
2026-08-30_12-22-08-610689_adaptiveTTL,adaptiveTTL,burst-load,1788092545.611000,17.000311,all_requests,all,321
2026-08-30_12-22-08-610689_adaptiveTTL,adaptiveTTL,burst-load,1788092546.611000,18.000311,all_requests,all,341
2026-08-30_12-22-08-610689_adaptiveTTL,adaptiveTTL,burst-load,1788092547.611000,19.000311,all_requests,all,361
2026-08-30_12-22-08-610689_adaptiveTTL,adaptiveTTL,burst-load,1788092548.611000,20.000311,all_requests,all,381
2026-08-30_12-22-08-610689_adaptiveTTL,adaptiveTTL,burst-load,1788092549.611000,21.000311,all_requests,all,401
2026-08-30_12-22-08-610689_adaptiveTTL,adaptiveTTL,burst-load,1788092550.611000,22.000311,all_requests,all,421
2026-08-30_12-22-08-610689_adaptiveTTL,adaptiveTTL,burst-load,1788092551.611000,23.000311,all_requests,all,441
2026-08-30_12-22-08-610689_adaptiveTTL,adaptiveTTL,burst-load,1788092552.611000,24.000311,all_requests,all,461
2026-08-30_12-22-08-610689_adaptiveTTL,adaptiveTTL,burst-load,1788092553.611000,25.000311,all_requests,all,481
2026-08-30_12-22-08-610689_adaptiveTTL,adaptiveTTL,burst-load,1788092554.611000,26.000311,all_requests,all,501
2026-08-30_12-22-08-610689_adaptiveTTL,adaptiveTTL,burst-load,1788092555.611000,27.000311,all_requests,all,521
2026-08-30_12-22-08-610689_adaptiveTTL,adaptiveTTL,burst-load,1788092556.611000,28.000311,all_requests,all,541
2026-08-30_12-22-08-610689_adaptiveTTL,adaptiveTTL,burst-load,1788092557.611000,29.000311,all_requests,all,561
2026-08-30_12-22-08-610689_adaptiveTTL,adaptiveTTL,burst-load,1788092558.611000,30.000311,all_requests,all,581
2026-08-30_12-22-08-610689_adaptiveTTL,adaptiveTTL,burst-load,1788092559.611000,31.000311,all_requests,all,605
2026-08-30_12-22-08-610689_adaptiveTTL,adaptiveTTL,burst-load,1788092560.611000,32.000311,all_requests,all,716
2026-08-30_12-22-08-610689_adaptiveTTL,adaptiveTTL,burst-load,1788092561.611000,33.000311,all_requests,all,895
2026-08-30_12-22-08-610689_adaptiveTTL,adaptiveTTL,burst-load,1788092562.611000,34.000311,all_requests,all,1075
2026-08-30_12-22-08-610689_adaptiveTTL,adaptiveTTL,burst-load,1788092563.611000,35.000311,all_requests,all,1255
2026-08-30_12-22-08-610689_adaptiveTTL,adaptiveTTL,burst-load,1788092564.611000,36.000311,all_requests,all,1435
2026-08-30_12-22-08-610689_adaptiveTTL,adaptiveTTL,burst-load,1788092565.611000,37.000311,all_requests,all,1615
2026-08-30_12-22-08-610689_adaptiveTTL,adaptiveTTL,burst-load,1788092566.611000,38.000311,all_requests,all,1795
2026-08-30_12-22-08-610689_adaptiveTTL,adaptiveTTL,burst-load,1788092567.611000,39.000311,all_requests,all,1975
2026-08-30_12-22-08-610689_adaptiveTTL,adaptiveTTL,burst-load,1788092568.611000,40.000311,all_requests,all,2155
2026-08-30_12-22-08-610689_adaptiveTTL,adaptiveTTL,burst-load,1788092569.611000,41.000311,all_requests,all,2334
2026-08-30_12-22-08-610689_adaptiveTTL,adaptiveTTL,burst-load,1788092570.611000,42.000311,all_requests,all,2514
2026-08-30_12-22-08-610689_adaptiveTTL,adaptiveTTL,burst-load,1788092571.611000,43.000311,all_requests,all,2695
2026-08-30_12-22-08-610689_adaptiveTTL,adaptiveTTL,burst-load,1788092572.611000,44.000311,all_requests,all,2874
2026-08-30_12-22-08-610689_adaptiveTTL,adaptiveTTL,burst-load,1788092573.611000,45.000311,all_requests,all,3055
2026-08-30_12-22-08-610689_adaptiveTTL,adaptiveTTL,burst-load,1788092574.611000,46.000311,all_requests,all,3235
2026-08-30_12-22-08-610689_adaptiveTTL,adaptiveTTL,burst-load,1788092575.611000,47.000311,all_requests,all,3414
2026-08-30_12-22-08-610689_adaptiveTTL,adaptiveTTL,burst-load,1788092576.611000,48.000311,all_requests,all,3594
2026-08-30_12-22-08-610689_adaptiveTTL,adaptiveTTL,burst-load,1788092577.611000,49.000311,all_requests,all,3774
2026-08-30_12-22-08-610689_adaptiveTTL,adaptiveTTL,burst-load,1788092578.611000,50.000311,all_requests,all,3955
2026-08-30_12-22-08-610689_adaptiveTTL,adaptiveTTL,burst-load,1788092579.611000,51.000311,all_requests,all,4134
2026-08-30_12-22-08-610689_adaptiveTTL,adaptiveTTL,burst-load,1788092580.611000,52.000311,all_requests,all,4315
2026-08-30_12-22-08-610689_adaptiveTTL,adaptiveTTL,burst-load,1788092581.611000,53.000311,all_requests,all,4495
2026-08-30_12-22-08-610689_adaptiveTTL,adaptiveTTL,burst-load,1788092582.611000,54.000311,all_requests,all,4674
2026-08-30_12-22-08-610689_adaptiveTTL,adaptiveTTL,burst-load,1788092583.611000,55.000311,all_requests,all,4854
2026-08-30_12-22-08-610689_adaptiveTTL,adaptiveTTL,burst-load,1788092584.611000,56.000311,all_requests,all,5034
2026-08-30_12-22-08-610689_adaptiveTTL,adaptiveTTL,burst-load,1788092585.611000,57.000311,all_requests,all,5214
2026-08-30_12-22-08-610689_adaptiveTTL,adaptiveTTL,burst-load,1788092586.611000,58.000311,all_requests,all,5394
2026-08-30_12-22-08-610689_adaptiveTTL,adaptiveTTL,burst-load,1788092587.611000,59.000311,all_requests,all,5574
2026-08-30_12-22-08-610689_adaptiveTTL,adaptiveTTL,burst-load,1788092588.611000,60.000311,all_requests,all,5754
2026-08-30_12-22-08-610689_adaptiveTTL,adaptiveTTL,burst-load,1788092589.611000,61.000311,all_requests,all,5934
2026-08-30_12-22-08-610689_adaptiveTTL,adaptiveTTL,burst-load,1788092590.611000,62.000311,all_requests,all,6114
2026-08-30_12-22-08-610689_adaptiveTTL,adaptiveTTL,burst-load,1788092591.611000,63.000311,all_requests,all,6294
2026-08-30_12-22-08-610689_adaptiveTTL,adaptiveTTL,burst-load,1788092592.611000,64.000311,all_requests,all,6474
2026-08-30_12-22-08-610689_adaptiveTTL,adaptiveTTL,burst-load,1788092593.611000,65.000311,all_requests,all,6654
2026-08-30_12-22-08-610689_adaptiveTTL,adaptiveTTL,burst-load,1788092594.611000,66.000311,all_requests,all,6834
2026-08-30_12-22-08-610689_adaptiveTTL,adaptiveTTL,burst-load,1788092595.611000,67.000311,all_requests,all,7014
2026-08-30_12-22-08-610689_adaptiveTTL,adaptiveTTL,burst-load,1788092596.611000,68.000311,all_requests,all,7194
2026-08-30_12-22-08-610689_adaptiveTTL,adaptiveTTL,burst-load,1788092597.611000,69.000311,all_requests,all,7374
2026-08-30_12-22-08-610689_adaptiveTTL,adaptiveTTL,burst-load,1788092598.611000,70.000311,all_requests,all,7554
2026-08-30_12-22-08-610689_adaptiveTTL,adaptiveTTL,burst-load,1788092599.611000,71.000311,all_requests,all,7734
2026-08-30_12-22-08-610689_adaptiveTTL,adaptiveTTL,burst-load,1788092600.611000,72.000311,all_requests,all,7914
2026-08-30_12-22-08-610689_adaptiveTTL,adaptiveTTL,burst-load,1788092601.611000,73.000311,all_requests,all,8094
2026-08-30_12-22-08-610689_adaptiveTTL,adaptiveTTL,burst-load,1788092602.611000,74.000311,all_requests,all,8274
2026-08-30_12-22-08-610689_adaptiveTTL,adaptiveTTL,burst-load,1788092603.611000,75.000311,all_requests,all,8454
2026-08-30_12-22-08-610689_adaptiveTTL,adaptiveTTL,burst-load,1788092604.611000,76.000311,all_requests,all,8634
2026-08-30_12-22-08-610689_adaptiveTTL,adaptiveTTL,burst-load,1788092605.611000,77.000311,all_requests,all,8810
2026-08-30_12-22-08-610689_adaptiveTTL,adaptiveTTL,burst-load,1788092606.611000,78.000311,all_requests,all,8900
2026-08-30_12-22-08-610689_adaptiveTTL,adaptiveTTL,burst-load,1788092607.611000,79.000311,all_requests,all,8921
2026-08-30_12-22-08-610689_adaptiveTTL,adaptiveTTL,burst-load,1788092608.611000,80.000311,all_requests,all,8941
2026-08-30_12-22-08-610689_adaptiveTTL,adaptiveTTL,burst-load,1788092609.611000,81.000311,all_requests,all,8961
2026-08-30_12-22-08-610689_adaptiveTTL,adaptiveTTL,burst-load,1788092610.611000,82.000311,all_requests,all,8981
2026-08-30_12-22-08-610689_adaptiveTTL,adaptiveTTL,burst-load,1788092611.611000,83.000311,all_requests,all,9001
2026-08-30_12-22-08-610689_adaptiveTTL,adaptiveTTL,burst-load,1788092612.611000,84.000311,all_requests,all,9021
2026-08-30_12-22-08-610689_adaptiveTTL,adaptiveTTL,burst-load,1788092613.611000,85.000311,all_requests,all,9041
2026-08-30_12-22-08-610689_adaptiveTTL,adaptiveTTL,burst-load,1788092614.611000,86.000311,all_requests,all,9061
2026-08-30_12-22-08-610689_adaptiveTTL,adaptiveTTL,burst-load,1788092615.611000,87.000311,all_requests,all,9081
2026-08-30_12-22-08-610689_adaptiveTTL,adaptiveTTL,burst-load,1788092616.611000,88.000311,all_requests,all,9101
2026-08-30_12-22-08-610689_adaptiveTTL,adaptiveTTL,burst-load,1788092617.611000,89.000311,all_requests,all,9121
2026-08-30_12-22-08-610689_adaptiveTTL,adaptiveTTL,burst-load,1788092618.611000,90.000311,all_requests,all,9141
2026-08-30_12-22-08-610689_adaptiveTTL,adaptiveTTL,burst-load,1788092619.611000,91.000311,all_requests,all,9161
2026-08-30_12-22-08-610689_adaptiveTTL,adaptiveTTL,burst-load,1788092620.611000,92.000311,all_requests,all,9181
2026-08-30_12-22-08-610689_adaptiveTTL,adaptiveTTL,burst-load,1788092621.611000,93.000311,all_requests,all,9201
2026-08-30_12-22-08-610689_adaptiveTTL,adaptiveTTL,burst-load,1788092622.611000,94.000311,all_requests,all,9221
2026-08-30_12-22-08-610689_adaptiveTTL,adaptiveTTL,burst-load,1788092623.611000,95.000311,all_requests,all,9241
2026-08-30_12-22-08-610689_adaptiveTTL,adaptiveTTL,burst-load,1788092624.611000,96.000311,all_requests,all,9261
2026-08-30_12-22-08-610689_adaptiveTTL,adaptiveTTL,burst-load,1788092625.611000,97.000311,all_requests,all,9281
2026-08-30_12-22-08-610689_adaptiveTTL,adaptiveTTL,burst-load,1788092626.611000,98.000311,all_requests,all,9301
2026-08-30_12-22-08-610689_adaptiveTTL,adaptiveTTL,burst-load,1788092627.611000,99.000311,all_requests,all,9321
2026-08-30_12-22-08-610689_adaptiveTTL,adaptiveTTL,burst-load,1788092628.611000,100.000311,all_requests,all,9341
2026-08-30_12-22-08-610689_adaptiveTTL,adaptiveTTL,burst-load,1788092629.611000,101.000311,all_requests,all,9361
2026-08-30_12-22-08-610689_adaptiveTTL,adaptiveTTL,burst-load,1788092630.611000,102.000311,all_requests,all,9381
2026-08-30_12-22-08-610689_adaptiveTTL,adaptiveTTL,burst-load,1788092631.611000,103.000311,all_requests,all,9401
2026-08-30_12-22-08-610689_adaptiveTTL,adaptiveTTL,burst-load,1788092632.611000,104.000311,all_requests,all,9421
2026-08-30_12-22-08-610689_adaptiveTTL,adaptiveTTL,burst-load,1788092633.611000,105.000311,all_requests,all,9441
2026-08-30_12-22-08-610689_adaptiveTTL,adaptiveTTL,burst-load,1788092634.611000,106.000311,all_requests,all,9461
2026-08-30_12-22-08-610689_adaptiveTTL,adaptiveTTL,burst-load,1788092635.611000,107.000311,all_requests,all,9481
2026-08-30_12-22-08-610689_adaptiveTTL,adaptiveTTL,burst-load,1788092636.611000,108.000311,all_requests,all,9501
2026-08-30_12-22-08-610689_adaptiveTTL,adaptiveTTL,burst-load,1788092637.611000,109.000311,all_requests,all,9521
2026-08-30_12-22-08-610689_adaptiveTTL,adaptiveTTL,burst-load,1788092638.611000,110.000311,all_requests,all,9541
2026-08-30_12-22-08-610689_adaptiveTTL,adaptiveTTL,burst-load,1788092639.611000,111.000311,all_requests,all,9561
2026-08-30_12-22-08-610689_adaptiveTTL,adaptiveTTL,burst-load,1788092640.611000,112.000311,all_requests,all,9581
2026-08-30_12-22-08-610689_adaptiveTTL,adaptiveTTL,burst-load,1788092641.611000,113.000311,all_requests,all,9601
2026-08-30_12-22-08-610689_adaptiveTTL,adaptiveTTL,burst-load,1788092642.611000,114.000311,all_requests,all,9621
2026-08-30_12-22-08-610689_adaptiveTTL,adaptiveTTL,burst-load,1788092643.611000,115.000311,all_requests,all,9641
2026-08-30_12-22-08-610689_adaptiveTTL,adaptiveTTL,burst-load,1788092644.611000,116.000311,all_requests,all,9661
2026-08-30_12-22-08-610689_adaptiveTTL,adaptiveTTL,burst-load,1788092645.611000,117.000311,all_requests,all,9681
2026-08-30_12-22-08-610689_adaptiveTTL,adaptiveTTL,burst-load,1788092646.611000,118.000311,all_requests,all,9701
2026-08-30_12-22-08-610689_adaptiveTTL,adaptiveTTL,burst-load,1788092647.611000,119.000311,all_requests,all,9721
2026-08-30_12-22-08-610689_adaptiveTTL,adaptiveTTL,burst-load,1788092648.611000,120.000311,all_requests,all,9741
2026-08-30_12-22-08-610689_adaptiveTTL,adaptiveTTL,burst-load,1788092649.611000,121.000311,all_requests,all,9761
2026-08-30_12-22-08-610689_adaptiveTTL,adaptiveTTL,burst-load,1788092650.611000,122.000311,all_requests,all,9781
2026-08-30_12-22-08-610689_adaptiveTTL,adaptiveTTL,burst-load,1788092528.611000,0.000311,l1_hits,all,0
2026-08-30_12-22-08-610689_adaptiveTTL,adaptiveTTL,burst-load,1788092529.611000,1.000311,l1_hits,all,0
2026-08-30_12-22-08-610689_adaptiveTTL,adaptiveTTL,burst-load,1788092530.611000,2.000311,l1_hits,all,0
2026-08-30_12-22-08-610689_adaptiveTTL,adaptiveTTL,burst-load,1788092531.611000,3.000311,l1_hits,all,8
2026-08-30_12-22-08-610689_adaptiveTTL,adaptiveTTL,burst-load,1788092532.611000,4.000311,l1_hits,all,19
2026-08-30_12-22-08-610689_adaptiveTTL,adaptiveTTL,burst-load,1788092533.611000,5.000311,l1_hits,all,29
2026-08-30_12-22-08-610689_adaptiveTTL,adaptiveTTL,burst-load,1788092534.611000,6.000311,l1_hits,all,38
2026-08-30_12-22-08-610689_adaptiveTTL,adaptiveTTL,burst-load,1788092535.611000,7.000311,l1_hits,all,46
2026-08-30_12-22-08-610689_adaptiveTTL,adaptiveTTL,burst-load,1788092536.611000,8.000311,l1_hits,all,55
2026-08-30_12-22-08-610689_adaptiveTTL,adaptiveTTL,burst-load,1788092537.611000,9.000311,l1_hits,all,64
2026-08-30_12-22-08-610689_adaptiveTTL,adaptiveTTL,burst-load,1788092538.611000,10.000311,l1_hits,all,74
2026-08-30_12-22-08-610689_adaptiveTTL,adaptiveTTL,burst-load,1788092539.611000,11.000311,l1_hits,all,83
2026-08-30_12-22-08-610689_adaptiveTTL,adaptiveTTL,burst-load,1788092540.611000,12.000311,l1_hits,all,96
2026-08-30_12-22-08-610689_adaptiveTTL,adaptiveTTL,burst-load,1788092541.611000,13.000311,l1_hits,all,105
2026-08-30_12-22-08-610689_adaptiveTTL,adaptiveTTL,burst-load,1788092542.611000,14.000311,l1_hits,all,111
2026-08-30_12-22-08-610689_adaptiveTTL,adaptiveTTL,burst-load,1788092543.611000,15.000311,l1_hits,all,125
2026-08-30_12-22-08-610689_adaptiveTTL,adaptiveTTL,burst-load,1788092544.611000,16.000311,l1_hits,all,134
2026-08-30_12-22-08-610689_adaptiveTTL,adaptiveTTL,burst-load,1788092545.611000,17.000311,l1_hits,all,146
2026-08-30_12-22-08-610689_adaptiveTTL,adaptiveTTL,burst-load,1788092546.611000,18.000311,l1_hits,all,153
2026-08-30_12-22-08-610689_adaptiveTTL,adaptiveTTL,burst-load,1788092547.611000,19.000311,l1_hits,all,163
2026-08-30_12-22-08-610689_adaptiveTTL,adaptiveTTL,burst-load,1788092548.611000,20.000311,l1_hits,all,169
2026-08-30_12-22-08-610689_adaptiveTTL,adaptiveTTL,burst-load,1788092549.611000,21.000311,l1_hits,all,181
2026-08-30_12-22-08-610689_adaptiveTTL,adaptiveTTL,burst-load,1788092550.611000,22.000311,l1_hits,all,194
2026-08-30_12-22-08-610689_adaptiveTTL,adaptiveTTL,burst-load,1788092551.611000,23.000311,l1_hits,all,202
2026-08-30_12-22-08-610689_adaptiveTTL,adaptiveTTL,burst-load,1788092552.611000,24.000311,l1_hits,all,208
2026-08-30_12-22-08-610689_adaptiveTTL,adaptiveTTL,burst-load,1788092553.611000,25.000311,l1_hits,all,214
2026-08-30_12-22-08-610689_adaptiveTTL,adaptiveTTL,burst-load,1788092554.611000,26.000311,l1_hits,all,219
2026-08-30_12-22-08-610689_adaptiveTTL,adaptiveTTL,burst-load,1788092555.611000,27.000311,l1_hits,all,224
2026-08-30_12-22-08-610689_adaptiveTTL,adaptiveTTL,burst-load,1788092556.611000,28.000311,l1_hits,all,239
2026-08-30_12-22-08-610689_adaptiveTTL,adaptiveTTL,burst-load,1788092557.611000,29.000311,l1_hits,all,248
2026-08-30_12-22-08-610689_adaptiveTTL,adaptiveTTL,burst-load,1788092558.611000,30.000311,l1_hits,all,260
2026-08-30_12-22-08-610689_adaptiveTTL,adaptiveTTL,burst-load,1788092559.611000,31.000311,l1_hits,all,264
2026-08-30_12-22-08-610689_adaptiveTTL,adaptiveTTL,burst-load,1788092560.611000,32.000311,l1_hits,all,335
2026-08-30_12-22-08-610689_adaptiveTTL,adaptiveTTL,burst-load,1788092561.611000,33.000311,l1_hits,all,448
2026-08-30_12-22-08-610689_adaptiveTTL,adaptiveTTL,burst-load,1788092562.611000,34.000311,l1_hits,all,564
2026-08-30_12-22-08-610689_adaptiveTTL,adaptiveTTL,burst-load,1788092563.611000,35.000311,l1_hits,all,687
2026-08-30_12-22-08-610689_adaptiveTTL,adaptiveTTL,burst-load,1788092564.611000,36.000311,l1_hits,all,808
2026-08-30_12-22-08-610689_adaptiveTTL,adaptiveTTL,burst-load,1788092565.611000,37.000311,l1_hits,all,929
2026-08-30_12-22-08-610689_adaptiveTTL,adaptiveTTL,burst-load,1788092566.611000,38.000311,l1_hits,all,1050
2026-08-30_12-22-08-610689_adaptiveTTL,adaptiveTTL,burst-load,1788092567.611000,39.000311,l1_hits,all,1175
2026-08-30_12-22-08-610689_adaptiveTTL,adaptiveTTL,burst-load,1788092568.611000,40.000311,l1_hits,all,1306
2026-08-30_12-22-08-610689_adaptiveTTL,adaptiveTTL,burst-load,1788092569.611000,41.000311,l1_hits,all,1438
2026-08-30_12-22-08-610689_adaptiveTTL,adaptiveTTL,burst-load,1788092570.611000,42.000311,l1_hits,all,1566
2026-08-30_12-22-08-610689_adaptiveTTL,adaptiveTTL,burst-load,1788092571.611000,43.000311,l1_hits,all,1689
2026-08-30_12-22-08-610689_adaptiveTTL,adaptiveTTL,burst-load,1788092572.611000,44.000311,l1_hits,all,1815
2026-08-30_12-22-08-610689_adaptiveTTL,adaptiveTTL,burst-load,1788092573.611000,45.000311,l1_hits,all,1942
2026-08-30_12-22-08-610689_adaptiveTTL,adaptiveTTL,burst-load,1788092574.611000,46.000311,l1_hits,all,2070
2026-08-30_12-22-08-610689_adaptiveTTL,adaptiveTTL,burst-load,1788092575.611000,47.000311,l1_hits,all,2199
2026-08-30_12-22-08-610689_adaptiveTTL,adaptiveTTL,burst-load,1788092576.611000,48.000311,l1_hits,all,2312
2026-08-30_12-22-08-610689_adaptiveTTL,adaptiveTTL,burst-load,1788092577.611000,49.000311,l1_hits,all,2435
2026-08-30_12-22-08-610689_adaptiveTTL,adaptiveTTL,burst-load,1788092578.611000,50.000311,l1_hits,all,2562
2026-08-30_12-22-08-610689_adaptiveTTL,adaptiveTTL,burst-load,1788092579.611000,51.000311,l1_hits,all,2700
2026-08-30_12-22-08-610689_adaptiveTTL,adaptiveTTL,burst-load,1788092580.611000,52.000311,l1_hits,all,2840
2026-08-30_12-22-08-610689_adaptiveTTL,adaptiveTTL,burst-load,1788092581.611000,53.000311,l1_hits,all,2961
2026-08-30_12-22-08-610689_adaptiveTTL,adaptiveTTL,burst-load,1788092582.611000,54.000311,l1_hits,all,3091
2026-08-30_12-22-08-610689_adaptiveTTL,adaptiveTTL,burst-load,1788092583.611000,55.000311,l1_hits,all,3218
2026-08-30_12-22-08-610689_adaptiveTTL,adaptiveTTL,burst-load,1788092584.611000,56.000311,l1_hits,all,3348
2026-08-30_12-22-08-610689_adaptiveTTL,adaptiveTTL,burst-load,1788092585.611000,57.000311,l1_hits,all,3481
2026-08-30_12-22-08-610689_adaptiveTTL,adaptiveTTL,burst-load,1788092586.611000,58.000311,l1_hits,all,3618
2026-08-30_12-22-08-610689_adaptiveTTL,adaptiveTTL,burst-load,1788092587.611000,59.000311,l1_hits,all,3737
2026-08-30_12-22-08-610689_adaptiveTTL,adaptiveTTL,burst-load,1788092588.611000,60.000311,l1_hits,all,3858
2026-08-30_12-22-08-610689_adaptiveTTL,adaptiveTTL,burst-load,1788092589.611000,61.000311,l1_hits,all,3984
2026-08-30_12-22-08-610689_adaptiveTTL,adaptiveTTL,burst-load,1788092590.611000,62.000311,l1_hits,all,4112
2026-08-30_12-22-08-610689_adaptiveTTL,adaptiveTTL,burst-load,1788092591.611000,63.000311,l1_hits,all,4222
2026-08-30_12-22-08-610689_adaptiveTTL,adaptiveTTL,burst-load,1788092592.611000,64.000311,l1_hits,all,4351
2026-08-30_12-22-08-610689_adaptiveTTL,adaptiveTTL,burst-load,1788092593.611000,65.000311,l1_hits,all,4484
2026-08-30_12-22-08-610689_adaptiveTTL,adaptiveTTL,burst-load,1788092594.611000,66.000311,l1_hits,all,4609
2026-08-30_12-22-08-610689_adaptiveTTL,adaptiveTTL,burst-load,1788092595.611000,67.000311,l1_hits,all,4736
2026-08-30_12-22-08-610689_adaptiveTTL,adaptiveTTL,burst-load,1788092596.611000,68.000311,l1_hits,all,4864
2026-08-30_12-22-08-610689_adaptiveTTL,adaptiveTTL,burst-load,1788092597.611000,69.000311,l1_hits,all,4990
2026-08-30_12-22-08-610689_adaptiveTTL,adaptiveTTL,burst-load,1788092598.611000,70.000311,l1_hits,all,5122
2026-08-30_12-22-08-610689_adaptiveTTL,adaptiveTTL,burst-load,1788092599.611000,71.000311,l1_hits,all,5240
2026-08-30_12-22-08-610689_adaptiveTTL,adaptiveTTL,burst-load,1788092600.611000,72.000311,l1_hits,all,5360
2026-08-30_12-22-08-610689_adaptiveTTL,adaptiveTTL,burst-load,1788092601.611000,73.000311,l1_hits,all,5492
2026-08-30_12-22-08-610689_adaptiveTTL,adaptiveTTL,burst-load,1788092602.611000,74.000311,l1_hits,all,5618
2026-08-30_12-22-08-610689_adaptiveTTL,adaptiveTTL,burst-load,1788092603.611000,75.000311,l1_hits,all,5746
2026-08-30_12-22-08-610689_adaptiveTTL,adaptiveTTL,burst-load,1788092604.611000,76.000311,l1_hits,all,5876
2026-08-30_12-22-08-610689_adaptiveTTL,adaptiveTTL,burst-load,1788092605.611000,77.000311,l1_hits,all,5998
2026-08-30_12-22-08-610689_adaptiveTTL,adaptiveTTL,burst-load,1788092606.611000,78.000311,l1_hits,all,6064
2026-08-30_12-22-08-610689_adaptiveTTL,adaptiveTTL,burst-load,1788092607.611000,79.000311,l1_hits,all,6080
2026-08-30_12-22-08-610689_adaptiveTTL,adaptiveTTL,burst-load,1788092608.611000,80.000311,l1_hits,all,6096
2026-08-30_12-22-08-610689_adaptiveTTL,adaptiveTTL,burst-load,1788092609.611000,81.000311,l1_hits,all,6105
2026-08-30_12-22-08-610689_adaptiveTTL,adaptiveTTL,burst-load,1788092610.611000,82.000311,l1_hits,all,6116
2026-08-30_12-22-08-610689_adaptiveTTL,adaptiveTTL,burst-load,1788092611.611000,83.000311,l1_hits,all,6126
2026-08-30_12-22-08-610689_adaptiveTTL,adaptiveTTL,burst-load,1788092612.611000,84.000311,l1_hits,all,6140
2026-08-30_12-22-08-610689_adaptiveTTL,adaptiveTTL,burst-load,1788092613.611000,85.000311,l1_hits,all,6149
2026-08-30_12-22-08-610689_adaptiveTTL,adaptiveTTL,burst-load,1788092614.611000,86.000311,l1_hits,all,6161
2026-08-30_12-22-08-610689_adaptiveTTL,adaptiveTTL,burst-load,1788092615.611000,87.000311,l1_hits,all,6174
2026-08-30_12-22-08-610689_adaptiveTTL,adaptiveTTL,burst-load,1788092616.611000,88.000311,l1_hits,all,6184
2026-08-30_12-22-08-610689_adaptiveTTL,adaptiveTTL,burst-load,1788092617.611000,89.000311,l1_hits,all,6194
2026-08-30_12-22-08-610689_adaptiveTTL,adaptiveTTL,burst-load,1788092618.611000,90.000311,l1_hits,all,6204
2026-08-30_12-22-08-610689_adaptiveTTL,adaptiveTTL,burst-load,1788092619.611000,91.000311,l1_hits,all,6217
2026-08-30_12-22-08-610689_adaptiveTTL,adaptiveTTL,burst-load,1788092620.611000,92.000311,l1_hits,all,6230
2026-08-30_12-22-08-610689_adaptiveTTL,adaptiveTTL,burst-load,1788092621.611000,93.000311,l1_hits,all,6244
2026-08-30_12-22-08-610689_adaptiveTTL,adaptiveTTL,burst-load,1788092622.611000,94.000311,l1_hits,all,6253
2026-08-30_12-22-08-610689_adaptiveTTL,adaptiveTTL,burst-load,1788092623.611000,95.000311,l1_hits,all,6263
2026-08-30_12-22-08-610689_adaptiveTTL,adaptiveTTL,burst-load,1788092624.611000,96.000311,l1_hits,all,6277
2026-08-30_12-22-08-610689_adaptiveTTL,adaptiveTTL,burst-load,1788092625.611000,97.000311,l1_hits,all,6287
2026-08-30_12-22-08-610689_adaptiveTTL,adaptiveTTL,burst-load,1788092626.611000,98.000311,l1_hits,all,6295
2026-08-30_12-22-08-610689_adaptiveTTL,adaptiveTTL,burst-load,1788092627.611000,99.000311,l1_hits,all,6307
2026-08-30_12-22-08-610689_adaptiveTTL,adaptiveTTL,burst-load,1788092628.611000,100.000311,l1_hits,all,6316
2026-08-30_12-22-08-610689_adaptiveTTL,adaptiveTTL,burst-load,1788092629.611000,101.000311,l1_hits,all,6330
2026-08-30_12-22-08-610689_adaptiveTTL,adaptiveTTL,burst-load,1788092630.611000,102.000311,l1_hits,all,6345
2026-08-30_12-22-08-610689_adaptiveTTL,adaptiveTTL,burst-load,1788092631.611000,103.000311,l1_hits,all,6355
2026-08-30_12-22-08-610689_adaptiveTTL,adaptiveTTL,burst-load,1788092632.611000,104.000311,l1_hits,all,6370
2026-08-30_12-22-08-610689_adaptiveTTL,adaptiveTTL,burst-load,1788092633.611000,105.000311,l1_hits,all,6379
2026-08-30_12-22-08-610689_adaptiveTTL,adaptiveTTL,burst-load,1788092634.611000,106.000311,l1_hits,all,6394
2026-08-30_12-22-08-610689_adaptiveTTL,adaptiveTTL,burst-load,1788092635.611000,107.000311,l1_hits,all,6406
2026-08-30_12-22-08-610689_adaptiveTTL,adaptiveTTL,burst-load,1788092636.611000,108.000311,l1_hits,all,6413
2026-08-30_12-22-08-610689_adaptiveTTL,adaptiveTTL,burst-load,1788092637.611000,109.000311,l1_hits,all,6426
2026-08-30_12-22-08-610689_adaptiveTTL,adaptiveTTL,burst-load,1788092638.611000,110.000311,l1_hits,all,6435
2026-08-30_12-22-08-610689_adaptiveTTL,adaptiveTTL,burst-load,1788092639.611000,111.000311,l1_hits,all,6445
2026-08-30_12-22-08-610689_adaptiveTTL,adaptiveTTL,burst-load,1788092640.611000,112.000311,l1_hits,all,6452
2026-08-30_12-22-08-610689_adaptiveTTL,adaptiveTTL,burst-load,1788092641.611000,113.000311,l1_hits,all,6463
2026-08-30_12-22-08-610689_adaptiveTTL,adaptiveTTL,burst-load,1788092642.611000,114.000311,l1_hits,all,6473
2026-08-30_12-22-08-610689_adaptiveTTL,adaptiveTTL,burst-load,1788092643.611000,115.000311,l1_hits,all,6486
2026-08-30_12-22-08-610689_adaptiveTTL,adaptiveTTL,burst-load,1788092644.611000,116.000311,l1_hits,all,6495
2026-08-30_12-22-08-610689_adaptiveTTL,adaptiveTTL,burst-load,1788092645.611000,117.000311,l1_hits,all,6507
2026-08-30_12-22-08-610689_adaptiveTTL,adaptiveTTL,burst-load,1788092646.611000,118.000311,l1_hits,all,6516
2026-08-30_12-22-08-610689_adaptiveTTL,adaptiveTTL,burst-load,1788092647.611000,119.000311,l1_hits,all,6524
2026-08-30_12-22-08-610689_adaptiveTTL,adaptiveTTL,burst-load,1788092648.611000,120.000311,l1_hits,all,6530
2026-08-30_12-22-08-610689_adaptiveTTL,adaptiveTTL,burst-load,1788092649.611000,121.000311,l1_hits,all,6536
2026-08-30_12-22-08-610689_adaptiveTTL,adaptiveTTL,burst-load,1788092650.611000,122.000311,l1_hits,all,6542
2026-08-30_12-22-08-610689_adaptiveTTL,adaptiveTTL,burst-load,1788092528.611000,0.000311,l2_hits,all,0
2026-08-30_12-22-08-610689_adaptiveTTL,adaptiveTTL,burst-load,1788092529.611000,1.000311,l2_hits,all,0
2026-08-30_12-22-08-610689_adaptiveTTL,adaptiveTTL,burst-load,1788092530.611000,2.000311,l2_hits,all,2
2026-08-30_12-22-08-610689_adaptiveTTL,adaptiveTTL,burst-load,1788092531.611000,3.000311,l2_hits,all,2
2026-08-30_12-22-08-610689_adaptiveTTL,adaptiveTTL,burst-load,1788092532.611000,4.000311,l2_hits,all,5
2026-08-30_12-22-08-610689_adaptiveTTL,adaptiveTTL,burst-load,1788092533.611000,5.000311,l2_hits,all,9
2026-08-30_12-22-08-610689_adaptiveTTL,adaptiveTTL,burst-load,1788092534.611000,6.000311,l2_hits,all,10
2026-08-30_12-22-08-610689_adaptiveTTL,adaptiveTTL,burst-load,1788092535.611000,7.000311,l2_hits,all,17
2026-08-30_12-22-08-610689_adaptiveTTL,adaptiveTTL,burst-load,1788092536.611000,8.000311,l2_hits,all,24
2026-08-30_12-22-08-610689_adaptiveTTL,adaptiveTTL,burst-load,1788092537.611000,9.000311,l2_hits,all,31
2026-08-30_12-22-08-610689_adaptiveTTL,adaptiveTTL,burst-load,1788092538.611000,10.000311,l2_hits,all,36
2026-08-30_12-22-08-610689_adaptiveTTL,adaptiveTTL,burst-load,1788092539.611000,11.000311,l2_hits,all,43
2026-08-30_12-22-08-610689_adaptiveTTL,adaptiveTTL,burst-load,1788092540.611000,12.000311,l2_hits,all,48
2026-08-30_12-22-08-610689_adaptiveTTL,adaptiveTTL,burst-load,1788092541.611000,13.000311,l2_hits,all,56
2026-08-30_12-22-08-610689_adaptiveTTL,adaptiveTTL,burst-load,1788092542.611000,14.000311,l2_hits,all,68
2026-08-30_12-22-08-610689_adaptiveTTL,adaptiveTTL,burst-load,1788092543.611000,15.000311,l2_hits,all,72
2026-08-30_12-22-08-610689_adaptiveTTL,adaptiveTTL,burst-load,1788092544.611000,16.000311,l2_hits,all,81
2026-08-30_12-22-08-610689_adaptiveTTL,adaptiveTTL,burst-load,1788092545.611000,17.000311,l2_hits,all,85
2026-08-30_12-22-08-610689_adaptiveTTL,adaptiveTTL,burst-load,1788092546.611000,18.000311,l2_hits,all,88
2026-08-30_12-22-08-610689_adaptiveTTL,adaptiveTTL,burst-load,1788092547.611000,19.000311,l2_hits,all,91
2026-08-30_12-22-08-610689_adaptiveTTL,adaptiveTTL,burst-load,1788092548.611000,20.000311,l2_hits,all,101
2026-08-30_12-22-08-610689_adaptiveTTL,adaptiveTTL,burst-load,1788092549.611000,21.000311,l2_hits,all,107
2026-08-30_12-22-08-610689_adaptiveTTL,adaptiveTTL,burst-load,1788092550.611000,22.000311,l2_hits,all,110
2026-08-30_12-22-08-610689_adaptiveTTL,adaptiveTTL,burst-load,1788092551.611000,23.000311,l2_hits,all,117
2026-08-30_12-22-08-610689_adaptiveTTL,adaptiveTTL,burst-load,1788092552.611000,24.000311,l2_hits,all,122
2026-08-30_12-22-08-610689_adaptiveTTL,adaptiveTTL,burst-load,1788092553.611000,25.000311,l2_hits,all,131
2026-08-30_12-22-08-610689_adaptiveTTL,adaptiveTTL,burst-load,1788092554.611000,26.000311,l2_hits,all,142
2026-08-30_12-22-08-610689_adaptiveTTL,adaptiveTTL,burst-load,1788092555.611000,27.000311,l2_hits,all,150
2026-08-30_12-22-08-610689_adaptiveTTL,adaptiveTTL,burst-load,1788092556.611000,28.000311,l2_hits,all,153
2026-08-30_12-22-08-610689_adaptiveTTL,adaptiveTTL,burst-load,1788092557.611000,29.000311,l2_hits,all,161
2026-08-30_12-22-08-610689_adaptiveTTL,adaptiveTTL,burst-load,1788092558.611000,30.000311,l2_hits,all,167
2026-08-30_12-22-08-610689_adaptiveTTL,adaptiveTTL,burst-load,1788092559.611000,31.000311,l2_hits,all,182
2026-08-30_12-22-08-610689_adaptiveTTL,adaptiveTTL,burst-load,1788092560.611000,32.000311,l2_hits,all,208
2026-08-30_12-22-08-610689_adaptiveTTL,adaptiveTTL,burst-load,1788092561.611000,33.000311,l2_hits,all,247
2026-08-30_12-22-08-610689_adaptiveTTL,adaptiveTTL,burst-load,1788092562.611000,34.000311,l2_hits,all,284
2026-08-30_12-22-08-610689_adaptiveTTL,adaptiveTTL,burst-load,1788092563.611000,35.000311,l2_hits,all,321
2026-08-30_12-22-08-610689_adaptiveTTL,adaptiveTTL,burst-load,1788092564.611000,36.000311,l2_hits,all,366
2026-08-30_12-22-08-610689_adaptiveTTL,adaptiveTTL,burst-load,1788092565.611000,37.000311,l2_hits,all,415
2026-08-30_12-22-08-610689_adaptiveTTL,adaptiveTTL,burst-load,1788092566.611000,38.000311,l2_hits,all,462
2026-08-30_12-22-08-610689_adaptiveTTL,adaptiveTTL,burst-load,1788092567.611000,39.000311,l2_hits,all,512
2026-08-30_12-22-08-610689_adaptiveTTL,adaptiveTTL,burst-load,1788092568.611000,40.000311,l2_hits,all,558
2026-08-30_12-22-08-610689_adaptiveTTL,adaptiveTTL,burst-load,1788092569.611000,41.000311,l2_hits,all,599
2026-08-30_12-22-08-610689_adaptiveTTL,adaptiveTTL,burst-load,1788092570.611000,42.000311,l2_hits,all,650
2026-08-30_12-22-08-610689_adaptiveTTL,adaptiveTTL,burst-load,1788092571.611000,43.000311,l2_hits,all,699
2026-08-30_12-22-08-610689_adaptiveTTL,adaptiveTTL,burst-load,1788092572.611000,44.000311,l2_hits,all,747
2026-08-30_12-22-08-610689_adaptiveTTL,adaptiveTTL,burst-load,1788092573.611000,45.000311,l2_hits,all,784
2026-08-30_12-22-08-610689_adaptiveTTL,adaptiveTTL,burst-load,1788092574.611000,46.000311,l2_hits,all,825
2026-08-30_12-22-08-610689_adaptiveTTL,adaptiveTTL,burst-load,1788092575.611000,47.000311,l2_hits,all,866
2026-08-30_12-22-08-610689_adaptiveTTL,adaptiveTTL,burst-load,1788092576.611000,48.000311,l2_hits,all,922
2026-08-30_12-22-08-610689_adaptiveTTL,adaptiveTTL,burst-load,1788092577.611000,49.000311,l2_hits,all,960
2026-08-30_12-22-08-610689_adaptiveTTL,adaptiveTTL,burst-load,1788092578.611000,50.000311,l2_hits,all,1007
2026-08-30_12-22-08-610689_adaptiveTTL,adaptiveTTL,burst-load,1788092579.611000,51.000311,l2_hits,all,1043
2026-08-30_12-22-08-610689_adaptiveTTL,adaptiveTTL,burst-load,1788092580.611000,52.000311,l2_hits,all,1074
2026-08-30_12-22-08-610689_adaptiveTTL,adaptiveTTL,burst-load,1788092581.611000,53.000311,l2_hits,all,1127
2026-08-30_12-22-08-610689_adaptiveTTL,adaptiveTTL,burst-load,1788092582.611000,54.000311,l2_hits,all,1168
2026-08-30_12-22-08-610689_adaptiveTTL,adaptiveTTL,burst-load,1788092583.611000,55.000311,l2_hits,all,1218
2026-08-30_12-22-08-610689_adaptiveTTL,adaptiveTTL,burst-load,1788092584.611000,56.000311,l2_hits,all,1263
2026-08-30_12-22-08-610689_adaptiveTTL,adaptiveTTL,burst-load,1788092585.611000,57.000311,l2_hits,all,1308
2026-08-30_12-22-08-610689_adaptiveTTL,adaptiveTTL,burst-load,1788092586.611000,58.000311,l2_hits,all,1346
2026-08-30_12-22-08-610689_adaptiveTTL,adaptiveTTL,burst-load,1788092587.611000,59.000311,l2_hits,all,1406
2026-08-30_12-22-08-610689_adaptiveTTL,adaptiveTTL,burst-load,1788092588.611000,60.000311,l2_hits,all,1465
2026-08-30_12-22-08-610689_adaptiveTTL,adaptiveTTL,burst-load,1788092589.611000,61.000311,l2_hits,all,1513
2026-08-30_12-22-08-610689_adaptiveTTL,adaptiveTTL,burst-load,1788092590.611000,62.000311,l2_hits,all,1564
2026-08-30_12-22-08-610689_adaptiveTTL,adaptiveTTL,burst-load,1788092591.611000,63.000311,l2_hits,all,1632
2026-08-30_12-22-08-610689_adaptiveTTL,adaptiveTTL,burst-load,1788092592.611000,64.000311,l2_hits,all,1680
2026-08-30_12-22-08-610689_adaptiveTTL,adaptiveTTL,burst-load,1788092593.611000,65.000311,l2_hits,all,1726
2026-08-30_12-22-08-610689_adaptiveTTL,adaptiveTTL,burst-load,1788092594.611000,66.000311,l2_hits,all,1779
2026-08-30_12-22-08-610689_adaptiveTTL,adaptiveTTL,burst-load,1788092595.611000,67.000311,l2_hits,all,1831
2026-08-30_12-22-08-610689_adaptiveTTL,adaptiveTTL,burst-load,1788092596.611000,68.000311,l2_hits,all,1883
2026-08-30_12-22-08-610689_adaptiveTTL,adaptiveTTL,burst-load,1788092597.611000,69.000311,l2_hits,all,1930
2026-08-30_12-22-08-610689_adaptiveTTL,adaptiveTTL,burst-load,1788092598.611000,70.000311,l2_hits,all,1973
2026-08-30_12-22-08-610689_adaptiveTTL,adaptiveTTL,burst-load,1788092599.611000,71.000311,l2_hits,all,2027
2026-08-30_12-22-08-610689_adaptiveTTL,adaptiveTTL,burst-load,1788092600.611000,72.000311,l2_hits,all,2078
2026-08-30_12-22-08-610689_adaptiveTTL,adaptiveTTL,burst-load,1788092601.611000,73.000311,l2_hits,all,2121
2026-08-30_12-22-08-610689_adaptiveTTL,adaptiveTTL,burst-load,1788092602.611000,74.000311,l2_hits,all,2169
2026-08-30_12-22-08-610689_adaptiveTTL,adaptiveTTL,burst-load,1788092603.611000,75.000311,l2_hits,all,2215
2026-08-30_12-22-08-610689_adaptiveTTL,adaptiveTTL,burst-load,1788092604.611000,76.000311,l2_hits,all,2263
2026-08-30_12-22-08-610689_adaptiveTTL,adaptiveTTL,burst-load,1788092605.611000,77.000311,l2_hits,all,2306
2026-08-30_12-22-08-610689_adaptiveTTL,adaptiveTTL,burst-load,1788092606.611000,78.000311,l2_hits,all,2330
2026-08-30_12-22-08-610689_adaptiveTTL,adaptiveTTL,burst-load,1788092607.611000,79.000311,l2_hits,all,2334
2026-08-30_12-22-08-610689_adaptiveTTL,adaptiveTTL,burst-load,1788092608.611000,80.000311,l2_hits,all,2338
2026-08-30_12-22-08-610689_adaptiveTTL,adaptiveTTL,burst-load,1788092609.611000,81.000311,l2_hits,all,2347
2026-08-30_12-22-08-610689_adaptiveTTL,adaptiveTTL,burst-load,1788092610.611000,82.000311,l2_hits,all,2353
2026-08-30_12-22-08-610689_adaptiveTTL,adaptiveTTL,burst-load,1788092611.611000,83.000311,l2_hits,all,2361
2026-08-30_12-22-08-610689_adaptiveTTL,adaptiveTTL,burst-load,1788092612.611000,84.000311,l2_hits,all,2365
2026-08-30_12-22-08-610689_adaptiveTTL,adaptiveTTL,burst-load,1788092613.611000,85.000311,l2_hits,all,2373
2026-08-30_12-22-08-610689_adaptiveTTL,adaptiveTTL,burst-load,1788092614.611000,86.000311,l2_hits,all,2380
2026-08-30_12-22-08-610689_adaptiveTTL,adaptiveTTL,burst-load,1788092615.611000,87.000311,l2_hits,all,2387
2026-08-30_12-22-08-610689_adaptiveTTL,adaptiveTTL,burst-load,1788092616.611000,88.000311,l2_hits,all,2395
2026-08-30_12-22-08-610689_adaptiveTTL,adaptiveTTL,burst-load,1788092617.611000,89.000311,l2_hits,all,2401
2026-08-30_12-22-08-610689_adaptiveTTL,adaptiveTTL,burst-load,1788092618.611000,90.000311,l2_hits,all,2408
2026-08-30_12-22-08-610689_adaptiveTTL,adaptiveTTL,burst-load,1788092619.611000,91.000311,l2_hits,all,2414
2026-08-30_12-22-08-610689_adaptiveTTL,adaptiveTTL,burst-load,1788092620.611000,92.000311,l2_hits,all,2420
2026-08-30_12-22-08-610689_adaptiveTTL,adaptiveTTL,burst-load,1788092621.611000,93.000311,l2_hits,all,2424
2026-08-30_12-22-08-610689_adaptiveTTL,adaptiveTTL,burst-load,1788092622.611000,94.000311,l2_hits,all,2432
2026-08-30_12-22-08-610689_adaptiveTTL,adaptiveTTL,burst-load,1788092623.611000,95.000311,l2_hits,all,2438
2026-08-30_12-22-08-610689_adaptiveTTL,adaptiveTTL,burst-load,1788092624.611000,96.000311,l2_hits,all,2444
2026-08-30_12-22-08-610689_adaptiveTTL,adaptiveTTL,burst-load,1788092625.611000,97.000311,l2_hits,all,2452
2026-08-30_12-22-08-610689_adaptiveTTL,adaptiveTTL,burst-load,1788092626.611000,98.000311,l2_hits,all,2460
2026-08-30_12-22-08-610689_adaptiveTTL,adaptiveTTL,burst-load,1788092627.611000,99.000311,l2_hits,all,2466
2026-08-30_12-22-08-610689_adaptiveTTL,adaptiveTTL,burst-load,1788092628.611000,100.000311,l2_hits,all,2475
2026-08-30_12-22-08-610689_adaptiveTTL,adaptiveTTL,burst-load,1788092629.611000,101.000311,l2_hits,all,2481
2026-08-30_12-22-08-610689_adaptiveTTL,adaptiveTTL,burst-load,1788092630.611000,102.000311,l2_hits,all,2483
2026-08-30_12-22-08-610689_adaptiveTTL,adaptiveTTL,burst-load,1788092631.611000,103.000311,l2_hits,all,2490
2026-08-30_12-22-08-610689_adaptiveTTL,adaptiveTTL,burst-load,1788092632.611000,104.000311,l2_hits,all,2494
2026-08-30_12-22-08-610689_adaptiveTTL,adaptiveTTL,burst-load,1788092633.611000,105.000311,l2_hits,all,2503
2026-08-30_12-22-08-610689_adaptiveTTL,adaptiveTTL,burst-load,1788092634.611000,106.000311,l2_hits,all,2506
2026-08-30_12-22-08-610689_adaptiveTTL,adaptiveTTL,burst-load,1788092635.611000,107.000311,l2_hits,all,2509
2026-08-30_12-22-08-610689_adaptiveTTL,adaptiveTTL,burst-load,1788092636.611000,108.000311,l2_hits,all,2514
2026-08-30_12-22-08-610689_adaptiveTTL,adaptiveTTL,burst-load,1788092637.611000,109.000311,l2_hits,all,2518
2026-08-30_12-22-08-610689_adaptiveTTL,adaptiveTTL,burst-load,1788092638.611000,110.000311,l2_hits,all,2524
2026-08-30_12-22-08-610689_adaptiveTTL,adaptiveTTL,burst-load,1788092639.611000,111.000311,l2_hits,all,2529
2026-08-30_12-22-08-610689_adaptiveTTL,adaptiveTTL,burst-load,1788092640.611000,112.000311,l2_hits,all,2538
2026-08-30_12-22-08-610689_adaptiveTTL,adaptiveTTL,burst-load,1788092641.611000,113.000311,l2_hits,all,2543
2026-08-30_12-22-08-610689_adaptiveTTL,adaptiveTTL,burst-load,1788092642.611000,114.000311,l2_hits,all,2550
2026-08-30_12-22-08-610689_adaptiveTTL,adaptiveTTL,burst-load,1788092643.611000,115.000311,l2_hits,all,2554
2026-08-30_12-22-08-610689_adaptiveTTL,adaptiveTTL,burst-load,1788092644.611000,116.000311,l2_hits,all,2563
2026-08-30_12-22-08-610689_adaptiveTTL,adaptiveTTL,burst-load,1788092645.611000,117.000311,l2_hits,all,2567
2026-08-30_12-22-08-610689_adaptiveTTL,adaptiveTTL,burst-load,1788092646.611000,118.000311,l2_hits,all,2577
2026-08-30_12-22-08-610689_adaptiveTTL,adaptiveTTL,burst-load,1788092647.611000,119.000311,l2_hits,all,2588
2026-08-30_12-22-08-610689_adaptiveTTL,adaptiveTTL,burst-load,1788092648.611000,120.000311,l2_hits,all,2599
2026-08-30_12-22-08-610689_adaptiveTTL,adaptiveTTL,burst-load,1788092649.611000,121.000311,l2_hits,all,2609
2026-08-30_12-22-08-610689_adaptiveTTL,adaptiveTTL,burst-load,1788092650.611000,122.000311,l2_hits,all,2620
2026-08-30_12-22-08-610689_adaptiveTTL,adaptiveTTL,burst-load,1788092528.611000,0.000311,backend_calls,all,0
2026-08-30_12-22-08-610689_adaptiveTTL,adaptiveTTL,burst-load,1788092529.611000,1.000311,backend_calls,all,0
2026-08-30_12-22-08-610689_adaptiveTTL,adaptiveTTL,burst-load,1788092530.611000,2.000311,backend_calls,all,18
2026-08-30_12-22-08-610689_adaptiveTTL,adaptiveTTL,burst-load,1788092531.611000,3.000311,backend_calls,all,28
2026-08-30_12-22-08-610689_adaptiveTTL,adaptiveTTL,burst-load,1788092532.611000,4.000311,backend_calls,all,35
2026-08-30_12-22-08-610689_adaptiveTTL,adaptiveTTL,burst-load,1788092533.611000,5.000311,backend_calls,all,43
2026-08-30_12-22-08-610689_adaptiveTTL,adaptiveTTL,burst-load,1788092534.611000,6.000311,backend_calls,all,51
2026-08-30_12-22-08-610689_adaptiveTTL,adaptiveTTL,burst-load,1788092535.611000,7.000311,backend_calls,all,57
2026-08-30_12-22-08-610689_adaptiveTTL,adaptiveTTL,burst-load,1788092536.611000,8.000311,backend_calls,all,62
2026-08-30_12-22-08-610689_adaptiveTTL,adaptiveTTL,burst-load,1788092537.611000,9.000311,backend_calls,all,65
2026-08-30_12-22-08-610689_adaptiveTTL,adaptiveTTL,burst-load,1788092538.611000,10.000311,backend_calls,all,71
2026-08-30_12-22-08-610689_adaptiveTTL,adaptiveTTL,burst-load,1788092539.611000,11.000311,backend_calls,all,74
2026-08-30_12-22-08-610689_adaptiveTTL,adaptiveTTL,burst-load,1788092540.611000,12.000311,backend_calls,all,76
2026-08-30_12-22-08-610689_adaptiveTTL,adaptiveTTL,burst-load,1788092541.611000,13.000311,backend_calls,all,80
2026-08-30_12-22-08-610689_adaptiveTTL,adaptiveTTL,burst-load,1788092542.611000,14.000311,backend_calls,all,81
2026-08-30_12-22-08-610689_adaptiveTTL,adaptiveTTL,burst-load,1788092543.611000,15.000311,backend_calls,all,84
2026-08-30_12-22-08-610689_adaptiveTTL,adaptiveTTL,burst-load,1788092544.611000,16.000311,backend_calls,all,86
2026-08-30_12-22-08-610689_adaptiveTTL,adaptiveTTL,burst-load,1788092545.611000,17.000311,backend_calls,all,88
2026-08-30_12-22-08-610689_adaptiveTTL,adaptiveTTL,burst-load,1788092546.611000,18.000311,backend_calls,all,98
2026-08-30_12-22-08-610689_adaptiveTTL,adaptiveTTL,burst-load,1788092547.611000,19.000311,backend_calls,all,107
2026-08-30_12-22-08-610689_adaptiveTTL,adaptiveTTL,burst-load,1788092548.611000,20.000311,backend_calls,all,111
2026-08-30_12-22-08-610689_adaptiveTTL,adaptiveTTL,burst-load,1788092549.611000,21.000311,backend_calls,all,112
2026-08-30_12-22-08-610689_adaptiveTTL,adaptiveTTL,burst-load,1788092550.611000,22.000311,backend_calls,all,116
2026-08-30_12-22-08-610689_adaptiveTTL,adaptiveTTL,burst-load,1788092551.611000,23.000311,backend_calls,all,122
2026-08-30_12-22-08-610689_adaptiveTTL,adaptiveTTL,burst-load,1788092552.611000,24.000311,backend_calls,all,130
2026-08-30_12-22-08-610689_adaptiveTTL,adaptiveTTL,burst-load,1788092553.611000,25.000311,backend_calls,all,135
2026-08-30_12-22-08-610689_adaptiveTTL,adaptiveTTL,burst-load,1788092554.611000,26.000311,backend_calls,all,140
2026-08-30_12-22-08-610689_adaptiveTTL,adaptiveTTL,burst-load,1788092555.611000,27.000311,backend_calls,all,145
2026-08-30_12-22-08-610689_adaptiveTTL,adaptiveTTL,burst-load,1788092556.611000,28.000311,backend_calls,all,148
2026-08-30_12-22-08-610689_adaptiveTTL,adaptiveTTL,burst-load,1788092557.611000,29.000311,backend_calls,all,151
2026-08-30_12-22-08-610689_adaptiveTTL,adaptiveTTL,burst-load,1788092558.611000,30.000311,backend_calls,all,154
2026-08-30_12-22-08-610689_adaptiveTTL,adaptiveTTL,burst-load,1788092559.611000,31.000311,backend_calls,all,158
2026-08-30_12-22-08-610689_adaptiveTTL,adaptiveTTL,burst-load,1788092560.611000,32.000311,backend_calls,all,170
2026-08-30_12-22-08-610689_adaptiveTTL,adaptiveTTL,burst-load,1788092561.611000,33.000311,backend_calls,all,191
2026-08-30_12-22-08-610689_adaptiveTTL,adaptiveTTL,burst-load,1788092562.611000,34.000311,backend_calls,all,223
2026-08-30_12-22-08-610689_adaptiveTTL,adaptiveTTL,burst-load,1788092563.611000,35.000311,backend_calls,all,244
2026-08-30_12-22-08-610689_adaptiveTTL,adaptiveTTL,burst-load,1788092564.611000,36.000311,backend_calls,all,258
2026-08-30_12-22-08-610689_adaptiveTTL,adaptiveTTL,burst-load,1788092565.611000,37.000311,backend_calls,all,270
2026-08-30_12-22-08-610689_adaptiveTTL,adaptiveTTL,burst-load,1788092566.611000,38.000311,backend_calls,all,279
2026-08-30_12-22-08-610689_adaptiveTTL,adaptiveTTL,burst-load,1788092567.611000,39.000311,backend_calls,all,286
2026-08-30_12-22-08-610689_adaptiveTTL,adaptiveTTL,burst-load,1788092568.611000,40.000311,backend_calls,all,291
2026-08-30_12-22-08-610689_adaptiveTTL,adaptiveTTL,burst-load,1788092569.611000,41.000311,backend_calls,all,297
2026-08-30_12-22-08-610689_adaptiveTTL,adaptiveTTL,burst-load,1788092570.611000,42.000311,backend_calls,all,297
2026-08-30_12-22-08-610689_adaptiveTTL,adaptiveTTL,burst-load,1788092571.611000,43.000311,backend_calls,all,305
2026-08-30_12-22-08-610689_adaptiveTTL,adaptiveTTL,burst-load,1788092572.611000,44.000311,backend_calls,all,311
2026-08-30_12-22-08-610689_adaptiveTTL,adaptiveTTL,burst-load,1788092573.611000,45.000311,backend_calls,all,326
2026-08-30_12-22-08-610689_adaptiveTTL,adaptiveTTL,burst-load,1788092574.611000,46.000311,backend_calls,all,337
2026-08-30_12-22-08-610689_adaptiveTTL,adaptiveTTL,burst-load,1788092575.611000,47.000311,backend_calls,all,347
2026-08-30_12-22-08-610689_adaptiveTTL,adaptiveTTL,burst-load,1788092576.611000,48.000311,backend_calls,all,358
2026-08-30_12-22-08-610689_adaptiveTTL,adaptiveTTL,burst-load,1788092577.611000,49.000311,backend_calls,all,378
2026-08-30_12-22-08-610689_adaptiveTTL,adaptiveTTL,burst-load,1788092578.611000,50.000311,backend_calls,all,385
2026-08-30_12-22-08-610689_adaptiveTTL,adaptiveTTL,burst-load,1788092579.611000,51.000311,backend_calls,all,389
2026-08-30_12-22-08-610689_adaptiveTTL,adaptiveTTL,burst-load,1788092580.611000,52.000311,backend_calls,all,401
2026-08-30_12-22-08-610689_adaptiveTTL,adaptiveTTL,burst-load,1788092581.611000,53.000311,backend_calls,all,409
2026-08-30_12-22-08-610689_adaptiveTTL,adaptiveTTL,burst-load,1788092582.611000,54.000311,backend_calls,all,416
2026-08-30_12-22-08-610689_adaptiveTTL,adaptiveTTL,burst-load,1788092583.611000,55.000311,backend_calls,all,417
2026-08-30_12-22-08-610689_adaptiveTTL,adaptiveTTL,burst-load,1788092584.611000,56.000311,backend_calls,all,422
2026-08-30_12-22-08-610689_adaptiveTTL,adaptiveTTL,burst-load,1788092585.611000,57.000311,backend_calls,all,424
2026-08-30_12-22-08-610689_adaptiveTTL,adaptiveTTL,burst-load,1788092586.611000,58.000311,backend_calls,all,430
2026-08-30_12-22-08-610689_adaptiveTTL,adaptiveTTL,burst-load,1788092587.611000,59.000311,backend_calls,all,431
2026-08-30_12-22-08-610689_adaptiveTTL,adaptiveTTL,burst-load,1788092588.611000,60.000311,backend_calls,all,431
2026-08-30_12-22-08-610689_adaptiveTTL,adaptiveTTL,burst-load,1788092589.611000,61.000311,backend_calls,all,437
2026-08-30_12-22-08-610689_adaptiveTTL,adaptiveTTL,burst-load,1788092590.611000,62.000311,backend_calls,all,439
2026-08-30_12-22-08-610689_adaptiveTTL,adaptiveTTL,burst-load,1788092591.611000,63.000311,backend_calls,all,440
2026-08-30_12-22-08-610689_adaptiveTTL,adaptiveTTL,burst-load,1788092592.611000,64.000311,backend_calls,all,442
2026-08-30_12-22-08-610689_adaptiveTTL,adaptiveTTL,burst-load,1788092593.611000,65.000311,backend_calls,all,444
2026-08-30_12-22-08-610689_adaptiveTTL,adaptiveTTL,burst-load,1788092594.611000,66.000311,backend_calls,all,446
2026-08-30_12-22-08-610689_adaptiveTTL,adaptiveTTL,burst-load,1788092595.611000,67.000311,backend_calls,all,447
2026-08-30_12-22-08-610689_adaptiveTTL,adaptiveTTL,burst-load,1788092596.611000,68.000311,backend_calls,all,447
2026-08-30_12-22-08-610689_adaptiveTTL,adaptiveTTL,burst-load,1788092597.611000,69.000311,backend_calls,all,453
2026-08-30_12-22-08-610689_adaptiveTTL,adaptiveTTL,burst-load,1788092598.611000,70.000311,backend_calls,all,458
2026-08-30_12-22-08-610689_adaptiveTTL,adaptiveTTL,burst-load,1788092599.611000,71.000311,backend_calls,all,464
2026-08-30_12-22-08-610689_adaptiveTTL,adaptiveTTL,burst-load,1788092600.611000,72.000311,backend_calls,all,475
2026-08-30_12-22-08-610689_adaptiveTTL,adaptiveTTL,burst-load,1788092601.611000,73.000311,backend_calls,all,479
2026-08-30_12-22-08-610689_adaptiveTTL,adaptiveTTL,burst-load,1788092602.611000,74.000311,backend_calls,all,484
2026-08-30_12-22-08-610689_adaptiveTTL,adaptiveTTL,burst-load,1788092603.611000,75.000311,backend_calls,all,493
2026-08-30_12-22-08-610689_adaptiveTTL,adaptiveTTL,burst-load,1788092604.611000,76.000311,backend_calls,all,495
2026-08-30_12-22-08-610689_adaptiveTTL,adaptiveTTL,burst-load,1788092605.611000,77.000311,backend_calls,all,505
2026-08-30_12-22-08-610689_adaptiveTTL,adaptiveTTL,burst-load,1788092606.611000,78.000311,backend_calls,all,506
2026-08-30_12-22-08-610689_adaptiveTTL,adaptiveTTL,burst-load,1788092607.611000,79.000311,backend_calls,all,506
2026-08-30_12-22-08-610689_adaptiveTTL,adaptiveTTL,burst-load,1788092608.611000,80.000311,backend_calls,all,507
2026-08-30_12-22-08-610689_adaptiveTTL,adaptiveTTL,burst-load,1788092609.611000,81.000311,backend_calls,all,510
2026-08-30_12-22-08-610689_adaptiveTTL,adaptiveTTL,burst-load,1788092610.611000,82.000311,backend_calls,all,512
2026-08-30_12-22-08-610689_adaptiveTTL,adaptiveTTL,burst-load,1788092611.611000,83.000311,backend_calls,all,514
2026-08-30_12-22-08-610689_adaptiveTTL,adaptiveTTL,burst-load,1788092612.611000,84.000311,backend_calls,all,515
2026-08-30_12-22-08-610689_adaptiveTTL,adaptiveTTL,burst-load,1788092613.611000,85.000311,backend_calls,all,519
2026-08-30_12-22-08-610689_adaptiveTTL,adaptiveTTL,burst-load,1788092614.611000,86.000311,backend_calls,all,520
2026-08-30_12-22-08-610689_adaptiveTTL,adaptiveTTL,burst-load,1788092615.611000,87.000311,backend_calls,all,520
2026-08-30_12-22-08-610689_adaptiveTTL,adaptiveTTL,burst-load,1788092616.611000,88.000311,backend_calls,all,521
2026-08-30_12-22-08-610689_adaptiveTTL,adaptiveTTL,burst-load,1788092617.611000,89.000311,backend_calls,all,525
2026-08-30_12-22-08-610689_adaptiveTTL,adaptiveTTL,burst-load,1788092618.611000,90.000311,backend_calls,all,528
2026-08-30_12-22-08-610689_adaptiveTTL,adaptiveTTL,burst-load,1788092619.611000,91.000311,backend_calls,all,531
2026-08-30_12-22-08-610689_adaptiveTTL,adaptiveTTL,burst-load,1788092620.611000,92.000311,backend_calls,all,531
2026-08-30_12-22-08-610689_adaptiveTTL,adaptiveTTL,burst-load,1788092621.611000,93.000311,backend_calls,all,532
2026-08-30_12-22-08-610689_adaptiveTTL,adaptiveTTL,burst-load,1788092622.611000,94.000311,backend_calls,all,536
2026-08-30_12-22-08-610689_adaptiveTTL,adaptiveTTL,burst-load,1788092623.611000,95.000311,backend_calls,all,538
2026-08-30_12-22-08-610689_adaptiveTTL,adaptiveTTL,burst-load,1788092624.611000,96.000311,backend_calls,all,540
2026-08-30_12-22-08-610689_adaptiveTTL,adaptiveTTL,burst-load,1788092625.611000,97.000311,backend_calls,all,541
2026-08-30_12-22-08-610689_adaptiveTTL,adaptiveTTL,burst-load,1788092626.611000,98.000311,backend_calls,all,546
2026-08-30_12-22-08-610689_adaptiveTTL,adaptiveTTL,burst-load,1788092627.611000,99.000311,backend_calls,all,549
2026-08-30_12-22-08-610689_adaptiveTTL,adaptiveTTL,burst-load,1788092628.611000,100.000311,backend_calls,all,550
2026-08-30_12-22-08-610689_adaptiveTTL,adaptiveTTL,burst-load,1788092629.611000,101.000311,backend_calls,all,550
2026-08-30_12-22-08-610689_adaptiveTTL,adaptiveTTL,burst-load,1788092630.611000,102.000311,backend_calls,all,552
2026-08-30_12-22-08-610689_adaptiveTTL,adaptiveTTL,burst-load,1788092631.611000,103.000311,backend_calls,all,555
2026-08-30_12-22-08-610689_adaptiveTTL,adaptiveTTL,burst-load,1788092632.611000,104.000311,backend_calls,all,556
2026-08-30_12-22-08-610689_adaptiveTTL,adaptiveTTL,burst-load,1788092633.611000,105.000311,backend_calls,all,559
2026-08-30_12-22-08-610689_adaptiveTTL,adaptiveTTL,burst-load,1788092634.611000,106.000311,backend_calls,all,560
2026-08-30_12-22-08-610689_adaptiveTTL,adaptiveTTL,burst-load,1788092635.611000,107.000311,backend_calls,all,565
2026-08-30_12-22-08-610689_adaptiveTTL,adaptiveTTL,burst-load,1788092636.611000,108.000311,backend_calls,all,572
2026-08-30_12-22-08-610689_adaptiveTTL,adaptiveTTL,burst-load,1788092637.611000,109.000311,backend_calls,all,577
2026-08-30_12-22-08-610689_adaptiveTTL,adaptiveTTL,burst-load,1788092638.611000,110.000311,backend_calls,all,581
2026-08-30_12-22-08-610689_adaptiveTTL,adaptiveTTL,burst-load,1788092639.611000,111.000311,backend_calls,all,586
2026-08-30_12-22-08-610689_adaptiveTTL,adaptiveTTL,burst-load,1788092640.611000,112.000311,backend_calls,all,590
2026-08-30_12-22-08-610689_adaptiveTTL,adaptiveTTL,burst-load,1788092641.611000,113.000311,backend_calls,all,594
2026-08-30_12-22-08-610689_adaptiveTTL,adaptiveTTL,burst-load,1788092642.611000,114.000311,backend_calls,all,597
2026-08-30_12-22-08-610689_adaptiveTTL,adaptiveTTL,burst-load,1788092643.611000,115.000311,backend_calls,all,600
2026-08-30_12-22-08-610689_adaptiveTTL,adaptiveTTL,burst-load,1788092644.611000,116.000311,backend_calls,all,601
2026-08-30_12-22-08-610689_adaptiveTTL,adaptiveTTL,burst-load,1788092645.611000,117.000311,backend_calls,all,607
2026-08-30_12-22-08-610689_adaptiveTTL,adaptiveTTL,burst-load,1788092646.611000,118.000311,backend_calls,all,608
2026-08-30_12-22-08-610689_adaptiveTTL,adaptiveTTL,burst-load,1788092647.611000,119.000311,backend_calls,all,609
2026-08-30_12-22-08-610689_adaptiveTTL,adaptiveTTL,burst-load,1788092648.611000,120.000311,backend_calls,all,611
2026-08-30_12-22-08-610689_adaptiveTTL,adaptiveTTL,burst-load,1788092649.611000,121.000311,backend_calls,all,615
2026-08-30_12-22-08-610689_adaptiveTTL,adaptiveTTL,burst-load,1788092650.611000,122.000311,backend_calls,all,619
2026-08-30_12-22-08-610689_adaptiveTTL,adaptiveTTL,burst-load,1788092528.611000,0.000311,cache_misses,all,0
2026-08-30_12-22-08-610689_adaptiveTTL,adaptiveTTL,burst-load,1788092529.611000,1.000311,cache_misses,all,3
2026-08-30_12-22-08-610689_adaptiveTTL,adaptiveTTL,burst-load,1788092530.611000,2.000311,cache_misses,all,19
2026-08-30_12-22-08-610689_adaptiveTTL,adaptiveTTL,burst-load,1788092531.611000,3.000311,cache_misses,all,31
2026-08-30_12-22-08-610689_adaptiveTTL,adaptiveTTL,burst-load,1788092532.611000,4.000311,cache_misses,all,37
2026-08-30_12-22-08-610689_adaptiveTTL,adaptiveTTL,burst-load,1788092533.611000,5.000311,cache_misses,all,43
2026-08-30_12-22-08-610689_adaptiveTTL,adaptiveTTL,burst-load,1788092534.611000,6.000311,cache_misses,all,53
2026-08-30_12-22-08-610689_adaptiveTTL,adaptiveTTL,burst-load,1788092535.611000,7.000311,cache_misses,all,58
2026-08-30_12-22-08-610689_adaptiveTTL,adaptiveTTL,burst-load,1788092536.611000,8.000311,cache_misses,all,62
2026-08-30_12-22-08-610689_adaptiveTTL,adaptiveTTL,burst-load,1788092537.611000,9.000311,cache_misses,all,66
2026-08-30_12-22-08-610689_adaptiveTTL,adaptiveTTL,burst-load,1788092538.611000,10.000311,cache_misses,all,71
2026-08-30_12-22-08-610689_adaptiveTTL,adaptiveTTL,burst-load,1788092539.611000,11.000311,cache_misses,all,75
2026-08-30_12-22-08-610689_adaptiveTTL,adaptiveTTL,burst-load,1788092540.611000,12.000311,cache_misses,all,77
2026-08-30_12-22-08-610689_adaptiveTTL,adaptiveTTL,burst-load,1788092541.611000,13.000311,cache_misses,all,80
2026-08-30_12-22-08-610689_adaptiveTTL,adaptiveTTL,burst-load,1788092542.611000,14.000311,cache_misses,all,82
2026-08-30_12-22-08-610689_adaptiveTTL,adaptiveTTL,burst-load,1788092543.611000,15.000311,cache_misses,all,84
2026-08-30_12-22-08-610689_adaptiveTTL,adaptiveTTL,burst-load,1788092544.611000,16.000311,cache_misses,all,86
2026-08-30_12-22-08-610689_adaptiveTTL,adaptiveTTL,burst-load,1788092545.611000,17.000311,cache_misses,all,90
2026-08-30_12-22-08-610689_adaptiveTTL,adaptiveTTL,burst-load,1788092546.611000,18.000311,cache_misses,all,100
2026-08-30_12-22-08-610689_adaptiveTTL,adaptiveTTL,burst-load,1788092547.611000,19.000311,cache_misses,all,107
2026-08-30_12-22-08-610689_adaptiveTTL,adaptiveTTL,burst-load,1788092548.611000,20.000311,cache_misses,all,111
2026-08-30_12-22-08-610689_adaptiveTTL,adaptiveTTL,burst-load,1788092549.611000,21.000311,cache_misses,all,113
2026-08-30_12-22-08-610689_adaptiveTTL,adaptiveTTL,burst-load,1788092550.611000,22.000311,cache_misses,all,117
2026-08-30_12-22-08-610689_adaptiveTTL,adaptiveTTL,burst-load,1788092551.611000,23.000311,cache_misses,all,122
2026-08-30_12-22-08-610689_adaptiveTTL,adaptiveTTL,burst-load,1788092552.611000,24.000311,cache_misses,all,131
2026-08-30_12-22-08-610689_adaptiveTTL,adaptiveTTL,burst-load,1788092553.611000,25.000311,cache_misses,all,136
2026-08-30_12-22-08-610689_adaptiveTTL,adaptiveTTL,burst-load,1788092554.611000,26.000311,cache_misses,all,140
2026-08-30_12-22-08-610689_adaptiveTTL,adaptiveTTL,burst-load,1788092555.611000,27.000311,cache_misses,all,147
2026-08-30_12-22-08-610689_adaptiveTTL,adaptiveTTL,burst-load,1788092556.611000,28.000311,cache_misses,all,149
2026-08-30_12-22-08-610689_adaptiveTTL,adaptiveTTL,burst-load,1788092557.611000,29.000311,cache_misses,all,152
2026-08-30_12-22-08-610689_adaptiveTTL,adaptiveTTL,burst-load,1788092558.611000,30.000311,cache_misses,all,154
2026-08-30_12-22-08-610689_adaptiveTTL,adaptiveTTL,burst-load,1788092559.611000,31.000311,cache_misses,all,159
2026-08-30_12-22-08-610689_adaptiveTTL,adaptiveTTL,burst-load,1788092560.611000,32.000311,cache_misses,all,173
2026-08-30_12-22-08-610689_adaptiveTTL,adaptiveTTL,burst-load,1788092561.611000,33.000311,cache_misses,all,200
2026-08-30_12-22-08-610689_adaptiveTTL,adaptiveTTL,burst-load,1788092562.611000,34.000311,cache_misses,all,227
2026-08-30_12-22-08-610689_adaptiveTTL,adaptiveTTL,burst-load,1788092563.611000,35.000311,cache_misses,all,247
2026-08-30_12-22-08-610689_adaptiveTTL,adaptiveTTL,burst-load,1788092564.611000,36.000311,cache_misses,all,261
2026-08-30_12-22-08-610689_adaptiveTTL,adaptiveTTL,burst-load,1788092565.611000,37.000311,cache_misses,all,271
2026-08-30_12-22-08-610689_adaptiveTTL,adaptiveTTL,burst-load,1788092566.611000,38.000311,cache_misses,all,282
2026-08-30_12-22-08-610689_adaptiveTTL,adaptiveTTL,burst-load,1788092567.611000,39.000311,cache_misses,all,288
2026-08-30_12-22-08-610689_adaptiveTTL,adaptiveTTL,burst-load,1788092568.611000,40.000311,cache_misses,all,291
2026-08-30_12-22-08-610689_adaptiveTTL,adaptiveTTL,burst-load,1788092569.611000,41.000311,cache_misses,all,297
2026-08-30_12-22-08-610689_adaptiveTTL,adaptiveTTL,burst-load,1788092570.611000,42.000311,cache_misses,all,298
2026-08-30_12-22-08-610689_adaptiveTTL,adaptiveTTL,burst-load,1788092571.611000,43.000311,cache_misses,all,307
2026-08-30_12-22-08-610689_adaptiveTTL,adaptiveTTL,burst-load,1788092572.611000,44.000311,cache_misses,all,312
2026-08-30_12-22-08-610689_adaptiveTTL,adaptiveTTL,burst-load,1788092573.611000,45.000311,cache_misses,all,329
2026-08-30_12-22-08-610689_adaptiveTTL,adaptiveTTL,burst-load,1788092574.611000,46.000311,cache_misses,all,340
2026-08-30_12-22-08-610689_adaptiveTTL,adaptiveTTL,burst-load,1788092575.611000,47.000311,cache_misses,all,349
2026-08-30_12-22-08-610689_adaptiveTTL,adaptiveTTL,burst-load,1788092576.611000,48.000311,cache_misses,all,360
2026-08-30_12-22-08-610689_adaptiveTTL,adaptiveTTL,burst-load,1788092577.611000,49.000311,cache_misses,all,379
2026-08-30_12-22-08-610689_adaptiveTTL,adaptiveTTL,burst-load,1788092578.611000,50.000311,cache_misses,all,386
2026-08-30_12-22-08-610689_adaptiveTTL,adaptiveTTL,burst-load,1788092579.611000,51.000311,cache_misses,all,391
2026-08-30_12-22-08-610689_adaptiveTTL,adaptiveTTL,burst-load,1788092580.611000,52.000311,cache_misses,all,401
2026-08-30_12-22-08-610689_adaptiveTTL,adaptiveTTL,burst-load,1788092581.611000,53.000311,cache_misses,all,406
2026-08-30_12-22-08-610689_adaptiveTTL,adaptiveTTL,burst-load,1788092582.611000,54.000311,cache_misses,all,415
2026-08-30_12-22-08-610689_adaptiveTTL,adaptiveTTL,burst-load,1788092583.611000,55.000311,cache_misses,all,418
2026-08-30_12-22-08-610689_adaptiveTTL,adaptiveTTL,burst-load,1788092584.611000,56.000311,cache_misses,all,423
2026-08-30_12-22-08-610689_adaptiveTTL,adaptiveTTL,burst-load,1788092585.611000,57.000311,cache_misses,all,425
2026-08-30_12-22-08-610689_adaptiveTTL,adaptiveTTL,burst-load,1788092586.611000,58.000311,cache_misses,all,430
2026-08-30_12-22-08-610689_adaptiveTTL,adaptiveTTL,burst-load,1788092587.611000,59.000311,cache_misses,all,431
2026-08-30_12-22-08-610689_adaptiveTTL,adaptiveTTL,burst-load,1788092588.611000,60.000311,cache_misses,all,431
2026-08-30_12-22-08-610689_adaptiveTTL,adaptiveTTL,burst-load,1788092589.611000,61.000311,cache_misses,all,437
2026-08-30_12-22-08-610689_adaptiveTTL,adaptiveTTL,burst-load,1788092590.611000,62.000311,cache_misses,all,438
2026-08-30_12-22-08-610689_adaptiveTTL,adaptiveTTL,burst-load,1788092591.611000,63.000311,cache_misses,all,440
2026-08-30_12-22-08-610689_adaptiveTTL,adaptiveTTL,burst-load,1788092592.611000,64.000311,cache_misses,all,443
2026-08-30_12-22-08-610689_adaptiveTTL,adaptiveTTL,burst-load,1788092593.611000,65.000311,cache_misses,all,444
2026-08-30_12-22-08-610689_adaptiveTTL,adaptiveTTL,burst-load,1788092594.611000,66.000311,cache_misses,all,446
2026-08-30_12-22-08-610689_adaptiveTTL,adaptiveTTL,burst-load,1788092595.611000,67.000311,cache_misses,all,447
2026-08-30_12-22-08-610689_adaptiveTTL,adaptiveTTL,burst-load,1788092596.611000,68.000311,cache_misses,all,447
2026-08-30_12-22-08-610689_adaptiveTTL,adaptiveTTL,burst-load,1788092597.611000,69.000311,cache_misses,all,454
2026-08-30_12-22-08-610689_adaptiveTTL,adaptiveTTL,burst-load,1788092598.611000,70.000311,cache_misses,all,459
2026-08-30_12-22-08-610689_adaptiveTTL,adaptiveTTL,burst-load,1788092599.611000,71.000311,cache_misses,all,467
2026-08-30_12-22-08-610689_adaptiveTTL,adaptiveTTL,burst-load,1788092600.611000,72.000311,cache_misses,all,476
2026-08-30_12-22-08-610689_adaptiveTTL,adaptiveTTL,burst-load,1788092601.611000,73.000311,cache_misses,all,481
2026-08-30_12-22-08-610689_adaptiveTTL,adaptiveTTL,burst-load,1788092602.611000,74.000311,cache_misses,all,487
2026-08-30_12-22-08-610689_adaptiveTTL,adaptiveTTL,burst-load,1788092603.611000,75.000311,cache_misses,all,493
2026-08-30_12-22-08-610689_adaptiveTTL,adaptiveTTL,burst-load,1788092604.611000,76.000311,cache_misses,all,495
2026-08-30_12-22-08-610689_adaptiveTTL,adaptiveTTL,burst-load,1788092605.611000,77.000311,cache_misses,all,506
2026-08-30_12-22-08-610689_adaptiveTTL,adaptiveTTL,burst-load,1788092606.611000,78.000311,cache_misses,all,506
2026-08-30_12-22-08-610689_adaptiveTTL,adaptiveTTL,burst-load,1788092607.611000,79.000311,cache_misses,all,507
2026-08-30_12-22-08-610689_adaptiveTTL,adaptiveTTL,burst-load,1788092608.611000,80.000311,cache_misses,all,507
2026-08-30_12-22-08-610689_adaptiveTTL,adaptiveTTL,burst-load,1788092609.611000,81.000311,cache_misses,all,509
2026-08-30_12-22-08-610689_adaptiveTTL,adaptiveTTL,burst-load,1788092610.611000,82.000311,cache_misses,all,512
2026-08-30_12-22-08-610689_adaptiveTTL,adaptiveTTL,burst-load,1788092611.611000,83.000311,cache_misses,all,514
2026-08-30_12-22-08-610689_adaptiveTTL,adaptiveTTL,burst-load,1788092612.611000,84.000311,cache_misses,all,516
2026-08-30_12-22-08-610689_adaptiveTTL,adaptiveTTL,burst-load,1788092613.611000,85.000311,cache_misses,all,519
2026-08-30_12-22-08-610689_adaptiveTTL,adaptiveTTL,burst-load,1788092614.611000,86.000311,cache_misses,all,520
2026-08-30_12-22-08-610689_adaptiveTTL,adaptiveTTL,burst-load,1788092615.611000,87.000311,cache_misses,all,520
2026-08-30_12-22-08-610689_adaptiveTTL,adaptiveTTL,burst-load,1788092616.611000,88.000311,cache_misses,all,522
2026-08-30_12-22-08-610689_adaptiveTTL,adaptiveTTL,burst-load,1788092617.611000,89.000311,cache_misses,all,526
2026-08-30_12-22-08-610689_adaptiveTTL,adaptiveTTL,burst-load,1788092618.611000,90.000311,cache_misses,all,529
2026-08-30_12-22-08-610689_adaptiveTTL,adaptiveTTL,burst-load,1788092619.611000,91.000311,cache_misses,all,530
2026-08-30_12-22-08-610689_adaptiveTTL,adaptiveTTL,burst-load,1788092620.611000,92.000311,cache_misses,all,531
2026-08-30_12-22-08-610689_adaptiveTTL,adaptiveTTL,burst-load,1788092621.611000,93.000311,cache_misses,all,533
2026-08-30_12-22-08-610689_adaptiveTTL,adaptiveTTL,burst-load,1788092622.611000,94.000311,cache_misses,all,536
2026-08-30_12-22-08-610689_adaptiveTTL,adaptiveTTL,burst-load,1788092623.611000,95.000311,cache_misses,all,540
2026-08-30_12-22-08-610689_adaptiveTTL,adaptiveTTL,burst-load,1788092624.611000,96.000311,cache_misses,all,540
2026-08-30_12-22-08-610689_adaptiveTTL,adaptiveTTL,burst-load,1788092625.611000,97.000311,cache_misses,all,542
2026-08-30_12-22-08-610689_adaptiveTTL,adaptiveTTL,burst-load,1788092626.611000,98.000311,cache_misses,all,546
2026-08-30_12-22-08-610689_adaptiveTTL,adaptiveTTL,burst-load,1788092627.611000,99.000311,cache_misses,all,548
2026-08-30_12-22-08-610689_adaptiveTTL,adaptiveTTL,burst-load,1788092628.611000,100.000311,cache_misses,all,550
2026-08-30_12-22-08-610689_adaptiveTTL,adaptiveTTL,burst-load,1788092629.611000,101.000311,cache_misses,all,550
2026-08-30_12-22-08-610689_adaptiveTTL,adaptiveTTL,burst-load,1788092630.611000,102.000311,cache_misses,all,553
2026-08-30_12-22-08-610689_adaptiveTTL,adaptiveTTL,burst-load,1788092631.611000,103.000311,cache_misses,all,556
2026-08-30_12-22-08-610689_adaptiveTTL,adaptiveTTL,burst-load,1788092632.611000,104.000311,cache_misses,all,557
2026-08-30_12-22-08-610689_adaptiveTTL,adaptiveTTL,burst-load,1788092633.611000,105.000311,cache_misses,all,559
2026-08-30_12-22-08-610689_adaptiveTTL,adaptiveTTL,burst-load,1788092634.611000,106.000311,cache_misses,all,561
2026-08-30_12-22-08-610689_adaptiveTTL,adaptiveTTL,burst-load,1788092635.611000,107.000311,cache_misses,all,566
2026-08-30_12-22-08-610689_adaptiveTTL,adaptiveTTL,burst-load,1788092636.611000,108.000311,cache_misses,all,574
2026-08-30_12-22-08-610689_adaptiveTTL,adaptiveTTL,burst-load,1788092637.611000,109.000311,cache_misses,all,577
2026-08-30_12-22-08-610689_adaptiveTTL,adaptiveTTL,burst-load,1788092638.611000,110.000311,cache_misses,all,582
2026-08-30_12-22-08-610689_adaptiveTTL,adaptiveTTL,burst-load,1788092639.611000,111.000311,cache_misses,all,587
2026-08-30_12-22-08-610689_adaptiveTTL,adaptiveTTL,burst-load,1788092640.611000,112.000311,cache_misses,all,591
2026-08-30_12-22-08-610689_adaptiveTTL,adaptiveTTL,burst-load,1788092641.611000,113.000311,cache_misses,all,595
2026-08-30_12-22-08-610689_adaptiveTTL,adaptiveTTL,burst-load,1788092642.611000,114.000311,cache_misses,all,598
2026-08-30_12-22-08-610689_adaptiveTTL,adaptiveTTL,burst-load,1788092643.611000,115.000311,cache_misses,all,601
2026-08-30_12-22-08-610689_adaptiveTTL,adaptiveTTL,burst-load,1788092644.611000,116.000311,cache_misses,all,603
2026-08-30_12-22-08-610689_adaptiveTTL,adaptiveTTL,burst-load,1788092645.611000,117.000311,cache_misses,all,607
2026-08-30_12-22-08-610689_adaptiveTTL,adaptiveTTL,burst-load,1788092646.611000,118.000311,cache_misses,all,608
2026-08-30_12-22-08-610689_adaptiveTTL,adaptiveTTL,burst-load,1788092647.611000,119.000311,cache_misses,all,609
2026-08-30_12-22-08-610689_adaptiveTTL,adaptiveTTL,burst-load,1788092648.611000,120.000311,cache_misses,all,612
2026-08-30_12-22-08-610689_adaptiveTTL,adaptiveTTL,burst-load,1788092649.611000,121.000311,cache_misses,all,616
2026-08-30_12-22-08-610689_adaptiveTTL,adaptiveTTL,burst-load,1788092650.611000,122.000311,cache_misses,all,619
2026-08-30_12-22-08-610689_adaptiveTTL,adaptiveTTL,burst-load,1788092528.611000,0.000311,backend_throughput,all,0
2026-08-30_12-22-08-610689_adaptiveTTL,adaptiveTTL,burst-load,1788092529.611000,1.000311,backend_throughput,all,0
2026-08-30_12-22-08-610689_adaptiveTTL,adaptiveTTL,burst-load,1788092530.611000,2.000311,backend_throughput,all,1.9328147571952436
2026-08-30_12-22-08-610689_adaptiveTTL,adaptiveTTL,burst-load,1788092531.611000,3.000311,backend_throughput,all,3.006934874416537
2026-08-30_12-22-08-610689_adaptiveTTL,adaptiveTTL,burst-load,1788092532.611000,4.000311,backend_throughput,all,3.7582509167685294
2026-08-30_12-22-08-610689_adaptiveTTL,adaptiveTTL,burst-load,1788092533.611000,5.000311,backend_throughput,all,4.617279697744193
2026-08-30_12-22-08-610689_adaptiveTTL,adaptiveTTL,burst-load,1788092534.611000,6.000311,backend_throughput,all,5.476308478719857
2026-08-30_12-22-08-610689_adaptiveTTL,adaptiveTTL,burst-load,1788092535.611000,7.000311,backend_throughput,all,6.120580064451604
2026-08-30_12-22-08-610689_adaptiveTTL,adaptiveTTL,burst-load,1788092536.611000,8.000311,backend_throughput,all,6.657473052561395
2026-08-30_12-22-08-610689_adaptiveTTL,adaptiveTTL,burst-load,1788092537.611000,9.000311,backend_throughput,all,6.980331147905324
2026-08-30_12-22-08-610689_adaptiveTTL,adaptiveTTL,burst-load,1788092538.611000,10.000311,backend_throughput,all,7.62466940771197
2026-08-30_12-22-08-610689_adaptiveTTL,adaptiveTTL,burst-load,1788092539.611000,11.000311,backend_throughput,all,6.222222222222222
2026-08-30_12-22-08-610689_adaptiveTTL,adaptiveTTL,burst-load,1788092540.611000,12.000311,backend_throughput,all,5.332740806577048
2026-08-30_12-22-08-610689_adaptiveTTL,adaptiveTTL,burst-load,1788092541.611000,13.000311,backend_throughput,all,5
2026-08-30_12-22-08-610689_adaptiveTTL,adaptiveTTL,burst-load,1788092542.611000,14.000311,backend_throughput,all,4.222222222222222
2026-08-30_12-22-08-610689_adaptiveTTL,adaptiveTTL,burst-load,1788092543.611000,15.000311,backend_throughput,all,3.667074119346594
2026-08-30_12-22-08-610689_adaptiveTTL,adaptiveTTL,burst-load,1788092544.611000,16.000311,backend_throughput,all,3.2222222222222223
2026-08-30_12-22-08-610689_adaptiveTTL,adaptiveTTL,burst-load,1788092545.611000,17.000311,backend_throughput,all,2.8888888888888893
2026-08-30_12-22-08-610689_adaptiveTTL,adaptiveTTL,burst-load,1788092546.611000,18.000311,backend_throughput,all,3.6662593045217204
2026-08-30_12-22-08-610689_adaptiveTTL,adaptiveTTL,burst-load,1788092547.611000,19.000311,backend_throughput,all,4
2026-08-30_12-22-08-610689_adaptiveTTL,adaptiveTTL,burst-load,1788092548.611000,20.000311,backend_throughput,all,4.111567951994665
2026-08-30_12-22-08-610689_adaptiveTTL,adaptiveTTL,burst-load,1788092549.611000,21.000311,backend_throughput,all,4
2026-08-30_12-22-08-610689_adaptiveTTL,adaptiveTTL,burst-load,1788092550.611000,22.000311,backend_throughput,all,4
2026-08-30_12-22-08-610689_adaptiveTTL,adaptiveTTL,burst-load,1788092551.611000,23.000311,backend_throughput,all,4.555555555555556
2026-08-30_12-22-08-610689_adaptiveTTL,adaptiveTTL,burst-load,1788092552.611000,24.000311,backend_throughput,all,5.111111111111112
2026-08-30_12-22-08-610689_adaptiveTTL,adaptiveTTL,burst-load,1788092553.611000,25.000311,backend_throughput,all,5.444444444444445
2026-08-30_12-22-08-610689_adaptiveTTL,adaptiveTTL,burst-load,1788092554.611000,26.000311,backend_throughput,all,5.777777777777779
2026-08-30_12-22-08-610689_adaptiveTTL,adaptiveTTL,burst-load,1788092555.611000,27.000311,backend_throughput,all,5.222802533614845
2026-08-30_12-22-08-610689_adaptiveTTL,adaptiveTTL,burst-load,1788092556.611000,28.000311,backend_throughput,all,4.555049438951229
2026-08-30_12-22-08-610689_adaptiveTTL,adaptiveTTL,burst-load,1788092557.611000,29.000311,backend_throughput,all,4.444444444444445
2026-08-30_12-22-08-610689_adaptiveTTL,adaptiveTTL,burst-load,1788092558.611000,30.000311,backend_throughput,all,4.667703934207601
2026-08-30_12-22-08-610689_adaptiveTTL,adaptiveTTL,burst-load,1788092559.611000,31.000311,backend_throughput,all,4.667703934207601
2026-08-30_12-22-08-610689_adaptiveTTL,adaptiveTTL,burst-load,1788092560.611000,32.000311,backend_throughput,all,5.3345187819515445
2026-08-30_12-22-08-610689_adaptiveTTL,adaptiveTTL,burst-load,1788092561.611000,33.000311,backend_throughput,all,6.778530947883098
2026-08-30_12-22-08-610689_adaptiveTTL,adaptiveTTL,burst-load,1788092562.611000,34.000311,backend_throughput,all,9.7799511002445
2026-08-30_12-22-08-610689_adaptiveTTL,adaptiveTTL,burst-load,1788092563.611000,35.000311,backend_throughput,all,11.556839648849872
2026-08-30_12-22-08-610689_adaptiveTTL,adaptiveTTL,burst-load,1788092564.611000,36.000311,backend_throughput,all,12.555555555555557
2026-08-30_12-22-08-610689_adaptiveTTL,adaptiveTTL,burst-load,1788092565.611000,37.000311,backend_throughput,all,13.557061895766195
2026-08-30_12-22-08-610689_adaptiveTTL,adaptiveTTL,burst-load,1788092566.611000,38.000311,backend_throughput,all,14.223802644738305
2026-08-30_12-22-08-610689_adaptiveTTL,adaptiveTTL,burst-load,1788092567.611000,39.000311,backend_throughput,all,14.665037218086882
2026-08-30_12-22-08-610689_adaptiveTTL,adaptiveTTL,burst-load,1788092568.611000,40.000311,backend_throughput,all,14.777777777777779
2026-08-30_12-22-08-610689_adaptiveTTL,adaptiveTTL,burst-load,1788092569.611000,41.000311,backend_throughput,all,14.109543384068438
2026-08-30_12-22-08-610689_adaptiveTTL,adaptiveTTL,burst-load,1788092570.611000,42.000311,backend_throughput,all,11.777777777777779
2026-08-30_12-22-08-610689_adaptiveTTL,adaptiveTTL,burst-load,1788092571.611000,43.000311,backend_throughput,all,9.111111111111112
2026-08-30_12-22-08-610689_adaptiveTTL,adaptiveTTL,burst-load,1788092572.611000,44.000311,backend_throughput,all,7.444444444444445
2026-08-30_12-22-08-610689_adaptiveTTL,adaptiveTTL,burst-load,1788092573.611000,45.000311,backend_throughput,all,7.555555555555556
2026-08-30_12-22-08-610689_adaptiveTTL,adaptiveTTL,burst-load,1788092574.611000,46.000311,backend_throughput,all,7.444444444444445
2026-08-30_12-22-08-610689_adaptiveTTL,adaptiveTTL,burst-load,1788092575.611000,47.000311,backend_throughput,all,7.555555555555556
2026-08-30_12-22-08-610689_adaptiveTTL,adaptiveTTL,burst-load,1788092576.611000,48.000311,backend_throughput,all,8.000888987665297
2026-08-30_12-22-08-610689_adaptiveTTL,adaptiveTTL,burst-load,1788092577.611000,49.000311,backend_throughput,all,9.666666666666668
2026-08-30_12-22-08-610689_adaptiveTTL,adaptiveTTL,burst-load,1788092578.611000,50.000311,backend_throughput,all,9.778864318257584
2026-08-30_12-22-08-610689_adaptiveTTL,adaptiveTTL,burst-load,1788092579.611000,51.000311,backend_throughput,all,10.222222222222223
2026-08-30_12-22-08-610689_adaptiveTTL,adaptiveTTL,burst-load,1788092580.611000,52.000311,backend_throughput,all,10.666666666666668
2026-08-30_12-22-08-610689_adaptiveTTL,adaptiveTTL,burst-load,1788092581.611000,53.000311,backend_throughput,all,10.890098899877765
2026-08-30_12-22-08-610689_adaptiveTTL,adaptiveTTL,burst-load,1788092582.611000,54.000311,backend_throughput,all,10.00111123458162
2026-08-30_12-22-08-610689_adaptiveTTL,adaptiveTTL,burst-load,1788092583.611000,55.000311,backend_throughput,all,8.88987665296144
2026-08-30_12-22-08-610689_adaptiveTTL,adaptiveTTL,burst-load,1788092584.611000,56.000311,backend_throughput,all,8.333333333333334
2026-08-30_12-22-08-610689_adaptiveTTL,adaptiveTTL,burst-load,1788092585.611000,57.000311,backend_throughput,all,7.332518609043441
2026-08-30_12-22-08-610689_adaptiveTTL,adaptiveTTL,burst-load,1788092586.611000,58.000311,backend_throughput,all,5.777777777777779
2026-08-30_12-22-08-610689_adaptiveTTL,adaptiveTTL,burst-load,1788092587.611000,59.000311,backend_throughput,all,5.111111111111112
2026-08-30_12-22-08-610689_adaptiveTTL,adaptiveTTL,burst-load,1788092588.611000,60.000311,backend_throughput,all,4.667185242804756
2026-08-30_12-22-08-610689_adaptiveTTL,adaptiveTTL,burst-load,1788092589.611000,61.000311,backend_throughput,all,4.0004444938326476
2026-08-30_12-22-08-610689_adaptiveTTL,adaptiveTTL,burst-load,1788092590.611000,62.000311,backend_throughput,all,3.3337037448605398
2026-08-30_12-22-08-610689_adaptiveTTL,adaptiveTTL,burst-load,1788092591.611000,63.000311,backend_throughput,all,2.666962995888432
2026-08-30_12-22-08-610689_adaptiveTTL,adaptiveTTL,burst-load,1788092592.611000,64.000311,backend_throughput,all,2.7780864540504497
2026-08-30_12-22-08-610689_adaptiveTTL,adaptiveTTL,burst-load,1788092593.611000,65.000311,backend_throughput,all,2.4447160795643956
2026-08-30_12-22-08-610689_adaptiveTTL,adaptiveTTL,burst-load,1788092594.611000,66.000311,backend_throughput,all,2.444987775061125
2026-08-30_12-22-08-610689_adaptiveTTL,adaptiveTTL,burst-load,1788092595.611000,67.000311,backend_throughput,all,1.8893087352745053
2026-08-30_12-22-08-610689_adaptiveTTL,adaptiveTTL,burst-load,1788092596.611000,68.000311,backend_throughput,all,1.7779753305922879
2026-08-30_12-22-08-610689_adaptiveTTL,adaptiveTTL,burst-load,1788092597.611000,69.000311,backend_throughput,all,2.4444444444444446
2026-08-30_12-22-08-610689_adaptiveTTL,adaptiveTTL,burst-load,1788092598.611000,70.000311,backend_throughput,all,2.3333333333333335
2026-08-30_12-22-08-610689_adaptiveTTL,adaptiveTTL,burst-load,1788092599.611000,71.000311,backend_throughput,all,2.777777777777778
2026-08-30_12-22-08-610689_adaptiveTTL,adaptiveTTL,burst-load,1788092600.611000,72.000311,backend_throughput,all,3.8888888888888893
2026-08-30_12-22-08-610689_adaptiveTTL,adaptiveTTL,burst-load,1788092601.611000,73.000311,backend_throughput,all,4.111111111111112
2026-08-30_12-22-08-610689_adaptiveTTL,adaptiveTTL,burst-load,1788092602.611000,74.000311,backend_throughput,all,4.444444444444445
2026-08-30_12-22-08-610689_adaptiveTTL,adaptiveTTL,burst-load,1788092603.611000,75.000311,backend_throughput,all,5.222222222222222
2026-08-30_12-22-08-610689_adaptiveTTL,adaptiveTTL,burst-load,1788092604.611000,76.000311,backend_throughput,all,5.332740806577048
2026-08-30_12-22-08-610689_adaptiveTTL,adaptiveTTL,burst-load,1788092605.611000,77.000311,backend_throughput,all,6.444444444444445
2026-08-30_12-22-08-610689_adaptiveTTL,adaptiveTTL,burst-load,1788092606.611000,78.000311,backend_throughput,all,5.889543282586954
2026-08-30_12-22-08-610689_adaptiveTTL,adaptiveTTL,burst-load,1788092607.611000,79.000311,backend_throughput,all,5.333925991776864
2026-08-30_12-22-08-610689_adaptiveTTL,adaptiveTTL,burst-load,1788092608.611000,80.000311,backend_throughput,all,4.777777777777778
2026-08-30_12-22-08-610689_adaptiveTTL,adaptiveTTL,burst-load,1788092609.611000,81.000311,backend_throughput,all,3.8888888888888893
2026-08-30_12-22-08-610689_adaptiveTTL,adaptiveTTL,burst-load,1788092610.611000,82.000311,backend_throughput,all,3.666666666666667
2026-08-30_12-22-08-610689_adaptiveTTL,adaptiveTTL,burst-load,1788092611.611000,83.000311,backend_throughput,all,3.3333333333333335
2026-08-30_12-22-08-610689_adaptiveTTL,adaptiveTTL,burst-load,1788092612.611000,84.000311,backend_throughput,all,2.4444444444444446
2026-08-30_12-22-08-610689_adaptiveTTL,adaptiveTTL,burst-load,1788092613.611000,85.000311,backend_throughput,all,2.666666666666667
2026-08-30_12-22-08-610689_adaptiveTTL,adaptiveTTL,burst-load,1788092614.611000,86.000311,backend_throughput,all,1.6666666666666667
2026-08-30_12-22-08-610689_adaptiveTTL,adaptiveTTL,burst-load,1788092615.611000,87.000311,backend_throughput,all,1.5555555555555556
2026-08-30_12-22-08-610689_adaptiveTTL,adaptiveTTL,burst-load,1788092616.611000,88.000311,backend_throughput,all,1.6664815020553274
2026-08-30_12-22-08-610689_adaptiveTTL,adaptiveTTL,burst-load,1788092617.611000,89.000311,backend_throughput,all,2
2026-08-30_12-22-08-610689_adaptiveTTL,adaptiveTTL,burst-load,1788092618.611000,90.000311,backend_throughput,all,2.000444543231829
2026-08-30_12-22-08-610689_adaptiveTTL,adaptiveTTL,burst-load,1788092619.611000,91.000311,backend_throughput,all,2.1118150494609313
2026-08-30_12-22-08-610689_adaptiveTTL,adaptiveTTL,burst-load,1788092620.611000,92.000311,backend_throughput,all,1.889518728465044
2026-08-30_12-22-08-610689_adaptiveTTL,adaptiveTTL,burst-load,1788092621.611000,93.000311,backend_throughput,all,1.8893087352745055
2026-08-30_12-22-08-610689_adaptiveTTL,adaptiveTTL,burst-load,1788092622.611000,94.000311,backend_throughput,all,1.8893087352745055
2026-08-30_12-22-08-610689_adaptiveTTL,adaptiveTTL,burst-load,1788092623.611000,95.000311,backend_throughput,all,2.000444543231829
2026-08-30_12-22-08-610689_adaptiveTTL,adaptiveTTL,burst-load,1788092624.611000,96.000311,backend_throughput,all,2.22246916324036
2026-08-30_12-22-08-610689_adaptiveTTL,adaptiveTTL,burst-load,1788092625.611000,97.000311,backend_throughput,all,2.222716159146477
2026-08-30_12-22-08-610689_adaptiveTTL,adaptiveTTL,burst-load,1788092626.611000,98.000311,backend_throughput,all,2.3338519671038007
2026-08-30_12-22-08-610689_adaptiveTTL,adaptiveTTL,burst-load,1788092627.611000,99.000311,backend_throughput,all,2.3333333333333335
2026-08-30_12-22-08-610689_adaptiveTTL,adaptiveTTL,burst-load,1788092628.611000,100.000311,backend_throughput,all,2.1108765692700815
2026-08-30_12-22-08-610689_adaptiveTTL,adaptiveTTL,burst-load,1788092629.611000,101.000311,backend_throughput,all,2.1108765692700815
2026-08-30_12-22-08-610689_adaptiveTTL,adaptiveTTL,burst-load,1788092630.611000,102.000311,backend_throughput,all,2.2222222222222223
2026-08-30_12-22-08-610689_adaptiveTTL,adaptiveTTL,burst-load,1788092631.611000,103.000311,backend_throughput,all,2.111111111111111
2026-08-30_12-22-08-610689_adaptiveTTL,adaptiveTTL,burst-load,1788092632.611000,104.000311,backend_throughput,all,2
2026-08-30_12-22-08-610689_adaptiveTTL,adaptiveTTL,burst-load,1788092633.611000,105.000311,backend_throughput,all,2.111111111111111
2026-08-30_12-22-08-610689_adaptiveTTL,adaptiveTTL,burst-load,1788092634.611000,106.000311,backend_throughput,all,2.111111111111111
2026-08-30_12-22-08-610689_adaptiveTTL,adaptiveTTL,burst-load,1788092635.611000,107.000311,backend_throughput,all,2.111111111111111
2026-08-30_12-22-08-610689_adaptiveTTL,adaptiveTTL,burst-load,1788092636.611000,108.000311,backend_throughput,all,2.555839537726414
2026-08-30_12-22-08-610689_adaptiveTTL,adaptiveTTL,burst-load,1788092637.611000,109.000311,backend_throughput,all,3.0003333703744857
2026-08-30_12-22-08-610689_adaptiveTTL,adaptiveTTL,burst-load,1788092638.611000,110.000311,backend_throughput,all,3.4444444444444446
2026-08-30_12-22-08-610689_adaptiveTTL,adaptiveTTL,burst-load,1788092639.611000,111.000311,backend_throughput,all,3.777777777777778
2026-08-30_12-22-08-610689_adaptiveTTL,adaptiveTTL,burst-load,1788092640.611000,112.000311,backend_throughput,all,3.8888888888888893
2026-08-30_12-22-08-610689_adaptiveTTL,adaptiveTTL,burst-load,1788092641.611000,113.000311,backend_throughput,all,4.222222222222222
2026-08-30_12-22-08-610689_adaptiveTTL,adaptiveTTL,burst-load,1788092642.611000,114.000311,backend_throughput,all,4.222222222222222
2026-08-30_12-22-08-610689_adaptiveTTL,adaptiveTTL,burst-load,1788092643.611000,115.000311,backend_throughput,all,4.444444444444445
2026-08-30_12-22-08-610689_adaptiveTTL,adaptiveTTL,burst-load,1788092644.611000,116.000311,backend_throughput,all,4
2026-08-30_12-22-08-610689_adaptiveTTL,adaptiveTTL,burst-load,1788092645.611000,117.000311,backend_throughput,all,3.8884568381290974
2026-08-30_12-22-08-610689_adaptiveTTL,adaptiveTTL,burst-load,1788092646.611000,118.000311,backend_throughput,all,3.444061770914343
2026-08-30_12-22-08-610689_adaptiveTTL,adaptiveTTL,burst-load,1788092647.611000,119.000311,backend_throughput,all,3.111111111111111
2026-08-30_12-22-08-610689_adaptiveTTL,adaptiveTTL,burst-load,1788092648.611000,120.000311,backend_throughput,all,2.778395198933096
2026-08-30_12-22-08-610689_adaptiveTTL,adaptiveTTL,burst-load,1788092649.611000,121.000311,backend_throughput,all,2.778704012448594
2026-08-30_12-22-08-610689_adaptiveTTL,adaptiveTTL,burst-load,1788092650.611000,122.000311,backend_throughput,all,2.778395198933096
2026-08-30_12-22-08-610689_adaptiveTTL,adaptiveTTL,burst-load,1788092528.611000,0.000311,active_backend_requests,all,0
2026-08-30_12-22-08-610689_adaptiveTTL,adaptiveTTL,burst-load,1788092529.611000,1.000311,active_backend_requests,all,0
2026-08-30_12-22-08-610689_adaptiveTTL,adaptiveTTL,burst-load,1788092530.611000,2.000311,active_backend_requests,all,5
2026-08-30_12-22-08-610689_adaptiveTTL,adaptiveTTL,burst-load,1788092531.611000,3.000311,active_backend_requests,all,2
2026-08-30_12-22-08-610689_adaptiveTTL,adaptiveTTL,burst-load,1788092532.611000,4.000311,active_backend_requests,all,1
2026-08-30_12-22-08-610689_adaptiveTTL,adaptiveTTL,burst-load,1788092533.611000,5.000311,active_backend_requests,all,2
2026-08-30_12-22-08-610689_adaptiveTTL,adaptiveTTL,burst-load,1788092534.611000,6.000311,active_backend_requests,all,2
2026-08-30_12-22-08-610689_adaptiveTTL,adaptiveTTL,burst-load,1788092535.611000,7.000311,active_backend_requests,all,0
2026-08-30_12-22-08-610689_adaptiveTTL,adaptiveTTL,burst-load,1788092536.611000,8.000311,active_backend_requests,all,1
2026-08-30_12-22-08-610689_adaptiveTTL,adaptiveTTL,burst-load,1788092537.611000,9.000311,active_backend_requests,all,0
2026-08-30_12-22-08-610689_adaptiveTTL,adaptiveTTL,burst-load,1788092538.611000,10.000311,active_backend_requests,all,1
2026-08-30_12-22-08-610689_adaptiveTTL,adaptiveTTL,burst-load,1788092539.611000,11.000311,active_backend_requests,all,0
2026-08-30_12-22-08-610689_adaptiveTTL,adaptiveTTL,burst-load,1788092540.611000,12.000311,active_backend_requests,all,0
2026-08-30_12-22-08-610689_adaptiveTTL,adaptiveTTL,burst-load,1788092541.611000,13.000311,active_backend_requests,all,1
2026-08-30_12-22-08-610689_adaptiveTTL,adaptiveTTL,burst-load,1788092542.611000,14.000311,active_backend_requests,all,0
2026-08-30_12-22-08-610689_adaptiveTTL,adaptiveTTL,burst-load,1788092543.611000,15.000311,active_backend_requests,all,0
2026-08-30_12-22-08-610689_adaptiveTTL,adaptiveTTL,burst-load,1788092544.611000,16.000311,active_backend_requests,all,1
2026-08-30_12-22-08-610689_adaptiveTTL,adaptiveTTL,burst-load,1788092545.611000,17.000311,active_backend_requests,all,1
2026-08-30_12-22-08-610689_adaptiveTTL,adaptiveTTL,burst-load,1788092546.611000,18.000311,active_backend_requests,all,3
2026-08-30_12-22-08-610689_adaptiveTTL,adaptiveTTL,burst-load,1788092547.611000,19.000311,active_backend_requests,all,3
2026-08-30_12-22-08-610689_adaptiveTTL,adaptiveTTL,burst-load,1788092548.611000,20.000311,active_backend_requests,all,1
2026-08-30_12-22-08-610689_adaptiveTTL,adaptiveTTL,burst-load,1788092549.611000,21.000311,active_backend_requests,all,0
2026-08-30_12-22-08-610689_adaptiveTTL,adaptiveTTL,burst-load,1788092550.611000,22.000311,active_backend_requests,all,0
2026-08-30_12-22-08-610689_adaptiveTTL,adaptiveTTL,burst-load,1788092551.611000,23.000311,active_backend_requests,all,1
2026-08-30_12-22-08-610689_adaptiveTTL,adaptiveTTL,burst-load,1788092552.611000,24.000311,active_backend_requests,all,1
2026-08-30_12-22-08-610689_adaptiveTTL,adaptiveTTL,burst-load,1788092553.611000,25.000311,active_backend_requests,all,1
2026-08-30_12-22-08-610689_adaptiveTTL,adaptiveTTL,burst-load,1788092554.611000,26.000311,active_backend_requests,all,1
2026-08-30_12-22-08-610689_adaptiveTTL,adaptiveTTL,burst-load,1788092555.611000,27.000311,active_backend_requests,all,2
2026-08-30_12-22-08-610689_adaptiveTTL,adaptiveTTL,burst-load,1788092556.611000,28.000311,active_backend_requests,all,0
2026-08-30_12-22-08-610689_adaptiveTTL,adaptiveTTL,burst-load,1788092557.611000,29.000311,active_backend_requests,all,0
2026-08-30_12-22-08-610689_adaptiveTTL,adaptiveTTL,burst-load,1788092558.611000,30.000311,active_backend_requests,all,0
2026-08-30_12-22-08-610689_adaptiveTTL,adaptiveTTL,burst-load,1788092559.611000,31.000311,active_backend_requests,all,1
2026-08-30_12-22-08-610689_adaptiveTTL,adaptiveTTL,burst-load,1788092560.611000,32.000311,active_backend_requests,all,4
2026-08-30_12-22-08-610689_adaptiveTTL,adaptiveTTL,burst-load,1788092561.611000,33.000311,active_backend_requests,all,2
2026-08-30_12-22-08-610689_adaptiveTTL,adaptiveTTL,burst-load,1788092562.611000,34.000311,active_backend_requests,all,10
2026-08-30_12-22-08-610689_adaptiveTTL,adaptiveTTL,burst-load,1788092563.611000,35.000311,active_backend_requests,all,5
2026-08-30_12-22-08-610689_adaptiveTTL,adaptiveTTL,burst-load,1788092564.611000,36.000311,active_backend_requests,all,2
2026-08-30_12-22-08-610689_adaptiveTTL,adaptiveTTL,burst-load,1788092565.611000,37.000311,active_backend_requests,all,2
2026-08-30_12-22-08-610689_adaptiveTTL,adaptiveTTL,burst-load,1788092566.611000,38.000311,active_backend_requests,all,2
2026-08-30_12-22-08-610689_adaptiveTTL,adaptiveTTL,burst-load,1788092567.611000,39.000311,active_backend_requests,all,0
2026-08-30_12-22-08-610689_adaptiveTTL,adaptiveTTL,burst-load,1788092568.611000,40.000311,active_backend_requests,all,0
2026-08-30_12-22-08-610689_adaptiveTTL,adaptiveTTL,burst-load,1788092569.611000,41.000311,active_backend_requests,all,1
2026-08-30_12-22-08-610689_adaptiveTTL,adaptiveTTL,burst-load,1788092570.611000,42.000311,active_backend_requests,all,0
2026-08-30_12-22-08-610689_adaptiveTTL,adaptiveTTL,burst-load,1788092571.611000,43.000311,active_backend_requests,all,0
2026-08-30_12-22-08-610689_adaptiveTTL,adaptiveTTL,burst-load,1788092572.611000,44.000311,active_backend_requests,all,2
2026-08-30_12-22-08-610689_adaptiveTTL,adaptiveTTL,burst-load,1788092573.611000,45.000311,active_backend_requests,all,4
2026-08-30_12-22-08-610689_adaptiveTTL,adaptiveTTL,burst-load,1788092574.611000,46.000311,active_backend_requests,all,1
2026-08-30_12-22-08-610689_adaptiveTTL,adaptiveTTL,burst-load,1788092575.611000,47.000311,active_backend_requests,all,4
2026-08-30_12-22-08-610689_adaptiveTTL,adaptiveTTL,burst-load,1788092576.611000,48.000311,active_backend_requests,all,3
2026-08-30_12-22-08-610689_adaptiveTTL,adaptiveTTL,burst-load,1788092577.611000,49.000311,active_backend_requests,all,4
2026-08-30_12-22-08-610689_adaptiveTTL,adaptiveTTL,burst-load,1788092578.611000,50.000311,active_backend_requests,all,0
2026-08-30_12-22-08-610689_adaptiveTTL,adaptiveTTL,burst-load,1788092579.611000,51.000311,active_backend_requests,all,1
2026-08-30_12-22-08-610689_adaptiveTTL,adaptiveTTL,burst-load,1788092580.611000,52.000311,active_backend_requests,all,1
2026-08-30_12-22-08-610689_adaptiveTTL,adaptiveTTL,burst-load,1788092581.611000,53.000311,active_backend_requests,all,5
2026-08-30_12-22-08-610689_adaptiveTTL,adaptiveTTL,burst-load,1788092582.611000,54.000311,active_backend_requests,all,4
2026-08-30_12-22-08-610689_adaptiveTTL,adaptiveTTL,burst-load,1788092583.611000,55.000311,active_backend_requests,all,0
2026-08-30_12-22-08-610689_adaptiveTTL,adaptiveTTL,burst-load,1788092584.611000,56.000311,active_backend_requests,all,2
2026-08-30_12-22-08-610689_adaptiveTTL,adaptiveTTL,burst-load,1788092585.611000,57.000311,active_backend_requests,all,0
2026-08-30_12-22-08-610689_adaptiveTTL,adaptiveTTL,burst-load,1788092586.611000,58.000311,active_backend_requests,all,2
2026-08-30_12-22-08-610689_adaptiveTTL,adaptiveTTL,burst-load,1788092587.611000,59.000311,active_backend_requests,all,0
2026-08-30_12-22-08-610689_adaptiveTTL,adaptiveTTL,burst-load,1788092588.611000,60.000311,active_backend_requests,all,0
2026-08-30_12-22-08-610689_adaptiveTTL,adaptiveTTL,burst-load,1788092589.611000,61.000311,active_backend_requests,all,3
2026-08-30_12-22-08-610689_adaptiveTTL,adaptiveTTL,burst-load,1788092590.611000,62.000311,active_backend_requests,all,1
2026-08-30_12-22-08-610689_adaptiveTTL,adaptiveTTL,burst-load,1788092591.611000,63.000311,active_backend_requests,all,0
2026-08-30_12-22-08-610689_adaptiveTTL,adaptiveTTL,burst-load,1788092592.611000,64.000311,active_backend_requests,all,0
2026-08-30_12-22-08-610689_adaptiveTTL,adaptiveTTL,burst-load,1788092593.611000,65.000311,active_backend_requests,all,0
2026-08-30_12-22-08-610689_adaptiveTTL,adaptiveTTL,burst-load,1788092594.611000,66.000311,active_backend_requests,all,1
2026-08-30_12-22-08-610689_adaptiveTTL,adaptiveTTL,burst-load,1788092595.611000,67.000311,active_backend_requests,all,0
2026-08-30_12-22-08-610689_adaptiveTTL,adaptiveTTL,burst-load,1788092596.611000,68.000311,active_backend_requests,all,0
2026-08-30_12-22-08-610689_adaptiveTTL,adaptiveTTL,burst-load,1788092597.611000,69.000311,active_backend_requests,all,3
2026-08-30_12-22-08-610689_adaptiveTTL,adaptiveTTL,burst-load,1788092598.611000,70.000311,active_backend_requests,all,1
2026-08-30_12-22-08-610689_adaptiveTTL,adaptiveTTL,burst-load,1788092599.611000,71.000311,active_backend_requests,all,2
2026-08-30_12-22-08-610689_adaptiveTTL,adaptiveTTL,burst-load,1788092600.611000,72.000311,active_backend_requests,all,0
2026-08-30_12-22-08-610689_adaptiveTTL,adaptiveTTL,burst-load,1788092601.611000,73.000311,active_backend_requests,all,2
2026-08-30_12-22-08-610689_adaptiveTTL,adaptiveTTL,burst-load,1788092602.611000,74.000311,active_backend_requests,all,2
2026-08-30_12-22-08-610689_adaptiveTTL,adaptiveTTL,burst-load,1788092603.611000,75.000311,active_backend_requests,all,3
2026-08-30_12-22-08-610689_adaptiveTTL,adaptiveTTL,burst-load,1788092604.611000,76.000311,active_backend_requests,all,0
2026-08-30_12-22-08-610689_adaptiveTTL,adaptiveTTL,burst-load,1788092605.611000,77.000311,active_backend_requests,all,5
2026-08-30_12-22-08-610689_adaptiveTTL,adaptiveTTL,burst-load,1788092606.611000,78.000311,active_backend_requests,all,0
2026-08-30_12-22-08-610689_adaptiveTTL,adaptiveTTL,burst-load,1788092607.611000,79.000311,active_backend_requests,all,0
2026-08-30_12-22-08-610689_adaptiveTTL,adaptiveTTL,burst-load,1788092608.611000,80.000311,active_backend_requests,all,0
2026-08-30_12-22-08-610689_adaptiveTTL,adaptiveTTL,burst-load,1788092609.611000,81.000311,active_backend_requests,all,2
2026-08-30_12-22-08-610689_adaptiveTTL,adaptiveTTL,burst-load,1788092610.611000,82.000311,active_backend_requests,all,0
2026-08-30_12-22-08-610689_adaptiveTTL,adaptiveTTL,burst-load,1788092611.611000,83.000311,active_backend_requests,all,0
2026-08-30_12-22-08-610689_adaptiveTTL,adaptiveTTL,burst-load,1788092612.611000,84.000311,active_backend_requests,all,0
2026-08-30_12-22-08-610689_adaptiveTTL,adaptiveTTL,burst-load,1788092613.611000,85.000311,active_backend_requests,all,0
2026-08-30_12-22-08-610689_adaptiveTTL,adaptiveTTL,burst-load,1788092614.611000,86.000311,active_backend_requests,all,0
2026-08-30_12-22-08-610689_adaptiveTTL,adaptiveTTL,burst-load,1788092615.611000,87.000311,active_backend_requests,all,0
2026-08-30_12-22-08-610689_adaptiveTTL,adaptiveTTL,burst-load,1788092616.611000,88.000311,active_backend_requests,all,0
2026-08-30_12-22-08-610689_adaptiveTTL,adaptiveTTL,burst-load,1788092617.611000,89.000311,active_backend_requests,all,0
2026-08-30_12-22-08-610689_adaptiveTTL,adaptiveTTL,burst-load,1788092618.611000,90.000311,active_backend_requests,all,0
2026-08-30_12-22-08-610689_adaptiveTTL,adaptiveTTL,burst-load,1788092619.611000,91.000311,active_backend_requests,all,1
2026-08-30_12-22-08-610689_adaptiveTTL,adaptiveTTL,burst-load,1788092620.611000,92.000311,active_backend_requests,all,0
2026-08-30_12-22-08-610689_adaptiveTTL,adaptiveTTL,burst-load,1788092621.611000,93.000311,active_backend_requests,all,0
2026-08-30_12-22-08-610689_adaptiveTTL,adaptiveTTL,burst-load,1788092622.611000,94.000311,active_backend_requests,all,0
2026-08-30_12-22-08-610689_adaptiveTTL,adaptiveTTL,burst-load,1788092623.611000,95.000311,active_backend_requests,all,0
2026-08-30_12-22-08-610689_adaptiveTTL,adaptiveTTL,burst-load,1788092624.611000,96.000311,active_backend_requests,all,0
2026-08-30_12-22-08-610689_adaptiveTTL,adaptiveTTL,burst-load,1788092625.611000,97.000311,active_backend_requests,all,0
2026-08-30_12-22-08-610689_adaptiveTTL,adaptiveTTL,burst-load,1788092626.611000,98.000311,active_backend_requests,all,1
2026-08-30_12-22-08-610689_adaptiveTTL,adaptiveTTL,burst-load,1788092627.611000,99.000311,active_backend_requests,all,1
2026-08-30_12-22-08-610689_adaptiveTTL,adaptiveTTL,burst-load,1788092628.611000,100.000311,active_backend_requests,all,0
2026-08-30_12-22-08-610689_adaptiveTTL,adaptiveTTL,burst-load,1788092629.611000,101.000311,active_backend_requests,all,0
2026-08-30_12-22-08-610689_adaptiveTTL,adaptiveTTL,burst-load,1788092630.611000,102.000311,active_backend_requests,all,0
2026-08-30_12-22-08-610689_adaptiveTTL,adaptiveTTL,burst-load,1788092631.611000,103.000311,active_backend_requests,all,0
2026-08-30_12-22-08-610689_adaptiveTTL,adaptiveTTL,burst-load,1788092632.611000,104.000311,active_backend_requests,all,0
2026-08-30_12-22-08-610689_adaptiveTTL,adaptiveTTL,burst-load,1788092633.611000,105.000311,active_backend_requests,all,0
2026-08-30_12-22-08-610689_adaptiveTTL,adaptiveTTL,burst-load,1788092634.611000,106.000311,active_backend_requests,all,0
2026-08-30_12-22-08-610689_adaptiveTTL,adaptiveTTL,burst-load,1788092635.611000,107.000311,active_backend_requests,all,1
2026-08-30_12-22-08-610689_adaptiveTTL,adaptiveTTL,burst-load,1788092636.611000,108.000311,active_backend_requests,all,1
2026-08-30_12-22-08-610689_adaptiveTTL,adaptiveTTL,burst-load,1788092637.611000,109.000311,active_backend_requests,all,0
2026-08-30_12-22-08-610689_adaptiveTTL,adaptiveTTL,burst-load,1788092638.611000,110.000311,active_backend_requests,all,2
2026-08-30_12-22-08-610689_adaptiveTTL,adaptiveTTL,burst-load,1788092639.611000,111.000311,active_backend_requests,all,1
2026-08-30_12-22-08-610689_adaptiveTTL,adaptiveTTL,burst-load,1788092640.611000,112.000311,active_backend_requests,all,1
2026-08-30_12-22-08-610689_adaptiveTTL,adaptiveTTL,burst-load,1788092641.611000,113.000311,active_backend_requests,all,1
2026-08-30_12-22-08-610689_adaptiveTTL,adaptiveTTL,burst-load,1788092642.611000,114.000311,active_backend_requests,all,1
2026-08-30_12-22-08-610689_adaptiveTTL,adaptiveTTL,burst-load,1788092643.611000,115.000311,active_backend_requests,all,0
2026-08-30_12-22-08-610689_adaptiveTTL,adaptiveTTL,burst-load,1788092644.611000,116.000311,active_backend_requests,all,0
2026-08-30_12-22-08-610689_adaptiveTTL,adaptiveTTL,burst-load,1788092645.611000,117.000311,active_backend_requests,all,0
2026-08-30_12-22-08-610689_adaptiveTTL,adaptiveTTL,burst-load,1788092646.611000,118.000311,active_backend_requests,all,1
2026-08-30_12-22-08-610689_adaptiveTTL,adaptiveTTL,burst-load,1788092647.611000,119.000311,active_backend_requests,all,0
2026-08-30_12-22-08-610689_adaptiveTTL,adaptiveTTL,burst-load,1788092648.611000,120.000311,active_backend_requests,all,1
2026-08-30_12-22-08-610689_adaptiveTTL,adaptiveTTL,burst-load,1788092649.611000,121.000311,active_backend_requests,all,1
2026-08-30_12-22-08-610689_adaptiveTTL,adaptiveTTL,burst-load,1788092650.611000,122.000311,active_backend_requests,all,1
2026-08-30_12-22-08-610689_adaptiveTTL,adaptiveTTL,burst-load,1788092528.611000,0.000311,failed_request_ratio,all,0
2026-08-30_12-22-08-610689_adaptiveTTL,adaptiveTTL,burst-load,1788092529.611000,1.000311,failed_request_ratio,all,0
2026-08-30_12-22-08-610689_adaptiveTTL,adaptiveTTL,burst-load,1788092530.611000,2.000311,failed_request_ratio,all,0
2026-08-30_12-22-08-610689_adaptiveTTL,adaptiveTTL,burst-load,1788092531.611000,3.000311,failed_request_ratio,all,0
2026-08-30_12-22-08-610689_adaptiveTTL,adaptiveTTL,burst-load,1788092532.611000,4.000311,failed_request_ratio,all,0
2026-08-30_12-22-08-610689_adaptiveTTL,adaptiveTTL,burst-load,1788092533.611000,5.000311,failed_request_ratio,all,0
2026-08-30_12-22-08-610689_adaptiveTTL,adaptiveTTL,burst-load,1788092534.611000,6.000311,failed_request_ratio,all,0
2026-08-30_12-22-08-610689_adaptiveTTL,adaptiveTTL,burst-load,1788092535.611000,7.000311,failed_request_ratio,all,0
2026-08-30_12-22-08-610689_adaptiveTTL,adaptiveTTL,burst-load,1788092536.611000,8.000311,failed_request_ratio,all,0
2026-08-30_12-22-08-610689_adaptiveTTL,adaptiveTTL,burst-load,1788092537.611000,9.000311,failed_request_ratio,all,0
2026-08-30_12-22-08-610689_adaptiveTTL,adaptiveTTL,burst-load,1788092538.611000,10.000311,failed_request_ratio,all,0
2026-08-30_12-22-08-610689_adaptiveTTL,adaptiveTTL,burst-load,1788092539.611000,11.000311,failed_request_ratio,all,0
2026-08-30_12-22-08-610689_adaptiveTTL,adaptiveTTL,burst-load,1788092540.611000,12.000311,failed_request_ratio,all,0
2026-08-30_12-22-08-610689_adaptiveTTL,adaptiveTTL,burst-load,1788092541.611000,13.000311,failed_request_ratio,all,0
2026-08-30_12-22-08-610689_adaptiveTTL,adaptiveTTL,burst-load,1788092542.611000,14.000311,failed_request_ratio,all,0
2026-08-30_12-22-08-610689_adaptiveTTL,adaptiveTTL,burst-load,1788092543.611000,15.000311,failed_request_ratio,all,0
2026-08-30_12-22-08-610689_adaptiveTTL,adaptiveTTL,burst-load,1788092544.611000,16.000311,failed_request_ratio,all,0
2026-08-30_12-22-08-610689_adaptiveTTL,adaptiveTTL,burst-load,1788092545.611000,17.000311,failed_request_ratio,all,0
2026-08-30_12-22-08-610689_adaptiveTTL,adaptiveTTL,burst-load,1788092546.611000,18.000311,failed_request_ratio,all,0
2026-08-30_12-22-08-610689_adaptiveTTL,adaptiveTTL,burst-load,1788092547.611000,19.000311,failed_request_ratio,all,0
2026-08-30_12-22-08-610689_adaptiveTTL,adaptiveTTL,burst-load,1788092548.611000,20.000311,failed_request_ratio,all,0
2026-08-30_12-22-08-610689_adaptiveTTL,adaptiveTTL,burst-load,1788092549.611000,21.000311,failed_request_ratio,all,0
2026-08-30_12-22-08-610689_adaptiveTTL,adaptiveTTL,burst-load,1788092550.611000,22.000311,failed_request_ratio,all,0
2026-08-30_12-22-08-610689_adaptiveTTL,adaptiveTTL,burst-load,1788092551.611000,23.000311,failed_request_ratio,all,0
2026-08-30_12-22-08-610689_adaptiveTTL,adaptiveTTL,burst-load,1788092552.611000,24.000311,failed_request_ratio,all,0
2026-08-30_12-22-08-610689_adaptiveTTL,adaptiveTTL,burst-load,1788092553.611000,25.000311,failed_request_ratio,all,0
2026-08-30_12-22-08-610689_adaptiveTTL,adaptiveTTL,burst-load,1788092554.611000,26.000311,failed_request_ratio,all,0
2026-08-30_12-22-08-610689_adaptiveTTL,adaptiveTTL,burst-load,1788092555.611000,27.000311,failed_request_ratio,all,0
2026-08-30_12-22-08-610689_adaptiveTTL,adaptiveTTL,burst-load,1788092556.611000,28.000311,failed_request_ratio,all,0
2026-08-30_12-22-08-610689_adaptiveTTL,adaptiveTTL,burst-load,1788092557.611000,29.000311,failed_request_ratio,all,0
2026-08-30_12-22-08-610689_adaptiveTTL,adaptiveTTL,burst-load,1788092558.611000,30.000311,failed_request_ratio,all,0
2026-08-30_12-22-08-610689_adaptiveTTL,adaptiveTTL,burst-load,1788092559.611000,31.000311,failed_request_ratio,all,0
2026-08-30_12-22-08-610689_adaptiveTTL,adaptiveTTL,burst-load,1788092560.611000,32.000311,failed_request_ratio,all,0
2026-08-30_12-22-08-610689_adaptiveTTL,adaptiveTTL,burst-load,1788092561.611000,33.000311,failed_request_ratio,all,0
2026-08-30_12-22-08-610689_adaptiveTTL,adaptiveTTL,burst-load,1788092562.611000,34.000311,failed_request_ratio,all,0
2026-08-30_12-22-08-610689_adaptiveTTL,adaptiveTTL,burst-load,1788092563.611000,35.000311,failed_request_ratio,all,0
2026-08-30_12-22-08-610689_adaptiveTTL,adaptiveTTL,burst-load,1788092564.611000,36.000311,failed_request_ratio,all,0
2026-08-30_12-22-08-610689_adaptiveTTL,adaptiveTTL,burst-load,1788092565.611000,37.000311,failed_request_ratio,all,0
2026-08-30_12-22-08-610689_adaptiveTTL,adaptiveTTL,burst-load,1788092566.611000,38.000311,failed_request_ratio,all,0
2026-08-30_12-22-08-610689_adaptiveTTL,adaptiveTTL,burst-load,1788092567.611000,39.000311,failed_request_ratio,all,0
2026-08-30_12-22-08-610689_adaptiveTTL,adaptiveTTL,burst-load,1788092568.611000,40.000311,failed_request_ratio,all,0
2026-08-30_12-22-08-610689_adaptiveTTL,adaptiveTTL,burst-load,1788092569.611000,41.000311,failed_request_ratio,all,0
2026-08-30_12-22-08-610689_adaptiveTTL,adaptiveTTL,burst-load,1788092570.611000,42.000311,failed_request_ratio,all,0
2026-08-30_12-22-08-610689_adaptiveTTL,adaptiveTTL,burst-load,1788092571.611000,43.000311,failed_request_ratio,all,0
2026-08-30_12-22-08-610689_adaptiveTTL,adaptiveTTL,burst-load,1788092572.611000,44.000311,failed_request_ratio,all,0
2026-08-30_12-22-08-610689_adaptiveTTL,adaptiveTTL,burst-load,1788092573.611000,45.000311,failed_request_ratio,all,0
2026-08-30_12-22-08-610689_adaptiveTTL,adaptiveTTL,burst-load,1788092574.611000,46.000311,failed_request_ratio,all,0
2026-08-30_12-22-08-610689_adaptiveTTL,adaptiveTTL,burst-load,1788092575.611000,47.000311,failed_request_ratio,all,0
2026-08-30_12-22-08-610689_adaptiveTTL,adaptiveTTL,burst-load,1788092576.611000,48.000311,failed_request_ratio,all,0
2026-08-30_12-22-08-610689_adaptiveTTL,adaptiveTTL,burst-load,1788092577.611000,49.000311,failed_request_ratio,all,0
2026-08-30_12-22-08-610689_adaptiveTTL,adaptiveTTL,burst-load,1788092578.611000,50.000311,failed_request_ratio,all,0
2026-08-30_12-22-08-610689_adaptiveTTL,adaptiveTTL,burst-load,1788092579.611000,51.000311,failed_request_ratio,all,0
2026-08-30_12-22-08-610689_adaptiveTTL,adaptiveTTL,burst-load,1788092580.611000,52.000311,failed_request_ratio,all,0
2026-08-30_12-22-08-610689_adaptiveTTL,adaptiveTTL,burst-load,1788092581.611000,53.000311,failed_request_ratio,all,0
2026-08-30_12-22-08-610689_adaptiveTTL,adaptiveTTL,burst-load,1788092582.611000,54.000311,failed_request_ratio,all,0
2026-08-30_12-22-08-610689_adaptiveTTL,adaptiveTTL,burst-load,1788092583.611000,55.000311,failed_request_ratio,all,0
2026-08-30_12-22-08-610689_adaptiveTTL,adaptiveTTL,burst-load,1788092584.611000,56.000311,failed_request_ratio,all,0
2026-08-30_12-22-08-610689_adaptiveTTL,adaptiveTTL,burst-load,1788092585.611000,57.000311,failed_request_ratio,all,0
2026-08-30_12-22-08-610689_adaptiveTTL,adaptiveTTL,burst-load,1788092586.611000,58.000311,failed_request_ratio,all,0
2026-08-30_12-22-08-610689_adaptiveTTL,adaptiveTTL,burst-load,1788092587.611000,59.000311,failed_request_ratio,all,0
2026-08-30_12-22-08-610689_adaptiveTTL,adaptiveTTL,burst-load,1788092588.611000,60.000311,failed_request_ratio,all,0
2026-08-30_12-22-08-610689_adaptiveTTL,adaptiveTTL,burst-load,1788092589.611000,61.000311,failed_request_ratio,all,0
2026-08-30_12-22-08-610689_adaptiveTTL,adaptiveTTL,burst-load,1788092590.611000,62.000311,failed_request_ratio,all,0
2026-08-30_12-22-08-610689_adaptiveTTL,adaptiveTTL,burst-load,1788092591.611000,63.000311,failed_request_ratio,all,0
2026-08-30_12-22-08-610689_adaptiveTTL,adaptiveTTL,burst-load,1788092592.611000,64.000311,failed_request_ratio,all,0
2026-08-30_12-22-08-610689_adaptiveTTL,adaptiveTTL,burst-load,1788092593.611000,65.000311,failed_request_ratio,all,0
2026-08-30_12-22-08-610689_adaptiveTTL,adaptiveTTL,burst-load,1788092594.611000,66.000311,failed_request_ratio,all,0
2026-08-30_12-22-08-610689_adaptiveTTL,adaptiveTTL,burst-load,1788092595.611000,67.000311,failed_request_ratio,all,0
2026-08-30_12-22-08-610689_adaptiveTTL,adaptiveTTL,burst-load,1788092596.611000,68.000311,failed_request_ratio,all,0
2026-08-30_12-22-08-610689_adaptiveTTL,adaptiveTTL,burst-load,1788092597.611000,69.000311,failed_request_ratio,all,0
2026-08-30_12-22-08-610689_adaptiveTTL,adaptiveTTL,burst-load,1788092598.611000,70.000311,failed_request_ratio,all,0
2026-08-30_12-22-08-610689_adaptiveTTL,adaptiveTTL,burst-load,1788092599.611000,71.000311,failed_request_ratio,all,0
2026-08-30_12-22-08-610689_adaptiveTTL,adaptiveTTL,burst-load,1788092600.611000,72.000311,failed_request_ratio,all,0
2026-08-30_12-22-08-610689_adaptiveTTL,adaptiveTTL,burst-load,1788092601.611000,73.000311,failed_request_ratio,all,0
2026-08-30_12-22-08-610689_adaptiveTTL,adaptiveTTL,burst-load,1788092602.611000,74.000311,failed_request_ratio,all,0
2026-08-30_12-22-08-610689_adaptiveTTL,adaptiveTTL,burst-load,1788092603.611000,75.000311,failed_request_ratio,all,0
2026-08-30_12-22-08-610689_adaptiveTTL,adaptiveTTL,burst-load,1788092604.611000,76.000311,failed_request_ratio,all,0
2026-08-30_12-22-08-610689_adaptiveTTL,adaptiveTTL,burst-load,1788092605.611000,77.000311,failed_request_ratio,all,0
2026-08-30_12-22-08-610689_adaptiveTTL,adaptiveTTL,burst-load,1788092606.611000,78.000311,failed_request_ratio,all,0
2026-08-30_12-22-08-610689_adaptiveTTL,adaptiveTTL,burst-load,1788092607.611000,79.000311,failed_request_ratio,all,0
2026-08-30_12-22-08-610689_adaptiveTTL,adaptiveTTL,burst-load,1788092608.611000,80.000311,failed_request_ratio,all,0
2026-08-30_12-22-08-610689_adaptiveTTL,adaptiveTTL,burst-load,1788092609.611000,81.000311,failed_request_ratio,all,0
2026-08-30_12-22-08-610689_adaptiveTTL,adaptiveTTL,burst-load,1788092610.611000,82.000311,failed_request_ratio,all,0
2026-08-30_12-22-08-610689_adaptiveTTL,adaptiveTTL,burst-load,1788092611.611000,83.000311,failed_request_ratio,all,0
2026-08-30_12-22-08-610689_adaptiveTTL,adaptiveTTL,burst-load,1788092612.611000,84.000311,failed_request_ratio,all,0
2026-08-30_12-22-08-610689_adaptiveTTL,adaptiveTTL,burst-load,1788092613.611000,85.000311,failed_request_ratio,all,0
2026-08-30_12-22-08-610689_adaptiveTTL,adaptiveTTL,burst-load,1788092614.611000,86.000311,failed_request_ratio,all,0
2026-08-30_12-22-08-610689_adaptiveTTL,adaptiveTTL,burst-load,1788092615.611000,87.000311,failed_request_ratio,all,0
2026-08-30_12-22-08-610689_adaptiveTTL,adaptiveTTL,burst-load,1788092616.611000,88.000311,failed_request_ratio,all,0
2026-08-30_12-22-08-610689_adaptiveTTL,adaptiveTTL,burst-load,1788092617.611000,89.000311,failed_request_ratio,all,0
2026-08-30_12-22-08-610689_adaptiveTTL,adaptiveTTL,burst-load,1788092618.611000,90.000311,failed_request_ratio,all,0
2026-08-30_12-22-08-610689_adaptiveTTL,adaptiveTTL,burst-load,1788092619.611000,91.000311,failed_request_ratio,all,0
2026-08-30_12-22-08-610689_adaptiveTTL,adaptiveTTL,burst-load,1788092620.611000,92.000311,failed_request_ratio,all,0
2026-08-30_12-22-08-610689_adaptiveTTL,adaptiveTTL,burst-load,1788092621.611000,93.000311,failed_request_ratio,all,0
2026-08-30_12-22-08-610689_adaptiveTTL,adaptiveTTL,burst-load,1788092622.611000,94.000311,failed_request_ratio,all,0
2026-08-30_12-22-08-610689_adaptiveTTL,adaptiveTTL,burst-load,1788092623.611000,95.000311,failed_request_ratio,all,0
2026-08-30_12-22-08-610689_adaptiveTTL,adaptiveTTL,burst-load,1788092624.611000,96.000311,failed_request_ratio,all,0
2026-08-30_12-22-08-610689_adaptiveTTL,adaptiveTTL,burst-load,1788092625.611000,97.000311,failed_request_ratio,all,0
2026-08-30_12-22-08-610689_adaptiveTTL,adaptiveTTL,burst-load,1788092626.611000,98.000311,failed_request_ratio,all,0
2026-08-30_12-22-08-610689_adaptiveTTL,adaptiveTTL,burst-load,1788092627.611000,99.000311,failed_request_ratio,all,0
2026-08-30_12-22-08-610689_adaptiveTTL,adaptiveTTL,burst-load,1788092628.611000,100.000311,failed_request_ratio,all,0
2026-08-30_12-22-08-610689_adaptiveTTL,adaptiveTTL,burst-load,1788092629.611000,101.000311,failed_request_ratio,all,0
2026-08-30_12-22-08-610689_adaptiveTTL,adaptiveTTL,burst-load,1788092630.611000,102.000311,failed_request_ratio,all,0
2026-08-30_12-22-08-610689_adaptiveTTL,adaptiveTTL,burst-load,1788092631.611000,103.000311,failed_request_ratio,all,0
2026-08-30_12-22-08-610689_adaptiveTTL,adaptiveTTL,burst-load,1788092632.611000,104.000311,failed_request_ratio,all,0
2026-08-30_12-22-08-610689_adaptiveTTL,adaptiveTTL,burst-load,1788092633.611000,105.000311,failed_request_ratio,all,0
2026-08-30_12-22-08-610689_adaptiveTTL,adaptiveTTL,burst-load,1788092634.611000,106.000311,failed_request_ratio,all,0
2026-08-30_12-22-08-610689_adaptiveTTL,adaptiveTTL,burst-load,1788092635.611000,107.000311,failed_request_ratio,all,0
2026-08-30_12-22-08-610689_adaptiveTTL,adaptiveTTL,burst-load,1788092636.611000,108.000311,failed_request_ratio,all,0
2026-08-30_12-22-08-610689_adaptiveTTL,adaptiveTTL,burst-load,1788092637.611000,109.000311,failed_request_ratio,all,0
2026-08-30_12-22-08-610689_adaptiveTTL,adaptiveTTL,burst-load,1788092638.611000,110.000311,failed_request_ratio,all,0
2026-08-30_12-22-08-610689_adaptiveTTL,adaptiveTTL,burst-load,1788092639.611000,111.000311,failed_request_ratio,all,0
2026-08-30_12-22-08-610689_adaptiveTTL,adaptiveTTL,burst-load,1788092640.611000,112.000311,failed_request_ratio,all,0
2026-08-30_12-22-08-610689_adaptiveTTL,adaptiveTTL,burst-load,1788092641.611000,113.000311,failed_request_ratio,all,0
2026-08-30_12-22-08-610689_adaptiveTTL,adaptiveTTL,burst-load,1788092642.611000,114.000311,failed_request_ratio,all,0
2026-08-30_12-22-08-610689_adaptiveTTL,adaptiveTTL,burst-load,1788092643.611000,115.000311,failed_request_ratio,all,0
2026-08-30_12-22-08-610689_adaptiveTTL,adaptiveTTL,burst-load,1788092644.611000,116.000311,failed_request_ratio,all,0
2026-08-30_12-22-08-610689_adaptiveTTL,adaptiveTTL,burst-load,1788092645.611000,117.000311,failed_request_ratio,all,0
2026-08-30_12-22-08-610689_adaptiveTTL,adaptiveTTL,burst-load,1788092646.611000,118.000311,failed_request_ratio,all,0
2026-08-30_12-22-08-610689_adaptiveTTL,adaptiveTTL,burst-load,1788092647.611000,119.000311,failed_request_ratio,all,0
2026-08-30_12-22-08-610689_adaptiveTTL,adaptiveTTL,burst-load,1788092648.611000,120.000311,failed_request_ratio,all,0
2026-08-30_12-22-08-610689_adaptiveTTL,adaptiveTTL,burst-load,1788092649.611000,121.000311,failed_request_ratio,all,0
2026-08-30_12-22-08-610689_adaptiveTTL,adaptiveTTL,burst-load,1788092650.611000,122.000311,failed_request_ratio,all,0
2026-08-30_12-22-08-610689_adaptiveTTL,adaptiveTTL,burst-load,1788092528.611000,0.000311,singleflight_waiting_requests,all,0
2026-08-30_12-22-08-610689_adaptiveTTL,adaptiveTTL,burst-load,1788092529.611000,1.000311,singleflight_waiting_requests,all,0
2026-08-30_12-22-08-610689_adaptiveTTL,adaptiveTTL,burst-load,1788092530.611000,2.000311,singleflight_waiting_requests,all,0
2026-08-30_12-22-08-610689_adaptiveTTL,adaptiveTTL,burst-load,1788092531.611000,3.000311,singleflight_waiting_requests,all,0
2026-08-30_12-22-08-610689_adaptiveTTL,adaptiveTTL,burst-load,1788092532.611000,4.000311,singleflight_waiting_requests,all,0
2026-08-30_12-22-08-610689_adaptiveTTL,adaptiveTTL,burst-load,1788092533.611000,5.000311,singleflight_waiting_requests,all,0
2026-08-30_12-22-08-610689_adaptiveTTL,adaptiveTTL,burst-load,1788092534.611000,6.000311,singleflight_waiting_requests,all,0
2026-08-30_12-22-08-610689_adaptiveTTL,adaptiveTTL,burst-load,1788092535.611000,7.000311,singleflight_waiting_requests,all,0
2026-08-30_12-22-08-610689_adaptiveTTL,adaptiveTTL,burst-load,1788092536.611000,8.000311,singleflight_waiting_requests,all,0
2026-08-30_12-22-08-610689_adaptiveTTL,adaptiveTTL,burst-load,1788092537.611000,9.000311,singleflight_waiting_requests,all,0
2026-08-30_12-22-08-610689_adaptiveTTL,adaptiveTTL,burst-load,1788092538.611000,10.000311,singleflight_waiting_requests,all,0
2026-08-30_12-22-08-610689_adaptiveTTL,adaptiveTTL,burst-load,1788092539.611000,11.000311,singleflight_waiting_requests,all,0
2026-08-30_12-22-08-610689_adaptiveTTL,adaptiveTTL,burst-load,1788092540.611000,12.000311,singleflight_waiting_requests,all,0
2026-08-30_12-22-08-610689_adaptiveTTL,adaptiveTTL,burst-load,1788092541.611000,13.000311,singleflight_waiting_requests,all,0
2026-08-30_12-22-08-610689_adaptiveTTL,adaptiveTTL,burst-load,1788092542.611000,14.000311,singleflight_waiting_requests,all,0
2026-08-30_12-22-08-610689_adaptiveTTL,adaptiveTTL,burst-load,1788092543.611000,15.000311,singleflight_waiting_requests,all,0
2026-08-30_12-22-08-610689_adaptiveTTL,adaptiveTTL,burst-load,1788092544.611000,16.000311,singleflight_waiting_requests,all,0
2026-08-30_12-22-08-610689_adaptiveTTL,adaptiveTTL,burst-load,1788092545.611000,17.000311,singleflight_waiting_requests,all,0
2026-08-30_12-22-08-610689_adaptiveTTL,adaptiveTTL,burst-load,1788092546.611000,18.000311,singleflight_waiting_requests,all,0
2026-08-30_12-22-08-610689_adaptiveTTL,adaptiveTTL,burst-load,1788092547.611000,19.000311,singleflight_waiting_requests,all,0
2026-08-30_12-22-08-610689_adaptiveTTL,adaptiveTTL,burst-load,1788092548.611000,20.000311,singleflight_waiting_requests,all,0
2026-08-30_12-22-08-610689_adaptiveTTL,adaptiveTTL,burst-load,1788092549.611000,21.000311,singleflight_waiting_requests,all,0
2026-08-30_12-22-08-610689_adaptiveTTL,adaptiveTTL,burst-load,1788092550.611000,22.000311,singleflight_waiting_requests,all,0
2026-08-30_12-22-08-610689_adaptiveTTL,adaptiveTTL,burst-load,1788092551.611000,23.000311,singleflight_waiting_requests,all,0
2026-08-30_12-22-08-610689_adaptiveTTL,adaptiveTTL,burst-load,1788092552.611000,24.000311,singleflight_waiting_requests,all,0
2026-08-30_12-22-08-610689_adaptiveTTL,adaptiveTTL,burst-load,1788092553.611000,25.000311,singleflight_waiting_requests,all,0
2026-08-30_12-22-08-610689_adaptiveTTL,adaptiveTTL,burst-load,1788092554.611000,26.000311,singleflight_waiting_requests,all,0
2026-08-30_12-22-08-610689_adaptiveTTL,adaptiveTTL,burst-load,1788092555.611000,27.000311,singleflight_waiting_requests,all,0
2026-08-30_12-22-08-610689_adaptiveTTL,adaptiveTTL,burst-load,1788092556.611000,28.000311,singleflight_waiting_requests,all,0
2026-08-30_12-22-08-610689_adaptiveTTL,adaptiveTTL,burst-load,1788092557.611000,29.000311,singleflight_waiting_requests,all,0
2026-08-30_12-22-08-610689_adaptiveTTL,adaptiveTTL,burst-load,1788092558.611000,30.000311,singleflight_waiting_requests,all,0
2026-08-30_12-22-08-610689_adaptiveTTL,adaptiveTTL,burst-load,1788092559.611000,31.000311,singleflight_waiting_requests,all,0
2026-08-30_12-22-08-610689_adaptiveTTL,adaptiveTTL,burst-load,1788092560.611000,32.000311,singleflight_waiting_requests,all,0
2026-08-30_12-22-08-610689_adaptiveTTL,adaptiveTTL,burst-load,1788092561.611000,33.000311,singleflight_waiting_requests,all,0
2026-08-30_12-22-08-610689_adaptiveTTL,adaptiveTTL,burst-load,1788092562.611000,34.000311,singleflight_waiting_requests,all,0
2026-08-30_12-22-08-610689_adaptiveTTL,adaptiveTTL,burst-load,1788092563.611000,35.000311,singleflight_waiting_requests,all,0
2026-08-30_12-22-08-610689_adaptiveTTL,adaptiveTTL,burst-load,1788092564.611000,36.000311,singleflight_waiting_requests,all,0
2026-08-30_12-22-08-610689_adaptiveTTL,adaptiveTTL,burst-load,1788092565.611000,37.000311,singleflight_waiting_requests,all,0
2026-08-30_12-22-08-610689_adaptiveTTL,adaptiveTTL,burst-load,1788092566.611000,38.000311,singleflight_waiting_requests,all,0
2026-08-30_12-22-08-610689_adaptiveTTL,adaptiveTTL,burst-load,1788092567.611000,39.000311,singleflight_waiting_requests,all,0
2026-08-30_12-22-08-610689_adaptiveTTL,adaptiveTTL,burst-load,1788092568.611000,40.000311,singleflight_waiting_requests,all,0
2026-08-30_12-22-08-610689_adaptiveTTL,adaptiveTTL,burst-load,1788092569.611000,41.000311,singleflight_waiting_requests,all,0
2026-08-30_12-22-08-610689_adaptiveTTL,adaptiveTTL,burst-load,1788092570.611000,42.000311,singleflight_waiting_requests,all,0
2026-08-30_12-22-08-610689_adaptiveTTL,adaptiveTTL,burst-load,1788092571.611000,43.000311,singleflight_waiting_requests,all,0
2026-08-30_12-22-08-610689_adaptiveTTL,adaptiveTTL,burst-load,1788092572.611000,44.000311,singleflight_waiting_requests,all,0
2026-08-30_12-22-08-610689_adaptiveTTL,adaptiveTTL,burst-load,1788092573.611000,45.000311,singleflight_waiting_requests,all,0
2026-08-30_12-22-08-610689_adaptiveTTL,adaptiveTTL,burst-load,1788092574.611000,46.000311,singleflight_waiting_requests,all,0
2026-08-30_12-22-08-610689_adaptiveTTL,adaptiveTTL,burst-load,1788092575.611000,47.000311,singleflight_waiting_requests,all,0
2026-08-30_12-22-08-610689_adaptiveTTL,adaptiveTTL,burst-load,1788092576.611000,48.000311,singleflight_waiting_requests,all,0
2026-08-30_12-22-08-610689_adaptiveTTL,adaptiveTTL,burst-load,1788092577.611000,49.000311,singleflight_waiting_requests,all,0
2026-08-30_12-22-08-610689_adaptiveTTL,adaptiveTTL,burst-load,1788092578.611000,50.000311,singleflight_waiting_requests,all,0
2026-08-30_12-22-08-610689_adaptiveTTL,adaptiveTTL,burst-load,1788092579.611000,51.000311,singleflight_waiting_requests,all,0
2026-08-30_12-22-08-610689_adaptiveTTL,adaptiveTTL,burst-load,1788092580.611000,52.000311,singleflight_waiting_requests,all,0
2026-08-30_12-22-08-610689_adaptiveTTL,adaptiveTTL,burst-load,1788092581.611000,53.000311,singleflight_waiting_requests,all,0
2026-08-30_12-22-08-610689_adaptiveTTL,adaptiveTTL,burst-load,1788092582.611000,54.000311,singleflight_waiting_requests,all,0
2026-08-30_12-22-08-610689_adaptiveTTL,adaptiveTTL,burst-load,1788092583.611000,55.000311,singleflight_waiting_requests,all,0
2026-08-30_12-22-08-610689_adaptiveTTL,adaptiveTTL,burst-load,1788092584.611000,56.000311,singleflight_waiting_requests,all,0
2026-08-30_12-22-08-610689_adaptiveTTL,adaptiveTTL,burst-load,1788092585.611000,57.000311,singleflight_waiting_requests,all,0
2026-08-30_12-22-08-610689_adaptiveTTL,adaptiveTTL,burst-load,1788092586.611000,58.000311,singleflight_waiting_requests,all,0
2026-08-30_12-22-08-610689_adaptiveTTL,adaptiveTTL,burst-load,1788092587.611000,59.000311,singleflight_waiting_requests,all,0
2026-08-30_12-22-08-610689_adaptiveTTL,adaptiveTTL,burst-load,1788092588.611000,60.000311,singleflight_waiting_requests,all,0
2026-08-30_12-22-08-610689_adaptiveTTL,adaptiveTTL,burst-load,1788092589.611000,61.000311,singleflight_waiting_requests,all,0
2026-08-30_12-22-08-610689_adaptiveTTL,adaptiveTTL,burst-load,1788092590.611000,62.000311,singleflight_waiting_requests,all,0
2026-08-30_12-22-08-610689_adaptiveTTL,adaptiveTTL,burst-load,1788092591.611000,63.000311,singleflight_waiting_requests,all,0
2026-08-30_12-22-08-610689_adaptiveTTL,adaptiveTTL,burst-load,1788092592.611000,64.000311,singleflight_waiting_requests,all,0
2026-08-30_12-22-08-610689_adaptiveTTL,adaptiveTTL,burst-load,1788092593.611000,65.000311,singleflight_waiting_requests,all,0
2026-08-30_12-22-08-610689_adaptiveTTL,adaptiveTTL,burst-load,1788092594.611000,66.000311,singleflight_waiting_requests,all,0
2026-08-30_12-22-08-610689_adaptiveTTL,adaptiveTTL,burst-load,1788092595.611000,67.000311,singleflight_waiting_requests,all,0
2026-08-30_12-22-08-610689_adaptiveTTL,adaptiveTTL,burst-load,1788092596.611000,68.000311,singleflight_waiting_requests,all,0
2026-08-30_12-22-08-610689_adaptiveTTL,adaptiveTTL,burst-load,1788092597.611000,69.000311,singleflight_waiting_requests,all,0
2026-08-30_12-22-08-610689_adaptiveTTL,adaptiveTTL,burst-load,1788092598.611000,70.000311,singleflight_waiting_requests,all,0
2026-08-30_12-22-08-610689_adaptiveTTL,adaptiveTTL,burst-load,1788092599.611000,71.000311,singleflight_waiting_requests,all,0
2026-08-30_12-22-08-610689_adaptiveTTL,adaptiveTTL,burst-load,1788092600.611000,72.000311,singleflight_waiting_requests,all,0
2026-08-30_12-22-08-610689_adaptiveTTL,adaptiveTTL,burst-load,1788092601.611000,73.000311,singleflight_waiting_requests,all,0
2026-08-30_12-22-08-610689_adaptiveTTL,adaptiveTTL,burst-load,1788092602.611000,74.000311,singleflight_waiting_requests,all,0
2026-08-30_12-22-08-610689_adaptiveTTL,adaptiveTTL,burst-load,1788092603.611000,75.000311,singleflight_waiting_requests,all,0
2026-08-30_12-22-08-610689_adaptiveTTL,adaptiveTTL,burst-load,1788092604.611000,76.000311,singleflight_waiting_requests,all,0
2026-08-30_12-22-08-610689_adaptiveTTL,adaptiveTTL,burst-load,1788092605.611000,77.000311,singleflight_waiting_requests,all,0
2026-08-30_12-22-08-610689_adaptiveTTL,adaptiveTTL,burst-load,1788092606.611000,78.000311,singleflight_waiting_requests,all,0
2026-08-30_12-22-08-610689_adaptiveTTL,adaptiveTTL,burst-load,1788092607.611000,79.000311,singleflight_waiting_requests,all,0
2026-08-30_12-22-08-610689_adaptiveTTL,adaptiveTTL,burst-load,1788092608.611000,80.000311,singleflight_waiting_requests,all,0
2026-08-30_12-22-08-610689_adaptiveTTL,adaptiveTTL,burst-load,1788092609.611000,81.000311,singleflight_waiting_requests,all,0
2026-08-30_12-22-08-610689_adaptiveTTL,adaptiveTTL,burst-load,1788092610.611000,82.000311,singleflight_waiting_requests,all,0
2026-08-30_12-22-08-610689_adaptiveTTL,adaptiveTTL,burst-load,1788092611.611000,83.000311,singleflight_waiting_requests,all,0
2026-08-30_12-22-08-610689_adaptiveTTL,adaptiveTTL,burst-load,1788092612.611000,84.000311,singleflight_waiting_requests,all,0
2026-08-30_12-22-08-610689_adaptiveTTL,adaptiveTTL,burst-load,1788092613.611000,85.000311,singleflight_waiting_requests,all,0
2026-08-30_12-22-08-610689_adaptiveTTL,adaptiveTTL,burst-load,1788092614.611000,86.000311,singleflight_waiting_requests,all,0
2026-08-30_12-22-08-610689_adaptiveTTL,adaptiveTTL,burst-load,1788092615.611000,87.000311,singleflight_waiting_requests,all,0
2026-08-30_12-22-08-610689_adaptiveTTL,adaptiveTTL,burst-load,1788092616.611000,88.000311,singleflight_waiting_requests,all,0
2026-08-30_12-22-08-610689_adaptiveTTL,adaptiveTTL,burst-load,1788092617.611000,89.000311,singleflight_waiting_requests,all,0
2026-08-30_12-22-08-610689_adaptiveTTL,adaptiveTTL,burst-load,1788092618.611000,90.000311,singleflight_waiting_requests,all,0
2026-08-30_12-22-08-610689_adaptiveTTL,adaptiveTTL,burst-load,1788092619.611000,91.000311,singleflight_waiting_requests,all,0
2026-08-30_12-22-08-610689_adaptiveTTL,adaptiveTTL,burst-load,1788092620.611000,92.000311,singleflight_waiting_requests,all,0
2026-08-30_12-22-08-610689_adaptiveTTL,adaptiveTTL,burst-load,1788092621.611000,93.000311,singleflight_waiting_requests,all,0
2026-08-30_12-22-08-610689_adaptiveTTL,adaptiveTTL,burst-load,1788092622.611000,94.000311,singleflight_waiting_requests,all,0
2026-08-30_12-22-08-610689_adaptiveTTL,adaptiveTTL,burst-load,1788092623.611000,95.000311,singleflight_waiting_requests,all,0
2026-08-30_12-22-08-610689_adaptiveTTL,adaptiveTTL,burst-load,1788092624.611000,96.000311,singleflight_waiting_requests,all,0
2026-08-30_12-22-08-610689_adaptiveTTL,adaptiveTTL,burst-load,1788092625.611000,97.000311,singleflight_waiting_requests,all,0
2026-08-30_12-22-08-610689_adaptiveTTL,adaptiveTTL,burst-load,1788092626.611000,98.000311,singleflight_waiting_requests,all,0
2026-08-30_12-22-08-610689_adaptiveTTL,adaptiveTTL,burst-load,1788092627.611000,99.000311,singleflight_waiting_requests,all,0
2026-08-30_12-22-08-610689_adaptiveTTL,adaptiveTTL,burst-load,1788092628.611000,100.000311,singleflight_waiting_requests,all,0
2026-08-30_12-22-08-610689_adaptiveTTL,adaptiveTTL,burst-load,1788092629.611000,101.000311,singleflight_waiting_requests,all,0
2026-08-30_12-22-08-610689_adaptiveTTL,adaptiveTTL,burst-load,1788092630.611000,102.000311,singleflight_waiting_requests,all,0
2026-08-30_12-22-08-610689_adaptiveTTL,adaptiveTTL,burst-load,1788092631.611000,103.000311,singleflight_waiting_requests,all,0
2026-08-30_12-22-08-610689_adaptiveTTL,adaptiveTTL,burst-load,1788092632.611000,104.000311,singleflight_waiting_requests,all,0
2026-08-30_12-22-08-610689_adaptiveTTL,adaptiveTTL,burst-load,1788092633.611000,105.000311,singleflight_waiting_requests,all,0
2026-08-30_12-22-08-610689_adaptiveTTL,adaptiveTTL,burst-load,1788092634.611000,106.000311,singleflight_waiting_requests,all,0
2026-08-30_12-22-08-610689_adaptiveTTL,adaptiveTTL,burst-load,1788092635.611000,107.000311,singleflight_waiting_requests,all,0
2026-08-30_12-22-08-610689_adaptiveTTL,adaptiveTTL,burst-load,1788092636.611000,108.000311,singleflight_waiting_requests,all,0
2026-08-30_12-22-08-610689_adaptiveTTL,adaptiveTTL,burst-load,1788092637.611000,109.000311,singleflight_waiting_requests,all,0
2026-08-30_12-22-08-610689_adaptiveTTL,adaptiveTTL,burst-load,1788092638.611000,110.000311,singleflight_waiting_requests,all,0
2026-08-30_12-22-08-610689_adaptiveTTL,adaptiveTTL,burst-load,1788092639.611000,111.000311,singleflight_waiting_requests,all,0
2026-08-30_12-22-08-610689_adaptiveTTL,adaptiveTTL,burst-load,1788092640.611000,112.000311,singleflight_waiting_requests,all,0
2026-08-30_12-22-08-610689_adaptiveTTL,adaptiveTTL,burst-load,1788092641.611000,113.000311,singleflight_waiting_requests,all,0
2026-08-30_12-22-08-610689_adaptiveTTL,adaptiveTTL,burst-load,1788092642.611000,114.000311,singleflight_waiting_requests,all,0
2026-08-30_12-22-08-610689_adaptiveTTL,adaptiveTTL,burst-load,1788092643.611000,115.000311,singleflight_waiting_requests,all,0
2026-08-30_12-22-08-610689_adaptiveTTL,adaptiveTTL,burst-load,1788092644.611000,116.000311,singleflight_waiting_requests,all,0
2026-08-30_12-22-08-610689_adaptiveTTL,adaptiveTTL,burst-load,1788092645.611000,117.000311,singleflight_waiting_requests,all,0
2026-08-30_12-22-08-610689_adaptiveTTL,adaptiveTTL,burst-load,1788092646.611000,118.000311,singleflight_waiting_requests,all,0
2026-08-30_12-22-08-610689_adaptiveTTL,adaptiveTTL,burst-load,1788092647.611000,119.000311,singleflight_waiting_requests,all,0
2026-08-30_12-22-08-610689_adaptiveTTL,adaptiveTTL,burst-load,1788092648.611000,120.000311,singleflight_waiting_requests,all,0
2026-08-30_12-22-08-610689_adaptiveTTL,adaptiveTTL,burst-load,1788092649.611000,121.000311,singleflight_waiting_requests,all,0
2026-08-30_12-22-08-610689_adaptiveTTL,adaptiveTTL,burst-load,1788092650.611000,122.000311,singleflight_waiting_requests,all,0
2026-08-30_12-22-08-610689_adaptiveTTL,adaptiveTTL,burst-load,1788092547.611000,19.000311,faf_by_key,key=/api/backend/1,1
2026-08-30_12-22-08-610689_adaptiveTTL,adaptiveTTL,burst-load,1788092548.611000,20.000311,faf_by_key,key=/api/backend/1,1
2026-08-30_12-22-08-610689_adaptiveTTL,adaptiveTTL,burst-load,1788092549.611000,21.000311,faf_by_key,key=/api/backend/1,1
2026-08-30_12-22-08-610689_adaptiveTTL,adaptiveTTL,burst-load,1788092550.611000,22.000311,faf_by_key,key=/api/backend/1,1
2026-08-30_12-22-08-610689_adaptiveTTL,adaptiveTTL,burst-load,1788092551.611000,23.000311,faf_by_key,key=/api/backend/1,1
2026-08-30_12-22-08-610689_adaptiveTTL,adaptiveTTL,burst-load,1788092552.611000,24.000311,faf_by_key,key=/api/backend/1,1
2026-08-30_12-22-08-610689_adaptiveTTL,adaptiveTTL,burst-load,1788092553.611000,25.000311,faf_by_key,key=/api/backend/1,1
2026-08-30_12-22-08-610689_adaptiveTTL,adaptiveTTL,burst-load,1788092554.611000,26.000311,faf_by_key,key=/api/backend/1,1
2026-08-30_12-22-08-610689_adaptiveTTL,adaptiveTTL,burst-load,1788092555.611000,27.000311,faf_by_key,key=/api/backend/1,1
2026-08-30_12-22-08-610689_adaptiveTTL,adaptiveTTL,burst-load,1788092562.611000,34.000311,faf_by_key,key=/api/backend/1,8.999666666666666
2026-08-30_12-22-08-610689_adaptiveTTL,adaptiveTTL,burst-load,1788092563.611000,35.000311,faf_by_key,key=/api/backend/1,9
2026-08-30_12-22-08-610689_adaptiveTTL,adaptiveTTL,burst-load,1788092564.611000,36.000311,faf_by_key,key=/api/backend/1,9
2026-08-30_12-22-08-610689_adaptiveTTL,adaptiveTTL,burst-load,1788092565.611000,37.000311,faf_by_key,key=/api/backend/1,9.000333407423872
2026-08-30_12-22-08-610689_adaptiveTTL,adaptiveTTL,burst-load,1788092566.611000,38.000311,faf_by_key,key=/api/backend/1,9
2026-08-30_12-22-08-610689_adaptiveTTL,adaptiveTTL,burst-load,1788092567.611000,39.000311,faf_by_key,key=/api/backend/1,9
2026-08-30_12-22-08-610689_adaptiveTTL,adaptiveTTL,burst-load,1788092568.611000,40.000311,faf_by_key,key=/api/backend/1,9
2026-08-30_12-22-08-610689_adaptiveTTL,adaptiveTTL,burst-load,1788092569.611000,41.000311,faf_by_key,key=/api/backend/1,9
2026-08-30_12-22-08-610689_adaptiveTTL,adaptiveTTL,burst-load,1788092570.611000,42.000311,faf_by_key,key=/api/backend/1,7.999777777777777
2026-08-30_12-22-08-610689_adaptiveTTL,adaptiveTTL,burst-load,1788092577.611000,49.000311,faf_by_key,key=/api/backend/1,5
2026-08-30_12-22-08-610689_adaptiveTTL,adaptiveTTL,burst-load,1788092578.611000,50.000311,faf_by_key,key=/api/backend/1,5.000111111111112
2026-08-30_12-22-08-610689_adaptiveTTL,adaptiveTTL,burst-load,1788092579.611000,51.000311,faf_by_key,key=/api/backend/1,5
2026-08-30_12-22-08-610689_adaptiveTTL,adaptiveTTL,burst-load,1788092580.611000,52.000311,faf_by_key,key=/api/backend/1,5
2026-08-30_12-22-08-610689_adaptiveTTL,adaptiveTTL,burst-load,1788092581.611000,53.000311,faf_by_key,key=/api/backend/1,5.000111111111112
2026-08-30_12-22-08-610689_adaptiveTTL,adaptiveTTL,burst-load,1788092582.611000,54.000311,faf_by_key,key=/api/backend/1,4.999888888888889
2026-08-30_12-22-08-610689_adaptiveTTL,adaptiveTTL,burst-load,1788092583.611000,55.000311,faf_by_key,key=/api/backend/1,5
2026-08-30_12-22-08-610689_adaptiveTTL,adaptiveTTL,burst-load,1788092584.611000,56.000311,faf_by_key,key=/api/backend/1,5.000111111111112
2026-08-30_12-22-08-610689_adaptiveTTL,adaptiveTTL,burst-load,1788092585.611000,57.000311,faf_by_key,key=/api/backend/1,5.000222246916324
2026-08-30_12-22-08-610689_adaptiveTTL,adaptiveTTL,burst-load,1788092609.611000,81.000311,faf_by_key,key=/api/backend/1,1
2026-08-30_12-22-08-610689_adaptiveTTL,adaptiveTTL,burst-load,1788092610.611000,82.000311,faf_by_key,key=/api/backend/1,1
2026-08-30_12-22-08-610689_adaptiveTTL,adaptiveTTL,burst-load,1788092611.611000,83.000311,faf_by_key,key=/api/backend/1,1
2026-08-30_12-22-08-610689_adaptiveTTL,adaptiveTTL,burst-load,1788092612.611000,84.000311,faf_by_key,key=/api/backend/1,1
2026-08-30_12-22-08-610689_adaptiveTTL,adaptiveTTL,burst-load,1788092613.611000,85.000311,faf_by_key,key=/api/backend/1,1
2026-08-30_12-22-08-610689_adaptiveTTL,adaptiveTTL,burst-load,1788092614.611000,86.000311,faf_by_key,key=/api/backend/1,1
2026-08-30_12-22-08-610689_adaptiveTTL,adaptiveTTL,burst-load,1788092615.611000,87.000311,faf_by_key,key=/api/backend/1,1
2026-08-30_12-22-08-610689_adaptiveTTL,adaptiveTTL,burst-load,1788092616.611000,88.000311,faf_by_key,key=/api/backend/1,1
2026-08-30_12-22-08-610689_adaptiveTTL,adaptiveTTL,burst-load,1788092617.611000,89.000311,faf_by_key,key=/api/backend/1,1
2026-08-30_12-22-08-610689_adaptiveTTL,adaptiveTTL,burst-load,1788092641.611000,113.000311,faf_by_key,key=/api/backend/1,1.9998889012331962
2026-08-30_12-22-08-610689_adaptiveTTL,adaptiveTTL,burst-load,1788092642.611000,114.000311,faf_by_key,key=/api/backend/1,2.000111111111111
2026-08-30_12-22-08-610689_adaptiveTTL,adaptiveTTL,burst-load,1788092643.611000,115.000311,faf_by_key,key=/api/backend/1,2
2026-08-30_12-22-08-610689_adaptiveTTL,adaptiveTTL,burst-load,1788092644.611000,116.000311,faf_by_key,key=/api/backend/1,2
2026-08-30_12-22-08-610689_adaptiveTTL,adaptiveTTL,burst-load,1788092645.611000,117.000311,faf_by_key,key=/api/backend/1,2
2026-08-30_12-22-08-610689_adaptiveTTL,adaptiveTTL,burst-load,1788092646.611000,118.000311,faf_by_key,key=/api/backend/1,2
2026-08-30_12-22-08-610689_adaptiveTTL,adaptiveTTL,burst-load,1788092647.611000,119.000311,faf_by_key,key=/api/backend/1,2
2026-08-30_12-22-08-610689_adaptiveTTL,adaptiveTTL,burst-load,1788092648.611000,120.000311,faf_by_key,key=/api/backend/1,2
2026-08-30_12-22-08-610689_adaptiveTTL,adaptiveTTL,burst-load,1788092649.611000,121.000311,faf_by_key,key=/api/backend/1,1
2026-08-30_12-22-08-610689_adaptiveTTL,adaptiveTTL,burst-load,1788092546.611000,18.000311,faf_by_key,key=/api/backend/2,2
2026-08-30_12-22-08-610689_adaptiveTTL,adaptiveTTL,burst-load,1788092547.611000,19.000311,faf_by_key,key=/api/backend/2,2
2026-08-30_12-22-08-610689_adaptiveTTL,adaptiveTTL,burst-load,1788092548.611000,20.000311,faf_by_key,key=/api/backend/2,2
2026-08-30_12-22-08-610689_adaptiveTTL,adaptiveTTL,burst-load,1788092549.611000,21.000311,faf_by_key,key=/api/backend/2,2
2026-08-30_12-22-08-610689_adaptiveTTL,adaptiveTTL,burst-load,1788092550.611000,22.000311,faf_by_key,key=/api/backend/2,2
2026-08-30_12-22-08-610689_adaptiveTTL,adaptiveTTL,burst-load,1788092551.611000,23.000311,faf_by_key,key=/api/backend/2,2
2026-08-30_12-22-08-610689_adaptiveTTL,adaptiveTTL,burst-load,1788092552.611000,24.000311,faf_by_key,key=/api/backend/2,2
2026-08-30_12-22-08-610689_adaptiveTTL,adaptiveTTL,burst-load,1788092553.611000,25.000311,faf_by_key,key=/api/backend/2,2
2026-08-30_12-22-08-610689_adaptiveTTL,adaptiveTTL,burst-load,1788092554.611000,26.000311,faf_by_key,key=/api/backend/2,2
2026-08-30_12-22-08-610689_adaptiveTTL,adaptiveTTL,burst-load,1788092562.611000,34.000311,faf_by_key,key=/api/backend/2,4.590782267732268
2026-08-30_12-22-08-610689_adaptiveTTL,adaptiveTTL,burst-load,1788092563.611000,35.000311,faf_by_key,key=/api/backend/2,4.2457731
2026-08-30_12-22-08-610689_adaptiveTTL,adaptiveTTL,burst-load,1788092564.611000,36.000311,faf_by_key,key=/api/backend/2,4.130448733333333
2026-08-30_12-22-08-610689_adaptiveTTL,adaptiveTTL,burst-load,1788092565.611000,37.000311,faf_by_key,key=/api/backend/2,4.072905775000001
2026-08-30_12-22-08-610689_adaptiveTTL,adaptiveTTL,burst-load,1788092566.611000,38.000311,faf_by_key,key=/api/backend/2,4.03818924
2026-08-30_12-22-08-610689_adaptiveTTL,adaptiveTTL,burst-load,1788092567.611000,39.000311,faf_by_key,key=/api/backend/2,4.01535
2026-08-30_12-22-08-610689_adaptiveTTL,adaptiveTTL,burst-load,1788092568.611000,40.000311,faf_by_key,key=/api/backend/2,3.998760442857143
2026-08-30_12-22-08-610689_adaptiveTTL,adaptiveTTL,burst-load,1788092569.611000,41.000311,faf_by_key,key=/api/backend/2,3.9865125000000003
2026-08-30_12-22-08-610689_adaptiveTTL,adaptiveTTL,burst-load,1788092570.611000,42.000311,faf_by_key,key=/api/backend/2,3.9998888888888886
2026-08-30_12-22-08-610689_adaptiveTTL,adaptiveTTL,burst-load,1788092577.611000,49.000311,faf_by_key,key=/api/backend/2,4
2026-08-30_12-22-08-610689_adaptiveTTL,adaptiveTTL,burst-load,1788092578.611000,50.000311,faf_by_key,key=/api/backend/2,4
2026-08-30_12-22-08-610689_adaptiveTTL,adaptiveTTL,burst-load,1788092579.611000,51.000311,faf_by_key,key=/api/backend/2,4
2026-08-30_12-22-08-610689_adaptiveTTL,adaptiveTTL,burst-load,1788092580.611000,52.000311,faf_by_key,key=/api/backend/2,4
2026-08-30_12-22-08-610689_adaptiveTTL,adaptiveTTL,burst-load,1788092581.611000,53.000311,faf_by_key,key=/api/backend/2,4
2026-08-30_12-22-08-610689_adaptiveTTL,adaptiveTTL,burst-load,1788092582.611000,54.000311,faf_by_key,key=/api/backend/2,4
2026-08-30_12-22-08-610689_adaptiveTTL,adaptiveTTL,burst-load,1788092583.611000,55.000311,faf_by_key,key=/api/backend/2,4
2026-08-30_12-22-08-610689_adaptiveTTL,adaptiveTTL,burst-load,1788092584.611000,56.000311,faf_by_key,key=/api/backend/2,4
2026-08-30_12-22-08-610689_adaptiveTTL,adaptiveTTL,burst-load,1788092585.611000,57.000311,faf_by_key,key=/api/backend/2,4
2026-08-30_12-22-08-610689_adaptiveTTL,adaptiveTTL,burst-load,1788092605.611000,77.000311,faf_by_key,key=/api/backend/2,3.9998888888888886
2026-08-30_12-22-08-610689_adaptiveTTL,adaptiveTTL,burst-load,1788092606.611000,78.000311,faf_by_key,key=/api/backend/2,4.00011111111111
2026-08-30_12-22-08-610689_adaptiveTTL,adaptiveTTL,burst-load,1788092607.611000,79.000311,faf_by_key,key=/api/backend/2,4
2026-08-30_12-22-08-610689_adaptiveTTL,adaptiveTTL,burst-load,1788092608.611000,80.000311,faf_by_key,key=/api/backend/2,4.000111123458161
2026-08-30_12-22-08-610689_adaptiveTTL,adaptiveTTL,burst-load,1788092609.611000,81.000311,faf_by_key,key=/api/backend/2,4
2026-08-30_12-22-08-610689_adaptiveTTL,adaptiveTTL,burst-load,1788092610.611000,82.000311,faf_by_key,key=/api/backend/2,4
2026-08-30_12-22-08-610689_adaptiveTTL,adaptiveTTL,burst-load,1788092611.611000,83.000311,faf_by_key,key=/api/backend/2,4
2026-08-30_12-22-08-610689_adaptiveTTL,adaptiveTTL,burst-load,1788092612.611000,84.000311,faf_by_key,key=/api/backend/2,4
2026-08-30_12-22-08-610689_adaptiveTTL,adaptiveTTL,burst-load,1788092613.611000,85.000311,faf_by_key,key=/api/backend/2,4.000222246916324
2026-08-30_12-22-08-610689_adaptiveTTL,adaptiveTTL,burst-load,1788092547.611000,19.000311,faf_by_key,key=/api/backend/3,1
2026-08-30_12-22-08-610689_adaptiveTTL,adaptiveTTL,burst-load,1788092548.611000,20.000311,faf_by_key,key=/api/backend/3,1
2026-08-30_12-22-08-610689_adaptiveTTL,adaptiveTTL,burst-load,1788092549.611000,21.000311,faf_by_key,key=/api/backend/3,1
2026-08-30_12-22-08-610689_adaptiveTTL,adaptiveTTL,burst-load,1788092550.611000,22.000311,faf_by_key,key=/api/backend/3,1
2026-08-30_12-22-08-610689_adaptiveTTL,adaptiveTTL,burst-load,1788092551.611000,23.000311,faf_by_key,key=/api/backend/3,1
2026-08-30_12-22-08-610689_adaptiveTTL,adaptiveTTL,burst-load,1788092552.611000,24.000311,faf_by_key,key=/api/backend/3,1
2026-08-30_12-22-08-610689_adaptiveTTL,adaptiveTTL,burst-load,1788092553.611000,25.000311,faf_by_key,key=/api/backend/3,1
2026-08-30_12-22-08-610689_adaptiveTTL,adaptiveTTL,burst-load,1788092554.611000,26.000311,faf_by_key,key=/api/backend/3,1
2026-08-30_12-22-08-610689_adaptiveTTL,adaptiveTTL,burst-load,1788092555.611000,27.000311,faf_by_key,key=/api/backend/3,1
2026-08-30_12-22-08-610689_adaptiveTTL,adaptiveTTL,burst-load,1788092563.611000,35.000311,faf_by_key,key=/api/backend/3,2
2026-08-30_12-22-08-610689_adaptiveTTL,adaptiveTTL,burst-load,1788092564.611000,36.000311,faf_by_key,key=/api/backend/3,2
2026-08-30_12-22-08-610689_adaptiveTTL,adaptiveTTL,burst-load,1788092565.611000,37.000311,faf_by_key,key=/api/backend/3,2
2026-08-30_12-22-08-610689_adaptiveTTL,adaptiveTTL,burst-load,1788092566.611000,38.000311,faf_by_key,key=/api/backend/3,2
2026-08-30_12-22-08-610689_adaptiveTTL,adaptiveTTL,burst-load,1788092567.611000,39.000311,faf_by_key,key=/api/backend/3,2
2026-08-30_12-22-08-610689_adaptiveTTL,adaptiveTTL,burst-load,1788092568.611000,40.000311,faf_by_key,key=/api/backend/3,2
2026-08-30_12-22-08-610689_adaptiveTTL,adaptiveTTL,burst-load,1788092569.611000,41.000311,faf_by_key,key=/api/backend/3,2
2026-08-30_12-22-08-610689_adaptiveTTL,adaptiveTTL,burst-load,1788092570.611000,42.000311,faf_by_key,key=/api/backend/3,2
2026-08-30_12-22-08-610689_adaptiveTTL,adaptiveTTL,burst-load,1788092571.611000,43.000311,faf_by_key,key=/api/backend/3,2
2026-08-30_12-22-08-610689_adaptiveTTL,adaptiveTTL,burst-load,1788092575.611000,47.000311,faf_by_key,key=/api/backend/3,3
2026-08-30_12-22-08-610689_adaptiveTTL,adaptiveTTL,burst-load,1788092576.611000,48.000311,faf_by_key,key=/api/backend/3,4.000222246916324
2026-08-30_12-22-08-610689_adaptiveTTL,adaptiveTTL,burst-load,1788092577.611000,49.000311,faf_by_key,key=/api/backend/3,4
2026-08-30_12-22-08-610689_adaptiveTTL,adaptiveTTL,burst-load,1788092578.611000,50.000311,faf_by_key,key=/api/backend/3,3.999888901233196
2026-08-30_12-22-08-610689_adaptiveTTL,adaptiveTTL,burst-load,1788092579.611000,51.000311,faf_by_key,key=/api/backend/3,4
2026-08-30_12-22-08-610689_adaptiveTTL,adaptiveTTL,burst-load,1788092580.611000,52.000311,faf_by_key,key=/api/backend/3,4
2026-08-30_12-22-08-610689_adaptiveTTL,adaptiveTTL,burst-load,1788092581.611000,53.000311,faf_by_key,key=/api/backend/3,3.999888901233196
2026-08-30_12-22-08-610689_adaptiveTTL,adaptiveTTL,burst-load,1788092582.611000,54.000311,faf_by_key,key=/api/backend/3,4.000111123458161
2026-08-30_12-22-08-610689_adaptiveTTL,adaptiveTTL,burst-load,1788092583.611000,55.000311,faf_by_key,key=/api/backend/3,4
2026-08-30_12-22-08-610689_adaptiveTTL,adaptiveTTL,burst-load,1788092641.611000,113.000311,faf_by_key,key=/api/backend/3,1
2026-08-30_12-22-08-610689_adaptiveTTL,adaptiveTTL,burst-load,1788092642.611000,114.000311,faf_by_key,key=/api/backend/3,1
2026-08-30_12-22-08-610689_adaptiveTTL,adaptiveTTL,burst-load,1788092643.611000,115.000311,faf_by_key,key=/api/backend/3,1
2026-08-30_12-22-08-610689_adaptiveTTL,adaptiveTTL,burst-load,1788092644.611000,116.000311,faf_by_key,key=/api/backend/3,1
2026-08-30_12-22-08-610689_adaptiveTTL,adaptiveTTL,burst-load,1788092645.611000,117.000311,faf_by_key,key=/api/backend/3,1
2026-08-30_12-22-08-610689_adaptiveTTL,adaptiveTTL,burst-load,1788092646.611000,118.000311,faf_by_key,key=/api/backend/3,1
2026-08-30_12-22-08-610689_adaptiveTTL,adaptiveTTL,burst-load,1788092647.611000,119.000311,faf_by_key,key=/api/backend/3,1
2026-08-30_12-22-08-610689_adaptiveTTL,adaptiveTTL,burst-load,1788092648.611000,120.000311,faf_by_key,key=/api/backend/3,1
2026-08-30_12-22-08-610689_adaptiveTTL,adaptiveTTL,burst-load,1788092649.611000,121.000311,faf_by_key,key=/api/backend/3,1
2026-08-30_12-22-08-610689_adaptiveTTL,adaptiveTTL,burst-load,1788092545.611000,17.000311,faf_by_key,key=/api/backend/4,1
2026-08-30_12-22-08-610689_adaptiveTTL,adaptiveTTL,burst-load,1788092546.611000,18.000311,faf_by_key,key=/api/backend/4,1
2026-08-30_12-22-08-610689_adaptiveTTL,adaptiveTTL,burst-load,1788092547.611000,19.000311,faf_by_key,key=/api/backend/4,1
2026-08-30_12-22-08-610689_adaptiveTTL,adaptiveTTL,burst-load,1788092548.611000,20.000311,faf_by_key,key=/api/backend/4,1
2026-08-30_12-22-08-610689_adaptiveTTL,adaptiveTTL,burst-load,1788092549.611000,21.000311,faf_by_key,key=/api/backend/4,1
2026-08-30_12-22-08-610689_adaptiveTTL,adaptiveTTL,burst-load,1788092550.611000,22.000311,faf_by_key,key=/api/backend/4,1
2026-08-30_12-22-08-610689_adaptiveTTL,adaptiveTTL,burst-load,1788092551.611000,23.000311,faf_by_key,key=/api/backend/4,1
2026-08-30_12-22-08-610689_adaptiveTTL,adaptiveTTL,burst-load,1788092552.611000,24.000311,faf_by_key,key=/api/backend/4,1
2026-08-30_12-22-08-610689_adaptiveTTL,adaptiveTTL,burst-load,1788092553.611000,25.000311,faf_by_key,key=/api/backend/4,1
2026-08-30_12-22-08-610689_adaptiveTTL,adaptiveTTL,burst-load,1788092574.611000,46.000311,faf_by_key,key=/api/backend/4,3
2026-08-30_12-22-08-610689_adaptiveTTL,adaptiveTTL,burst-load,1788092575.611000,47.000311,faf_by_key,key=/api/backend/4,3
2026-08-30_12-22-08-610689_adaptiveTTL,adaptiveTTL,burst-load,1788092576.611000,48.000311,faf_by_key,key=/api/backend/4,3
2026-08-30_12-22-08-610689_adaptiveTTL,adaptiveTTL,burst-load,1788092577.611000,49.000311,faf_by_key,key=/api/backend/4,3
2026-08-30_12-22-08-610689_adaptiveTTL,adaptiveTTL,burst-load,1788092578.611000,50.000311,faf_by_key,key=/api/backend/4,3
2026-08-30_12-22-08-610689_adaptiveTTL,adaptiveTTL,burst-load,1788092579.611000,51.000311,faf_by_key,key=/api/backend/4,3
2026-08-30_12-22-08-610689_adaptiveTTL,adaptiveTTL,burst-load,1788092580.611000,52.000311,faf_by_key,key=/api/backend/4,3
2026-08-30_12-22-08-610689_adaptiveTTL,adaptiveTTL,burst-load,1788092581.611000,53.000311,faf_by_key,key=/api/backend/4,3
2026-08-30_12-22-08-610689_adaptiveTTL,adaptiveTTL,burst-load,1788092582.611000,54.000311,faf_by_key,key=/api/backend/4,3
2026-08-30_12-22-08-610689_adaptiveTTL,adaptiveTTL,burst-load,1788092600.611000,72.000311,faf_by_key,key=/api/backend/4,5
2026-08-30_12-22-08-610689_adaptiveTTL,adaptiveTTL,burst-load,1788092601.611000,73.000311,faf_by_key,key=/api/backend/4,4.999666666666667
2026-08-30_12-22-08-610689_adaptiveTTL,adaptiveTTL,burst-load,1788092602.611000,74.000311,faf_by_key,key=/api/backend/4,5
2026-08-30_12-22-08-610689_adaptiveTTL,adaptiveTTL,burst-load,1788092603.611000,75.000311,faf_by_key,key=/api/backend/4,4.999666666666667
2026-08-30_12-22-08-610689_adaptiveTTL,adaptiveTTL,burst-load,1788092604.611000,76.000311,faf_by_key,key=/api/backend/4,4.999666703699588
2026-08-30_12-22-08-610689_adaptiveTTL,adaptiveTTL,burst-load,1788092605.611000,77.000311,faf_by_key,key=/api/backend/4,4.999666666666667
2026-08-30_12-22-08-610689_adaptiveTTL,adaptiveTTL,burst-load,1788092606.611000,78.000311,faf_by_key,key=/api/backend/4,5.000333333333333
2026-08-30_12-22-08-610689_adaptiveTTL,adaptiveTTL,burst-load,1788092607.611000,79.000311,faf_by_key,key=/api/backend/4,5
2026-08-30_12-22-08-610689_adaptiveTTL,adaptiveTTL,burst-load,1788092608.611000,80.000311,faf_by_key,key=/api/backend/4,5.000333370374486
2026-08-30_12-22-08-610689_adaptiveTTL,adaptiveTTL,burst-load,1788092635.611000,107.000311,faf_by_key,key=/api/backend/4,1
2026-08-30_12-22-08-610689_adaptiveTTL,adaptiveTTL,burst-load,1788092636.611000,108.000311,faf_by_key,key=/api/backend/4,1
2026-08-30_12-22-08-610689_adaptiveTTL,adaptiveTTL,burst-load,1788092637.611000,109.000311,faf_by_key,key=/api/backend/4,1
2026-08-30_12-22-08-610689_adaptiveTTL,adaptiveTTL,burst-load,1788092638.611000,110.000311,faf_by_key,key=/api/backend/4,1
2026-08-30_12-22-08-610689_adaptiveTTL,adaptiveTTL,burst-load,1788092639.611000,111.000311,faf_by_key,key=/api/backend/4,1
2026-08-30_12-22-08-610689_adaptiveTTL,adaptiveTTL,burst-load,1788092640.611000,112.000311,faf_by_key,key=/api/backend/4,1
2026-08-30_12-22-08-610689_adaptiveTTL,adaptiveTTL,burst-load,1788092641.611000,113.000311,faf_by_key,key=/api/backend/4,1
2026-08-30_12-22-08-610689_adaptiveTTL,adaptiveTTL,burst-load,1788092642.611000,114.000311,faf_by_key,key=/api/backend/4,1
2026-08-30_12-22-08-610689_adaptiveTTL,adaptiveTTL,burst-load,1788092643.611000,115.000311,faf_by_key,key=/api/backend/4,1
2026-08-30_12-22-08-610689_adaptiveTTL,adaptiveTTL,burst-load,1788092562.611000,34.000311,faf_by_key,key=/api/backend/5,1.9998888888888888
2026-08-30_12-22-08-610689_adaptiveTTL,adaptiveTTL,burst-load,1788092563.611000,35.000311,faf_by_key,key=/api/backend/5,2
2026-08-30_12-22-08-610689_adaptiveTTL,adaptiveTTL,burst-load,1788092564.611000,36.000311,faf_by_key,key=/api/backend/5,2
2026-08-30_12-22-08-610689_adaptiveTTL,adaptiveTTL,burst-load,1788092565.611000,37.000311,faf_by_key,key=/api/backend/5,2.0001111358079573
2026-08-30_12-22-08-610689_adaptiveTTL,adaptiveTTL,burst-load,1788092566.611000,38.000311,faf_by_key,key=/api/backend/5,2
2026-08-30_12-22-08-610689_adaptiveTTL,adaptiveTTL,burst-load,1788092567.611000,39.000311,faf_by_key,key=/api/backend/5,2
2026-08-30_12-22-08-610689_adaptiveTTL,adaptiveTTL,burst-load,1788092568.611000,40.000311,faf_by_key,key=/api/backend/5,2
2026-08-30_12-22-08-610689_adaptiveTTL,adaptiveTTL,burst-load,1788092569.611000,41.000311,faf_by_key,key=/api/backend/5,2
2026-08-30_12-22-08-610689_adaptiveTTL,adaptiveTTL,burst-load,1788092570.611000,42.000311,faf_by_key,key=/api/backend/5,1.9998888888888888
2026-08-30_12-22-08-610689_adaptiveTTL,adaptiveTTL,burst-load,1788092576.611000,48.000311,faf_by_key,key=/api/backend/5,1
2026-08-30_12-22-08-610689_adaptiveTTL,adaptiveTTL,burst-load,1788092577.611000,49.000311,faf_by_key,key=/api/backend/5,1
2026-08-30_12-22-08-610689_adaptiveTTL,adaptiveTTL,burst-load,1788092578.611000,50.000311,faf_by_key,key=/api/backend/5,1
2026-08-30_12-22-08-610689_adaptiveTTL,adaptiveTTL,burst-load,1788092579.611000,51.000311,faf_by_key,key=/api/backend/5,1
2026-08-30_12-22-08-610689_adaptiveTTL,adaptiveTTL,burst-load,1788092580.611000,52.000311,faf_by_key,key=/api/backend/5,1
2026-08-30_12-22-08-610689_adaptiveTTL,adaptiveTTL,burst-load,1788092581.611000,53.000311,faf_by_key,key=/api/backend/5,1
2026-08-30_12-22-08-610689_adaptiveTTL,adaptiveTTL,burst-load,1788092582.611000,54.000311,faf_by_key,key=/api/backend/5,1
2026-08-30_12-22-08-610689_adaptiveTTL,adaptiveTTL,burst-load,1788092583.611000,55.000311,faf_by_key,key=/api/backend/5,1
2026-08-30_12-22-08-610689_adaptiveTTL,adaptiveTTL,burst-load,1788092584.611000,56.000311,faf_by_key,key=/api/backend/5,1
2026-08-30_12-22-08-610689_adaptiveTTL,adaptiveTTL,burst-load,1788092617.611000,89.000311,faf_by_key,key=/api/backend/5,1
2026-08-30_12-22-08-610689_adaptiveTTL,adaptiveTTL,burst-load,1788092618.611000,90.000311,faf_by_key,key=/api/backend/5,1
2026-08-30_12-22-08-610689_adaptiveTTL,adaptiveTTL,burst-load,1788092619.611000,91.000311,faf_by_key,key=/api/backend/5,1
2026-08-30_12-22-08-610689_adaptiveTTL,adaptiveTTL,burst-load,1788092620.611000,92.000311,faf_by_key,key=/api/backend/5,1
2026-08-30_12-22-08-610689_adaptiveTTL,adaptiveTTL,burst-load,1788092621.611000,93.000311,faf_by_key,key=/api/backend/5,1
2026-08-30_12-22-08-610689_adaptiveTTL,adaptiveTTL,burst-load,1788092622.611000,94.000311,faf_by_key,key=/api/backend/5,1
2026-08-30_12-22-08-610689_adaptiveTTL,adaptiveTTL,burst-load,1788092623.611000,95.000311,faf_by_key,key=/api/backend/5,1
2026-08-30_12-22-08-610689_adaptiveTTL,adaptiveTTL,burst-load,1788092624.611000,96.000311,faf_by_key,key=/api/backend/5,1
2026-08-30_12-22-08-610689_adaptiveTTL,adaptiveTTL,burst-load,1788092625.611000,97.000311,faf_by_key,key=/api/backend/5,1
2026-08-30_12-22-08-610689_adaptiveTTL,adaptiveTTL,burst-load,1788092649.611000,121.000311,faf_by_key,key=/api/backend/5,1
2026-08-30_12-22-08-610689_adaptiveTTL,adaptiveTTL,burst-load,1788092650.611000,122.000311,faf_by_key,key=/api/backend/5,1
2026-08-30_12-22-08-610689_adaptiveTTL,adaptiveTTL,burst-load,1788092560.611000,32.000311,faf_by_key,key=/api/backend/6,1
2026-08-30_12-22-08-610689_adaptiveTTL,adaptiveTTL,burst-load,1788092561.611000,33.000311,faf_by_key,key=/api/backend/6,2.0000000000000004
2026-08-30_12-22-08-610689_adaptiveTTL,adaptiveTTL,burst-load,1788092562.611000,34.000311,faf_by_key,key=/api/backend/6,2.000111123458162
2026-08-30_12-22-08-610689_adaptiveTTL,adaptiveTTL,burst-load,1788092563.611000,35.000311,faf_by_key,key=/api/backend/6,2
2026-08-30_12-22-08-610689_adaptiveTTL,adaptiveTTL,burst-load,1788092564.611000,36.000311,faf_by_key,key=/api/backend/6,2
2026-08-30_12-22-08-610689_adaptiveTTL,adaptiveTTL,burst-load,1788092565.611000,37.000311,faf_by_key,key=/api/backend/6,1.9998888765418381
2026-08-30_12-22-08-610689_adaptiveTTL,adaptiveTTL,burst-load,1788092566.611000,38.000311,faf_by_key,key=/api/backend/6,2
2026-08-30_12-22-08-610689_adaptiveTTL,adaptiveTTL,burst-load,1788092567.611000,39.000311,faf_by_key,key=/api/backend/6,2
2026-08-30_12-22-08-610689_adaptiveTTL,adaptiveTTL,burst-load,1788092568.611000,40.000311,faf_by_key,key=/api/backend/6,2
2026-08-30_12-22-08-610689_adaptiveTTL,adaptiveTTL,burst-load,1788092573.611000,45.000311,faf_by_key,key=/api/backend/6,1
2026-08-30_12-22-08-610689_adaptiveTTL,adaptiveTTL,burst-load,1788092574.611000,46.000311,faf_by_key,key=/api/backend/6,1
2026-08-30_12-22-08-610689_adaptiveTTL,adaptiveTTL,burst-load,1788092575.611000,47.000311,faf_by_key,key=/api/backend/6,1
2026-08-30_12-22-08-610689_adaptiveTTL,adaptiveTTL,burst-load,1788092576.611000,48.000311,faf_by_key,key=/api/backend/6,1
2026-08-30_12-22-08-610689_adaptiveTTL,adaptiveTTL,burst-load,1788092577.611000,49.000311,faf_by_key,key=/api/backend/6,1
2026-08-30_12-22-08-610689_adaptiveTTL,adaptiveTTL,burst-load,1788092578.611000,50.000311,faf_by_key,key=/api/backend/6,1
2026-08-30_12-22-08-610689_adaptiveTTL,adaptiveTTL,burst-load,1788092579.611000,51.000311,faf_by_key,key=/api/backend/6,1
2026-08-30_12-22-08-610689_adaptiveTTL,adaptiveTTL,burst-load,1788092580.611000,52.000311,faf_by_key,key=/api/backend/6,1
2026-08-30_12-22-08-610689_adaptiveTTL,adaptiveTTL,burst-load,1788092581.611000,53.000311,faf_by_key,key=/api/backend/6,1
2026-08-30_12-22-08-610689_adaptiveTTL,adaptiveTTL,burst-load,1788092600.611000,72.000311,faf_by_key,key=/api/backend/6,2
2026-08-30_12-22-08-610689_adaptiveTTL,adaptiveTTL,burst-load,1788092601.611000,73.000311,faf_by_key,key=/api/backend/6,2
2026-08-30_12-22-08-610689_adaptiveTTL,adaptiveTTL,burst-load,1788092602.611000,74.000311,faf_by_key,key=/api/backend/6,2
2026-08-30_12-22-08-610689_adaptiveTTL,adaptiveTTL,burst-load,1788092603.611000,75.000311,faf_by_key,key=/api/backend/6,2
2026-08-30_12-22-08-610689_adaptiveTTL,adaptiveTTL,burst-load,1788092604.611000,76.000311,faf_by_key,key=/api/backend/6,2
2026-08-30_12-22-08-610689_adaptiveTTL,adaptiveTTL,burst-load,1788092605.611000,77.000311,faf_by_key,key=/api/backend/6,2
2026-08-30_12-22-08-610689_adaptiveTTL,adaptiveTTL,burst-load,1788092606.611000,78.000311,faf_by_key,key=/api/backend/6,2
2026-08-30_12-22-08-610689_adaptiveTTL,adaptiveTTL,burst-load,1788092607.611000,79.000311,faf_by_key,key=/api/backend/6,2
2026-08-30_12-22-08-610689_adaptiveTTL,adaptiveTTL,burst-load,1788092608.611000,80.000311,faf_by_key,key=/api/backend/6,2
2026-08-30_12-22-08-610689_adaptiveTTL,adaptiveTTL,burst-load,1788092636.611000,108.000311,faf_by_key,key=/api/backend/6,1
2026-08-30_12-22-08-610689_adaptiveTTL,adaptiveTTL,burst-load,1788092637.611000,109.000311,faf_by_key,key=/api/backend/6,1
2026-08-30_12-22-08-610689_adaptiveTTL,adaptiveTTL,burst-load,1788092638.611000,110.000311,faf_by_key,key=/api/backend/6,1
2026-08-30_12-22-08-610689_adaptiveTTL,adaptiveTTL,burst-load,1788092639.611000,111.000311,faf_by_key,key=/api/backend/6,1
2026-08-30_12-22-08-610689_adaptiveTTL,adaptiveTTL,burst-load,1788092640.611000,112.000311,faf_by_key,key=/api/backend/6,1
2026-08-30_12-22-08-610689_adaptiveTTL,adaptiveTTL,burst-load,1788092641.611000,113.000311,faf_by_key,key=/api/backend/6,1
2026-08-30_12-22-08-610689_adaptiveTTL,adaptiveTTL,burst-load,1788092642.611000,114.000311,faf_by_key,key=/api/backend/6,1
2026-08-30_12-22-08-610689_adaptiveTTL,adaptiveTTL,burst-load,1788092643.611000,115.000311,faf_by_key,key=/api/backend/6,1
2026-08-30_12-22-08-610689_adaptiveTTL,adaptiveTTL,burst-load,1788092644.611000,116.000311,faf_by_key,key=/api/backend/6,1
2026-08-30_12-22-08-610689_adaptiveTTL,adaptiveTTL,burst-load,1788092528.611000,0.000311,average_request_duration,all,0
2026-08-30_12-22-08-610689_adaptiveTTL,adaptiveTTL,burst-load,1788092529.611000,1.000311,average_request_duration,all,0.213054297
2026-08-30_12-22-08-610689_adaptiveTTL,adaptiveTTL,burst-load,1788092530.611000,2.000311,average_request_duration,all,0.22186201966690436
2026-08-30_12-22-08-610689_adaptiveTTL,adaptiveTTL,burst-load,1788092531.611000,3.000311,average_request_duration,all,0.1823991661846647
2026-08-30_12-22-08-610689_adaptiveTTL,adaptiveTTL,burst-load,1788092532.611000,4.000311,average_request_duration,all,0.14714132834979435
2026-08-30_12-22-08-610689_adaptiveTTL,adaptiveTTL,burst-load,1788092533.611000,5.000311,average_request_duration,all,0.12659132360038225
2026-08-30_12-22-08-610689_adaptiveTTL,adaptiveTTL,burst-load,1788092534.611000,6.000311,average_request_duration,all,0.1228801535419301
2026-08-30_12-22-08-610689_adaptiveTTL,adaptiveTTL,burst-load,1788092535.611000,7.000311,average_request_duration,all,0.11267262461541946
2026-08-30_12-22-08-610689_adaptiveTTL,adaptiveTTL,burst-load,1788092536.611000,8.000311,average_request_duration,all,0.10306928636062611
2026-08-30_12-22-08-610689_adaptiveTTL,adaptiveTTL,burst-load,1788092537.611000,9.000311,average_request_duration,all,0.09562165264399353
2026-08-30_12-22-08-610689_adaptiveTTL,adaptiveTTL,burst-load,1788092538.611000,10.000311,average_request_duration,all,0.09192232787242395
2026-08-30_12-22-08-610689_adaptiveTTL,adaptiveTTL,burst-load,1788092539.611000,11.000311,average_request_duration,all,0.0747488626956522
2026-08-30_12-22-08-610689_adaptiveTTL,adaptiveTTL,burst-load,1788092540.611000,12.000311,average_request_duration,all,0.0593751748246576
2026-08-30_12-22-08-610689_adaptiveTTL,adaptiveTTL,burst-load,1788092541.611000,13.000311,average_request_duration,all,0.05357423583204945
2026-08-30_12-22-08-610689_adaptiveTTL,adaptiveTTL,burst-load,1788092542.611000,14.000311,average_request_duration,all,0.04932782846440713
2026-08-30_12-22-08-610689_adaptiveTTL,adaptiveTTL,burst-load,1788092543.611000,15.000311,average_request_duration,all,0.039264934546961304
2026-08-30_12-22-08-610689_adaptiveTTL,adaptiveTTL,burst-load,1788092544.611000,16.000311,average_request_duration,all,0.03443367519065654
2026-08-30_12-22-08-610689_adaptiveTTL,adaptiveTTL,burst-load,1788092545.611000,17.000311,average_request_duration,all,0.0343173570111111
2026-08-30_12-22-08-610689_adaptiveTTL,adaptiveTTL,burst-load,1788092546.611000,18.000311,average_request_duration,all,0.03894114504332199
2026-08-30_12-22-08-610689_adaptiveTTL,adaptiveTTL,burst-load,1788092547.611000,19.000311,average_request_duration,all,0.04404766848603351
2026-08-30_12-22-08-610689_adaptiveTTL,adaptiveTTL,burst-load,1788092548.611000,20.000311,average_request_duration,all,0.044340135435754185
2026-08-30_12-22-08-610689_adaptiveTTL,adaptiveTTL,burst-load,1788092549.611000,21.000311,average_request_duration,all,0.046149093715470976
2026-08-30_12-22-08-610689_adaptiveTTL,adaptiveTTL,burst-load,1788092550.611000,22.000311,average_request_duration,all,0.04534972811731843
2026-08-30_12-22-08-610689_adaptiveTTL,adaptiveTTL,burst-load,1788092551.611000,23.000311,average_request_duration,all,0.04912768029050276
2026-08-30_12-22-08-610689_adaptiveTTL,adaptiveTTL,burst-load,1788092552.611000,24.000311,average_request_duration,all,0.058987454327777744
2026-08-30_12-22-08-610689_adaptiveTTL,adaptiveTTL,burst-load,1788092553.611000,25.000311,average_request_duration,all,0.06259689254444441
2026-08-30_12-22-08-610689_adaptiveTTL,adaptiveTTL,burst-load,1788092554.611000,26.000311,average_request_duration,all,0.06260282068333328
2026-08-30_12-22-08-610689_adaptiveTTL,adaptiveTTL,burst-load,1788092555.611000,27.000311,average_request_duration,all,0.05963277580575081
2026-08-30_12-22-08-610689_adaptiveTTL,adaptiveTTL,burst-load,1788092556.611000,28.000311,average_request_duration,all,0.051913898194444384
2026-08-30_12-22-08-610689_adaptiveTTL,adaptiveTTL,burst-load,1788092557.611000,29.000311,average_request_duration,all,0.0505030582333333
2026-08-30_12-22-08-610689_adaptiveTTL,adaptiveTTL,burst-load,1788092558.611000,30.000311,average_request_duration,all,0.05055930497158597
2026-08-30_12-22-08-610689_adaptiveTTL,adaptiveTTL,burst-load,1788092559.611000,31.000311,average_request_duration,all,0.05064463597282605
2026-08-30_12-22-08-610689_adaptiveTTL,adaptiveTTL,burst-load,1788092560.611000,32.000311,average_request_duration,all,0.037386142184382805
2026-08-30_12-22-08-610689_adaptiveTTL,adaptiveTTL,burst-load,1788092561.611000,33.000311,average_request_duration,all,0.034363281136150295
2026-08-30_12-22-08-610689_adaptiveTTL,adaptiveTTL,burst-load,1788092562.611000,34.000311,average_request_duration,all,0.04002182829775527
2026-08-30_12-22-08-610689_adaptiveTTL,adaptiveTTL,burst-load,1788092563.611000,35.000311,average_request_duration,all,0.03846552996791452
2026-08-30_12-22-08-610689_adaptiveTTL,adaptiveTTL,burst-load,1788092564.611000,36.000311,average_request_duration,all,0.03546775990163941
2026-08-30_12-22-08-610689_adaptiveTTL,adaptiveTTL,burst-load,1788092565.611000,37.000311,average_request_duration,all,0.031827908151414314
2026-08-30_12-22-08-610689_adaptiveTTL,adaptiveTTL,burst-load,1788092566.611000,38.000311,average_request_duration,all,0.028894305112104047
2026-08-30_12-22-08-610689_adaptiveTTL,adaptiveTTL,burst-load,1788092567.611000,39.000311,average_request_duration,all,0.026287725927442603
2026-08-30_12-22-08-610689_adaptiveTTL,adaptiveTTL,burst-load,1788092568.611000,40.000311,average_request_duration,all,0.023623080558709743
2026-08-30_12-22-08-610689_adaptiveTTL,adaptiveTTL,burst-load,1788092569.611000,41.000311,average_request_duration,all,0.022263980849753763
2026-08-30_12-22-08-610689_adaptiveTTL,adaptiveTTL,burst-load,1788092570.611000,42.000311,average_request_duration,all,0.018321933584410918
2026-08-30_12-22-08-610689_adaptiveTTL,adaptiveTTL,burst-load,1788092571.611000,43.000311,average_request_duration,all,0.013408795407894915
2026-08-30_12-22-08-610689_adaptiveTTL,adaptiveTTL,burst-load,1788092572.611000,44.000311,average_request_duration,all,0.010603074930504382
2026-08-30_12-22-08-610689_adaptiveTTL,adaptiveTTL,burst-load,1788092573.611000,45.000311,average_request_duration,all,0.009862047520099896
2026-08-30_12-22-08-610689_adaptiveTTL,adaptiveTTL,burst-load,1788092574.611000,46.000311,average_request_duration,all,0.010090158554663468
2026-08-30_12-22-08-610689_adaptiveTTL,adaptiveTTL,burst-load,1788092575.611000,47.000311,average_request_duration,all,0.0101450658260334
2026-08-30_12-22-08-610689_adaptiveTTL,adaptiveTTL,burst-load,1788092576.611000,48.000311,average_request_duration,all,0.010658467012226086
2026-08-30_12-22-08-610689_adaptiveTTL,adaptiveTTL,burst-load,1788092577.611000,49.000311,average_request_duration,all,0.013271069058750857
2026-08-30_12-22-08-610689_adaptiveTTL,adaptiveTTL,burst-load,1788092578.611000,50.000311,average_request_duration,all,0.013740481182135231
2026-08-30_12-22-08-610689_adaptiveTTL,adaptiveTTL,burst-load,1788092579.611000,51.000311,average_request_duration,all,0.014271112485185262
2026-08-30_12-22-08-610689_adaptiveTTL,adaptiveTTL,burst-load,1788092580.611000,52.000311,average_request_duration,all,0.01425711004385431
2026-08-30_12-22-08-610689_adaptiveTTL,adaptiveTTL,burst-load,1788092581.611000,53.000311,average_request_duration,all,0.014302260267366846
2026-08-30_12-22-08-610689_adaptiveTTL,adaptiveTTL,burst-load,1788092582.611000,54.000311,average_request_duration,all,0.0133202457191925
2026-08-30_12-22-08-610689_adaptiveTTL,adaptiveTTL,burst-load,1788092583.611000,55.000311,average_request_duration,all,0.012172502922887105
2026-08-30_12-22-08-610689_adaptiveTTL,adaptiveTTL,burst-load,1788092584.611000,56.000311,average_request_duration,all,0.011385078876320056
2026-08-30_12-22-08-610689_adaptiveTTL,adaptiveTTL,burst-load,1788092585.611000,57.000311,average_request_duration,all,0.010132318906451006
2026-08-30_12-22-08-610689_adaptiveTTL,adaptiveTTL,burst-load,1788092586.611000,58.000311,average_request_duration,all,0.007676813368064161
2026-08-30_12-22-08-610689_adaptiveTTL,adaptiveTTL,burst-load,1788092587.611000,59.000311,average_request_duration,all,0.006619130453086442
2026-08-30_12-22-08-610689_adaptiveTTL,adaptiveTTL,burst-load,1788092588.611000,60.000311,average_request_duration,all,0.0059400149037631125
2026-08-30_12-22-08-610689_adaptiveTTL,adaptiveTTL,burst-load,1788092589.611000,61.000311,average_request_duration,all,0.005193847233100054
2026-08-30_12-22-08-610689_adaptiveTTL,adaptiveTTL,burst-load,1788092590.611000,62.000311,average_request_duration,all,0.004725337478074671
2026-08-30_12-22-08-610689_adaptiveTTL,adaptiveTTL,burst-load,1788092591.611000,63.000311,average_request_duration,all,0.0038033929118372425
2026-08-30_12-22-08-610689_adaptiveTTL,adaptiveTTL,burst-load,1788092592.611000,64.000311,average_request_duration,all,0.0035205734561728876
2026-08-30_12-22-08-610689_adaptiveTTL,adaptiveTTL,burst-load,1788092593.611000,65.000311,average_request_duration,all,0.0031195274752758694
2026-08-30_12-22-08-610689_adaptiveTTL,adaptiveTTL,burst-load,1788092594.611000,66.000311,average_request_duration,all,0.0029859757753087244
2026-08-30_12-22-08-610689_adaptiveTTL,adaptiveTTL,burst-load,1788092595.611000,67.000311,average_request_duration,all,0.0025617669305706705
2026-08-30_12-22-08-610689_adaptiveTTL,adaptiveTTL,burst-load,1788092596.611000,68.000311,average_request_duration,all,0.002286831548765471
2026-08-30_12-22-08-610689_adaptiveTTL,adaptiveTTL,burst-load,1788092597.611000,69.000311,average_request_duration,all,0.0028264754007421514
2026-08-30_12-22-08-610689_adaptiveTTL,adaptiveTTL,burst-load,1788092598.611000,70.000311,average_request_duration,all,0.0032431088087600925
2026-08-30_12-22-08-610689_adaptiveTTL,adaptiveTTL,burst-load,1788092599.611000,71.000311,average_request_duration,all,0.0035353737103961005
2026-08-30_12-22-08-610689_adaptiveTTL,adaptiveTTL,burst-load,1788092600.611000,72.000311,average_request_duration,all,0.004984961585546696
2026-08-30_12-22-08-610689_adaptiveTTL,adaptiveTTL,burst-load,1788092601.611000,73.000311,average_request_duration,all,0.00514836316259141
2026-08-30_12-22-08-610689_adaptiveTTL,adaptiveTTL,burst-load,1788092602.611000,74.000311,average_request_duration,all,0.005694724923314842
2026-08-30_12-22-08-610689_adaptiveTTL,adaptiveTTL,burst-load,1788092603.611000,75.000311,average_request_duration,all,0.006733587809009058
2026-08-30_12-22-08-610689_adaptiveTTL,adaptiveTTL,burst-load,1788092604.611000,76.000311,average_request_duration,all,0.006883538560675808
2026-08-30_12-22-08-610689_adaptiveTTL,adaptiveTTL,burst-load,1788092605.611000,77.000311,average_request_duration,all,0.008148216514366959
2026-08-30_12-22-08-610689_adaptiveTTL,adaptiveTTL,burst-load,1788092606.611000,78.000311,average_request_duration,all,0.008517668864537009
2026-08-30_12-22-08-610689_adaptiveTTL,adaptiveTTL,burst-load,1788092607.611000,79.000311,average_request_duration,all,0.008671677010226472
2026-08-30_12-22-08-610689_adaptiveTTL,adaptiveTTL,burst-load,1788092608.611000,80.000311,average_request_duration,all,0.008663272955388504
2026-08-30_12-22-08-610689_adaptiveTTL,adaptiveTTL,burst-load,1788092609.611000,81.000311,average_request_duration,all,0.007735358510496199
2026-08-30_12-22-08-610689_adaptiveTTL,adaptiveTTL,burst-load,1788092610.611000,82.000311,average_request_duration,all,0.008827986485939274
2026-08-30_12-22-08-610689_adaptiveTTL,adaptiveTTL,burst-load,1788092611.611000,83.000311,average_request_duration,all,0.009521732903978017
2026-08-30_12-22-08-610689_adaptiveTTL,adaptiveTTL,burst-load,1788092612.611000,84.000311,average_request_duration,all,0.009938754695422478
2026-08-30_12-22-08-610689_adaptiveTTL,adaptiveTTL,burst-load,1788092613.611000,85.000311,average_request_duration,all,0.013797702987886015
2026-08-30_12-22-08-610689_adaptiveTTL,adaptiveTTL,burst-load,1788092614.611000,86.000311,average_request_duration,all,0.01502424692125969
2026-08-30_12-22-08-610689_adaptiveTTL,adaptiveTTL,burst-load,1788092615.611000,87.000311,average_request_duration,all,0.016837109834253846
2026-08-30_12-22-08-610689_adaptiveTTL,adaptiveTTL,burst-load,1788092616.611000,88.000311,average_request_duration,all,0.018126111280309703
2026-08-30_12-22-08-610689_adaptiveTTL,adaptiveTTL,burst-load,1788092617.611000,89.000311,average_request_duration,all,0.021909647335195258
2026-08-30_12-22-08-610689_adaptiveTTL,adaptiveTTL,burst-load,1788092618.611000,90.000311,average_request_duration,all,0.02426708086111068
2026-08-30_12-22-08-610689_adaptiveTTL,adaptiveTTL,burst-load,1788092619.611000,91.000311,average_request_duration,all,0.021791882311110518
2026-08-30_12-22-08-610689_adaptiveTTL,adaptiveTTL,burst-load,1788092620.611000,92.000311,average_request_duration,all,0.021669092812154032
2026-08-30_12-22-08-610689_adaptiveTTL,adaptiveTTL,burst-load,1788092621.611000,93.000311,average_request_duration,all,0.019538701904989127
2026-08-30_12-22-08-610689_adaptiveTTL,adaptiveTTL,burst-load,1788092622.611000,94.000311,average_request_duration,all,0.020726947800762147
2026-08-30_12-22-08-610689_adaptiveTTL,adaptiveTTL,burst-load,1788092623.611000,95.000311,average_request_duration,all,0.023280383407820907
2026-08-30_12-22-08-610689_adaptiveTTL,adaptiveTTL,burst-load,1788092624.611000,96.000311,average_request_duration,all,0.024389601318671583
2026-08-30_12-22-08-610689_adaptiveTTL,adaptiveTTL,burst-load,1788092625.611000,97.000311,average_request_duration,all,0.02333570610614524
2026-08-30_12-22-08-610689_adaptiveTTL,adaptiveTTL,burst-load,1788092626.611000,98.000311,average_request_duration,all,0.025543830934014987
2026-08-30_12-22-08-610689_adaptiveTTL,adaptiveTTL,burst-load,1788092627.611000,99.000311,average_request_duration,all,0.0221434715584943
2026-08-30_12-22-08-610689_adaptiveTTL,adaptiveTTL,burst-load,1788092628.611000,100.000311,average_request_duration,all,0.02439532694650616
2026-08-30_12-22-08-610689_adaptiveTTL,adaptiveTTL,burst-load,1788092629.611000,101.000311,average_request_duration,all,0.023214796411111554
2026-08-30_12-22-08-610689_adaptiveTTL,adaptiveTTL,burst-load,1788092630.611000,102.000311,average_request_duration,all,0.024447882198554764
2026-08-30_12-22-08-610689_adaptiveTTL,adaptiveTTL,burst-load,1788092631.611000,103.000311,average_request_duration,all,0.0242778316222226
2026-08-30_12-22-08-610689_adaptiveTTL,adaptiveTTL,burst-load,1788092632.611000,104.000311,average_request_duration,all,0.02173190681353023
2026-08-30_12-22-08-610689_adaptiveTTL,adaptiveTTL,burst-load,1788092633.611000,105.000311,average_request_duration,all,0.02192074606145284
2026-08-30_12-22-08-610689_adaptiveTTL,adaptiveTTL,burst-load,1788092634.611000,106.000311,average_request_duration,all,0.024021662555189144
2026-08-30_12-22-08-610689_adaptiveTTL,adaptiveTTL,burst-load,1788092635.611000,107.000311,average_request_duration,all,0.021911868719323217
2026-08-30_12-22-08-610689_adaptiveTTL,adaptiveTTL,burst-load,1788092636.611000,108.000311,average_request_duration,all,0.031845210946226915
2026-08-30_12-22-08-610689_adaptiveTTL,adaptiveTTL,burst-load,1788092637.611000,109.000311,average_request_duration,all,0.03317335624444435
2026-08-30_12-22-08-610689_adaptiveTTL,adaptiveTTL,burst-load,1788092638.611000,110.000311,average_request_duration,all,0.038276593787709506
2026-08-30_12-22-08-610689_adaptiveTTL,adaptiveTTL,burst-load,1788092639.611000,111.000311,average_request_duration,all,0.041678210067687516
2026-08-30_12-22-08-610689_adaptiveTTL,adaptiveTTL,burst-load,1788092640.611000,112.000311,average_request_duration,all,0.04101439029786771
2026-08-30_12-22-08-610689_adaptiveTTL,adaptiveTTL,burst-load,1788092641.611000,113.000311,average_request_duration,all,0.04559571694526546
2026-08-30_12-22-08-610689_adaptiveTTL,adaptiveTTL,burst-load,1788092642.611000,114.000311,average_request_duration,all,0.047756792603328914
2026-08-30_12-22-08-610689_adaptiveTTL,adaptiveTTL,burst-load,1788092643.611000,115.000311,average_request_duration,all,0.04807558863687133
2026-08-30_12-22-08-610689_adaptiveTTL,adaptiveTTL,burst-load,1788092644.611000,116.000311,average_request_duration,all,0.04534467328888867
2026-08-30_12-22-08-610689_adaptiveTTL,adaptiveTTL,burst-load,1788092645.611000,117.000311,average_request_duration,all,0.04123358303314889
2026-08-30_12-22-08-610689_adaptiveTTL,adaptiveTTL,burst-load,1788092646.611000,118.000311,average_request_duration,all,0.036736848044692405
2026-08-30_12-22-08-610689_adaptiveTTL,adaptiveTTL,burst-load,1788092647.611000,119.000311,average_request_duration,all,0.03382729029281749
2026-08-30_12-22-08-610689_adaptiveTTL,adaptiveTTL,burst-load,1788092648.611000,120.000311,average_request_duration,all,0.02934698834636858
2026-08-30_12-22-08-610689_adaptiveTTL,adaptiveTTL,burst-load,1788092649.611000,121.000311,average_request_duration,all,0.030371866172222182
2026-08-30_12-22-08-610689_adaptiveTTL,adaptiveTTL,burst-load,1788092650.611000,122.000311,average_request_duration,all,0.030382084320441895
2026-08-30_12-22-08-610689_adaptiveTTL,adaptiveTTL,burst-load,1788092528.611000,0.000311,average_backend_duration,all,0
2026-08-30_12-22-08-610689_adaptiveTTL,adaptiveTTL,burst-load,1788092529.611000,1.000311,average_backend_duration,all,0.211908265
2026-08-30_12-22-08-610689_adaptiveTTL,adaptiveTTL,burst-load,1788092530.611000,2.000311,average_backend_duration,all,0.24964517294149896
2026-08-30_12-22-08-610689_adaptiveTTL,adaptiveTTL,burst-load,1788092531.611000,3.000311,average_backend_duration,all,0.2466440068591488
2026-08-30_12-22-08-610689_adaptiveTTL,adaptiveTTL,burst-load,1788092532.611000,4.000311,average_backend_duration,all,0.24198760440416187
2026-08-30_12-22-08-610689_adaptiveTTL,adaptiveTTL,burst-load,1788092533.611000,5.000311,average_backend_duration,all,0.2402724329287618
2026-08-30_12-22-08-610689_adaptiveTTL,adaptiveTTL,burst-load,1788092534.611000,6.000311,average_backend_duration,all,0.2375798156492922
2026-08-30_12-22-08-610689_adaptiveTTL,adaptiveTTL,burst-load,1788092535.611000,7.000311,average_backend_duration,all,0.23605547809217042
2026-08-30_12-22-08-610689_adaptiveTTL,adaptiveTTL,burst-load,1788092536.611000,8.000311,average_backend_duration,all,0.23528978735441494
2026-08-30_12-22-08-610689_adaptiveTTL,adaptiveTTL,burst-load,1788092537.611000,9.000311,average_backend_duration,all,0.23415694847957966
2026-08-30_12-22-08-610689_adaptiveTTL,adaptiveTTL,burst-load,1788092538.611000,10.000311,average_backend_duration,all,0.23312371807652107
2026-08-30_12-22-08-610689_adaptiveTTL,adaptiveTTL,burst-load,1788092539.611000,11.000311,average_backend_duration,all,0.22783314268333327
2026-08-30_12-22-08-610689_adaptiveTTL,adaptiveTTL,burst-load,1788092540.611000,12.000311,average_backend_duration,all,0.22363854821616566
2026-08-30_12-22-08-610689_adaptiveTTL,adaptiveTTL,burst-load,1788092541.611000,13.000311,average_backend_duration,all,0.22268037210273564
2026-08-30_12-22-08-610689_adaptiveTTL,adaptiveTTL,burst-load,1788092542.611000,14.000311,average_backend_duration,all,0.22150917804019485
2026-08-30_12-22-08-610689_adaptiveTTL,adaptiveTTL,burst-load,1788092543.611000,15.000311,average_backend_duration,all,0.22018930493749977
2026-08-30_12-22-08-610689_adaptiveTTL,adaptiveTTL,burst-load,1788092544.611000,16.000311,average_backend_duration,all,0.21928256930134024
2026-08-30_12-22-08-610689_adaptiveTTL,adaptiveTTL,burst-load,1788092545.611000,17.000311,average_backend_duration,all,0.21857759982142838
2026-08-30_12-22-08-610689_adaptiveTTL,adaptiveTTL,burst-load,1788092546.611000,18.000311,average_backend_duration,all,0.22046828996449136
2026-08-30_12-22-08-610689_adaptiveTTL,adaptiveTTL,burst-load,1788092547.611000,19.000311,average_backend_duration,all,0.22351562731428556
2026-08-30_12-22-08-610689_adaptiveTTL,adaptiveTTL,burst-load,1788092548.611000,20.000311,average_backend_duration,all,0.22497799031428564
2026-08-30_12-22-08-610689_adaptiveTTL,adaptiveTTL,burst-load,1788092549.611000,21.000311,average_backend_duration,all,0.2239857722249045
2026-08-30_12-22-08-610689_adaptiveTTL,adaptiveTTL,burst-load,1788092550.611000,22.000311,average_backend_duration,all,0.2237552445555555
2026-08-30_12-22-08-610689_adaptiveTTL,adaptiveTTL,burst-load,1788092551.611000,23.000311,average_backend_duration,all,0.22384581841025641
2026-08-30_12-22-08-610689_adaptiveTTL,adaptiveTTL,burst-load,1788092552.611000,24.000311,average_backend_duration,all,0.22436199968085102
2026-08-30_12-22-08-610689_adaptiveTTL,adaptiveTTL,burst-load,1788092553.611000,25.000311,average_backend_duration,all,0.22377465387999998
2026-08-30_12-22-08-610689_adaptiveTTL,adaptiveTTL,burst-load,1788092554.611000,26.000311,average_backend_duration,all,0.22373736329999994
2026-08-30_12-22-08-610689_adaptiveTTL,adaptiveTTL,burst-load,1788092555.611000,27.000311,average_backend_duration,all,0.22316235799297932
2026-08-30_12-22-08-610689_adaptiveTTL,adaptiveTTL,burst-load,1788092556.611000,28.000311,average_backend_duration,all,0.22070439880952392
2026-08-30_12-22-08-610689_adaptiveTTL,adaptiveTTL,burst-load,1788092557.611000,29.000311,average_backend_duration,all,0.21993980926829274
2026-08-30_12-22-08-610689_adaptiveTTL,adaptiveTTL,burst-load,1788092558.611000,30.000311,average_backend_duration,all,0.22017431587474698
2026-08-30_12-22-08-610689_adaptiveTTL,adaptiveTTL,burst-load,1788092559.611000,31.000311,average_backend_duration,all,0.21997179211904774
2026-08-30_12-22-08-610689_adaptiveTTL,adaptiveTTL,burst-load,1788092560.611000,32.000311,average_backend_duration,all,0.22144419043809013
2026-08-30_12-22-08-610689_adaptiveTTL,adaptiveTTL,burst-load,1788092561.611000,33.000311,average_backend_duration,all,0.23796745859016397
2026-08-30_12-22-08-610689_adaptiveTTL,adaptiveTTL,burst-load,1788092562.611000,34.000311,average_backend_duration,all,0.2778228237065913
2026-08-30_12-22-08-610689_adaptiveTTL,adaptiveTTL,burst-load,1788092563.611000,35.000311,average_backend_duration,all,0.28305138955445547
2026-08-30_12-22-08-610689_adaptiveTTL,adaptiveTTL,burst-load,1788092564.611000,36.000311,average_backend_duration,all,0.2803359445739131
2026-08-30_12-22-08-610689_adaptiveTTL,adaptiveTTL,burst-load,1788092565.611000,37.000311,average_backend_duration,all,0.278209696880474
2026-08-30_12-22-08-610689_adaptiveTTL,adaptiveTTL,burst-load,1788092566.611000,38.000311,average_backend_duration,all,0.27580944057031276
2026-08-30_12-22-08-610689_adaptiveTTL,adaptiveTTL,burst-load,1788092567.611000,39.000311,average_backend_duration,all,0.27455763434586494
2026-08-30_12-22-08-610689_adaptiveTTL,adaptiveTTL,burst-load,1788092568.611000,40.000311,average_backend_duration,all,0.27510904720454576
2026-08-30_12-22-08-610689_adaptiveTTL,adaptiveTTL,burst-load,1788092569.611000,41.000311,average_backend_duration,all,0.2757782915538464
2026-08-30_12-22-08-610689_adaptiveTTL,adaptiveTTL,burst-load,1788092570.611000,42.000311,average_backend_duration,all,0.2785343605737657
2026-08-30_12-22-08-610689_adaptiveTTL,adaptiveTTL,burst-load,1788092571.611000,43.000311,average_backend_duration,all,0.2503913399285778
2026-08-30_12-22-08-610689_adaptiveTTL,adaptiveTTL,burst-load,1788092572.611000,44.000311,average_backend_duration,all,0.23584993759722267
2026-08-30_12-22-08-610689_adaptiveTTL,adaptiveTTL,burst-load,1788092573.611000,45.000311,average_backend_duration,all,0.23457049922976647
2026-08-30_12-22-08-610689_adaptiveTTL,adaptiveTTL,burst-load,1788092574.611000,46.000311,average_backend_duration,all,0.2365785934411767
2026-08-30_12-22-08-610689_adaptiveTTL,adaptiveTTL,burst-load,1788092575.611000,47.000311,average_backend_duration,all,0.23822019858823532
2026-08-30_12-22-08-610689_adaptiveTTL,adaptiveTTL,burst-load,1788092576.611000,48.000311,average_backend_duration,all,0.23975854539194674
2026-08-30_12-22-08-610689_adaptiveTTL,adaptiveTTL,burst-load,1788092577.611000,49.000311,average_backend_duration,all,0.2464732111279067
2026-08-30_12-22-08-610689_adaptiveTTL,adaptiveTTL,burst-load,1788092578.611000,50.000311,average_backend_duration,all,0.24725315554585003
2026-08-30_12-22-08-610689_adaptiveTTL,adaptiveTTL,burst-load,1788092579.611000,51.000311,average_backend_duration,all,0.2457295512795697
2026-08-30_12-22-08-610689_adaptiveTTL,adaptiveTTL,burst-load,1788092580.611000,52.000311,average_backend_duration,all,0.24539725135483853
2026-08-30_12-22-08-610689_adaptiveTTL,adaptiveTTL,burst-load,1788092581.611000,53.000311,average_backend_duration,all,0.2461594276794284
2026-08-30_12-22-08-610689_adaptiveTTL,adaptiveTTL,burst-load,1788092582.611000,54.000311,average_backend_duration,all,0.24505775194323207
2026-08-30_12-22-08-610689_adaptiveTTL,adaptiveTTL,burst-load,1788092583.611000,55.000311,average_backend_duration,all,0.24347801383749992
2026-08-30_12-22-08-610689_adaptiveTTL,adaptiveTTL,burst-load,1788092584.611000,56.000311,average_backend_duration,all,0.2427444463530623
2026-08-30_12-22-08-610689_adaptiveTTL,adaptiveTTL,burst-load,1788092585.611000,57.000311,average_backend_duration,all,0.24175669622898363
2026-08-30_12-22-08-610689_adaptiveTTL,adaptiveTTL,burst-load,1788092586.611000,58.000311,average_backend_duration,all,0.23073146735849093
2026-08-30_12-22-08-610689_adaptiveTTL,adaptiveTTL,burst-load,1788092587.611000,59.000311,average_backend_duration,all,0.22830317850000054
2026-08-30_12-22-08-610689_adaptiveTTL,adaptiveTTL,burst-load,1788092588.611000,60.000311,average_backend_duration,all,0.22934714134146394
2026-08-30_12-22-08-610689_adaptiveTTL,adaptiveTTL,burst-load,1788092589.611000,61.000311,average_backend_duration,all,0.22727200364635666
2026-08-30_12-22-08-610689_adaptiveTTL,adaptiveTTL,burst-load,1788092590.611000,62.000311,average_backend_duration,all,0.22528211091653313
2026-08-30_12-22-08-610689_adaptiveTTL,adaptiveTTL,burst-load,1788092591.611000,63.000311,average_backend_duration,all,0.21991565566666713
2026-08-30_12-22-08-610689_adaptiveTTL,adaptiveTTL,burst-load,1788092592.611000,64.000311,average_backend_duration,all,0.21892941588000042
2026-08-30_12-22-08-610689_adaptiveTTL,adaptiveTTL,burst-load,1788092593.611000,65.000311,average_backend_duration,all,0.21947269326533783
2026-08-30_12-22-08-610689_adaptiveTTL,adaptiveTTL,burst-load,1788092594.611000,66.000311,average_backend_duration,all,0.2193691720000004
2026-08-30_12-22-08-610689_adaptiveTTL,adaptiveTTL,burst-load,1788092595.611000,67.000311,average_backend_duration,all,0.21778384152554794
2026-08-30_12-22-08-610689_adaptiveTTL,adaptiveTTL,burst-load,1788092596.611000,68.000311,average_backend_duration,all,0.2173008581249998
2026-08-30_12-22-08-610689_adaptiveTTL,adaptiveTTL,burst-load,1788092597.611000,69.000311,average_backend_duration,all,0.21713768909999942
2026-08-30_12-22-08-610689_adaptiveTTL,adaptiveTTL,burst-load,1788092598.611000,70.000311,average_backend_duration,all,0.21865673547826003
2026-08-30_12-22-08-610689_adaptiveTTL,adaptiveTTL,burst-load,1788092599.611000,71.000311,average_backend_duration,all,0.21933966947999922
2026-08-30_12-22-08-610689_adaptiveTTL,adaptiveTTL,burst-load,1788092600.611000,72.000311,average_backend_duration,all,0.22395773242857064
2026-08-30_12-22-08-610689_adaptiveTTL,adaptiveTTL,burst-load,1788092601.611000,73.000311,average_backend_duration,all,0.22500381973730013
2026-08-30_12-22-08-610689_adaptiveTTL,adaptiveTTL,burst-load,1788092602.611000,74.000311,average_backend_duration,all,0.22438749877499922
2026-08-30_12-22-08-610689_adaptiveTTL,adaptiveTTL,burst-load,1788092603.611000,75.000311,average_backend_duration,all,0.22706145318987153
2026-08-30_12-22-08-610689_adaptiveTTL,adaptiveTTL,burst-load,1788092604.611000,76.000311,average_backend_duration,all,0.22740919248693528
2026-08-30_12-22-08-610689_adaptiveTTL,adaptiveTTL,burst-load,1788092605.611000,77.000311,average_backend_duration,all,0.2304261947631373
2026-08-30_12-22-08-610689_adaptiveTTL,adaptiveTTL,burst-load,1788092606.611000,78.000311,average_backend_duration,all,0.2326475203270137
2026-08-30_12-22-08-610689_adaptiveTTL,adaptiveTTL,burst-load,1788092607.611000,79.000311,average_backend_duration,all,0.23331506933999996
2026-08-30_12-22-08-610689_adaptiveTTL,adaptiveTTL,burst-load,1788092608.611000,80.000311,average_backend_duration,all,0.23440331433184586
2026-08-30_12-22-08-610689_adaptiveTTL,adaptiveTTL,burst-load,1788092609.611000,81.000311,average_backend_duration,all,0.23406712782352979
2026-08-30_12-22-08-610689_adaptiveTTL,adaptiveTTL,burst-load,1788092610.611000,82.000311,average_backend_duration,all,0.23382738175757609
2026-08-30_12-22-08-610689_adaptiveTTL,adaptiveTTL,burst-load,1788092611.611000,83.000311,average_backend_duration,all,0.23553439713793123
2026-08-30_12-22-08-610689_adaptiveTTL,adaptiveTTL,burst-load,1788092612.611000,84.000311,average_backend_duration,all,0.23152980679166704
2026-08-30_12-22-08-610689_adaptiveTTL,adaptiveTTL,burst-load,1788092613.611000,85.000311,average_backend_duration,all,0.23100594943181973
2026-08-30_12-22-08-610689_adaptiveTTL,adaptiveTTL,burst-load,1788092614.611000,86.000311,average_backend_duration,all,0.22160299035294131
2026-08-30_12-22-08-610689_adaptiveTTL,adaptiveTTL,burst-load,1788092615.611000,87.000311,average_backend_duration,all,0.21497100357142832
2026-08-30_12-22-08-610689_adaptiveTTL,adaptiveTTL,burst-load,1788092616.611000,88.000311,average_backend_duration,all,0.21479750671619774
2026-08-30_12-22-08-610689_adaptiveTTL,adaptiveTTL,burst-load,1788092617.611000,89.000311,average_backend_duration,all,0.21539163605555545
2026-08-30_12-22-08-610689_adaptiveTTL,adaptiveTTL,burst-load,1788092618.611000,90.000311,average_backend_duration,all,0.21610248270000018
2026-08-30_12-22-08-610689_adaptiveTTL,adaptiveTTL,burst-load,1788092619.611000,91.000311,average_backend_duration,all,0.2154860280555562
2026-08-30_12-22-08-610689_adaptiveTTL,adaptiveTTL,burst-load,1788092620.611000,92.000311,average_backend_duration,all,0.21550821022222325
2026-08-30_12-22-08-610689_adaptiveTTL,adaptiveTTL,burst-load,1788092621.611000,93.000311,average_backend_duration,all,0.21603736657663378
2026-08-30_12-22-08-610689_adaptiveTTL,adaptiveTTL,burst-load,1788092622.611000,94.000311,average_backend_duration,all,0.21699066867565875
2026-08-30_12-22-08-610689_adaptiveTTL,adaptiveTTL,burst-load,1788092623.611000,95.000311,average_backend_duration,all,0.2169938765789486
2026-08-30_12-22-08-610689_adaptiveTTL,adaptiveTTL,burst-load,1788092624.611000,96.000311,average_backend_duration,all,0.21723670283628196
2026-08-30_12-22-08-610689_adaptiveTTL,adaptiveTTL,burst-load,1788092625.611000,97.000311,average_backend_duration,all,0.21750561684210706
2026-08-30_12-22-08-610689_adaptiveTTL,adaptiveTTL,burst-load,1788092626.611000,98.000311,average_backend_duration,all,0.2179000496937588
2026-08-30_12-22-08-610689_adaptiveTTL,adaptiveTTL,burst-load,1788092627.611000,99.000311,average_backend_duration,all,0.21776099918411526
2026-08-30_12-22-08-610689_adaptiveTTL,adaptiveTTL,burst-load,1788092628.611000,100.000311,average_backend_duration,all,0.21718796940422938
2026-08-30_12-22-08-610689_adaptiveTTL,adaptiveTTL,burst-load,1788092629.611000,101.000311,average_backend_duration,all,0.21747215357894853
2026-08-30_12-22-08-610689_adaptiveTTL,adaptiveTTL,burst-load,1788092630.611000,102.000311,average_backend_duration,all,0.2176833594204574
2026-08-30_12-22-08-610689_adaptiveTTL,adaptiveTTL,burst-load,1788092631.611000,103.000311,average_backend_duration,all,0.21615225055000167
2026-08-30_12-22-08-610689_adaptiveTTL,adaptiveTTL,burst-load,1788092632.611000,104.000311,average_backend_duration,all,0.21607318637466208
2026-08-30_12-22-08-610689_adaptiveTTL,adaptiveTTL,burst-load,1788092633.611000,105.000311,average_backend_duration,all,0.21548506900000164
2026-08-30_12-22-08-610689_adaptiveTTL,adaptiveTTL,burst-load,1788092634.611000,106.000311,average_backend_duration,all,0.21514494648653248
2026-08-30_12-22-08-610689_adaptiveTTL,adaptiveTTL,burst-load,1788092635.611000,107.000311,average_backend_duration,all,0.2144338208693258
2026-08-30_12-22-08-610689_adaptiveTTL,adaptiveTTL,burst-load,1788092636.611000,108.000311,average_backend_duration,all,0.21860990473052885
2026-08-30_12-22-08-610689_adaptiveTTL,adaptiveTTL,burst-load,1788092637.611000,109.000311,average_backend_duration,all,0.21939954940740827
2026-08-30_12-22-08-610689_adaptiveTTL,adaptiveTTL,burst-load,1788092638.611000,110.000311,average_backend_duration,all,0.21934796838709758
2026-08-30_12-22-08-610689_adaptiveTTL,adaptiveTTL,burst-load,1788092639.611000,111.000311,average_backend_duration,all,0.21899163691894322
2026-08-30_12-22-08-610689_adaptiveTTL,adaptiveTTL,burst-load,1788092640.611000,112.000311,average_backend_duration,all,0.21953614013243636
2026-08-30_12-22-08-610689_adaptiveTTL,adaptiveTTL,burst-load,1788092641.611000,113.000311,average_backend_duration,all,0.21896587946412713
2026-08-30_12-22-08-610689_adaptiveTTL,adaptiveTTL,burst-load,1788092642.611000,114.000311,average_backend_duration,all,0.2188349688033433
2026-08-30_12-22-08-610689_adaptiveTTL,adaptiveTTL,burst-load,1788092643.611000,115.000311,average_backend_duration,all,0.2190565214102571
2026-08-30_12-22-08-610689_adaptiveTTL,adaptiveTTL,burst-load,1788092644.611000,116.000311,average_backend_duration,all,0.21889913132432492
2026-08-30_12-22-08-610689_adaptiveTTL,adaptiveTTL,burst-load,1788092645.611000,117.000311,average_backend_duration,all,0.21775859561764782
2026-08-30_12-22-08-610689_adaptiveTTL,adaptiveTTL,burst-load,1788092646.611000,118.000311,average_backend_duration,all,0.2172767284333342
2026-08-30_12-22-08-610689_adaptiveTTL,adaptiveTTL,burst-load,1788092647.611000,119.000311,average_backend_duration,all,0.21662201000000078
2026-08-30_12-22-08-610689_adaptiveTTL,adaptiveTTL,burst-load,1788092648.611000,120.000311,average_backend_duration,all,0.21656742795833495
2026-08-30_12-22-08-610689_adaptiveTTL,adaptiveTTL,burst-load,1788092649.611000,121.000311,average_backend_duration,all,0.21638779948000095
2026-08-30_12-22-08-610689_adaptiveTTL,adaptiveTTL,burst-load,1788092650.611000,122.000311,average_backend_duration,all,0.21756973180000044
2026-08-30_12-22-08-610689_adaptiveTTL,adaptiveTTL,burst-load,1788092528.611000,0.000311,failure_amplification_factor,all,0
2026-08-30_12-22-08-610689_adaptiveTTL,adaptiveTTL,burst-load,1788092529.611000,1.000311,failure_amplification_factor,all,0
2026-08-30_12-22-08-610689_adaptiveTTL,adaptiveTTL,burst-load,1788092530.611000,2.000311,failure_amplification_factor,all,0.8625187137905369
2026-08-30_12-22-08-610689_adaptiveTTL,adaptiveTTL,burst-load,1788092531.611000,3.000311,failure_amplification_factor,all,0.6865635723946076
2026-08-30_12-22-08-610689_adaptiveTTL,adaptiveTTL,burst-load,1788092532.611000,4.000311,failure_amplification_factor,all,0.5765763552994662
2026-08-30_12-22-08-610689_adaptiveTTL,adaptiveTTL,burst-load,1788092533.611000,5.000311,failure_amplification_factor,all,0.5333303453269594
2026-08-30_12-22-08-610689_adaptiveTTL,adaptiveTTL,burst-load,1788092534.611000,6.000311,failure_amplification_factor,all,0.5071900930067187
2026-08-30_12-22-08-610689_adaptiveTTL,adaptiveTTL,burst-load,1788092535.611000,7.000311,failure_amplification_factor,all,0.4730938729960073
2026-08-30_12-22-08-610689_adaptiveTTL,adaptiveTTL,burst-load,1788092536.611000,8.000311,failure_amplification_factor,all,0.4415396425184525
2026-08-30_12-22-08-610689_adaptiveTTL,adaptiveTTL,burst-load,1788092537.611000,9.000311,failure_amplification_factor,all,0.4053601271859759
2026-08-30_12-22-08-610689_adaptiveTTL,adaptiveTTL,burst-load,1788092538.611000,10.000311,failure_amplification_factor,all,0.393807339663145
2026-08-30_12-22-08-610689_adaptiveTTL,adaptiveTTL,burst-load,1788092539.611000,11.000311,failure_amplification_factor,all,0.36955916086593066
2026-08-30_12-22-08-610689_adaptiveTTL,adaptiveTTL,burst-load,1788092540.611000,12.000311,failure_amplification_factor,all,0.3451655449120505
2026-08-30_12-22-08-610689_adaptiveTTL,adaptiveTTL,burst-load,1788092541.611000,13.000311,failure_amplification_factor,all,0.33314981025852913
2026-08-30_12-22-08-610689_adaptiveTTL,adaptiveTTL,burst-load,1788092542.611000,14.000311,failure_amplification_factor,all,0.3114430426183212
2026-08-30_12-22-08-610689_adaptiveTTL,adaptiveTTL,burst-load,1788092543.611000,15.000311,failure_amplification_factor,all,0.299965902135758
2026-08-30_12-22-08-610689_adaptiveTTL,adaptiveTTL,burst-load,1788092544.611000,16.000311,failure_amplification_factor,all,0.2866800790825157
2026-08-30_12-22-08-610689_adaptiveTTL,adaptiveTTL,burst-load,1788092545.611000,17.000311,failure_amplification_factor,all,0.2750471213714435
2026-08-30_12-22-08-610689_adaptiveTTL,adaptiveTTL,burst-load,1788092546.611000,18.000311,failure_amplification_factor,all,0.28831746333706004
2026-08-30_12-22-08-610689_adaptiveTTL,adaptiveTTL,burst-load,1788092547.611000,19.000311,failure_amplification_factor,all,0.297341600600054
2026-08-30_12-22-08-610689_adaptiveTTL,adaptiveTTL,burst-load,1788092548.611000,20.000311,failure_amplification_factor,all,0.29224658485280114
2026-08-30_12-22-08-610689_adaptiveTTL,adaptiveTTL,burst-load,1788092549.611000,21.000311,failure_amplification_factor,all,0.2801498188817663
2026-08-30_12-22-08-610689_adaptiveTTL,adaptiveTTL,burst-load,1788092550.611000,22.000311,failure_amplification_factor,all,0.2763550531955408
2026-08-30_12-22-08-610689_adaptiveTTL,adaptiveTTL,burst-load,1788092551.611000,23.000311,failure_amplification_factor,all,0.2774498823063084
2026-08-30_12-22-08-610689_adaptiveTTL,adaptiveTTL,burst-load,1788092552.611000,24.000311,failure_amplification_factor,all,0.28280707113277054
2026-08-30_12-22-08-610689_adaptiveTTL,adaptiveTTL,burst-load,1788092553.611000,25.000311,failure_amplification_factor,all,0.28145335592196
2026-08-30_12-22-08-610689_adaptiveTTL,adaptiveTTL,burst-load,1788092554.611000,26.000311,failure_amplification_factor,all,0.28021430291523974
2026-08-30_12-22-08-610689_adaptiveTTL,adaptiveTTL,burst-load,1788092555.611000,27.000311,failure_amplification_factor,all,0.27907236037799676
2026-08-30_12-22-08-610689_adaptiveTTL,adaptiveTTL,burst-load,1788092556.611000,28.000311,failure_amplification_factor,all,0.27429858485478026
2026-08-30_12-22-08-610689_adaptiveTTL,adaptiveTTL,burst-load,1788092557.611000,29.000311,failure_amplification_factor,all,0.2698739391240402
2026-08-30_12-22-08-610689_adaptiveTTL,adaptiveTTL,burst-load,1788092558.611000,30.000311,failure_amplification_factor,all,0.2657474454303957
2026-08-30_12-22-08-610689_adaptiveTTL,adaptiveTTL,burst-load,1788092559.611000,31.000311,failure_amplification_factor,all,0.26183167553643655
2026-08-30_12-22-08-610689_adaptiveTTL,adaptiveTTL,burst-load,1788092560.611000,32.000311,failure_amplification_factor,all,0.2380686773935255
2026-08-30_12-22-08-610689_adaptiveTTL,adaptiveTTL,burst-load,1788092561.611000,33.000311,failure_amplification_factor,all,0.21396630186194623
2026-08-30_12-22-08-610689_adaptiveTTL,adaptiveTTL,burst-load,1788092562.611000,34.000311,failure_amplification_factor,all,0.20797223337366996
2026-08-30_12-22-08-610689_adaptiveTTL,adaptiveTTL,burst-load,1788092563.611000,35.000311,failure_amplification_factor,all,0.19490227770469382
2026-08-30_12-22-08-610689_adaptiveTTL,adaptiveTTL,burst-load,1788092564.611000,36.000311,failure_amplification_factor,all,0.18022562220827532
2026-08-30_12-22-08-610689_adaptiveTTL,adaptiveTTL,burst-load,1788092565.611000,37.000311,failure_amplification_factor,all,0.16758031872340315
2026-08-30_12-22-08-610689_adaptiveTTL,adaptiveTTL,burst-load,1788092566.611000,38.000311,failure_amplification_factor,all,0.15579595393962284
2026-08-30_12-22-08-610689_adaptiveTTL,adaptiveTTL,burst-load,1788092567.611000,39.000311,failure_amplification_factor,all,0.1451425982551837
2026-08-30_12-22-08-610689_adaptiveTTL,adaptiveTTL,burst-load,1788092568.611000,40.000311,failure_amplification_factor,all,0.1353407059250547
2026-08-30_12-22-08-610689_adaptiveTTL,adaptiveTTL,burst-load,1788092569.611000,41.000311,failure_amplification_factor,all,0.12753150041022168
2026-08-30_12-22-08-610689_adaptiveTTL,adaptiveTTL,burst-load,1788092570.611000,42.000311,failure_amplification_factor,all,0.11839794149919414
2026-08-30_12-22-08-610689_adaptiveTTL,adaptiveTTL,burst-load,1788092571.611000,43.000311,failure_amplification_factor,all,0.11341805167807002
2026-08-30_12-22-08-610689_adaptiveTTL,adaptiveTTL,burst-load,1788092572.611000,44.000311,failure_amplification_factor,all,0.10844088235698976
2026-08-30_12-22-08-610689_adaptiveTTL,adaptiveTTL,burst-load,1788092573.611000,45.000311,failure_amplification_factor,all,0.10693382432341618
2026-08-30_12-22-08-610689_adaptiveTTL,adaptiveTTL,burst-load,1788092574.611000,46.000311,failure_amplification_factor,all,0.10438827929212027
2026-08-30_12-22-08-610689_adaptiveTTL,adaptiveTTL,burst-load,1788092575.611000,47.000311,failure_amplification_factor,all,0.10184813337186965
2026-08-30_12-22-08-610689_adaptiveTTL,adaptiveTTL,burst-load,1788092576.611000,48.000311,failure_amplification_factor,all,0.0998120495624622
2026-08-30_12-22-08-610689_adaptiveTTL,adaptiveTTL,burst-load,1788092577.611000,49.000311,failure_amplification_factor,all,0.10035839711975197
2026-08-30_12-22-08-610689_adaptiveTTL,adaptiveTTL,burst-load,1788092578.611000,50.000311,failure_amplification_factor,all,0.09753696504407082
2026-08-30_12-22-08-610689_adaptiveTTL,adaptiveTTL,burst-load,1788092579.611000,51.000311,failure_amplification_factor,all,0.09428031343371761
2026-08-30_12-22-08-610689_adaptiveTTL,adaptiveTTL,burst-load,1788092580.611000,52.000311,failure_amplification_factor,all,0.09311019724784989
2026-08-30_12-22-08-610689_adaptiveTTL,adaptiveTTL,burst-load,1788092581.611000,53.000311,failure_amplification_factor,all,0.09116267584222543
2026-08-30_12-22-08-610689_adaptiveTTL,adaptiveTTL,burst-load,1788092582.611000,54.000311,failure_amplification_factor,all,0.08916940618461104
2026-08-30_12-22-08-610689_adaptiveTTL,adaptiveTTL,burst-load,1788092583.611000,55.000311,failure_amplification_factor,all,0.08606772845668254
2026-08-30_12-22-08-610689_adaptiveTTL,adaptiveTTL,burst-load,1788092584.611000,56.000311,failure_amplification_factor,all,0.08398347560666836
2026-08-30_12-22-08-610689_adaptiveTTL,adaptiveTTL,burst-load,1788092585.611000,57.000311,failure_amplification_factor,all,0.08146580185234709
2026-08-30_12-22-08-610689_adaptiveTTL,adaptiveTTL,burst-load,1788092586.611000,58.000311,failure_amplification_factor,all,0.07986040527451643
2026-08-30_12-22-08-610689_adaptiveTTL,adaptiveTTL,burst-load,1788092587.611000,59.000311,failure_amplification_factor,all,0.07746007758257824
2026-08-30_12-22-08-610689_adaptiveTTL,adaptiveTTL,burst-load,1788092588.611000,60.000311,failure_amplification_factor,all,0.07503504025823884
2026-08-30_12-22-08-610689_adaptiveTTL,adaptiveTTL,burst-load,1788092589.611000,61.000311,failure_amplification_factor,all,0.07377042075346733
2026-08-30_12-22-08-610689_adaptiveTTL,adaptiveTTL,burst-load,1788092590.611000,62.000311,failure_amplification_factor,all,0.07192490565133682
2026-08-30_12-22-08-610689_adaptiveTTL,adaptiveTTL,burst-load,1788092591.611000,63.000311,failure_amplification_factor,all,0.07002581732016673
2026-08-30_12-22-08-610689_adaptiveTTL,adaptiveTTL,burst-load,1788092592.611000,64.000311,failure_amplification_factor,all,0.06838743041304374
2026-08-30_12-22-08-610689_adaptiveTTL,adaptiveTTL,burst-load,1788092593.611000,65.000311,failure_amplification_factor,all,0.06683701019076585
2026-08-30_12-22-08-610689_adaptiveTTL,adaptiveTTL,burst-load,1788092594.611000,66.000311,failure_amplification_factor,all,0.06536894536665287
2026-08-30_12-22-08-610689_adaptiveTTL,adaptiveTTL,burst-load,1788092595.611000,67.000311,failure_amplification_factor,all,0.06383311510616328
2026-08-30_12-22-08-610689_adaptiveTTL,adaptiveTTL,burst-load,1788092596.611000,68.000311,failure_amplification_factor,all,0.06223492981254133
2026-08-30_12-22-08-610689_adaptiveTTL,adaptiveTTL,burst-load,1788092597.611000,69.000311,failure_amplification_factor,all,0.06152944912810186
2026-08-30_12-22-08-610689_adaptiveTTL,adaptiveTTL,burst-load,1788092598.611000,70.000311,failure_amplification_factor,all,0.060725291225588784
2026-08-30_12-22-08-610689_adaptiveTTL,adaptiveTTL,burst-load,1788092599.611000,71.000311,failure_amplification_factor,all,0.06008806393045845
2026-08-30_12-22-08-610689_adaptiveTTL,adaptiveTTL,burst-load,1788092600.611000,72.000311,failure_amplification_factor,all,0.06011258245575129
2026-08-30_12-22-08-610689_adaptiveTTL,adaptiveTTL,burst-load,1788092601.611000,73.000311,failure_amplification_factor,all,0.05926983108657925
2026-08-30_12-22-08-610689_adaptiveTTL,adaptiveTTL,burst-load,1788092602.611000,74.000311,failure_amplification_factor,all,0.05858479323792434
2026-08-30_12-22-08-610689_adaptiveTTL,adaptiveTTL,burst-load,1788092603.611000,75.000311,failure_amplification_factor,all,0.058402781956826515
2026-08-30_12-22-08-610689_adaptiveTTL,adaptiveTTL,burst-load,1788092604.611000,76.000311,failure_amplification_factor,all,0.05741639682705483
2026-08-30_12-22-08-610689_adaptiveTTL,adaptiveTTL,burst-load,1788092605.611000,77.000311,failure_amplification_factor,all,0.05740528278704879
2026-08-30_12-22-08-610689_adaptiveTTL,adaptiveTTL,burst-load,1788092606.611000,78.000311,failure_amplification_factor,all,0.056936853486380834
2026-08-30_12-22-08-610689_adaptiveTTL,adaptiveTTL,burst-load,1788092607.611000,79.000311,failure_amplification_factor,all,0.05680181239647149
2026-08-30_12-22-08-610689_adaptiveTTL,adaptiveTTL,burst-load,1788092608.611000,80.000311,failure_amplification_factor,all,0.056785272178662166
2026-08-30_12-22-08-610689_adaptiveTTL,adaptiveTTL,burst-load,1788092609.611000,81.000311,failure_amplification_factor,all,0.056993333523801586
2026-08-30_12-22-08-610689_adaptiveTTL,adaptiveTTL,burst-load,1788092610.611000,82.000311,failure_amplification_factor,all,0.05708871891501375
2026-08-30_12-22-08-610689_adaptiveTTL,adaptiveTTL,burst-load,1788092611.611000,83.000311,failure_amplification_factor,all,0.057183687106756774
2026-08-30_12-22-08-610689_adaptiveTTL,adaptiveTTL,burst-load,1788092612.611000,84.000311,failure_amplification_factor,all,0.05716723635959577
2026-08-30_12-22-08-610689_adaptiveTTL,adaptiveTTL,burst-load,1788092613.611000,85.000311,failure_amplification_factor,all,0.057483140500731715
2026-08-30_12-22-08-610689_adaptiveTTL,adaptiveTTL,burst-load,1788092614.611000,86.000311,failure_amplification_factor,all,0.057466114429244125
2026-08-30_12-22-08-610689_adaptiveTTL,adaptiveTTL,burst-load,1788092615.611000,87.000311,failure_amplification_factor,all,0.05733962857229105
2026-08-30_12-22-08-610689_adaptiveTTL,adaptiveTTL,burst-load,1788092616.611000,88.000311,failure_amplification_factor,all,0.05732205129493388
2026-08-30_12-22-08-610689_adaptiveTTL,adaptiveTTL,burst-load,1788092617.611000,89.000311,failure_amplification_factor,all,0.057635336997880655
2026-08-30_12-22-08-610689_adaptiveTTL,adaptiveTTL,burst-load,1788092618.611000,90.000311,failure_amplification_factor,all,0.05783699934015454
2026-08-30_12-22-08-610689_adaptiveTTL,adaptiveTTL,burst-load,1788092619.611000,91.000311,failure_amplification_factor,all,0.058039108973571715
2026-08-30_12-22-08-610689_adaptiveTTL,adaptiveTTL,burst-load,1788092620.611000,92.000311,failure_amplification_factor,all,0.05791267772615643
2026-08-30_12-22-08-610689_adaptiveTTL,adaptiveTTL,burst-load,1788092621.611000,93.000311,failure_amplification_factor,all,0.057894906378801875
2026-08-30_12-22-08-610689_adaptiveTTL,adaptiveTTL,burst-load,1788092622.611000,94.000311,failure_amplification_factor,all,0.058203927974306346
2026-08-30_12-22-08-610689_adaptiveTTL,adaptiveTTL,burst-load,1788092623.611000,95.000311,failure_amplification_factor,all,0.058294668279908625
2026-08-30_12-22-08-610689_adaptiveTTL,adaptiveTTL,burst-load,1788092624.611000,96.000311,failure_amplification_factor,all,0.05838501613299057
2026-08-30_12-22-08-610689_adaptiveTTL,adaptiveTTL,burst-load,1788092625.611000,97.000311,failure_amplification_factor,all,0.05836685237036584
2026-08-30_12-22-08-610689_adaptiveTTL,adaptiveTTL,burst-load,1788092626.611000,98.000311,failure_amplification_factor,all,0.05877985848434885
2026-08-30_12-22-08-610689_adaptiveTTL,adaptiveTTL,burst-load,1788092627.611000,99.000311,failure_amplification_factor,all,0.05897576673991215
2026-08-30_12-22-08-610689_adaptiveTTL,adaptiveTTL,burst-load,1788092628.611000,100.000311,failure_amplification_factor,all,0.05895668619522357
2026-08-30_12-22-08-610689_adaptiveTTL,adaptiveTTL,burst-load,1788092629.611000,101.000311,failure_amplification_factor,all,0.05883096448204676
2026-08-30_12-22-08-610689_adaptiveTTL,adaptiveTTL,burst-load,1788092630.611000,102.000311,failure_amplification_factor,all,0.058919015887184976
2026-08-30_12-22-08-610689_adaptiveTTL,adaptiveTTL,burst-load,1788092631.611000,103.000311,failure_amplification_factor,all,0.059113199130597364
2026-08-30_12-22-08-610689_adaptiveTTL,adaptiveTTL,burst-load,1788092632.611000,104.000311,failure_amplification_factor,all,0.05909374888839563
2026-08-30_12-22-08-610689_adaptiveTTL,adaptiveTTL,burst-load,1788092633.611000,105.000311,failure_amplification_factor,all,0.059286980271608246
2026-08-30_12-22-08-610689_adaptiveTTL,adaptiveTTL,burst-load,1788092634.611000,106.000311,failure_amplification_factor,all,0.05926748573447522
2026-08-30_12-22-08-610689_adaptiveTTL,adaptiveTTL,burst-load,1788092635.611000,107.000311,failure_amplification_factor,all,0.05967052444519101
2026-08-30_12-22-08-610689_adaptiveTTL,adaptiveTTL,burst-load,1788092636.611000,108.000311,failure_amplification_factor,all,0.06028313140198553
2026-08-30_12-22-08-610689_adaptiveTTL,adaptiveTTL,burst-load,1788092637.611000,109.000311,failure_amplification_factor,all,0.06068258921232379
2026-08-30_12-22-08-610689_adaptiveTTL,adaptiveTTL,burst-load,1788092638.611000,110.000311,failure_amplification_factor,all,0.06097443041934188
2026-08-30_12-22-08-610689_adaptiveTTL,adaptiveTTL,burst-load,1788092639.611000,111.000311,failure_amplification_factor,all,0.061370775395380994
2026-08-30_12-22-08-610689_adaptiveTTL,adaptiveTTL,burst-load,1788092640.611000,112.000311,failure_amplification_factor,all,0.061660705170991426
2026-08-30_12-22-08-610689_adaptiveTTL,adaptiveTTL,burst-load,1788092641.611000,113.000311,failure_amplification_factor,all,0.061949171646362426
2026-08-30_12-22-08-610689_adaptiveTTL,adaptiveTTL,burst-load,1788092642.611000,114.000311,failure_amplification_factor,all,0.062132869455582246
2026-08-30_12-22-08-610689_adaptiveTTL,adaptiveTTL,burst-load,1788092643.611000,115.000311,failure_amplification_factor,all,0.06231529988894945
2026-08-30_12-22-08-610689_adaptiveTTL,adaptiveTTL,burst-load,1788092644.611000,116.000311,failure_amplification_factor,all,0.06228994047792379
2026-08-30_12-22-08-610689_adaptiveTTL,adaptiveTTL,burst-load,1788092645.611000,117.000311,failure_amplification_factor,all,0.06278183294877186
2026-08-30_12-22-08-610689_adaptiveTTL,adaptiveTTL,burst-load,1788092646.611000,118.000311,failure_amplification_factor,all,0.06275587099377379
2026-08-30_12-22-08-610689_adaptiveTTL,adaptiveTTL,burst-load,1788092647.611000,119.000311,failure_amplification_factor,all,0.06272950447944696
2026-08-30_12-22-08-610689_adaptiveTTL,adaptiveTTL,burst-load,1788092648.611000,120.000311,failure_amplification_factor,all,0.06280655416469673
2026-08-30_12-22-08-610689_adaptiveTTL,adaptiveTTL,burst-load,1788092649.611000,121.000311,failure_amplification_factor,all,0.06308819283195236
2026-08-30_12-22-08-610689_adaptiveTTL,adaptiveTTL,burst-load,1788092650.611000,122.000311,failure_amplification_factor,all,0.06336842326170646
2026-08-30_12-22-08-610689_adaptiveTTL,adaptiveTTL,burst-load,1788092528.611000,0.000311,cache_hit_ratio_total,all,0
2026-08-30_12-22-08-610689_adaptiveTTL,adaptiveTTL,burst-load,1788092529.611000,1.000311,cache_hit_ratio_total,all,0
2026-08-30_12-22-08-610689_adaptiveTTL,adaptiveTTL,burst-load,1788092530.611000,2.000311,cache_hit_ratio_total,all,0.09341384976762473
2026-08-30_12-22-08-610689_adaptiveTTL,adaptiveTTL,burst-load,1788092531.611000,3.000311,cache_hit_ratio_total,all,0.2446463807030804
2026-08-30_12-22-08-610689_adaptiveTTL,adaptiveTTL,burst-load,1788092532.611000,4.000311,cache_hit_ratio_total,all,0.3950676410223844
2026-08-30_12-22-08-610689_adaptiveTTL,adaptiveTTL,burst-load,1788092533.611000,5.000311,cache_hit_ratio_total,all,0.469860705386362
2026-08-30_12-22-08-610689_adaptiveTTL,adaptiveTTL,burst-load,1788092534.611000,6.000311,cache_hit_ratio_total,all,0.4758350041413785
2026-08-30_12-22-08-610689_adaptiveTTL,adaptiveTTL,burst-load,1788092535.611000,7.000311,cache_hit_ratio_total,all,0.520992638865675
2026-08-30_12-22-08-610689_adaptiveTTL,adaptiveTTL,burst-load,1788092536.611000,8.000311,cache_hit_ratio_total,all,0.560248456484632
2026-08-30_12-22-08-610689_adaptiveTTL,adaptiveTTL,burst-load,1788092537.611000,9.000311,cache_hit_ratio_total,all,0.5903650467581882
2026-08-30_12-22-08-610689_adaptiveTTL,adaptiveTTL,burst-load,1788092538.611000,10.000311,cache_hit_ratio_total,all,0.6081616424720472
2026-08-30_12-22-08-610689_adaptiveTTL,adaptiveTTL,burst-load,1788092539.611000,11.000311,cache_hit_ratio_total,all,0.6627555555555555
2026-08-30_12-22-08-610689_adaptiveTTL,adaptiveTTL,burst-load,1788092540.611000,12.000311,cache_hit_ratio_total,all,0.737706103241178
2026-08-30_12-22-08-610689_adaptiveTTL,adaptiveTTL,burst-load,1788092541.611000,13.000311,cache_hit_ratio_total,all,0.7611108024862816
2026-08-30_12-22-08-610689_adaptiveTTL,adaptiveTTL,burst-load,1788092542.611000,14.000311,cache_hit_ratio_total,all,0.7833330247085039
2026-08-30_12-22-08-610689_adaptiveTTL,adaptiveTTL,burst-load,1788092543.611000,15.000311,cache_hit_ratio_total,all,0.8277777777777778
2026-08-30_12-22-08-610689_adaptiveTTL,adaptiveTTL,burst-load,1788092544.611000,16.000311,cache_hit_ratio_total,all,0.8444450616941034
2026-08-30_12-22-08-610689_adaptiveTTL,adaptiveTTL,burst-load,1788092545.611000,17.000311,cache_hit_ratio_total,all,0.8444444444444444
2026-08-30_12-22-08-610689_adaptiveTTL,adaptiveTTL,burst-load,1788092546.611000,18.000311,cache_hit_ratio_total,all,0.8111098765432098
2026-08-30_12-22-08-610689_adaptiveTTL,adaptiveTTL,burst-load,1788092547.611000,19.000311,cache_hit_ratio_total,all,0.8
2026-08-30_12-22-08-610689_adaptiveTTL,adaptiveTTL,burst-load,1788092548.611000,20.000311,cache_hit_ratio_total,all,0.8
2026-08-30_12-22-08-610689_adaptiveTTL,adaptiveTTL,burst-load,1788092549.611000,21.000311,cache_hit_ratio_total,all,0.8000012345679013
2026-08-30_12-22-08-610689_adaptiveTTL,adaptiveTTL,burst-load,1788092550.611000,22.000311,cache_hit_ratio_total,all,0.7944444444444445
2026-08-30_12-22-08-610689_adaptiveTTL,adaptiveTTL,burst-load,1788092551.611000,23.000311,cache_hit_ratio_total,all,0.7777777777777778
2026-08-30_12-22-08-610689_adaptiveTTL,adaptiveTTL,burst-load,1788092552.611000,24.000311,cache_hit_ratio_total,all,0.7388888888888889
2026-08-30_12-22-08-610689_adaptiveTTL,adaptiveTTL,burst-load,1788092553.611000,25.000311,cache_hit_ratio_total,all,0.7222222222222222
2026-08-30_12-22-08-610689_adaptiveTTL,adaptiveTTL,burst-load,1788092554.611000,26.000311,cache_hit_ratio_total,all,0.7222222222222222
2026-08-30_12-22-08-610689_adaptiveTTL,adaptiveTTL,burst-load,1788092555.611000,27.000311,cache_hit_ratio_total,all,0.7388858024691358
2026-08-30_12-22-08-610689_adaptiveTTL,adaptiveTTL,burst-load,1788092556.611000,28.000311,cache_hit_ratio_total,all,0.7666666666666668
2026-08-30_12-22-08-610689_adaptiveTTL,adaptiveTTL,burst-load,1788092557.611000,29.000311,cache_hit_ratio_total,all,0.7722222222222224
2026-08-30_12-22-08-610689_adaptiveTTL,adaptiveTTL,burst-load,1788092558.611000,30.000311,cache_hit_ratio_total,all,0.7722206787551011
2026-08-30_12-22-08-610689_adaptiveTTL,adaptiveTTL,burst-load,1788092559.611000,31.000311,cache_hit_ratio_total,all,0.7717391304347826
2026-08-30_12-22-08-610689_adaptiveTTL,adaptiveTTL,burst-load,1788092560.611000,32.000311,cache_hit_ratio_total,all,0.8145430578011766
2026-08-30_12-22-08-610689_adaptiveTTL,adaptiveTTL,burst-load,1788092561.611000,33.000311,cache_hit_ratio_total,all,0.8410138248847925
2026-08-30_12-22-08-610689_adaptiveTTL,adaptiveTTL,burst-load,1788092562.611000,34.000311,cache_hit_ratio_total,all,0.846800334625092
2026-08-30_12-22-08-610689_adaptiveTTL,adaptiveTTL,burst-load,1788092563.611000,35.000311,cache_hit_ratio_total,all,0.8580901856763924
2026-08-30_12-22-08-610689_adaptiveTTL,adaptiveTTL,burst-load,1788092564.611000,36.000311,cache_hit_ratio_total,all,0.8752735229759301
2026-08-30_12-22-08-610689_adaptiveTTL,adaptiveTTL,burst-load,1788092565.611000,37.000311,cache_hit_ratio_total,all,0.886406182354884
2026-08-30_12-22-08-610689_adaptiveTTL,adaptiveTTL,burst-load,1788092566.611000,38.000311,cache_hit_ratio_total,all,0.8938411669367909
2026-08-30_12-22-08-610689_adaptiveTTL,adaptiveTTL,burst-load,1788092567.611000,39.000311,cache_hit_ratio_total,all,0.903873744619799
2026-08-30_12-22-08-610689_adaptiveTTL,adaptiveTTL,burst-load,1788092568.611000,40.000311,cache_hit_ratio_total,all,0.9148387096774193
2026-08-30_12-22-08-610689_adaptiveTTL,adaptiveTTL,burst-load,1788092569.611000,41.000311,cache_hit_ratio_total,all,0.92336217552534
2026-08-30_12-22-08-610689_adaptiveTTL,adaptiveTTL,burst-load,1788092570.611000,42.000311,cache_hit_ratio_total,all,0.9394688744621724
2026-08-30_12-22-08-610689_adaptiveTTL,adaptiveTTL,burst-load,1788092571.611000,43.000311,cache_hit_ratio_total,all,0.950617146768785
2026-08-30_12-22-08-610689_adaptiveTTL,adaptiveTTL,burst-load,1788092572.611000,44.000311,cache_hit_ratio_total,all,0.9598517603458925
2026-08-30_12-22-08-610689_adaptiveTTL,adaptiveTTL,burst-load,1788092573.611000,45.000311,cache_hit_ratio_total,all,0.9580245541914337
2026-08-30_12-22-08-610689_adaptiveTTL,adaptiveTTL,burst-load,1788092574.611000,46.000311,cache_hit_ratio_total,all,0.9574074074074075
2026-08-30_12-22-08-610689_adaptiveTTL,adaptiveTTL,burst-load,1788092575.611000,47.000311,cache_hit_ratio_total,all,0.9592340951204447
2026-08-30_12-22-08-610689_adaptiveTTL,adaptiveTTL,burst-load,1788092576.611000,48.000311,cache_hit_ratio_total,all,0.9555283752335718
2026-08-30_12-22-08-610689_adaptiveTTL,adaptiveTTL,burst-load,1788092577.611000,49.000311,cache_hit_ratio_total,all,0.945645460160593
2026-08-30_12-22-08-610689_adaptiveTTL,adaptiveTTL,burst-load,1788092578.611000,50.000311,cache_hit_ratio_total,all,0.9450957209175445
2026-08-30_12-22-08-610689_adaptiveTTL,adaptiveTTL,burst-load,1788092579.611000,51.000311,cache_hit_ratio_total,all,0.9425925925925926
2026-08-30_12-22-08-610689_adaptiveTTL,adaptiveTTL,burst-load,1788092580.611000,52.000311,cache_hit_ratio_total,all,0.9419753086419754
2026-08-30_12-22-08-610689_adaptiveTTL,adaptiveTTL,burst-load,1788092581.611000,53.000311,cache_hit_ratio_total,all,0.9413943019134589
2026-08-30_12-22-08-610689_adaptiveTTL,adaptiveTTL,burst-load,1788092582.611000,54.000311,cache_hit_ratio_total,all,0.9468804456221916
2026-08-30_12-22-08-610689_adaptiveTTL,adaptiveTTL,burst-load,1788092583.611000,55.000311,cache_hit_ratio_total,all,0.951822112415071
2026-08-30_12-22-08-610689_adaptiveTTL,adaptiveTTL,burst-load,1788092584.611000,56.000311,cache_hit_ratio_total,all,0.9543213991540936
2026-08-30_12-22-08-610689_adaptiveTTL,adaptiveTTL,burst-load,1788092585.611000,57.000311,cache_hit_ratio_total,all,0.9598771604938274
2026-08-30_12-22-08-610689_adaptiveTTL,adaptiveTTL,burst-load,1788092586.611000,58.000311,cache_hit_ratio_total,all,0.9685185185185186
2026-08-30_12-22-08-610689_adaptiveTTL,adaptiveTTL,burst-load,1788092587.611000,59.000311,cache_hit_ratio_total,all,0.9722050648548487
2026-08-30_12-22-08-610689_adaptiveTTL,adaptiveTTL,burst-load,1788092588.611000,60.000311,cache_hit_ratio_total,all,0.9753086419753088
2026-08-30_12-22-08-610689_adaptiveTTL,adaptiveTTL,burst-load,1788092589.611000,61.000311,cache_hit_ratio_total,all,0.9777638451979952
2026-08-30_12-22-08-610689_adaptiveTTL,adaptiveTTL,burst-load,1788092590.611000,62.000311,cache_hit_ratio_total,all,0.980852205751683
2026-08-30_12-22-08-610689_adaptiveTTL,adaptiveTTL,burst-load,1788092591.611000,63.000311,cache_hit_ratio_total,all,0.9845679012345678
2026-08-30_12-22-08-610689_adaptiveTTL,adaptiveTTL,burst-load,1788092592.611000,64.000311,cache_hit_ratio_total,all,0.9845679012345678
2026-08-30_12-22-08-610689_adaptiveTTL,adaptiveTTL,burst-load,1788092593.611000,65.000311,cache_hit_ratio_total,all,0.9870370027377677
2026-08-30_12-22-08-610689_adaptiveTTL,adaptiveTTL,burst-load,1788092594.611000,66.000311,cache_hit_ratio_total,all,0.987037037037037
2026-08-30_12-22-08-610689_adaptiveTTL,adaptiveTTL,burst-load,1788092595.611000,67.000311,cache_hit_ratio_total,all,0.989506344335853
2026-08-30_12-22-08-610689_adaptiveTTL,adaptiveTTL,burst-load,1788092596.611000,68.000311,cache_hit_ratio_total,all,0.9901234567901234
2026-08-30_12-22-08-610689_adaptiveTTL,adaptiveTTL,burst-load,1788092597.611000,69.000311,cache_hit_ratio_total,all,0.9858024691358025
2026-08-30_12-22-08-610689_adaptiveTTL,adaptiveTTL,burst-load,1788092598.611000,70.000311,cache_hit_ratio_total,all,0.9864197530864198
2026-08-30_12-22-08-610689_adaptiveTTL,adaptiveTTL,burst-load,1788092599.611000,71.000311,cache_hit_ratio_total,all,0.9820987654320988
2026-08-30_12-22-08-610689_adaptiveTTL,adaptiveTTL,burst-load,1788092600.611000,72.000311,cache_hit_ratio_total,all,0.9777777777777777
2026-08-30_12-22-08-610689_adaptiveTTL,adaptiveTTL,burst-load,1788092601.611000,73.000311,cache_hit_ratio_total,all,0.9765431412856271
2026-08-30_12-22-08-610689_adaptiveTTL,adaptiveTTL,burst-load,1788092602.611000,74.000311,cache_hit_ratio_total,all,0.9734567901234569
2026-08-30_12-22-08-610689_adaptiveTTL,adaptiveTTL,burst-load,1788092603.611000,75.000311,cache_hit_ratio_total,all,0.9709878257982782
2026-08-30_12-22-08-610689_adaptiveTTL,adaptiveTTL,burst-load,1788092604.611000,76.000311,cache_hit_ratio_total,all,0.9703705075369612
2026-08-30_12-22-08-610689_adaptiveTTL,adaptiveTTL,burst-load,1788092605.611000,77.000311,cache_hit_ratio_total,all,0.9634902759325084
2026-08-30_12-22-08-610689_adaptiveTTL,adaptiveTTL,burst-load,1788092606.611000,78.000311,cache_hit_ratio_total,all,0.9659237187092821
2026-08-30_12-22-08-610689_adaptiveTTL,adaptiveTTL,burst-load,1788092607.611000,79.000311,cache_hit_ratio_total,all,0.9648866130212143
2026-08-30_12-22-08-610689_adaptiveTTL,adaptiveTTL,burst-load,1788092608.611000,80.000311,cache_hit_ratio_total,all,0.9668596477548148
2026-08-30_12-22-08-610689_adaptiveTTL,adaptiveTTL,burst-load,1788092609.611000,81.000311,cache_hit_ratio_total,all,0.9684813753581663
2026-08-30_12-22-08-610689_adaptiveTTL,adaptiveTTL,burst-load,1788092610.611000,82.000311,cache_hit_ratio_total,all,0.9650507328072152
2026-08-30_12-22-08-610689_adaptiveTTL,adaptiveTTL,burst-load,1788092611.611000,83.000311,cache_hit_ratio_total,all,0.9628610729023386
2026-08-30_12-22-08-610689_adaptiveTTL,adaptiveTTL,burst-load,1788092612.611000,84.000311,cache_hit_ratio_total,all,0.9594356261022926
2026-08-30_12-22-08-610689_adaptiveTTL,adaptiveTTL,burst-load,1788092613.611000,85.000311,cache_hit_ratio_total,all,0.9410313131917046
2026-08-30_12-22-08-610689_adaptiveTTL,adaptiveTTL,burst-load,1788092614.611000,86.000311,cache_hit_ratio_total,all,0.9442231075697212
2026-08-30_12-22-08-610689_adaptiveTTL,adaptiveTTL,burst-load,1788092615.611000,87.000311,cache_hit_ratio_total,all,0.9226519337016574
2026-08-30_12-22-08-610689_adaptiveTTL,adaptiveTTL,burst-load,1788092616.611000,88.000311,cache_hit_ratio_total,all,0.9166669753257897
2026-08-30_12-22-08-610689_adaptiveTTL,adaptiveTTL,burst-load,1788092617.611000,89.000311,cache_hit_ratio_total,all,0.8944444444444445
2026-08-30_12-22-08-610689_adaptiveTTL,adaptiveTTL,burst-load,1788092618.611000,90.000311,cache_hit_ratio_total,all,0.888888888888889
2026-08-30_12-22-08-610689_adaptiveTTL,adaptiveTTL,burst-load,1788092619.611000,91.000311,cache_hit_ratio_total,all,0.9
2026-08-30_12-22-08-610689_adaptiveTTL,adaptiveTTL,burst-load,1788092620.611000,92.000311,cache_hit_ratio_total,all,0.9055555555555557
2026-08-30_12-22-08-610689_adaptiveTTL,adaptiveTTL,burst-load,1788092621.611000,93.000311,cache_hit_ratio_total,all,0.9055552468278225
2026-08-30_12-22-08-610689_adaptiveTTL,adaptiveTTL,burst-load,1788092622.611000,94.000311,cache_hit_ratio_total,all,0.9055561729767106
2026-08-30_12-22-08-610689_adaptiveTTL,adaptiveTTL,burst-load,1788092623.611000,95.000311,cache_hit_ratio_total,all,0.888888888888889
2026-08-30_12-22-08-610689_adaptiveTTL,adaptiveTTL,burst-load,1788092624.611000,96.000311,cache_hit_ratio_total,all,0.8888901237998209
2026-08-30_12-22-08-610689_adaptiveTTL,adaptiveTTL,burst-load,1788092625.611000,97.000311,cache_hit_ratio_total,all,0.8888888888888887
2026-08-30_12-22-08-610689_adaptiveTTL,adaptiveTTL,burst-load,1788092626.611000,98.000311,cache_hit_ratio_total,all,0.8888901237998209
2026-08-30_12-22-08-610689_adaptiveTTL,adaptiveTTL,burst-load,1788092627.611000,99.000311,cache_hit_ratio_total,all,0.8944441357853213
2026-08-30_12-22-08-610689_adaptiveTTL,adaptiveTTL,burst-load,1788092628.611000,100.000311,cache_hit_ratio_total,all,0.8888888888888887
2026-08-30_12-22-08-610689_adaptiveTTL,adaptiveTTL,burst-load,1788092629.611000,101.000311,cache_hit_ratio_total,all,0.8944444444444445
2026-08-30_12-22-08-610689_adaptiveTTL,adaptiveTTL,burst-load,1788092630.611000,102.000311,cache_hit_ratio_total,all,0.8888895061385479
2026-08-30_12-22-08-610689_adaptiveTTL,adaptiveTTL,burst-load,1788092631.611000,103.000311,cache_hit_ratio_total,all,0.888888888888889
2026-08-30_12-22-08-610689_adaptiveTTL,adaptiveTTL,burst-load,1788092632.611000,104.000311,cache_hit_ratio_total,all,0.9055552468964324
2026-08-30_12-22-08-610689_adaptiveTTL,adaptiveTTL,burst-load,1788092633.611000,105.000311,cache_hit_ratio_total,all,0.8944444444444446
2026-08-30_12-22-08-610689_adaptiveTTL,adaptiveTTL,burst-load,1788092634.611000,106.000311,cache_hit_ratio_total,all,0.894443518569956
2026-08-30_12-22-08-610689_adaptiveTTL,adaptiveTTL,burst-load,1788092635.611000,107.000311,cache_hit_ratio_total,all,0.8888913580246912
2026-08-30_12-22-08-610689_adaptiveTTL,adaptiveTTL,burst-load,1788092636.611000,108.000311,cache_hit_ratio_total,all,0.8555561728052145
2026-08-30_12-22-08-610689_adaptiveTTL,adaptiveTTL,burst-load,1788092637.611000,109.000311,cache_hit_ratio_total,all,0.8499999999999999
2026-08-30_12-22-08-610689_adaptiveTTL,adaptiveTTL,burst-load,1788092638.611000,110.000311,cache_hit_ratio_total,all,0.8222222222222223
2026-08-30_12-22-08-610689_adaptiveTTL,adaptiveTTL,burst-load,1788092639.611000,111.000311,cache_hit_ratio_total,all,0.8111098766117932
2026-08-30_12-22-08-610689_adaptiveTTL,adaptiveTTL,burst-load,1788092640.611000,112.000311,cache_hit_ratio_total,all,0.805554012431408
2026-08-30_12-22-08-610689_adaptiveTTL,adaptiveTTL,burst-load,1788092641.611000,113.000311,cache_hit_ratio_total,all,0.7888895061385478
2026-08-30_12-22-08-610689_adaptiveTTL,adaptiveTTL,burst-load,1788092642.611000,114.000311,cache_hit_ratio_total,all,0.7833311729595269
2026-08-30_12-22-08-610689_adaptiveTTL,adaptiveTTL,burst-load,1788092643.611000,115.000311,cache_hit_ratio_total,all,0.7777777777777778
2026-08-30_12-22-08-610689_adaptiveTTL,adaptiveTTL,burst-load,1788092644.611000,116.000311,cache_hit_ratio_total,all,0.7944444444444445
2026-08-30_12-22-08-610689_adaptiveTTL,adaptiveTTL,burst-load,1788092645.611000,117.000311,cache_hit_ratio_total,all,0.8166666666666668
2026-08-30_12-22-08-610689_adaptiveTTL,adaptiveTTL,burst-load,1788092646.611000,118.000311,cache_hit_ratio_total,all,0.8277777777777778
2026-08-30_12-22-08-610689_adaptiveTTL,adaptiveTTL,burst-load,1788092647.611000,119.000311,cache_hit_ratio_total,all,0.85
2026-08-30_12-22-08-610689_adaptiveTTL,adaptiveTTL,burst-load,1788092648.611000,120.000311,cache_hit_ratio_total,all,0.861111111111111
2026-08-30_12-22-08-610689_adaptiveTTL,adaptiveTTL,burst-load,1788092649.611000,121.000311,cache_hit_ratio_total,all,0.8611111111111112
2026-08-30_12-22-08-610689_adaptiveTTL,adaptiveTTL,burst-load,1788092650.611000,122.000311,cache_hit_ratio_total,all,0.8666666666666667
2026-08-30_12-22-08-610689_adaptiveTTL,adaptiveTTL,burst-load,1788092528.611000,0.000311,cache_hit_ratio_l1,all,0
2026-08-30_12-22-08-610689_adaptiveTTL,adaptiveTTL,burst-load,1788092529.611000,1.000311,cache_hit_ratio_l1,all,0
2026-08-30_12-22-08-610689_adaptiveTTL,adaptiveTTL,burst-load,1788092530.611000,2.000311,cache_hit_ratio_l1,all,0
2026-08-30_12-22-08-610689_adaptiveTTL,adaptiveTTL,burst-load,1788092531.611000,3.000311,cache_hit_ratio_l1,all,0.19693716891551613
2026-08-30_12-22-08-610689_adaptiveTTL,adaptiveTTL,burst-load,1788092532.611000,4.000311,cache_hit_ratio_l1,all,0.31334216613315236
2026-08-30_12-22-08-610689_adaptiveTTL,adaptiveTTL,burst-load,1788092533.611000,5.000311,cache_hit_ratio_l1,all,0.35888694430167273
2026-08-30_12-22-08-610689_adaptiveTTL,adaptiveTTL,burst-load,1788092534.611000,6.000311,cache_hit_ratio_l1,all,0.37719717343091824
2026-08-30_12-22-08-610689_adaptiveTTL,adaptiveTTL,burst-load,1788092535.611000,7.000311,cache_hit_ratio_l1,all,0.3809717811577247
2026-08-30_12-22-08-610689_adaptiveTTL,adaptiveTTL,burst-load,1788092536.611000,8.000311,cache_hit_ratio_l1,all,0.3902395296806893
2026-08-30_12-22-08-610689_adaptiveTTL,adaptiveTTL,burst-load,1788092537.611000,9.000311,cache_hit_ratio_l1,all,0.3978242514733129
2026-08-30_12-22-08-610689_adaptiveTTL,adaptiveTTL,burst-load,1788092538.611000,10.000311,cache_hit_ratio_l1,all,0.4090364487285277
2026-08-30_12-22-08-610689_adaptiveTTL,adaptiveTTL,burst-load,1788092539.611000,11.000311,cache_hit_ratio_l1,all,0.4381311111111111
2026-08-30_12-22-08-610689_adaptiveTTL,adaptiveTTL,burst-load,1788092540.611000,12.000311,cache_hit_ratio_l1,all,0.48559012153645786
2026-08-30_12-22-08-610689_adaptiveTTL,adaptiveTTL,burst-load,1788092541.611000,13.000311,cache_hit_ratio_l1,all,0.4777765432784598
2026-08-30_12-22-08-610689_adaptiveTTL,adaptiveTTL,burst-load,1788092542.611000,14.000311,cache_hit_ratio_l1,all,0.4555549383058966
2026-08-30_12-22-08-610689_adaptiveTTL,adaptiveTTL,burst-load,1788092543.611000,15.000311,cache_hit_ratio_l1,all,0.4833333333333334
2026-08-30_12-22-08-610689_adaptiveTTL,adaptiveTTL,burst-load,1788092544.611000,16.000311,cache_hit_ratio_l1,all,0.4888888888888889
2026-08-30_12-22-08-610689_adaptiveTTL,adaptiveTTL,burst-load,1788092545.611000,17.000311,cache_hit_ratio_l1,all,0.5055555555555555
2026-08-30_12-22-08-610689_adaptiveTTL,adaptiveTTL,burst-load,1788092546.611000,18.000311,cache_hit_ratio_l1,all,0.49444259259259254
2026-08-30_12-22-08-610689_adaptiveTTL,adaptiveTTL,burst-load,1788092547.611000,19.000311,cache_hit_ratio_l1,all,0.49444444444444446
2026-08-30_12-22-08-610689_adaptiveTTL,adaptiveTTL,burst-load,1788092548.611000,20.000311,cache_hit_ratio_l1,all,0.47777777777777786
2026-08-30_12-22-08-610689_adaptiveTTL,adaptiveTTL,burst-load,1788092549.611000,21.000311,cache_hit_ratio_l1,all,0.4722191358024691
2026-08-30_12-22-08-610689_adaptiveTTL,adaptiveTTL,burst-load,1788092550.611000,22.000311,cache_hit_ratio_l1,all,0.49444444444444446
2026-08-30_12-22-08-610689_adaptiveTTL,adaptiveTTL,burst-load,1788092551.611000,23.000311,cache_hit_ratio_l1,all,0.5055555555555555
2026-08-30_12-22-08-610689_adaptiveTTL,adaptiveTTL,burst-load,1788092552.611000,24.000311,cache_hit_ratio_l1,all,0.46111111111111114
2026-08-30_12-22-08-610689_adaptiveTTL,adaptiveTTL,burst-load,1788092553.611000,25.000311,cache_hit_ratio_l1,all,0.4444444444444445
2026-08-30_12-22-08-610689_adaptiveTTL,adaptiveTTL,burst-load,1788092554.611000,26.000311,cache_hit_ratio_l1,all,0.40555555555555556
2026-08-30_12-22-08-610689_adaptiveTTL,adaptiveTTL,burst-load,1788092555.611000,27.000311,cache_hit_ratio_l1,all,0.3944450617283951
2026-08-30_12-22-08-610689_adaptiveTTL,adaptiveTTL,burst-load,1788092556.611000,28.000311,cache_hit_ratio_l1,all,0.42222222222222233
2026-08-30_12-22-08-610689_adaptiveTTL,adaptiveTTL,burst-load,1788092557.611000,29.000311,cache_hit_ratio_l1,all,0.43888888888888894
2026-08-30_12-22-08-610689_adaptiveTTL,adaptiveTTL,burst-load,1788092558.611000,30.000311,cache_hit_ratio_l1,all,0.43888672803491935
2026-08-30_12-22-08-610689_adaptiveTTL,adaptiveTTL,burst-load,1788092559.611000,31.000311,cache_hit_ratio_l1,all,0.3804347826086956
2026-08-30_12-22-08-610689_adaptiveTTL,adaptiveTTL,burst-load,1788092560.611000,32.000311,cache_hit_ratio_l1,all,0.48363290738710457
2026-08-30_12-22-08-610689_adaptiveTTL,adaptiveTTL,burst-load,1788092561.611000,33.000311,cache_hit_ratio_l1,all,0.5529953917050691
2026-08-30_12-22-08-610689_adaptiveTTL,adaptiveTTL,burst-load,1788092562.611000,34.000311,cache_hit_ratio_l1,all,0.5892245033563526
2026-08-30_12-22-08-610689_adaptiveTTL,adaptiveTTL,burst-load,1788092563.611000,35.000311,cache_hit_ratio_l1,all,0.6206896551724137
2026-08-30_12-22-08-610689_adaptiveTTL,adaptiveTTL,burst-load,1788092564.611000,36.000311,cache_hit_ratio_l1,all,0.638949671772429
2026-08-30_12-22-08-610689_adaptiveTTL,adaptiveTTL,burst-load,1788092565.611000,37.000311,cache_hit_ratio_l1,all,0.6424579756980459
2026-08-30_12-22-08-610689_adaptiveTTL,adaptiveTTL,burst-load,1788092566.611000,38.000311,cache_hit_ratio_l1,all,0.6499189627228525
2026-08-30_12-22-08-610689_adaptiveTTL,adaptiveTTL,burst-load,1788092567.611000,39.000311,cache_hit_ratio_l1,all,0.6563845050215207
2026-08-30_12-22-08-610689_adaptiveTTL,adaptiveTTL,burst-load,1788092568.611000,40.000311,cache_hit_ratio_l1,all,0.672258064516129
2026-08-30_12-22-08-610689_adaptiveTTL,adaptiveTTL,burst-load,1788092569.611000,41.000311,cache_hit_ratio_l1,all,0.6817058096415328
2026-08-30_12-22-08-610689_adaptiveTTL,adaptiveTTL,burst-load,1788092570.611000,42.000311,cache_hit_ratio_l1,all,0.6905503634475597
2026-08-30_12-22-08-610689_adaptiveTTL,adaptiveTTL,burst-load,1788092571.611000,43.000311,cache_hit_ratio_l1,all,0.6944436556489079
2026-08-30_12-22-08-610689_adaptiveTTL,adaptiveTTL,burst-load,1788092572.611000,44.000311,cache_hit_ratio_l1,all,0.6967263743051266
2026-08-30_12-22-08-610689_adaptiveTTL,adaptiveTTL,burst-load,1788092573.611000,45.000311,cache_hit_ratio_l1,all,0.6999995199169319
2026-08-30_12-22-08-610689_adaptiveTTL,adaptiveTTL,burst-load,1788092574.611000,46.000311,cache_hit_ratio_l1,all,0.704320987654321
2026-08-30_12-22-08-610689_adaptiveTTL,adaptiveTTL,burst-load,1788092575.611000,47.000311,cache_hit_ratio_l1,all,0.7096973440395306
2026-08-30_12-22-08-610689_adaptiveTTL,adaptiveTTL,burst-load,1788092576.611000,48.000311,cache_hit_ratio_l1,all,0.7022845173484673
2026-08-30_12-22-08-610689_adaptiveTTL,adaptiveTTL,burst-load,1788092577.611000,49.000311,cache_hit_ratio_l1,all,0.6973440395305744
2026-08-30_12-22-08-610689_adaptiveTTL,adaptiveTTL,burst-load,1788092578.611000,50.000311,cache_hit_ratio_l1,all,0.6933987488527952
2026-08-30_12-22-08-610689_adaptiveTTL,adaptiveTTL,burst-load,1788092579.611000,51.000311,cache_hit_ratio_l1,all,0.7
2026-08-30_12-22-08-610689_adaptiveTTL,adaptiveTTL,burst-load,1788092580.611000,52.000311,cache_hit_ratio_l1,all,0.7104938271604939
2026-08-30_12-22-08-610689_adaptiveTTL,adaptiveTTL,burst-load,1788092581.611000,53.000311,cache_hit_ratio_l1,all,0.7069705499934544
2026-08-30_12-22-08-610689_adaptiveTTL,adaptiveTTL,burst-load,1788092582.611000,54.000311,cache_hit_ratio_l1,all,0.7096975399771726
2026-08-30_12-22-08-610689_adaptiveTTL,adaptiveTTL,burst-load,1788092583.611000,55.000311,cache_hit_ratio_l1,all,0.7090796788140827
2026-08-30_12-22-08-610689_adaptiveTTL,adaptiveTTL,burst-load,1788092584.611000,56.000311,cache_hit_ratio_l1,all,0.7092594307174979
2026-08-30_12-22-08-610689_adaptiveTTL,adaptiveTTL,burst-load,1788092585.611000,57.000311,cache_hit_ratio_l1,all,0.721605144032922
2026-08-30_12-22-08-610689_adaptiveTTL,adaptiveTTL,burst-load,1788092586.611000,58.000311,cache_hit_ratio_l1,all,0.730246913580247
2026-08-30_12-22-08-610689_adaptiveTTL,adaptiveTTL,burst-load,1788092587.611000,59.000311,cache_hit_ratio_l1,all,0.7257566399011736
2026-08-30_12-22-08-610689_adaptiveTTL,adaptiveTTL,burst-load,1788092588.611000,60.000311,cache_hit_ratio_l1,all,0.7148148148148149
2026-08-30_12-22-08-610689_adaptiveTTL,adaptiveTTL,burst-load,1788092589.611000,61.000311,cache_hit_ratio_l1,all,0.7066084930361393
2026-08-30_12-22-08-610689_adaptiveTTL,adaptiveTTL,burst-load,1788092590.611000,62.000311,cache_hit_ratio_l1,all,0.7109321154422078
2026-08-30_12-22-08-610689_adaptiveTTL,adaptiveTTL,burst-load,1788092591.611000,63.000311,cache_hit_ratio_l1,all,0.6981481481481482
2026-08-30_12-22-08-610689_adaptiveTTL,adaptiveTTL,burst-load,1788092592.611000,64.000311,cache_hit_ratio_l1,all,0.6993827160493827
2026-08-30_12-22-08-610689_adaptiveTTL,adaptiveTTL,burst-load,1788092593.611000,65.000311,cache_hit_ratio_l1,all,0.7012349108939282
2026-08-30_12-22-08-610689_adaptiveTTL,adaptiveTTL,burst-load,1788092594.611000,66.000311,cache_hit_ratio_l1,all,0.6962962962962962
2026-08-30_12-22-08-610689_adaptiveTTL,adaptiveTTL,burst-load,1788092595.611000,67.000311,cache_hit_ratio_l1,all,0.6901230451988912
2026-08-30_12-22-08-610689_adaptiveTTL,adaptiveTTL,burst-load,1788092596.611000,68.000311,cache_hit_ratio_l1,all,0.695679012345679
2026-08-30_12-22-08-610689_adaptiveTTL,adaptiveTTL,burst-load,1788092597.611000,69.000311,cache_hit_ratio_l1,all,0.6987654320987655
2026-08-30_12-22-08-610689_adaptiveTTL,adaptiveTTL,burst-load,1788092598.611000,70.000311,cache_hit_ratio_l1,all,0.7024691358024692
2026-08-30_12-22-08-610689_adaptiveTTL,adaptiveTTL,burst-load,1788092599.611000,71.000311,cache_hit_ratio_l1,all,0.6962962962962963
2026-08-30_12-22-08-610689_adaptiveTTL,adaptiveTTL,burst-load,1788092600.611000,72.000311,cache_hit_ratio_l1,all,0.7024691358024692
2026-08-30_12-22-08-610689_adaptiveTTL,adaptiveTTL,burst-load,1788092601.611000,73.000311,cache_hit_ratio_l1,all,0.7043210219497792
2026-08-30_12-22-08-610689_adaptiveTTL,adaptiveTTL,burst-load,1788092602.611000,74.000311,cache_hit_ratio_l1,all,0.7
2026-08-30_12-22-08-610689_adaptiveTTL,adaptiveTTL,burst-load,1788092603.611000,75.000311,cache_hit_ratio_l1,all,0.7018517489654775
2026-08-30_12-22-08-610689_adaptiveTTL,adaptiveTTL,burst-load,1788092604.611000,76.000311,cache_hit_ratio_l1,all,0.7037034979538175
2026-08-30_12-22-08-610689_adaptiveTTL,adaptiveTTL,burst-load,1788092605.611000,77.000311,cache_hit_ratio_l1,all,0.7017325767640863
2026-08-30_12-22-08-610689_adaptiveTTL,adaptiveTTL,burst-load,1788092606.611000,78.000311,cache_hit_ratio_l1,all,0.7038006678537293
2026-08-30_12-22-08-610689_adaptiveTTL,adaptiveTTL,burst-load,1788092607.611000,79.000311,cache_hit_ratio_l1,all,0.7008046817849305
2026-08-30_12-22-08-610689_adaptiveTTL,adaptiveTTL,burst-load,1788092608.611000,80.000311,cache_hit_ratio_l1,all,0.7091960627034029
2026-08-30_12-22-08-610689_adaptiveTTL,adaptiveTTL,burst-load,1788092609.611000,81.000311,cache_hit_ratio_l1,all,0.7115568290353391
2026-08-30_12-22-08-610689_adaptiveTTL,adaptiveTTL,burst-load,1788092610.611000,82.000311,cache_hit_ratio_l1,all,0.7034949267192785
2026-08-30_12-22-08-610689_adaptiveTTL,adaptiveTTL,burst-load,1788092611.611000,83.000311,cache_hit_ratio_l1,all,0.6987620357634114
2026-08-30_12-22-08-610689_adaptiveTTL,adaptiveTTL,burst-load,1788092612.611000,84.000311,cache_hit_ratio_l1,all,0.6948853615520282
2026-08-30_12-22-08-610689_adaptiveTTL,adaptiveTTL,burst-load,1788092613.611000,85.000311,cache_hit_ratio_l1,all,0.6707581653203514
2026-08-30_12-22-08-610689_adaptiveTTL,adaptiveTTL,burst-load,1788092614.611000,86.000311,cache_hit_ratio_l1,all,0.6494023904382471
2026-08-30_12-22-08-610689_adaptiveTTL,adaptiveTTL,burst-load,1788092615.611000,87.000311,cache_hit_ratio_l1,all,0.6077348066298343
2026-08-30_12-22-08-610689_adaptiveTTL,adaptiveTTL,burst-load,1788092616.611000,88.000311,cache_hit_ratio_l1,all,0.5777753085047935
2026-08-30_12-22-08-610689_adaptiveTTL,adaptiveTTL,burst-load,1788092617.611000,89.000311,cache_hit_ratio_l1,all,0.5444444444444444
2026-08-30_12-22-08-610689_adaptiveTTL,adaptiveTTL,burst-load,1788092618.611000,90.000311,cache_hit_ratio_l1,all,0.55
2026-08-30_12-22-08-610689_adaptiveTTL,adaptiveTTL,burst-load,1788092619.611000,91.000311,cache_hit_ratio_l1,all,0.5611111111111111
2026-08-30_12-22-08-610689_adaptiveTTL,adaptiveTTL,burst-load,1788092620.611000,92.000311,cache_hit_ratio_l1,all,0.5777777777777778
2026-08-30_12-22-08-610689_adaptiveTTL,adaptiveTTL,burst-load,1788092621.611000,93.000311,cache_hit_ratio_l1,all,0.5777790126887098
2026-08-30_12-22-08-610689_adaptiveTTL,adaptiveTTL,burst-load,1788092622.611000,94.000311,cache_hit_ratio_l1,all,0.5777753080931564
2026-08-30_12-22-08-610689_adaptiveTTL,adaptiveTTL,burst-load,1788092623.611000,95.000311,cache_hit_ratio_l1,all,0.5666666666666667
2026-08-30_12-22-08-610689_adaptiveTTL,adaptiveTTL,burst-load,1788092624.611000,96.000311,cache_hit_ratio_l1,all,0.5722194436726251
2026-08-30_12-22-08-610689_adaptiveTTL,adaptiveTTL,burst-load,1788092625.611000,97.000311,cache_hit_ratio_l1,all,0.5722222222222222
2026-08-30_12-22-08-610689_adaptiveTTL,adaptiveTTL,burst-load,1788092626.611000,98.000311,cache_hit_ratio_l1,all,0.56110895001698
2026-08-30_12-22-08-610689_adaptiveTTL,adaptiveTTL,burst-load,1788092627.611000,99.000311,cache_hit_ratio_l1,all,0.5722231481995913
2026-08-30_12-22-08-610689_adaptiveTTL,adaptiveTTL,burst-load,1788092628.611000,100.000311,cache_hit_ratio_l1,all,0.550000308659123
2026-08-30_12-22-08-610689_adaptiveTTL,adaptiveTTL,burst-load,1788092629.611000,101.000311,cache_hit_ratio_l1,all,0.5555555555555556
2026-08-30_12-22-08-610689_adaptiveTTL,adaptiveTTL,burst-load,1788092630.611000,102.000311,cache_hit_ratio_l1,all,0.5611120369855995
2026-08-30_12-22-08-610689_adaptiveTTL,adaptiveTTL,burst-load,1788092631.611000,103.000311,cache_hit_ratio_l1,all,0.5666666666666667
2026-08-30_12-22-08-610689_adaptiveTTL,adaptiveTTL,burst-load,1788092632.611000,104.000311,cache_hit_ratio_l1,all,0.5944447531035675
2026-08-30_12-22-08-610689_adaptiveTTL,adaptiveTTL,burst-load,1788092633.611000,105.000311,cache_hit_ratio_l1,all,0.5666666666666668
2026-08-30_12-22-08-610689_adaptiveTTL,adaptiveTTL,burst-load,1788092634.611000,106.000311,cache_hit_ratio_l1,all,0.5944441358196149
2026-08-30_12-22-08-610689_adaptiveTTL,adaptiveTTL,burst-load,1788092635.611000,107.000311,cache_hit_ratio_l1,all,0.6166685185185184
2026-08-30_12-22-08-610689_adaptiveTTL,adaptiveTTL,burst-load,1788092636.611000,108.000311,cache_hit_ratio_l1,all,0.5888882716392299
2026-08-30_12-22-08-610689_adaptiveTTL,adaptiveTTL,burst-load,1788092637.611000,109.000311,cache_hit_ratio_l1,all,0.611111111111111
2026-08-30_12-22-08-610689_adaptiveTTL,adaptiveTTL,burst-load,1788092638.611000,110.000311,cache_hit_ratio_l1,all,0.5833333333333334
2026-08-30_12-22-08-610689_adaptiveTTL,adaptiveTTL,burst-load,1788092639.611000,111.000311,cache_hit_ratio_l1,all,0.5555567900548736
2026-08-30_12-22-08-610689_adaptiveTTL,adaptiveTTL,burst-load,1788092640.611000,112.000311,cache_hit_ratio_l1,all,0.5388898147633773
2026-08-30_12-22-08-610689_adaptiveTTL,adaptiveTTL,burst-load,1788092641.611000,113.000311,cache_hit_ratio_l1,all,0.5166651235425193
2026-08-30_12-22-08-610689_adaptiveTTL,adaptiveTTL,burst-load,1788092642.611000,114.000311,cache_hit_ratio_l1,all,0.5222228394718812
2026-08-30_12-22-08-610689_adaptiveTTL,adaptiveTTL,burst-load,1788092643.611000,115.000311,cache_hit_ratio_l1,all,0.5111111111111111
2026-08-30_12-22-08-610689_adaptiveTTL,adaptiveTTL,burst-load,1788092644.611000,116.000311,cache_hit_ratio_l1,all,0.49444444444444446
2026-08-30_12-22-08-610689_adaptiveTTL,adaptiveTTL,burst-load,1788092645.611000,117.000311,cache_hit_ratio_l1,all,0.5222222222222224
2026-08-30_12-22-08-610689_adaptiveTTL,adaptiveTTL,burst-load,1788092646.611000,118.000311,cache_hit_ratio_l1,all,0.5
2026-08-30_12-22-08-610689_adaptiveTTL,adaptiveTTL,burst-load,1788092647.611000,119.000311,cache_hit_ratio_l1,all,0.49444444444444446
2026-08-30_12-22-08-610689_adaptiveTTL,adaptiveTTL,burst-load,1788092648.611000,120.000311,cache_hit_ratio_l1,all,0.4722222222222222
2026-08-30_12-22-08-610689_adaptiveTTL,adaptiveTTL,burst-load,1788092649.611000,121.000311,cache_hit_ratio_l1,all,0.4666666666666666
2026-08-30_12-22-08-610689_adaptiveTTL,adaptiveTTL,burst-load,1788092650.611000,122.000311,cache_hit_ratio_l1,all,0.43888888888888894
2026-08-30_12-22-08-610689_adaptiveTTL,adaptiveTTL,burst-load,1788092528.611000,0.000311,cache_hit_ratio_l2,all,0
2026-08-30_12-22-08-610689_adaptiveTTL,adaptiveTTL,burst-load,1788092529.611000,1.000311,cache_hit_ratio_l2,all,0
2026-08-30_12-22-08-610689_adaptiveTTL,adaptiveTTL,burst-load,1788092530.611000,2.000311,cache_hit_ratio_l2,all,0.09341384976762473
2026-08-30_12-22-08-610689_adaptiveTTL,adaptiveTTL,burst-load,1788092531.611000,3.000311,cache_hit_ratio_l2,all,0.047709211787564265
2026-08-30_12-22-08-610689_adaptiveTTL,adaptiveTTL,burst-load,1788092532.611000,4.000311,cache_hit_ratio_l2,all,0.08172547488923207
2026-08-30_12-22-08-610689_adaptiveTTL,adaptiveTTL,burst-load,1788092533.611000,5.000311,cache_hit_ratio_l2,all,0.1109737610846893
2026-08-30_12-22-08-610689_adaptiveTTL,adaptiveTTL,burst-load,1788092534.611000,6.000311,cache_hit_ratio_l2,all,0.09863783071046027
2026-08-30_12-22-08-610689_adaptiveTTL,adaptiveTTL,burst-load,1788092535.611000,7.000311,cache_hit_ratio_l2,all,0.1400208577079503
2026-08-30_12-22-08-610689_adaptiveTTL,adaptiveTTL,burst-load,1788092536.611000,8.000311,cache_hit_ratio_l2,all,0.17000892680394272
2026-08-30_12-22-08-610689_adaptiveTTL,adaptiveTTL,burst-load,1788092537.611000,9.000311,cache_hit_ratio_l2,all,0.1925407952848754
2026-08-30_12-22-08-610689_adaptiveTTL,adaptiveTTL,burst-load,1788092538.611000,10.000311,cache_hit_ratio_l2,all,0.19912519374351942
2026-08-30_12-22-08-610689_adaptiveTTL,adaptiveTTL,burst-load,1788092539.611000,11.000311,cache_hit_ratio_l2,all,0.22462444444444446
2026-08-30_12-22-08-610689_adaptiveTTL,adaptiveTTL,burst-load,1788092540.611000,12.000311,cache_hit_ratio_l2,all,0.2521159817047201
2026-08-30_12-22-08-610689_adaptiveTTL,adaptiveTTL,burst-load,1788092541.611000,13.000311,cache_hit_ratio_l2,all,0.2833342592078218
2026-08-30_12-22-08-610689_adaptiveTTL,adaptiveTTL,burst-load,1788092542.611000,14.000311,cache_hit_ratio_l2,all,0.32777808640260725
2026-08-30_12-22-08-610689_adaptiveTTL,adaptiveTTL,burst-load,1788092543.611000,15.000311,cache_hit_ratio_l2,all,0.34444444444444444
2026-08-30_12-22-08-610689_adaptiveTTL,adaptiveTTL,burst-load,1788092544.611000,16.000311,cache_hit_ratio_l2,all,0.3555561728052145
2026-08-30_12-22-08-610689_adaptiveTTL,adaptiveTTL,burst-load,1788092545.611000,17.000311,cache_hit_ratio_l2,all,0.3388888888888889
2026-08-30_12-22-08-610689_adaptiveTTL,adaptiveTTL,burst-load,1788092546.611000,18.000311,cache_hit_ratio_l2,all,0.3166672839506172
2026-08-30_12-22-08-610689_adaptiveTTL,adaptiveTTL,burst-load,1788092547.611000,19.000311,cache_hit_ratio_l2,all,0.3055555555555556
2026-08-30_12-22-08-610689_adaptiveTTL,adaptiveTTL,burst-load,1788092548.611000,20.000311,cache_hit_ratio_l2,all,0.32222222222222224
2026-08-30_12-22-08-610689_adaptiveTTL,adaptiveTTL,burst-load,1788092549.611000,21.000311,cache_hit_ratio_l2,all,0.32778209876543213
2026-08-30_12-22-08-610689_adaptiveTTL,adaptiveTTL,burst-load,1788092550.611000,22.000311,cache_hit_ratio_l2,all,0.3
2026-08-30_12-22-08-610689_adaptiveTTL,adaptiveTTL,burst-load,1788092551.611000,23.000311,cache_hit_ratio_l2,all,0.2722222222222222
2026-08-30_12-22-08-610689_adaptiveTTL,adaptiveTTL,burst-load,1788092552.611000,24.000311,cache_hit_ratio_l2,all,0.2777777777777778
2026-08-30_12-22-08-610689_adaptiveTTL,adaptiveTTL,burst-load,1788092553.611000,25.000311,cache_hit_ratio_l2,all,0.27777777777777773
2026-08-30_12-22-08-610689_adaptiveTTL,adaptiveTTL,burst-load,1788092554.611000,26.000311,cache_hit_ratio_l2,all,0.3166666666666667
2026-08-30_12-22-08-610689_adaptiveTTL,adaptiveTTL,burst-load,1788092555.611000,27.000311,cache_hit_ratio_l2,all,0.34444074074074077
2026-08-30_12-22-08-610689_adaptiveTTL,adaptiveTTL,burst-load,1788092556.611000,28.000311,cache_hit_ratio_l2,all,0.34444444444444444
2026-08-30_12-22-08-610689_adaptiveTTL,adaptiveTTL,burst-load,1788092557.611000,29.000311,cache_hit_ratio_l2,all,0.33333333333333337
2026-08-30_12-22-08-610689_adaptiveTTL,adaptiveTTL,burst-load,1788092558.611000,30.000311,cache_hit_ratio_l2,all,0.33333395072018174
2026-08-30_12-22-08-610689_adaptiveTTL,adaptiveTTL,burst-load,1788092559.611000,31.000311,cache_hit_ratio_l2,all,0.391304347826087
2026-08-30_12-22-08-610689_adaptiveTTL,adaptiveTTL,burst-load,1788092560.611000,32.000311,cache_hit_ratio_l2,all,0.33091015041407207
2026-08-30_12-22-08-610689_adaptiveTTL,adaptiveTTL,burst-load,1788092561.611000,33.000311,cache_hit_ratio_l2,all,0.2880184331797235
2026-08-30_12-22-08-610689_adaptiveTTL,adaptiveTTL,burst-load,1788092562.611000,34.000311,cache_hit_ratio_l2,all,0.2575758312687394
2026-08-30_12-22-08-610689_adaptiveTTL,adaptiveTTL,burst-load,1788092563.611000,35.000311,cache_hit_ratio_l2,all,0.23740053050397872
2026-08-30_12-22-08-610689_adaptiveTTL,adaptiveTTL,burst-load,1788092564.611000,36.000311,cache_hit_ratio_l2,all,0.23632385120350108
2026-08-30_12-22-08-610689_adaptiveTTL,adaptiveTTL,burst-load,1788092565.611000,37.000311,cache_hit_ratio_l2,all,0.24394820665683817
2026-08-30_12-22-08-610689_adaptiveTTL,adaptiveTTL,burst-load,1788092566.611000,38.000311,cache_hit_ratio_l2,all,0.2439222042139384
2026-08-30_12-22-08-610689_adaptiveTTL,adaptiveTTL,burst-load,1788092567.611000,39.000311,cache_hit_ratio_l2,all,0.24748923959827832
2026-08-30_12-22-08-610689_adaptiveTTL,adaptiveTTL,burst-load,1788092568.611000,40.000311,cache_hit_ratio_l2,all,0.24258064516129035
2026-08-30_12-22-08-610689_adaptiveTTL,adaptiveTTL,burst-load,1788092569.611000,41.000311,cache_hit_ratio_l2,all,0.24165636588380718
2026-08-30_12-22-08-610689_adaptiveTTL,adaptiveTTL,burst-load,1788092570.611000,42.000311,cache_hit_ratio_l2,all,0.2489185110146127
2026-08-30_12-22-08-610689_adaptiveTTL,adaptiveTTL,burst-load,1788092571.611000,43.000311,cache_hit_ratio_l2,all,0.25617349111987703
2026-08-30_12-22-08-610689_adaptiveTTL,adaptiveTTL,burst-load,1788092572.611000,44.000311,cache_hit_ratio_l2,all,0.2631253860407659
2026-08-30_12-22-08-610689_adaptiveTTL,adaptiveTTL,burst-load,1788092573.611000,45.000311,cache_hit_ratio_l2,all,0.25802503427450185
2026-08-30_12-22-08-610689_adaptiveTTL,adaptiveTTL,burst-load,1788092574.611000,46.000311,cache_hit_ratio_l2,all,0.25308641975308643
2026-08-30_12-22-08-610689_adaptiveTTL,adaptiveTTL,burst-load,1788092575.611000,47.000311,cache_hit_ratio_l2,all,0.24953675108091414
2026-08-30_12-22-08-610689_adaptiveTTL,adaptiveTTL,burst-load,1788092576.611000,48.000311,cache_hit_ratio_l2,all,0.2532438578851045
2026-08-30_12-22-08-610689_adaptiveTTL,adaptiveTTL,burst-load,1788092577.611000,49.000311,cache_hit_ratio_l2,all,0.24830142063001853
2026-08-30_12-22-08-610689_adaptiveTTL,adaptiveTTL,burst-load,1788092578.611000,50.000311,cache_hit_ratio_l2,all,0.2516969720647493
2026-08-30_12-22-08-610689_adaptiveTTL,adaptiveTTL,burst-load,1788092579.611000,51.000311,cache_hit_ratio_l2,all,0.2425925925925926
2026-08-30_12-22-08-610689_adaptiveTTL,adaptiveTTL,burst-load,1788092580.611000,52.000311,cache_hit_ratio_l2,all,0.2314814814814815
2026-08-30_12-22-08-610689_adaptiveTTL,adaptiveTTL,burst-load,1788092581.611000,53.000311,cache_hit_ratio_l2,all,0.23442375192000442
2026-08-30_12-22-08-610689_adaptiveTTL,adaptiveTTL,burst-load,1788092582.611000,54.000311,cache_hit_ratio_l2,all,0.23718290564501907
2026-08-30_12-22-08-610689_adaptiveTTL,adaptiveTTL,burst-load,1788092583.611000,55.000311,cache_hit_ratio_l2,all,0.24274243360098827
2026-08-30_12-22-08-610689_adaptiveTTL,adaptiveTTL,burst-load,1788092584.611000,56.000311,cache_hit_ratio_l2,all,0.24506196843659578
2026-08-30_12-22-08-610689_adaptiveTTL,adaptiveTTL,burst-load,1788092585.611000,57.000311,cache_hit_ratio_l2,all,0.23827201646090537
2026-08-30_12-22-08-610689_adaptiveTTL,adaptiveTTL,burst-load,1788092586.611000,58.000311,cache_hit_ratio_l2,all,0.23827160493827163
2026-08-30_12-22-08-610689_adaptiveTTL,adaptiveTTL,burst-load,1788092587.611000,59.000311,cache_hit_ratio_l2,all,0.24644842495367508
2026-08-30_12-22-08-610689_adaptiveTTL,adaptiveTTL,burst-load,1788092588.611000,60.000311,cache_hit_ratio_l2,all,0.26049382716049385
2026-08-30_12-22-08-610689_adaptiveTTL,adaptiveTTL,burst-load,1788092589.611000,61.000311,cache_hit_ratio_l2,all,0.2711553521618559
2026-08-30_12-22-08-610689_adaptiveTTL,adaptiveTTL,burst-load,1788092590.611000,62.000311,cache_hit_ratio_l2,all,0.2699200903094751
2026-08-30_12-22-08-610689_adaptiveTTL,adaptiveTTL,burst-load,1788092591.611000,63.000311,cache_hit_ratio_l2,all,0.28641975308641976
2026-08-30_12-22-08-610689_adaptiveTTL,adaptiveTTL,burst-load,1788092592.611000,64.000311,cache_hit_ratio_l2,all,0.28518518518518515
2026-08-30_12-22-08-610689_adaptiveTTL,adaptiveTTL,burst-load,1788092593.611000,65.000311,cache_hit_ratio_l2,all,0.28580209184383953
2026-08-30_12-22-08-610689_adaptiveTTL,adaptiveTTL,burst-load,1788092594.611000,66.000311,cache_hit_ratio_l2,all,0.29074074074074074
2026-08-30_12-22-08-610689_adaptiveTTL,adaptiveTTL,burst-load,1788092595.611000,67.000311,cache_hit_ratio_l2,all,0.2993832991369618
2026-08-30_12-22-08-610689_adaptiveTTL,adaptiveTTL,burst-load,1788092596.611000,68.000311,cache_hit_ratio_l2,all,0.2944444444444444
2026-08-30_12-22-08-610689_adaptiveTTL,adaptiveTTL,burst-load,1788092597.611000,69.000311,cache_hit_ratio_l2,all,0.2870370370370371
2026-08-30_12-22-08-610689_adaptiveTTL,adaptiveTTL,burst-load,1788092598.611000,70.000311,cache_hit_ratio_l2,all,0.28395061728395066
2026-08-30_12-22-08-610689_adaptiveTTL,adaptiveTTL,burst-load,1788092599.611000,71.000311,cache_hit_ratio_l2,all,0.2858024691358025
2026-08-30_12-22-08-610689_adaptiveTTL,adaptiveTTL,burst-load,1788092600.611000,72.000311,cache_hit_ratio_l2,all,0.27530864197530863
2026-08-30_12-22-08-610689_adaptiveTTL,adaptiveTTL,burst-load,1788092601.611000,73.000311,cache_hit_ratio_l2,all,0.2722221193358479
2026-08-30_12-22-08-610689_adaptiveTTL,adaptiveTTL,burst-load,1788092602.611000,74.000311,cache_hit_ratio_l2,all,0.2734567901234568
2026-08-30_12-22-08-610689_adaptiveTTL,adaptiveTTL,burst-load,1788092603.611000,75.000311,cache_hit_ratio_l2,all,0.2691360768328008
2026-08-30_12-22-08-610689_adaptiveTTL,adaptiveTTL,burst-load,1788092604.611000,76.000311,cache_hit_ratio_l2,all,0.2666670095831438
2026-08-30_12-22-08-610689_adaptiveTTL,adaptiveTTL,burst-load,1788092605.611000,77.000311,cache_hit_ratio_l2,all,0.261757699168422
2026-08-30_12-22-08-610689_adaptiveTTL,adaptiveTTL,burst-load,1788092606.611000,78.000311,cache_hit_ratio_l2,all,0.2621230508555529
2026-08-30_12-22-08-610689_adaptiveTTL,adaptiveTTL,burst-load,1788092607.611000,79.000311,cache_hit_ratio_l2,all,0.2640819312362838
2026-08-30_12-22-08-610689_adaptiveTTL,adaptiveTTL,burst-load,1788092608.611000,80.000311,cache_hit_ratio_l2,all,0.2576635850514118
2026-08-30_12-22-08-610689_adaptiveTTL,adaptiveTTL,burst-load,1788092609.611000,81.000311,cache_hit_ratio_l2,all,0.25692454632282713
2026-08-30_12-22-08-610689_adaptiveTTL,adaptiveTTL,burst-load,1788092610.611000,82.000311,cache_hit_ratio_l2,all,0.2615558060879368
2026-08-30_12-22-08-610689_adaptiveTTL,adaptiveTTL,burst-load,1788092611.611000,83.000311,cache_hit_ratio_l2,all,0.26409903713892713
2026-08-30_12-22-08-610689_adaptiveTTL,adaptiveTTL,burst-load,1788092612.611000,84.000311,cache_hit_ratio_l2,all,0.26455026455026454
2026-08-30_12-22-08-610689_adaptiveTTL,adaptiveTTL,burst-load,1788092613.611000,85.000311,cache_hit_ratio_l2,all,0.2702731478713532
2026-08-30_12-22-08-610689_adaptiveTTL,adaptiveTTL,burst-load,1788092614.611000,86.000311,cache_hit_ratio_l2,all,0.2948207171314741
2026-08-30_12-22-08-610689_adaptiveTTL,adaptiveTTL,burst-load,1788092615.611000,87.000311,cache_hit_ratio_l2,all,0.3149171270718232
2026-08-30_12-22-08-610689_adaptiveTTL,adaptiveTTL,burst-load,1788092616.611000,88.000311,cache_hit_ratio_l2,all,0.3388916668209962
2026-08-30_12-22-08-610689_adaptiveTTL,adaptiveTTL,burst-load,1788092617.611000,89.000311,cache_hit_ratio_l2,all,0.35000000000000003
2026-08-30_12-22-08-610689_adaptiveTTL,adaptiveTTL,burst-load,1788092618.611000,90.000311,cache_hit_ratio_l2,all,0.3388888888888889
2026-08-30_12-22-08-610689_adaptiveTTL,adaptiveTTL,burst-load,1788092619.611000,91.000311,cache_hit_ratio_l2,all,0.3388888888888889
2026-08-30_12-22-08-610689_adaptiveTTL,adaptiveTTL,burst-load,1788092620.611000,92.000311,cache_hit_ratio_l2,all,0.32777777777777783
2026-08-30_12-22-08-610689_adaptiveTTL,adaptiveTTL,burst-load,1788092621.611000,93.000311,cache_hit_ratio_l2,all,0.3277762341391127
2026-08-30_12-22-08-610689_adaptiveTTL,adaptiveTTL,burst-load,1788092622.611000,94.000311,cache_hit_ratio_l2,all,0.3277808648835543
2026-08-30_12-22-08-610689_adaptiveTTL,adaptiveTTL,burst-load,1788092623.611000,95.000311,cache_hit_ratio_l2,all,0.32222222222222224
2026-08-30_12-22-08-610689_adaptiveTTL,adaptiveTTL,burst-load,1788092624.611000,96.000311,cache_hit_ratio_l2,all,0.31667068012719585
2026-08-30_12-22-08-610689_adaptiveTTL,adaptiveTTL,burst-load,1788092625.611000,97.000311,cache_hit_ratio_l2,all,0.31666666666666665
2026-08-30_12-22-08-610689_adaptiveTTL,adaptiveTTL,burst-load,1788092626.611000,98.000311,cache_hit_ratio_l2,all,0.3277811737828409
2026-08-30_12-22-08-610689_adaptiveTTL,adaptiveTTL,burst-load,1788092627.611000,99.000311,cache_hit_ratio_l2,all,0.32222098758573003
2026-08-30_12-22-08-610689_adaptiveTTL,adaptiveTTL,burst-load,1788092628.611000,100.000311,cache_hit_ratio_l2,all,0.3388885802297658
2026-08-30_12-22-08-610689_adaptiveTTL,adaptiveTTL,burst-load,1788092629.611000,101.000311,cache_hit_ratio_l2,all,0.3388888888888889
2026-08-30_12-22-08-610689_adaptiveTTL,adaptiveTTL,burst-load,1788092630.611000,102.000311,cache_hit_ratio_l2,all,0.3277774691529483
2026-08-30_12-22-08-610689_adaptiveTTL,adaptiveTTL,burst-load,1788092631.611000,103.000311,cache_hit_ratio_l2,all,0.32222222222222224
2026-08-30_12-22-08-610689_adaptiveTTL,adaptiveTTL,burst-load,1788092632.611000,104.000311,cache_hit_ratio_l2,all,0.311110493792865
2026-08-30_12-22-08-610689_adaptiveTTL,adaptiveTTL,burst-load,1788092633.611000,105.000311,cache_hit_ratio_l2,all,0.3277777777777778
2026-08-30_12-22-08-610689_adaptiveTTL,adaptiveTTL,burst-load,1788092634.611000,106.000311,cache_hit_ratio_l2,all,0.29999938275034105
2026-08-30_12-22-08-610689_adaptiveTTL,adaptiveTTL,burst-load,1788092635.611000,107.000311,cache_hit_ratio_l2,all,0.2722228395061728
2026-08-30_12-22-08-610689_adaptiveTTL,adaptiveTTL,burst-load,1788092636.611000,108.000311,cache_hit_ratio_l2,all,0.2666679011659846
2026-08-30_12-22-08-610689_adaptiveTTL,adaptiveTTL,burst-load,1788092637.611000,109.000311,cache_hit_ratio_l2,all,0.23888888888888887
2026-08-30_12-22-08-610689_adaptiveTTL,adaptiveTTL,burst-load,1788092638.611000,110.000311,cache_hit_ratio_l2,all,0.23888888888888893
2026-08-30_12-22-08-610689_adaptiveTTL,adaptiveTTL,burst-load,1788092639.611000,111.000311,cache_hit_ratio_l2,all,0.25555308655691966
2026-08-30_12-22-08-610689_adaptiveTTL,adaptiveTTL,burst-load,1788092640.611000,112.000311,cache_hit_ratio_l2,all,0.2666641976680308
2026-08-30_12-22-08-610689_adaptiveTTL,adaptiveTTL,burst-load,1788092641.611000,113.000311,cache_hit_ratio_l2,all,0.27222438259602866
2026-08-30_12-22-08-610689_adaptiveTTL,adaptiveTTL,burst-load,1788092642.611000,114.000311,cache_hit_ratio_l2,all,0.2611083334876457
2026-08-30_12-22-08-610689_adaptiveTTL,adaptiveTTL,burst-load,1788092643.611000,115.000311,cache_hit_ratio_l2,all,0.2666666666666667
2026-08-30_12-22-08-610689_adaptiveTTL,adaptiveTTL,burst-load,1788092644.611000,116.000311,cache_hit_ratio_l2,all,0.3
2026-08-30_12-22-08-610689_adaptiveTTL,adaptiveTTL,burst-load,1788092645.611000,117.000311,cache_hit_ratio_l2,all,0.29444444444444445
2026-08-30_12-22-08-610689_adaptiveTTL,adaptiveTTL,burst-load,1788092646.611000,118.000311,cache_hit_ratio_l2,all,0.32777777777777783
2026-08-30_12-22-08-610689_adaptiveTTL,adaptiveTTL,burst-load,1788092647.611000,119.000311,cache_hit_ratio_l2,all,0.3555555555555555
2026-08-30_12-22-08-610689_adaptiveTTL,adaptiveTTL,burst-load,1788092648.611000,120.000311,cache_hit_ratio_l2,all,0.3888888888888889
2026-08-30_12-22-08-610689_adaptiveTTL,adaptiveTTL,burst-load,1788092649.611000,121.000311,cache_hit_ratio_l2,all,0.39444444444444443
2026-08-30_12-22-08-610689_adaptiveTTL,adaptiveTTL,burst-load,1788092650.611000,122.000311,cache_hit_ratio_l2,all,0.4277777777777778
2026-08-30_12-22-08-610689_adaptiveTTL,adaptiveTTL,burst-load,1788092528.611000,0.000311,request_duration_p95,all,NaN
2026-08-30_12-22-08-610689_adaptiveTTL,adaptiveTTL,burst-load,1788092529.611000,1.000311,request_duration_p95,all,0.24250000000000002
2026-08-30_12-22-08-610689_adaptiveTTL,adaptiveTTL,burst-load,1788092530.611000,2.000311,request_duration_p95,all,0.4806609273253282
2026-08-30_12-22-08-610689_adaptiveTTL,adaptiveTTL,burst-load,1788092531.611000,3.000311,request_duration_p95,all,0.4722095944566276
2026-08-30_12-22-08-610689_adaptiveTTL,adaptiveTTL,burst-load,1788092532.611000,4.000311,request_duration_p95,all,0.45530429136191153
2026-08-30_12-22-08-610689_adaptiveTTL,adaptiveTTL,burst-load,1788092533.611000,5.000311,request_duration_p95,all,0.4413729292866856
2026-08-30_12-22-08-610689_adaptiveTTL,adaptiveTTL,burst-load,1788092534.611000,6.000311,request_duration_p95,all,0.42740407199545083
2026-08-30_12-22-08-610689_adaptiveTTL,adaptiveTTL,burst-load,1788092535.611000,7.000311,request_duration_p95,all,0.41196761991878705
2026-08-30_12-22-08-610689_adaptiveTTL,adaptiveTTL,burst-load,1788092536.611000,8.000311,request_duration_p95,all,0.39732004883174665
2026-08-30_12-22-08-610689_adaptiveTTL,adaptiveTTL,burst-load,1788092537.611000,9.000311,request_duration_p95,all,0.3825990025584929
2026-08-30_12-22-08-610689_adaptiveTTL,adaptiveTTL,burst-load,1788092538.611000,10.000311,request_duration_p95,all,0.36721947793845744
2026-08-30_12-22-08-610689_adaptiveTTL,adaptiveTTL,burst-load,1788092539.611000,11.000311,request_duration_p95,all,0.2582738652008957
2026-08-30_12-22-08-610689_adaptiveTTL,adaptiveTTL,burst-load,1788092540.611000,12.000311,request_duration_p95,all,0.22179982743427734
2026-08-30_12-22-08-610689_adaptiveTTL,adaptiveTTL,burst-load,1788092541.611000,13.000311,request_duration_p95,all,0.2186046917229511
2026-08-30_12-22-08-610689_adaptiveTTL,adaptiveTTL,burst-load,1788092542.611000,14.000311,request_duration_p95,all,0.21606251041608798
2026-08-30_12-22-08-610689_adaptiveTTL,adaptiveTTL,burst-load,1788092543.611000,15.000311,request_duration_p95,all,0.207578125
2026-08-30_12-22-08-610689_adaptiveTTL,adaptiveTTL,burst-load,1788092544.611000,16.000311,request_duration_p95,all,0.20178568452546286
2026-08-30_12-22-08-610689_adaptiveTTL,adaptiveTTL,burst-load,1788092545.611000,17.000311,request_duration_p95,all,0.20178571428571423
2026-08-30_12-22-08-610689_adaptiveTTL,adaptiveTTL,burst-load,1788092546.611000,18.000311,request_duration_p95,all,0.20717785292631255
2026-08-30_12-22-08-610689_adaptiveTTL,adaptiveTTL,burst-load,1788092547.611000,19.000311,request_duration_p95,all,0.2116428571428572
2026-08-30_12-22-08-610689_adaptiveTTL,adaptiveTTL,burst-load,1788092548.611000,20.000311,request_duration_p95,all,0.2116428571428572
2026-08-30_12-22-08-610689_adaptiveTTL,adaptiveTTL,burst-load,1788092549.611000,21.000311,request_duration_p95,all,0.21331067811014448
2026-08-30_12-22-08-610689_adaptiveTTL,adaptiveTTL,burst-load,1788092550.611000,22.000311,request_duration_p95,all,0.21270833333333336
2026-08-30_12-22-08-610689_adaptiveTTL,adaptiveTTL,burst-load,1788092551.611000,23.000311,request_duration_p95,all,0.2155769230769231
2026-08-30_12-22-08-610689_adaptiveTTL,adaptiveTTL,burst-load,1788092552.611000,24.000311,request_duration_p95,all,0.22127659574468084
2026-08-30_12-22-08-610689_adaptiveTTL,adaptiveTTL,burst-load,1788092553.611000,25.000311,request_duration_p95,all,0.223
2026-08-30_12-22-08-610689_adaptiveTTL,adaptiveTTL,burst-load,1788092554.611000,26.000311,request_duration_p95,all,0.22299999999999998
2026-08-30_12-22-08-610689_adaptiveTTL,adaptiveTTL,burst-load,1788092555.611000,27.000311,request_duration_p95,all,0.22171912542881345
2026-08-30_12-22-08-610689_adaptiveTTL,adaptiveTTL,burst-load,1788092556.611000,28.000311,request_duration_p95,all,0.21785714285714286
2026-08-30_12-22-08-610689_adaptiveTTL,adaptiveTTL,burst-load,1788092557.611000,29.000311,request_duration_p95,all,0.2170731707317073
2026-08-30_12-22-08-610689_adaptiveTTL,adaptiveTTL,burst-load,1788092558.611000,30.000311,request_duration_p95,all,0.21707339384888094
2026-08-30_12-22-08-610689_adaptiveTTL,adaptiveTTL,burst-load,1788092559.611000,31.000311,request_duration_p95,all,0.2171428571428571
2026-08-30_12-22-08-610689_adaptiveTTL,adaptiveTTL,burst-load,1788092560.611000,32.000311,request_duration_p95,all,0.20516728610764684
2026-08-30_12-22-08-610689_adaptiveTTL,adaptiveTTL,burst-load,1788092561.611000,33.000311,request_duration_p95,all,0.24887500000000007
2026-08-30_12-22-08-610689_adaptiveTTL,adaptiveTTL,burst-load,1788092562.611000,34.000311,request_duration_p95,all,0.3480550081980168
2026-08-30_12-22-08-610689_adaptiveTTL,adaptiveTTL,burst-load,1788092563.611000,35.000311,request_duration_p95,all,0.36590909090909074
2026-08-30_12-22-08-610689_adaptiveTTL,adaptiveTTL,burst-load,1788092564.611000,36.000311,request_duration_p95,all,0.36155063291139217
2026-08-30_12-22-08-610689_adaptiveTTL,adaptiveTTL,burst-load,1788092565.611000,37.000311,request_duration_p95,all,0.338437948858285
2026-08-30_12-22-08-610689_adaptiveTTL,adaptiveTTL,burst-load,1788092566.611000,38.000311,request_duration_p95,all,0.3139062500000004
2026-08-30_12-22-08-610689_adaptiveTTL,adaptiveTTL,burst-load,1788092567.611000,39.000311,request_duration_p95,all,0.2913580246913578
2026-08-30_12-22-08-610689_adaptiveTTL,adaptiveTTL,burst-load,1788092568.611000,40.000311,request_duration_p95,all,0.2669753086419752
2026-08-30_12-22-08-610689_adaptiveTTL,adaptiveTTL,burst-load,1788092569.611000,41.000311,request_duration_p95,all,0.25555555555555526
2026-08-30_12-22-08-610689_adaptiveTTL,adaptiveTTL,burst-load,1788092570.611000,42.000311,request_duration_p95,all,0.18598759099377832
2026-08-30_12-22-08-610689_adaptiveTTL,adaptiveTTL,burst-load,1788092571.611000,43.000311,request_duration_p95,all,0.11532608616882944
2026-08-30_12-22-08-610689_adaptiveTTL,adaptiveTTL,burst-load,1788092572.611000,44.000311,request_duration_p95,all,0.000994015444015444
2026-08-30_12-22-08-610689_adaptiveTTL,adaptiveTTL,burst-load,1788092573.611000,45.000311,request_duration_p95,all,0.0009910117058232887
2026-08-30_12-22-08-610689_adaptiveTTL,adaptiveTTL,burst-load,1788092574.611000,46.000311,request_duration_p95,all,0.000991650548033527
2026-08-30_12-22-08-610689_adaptiveTTL,adaptiveTTL,burst-load,1788092575.611000,47.000311,request_duration_p95,all,0.0009915969092079845
2026-08-30_12-22-08-610689_adaptiveTTL,adaptiveTTL,burst-load,1788092576.611000,48.000311,request_duration_p95,all,0.00099360016657326
2026-08-30_12-22-08-610689_adaptiveTTL,adaptiveTTL,burst-load,1788092577.611000,49.000311,request_duration_p95,all,0.11609375
2026-08-30_12-22-08-610689_adaptiveTTL,adaptiveTTL,burst-load,1788092578.611000,50.000311,request_duration_p95,all,0.1248428505294841
2026-08-30_12-22-08-610689_adaptiveTTL,adaptiveTTL,burst-load,1788092579.611000,51.000311,request_duration_p95,all,0.13396226415094292
2026-08-30_12-22-08-610689_adaptiveTTL,adaptiveTTL,burst-load,1788092580.611000,52.000311,request_duration_p95,all,0.13286363636363668
2026-08-30_12-22-08-610689_adaptiveTTL,adaptiveTTL,burst-load,1788092581.611000,53.000311,request_duration_p95,all,0.13475915005448358
2026-08-30_12-22-08-610689_adaptiveTTL,adaptiveTTL,burst-load,1788092582.611000,54.000311,request_duration_p95,all,0.11800124007164768
2026-08-30_12-22-08-610689_adaptiveTTL,adaptiveTTL,burst-load,1788092583.611000,55.000311,request_duration_p95,all,0.0009993186242699546
2026-08-30_12-22-08-610689_adaptiveTTL,adaptiveTTL,burst-load,1788092584.611000,56.000311,request_duration_p95,all,0.0009960862116459052
2026-08-30_12-22-08-610689_adaptiveTTL,adaptiveTTL,burst-load,1788092585.611000,57.000311,request_duration_p95,all,0.0009909318386290427
2026-08-30_12-22-08-610689_adaptiveTTL,adaptiveTTL,burst-load,1788092586.611000,58.000311,request_duration_p95,all,0.0009820905035054172
2026-08-30_12-22-08-610689_adaptiveTTL,adaptiveTTL,burst-load,1788092587.611000,59.000311,request_duration_p95,all,0.0009777636594663277
2026-08-30_12-22-08-610689_adaptiveTTL,adaptiveTTL,burst-load,1788092588.611000,60.000311,request_duration_p95,all,0.0009746518987341771
2026-08-30_12-22-08-610689_adaptiveTTL,adaptiveTTL,burst-load,1788092589.611000,61.000311,request_duration_p95,all,0.0009716048204016926
2026-08-30_12-22-08-610689_adaptiveTTL,adaptiveTTL,burst-load,1788092590.611000,62.000311,request_duration_p95,all,0.0009703531381279353
2026-08-30_12-22-08-610689_adaptiveTTL,adaptiveTTL,burst-load,1788092591.611000,63.000311,request_duration_p95,all,0.0009666875784190716
2026-08-30_12-22-08-610689_adaptiveTTL,adaptiveTTL,burst-load,1788092592.611000,64.000311,request_duration_p95,all,0.0009654956085319949
2026-08-30_12-22-08-610689_adaptiveTTL,adaptiveTTL,burst-load,1788092593.611000,65.000311,request_duration_p95,all,0.0009636733756608841
2026-08-30_12-22-08-610689_adaptiveTTL,adaptiveTTL,burst-load,1788092594.611000,66.000311,request_duration_p95,all,0.0009630788485607008
2026-08-30_12-22-08-610689_adaptiveTTL,adaptiveTTL,burst-load,1788092595.611000,67.000311,request_duration_p95,all,0.000961266933044757
2026-08-30_12-22-08-610689_adaptiveTTL,adaptiveTTL,burst-load,1788092596.611000,68.000311,request_duration_p95,all,0.0009600748596381785
2026-08-30_12-22-08-610689_adaptiveTTL,adaptiveTTL,burst-load,1788092597.611000,69.000311,request_duration_p95,all,0.0009625
2026-08-30_12-22-08-610689_adaptiveTTL,adaptiveTTL,burst-load,1788092598.611000,70.000311,request_duration_p95,all,0.0009642767689417658
2026-08-30_12-22-08-610689_adaptiveTTL,adaptiveTTL,burst-load,1788092599.611000,71.000311,request_duration_p95,all,0.0009649277184160904
2026-08-30_12-22-08-610689_adaptiveTTL,adaptiveTTL,burst-load,1788092600.611000,72.000311,request_duration_p95,all,0.0009709911616161619
2026-08-30_12-22-08-610689_adaptiveTTL,adaptiveTTL,burst-load,1788092601.611000,73.000311,request_duration_p95,all,0.0009716182730490416
2026-08-30_12-22-08-610689_adaptiveTTL,adaptiveTTL,burst-load,1788092602.611000,74.000311,request_duration_p95,all,0.0009740963855421688
2026-08-30_12-22-08-610689_adaptiveTTL,adaptiveTTL,burst-load,1788092603.611000,75.000311,request_duration_p95,all,0.0009783850783288415
2026-08-30_12-22-08-610689_adaptiveTTL,adaptiveTTL,burst-load,1788092604.611000,76.000311,request_duration_p95,all,0.0009790074952002955
2026-08-30_12-22-08-610689_adaptiveTTL,adaptiveTTL,burst-load,1788092605.611000,77.000311,request_duration_p95,all,0.0009841679901537415
2026-08-30_12-22-08-610689_adaptiveTTL,adaptiveTTL,burst-load,1788092606.611000,78.000311,request_duration_p95,all,0.0009854480706037627
2026-08-30_12-22-08-610689_adaptiveTTL,adaptiveTTL,burst-load,1788092607.611000,79.000311,request_duration_p95,all,0.0009860121304018196
2026-08-30_12-22-08-610689_adaptiveTTL,adaptiveTTL,burst-load,1788092608.611000,80.000311,request_duration_p95,all,0.0009858187761761744
2026-08-30_12-22-08-610689_adaptiveTTL,adaptiveTTL,burst-load,1788092609.611000,81.000311,request_duration_p95,all,0.000981854043392505
2026-08-30_12-22-08-610689_adaptiveTTL,adaptiveTTL,burst-load,1788092610.611000,82.000311,request_duration_p95,all,0.0009866238317757009
2026-08-30_12-22-08-610689_adaptiveTTL,adaptiveTTL,burst-load,1788092611.611000,83.000311,request_duration_p95,all,0.000989357142857143
2026-08-30_12-22-08-610689_adaptiveTTL,adaptiveTTL,burst-load,1788092612.611000,84.000311,request_duration_p95,all,0.0009919117647058822
2026-08-30_12-22-08-610689_adaptiveTTL,adaptiveTTL,burst-load,1788092613.611000,85.000311,request_duration_p95,all,0.1322084256554052
2026-08-30_12-22-08-610689_adaptiveTTL,adaptiveTTL,burst-load,1788092614.611000,86.000311,request_duration_p95,all,0.14300000000000007
2026-08-30_12-22-08-610689_adaptiveTTL,adaptiveTTL,burst-load,1788092615.611000,87.000311,request_duration_p95,all,0.1530357142857143
2026-08-30_12-22-08-610689_adaptiveTTL,adaptiveTTL,burst-load,1788092616.611000,88.000311,request_duration_p95,all,0.15999966664691245
2026-08-30_12-22-08-610689_adaptiveTTL,adaptiveTTL,burst-load,1788092617.611000,89.000311,request_duration_p95,all,0.1754166666666665
2026-08-30_12-22-08-610689_adaptiveTTL,adaptiveTTL,burst-load,1788092618.611000,90.000311,request_duration_p95,all,0.18249999999999994
2026-08-30_12-22-08-610689_adaptiveTTL,adaptiveTTL,burst-load,1788092619.611000,91.000311,request_duration_p95,all,0.175
2026-08-30_12-22-08-610689_adaptiveTTL,adaptiveTTL,burst-load,1788092620.611000,92.000311,request_duration_p95,all,0.17458333333333317
2026-08-30_12-22-08-610689_adaptiveTTL,adaptiveTTL,burst-load,1788092621.611000,93.000311,request_duration_p95,all,0.16609377604890224
2026-08-30_12-22-08-610689_adaptiveTTL,adaptiveTTL,burst-load,1788092622.611000,94.000311,request_duration_p95,all,0.170587716144216
2026-08-30_12-22-08-610689_adaptiveTTL,adaptiveTTL,burst-load,1788092623.611000,95.000311,request_duration_p95,all,0.17934210526315775
2026-08-30_12-22-08-610689_adaptiveTTL,adaptiveTTL,burst-load,1788092624.611000,96.000311,request_duration_p95,all,0.1824992497832707
2026-08-30_12-22-08-610689_adaptiveTTL,adaptiveTTL,burst-load,1788092625.611000,97.000311,request_duration_p95,all,0.17934210526315775
2026-08-30_12-22-08-610689_adaptiveTTL,adaptiveTTL,burst-load,1788092626.611000,98.000311,request_duration_p95,all,0.1853563073910396
2026-08-30_12-22-08-610689_adaptiveTTL,adaptiveTTL,burst-load,1788092627.611000,99.000311,request_duration_p95,all,0.17541710393105808
2026-08-30_12-22-08-610689_adaptiveTTL,adaptiveTTL,burst-load,1788092628.611000,100.000311,request_duration_p95,all,0.18250000000000016
2026-08-30_12-22-08-610689_adaptiveTTL,adaptiveTTL,burst-load,1788092629.611000,101.000311,request_duration_p95,all,0.17894736842105263
2026-08-30_12-22-08-610689_adaptiveTTL,adaptiveTTL,burst-load,1788092630.611000,102.000311,request_duration_p95,all,0.182499625018749
2026-08-30_12-22-08-610689_adaptiveTTL,adaptiveTTL,burst-load,1788092631.611000,103.000311,request_duration_p95,all,0.1825
2026-08-30_12-22-08-610689_adaptiveTTL,adaptiveTTL,burst-load,1788092632.611000,104.000311,request_duration_p95,all,0.17458377574201206
2026-08-30_12-22-08-610689_adaptiveTTL,adaptiveTTL,burst-load,1788092633.611000,105.000311,request_duration_p95,all,0.17541666666666672
2026-08-30_12-22-08-610689_adaptiveTTL,adaptiveTTL,burst-load,1788092634.611000,106.000311,request_duration_p95,all,0.18212539789235088
2026-08-30_12-22-08-610689_adaptiveTTL,adaptiveTTL,burst-load,1788092635.611000,107.000311,request_duration_p95,all,0.1758315020123954
2026-08-30_12-22-08-610689_adaptiveTTL,adaptiveTTL,burst-load,1788092636.611000,108.000311,request_duration_p95,all,0.19807689102742146
2026-08-30_12-22-08-610689_adaptiveTTL,adaptiveTTL,burst-load,1788092637.611000,109.000311,request_duration_p95,all,0.1999999999999999
2026-08-30_12-22-08-610689_adaptiveTTL,adaptiveTTL,burst-load,1788092638.611000,110.000311,request_duration_p95,all,0.2066935483870968
2026-08-30_12-22-08-610689_adaptiveTTL,adaptiveTTL,burst-load,1788092639.611000,111.000311,request_duration_p95,all,0.21029437714651703
2026-08-30_12-22-08-610689_adaptiveTTL,adaptiveTTL,burst-load,1788092640.611000,112.000311,request_duration_p95,all,0.2095457950501482
2026-08-30_12-22-08-610689_adaptiveTTL,adaptiveTTL,burst-load,1788092641.611000,113.000311,request_duration_p95,all,0.2137160640447785
2026-08-30_12-22-08-610689_adaptiveTTL,adaptiveTTL,burst-load,1788092642.611000,114.000311,request_duration_p95,all,0.21538488328366878
2026-08-30_12-22-08-610689_adaptiveTTL,adaptiveTTL,burst-load,1788092643.611000,115.000311,request_duration_p95,all,0.2155769230769231
2026-08-30_12-22-08-610689_adaptiveTTL,adaptiveTTL,burst-load,1788092644.611000,116.000311,request_duration_p95,all,0.2135135135135135
2026-08-30_12-22-08-610689_adaptiveTTL,adaptiveTTL,burst-load,1788092645.611000,117.000311,request_duration_p95,all,0.2100735294117647
2026-08-30_12-22-08-610689_adaptiveTTL,adaptiveTTL,burst-load,1788092646.611000,118.000311,request_duration_p95,all,0.20525000000000002
2026-08-30_12-22-08-610689_adaptiveTTL,adaptiveTTL,burst-load,1788092647.611000,119.000311,request_duration_p95,all,0.20151785714285714
2026-08-30_12-22-08-610689_adaptiveTTL,adaptiveTTL,burst-load,1788092648.611000,120.000311,request_duration_p95,all,0.19406249999999992
2026-08-30_12-22-08-610689_adaptiveTTL,adaptiveTTL,burst-load,1788092649.611000,121.000311,request_duration_p95,all,0.196
2026-08-30_12-22-08-610689_adaptiveTTL,adaptiveTTL,burst-load,1788092650.611000,122.000311,request_duration_p95,all,0.1956999999999999
2026-08-30_12-22-08-610689_adaptiveTTL,adaptiveTTL,burst-load,1788092528.611000,0.000311,request_duration_p99,all,NaN
2026-08-30_12-22-08-610689_adaptiveTTL,adaptiveTTL,burst-load,1788092529.611000,1.000311,request_duration_p99,all,0.2485
2026-08-30_12-22-08-610689_adaptiveTTL,adaptiveTTL,burst-load,1788092530.611000,2.000311,request_duration_p99,all,0.49613218546506566
2026-08-30_12-22-08-610689_adaptiveTTL,adaptiveTTL,burst-load,1788092531.611000,3.000311,request_duration_p99,all,0.4944419188913255
2026-08-30_12-22-08-610689_adaptiveTTL,adaptiveTTL,burst-load,1788092532.611000,4.000311,request_duration_p99,all,0.49106085827238233
2026-08-30_12-22-08-610689_adaptiveTTL,adaptiveTTL,burst-load,1788092533.611000,5.000311,request_duration_p99,all,0.4882745858573372
2026-08-30_12-22-08-610689_adaptiveTTL,adaptiveTTL,burst-load,1788092534.611000,6.000311,request_duration_p99,all,0.4854808143990902
2026-08-30_12-22-08-610689_adaptiveTTL,adaptiveTTL,burst-load,1788092535.611000,7.000311,request_duration_p99,all,0.4823935239837575
2026-08-30_12-22-08-610689_adaptiveTTL,adaptiveTTL,burst-load,1788092536.611000,8.000311,request_duration_p99,all,0.47946400976634934
2026-08-30_12-22-08-610689_adaptiveTTL,adaptiveTTL,burst-load,1788092537.611000,9.000311,request_duration_p99,all,0.4765198005116985
2026-08-30_12-22-08-610689_adaptiveTTL,adaptiveTTL,burst-load,1788092538.611000,10.000311,request_duration_p99,all,0.4734438955876915
2026-08-30_12-22-08-610689_adaptiveTTL,adaptiveTTL,burst-load,1788092539.611000,11.000311,request_duration_p99,all,0.4516547730401791
2026-08-30_12-22-08-610689_adaptiveTTL,adaptiveTTL,burst-load,1788092540.611000,12.000311,request_duration_p99,all,0.24435996548685548
2026-08-30_12-22-08-610689_adaptiveTTL,adaptiveTTL,burst-load,1788092541.611000,13.000311,request_duration_p99,all,0.24372093834459027
2026-08-30_12-22-08-610689_adaptiveTTL,adaptiveTTL,burst-load,1788092542.611000,14.000311,request_duration_p99,all,0.24321250208321757
2026-08-30_12-22-08-610689_adaptiveTTL,adaptiveTTL,burst-load,1788092543.611000,15.000311,request_duration_p99,all,0.241515625
2026-08-30_12-22-08-610689_adaptiveTTL,adaptiveTTL,burst-load,1788092544.611000,16.000311,request_duration_p99,all,0.24035713690509253
2026-08-30_12-22-08-610689_adaptiveTTL,adaptiveTTL,burst-load,1788092545.611000,17.000311,request_duration_p99,all,0.24035714285714288
2026-08-30_12-22-08-610689_adaptiveTTL,adaptiveTTL,burst-load,1788092546.611000,18.000311,request_duration_p99,all,0.24143557058526244
2026-08-30_12-22-08-610689_adaptiveTTL,adaptiveTTL,burst-load,1788092547.611000,19.000311,request_duration_p99,all,0.24232857142857145
2026-08-30_12-22-08-610689_adaptiveTTL,adaptiveTTL,burst-load,1788092548.611000,20.000311,request_duration_p99,all,0.24232857142857145
2026-08-30_12-22-08-610689_adaptiveTTL,adaptiveTTL,burst-load,1788092549.611000,21.000311,request_duration_p99,all,0.24266213562202887
2026-08-30_12-22-08-610689_adaptiveTTL,adaptiveTTL,burst-load,1788092550.611000,22.000311,request_duration_p99,all,0.2425416666666667
2026-08-30_12-22-08-610689_adaptiveTTL,adaptiveTTL,burst-load,1788092551.611000,23.000311,request_duration_p99,all,0.24311538461538465
2026-08-30_12-22-08-610689_adaptiveTTL,adaptiveTTL,burst-load,1788092552.611000,24.000311,request_duration_p99,all,0.2442553191489362
2026-08-30_12-22-08-610689_adaptiveTTL,adaptiveTTL,burst-load,1788092553.611000,25.000311,request_duration_p99,all,0.24459999999999998
2026-08-30_12-22-08-610689_adaptiveTTL,adaptiveTTL,burst-load,1788092554.611000,26.000311,request_duration_p99,all,0.2446
2026-08-30_12-22-08-610689_adaptiveTTL,adaptiveTTL,burst-load,1788092555.611000,27.000311,request_duration_p99,all,0.24434382508576266
2026-08-30_12-22-08-610689_adaptiveTTL,adaptiveTTL,burst-load,1788092556.611000,28.000311,request_duration_p99,all,0.2435714285714286
2026-08-30_12-22-08-610689_adaptiveTTL,adaptiveTTL,burst-load,1788092557.611000,29.000311,request_duration_p99,all,0.24341463414634149
2026-08-30_12-22-08-610689_adaptiveTTL,adaptiveTTL,burst-load,1788092558.611000,30.000311,request_duration_p99,all,0.24341467876977624
2026-08-30_12-22-08-610689_adaptiveTTL,adaptiveTTL,burst-load,1788092559.611000,31.000311,request_duration_p99,all,0.24342857142857147
2026-08-30_12-22-08-610689_adaptiveTTL,adaptiveTTL,burst-load,1788092560.611000,32.000311,request_duration_p99,all,0.24103345722152938
2026-08-30_12-22-08-610689_adaptiveTTL,adaptiveTTL,burst-load,1788092561.611000,33.000311,request_duration_p99,all,0.4492857142857145
2026-08-30_12-22-08-610689_adaptiveTTL,adaptiveTTL,burst-load,1788092562.611000,34.000311,request_duration_p99,all,0.47849942959582814
2026-08-30_12-22-08-610689_adaptiveTTL,adaptiveTTL,burst-load,1788092563.611000,35.000311,request_duration_p99,all,0.47924242424242447
2026-08-30_12-22-08-610689_adaptiveTTL,adaptiveTTL,burst-load,1788092564.611000,36.000311,request_duration_p99,all,0.47737341772151914
2026-08-30_12-22-08-610689_adaptiveTTL,adaptiveTTL,burst-load,1788092565.611000,37.000311,request_duration_p99,all,0.4726878537038014
2026-08-30_12-22-08-610689_adaptiveTTL,adaptiveTTL,burst-load,1788092566.611000,38.000311,request_duration_p99,all,0.4677812500000009
2026-08-30_12-22-08-610689_adaptiveTTL,adaptiveTTL,burst-load,1788092567.611000,39.000311,request_duration_p99,all,0.46320987654320966
2026-08-30_12-22-08-610689_adaptiveTTL,adaptiveTTL,burst-load,1788092568.611000,40.000311,request_duration_p99,all,0.45833333333333304
2026-08-30_12-22-08-610689_adaptiveTTL,adaptiveTTL,burst-load,1788092569.611000,41.000311,request_duration_p99,all,0.4560493827160496
2026-08-30_12-22-08-610689_adaptiveTTL,adaptiveTTL,burst-load,1788092570.611000,42.000311,request_duration_p99,all,0.44151589616171344
2026-08-30_12-22-08-610689_adaptiveTTL,adaptiveTTL,burst-load,1788092571.611000,43.000311,request_duration_p99,all,0.3983747315815641
2026-08-30_12-22-08-610689_adaptiveTTL,adaptiveTTL,burst-load,1788092572.611000,44.000311,request_duration_p99,all,0.28605263157894706
2026-08-30_12-22-08-610689_adaptiveTTL,adaptiveTTL,burst-load,1788092573.611000,45.000311,request_duration_p99,all,0.23857220355896974
2026-08-30_12-22-08-610689_adaptiveTTL,adaptiveTTL,burst-load,1788092574.611000,46.000311,request_duration_p99,all,0.2751388888888897
2026-08-30_12-22-08-610689_adaptiveTTL,adaptiveTTL,burst-load,1788092575.611000,47.000311,request_duration_p99,all,0.3070238095238102
2026-08-30_12-22-08-610689_adaptiveTTL,adaptiveTTL,burst-load,1788092576.611000,48.000311,request_duration_p99,all,0.33146147756523014
2026-08-30_12-22-08-610689_adaptiveTTL,adaptiveTTL,burst-load,1788092577.611000,49.000311,request_duration_p99,all,0.3936184210526309
2026-08-30_12-22-08-610689_adaptiveTTL,adaptiveTTL,burst-load,1788092578.611000,50.000311,request_duration_p99,all,0.4011576092700339
2026-08-30_12-22-08-610689_adaptiveTTL,adaptiveTTL,burst-load,1788092579.611000,51.000311,request_duration_p99,all,0.398749999999999
2026-08-30_12-22-08-610689_adaptiveTTL,adaptiveTTL,burst-load,1788092580.611000,52.000311,request_duration_p99,all,0.39348684210526375
2026-08-30_12-22-08-610689_adaptiveTTL,adaptiveTTL,burst-load,1788092581.611000,53.000311,request_duration_p99,all,0.4012792805732007
2026-08-30_12-22-08-610689_adaptiveTTL,adaptiveTTL,burst-load,1788092582.611000,54.000311,request_duration_p99,all,0.3905420348002607
2026-08-30_12-22-08-610689_adaptiveTTL,adaptiveTTL,burst-load,1788092583.611000,55.000311,request_duration_p99,all,0.364916666666667
2026-08-30_12-22-08-610689_adaptiveTTL,adaptiveTTL,burst-load,1788092584.611000,56.000311,request_duration_p99,all,0.34990463316173587
2026-08-30_12-22-08-610689_adaptiveTTL,adaptiveTTL,burst-load,1788092585.611000,57.000311,request_duration_p99,all,0.3236879864341896
2026-08-30_12-22-08-610689_adaptiveTTL,adaptiveTTL,burst-load,1788092586.611000,58.000311,request_duration_p99,all,0.22538636363636377
2026-08-30_12-22-08-610689_adaptiveTTL,adaptiveTTL,burst-load,1788092587.611000,59.000311,request_duration_p99,all,0.21174999999999916
2026-08-30_12-22-08-610689_adaptiveTTL,adaptiveTTL,burst-load,1788092588.611000,60.000311,request_duration_p99,all,0.20624285714285687
2026-08-30_12-22-08-610689_adaptiveTTL,adaptiveTTL,burst-load,1788092589.611000,61.000311,request_duration_p99,all,0.19585647147389415
2026-08-30_12-22-08-610689_adaptiveTTL,adaptiveTTL,burst-load,1788092590.611000,62.000311,request_duration_p99,all,0.1812430867233554
2026-08-30_12-22-08-610689_adaptiveTTL,adaptiveTTL,burst-load,1788092591.611000,63.000311,request_duration_p99,all,0.15988888888888803
2026-08-30_12-22-08-610689_adaptiveTTL,adaptiveTTL,burst-load,1788092592.611000,64.000311,request_duration_p99,all,0.15280000000000038
2026-08-30_12-22-08-610689_adaptiveTTL,adaptiveTTL,burst-load,1788092593.611000,65.000311,request_duration_p99,all,0.1394772765157832
2026-08-30_12-22-08-610689_adaptiveTTL,adaptiveTTL,burst-load,1788092594.611000,66.000311,request_duration_p99,all,0.13428571428571445
2026-08-30_12-22-08-610689_adaptiveTTL,adaptiveTTL,burst-load,1788092595.611000,67.000311,request_duration_p99,all,0.11491416929060791
2026-08-30_12-22-08-610689_adaptiveTTL,adaptiveTTL,burst-load,1788092596.611000,68.000311,request_duration_p99,all,0.004200000000000001
2026-08-30_12-22-08-610689_adaptiveTTL,adaptiveTTL,burst-load,1788092597.611000,69.000311,request_duration_p99,all,0.12872499999999937
2026-08-30_12-22-08-610689_adaptiveTTL,adaptiveTTL,burst-load,1788092598.611000,70.000311,request_duration_p99,all,0.1442826086956528
2026-08-30_12-22-08-610689_adaptiveTTL,adaptiveTTL,burst-load,1788092599.611000,71.000311,request_duration_p99,all,0.15525000000000005
2026-08-30_12-22-08-610689_adaptiveTTL,adaptiveTTL,burst-load,1788092600.611000,72.000311,request_duration_p99,all,0.18550000000000086
2026-08-30_12-22-08-610689_adaptiveTTL,adaptiveTTL,burst-load,1788092601.611000,73.000311,request_duration_p99,all,0.19009095913935092
2026-08-30_12-22-08-610689_adaptiveTTL,adaptiveTTL,burst-load,1788092602.611000,74.000311,request_duration_p99,all,0.1966081081081073
2026-08-30_12-22-08-610689_adaptiveTTL,adaptiveTTL,burst-load,1788092603.611000,75.000311,request_duration_p99,all,0.20999958992213838
2026-08-30_12-22-08-610689_adaptiveTTL,adaptiveTTL,burst-load,1788092604.611000,76.000311,request_duration_p99,all,0.21092988734432327
2026-08-30_12-22-08-610689_adaptiveTTL,adaptiveTTL,burst-load,1788092605.611000,77.000311,request_duration_p99,all,0.23000973244825731
2026-08-30_12-22-08-610689_adaptiveTTL,adaptiveTTL,burst-load,1788092606.611000,78.000311,request_duration_p99,all,0.2385241471437091
2026-08-30_12-22-08-610689_adaptiveTTL,adaptiveTTL,burst-load,1788092607.611000,79.000311,request_duration_p99,all,0.24332894736842237
2026-08-30_12-22-08-610689_adaptiveTTL,adaptiveTTL,burst-load,1788092608.611000,80.000311,request_duration_p99,all,0.24495543897692065
2026-08-30_12-22-08-610689_adaptiveTTL,adaptiveTTL,burst-load,1788092609.611000,81.000311,request_duration_p99,all,0.24700000000000033
2026-08-30_12-22-08-610689_adaptiveTTL,adaptiveTTL,burst-load,1788092610.611000,82.000311,request_duration_p99,all,0.25305555555555515
2026-08-30_12-22-08-610689_adaptiveTTL,adaptiveTTL,burst-load,1788092611.611000,83.000311,request_duration_p99,all,0.29749999999999943
2026-08-30_12-22-08-610689_adaptiveTTL,adaptiveTTL,burst-load,1788092612.611000,84.000311,request_duration_p99,all,0.2971428571428576
2026-08-30_12-22-08-610689_adaptiveTTL,adaptiveTTL,burst-load,1788092613.611000,85.000311,request_duration_p99,all,0.35465132612732964
2026-08-30_12-22-08-610689_adaptiveTTL,adaptiveTTL,burst-load,1788092614.611000,86.000311,request_duration_p99,all,0.24460000000000012
2026-08-30_12-22-08-610689_adaptiveTTL,adaptiveTTL,burst-load,1788092615.611000,87.000311,request_duration_p99,all,0.23060714285714293
2026-08-30_12-22-08-610689_adaptiveTTL,adaptiveTTL,burst-load,1788092616.611000,88.000311,request_duration_p99,all,0.23199993332938249
2026-08-30_12-22-08-610689_adaptiveTTL,adaptiveTTL,burst-load,1788092617.611000,89.000311,request_duration_p99,all,0.2350833333333333
2026-08-30_12-22-08-610689_adaptiveTTL,adaptiveTTL,burst-load,1788092618.611000,90.000311,request_duration_p99,all,0.23649999999999993
2026-08-30_12-22-08-610689_adaptiveTTL,adaptiveTTL,burst-load,1788092619.611000,91.000311,request_duration_p99,all,0.23499999999999996
2026-08-30_12-22-08-610689_adaptiveTTL,adaptiveTTL,burst-load,1788092620.611000,92.000311,request_duration_p99,all,0.23491666666666663
2026-08-30_12-22-08-610689_adaptiveTTL,adaptiveTTL,burst-load,1788092621.611000,93.000311,request_duration_p99,all,0.23321875520978044
2026-08-30_12-22-08-610689_adaptiveTTL,adaptiveTTL,burst-load,1788092622.611000,94.000311,request_duration_p99,all,0.23411754322884332
2026-08-30_12-22-08-610689_adaptiveTTL,adaptiveTTL,burst-load,1788092623.611000,95.000311,request_duration_p99,all,0.23586842105263148
2026-08-30_12-22-08-610689_adaptiveTTL,adaptiveTTL,burst-load,1788092624.611000,96.000311,request_duration_p99,all,0.2364998499566541
2026-08-30_12-22-08-610689_adaptiveTTL,adaptiveTTL,burst-load,1788092625.611000,97.000311,request_duration_p99,all,0.23586842105263148
2026-08-30_12-22-08-610689_adaptiveTTL,adaptiveTTL,burst-load,1788092626.611000,98.000311,request_duration_p99,all,0.23707126147820792
2026-08-30_12-22-08-610689_adaptiveTTL,adaptiveTTL,burst-load,1788092627.611000,99.000311,request_duration_p99,all,0.23508342078621167
2026-08-30_12-22-08-610689_adaptiveTTL,adaptiveTTL,burst-load,1788092628.611000,100.000311,request_duration_p99,all,0.23650000000000002
2026-08-30_12-22-08-610689_adaptiveTTL,adaptiveTTL,burst-load,1788092629.611000,101.000311,request_duration_p99,all,0.23578947368421058
2026-08-30_12-22-08-610689_adaptiveTTL,adaptiveTTL,burst-load,1788092630.611000,102.000311,request_duration_p99,all,0.2364999250037499
2026-08-30_12-22-08-610689_adaptiveTTL,adaptiveTTL,burst-load,1788092631.611000,103.000311,request_duration_p99,all,0.23650000000000004
2026-08-30_12-22-08-610689_adaptiveTTL,adaptiveTTL,burst-load,1788092632.611000,104.000311,request_duration_p99,all,0.2349167551484023
2026-08-30_12-22-08-610689_adaptiveTTL,adaptiveTTL,burst-load,1788092633.611000,105.000311,request_duration_p99,all,0.2350833333333334
2026-08-30_12-22-08-610689_adaptiveTTL,adaptiveTTL,burst-load,1788092634.611000,106.000311,request_duration_p99,all,0.23642507957847012
2026-08-30_12-22-08-610689_adaptiveTTL,adaptiveTTL,burst-load,1788092635.611000,107.000311,request_duration_p99,all,0.23516630040247907
2026-08-30_12-22-08-610689_adaptiveTTL,adaptiveTTL,burst-load,1788092636.611000,108.000311,request_duration_p99,all,0.23961537820548426
2026-08-30_12-22-08-610689_adaptiveTTL,adaptiveTTL,burst-load,1788092637.611000,109.000311,request_duration_p99,all,0.2399999999999999
2026-08-30_12-22-08-610689_adaptiveTTL,adaptiveTTL,burst-load,1788092638.611000,110.000311,request_duration_p99,all,0.24133870967741938
2026-08-30_12-22-08-610689_adaptiveTTL,adaptiveTTL,burst-load,1788092639.611000,111.000311,request_duration_p99,all,0.24205887542930346
2026-08-30_12-22-08-610689_adaptiveTTL,adaptiveTTL,burst-load,1788092640.611000,112.000311,request_duration_p99,all,0.24190915901002966
2026-08-30_12-22-08-610689_adaptiveTTL,adaptiveTTL,burst-load,1788092641.611000,113.000311,request_duration_p99,all,0.24274321280895575
2026-08-30_12-22-08-610689_adaptiveTTL,adaptiveTTL,burst-load,1788092642.611000,114.000311,request_duration_p99,all,0.24307697665673375
2026-08-30_12-22-08-610689_adaptiveTTL,adaptiveTTL,burst-load,1788092643.611000,115.000311,request_duration_p99,all,0.24311538461538465
2026-08-30_12-22-08-610689_adaptiveTTL,adaptiveTTL,burst-load,1788092644.611000,116.000311,request_duration_p99,all,0.24270270270270272
2026-08-30_12-22-08-610689_adaptiveTTL,adaptiveTTL,burst-load,1788092645.611000,117.000311,request_duration_p99,all,0.24201470588235297
2026-08-30_12-22-08-610689_adaptiveTTL,adaptiveTTL,burst-load,1788092646.611000,118.000311,request_duration_p99,all,0.24105000000000004
2026-08-30_12-22-08-610689_adaptiveTTL,adaptiveTTL,burst-load,1788092647.611000,119.000311,request_duration_p99,all,0.24030357142857148
2026-08-30_12-22-08-610689_adaptiveTTL,adaptiveTTL,burst-load,1788092648.611000,120.000311,request_duration_p99,all,0.23881249999999996
2026-08-30_12-22-08-610689_adaptiveTTL,adaptiveTTL,burst-load,1788092649.611000,121.000311,request_duration_p99,all,0.23919999999999997
2026-08-30_12-22-08-610689_adaptiveTTL,adaptiveTTL,burst-load,1788092650.611000,122.000311,request_duration_p99,all,0.23914
2026-08-30_12-22-08-610689_adaptiveTTL,adaptiveTTL,burst-load,1788092528.611000,0.000311,adaptive_ttl_factor,all,1
2026-08-30_12-22-08-610689_adaptiveTTL,adaptiveTTL,burst-load,1788092529.611000,1.000311,adaptive_ttl_factor,all,1
2026-08-30_12-22-08-610689_adaptiveTTL,adaptiveTTL,burst-load,1788092530.611000,2.000311,adaptive_ttl_factor,all,1
2026-08-30_12-22-08-610689_adaptiveTTL,adaptiveTTL,burst-load,1788092531.611000,3.000311,adaptive_ttl_factor,all,1
2026-08-30_12-22-08-610689_adaptiveTTL,adaptiveTTL,burst-load,1788092532.611000,4.000311,adaptive_ttl_factor,all,1
2026-08-30_12-22-08-610689_adaptiveTTL,adaptiveTTL,burst-load,1788092533.611000,5.000311,adaptive_ttl_factor,all,1
2026-08-30_12-22-08-610689_adaptiveTTL,adaptiveTTL,burst-load,1788092534.611000,6.000311,adaptive_ttl_factor,all,1
2026-08-30_12-22-08-610689_adaptiveTTL,adaptiveTTL,burst-load,1788092535.611000,7.000311,adaptive_ttl_factor,all,1
2026-08-30_12-22-08-610689_adaptiveTTL,adaptiveTTL,burst-load,1788092536.611000,8.000311,adaptive_ttl_factor,all,1
2026-08-30_12-22-08-610689_adaptiveTTL,adaptiveTTL,burst-load,1788092537.611000,9.000311,adaptive_ttl_factor,all,1
2026-08-30_12-22-08-610689_adaptiveTTL,adaptiveTTL,burst-load,1788092538.611000,10.000311,adaptive_ttl_factor,all,1
2026-08-30_12-22-08-610689_adaptiveTTL,adaptiveTTL,burst-load,1788092539.611000,11.000311,adaptive_ttl_factor,all,1
2026-08-30_12-22-08-610689_adaptiveTTL,adaptiveTTL,burst-load,1788092540.611000,12.000311,adaptive_ttl_factor,all,1
2026-08-30_12-22-08-610689_adaptiveTTL,adaptiveTTL,burst-load,1788092541.611000,13.000311,adaptive_ttl_factor,all,1
2026-08-30_12-22-08-610689_adaptiveTTL,adaptiveTTL,burst-load,1788092542.611000,14.000311,adaptive_ttl_factor,all,1
2026-08-30_12-22-08-610689_adaptiveTTL,adaptiveTTL,burst-load,1788092543.611000,15.000311,adaptive_ttl_factor,all,1
2026-08-30_12-22-08-610689_adaptiveTTL,adaptiveTTL,burst-load,1788092544.611000,16.000311,adaptive_ttl_factor,all,1
2026-08-30_12-22-08-610689_adaptiveTTL,adaptiveTTL,burst-load,1788092545.611000,17.000311,adaptive_ttl_factor,all,1
2026-08-30_12-22-08-610689_adaptiveTTL,adaptiveTTL,burst-load,1788092546.611000,18.000311,adaptive_ttl_factor,all,1
2026-08-30_12-22-08-610689_adaptiveTTL,adaptiveTTL,burst-load,1788092547.611000,19.000311,adaptive_ttl_factor,all,1
2026-08-30_12-22-08-610689_adaptiveTTL,adaptiveTTL,burst-load,1788092548.611000,20.000311,adaptive_ttl_factor,all,1
2026-08-30_12-22-08-610689_adaptiveTTL,adaptiveTTL,burst-load,1788092549.611000,21.000311,adaptive_ttl_factor,all,0.8
2026-08-30_12-22-08-610689_adaptiveTTL,adaptiveTTL,burst-load,1788092550.611000,22.000311,adaptive_ttl_factor,all,0.8
2026-08-30_12-22-08-610689_adaptiveTTL,adaptiveTTL,burst-load,1788092551.611000,23.000311,adaptive_ttl_factor,all,0.8
2026-08-30_12-22-08-610689_adaptiveTTL,adaptiveTTL,burst-load,1788092552.611000,24.000311,adaptive_ttl_factor,all,0.8
2026-08-30_12-22-08-610689_adaptiveTTL,adaptiveTTL,burst-load,1788092553.611000,25.000311,adaptive_ttl_factor,all,0.8
2026-08-30_12-22-08-610689_adaptiveTTL,adaptiveTTL,burst-load,1788092554.611000,26.000311,adaptive_ttl_factor,all,0.8
2026-08-30_12-22-08-610689_adaptiveTTL,adaptiveTTL,burst-load,1788092555.611000,27.000311,adaptive_ttl_factor,all,0.8
2026-08-30_12-22-08-610689_adaptiveTTL,adaptiveTTL,burst-load,1788092556.611000,28.000311,adaptive_ttl_factor,all,0.8
2026-08-30_12-22-08-610689_adaptiveTTL,adaptiveTTL,burst-load,1788092557.611000,29.000311,adaptive_ttl_factor,all,0.8
2026-08-30_12-22-08-610689_adaptiveTTL,adaptiveTTL,burst-load,1788092558.611000,30.000311,adaptive_ttl_factor,all,0.8
2026-08-30_12-22-08-610689_adaptiveTTL,adaptiveTTL,burst-load,1788092559.611000,31.000311,adaptive_ttl_factor,all,0.8
2026-08-30_12-22-08-610689_adaptiveTTL,adaptiveTTL,burst-load,1788092560.611000,32.000311,adaptive_ttl_factor,all,0.8
2026-08-30_12-22-08-610689_adaptiveTTL,adaptiveTTL,burst-load,1788092561.611000,33.000311,adaptive_ttl_factor,all,0.875
2026-08-30_12-22-08-610689_adaptiveTTL,adaptiveTTL,burst-load,1788092562.611000,34.000311,adaptive_ttl_factor,all,0.875
2026-08-30_12-22-08-610689_adaptiveTTL,adaptiveTTL,burst-load,1788092563.611000,35.000311,adaptive_ttl_factor,all,1.0250000000000001
2026-08-30_12-22-08-610689_adaptiveTTL,adaptiveTTL,burst-load,1788092564.611000,36.000311,adaptive_ttl_factor,all,1.0250000000000001
2026-08-30_12-22-08-610689_adaptiveTTL,adaptiveTTL,burst-load,1788092565.611000,37.000311,adaptive_ttl_factor,all,1.175
2026-08-30_12-22-08-610689_adaptiveTTL,adaptiveTTL,burst-load,1788092566.611000,38.000311,adaptive_ttl_factor,all,1.175
2026-08-30_12-22-08-610689_adaptiveTTL,adaptiveTTL,burst-load,1788092567.611000,39.000311,adaptive_ttl_factor,all,1.325
2026-08-30_12-22-08-610689_adaptiveTTL,adaptiveTTL,burst-load,1788092568.611000,40.000311,adaptive_ttl_factor,all,1.325
2026-08-30_12-22-08-610689_adaptiveTTL,adaptiveTTL,burst-load,1788092569.611000,41.000311,adaptive_ttl_factor,all,1.4749999999999999
2026-08-30_12-22-08-610689_adaptiveTTL,adaptiveTTL,burst-load,1788092570.611000,42.000311,adaptive_ttl_factor,all,1.4749999999999999
2026-08-30_12-22-08-610689_adaptiveTTL,adaptiveTTL,burst-load,1788092571.611000,43.000311,adaptive_ttl_factor,all,1.6249999999999998
2026-08-30_12-22-08-610689_adaptiveTTL,adaptiveTTL,burst-load,1788092572.611000,44.000311,adaptive_ttl_factor,all,1.6249999999999998
2026-08-30_12-22-08-610689_adaptiveTTL,adaptiveTTL,burst-load,1788092573.611000,45.000311,adaptive_ttl_factor,all,1.7749999999999997
2026-08-30_12-22-08-610689_adaptiveTTL,adaptiveTTL,burst-load,1788092574.611000,46.000311,adaptive_ttl_factor,all,1.7749999999999997
2026-08-30_12-22-08-610689_adaptiveTTL,adaptiveTTL,burst-load,1788092575.611000,47.000311,adaptive_ttl_factor,all,1.9749999999999996
2026-08-30_12-22-08-610689_adaptiveTTL,adaptiveTTL,burst-load,1788092576.611000,48.000311,adaptive_ttl_factor,all,1.9749999999999996
2026-08-30_12-22-08-610689_adaptiveTTL,adaptiveTTL,burst-load,1788092577.611000,49.000311,adaptive_ttl_factor,all,2.175
2026-08-30_12-22-08-610689_adaptiveTTL,adaptiveTTL,burst-load,1788092578.611000,50.000311,adaptive_ttl_factor,all,2.175
2026-08-30_12-22-08-610689_adaptiveTTL,adaptiveTTL,burst-load,1788092579.611000,51.000311,adaptive_ttl_factor,all,2.3249999999999993
2026-08-30_12-22-08-610689_adaptiveTTL,adaptiveTTL,burst-load,1788092580.611000,52.000311,adaptive_ttl_factor,all,2.3249999999999993
2026-08-30_12-22-08-610689_adaptiveTTL,adaptiveTTL,burst-load,1788092581.611000,53.000311,adaptive_ttl_factor,all,2.4499999999999997
2026-08-30_12-22-08-610689_adaptiveTTL,adaptiveTTL,burst-load,1788092582.611000,54.000311,adaptive_ttl_factor,all,2.4499999999999997
2026-08-30_12-22-08-610689_adaptiveTTL,adaptiveTTL,burst-load,1788092583.611000,55.000311,adaptive_ttl_factor,all,2.5
2026-08-30_12-22-08-610689_adaptiveTTL,adaptiveTTL,burst-load,1788092584.611000,56.000311,adaptive_ttl_factor,all,2.5
2026-08-30_12-22-08-610689_adaptiveTTL,adaptiveTTL,burst-load,1788092585.611000,57.000311,adaptive_ttl_factor,all,2.5
2026-08-30_12-22-08-610689_adaptiveTTL,adaptiveTTL,burst-load,1788092586.611000,58.000311,adaptive_ttl_factor,all,2.5
2026-08-30_12-22-08-610689_adaptiveTTL,adaptiveTTL,burst-load,1788092587.611000,59.000311,adaptive_ttl_factor,all,2.5
2026-08-30_12-22-08-610689_adaptiveTTL,adaptiveTTL,burst-load,1788092588.611000,60.000311,adaptive_ttl_factor,all,2.5
2026-08-30_12-22-08-610689_adaptiveTTL,adaptiveTTL,burst-load,1788092589.611000,61.000311,adaptive_ttl_factor,all,2.5
2026-08-30_12-22-08-610689_adaptiveTTL,adaptiveTTL,burst-load,1788092590.611000,62.000311,adaptive_ttl_factor,all,2.5
2026-08-30_12-22-08-610689_adaptiveTTL,adaptiveTTL,burst-load,1788092591.611000,63.000311,adaptive_ttl_factor,all,2.5
2026-08-30_12-22-08-610689_adaptiveTTL,adaptiveTTL,burst-load,1788092592.611000,64.000311,adaptive_ttl_factor,all,2.5
2026-08-30_12-22-08-610689_adaptiveTTL,adaptiveTTL,burst-load,1788092593.611000,65.000311,adaptive_ttl_factor,all,2.5
2026-08-30_12-22-08-610689_adaptiveTTL,adaptiveTTL,burst-load,1788092594.611000,66.000311,adaptive_ttl_factor,all,2.5
2026-08-30_12-22-08-610689_adaptiveTTL,adaptiveTTL,burst-load,1788092595.611000,67.000311,adaptive_ttl_factor,all,2.5
2026-08-30_12-22-08-610689_adaptiveTTL,adaptiveTTL,burst-load,1788092596.611000,68.000311,adaptive_ttl_factor,all,2.5
2026-08-30_12-22-08-610689_adaptiveTTL,adaptiveTTL,burst-load,1788092597.611000,69.000311,adaptive_ttl_factor,all,2.4
2026-08-30_12-22-08-610689_adaptiveTTL,adaptiveTTL,burst-load,1788092598.611000,70.000311,adaptive_ttl_factor,all,2.4
2026-08-30_12-22-08-610689_adaptiveTTL,adaptiveTTL,burst-load,1788092599.611000,71.000311,adaptive_ttl_factor,all,2.3
2026-08-30_12-22-08-610689_adaptiveTTL,adaptiveTTL,burst-load,1788092600.611000,72.000311,adaptive_ttl_factor,all,2.3
2026-08-30_12-22-08-610689_adaptiveTTL,adaptiveTTL,burst-load,1788092601.611000,73.000311,adaptive_ttl_factor,all,2.0999999999999996
2026-08-30_12-22-08-610689_adaptiveTTL,adaptiveTTL,burst-load,1788092602.611000,74.000311,adaptive_ttl_factor,all,2.0999999999999996
2026-08-30_12-22-08-610689_adaptiveTTL,adaptiveTTL,burst-load,1788092603.611000,75.000311,adaptive_ttl_factor,all,2.0999999999999996
2026-08-30_12-22-08-610689_adaptiveTTL,adaptiveTTL,burst-load,1788092604.611000,76.000311,adaptive_ttl_factor,all,2.0999999999999996
2026-08-30_12-22-08-610689_adaptiveTTL,adaptiveTTL,burst-load,1788092605.611000,77.000311,adaptive_ttl_factor,all,2.0999999999999996
2026-08-30_12-22-08-610689_adaptiveTTL,adaptiveTTL,burst-load,1788092606.611000,78.000311,adaptive_ttl_factor,all,2.0999999999999996
2026-08-30_12-22-08-610689_adaptiveTTL,adaptiveTTL,burst-load,1788092607.611000,79.000311,adaptive_ttl_factor,all,2.0999999999999996
2026-08-30_12-22-08-610689_adaptiveTTL,adaptiveTTL,burst-load,1788092608.611000,80.000311,adaptive_ttl_factor,all,2.0999999999999996
2026-08-30_12-22-08-610689_adaptiveTTL,adaptiveTTL,burst-load,1788092609.611000,81.000311,adaptive_ttl_factor,all,2.0999999999999996
2026-08-30_12-22-08-610689_adaptiveTTL,adaptiveTTL,burst-load,1788092610.611000,82.000311,adaptive_ttl_factor,all,2.0999999999999996
2026-08-30_12-22-08-610689_adaptiveTTL,adaptiveTTL,burst-load,1788092611.611000,83.000311,adaptive_ttl_factor,all,2.0999999999999996
2026-08-30_12-22-08-610689_adaptiveTTL,adaptiveTTL,burst-load,1788092612.611000,84.000311,adaptive_ttl_factor,all,2.0999999999999996
2026-08-30_12-22-08-610689_adaptiveTTL,adaptiveTTL,burst-load,1788092613.611000,85.000311,adaptive_ttl_factor,all,2.0999999999999996
2026-08-30_12-22-08-610689_adaptiveTTL,adaptiveTTL,burst-load,1788092614.611000,86.000311,adaptive_ttl_factor,all,2.0999999999999996
2026-08-30_12-22-08-610689_adaptiveTTL,adaptiveTTL,burst-load,1788092615.611000,87.000311,adaptive_ttl_factor,all,2.0999999999999996
2026-08-30_12-22-08-610689_adaptiveTTL,adaptiveTTL,burst-load,1788092616.611000,88.000311,adaptive_ttl_factor,all,2.0999999999999996
2026-08-30_12-22-08-610689_adaptiveTTL,adaptiveTTL,burst-load,1788092617.611000,89.000311,adaptive_ttl_factor,all,2.0999999999999996
2026-08-30_12-22-08-610689_adaptiveTTL,adaptiveTTL,burst-load,1788092618.611000,90.000311,adaptive_ttl_factor,all,2.0999999999999996
2026-08-30_12-22-08-610689_adaptiveTTL,adaptiveTTL,burst-load,1788092619.611000,91.000311,adaptive_ttl_factor,all,2.0999999999999996
2026-08-30_12-22-08-610689_adaptiveTTL,adaptiveTTL,burst-load,1788092620.611000,92.000311,adaptive_ttl_factor,all,2.0999999999999996
2026-08-30_12-22-08-610689_adaptiveTTL,adaptiveTTL,burst-load,1788092621.611000,93.000311,adaptive_ttl_factor,all,2.0999999999999996
2026-08-30_12-22-08-610689_adaptiveTTL,adaptiveTTL,burst-load,1788092622.611000,94.000311,adaptive_ttl_factor,all,2.0999999999999996
2026-08-30_12-22-08-610689_adaptiveTTL,adaptiveTTL,burst-load,1788092623.611000,95.000311,adaptive_ttl_factor,all,1.9999999999999996
2026-08-30_12-22-08-610689_adaptiveTTL,adaptiveTTL,burst-load,1788092624.611000,96.000311,adaptive_ttl_factor,all,1.8999999999999997
2026-08-30_12-22-08-610689_adaptiveTTL,adaptiveTTL,burst-load,1788092625.611000,97.000311,adaptive_ttl_factor,all,1.7999999999999998
2026-08-30_12-22-08-610689_adaptiveTTL,adaptiveTTL,burst-load,1788092626.611000,98.000311,adaptive_ttl_factor,all,1.7999999999999998
2026-08-30_12-22-08-610689_adaptiveTTL,adaptiveTTL,burst-load,1788092627.611000,99.000311,adaptive_ttl_factor,all,1.7999999999999998
2026-08-30_12-22-08-610689_adaptiveTTL,adaptiveTTL,burst-load,1788092628.611000,100.000311,adaptive_ttl_factor,all,1.6999999999999997
2026-08-30_12-22-08-610689_adaptiveTTL,adaptiveTTL,burst-load,1788092629.611000,101.000311,adaptive_ttl_factor,all,1.5999999999999996
2026-08-30_12-22-08-610689_adaptiveTTL,adaptiveTTL,burst-load,1788092630.611000,102.000311,adaptive_ttl_factor,all,1.4999999999999998
2026-08-30_12-22-08-610689_adaptiveTTL,adaptiveTTL,burst-load,1788092631.611000,103.000311,adaptive_ttl_factor,all,1.4
2026-08-30_12-22-08-610689_adaptiveTTL,adaptiveTTL,burst-load,1788092632.611000,104.000311,adaptive_ttl_factor,all,1.4
2026-08-30_12-22-08-610689_adaptiveTTL,adaptiveTTL,burst-load,1788092633.611000,105.000311,adaptive_ttl_factor,all,1.4
2026-08-30_12-22-08-610689_adaptiveTTL,adaptiveTTL,burst-load,1788092634.611000,106.000311,adaptive_ttl_factor,all,1.2999999999999998
2026-08-30_12-22-08-610689_adaptiveTTL,adaptiveTTL,burst-load,1788092635.611000,107.000311,adaptive_ttl_factor,all,1.1999999999999997
2026-08-30_12-22-08-610689_adaptiveTTL,adaptiveTTL,burst-load,1788092636.611000,108.000311,adaptive_ttl_factor,all,1.0999999999999999
2026-08-30_12-22-08-610689_adaptiveTTL,adaptiveTTL,burst-load,1788092637.611000,109.000311,adaptive_ttl_factor,all,0.9999999999999999
2026-08-30_12-22-08-610689_adaptiveTTL,adaptiveTTL,burst-load,1788092638.611000,110.000311,adaptive_ttl_factor,all,0.9999999999999999
2026-08-30_12-22-08-610689_adaptiveTTL,adaptiveTTL,burst-load,1788092639.611000,111.000311,adaptive_ttl_factor,all,0.9999999999999999
2026-08-30_12-22-08-610689_adaptiveTTL,adaptiveTTL,burst-load,1788092640.611000,112.000311,adaptive_ttl_factor,all,0.8999999999999999
2026-08-30_12-22-08-610689_adaptiveTTL,adaptiveTTL,burst-load,1788092641.611000,113.000311,adaptive_ttl_factor,all,0.85
2026-08-30_12-22-08-610689_adaptiveTTL,adaptiveTTL,burst-load,1788092642.611000,114.000311,adaptive_ttl_factor,all,0.8
2026-08-30_12-22-08-610689_adaptiveTTL,adaptiveTTL,burst-load,1788092643.611000,115.000311,adaptive_ttl_factor,all,0.8
2026-08-30_12-22-08-610689_adaptiveTTL,adaptiveTTL,burst-load,1788092644.611000,116.000311,adaptive_ttl_factor,all,0.8
2026-08-30_12-22-08-610689_adaptiveTTL,adaptiveTTL,burst-load,1788092645.611000,117.000311,adaptive_ttl_factor,all,0.8
2026-08-30_12-22-08-610689_adaptiveTTL,adaptiveTTL,burst-load,1788092646.611000,118.000311,adaptive_ttl_factor,all,0.8
2026-08-30_12-22-08-610689_adaptiveTTL,adaptiveTTL,burst-load,1788092647.611000,119.000311,adaptive_ttl_factor,all,0.8
2026-08-30_12-22-08-610689_adaptiveTTL,adaptiveTTL,burst-load,1788092648.611000,120.000311,adaptive_ttl_factor,all,0.8
2026-08-30_12-22-08-610689_adaptiveTTL,adaptiveTTL,burst-load,1788092649.611000,121.000311,adaptive_ttl_factor,all,0.8
2026-08-30_12-22-08-610689_adaptiveTTL,adaptiveTTL,burst-load,1788092650.611000,122.000311,adaptive_ttl_factor,all,0.8
2026-08-30_12-22-08-610689_adaptiveTTL,adaptiveTTL,burst-load,1788092528.611000,0.000311,adaptive_ttl_effective_seconds,level=l1,5
2026-08-30_12-22-08-610689_adaptiveTTL,adaptiveTTL,burst-load,1788092529.611000,1.000311,adaptive_ttl_effective_seconds,level=l1,5
2026-08-30_12-22-08-610689_adaptiveTTL,adaptiveTTL,burst-load,1788092530.611000,2.000311,adaptive_ttl_effective_seconds,level=l1,5
2026-08-30_12-22-08-610689_adaptiveTTL,adaptiveTTL,burst-load,1788092531.611000,3.000311,adaptive_ttl_effective_seconds,level=l1,5
2026-08-30_12-22-08-610689_adaptiveTTL,adaptiveTTL,burst-load,1788092532.611000,4.000311,adaptive_ttl_effective_seconds,level=l1,5
2026-08-30_12-22-08-610689_adaptiveTTL,adaptiveTTL,burst-load,1788092533.611000,5.000311,adaptive_ttl_effective_seconds,level=l1,5
2026-08-30_12-22-08-610689_adaptiveTTL,adaptiveTTL,burst-load,1788092534.611000,6.000311,adaptive_ttl_effective_seconds,level=l1,5
2026-08-30_12-22-08-610689_adaptiveTTL,adaptiveTTL,burst-load,1788092535.611000,7.000311,adaptive_ttl_effective_seconds,level=l1,5
2026-08-30_12-22-08-610689_adaptiveTTL,adaptiveTTL,burst-load,1788092536.611000,8.000311,adaptive_ttl_effective_seconds,level=l1,5
2026-08-30_12-22-08-610689_adaptiveTTL,adaptiveTTL,burst-load,1788092537.611000,9.000311,adaptive_ttl_effective_seconds,level=l1,5
2026-08-30_12-22-08-610689_adaptiveTTL,adaptiveTTL,burst-load,1788092538.611000,10.000311,adaptive_ttl_effective_seconds,level=l1,5
2026-08-30_12-22-08-610689_adaptiveTTL,adaptiveTTL,burst-load,1788092539.611000,11.000311,adaptive_ttl_effective_seconds,level=l1,5
2026-08-30_12-22-08-610689_adaptiveTTL,adaptiveTTL,burst-load,1788092540.611000,12.000311,adaptive_ttl_effective_seconds,level=l1,5
2026-08-30_12-22-08-610689_adaptiveTTL,adaptiveTTL,burst-load,1788092541.611000,13.000311,adaptive_ttl_effective_seconds,level=l1,5
2026-08-30_12-22-08-610689_adaptiveTTL,adaptiveTTL,burst-load,1788092542.611000,14.000311,adaptive_ttl_effective_seconds,level=l1,5
2026-08-30_12-22-08-610689_adaptiveTTL,adaptiveTTL,burst-load,1788092543.611000,15.000311,adaptive_ttl_effective_seconds,level=l1,5
2026-08-30_12-22-08-610689_adaptiveTTL,adaptiveTTL,burst-load,1788092544.611000,16.000311,adaptive_ttl_effective_seconds,level=l1,5
2026-08-30_12-22-08-610689_adaptiveTTL,adaptiveTTL,burst-load,1788092545.611000,17.000311,adaptive_ttl_effective_seconds,level=l1,5
2026-08-30_12-22-08-610689_adaptiveTTL,adaptiveTTL,burst-load,1788092546.611000,18.000311,adaptive_ttl_effective_seconds,level=l1,5
2026-08-30_12-22-08-610689_adaptiveTTL,adaptiveTTL,burst-load,1788092547.611000,19.000311,adaptive_ttl_effective_seconds,level=l1,5
2026-08-30_12-22-08-610689_adaptiveTTL,adaptiveTTL,burst-load,1788092548.611000,20.000311,adaptive_ttl_effective_seconds,level=l1,5
2026-08-30_12-22-08-610689_adaptiveTTL,adaptiveTTL,burst-load,1788092549.611000,21.000311,adaptive_ttl_effective_seconds,level=l1,4
2026-08-30_12-22-08-610689_adaptiveTTL,adaptiveTTL,burst-load,1788092550.611000,22.000311,adaptive_ttl_effective_seconds,level=l1,4
2026-08-30_12-22-08-610689_adaptiveTTL,adaptiveTTL,burst-load,1788092551.611000,23.000311,adaptive_ttl_effective_seconds,level=l1,4
2026-08-30_12-22-08-610689_adaptiveTTL,adaptiveTTL,burst-load,1788092552.611000,24.000311,adaptive_ttl_effective_seconds,level=l1,4
2026-08-30_12-22-08-610689_adaptiveTTL,adaptiveTTL,burst-load,1788092553.611000,25.000311,adaptive_ttl_effective_seconds,level=l1,4
2026-08-30_12-22-08-610689_adaptiveTTL,adaptiveTTL,burst-load,1788092554.611000,26.000311,adaptive_ttl_effective_seconds,level=l1,4
2026-08-30_12-22-08-610689_adaptiveTTL,adaptiveTTL,burst-load,1788092555.611000,27.000311,adaptive_ttl_effective_seconds,level=l1,4
2026-08-30_12-22-08-610689_adaptiveTTL,adaptiveTTL,burst-load,1788092556.611000,28.000311,adaptive_ttl_effective_seconds,level=l1,4
2026-08-30_12-22-08-610689_adaptiveTTL,adaptiveTTL,burst-load,1788092557.611000,29.000311,adaptive_ttl_effective_seconds,level=l1,4
2026-08-30_12-22-08-610689_adaptiveTTL,adaptiveTTL,burst-load,1788092558.611000,30.000311,adaptive_ttl_effective_seconds,level=l1,4
2026-08-30_12-22-08-610689_adaptiveTTL,adaptiveTTL,burst-load,1788092559.611000,31.000311,adaptive_ttl_effective_seconds,level=l1,4
2026-08-30_12-22-08-610689_adaptiveTTL,adaptiveTTL,burst-load,1788092560.611000,32.000311,adaptive_ttl_effective_seconds,level=l1,4
2026-08-30_12-22-08-610689_adaptiveTTL,adaptiveTTL,burst-load,1788092561.611000,33.000311,adaptive_ttl_effective_seconds,level=l1,4.375
2026-08-30_12-22-08-610689_adaptiveTTL,adaptiveTTL,burst-load,1788092562.611000,34.000311,adaptive_ttl_effective_seconds,level=l1,4.375
2026-08-30_12-22-08-610689_adaptiveTTL,adaptiveTTL,burst-load,1788092563.611000,35.000311,adaptive_ttl_effective_seconds,level=l1,5.125
2026-08-30_12-22-08-610689_adaptiveTTL,adaptiveTTL,burst-load,1788092564.611000,36.000311,adaptive_ttl_effective_seconds,level=l1,5.125
2026-08-30_12-22-08-610689_adaptiveTTL,adaptiveTTL,burst-load,1788092565.611000,37.000311,adaptive_ttl_effective_seconds,level=l1,5.875
2026-08-30_12-22-08-610689_adaptiveTTL,adaptiveTTL,burst-load,1788092566.611000,38.000311,adaptive_ttl_effective_seconds,level=l1,5.875
2026-08-30_12-22-08-610689_adaptiveTTL,adaptiveTTL,burst-load,1788092567.611000,39.000311,adaptive_ttl_effective_seconds,level=l1,6.625
2026-08-30_12-22-08-610689_adaptiveTTL,adaptiveTTL,burst-load,1788092568.611000,40.000311,adaptive_ttl_effective_seconds,level=l1,6.625
2026-08-30_12-22-08-610689_adaptiveTTL,adaptiveTTL,burst-load,1788092569.611000,41.000311,adaptive_ttl_effective_seconds,level=l1,7.3749999995
2026-08-30_12-22-08-610689_adaptiveTTL,adaptiveTTL,burst-load,1788092570.611000,42.000311,adaptive_ttl_effective_seconds,level=l1,7.3749999995
2026-08-30_12-22-08-610689_adaptiveTTL,adaptiveTTL,burst-load,1788092571.611000,43.000311,adaptive_ttl_effective_seconds,level=l1,8.124999999
2026-08-30_12-22-08-610689_adaptiveTTL,adaptiveTTL,burst-load,1788092572.611000,44.000311,adaptive_ttl_effective_seconds,level=l1,8.124999999
2026-08-30_12-22-08-610689_adaptiveTTL,adaptiveTTL,burst-load,1788092573.611000,45.000311,adaptive_ttl_effective_seconds,level=l1,8.874999999
2026-08-30_12-22-08-610689_adaptiveTTL,adaptiveTTL,burst-load,1788092574.611000,46.000311,adaptive_ttl_effective_seconds,level=l1,8.874999999
2026-08-30_12-22-08-610689_adaptiveTTL,adaptiveTTL,burst-load,1788092575.611000,47.000311,adaptive_ttl_effective_seconds,level=l1,9.874999999
2026-08-30_12-22-08-610689_adaptiveTTL,adaptiveTTL,burst-load,1788092576.611000,48.000311,adaptive_ttl_effective_seconds,level=l1,9.874999999
2026-08-30_12-22-08-610689_adaptiveTTL,adaptiveTTL,burst-load,1788092577.611000,49.000311,adaptive_ttl_effective_seconds,level=l1,10.874999999
2026-08-30_12-22-08-610689_adaptiveTTL,adaptiveTTL,burst-load,1788092578.611000,50.000311,adaptive_ttl_effective_seconds,level=l1,10.874999999
2026-08-30_12-22-08-610689_adaptiveTTL,adaptiveTTL,burst-load,1788092579.611000,51.000311,adaptive_ttl_effective_seconds,level=l1,11.624999999
2026-08-30_12-22-08-610689_adaptiveTTL,adaptiveTTL,burst-load,1788092580.611000,52.000311,adaptive_ttl_effective_seconds,level=l1,11.624999999
2026-08-30_12-22-08-610689_adaptiveTTL,adaptiveTTL,burst-load,1788092581.611000,53.000311,adaptive_ttl_effective_seconds,level=l1,12.2499999995
2026-08-30_12-22-08-610689_adaptiveTTL,adaptiveTTL,burst-load,1788092582.611000,54.000311,adaptive_ttl_effective_seconds,level=l1,12.2499999995
2026-08-30_12-22-08-610689_adaptiveTTL,adaptiveTTL,burst-load,1788092583.611000,55.000311,adaptive_ttl_effective_seconds,level=l1,12.5
2026-08-30_12-22-08-610689_adaptiveTTL,adaptiveTTL,burst-load,1788092584.611000,56.000311,adaptive_ttl_effective_seconds,level=l1,12.5
2026-08-30_12-22-08-610689_adaptiveTTL,adaptiveTTL,burst-load,1788092585.611000,57.000311,adaptive_ttl_effective_seconds,level=l1,12.5
2026-08-30_12-22-08-610689_adaptiveTTL,adaptiveTTL,burst-load,1788092586.611000,58.000311,adaptive_ttl_effective_seconds,level=l1,12.5
2026-08-30_12-22-08-610689_adaptiveTTL,adaptiveTTL,burst-load,1788092587.611000,59.000311,adaptive_ttl_effective_seconds,level=l1,12.5
2026-08-30_12-22-08-610689_adaptiveTTL,adaptiveTTL,burst-load,1788092588.611000,60.000311,adaptive_ttl_effective_seconds,level=l1,12.5
2026-08-30_12-22-08-610689_adaptiveTTL,adaptiveTTL,burst-load,1788092589.611000,61.000311,adaptive_ttl_effective_seconds,level=l1,12.5
2026-08-30_12-22-08-610689_adaptiveTTL,adaptiveTTL,burst-load,1788092590.611000,62.000311,adaptive_ttl_effective_seconds,level=l1,12.5
2026-08-30_12-22-08-610689_adaptiveTTL,adaptiveTTL,burst-load,1788092591.611000,63.000311,adaptive_ttl_effective_seconds,level=l1,12.5
2026-08-30_12-22-08-610689_adaptiveTTL,adaptiveTTL,burst-load,1788092592.611000,64.000311,adaptive_ttl_effective_seconds,level=l1,12.5
2026-08-30_12-22-08-610689_adaptiveTTL,adaptiveTTL,burst-load,1788092593.611000,65.000311,adaptive_ttl_effective_seconds,level=l1,12.5
2026-08-30_12-22-08-610689_adaptiveTTL,adaptiveTTL,burst-load,1788092594.611000,66.000311,adaptive_ttl_effective_seconds,level=l1,12.5
2026-08-30_12-22-08-610689_adaptiveTTL,adaptiveTTL,burst-load,1788092595.611000,67.000311,adaptive_ttl_effective_seconds,level=l1,12.5
2026-08-30_12-22-08-610689_adaptiveTTL,adaptiveTTL,burst-load,1788092596.611000,68.000311,adaptive_ttl_effective_seconds,level=l1,12.5
2026-08-30_12-22-08-610689_adaptiveTTL,adaptiveTTL,burst-load,1788092597.611000,69.000311,adaptive_ttl_effective_seconds,level=l1,12
2026-08-30_12-22-08-610689_adaptiveTTL,adaptiveTTL,burst-load,1788092598.611000,70.000311,adaptive_ttl_effective_seconds,level=l1,12
2026-08-30_12-22-08-610689_adaptiveTTL,adaptiveTTL,burst-load,1788092599.611000,71.000311,adaptive_ttl_effective_seconds,level=l1,11.5
2026-08-30_12-22-08-610689_adaptiveTTL,adaptiveTTL,burst-load,1788092600.611000,72.000311,adaptive_ttl_effective_seconds,level=l1,11.5
2026-08-30_12-22-08-610689_adaptiveTTL,adaptiveTTL,burst-load,1788092601.611000,73.000311,adaptive_ttl_effective_seconds,level=l1,10.499999999
2026-08-30_12-22-08-610689_adaptiveTTL,adaptiveTTL,burst-load,1788092602.611000,74.000311,adaptive_ttl_effective_seconds,level=l1,10.499999999
2026-08-30_12-22-08-610689_adaptiveTTL,adaptiveTTL,burst-load,1788092603.611000,75.000311,adaptive_ttl_effective_seconds,level=l1,10.499999999
2026-08-30_12-22-08-610689_adaptiveTTL,adaptiveTTL,burst-load,1788092604.611000,76.000311,adaptive_ttl_effective_seconds,level=l1,10.499999999
2026-08-30_12-22-08-610689_adaptiveTTL,adaptiveTTL,burst-load,1788092605.611000,77.000311,adaptive_ttl_effective_seconds,level=l1,10.499999999
2026-08-30_12-22-08-610689_adaptiveTTL,adaptiveTTL,burst-load,1788092606.611000,78.000311,adaptive_ttl_effective_seconds,level=l1,10.499999999
2026-08-30_12-22-08-610689_adaptiveTTL,adaptiveTTL,burst-load,1788092607.611000,79.000311,adaptive_ttl_effective_seconds,level=l1,10.499999999
2026-08-30_12-22-08-610689_adaptiveTTL,adaptiveTTL,burst-load,1788092608.611000,80.000311,adaptive_ttl_effective_seconds,level=l1,10.499999999
2026-08-30_12-22-08-610689_adaptiveTTL,adaptiveTTL,burst-load,1788092609.611000,81.000311,adaptive_ttl_effective_seconds,level=l1,10.499999999
2026-08-30_12-22-08-610689_adaptiveTTL,adaptiveTTL,burst-load,1788092610.611000,82.000311,adaptive_ttl_effective_seconds,level=l1,10.499999999
2026-08-30_12-22-08-610689_adaptiveTTL,adaptiveTTL,burst-load,1788092611.611000,83.000311,adaptive_ttl_effective_seconds,level=l1,10.499999999
2026-08-30_12-22-08-610689_adaptiveTTL,adaptiveTTL,burst-load,1788092612.611000,84.000311,adaptive_ttl_effective_seconds,level=l1,10.499999999
2026-08-30_12-22-08-610689_adaptiveTTL,adaptiveTTL,burst-load,1788092613.611000,85.000311,adaptive_ttl_effective_seconds,level=l1,10.499999999
2026-08-30_12-22-08-610689_adaptiveTTL,adaptiveTTL,burst-load,1788092614.611000,86.000311,adaptive_ttl_effective_seconds,level=l1,10.499999999
2026-08-30_12-22-08-610689_adaptiveTTL,adaptiveTTL,burst-load,1788092615.611000,87.000311,adaptive_ttl_effective_seconds,level=l1,10.499999999
2026-08-30_12-22-08-610689_adaptiveTTL,adaptiveTTL,burst-load,1788092616.611000,88.000311,adaptive_ttl_effective_seconds,level=l1,10.499999999
2026-08-30_12-22-08-610689_adaptiveTTL,adaptiveTTL,burst-load,1788092617.611000,89.000311,adaptive_ttl_effective_seconds,level=l1,10.499999999
2026-08-30_12-22-08-610689_adaptiveTTL,adaptiveTTL,burst-load,1788092618.611000,90.000311,adaptive_ttl_effective_seconds,level=l1,10.499999999
2026-08-30_12-22-08-610689_adaptiveTTL,adaptiveTTL,burst-load,1788092619.611000,91.000311,adaptive_ttl_effective_seconds,level=l1,10.499999999
2026-08-30_12-22-08-610689_adaptiveTTL,adaptiveTTL,burst-load,1788092620.611000,92.000311,adaptive_ttl_effective_seconds,level=l1,10.499999999
2026-08-30_12-22-08-610689_adaptiveTTL,adaptiveTTL,burst-load,1788092621.611000,93.000311,adaptive_ttl_effective_seconds,level=l1,10.499999999
2026-08-30_12-22-08-610689_adaptiveTTL,adaptiveTTL,burst-load,1788092622.611000,94.000311,adaptive_ttl_effective_seconds,level=l1,10.499999999
2026-08-30_12-22-08-610689_adaptiveTTL,adaptiveTTL,burst-load,1788092623.611000,95.000311,adaptive_ttl_effective_seconds,level=l1,9.999999999
2026-08-30_12-22-08-610689_adaptiveTTL,adaptiveTTL,burst-load,1788092624.611000,96.000311,adaptive_ttl_effective_seconds,level=l1,9.499999999
2026-08-30_12-22-08-610689_adaptiveTTL,adaptiveTTL,burst-load,1788092625.611000,97.000311,adaptive_ttl_effective_seconds,level=l1,8.999999999
2026-08-30_12-22-08-610689_adaptiveTTL,adaptiveTTL,burst-load,1788092626.611000,98.000311,adaptive_ttl_effective_seconds,level=l1,8.999999999
2026-08-30_12-22-08-610689_adaptiveTTL,adaptiveTTL,burst-load,1788092627.611000,99.000311,adaptive_ttl_effective_seconds,level=l1,8.999999999
2026-08-30_12-22-08-610689_adaptiveTTL,adaptiveTTL,burst-load,1788092628.611000,100.000311,adaptive_ttl_effective_seconds,level=l1,8.499999999
2026-08-30_12-22-08-610689_adaptiveTTL,adaptiveTTL,burst-load,1788092629.611000,101.000311,adaptive_ttl_effective_seconds,level=l1,7.999999999
2026-08-30_12-22-08-610689_adaptiveTTL,adaptiveTTL,burst-load,1788092630.611000,102.000311,adaptive_ttl_effective_seconds,level=l1,7.499999999
2026-08-30_12-22-08-610689_adaptiveTTL,adaptiveTTL,burst-load,1788092631.611000,103.000311,adaptive_ttl_effective_seconds,level=l1,6.999999999
2026-08-30_12-22-08-610689_adaptiveTTL,adaptiveTTL,burst-load,1788092632.611000,104.000311,adaptive_ttl_effective_seconds,level=l1,6.999999999
2026-08-30_12-22-08-610689_adaptiveTTL,adaptiveTTL,burst-load,1788092633.611000,105.000311,adaptive_ttl_effective_seconds,level=l1,6.999999999
2026-08-30_12-22-08-610689_adaptiveTTL,adaptiveTTL,burst-load,1788092634.611000,106.000311,adaptive_ttl_effective_seconds,level=l1,6.499999999
2026-08-30_12-22-08-610689_adaptiveTTL,adaptiveTTL,burst-load,1788092635.611000,107.000311,adaptive_ttl_effective_seconds,level=l1,5.999999999
2026-08-30_12-22-08-610689_adaptiveTTL,adaptiveTTL,burst-load,1788092636.611000,108.000311,adaptive_ttl_effective_seconds,level=l1,5.499999999
2026-08-30_12-22-08-610689_adaptiveTTL,adaptiveTTL,burst-load,1788092637.611000,109.000311,adaptive_ttl_effective_seconds,level=l1,4.9999999995
2026-08-30_12-22-08-610689_adaptiveTTL,adaptiveTTL,burst-load,1788092638.611000,110.000311,adaptive_ttl_effective_seconds,level=l1,4.9999999995
2026-08-30_12-22-08-610689_adaptiveTTL,adaptiveTTL,burst-load,1788092639.611000,111.000311,adaptive_ttl_effective_seconds,level=l1,4.9999999995
2026-08-30_12-22-08-610689_adaptiveTTL,adaptiveTTL,burst-load,1788092640.611000,112.000311,adaptive_ttl_effective_seconds,level=l1,4.5
2026-08-30_12-22-08-610689_adaptiveTTL,adaptiveTTL,burst-load,1788092641.611000,113.000311,adaptive_ttl_effective_seconds,level=l1,4.25
2026-08-30_12-22-08-610689_adaptiveTTL,adaptiveTTL,burst-load,1788092642.611000,114.000311,adaptive_ttl_effective_seconds,level=l1,4
2026-08-30_12-22-08-610689_adaptiveTTL,adaptiveTTL,burst-load,1788092643.611000,115.000311,adaptive_ttl_effective_seconds,level=l1,4
2026-08-30_12-22-08-610689_adaptiveTTL,adaptiveTTL,burst-load,1788092644.611000,116.000311,adaptive_ttl_effective_seconds,level=l1,4
2026-08-30_12-22-08-610689_adaptiveTTL,adaptiveTTL,burst-load,1788092645.611000,117.000311,adaptive_ttl_effective_seconds,level=l1,4
2026-08-30_12-22-08-610689_adaptiveTTL,adaptiveTTL,burst-load,1788092646.611000,118.000311,adaptive_ttl_effective_seconds,level=l1,4
2026-08-30_12-22-08-610689_adaptiveTTL,adaptiveTTL,burst-load,1788092647.611000,119.000311,adaptive_ttl_effective_seconds,level=l1,4
2026-08-30_12-22-08-610689_adaptiveTTL,adaptiveTTL,burst-load,1788092648.611000,120.000311,adaptive_ttl_effective_seconds,level=l1,4
2026-08-30_12-22-08-610689_adaptiveTTL,adaptiveTTL,burst-load,1788092649.611000,121.000311,adaptive_ttl_effective_seconds,level=l1,4
2026-08-30_12-22-08-610689_adaptiveTTL,adaptiveTTL,burst-load,1788092650.611000,122.000311,adaptive_ttl_effective_seconds,level=l1,4
2026-08-30_12-22-08-610689_adaptiveTTL,adaptiveTTL,burst-load,1788092528.611000,0.000311,adaptive_ttl_effective_seconds,level=l2,15
2026-08-30_12-22-08-610689_adaptiveTTL,adaptiveTTL,burst-load,1788092529.611000,1.000311,adaptive_ttl_effective_seconds,level=l2,15
2026-08-30_12-22-08-610689_adaptiveTTL,adaptiveTTL,burst-load,1788092530.611000,2.000311,adaptive_ttl_effective_seconds,level=l2,15
2026-08-30_12-22-08-610689_adaptiveTTL,adaptiveTTL,burst-load,1788092531.611000,3.000311,adaptive_ttl_effective_seconds,level=l2,15
2026-08-30_12-22-08-610689_adaptiveTTL,adaptiveTTL,burst-load,1788092532.611000,4.000311,adaptive_ttl_effective_seconds,level=l2,15
2026-08-30_12-22-08-610689_adaptiveTTL,adaptiveTTL,burst-load,1788092533.611000,5.000311,adaptive_ttl_effective_seconds,level=l2,15
2026-08-30_12-22-08-610689_adaptiveTTL,adaptiveTTL,burst-load,1788092534.611000,6.000311,adaptive_ttl_effective_seconds,level=l2,15
2026-08-30_12-22-08-610689_adaptiveTTL,adaptiveTTL,burst-load,1788092535.611000,7.000311,adaptive_ttl_effective_seconds,level=l2,15
2026-08-30_12-22-08-610689_adaptiveTTL,adaptiveTTL,burst-load,1788092536.611000,8.000311,adaptive_ttl_effective_seconds,level=l2,15
2026-08-30_12-22-08-610689_adaptiveTTL,adaptiveTTL,burst-load,1788092537.611000,9.000311,adaptive_ttl_effective_seconds,level=l2,15
2026-08-30_12-22-08-610689_adaptiveTTL,adaptiveTTL,burst-load,1788092538.611000,10.000311,adaptive_ttl_effective_seconds,level=l2,15
2026-08-30_12-22-08-610689_adaptiveTTL,adaptiveTTL,burst-load,1788092539.611000,11.000311,adaptive_ttl_effective_seconds,level=l2,15
2026-08-30_12-22-08-610689_adaptiveTTL,adaptiveTTL,burst-load,1788092540.611000,12.000311,adaptive_ttl_effective_seconds,level=l2,15
2026-08-30_12-22-08-610689_adaptiveTTL,adaptiveTTL,burst-load,1788092541.611000,13.000311,adaptive_ttl_effective_seconds,level=l2,15
2026-08-30_12-22-08-610689_adaptiveTTL,adaptiveTTL,burst-load,1788092542.611000,14.000311,adaptive_ttl_effective_seconds,level=l2,15
2026-08-30_12-22-08-610689_adaptiveTTL,adaptiveTTL,burst-load,1788092543.611000,15.000311,adaptive_ttl_effective_seconds,level=l2,15
2026-08-30_12-22-08-610689_adaptiveTTL,adaptiveTTL,burst-load,1788092544.611000,16.000311,adaptive_ttl_effective_seconds,level=l2,15
2026-08-30_12-22-08-610689_adaptiveTTL,adaptiveTTL,burst-load,1788092545.611000,17.000311,adaptive_ttl_effective_seconds,level=l2,15
2026-08-30_12-22-08-610689_adaptiveTTL,adaptiveTTL,burst-load,1788092546.611000,18.000311,adaptive_ttl_effective_seconds,level=l2,15
2026-08-30_12-22-08-610689_adaptiveTTL,adaptiveTTL,burst-load,1788092547.611000,19.000311,adaptive_ttl_effective_seconds,level=l2,15
2026-08-30_12-22-08-610689_adaptiveTTL,adaptiveTTL,burst-load,1788092548.611000,20.000311,adaptive_ttl_effective_seconds,level=l2,15
2026-08-30_12-22-08-610689_adaptiveTTL,adaptiveTTL,burst-load,1788092549.611000,21.000311,adaptive_ttl_effective_seconds,level=l2,12
2026-08-30_12-22-08-610689_adaptiveTTL,adaptiveTTL,burst-load,1788092550.611000,22.000311,adaptive_ttl_effective_seconds,level=l2,12
2026-08-30_12-22-08-610689_adaptiveTTL,adaptiveTTL,burst-load,1788092551.611000,23.000311,adaptive_ttl_effective_seconds,level=l2,12
2026-08-30_12-22-08-610689_adaptiveTTL,adaptiveTTL,burst-load,1788092552.611000,24.000311,adaptive_ttl_effective_seconds,level=l2,12
2026-08-30_12-22-08-610689_adaptiveTTL,adaptiveTTL,burst-load,1788092553.611000,25.000311,adaptive_ttl_effective_seconds,level=l2,12
2026-08-30_12-22-08-610689_adaptiveTTL,adaptiveTTL,burst-load,1788092554.611000,26.000311,adaptive_ttl_effective_seconds,level=l2,12
2026-08-30_12-22-08-610689_adaptiveTTL,adaptiveTTL,burst-load,1788092555.611000,27.000311,adaptive_ttl_effective_seconds,level=l2,12
2026-08-30_12-22-08-610689_adaptiveTTL,adaptiveTTL,burst-load,1788092556.611000,28.000311,adaptive_ttl_effective_seconds,level=l2,12
2026-08-30_12-22-08-610689_adaptiveTTL,adaptiveTTL,burst-load,1788092557.611000,29.000311,adaptive_ttl_effective_seconds,level=l2,12
2026-08-30_12-22-08-610689_adaptiveTTL,adaptiveTTL,burst-load,1788092558.611000,30.000311,adaptive_ttl_effective_seconds,level=l2,12
2026-08-30_12-22-08-610689_adaptiveTTL,adaptiveTTL,burst-load,1788092559.611000,31.000311,adaptive_ttl_effective_seconds,level=l2,12
2026-08-30_12-22-08-610689_adaptiveTTL,adaptiveTTL,burst-load,1788092560.611000,32.000311,adaptive_ttl_effective_seconds,level=l2,12
2026-08-30_12-22-08-610689_adaptiveTTL,adaptiveTTL,burst-load,1788092561.611000,33.000311,adaptive_ttl_effective_seconds,level=l2,13.125
2026-08-30_12-22-08-610689_adaptiveTTL,adaptiveTTL,burst-load,1788092562.611000,34.000311,adaptive_ttl_effective_seconds,level=l2,13.125
2026-08-30_12-22-08-610689_adaptiveTTL,adaptiveTTL,burst-load,1788092563.611000,35.000311,adaptive_ttl_effective_seconds,level=l2,15.375
2026-08-30_12-22-08-610689_adaptiveTTL,adaptiveTTL,burst-load,1788092564.611000,36.000311,adaptive_ttl_effective_seconds,level=l2,15.375
2026-08-30_12-22-08-610689_adaptiveTTL,adaptiveTTL,burst-load,1788092565.611000,37.000311,adaptive_ttl_effective_seconds,level=l2,17.625
2026-08-30_12-22-08-610689_adaptiveTTL,adaptiveTTL,burst-load,1788092566.611000,38.000311,adaptive_ttl_effective_seconds,level=l2,17.625
2026-08-30_12-22-08-610689_adaptiveTTL,adaptiveTTL,burst-load,1788092567.611000,39.000311,adaptive_ttl_effective_seconds,level=l2,19.875
2026-08-30_12-22-08-610689_adaptiveTTL,adaptiveTTL,burst-load,1788092568.611000,40.000311,adaptive_ttl_effective_seconds,level=l2,19.875
2026-08-30_12-22-08-610689_adaptiveTTL,adaptiveTTL,burst-load,1788092569.611000,41.000311,adaptive_ttl_effective_seconds,level=l2,22.124999999499998
2026-08-30_12-22-08-610689_adaptiveTTL,adaptiveTTL,burst-load,1788092570.611000,42.000311,adaptive_ttl_effective_seconds,level=l2,22.124999999499998
2026-08-30_12-22-08-610689_adaptiveTTL,adaptiveTTL,burst-load,1788092571.611000,43.000311,adaptive_ttl_effective_seconds,level=l2,24.374999999
2026-08-30_12-22-08-610689_adaptiveTTL,adaptiveTTL,burst-load,1788092572.611000,44.000311,adaptive_ttl_effective_seconds,level=l2,24.374999999
2026-08-30_12-22-08-610689_adaptiveTTL,adaptiveTTL,burst-load,1788092573.611000,45.000311,adaptive_ttl_effective_seconds,level=l2,26.624999999
2026-08-30_12-22-08-610689_adaptiveTTL,adaptiveTTL,burst-load,1788092574.611000,46.000311,adaptive_ttl_effective_seconds,level=l2,26.624999999
2026-08-30_12-22-08-610689_adaptiveTTL,adaptiveTTL,burst-load,1788092575.611000,47.000311,adaptive_ttl_effective_seconds,level=l2,29.624999999
2026-08-30_12-22-08-610689_adaptiveTTL,adaptiveTTL,burst-load,1788092576.611000,48.000311,adaptive_ttl_effective_seconds,level=l2,29.624999999
2026-08-30_12-22-08-610689_adaptiveTTL,adaptiveTTL,burst-load,1788092577.611000,49.000311,adaptive_ttl_effective_seconds,level=l2,32.624999999
2026-08-30_12-22-08-610689_adaptiveTTL,adaptiveTTL,burst-load,1788092578.611000,50.000311,adaptive_ttl_effective_seconds,level=l2,32.624999999
2026-08-30_12-22-08-610689_adaptiveTTL,adaptiveTTL,burst-load,1788092579.611000,51.000311,adaptive_ttl_effective_seconds,level=l2,34.874999999
2026-08-30_12-22-08-610689_adaptiveTTL,adaptiveTTL,burst-load,1788092580.611000,52.000311,adaptive_ttl_effective_seconds,level=l2,34.874999999
2026-08-30_12-22-08-610689_adaptiveTTL,adaptiveTTL,burst-load,1788092581.611000,53.000311,adaptive_ttl_effective_seconds,level=l2,36.749999999500005
2026-08-30_12-22-08-610689_adaptiveTTL,adaptiveTTL,burst-load,1788092582.611000,54.000311,adaptive_ttl_effective_seconds,level=l2,36.749999999500005
2026-08-30_12-22-08-610689_adaptiveTTL,adaptiveTTL,burst-load,1788092583.611000,55.000311,adaptive_ttl_effective_seconds,level=l2,37.5
2026-08-30_12-22-08-610689_adaptiveTTL,adaptiveTTL,burst-load,1788092584.611000,56.000311,adaptive_ttl_effective_seconds,level=l2,37.5
2026-08-30_12-22-08-610689_adaptiveTTL,adaptiveTTL,burst-load,1788092585.611000,57.000311,adaptive_ttl_effective_seconds,level=l2,37.5
2026-08-30_12-22-08-610689_adaptiveTTL,adaptiveTTL,burst-load,1788092586.611000,58.000311,adaptive_ttl_effective_seconds,level=l2,37.5
2026-08-30_12-22-08-610689_adaptiveTTL,adaptiveTTL,burst-load,1788092587.611000,59.000311,adaptive_ttl_effective_seconds,level=l2,37.5
2026-08-30_12-22-08-610689_adaptiveTTL,adaptiveTTL,burst-load,1788092588.611000,60.000311,adaptive_ttl_effective_seconds,level=l2,37.5
2026-08-30_12-22-08-610689_adaptiveTTL,adaptiveTTL,burst-load,1788092589.611000,61.000311,adaptive_ttl_effective_seconds,level=l2,37.5
2026-08-30_12-22-08-610689_adaptiveTTL,adaptiveTTL,burst-load,1788092590.611000,62.000311,adaptive_ttl_effective_seconds,level=l2,37.5
2026-08-30_12-22-08-610689_adaptiveTTL,adaptiveTTL,burst-load,1788092591.611000,63.000311,adaptive_ttl_effective_seconds,level=l2,37.5
2026-08-30_12-22-08-610689_adaptiveTTL,adaptiveTTL,burst-load,1788092592.611000,64.000311,adaptive_ttl_effective_seconds,level=l2,37.5
2026-08-30_12-22-08-610689_adaptiveTTL,adaptiveTTL,burst-load,1788092593.611000,65.000311,adaptive_ttl_effective_seconds,level=l2,37.5
2026-08-30_12-22-08-610689_adaptiveTTL,adaptiveTTL,burst-load,1788092594.611000,66.000311,adaptive_ttl_effective_seconds,level=l2,37.5
2026-08-30_12-22-08-610689_adaptiveTTL,adaptiveTTL,burst-load,1788092595.611000,67.000311,adaptive_ttl_effective_seconds,level=l2,37.5
2026-08-30_12-22-08-610689_adaptiveTTL,adaptiveTTL,burst-load,1788092596.611000,68.000311,adaptive_ttl_effective_seconds,level=l2,37.5
2026-08-30_12-22-08-610689_adaptiveTTL,adaptiveTTL,burst-load,1788092597.611000,69.000311,adaptive_ttl_effective_seconds,level=l2,36
2026-08-30_12-22-08-610689_adaptiveTTL,adaptiveTTL,burst-load,1788092598.611000,70.000311,adaptive_ttl_effective_seconds,level=l2,36
2026-08-30_12-22-08-610689_adaptiveTTL,adaptiveTTL,burst-load,1788092599.611000,71.000311,adaptive_ttl_effective_seconds,level=l2,34.5
2026-08-30_12-22-08-610689_adaptiveTTL,adaptiveTTL,burst-load,1788092600.611000,72.000311,adaptive_ttl_effective_seconds,level=l2,34.5
2026-08-30_12-22-08-610689_adaptiveTTL,adaptiveTTL,burst-load,1788092601.611000,73.000311,adaptive_ttl_effective_seconds,level=l2,31.499999999
2026-08-30_12-22-08-610689_adaptiveTTL,adaptiveTTL,burst-load,1788092602.611000,74.000311,adaptive_ttl_effective_seconds,level=l2,31.499999999
2026-08-30_12-22-08-610689_adaptiveTTL,adaptiveTTL,burst-load,1788092603.611000,75.000311,adaptive_ttl_effective_seconds,level=l2,31.499999999
2026-08-30_12-22-08-610689_adaptiveTTL,adaptiveTTL,burst-load,1788092604.611000,76.000311,adaptive_ttl_effective_seconds,level=l2,31.499999999
2026-08-30_12-22-08-610689_adaptiveTTL,adaptiveTTL,burst-load,1788092605.611000,77.000311,adaptive_ttl_effective_seconds,level=l2,31.499999999
2026-08-30_12-22-08-610689_adaptiveTTL,adaptiveTTL,burst-load,1788092606.611000,78.000311,adaptive_ttl_effective_seconds,level=l2,31.499999999
2026-08-30_12-22-08-610689_adaptiveTTL,adaptiveTTL,burst-load,1788092607.611000,79.000311,adaptive_ttl_effective_seconds,level=l2,31.499999999
2026-08-30_12-22-08-610689_adaptiveTTL,adaptiveTTL,burst-load,1788092608.611000,80.000311,adaptive_ttl_effective_seconds,level=l2,31.499999999
2026-08-30_12-22-08-610689_adaptiveTTL,adaptiveTTL,burst-load,1788092609.611000,81.000311,adaptive_ttl_effective_seconds,level=l2,31.499999999
2026-08-30_12-22-08-610689_adaptiveTTL,adaptiveTTL,burst-load,1788092610.611000,82.000311,adaptive_ttl_effective_seconds,level=l2,31.499999999
2026-08-30_12-22-08-610689_adaptiveTTL,adaptiveTTL,burst-load,1788092611.611000,83.000311,adaptive_ttl_effective_seconds,level=l2,31.499999999
2026-08-30_12-22-08-610689_adaptiveTTL,adaptiveTTL,burst-load,1788092612.611000,84.000311,adaptive_ttl_effective_seconds,level=l2,31.499999999
2026-08-30_12-22-08-610689_adaptiveTTL,adaptiveTTL,burst-load,1788092613.611000,85.000311,adaptive_ttl_effective_seconds,level=l2,31.499999999
2026-08-30_12-22-08-610689_adaptiveTTL,adaptiveTTL,burst-load,1788092614.611000,86.000311,adaptive_ttl_effective_seconds,level=l2,31.499999999
2026-08-30_12-22-08-610689_adaptiveTTL,adaptiveTTL,burst-load,1788092615.611000,87.000311,adaptive_ttl_effective_seconds,level=l2,31.499999999
2026-08-30_12-22-08-610689_adaptiveTTL,adaptiveTTL,burst-load,1788092616.611000,88.000311,adaptive_ttl_effective_seconds,level=l2,31.499999999
2026-08-30_12-22-08-610689_adaptiveTTL,adaptiveTTL,burst-load,1788092617.611000,89.000311,adaptive_ttl_effective_seconds,level=l2,31.499999999
2026-08-30_12-22-08-610689_adaptiveTTL,adaptiveTTL,burst-load,1788092618.611000,90.000311,adaptive_ttl_effective_seconds,level=l2,31.499999999
2026-08-30_12-22-08-610689_adaptiveTTL,adaptiveTTL,burst-load,1788092619.611000,91.000311,adaptive_ttl_effective_seconds,level=l2,31.499999999
2026-08-30_12-22-08-610689_adaptiveTTL,adaptiveTTL,burst-load,1788092620.611000,92.000311,adaptive_ttl_effective_seconds,level=l2,31.499999999
2026-08-30_12-22-08-610689_adaptiveTTL,adaptiveTTL,burst-load,1788092621.611000,93.000311,adaptive_ttl_effective_seconds,level=l2,31.499999999
2026-08-30_12-22-08-610689_adaptiveTTL,adaptiveTTL,burst-load,1788092622.611000,94.000311,adaptive_ttl_effective_seconds,level=l2,31.499999999
2026-08-30_12-22-08-610689_adaptiveTTL,adaptiveTTL,burst-load,1788092623.611000,95.000311,adaptive_ttl_effective_seconds,level=l2,29.999999999
2026-08-30_12-22-08-610689_adaptiveTTL,adaptiveTTL,burst-load,1788092624.611000,96.000311,adaptive_ttl_effective_seconds,level=l2,28.499999999
2026-08-30_12-22-08-610689_adaptiveTTL,adaptiveTTL,burst-load,1788092625.611000,97.000311,adaptive_ttl_effective_seconds,level=l2,26.999999999
2026-08-30_12-22-08-610689_adaptiveTTL,adaptiveTTL,burst-load,1788092626.611000,98.000311,adaptive_ttl_effective_seconds,level=l2,26.999999999
2026-08-30_12-22-08-610689_adaptiveTTL,adaptiveTTL,burst-load,1788092627.611000,99.000311,adaptive_ttl_effective_seconds,level=l2,26.999999999
2026-08-30_12-22-08-610689_adaptiveTTL,adaptiveTTL,burst-load,1788092628.611000,100.000311,adaptive_ttl_effective_seconds,level=l2,25.499999999
2026-08-30_12-22-08-610689_adaptiveTTL,adaptiveTTL,burst-load,1788092629.611000,101.000311,adaptive_ttl_effective_seconds,level=l2,23.999999999
2026-08-30_12-22-08-610689_adaptiveTTL,adaptiveTTL,burst-load,1788092630.611000,102.000311,adaptive_ttl_effective_seconds,level=l2,22.499999999
2026-08-30_12-22-08-610689_adaptiveTTL,adaptiveTTL,burst-load,1788092631.611000,103.000311,adaptive_ttl_effective_seconds,level=l2,20.999999999
2026-08-30_12-22-08-610689_adaptiveTTL,adaptiveTTL,burst-load,1788092632.611000,104.000311,adaptive_ttl_effective_seconds,level=l2,20.999999999
2026-08-30_12-22-08-610689_adaptiveTTL,adaptiveTTL,burst-load,1788092633.611000,105.000311,adaptive_ttl_effective_seconds,level=l2,20.999999999
2026-08-30_12-22-08-610689_adaptiveTTL,adaptiveTTL,burst-load,1788092634.611000,106.000311,adaptive_ttl_effective_seconds,level=l2,19.499999999
2026-08-30_12-22-08-610689_adaptiveTTL,adaptiveTTL,burst-load,1788092635.611000,107.000311,adaptive_ttl_effective_seconds,level=l2,17.999999999
2026-08-30_12-22-08-610689_adaptiveTTL,adaptiveTTL,burst-load,1788092636.611000,108.000311,adaptive_ttl_effective_seconds,level=l2,16.499999999
2026-08-30_12-22-08-610689_adaptiveTTL,adaptiveTTL,burst-load,1788092637.611000,109.000311,adaptive_ttl_effective_seconds,level=l2,14.999999999
2026-08-30_12-22-08-610689_adaptiveTTL,adaptiveTTL,burst-load,1788092638.611000,110.000311,adaptive_ttl_effective_seconds,level=l2,14.999999999
2026-08-30_12-22-08-610689_adaptiveTTL,adaptiveTTL,burst-load,1788092639.611000,111.000311,adaptive_ttl_effective_seconds,level=l2,14.999999999
2026-08-30_12-22-08-610689_adaptiveTTL,adaptiveTTL,burst-load,1788092640.611000,112.000311,adaptive_ttl_effective_seconds,level=l2,13.499999999
2026-08-30_12-22-08-610689_adaptiveTTL,adaptiveTTL,burst-load,1788092641.611000,113.000311,adaptive_ttl_effective_seconds,level=l2,12.7499999995
2026-08-30_12-22-08-610689_adaptiveTTL,adaptiveTTL,burst-load,1788092642.611000,114.000311,adaptive_ttl_effective_seconds,level=l2,12
2026-08-30_12-22-08-610689_adaptiveTTL,adaptiveTTL,burst-load,1788092643.611000,115.000311,adaptive_ttl_effective_seconds,level=l2,12
2026-08-30_12-22-08-610689_adaptiveTTL,adaptiveTTL,burst-load,1788092644.611000,116.000311,adaptive_ttl_effective_seconds,level=l2,12
2026-08-30_12-22-08-610689_adaptiveTTL,adaptiveTTL,burst-load,1788092645.611000,117.000311,adaptive_ttl_effective_seconds,level=l2,12
2026-08-30_12-22-08-610689_adaptiveTTL,adaptiveTTL,burst-load,1788092646.611000,118.000311,adaptive_ttl_effective_seconds,level=l2,12
2026-08-30_12-22-08-610689_adaptiveTTL,adaptiveTTL,burst-load,1788092647.611000,119.000311,adaptive_ttl_effective_seconds,level=l2,12
2026-08-30_12-22-08-610689_adaptiveTTL,adaptiveTTL,burst-load,1788092648.611000,120.000311,adaptive_ttl_effective_seconds,level=l2,12
2026-08-30_12-22-08-610689_adaptiveTTL,adaptiveTTL,burst-load,1788092649.611000,121.000311,adaptive_ttl_effective_seconds,level=l2,12
2026-08-30_12-22-08-610689_adaptiveTTL,adaptiveTTL,burst-load,1788092650.611000,122.000311,adaptive_ttl_effective_seconds,level=l2,12
2026-08-30_12-22-08-610689_adaptiveTTL,adaptiveTTL,burst-load,1788092528.611000,0.000311,adaptive_ttl_state,all,1
2026-08-30_12-22-08-610689_adaptiveTTL,adaptiveTTL,burst-load,1788092529.611000,1.000311,adaptive_ttl_state,all,1
2026-08-30_12-22-08-610689_adaptiveTTL,adaptiveTTL,burst-load,1788092530.611000,2.000311,adaptive_ttl_state,all,1
2026-08-30_12-22-08-610689_adaptiveTTL,adaptiveTTL,burst-load,1788092531.611000,3.000311,adaptive_ttl_state,all,2
2026-08-30_12-22-08-610689_adaptiveTTL,adaptiveTTL,burst-load,1788092532.611000,4.000311,adaptive_ttl_state,all,2
2026-08-30_12-22-08-610689_adaptiveTTL,adaptiveTTL,burst-load,1788092533.611000,5.000311,adaptive_ttl_state,all,2
2026-08-30_12-22-08-610689_adaptiveTTL,adaptiveTTL,burst-load,1788092534.611000,6.000311,adaptive_ttl_state,all,2
2026-08-30_12-22-08-610689_adaptiveTTL,adaptiveTTL,burst-load,1788092535.611000,7.000311,adaptive_ttl_state,all,2
2026-08-30_12-22-08-610689_adaptiveTTL,adaptiveTTL,burst-load,1788092536.611000,8.000311,adaptive_ttl_state,all,2
2026-08-30_12-22-08-610689_adaptiveTTL,adaptiveTTL,burst-load,1788092537.611000,9.000311,adaptive_ttl_state,all,2
2026-08-30_12-22-08-610689_adaptiveTTL,adaptiveTTL,burst-load,1788092538.611000,10.000311,adaptive_ttl_state,all,2
2026-08-30_12-22-08-610689_adaptiveTTL,adaptiveTTL,burst-load,1788092539.611000,11.000311,adaptive_ttl_state,all,2
2026-08-30_12-22-08-610689_adaptiveTTL,adaptiveTTL,burst-load,1788092540.611000,12.000311,adaptive_ttl_state,all,2
2026-08-30_12-22-08-610689_adaptiveTTL,adaptiveTTL,burst-load,1788092541.611000,13.000311,adaptive_ttl_state,all,2
2026-08-30_12-22-08-610689_adaptiveTTL,adaptiveTTL,burst-load,1788092542.611000,14.000311,adaptive_ttl_state,all,2
2026-08-30_12-22-08-610689_adaptiveTTL,adaptiveTTL,burst-load,1788092543.611000,15.000311,adaptive_ttl_state,all,2
2026-08-30_12-22-08-610689_adaptiveTTL,adaptiveTTL,burst-load,1788092544.611000,16.000311,adaptive_ttl_state,all,2
2026-08-30_12-22-08-610689_adaptiveTTL,adaptiveTTL,burst-load,1788092545.611000,17.000311,adaptive_ttl_state,all,2
2026-08-30_12-22-08-610689_adaptiveTTL,adaptiveTTL,burst-load,1788092546.611000,18.000311,adaptive_ttl_state,all,2
2026-08-30_12-22-08-610689_adaptiveTTL,adaptiveTTL,burst-load,1788092547.611000,19.000311,adaptive_ttl_state,all,1
2026-08-30_12-22-08-610689_adaptiveTTL,adaptiveTTL,burst-load,1788092548.611000,20.000311,adaptive_ttl_state,all,1
2026-08-30_12-22-08-610689_adaptiveTTL,adaptiveTTL,burst-load,1788092549.611000,21.000311,adaptive_ttl_state,all,1
2026-08-30_12-22-08-610689_adaptiveTTL,adaptiveTTL,burst-load,1788092550.611000,22.000311,adaptive_ttl_state,all,1
2026-08-30_12-22-08-610689_adaptiveTTL,adaptiveTTL,burst-load,1788092551.611000,23.000311,adaptive_ttl_state,all,1
2026-08-30_12-22-08-610689_adaptiveTTL,adaptiveTTL,burst-load,1788092552.611000,24.000311,adaptive_ttl_state,all,1
2026-08-30_12-22-08-610689_adaptiveTTL,adaptiveTTL,burst-load,1788092553.611000,25.000311,adaptive_ttl_state,all,1
2026-08-30_12-22-08-610689_adaptiveTTL,adaptiveTTL,burst-load,1788092554.611000,26.000311,adaptive_ttl_state,all,1
2026-08-30_12-22-08-610689_adaptiveTTL,adaptiveTTL,burst-load,1788092555.611000,27.000311,adaptive_ttl_state,all,1
2026-08-30_12-22-08-610689_adaptiveTTL,adaptiveTTL,burst-load,1788092556.611000,28.000311,adaptive_ttl_state,all,1
2026-08-30_12-22-08-610689_adaptiveTTL,adaptiveTTL,burst-load,1788092557.611000,29.000311,adaptive_ttl_state,all,1
2026-08-30_12-22-08-610689_adaptiveTTL,adaptiveTTL,burst-load,1788092558.611000,30.000311,adaptive_ttl_state,all,1
2026-08-30_12-22-08-610689_adaptiveTTL,adaptiveTTL,burst-load,1788092559.611000,31.000311,adaptive_ttl_state,all,1
2026-08-30_12-22-08-610689_adaptiveTTL,adaptiveTTL,burst-load,1788092560.611000,32.000311,adaptive_ttl_state,all,1
2026-08-30_12-22-08-610689_adaptiveTTL,adaptiveTTL,burst-load,1788092561.611000,33.000311,adaptive_ttl_state,all,3
2026-08-30_12-22-08-610689_adaptiveTTL,adaptiveTTL,burst-load,1788092562.611000,34.000311,adaptive_ttl_state,all,3
2026-08-30_12-22-08-610689_adaptiveTTL,adaptiveTTL,burst-load,1788092563.611000,35.000311,adaptive_ttl_state,all,3
2026-08-30_12-22-08-610689_adaptiveTTL,adaptiveTTL,burst-load,1788092564.611000,36.000311,adaptive_ttl_state,all,3
2026-08-30_12-22-08-610689_adaptiveTTL,adaptiveTTL,burst-load,1788092565.611000,37.000311,adaptive_ttl_state,all,3
2026-08-30_12-22-08-610689_adaptiveTTL,adaptiveTTL,burst-load,1788092566.611000,38.000311,adaptive_ttl_state,all,3
2026-08-30_12-22-08-610689_adaptiveTTL,adaptiveTTL,burst-load,1788092567.611000,39.000311,adaptive_ttl_state,all,3
2026-08-30_12-22-08-610689_adaptiveTTL,adaptiveTTL,burst-load,1788092568.611000,40.000311,adaptive_ttl_state,all,3
2026-08-30_12-22-08-610689_adaptiveTTL,adaptiveTTL,burst-load,1788092569.611000,41.000311,adaptive_ttl_state,all,3
2026-08-30_12-22-08-610689_adaptiveTTL,adaptiveTTL,burst-load,1788092570.611000,42.000311,adaptive_ttl_state,all,3
2026-08-30_12-22-08-610689_adaptiveTTL,adaptiveTTL,burst-load,1788092571.611000,43.000311,adaptive_ttl_state,all,3
2026-08-30_12-22-08-610689_adaptiveTTL,adaptiveTTL,burst-load,1788092572.611000,44.000311,adaptive_ttl_state,all,3
2026-08-30_12-22-08-610689_adaptiveTTL,adaptiveTTL,burst-load,1788092573.611000,45.000311,adaptive_ttl_state,all,3
2026-08-30_12-22-08-610689_adaptiveTTL,adaptiveTTL,burst-load,1788092574.611000,46.000311,adaptive_ttl_state,all,3
2026-08-30_12-22-08-610689_adaptiveTTL,adaptiveTTL,burst-load,1788092575.611000,47.000311,adaptive_ttl_state,all,3
2026-08-30_12-22-08-610689_adaptiveTTL,adaptiveTTL,burst-load,1788092576.611000,48.000311,adaptive_ttl_state,all,3
2026-08-30_12-22-08-610689_adaptiveTTL,adaptiveTTL,burst-load,1788092577.611000,49.000311,adaptive_ttl_state,all,3
2026-08-30_12-22-08-610689_adaptiveTTL,adaptiveTTL,burst-load,1788092578.611000,50.000311,adaptive_ttl_state,all,3
2026-08-30_12-22-08-610689_adaptiveTTL,adaptiveTTL,burst-load,1788092579.611000,51.000311,adaptive_ttl_state,all,3
2026-08-30_12-22-08-610689_adaptiveTTL,adaptiveTTL,burst-load,1788092580.611000,52.000311,adaptive_ttl_state,all,3
2026-08-30_12-22-08-610689_adaptiveTTL,adaptiveTTL,burst-load,1788092581.611000,53.000311,adaptive_ttl_state,all,3
2026-08-30_12-22-08-610689_adaptiveTTL,adaptiveTTL,burst-load,1788092582.611000,54.000311,adaptive_ttl_state,all,3
2026-08-30_12-22-08-610689_adaptiveTTL,adaptiveTTL,burst-load,1788092583.611000,55.000311,adaptive_ttl_state,all,3
2026-08-30_12-22-08-610689_adaptiveTTL,adaptiveTTL,burst-load,1788092584.611000,56.000311,adaptive_ttl_state,all,3
2026-08-30_12-22-08-610689_adaptiveTTL,adaptiveTTL,burst-load,1788092585.611000,57.000311,adaptive_ttl_state,all,3
2026-08-30_12-22-08-610689_adaptiveTTL,adaptiveTTL,burst-load,1788092586.611000,58.000311,adaptive_ttl_state,all,3
2026-08-30_12-22-08-610689_adaptiveTTL,adaptiveTTL,burst-load,1788092587.611000,59.000311,adaptive_ttl_state,all,3
2026-08-30_12-22-08-610689_adaptiveTTL,adaptiveTTL,burst-load,1788092588.611000,60.000311,adaptive_ttl_state,all,3
2026-08-30_12-22-08-610689_adaptiveTTL,adaptiveTTL,burst-load,1788092589.611000,61.000311,adaptive_ttl_state,all,3
2026-08-30_12-22-08-610689_adaptiveTTL,adaptiveTTL,burst-load,1788092590.611000,62.000311,adaptive_ttl_state,all,3
2026-08-30_12-22-08-610689_adaptiveTTL,adaptiveTTL,burst-load,1788092591.611000,63.000311,adaptive_ttl_state,all,3
2026-08-30_12-22-08-610689_adaptiveTTL,adaptiveTTL,burst-load,1788092592.611000,64.000311,adaptive_ttl_state,all,3
2026-08-30_12-22-08-610689_adaptiveTTL,adaptiveTTL,burst-load,1788092593.611000,65.000311,adaptive_ttl_state,all,2
2026-08-30_12-22-08-610689_adaptiveTTL,adaptiveTTL,burst-load,1788092594.611000,66.000311,adaptive_ttl_state,all,2
2026-08-30_12-22-08-610689_adaptiveTTL,adaptiveTTL,burst-load,1788092595.611000,67.000311,adaptive_ttl_state,all,1.5
2026-08-30_12-22-08-610689_adaptiveTTL,adaptiveTTL,burst-load,1788092596.611000,68.000311,adaptive_ttl_state,all,1.5
2026-08-30_12-22-08-610689_adaptiveTTL,adaptiveTTL,burst-load,1788092597.611000,69.000311,adaptive_ttl_state,all,1
2026-08-30_12-22-08-610689_adaptiveTTL,adaptiveTTL,burst-load,1788092598.611000,70.000311,adaptive_ttl_state,all,1
2026-08-30_12-22-08-610689_adaptiveTTL,adaptiveTTL,burst-load,1788092599.611000,71.000311,adaptive_ttl_state,all,1
2026-08-30_12-22-08-610689_adaptiveTTL,adaptiveTTL,burst-load,1788092600.611000,72.000311,adaptive_ttl_state,all,1
2026-08-30_12-22-08-610689_adaptiveTTL,adaptiveTTL,burst-load,1788092601.611000,73.000311,adaptive_ttl_state,all,1
2026-08-30_12-22-08-610689_adaptiveTTL,adaptiveTTL,burst-load,1788092602.611000,74.000311,adaptive_ttl_state,all,1
2026-08-30_12-22-08-610689_adaptiveTTL,adaptiveTTL,burst-load,1788092603.611000,75.000311,adaptive_ttl_state,all,2
2026-08-30_12-22-08-610689_adaptiveTTL,adaptiveTTL,burst-load,1788092604.611000,76.000311,adaptive_ttl_state,all,2
2026-08-30_12-22-08-610689_adaptiveTTL,adaptiveTTL,burst-load,1788092605.611000,77.000311,adaptive_ttl_state,all,2.5
2026-08-30_12-22-08-610689_adaptiveTTL,adaptiveTTL,burst-load,1788092606.611000,78.000311,adaptive_ttl_state,all,2.5
2026-08-30_12-22-08-610689_adaptiveTTL,adaptiveTTL,burst-load,1788092607.611000,79.000311,adaptive_ttl_state,all,2
2026-08-30_12-22-08-610689_adaptiveTTL,adaptiveTTL,burst-load,1788092608.611000,80.000311,adaptive_ttl_state,all,2
2026-08-30_12-22-08-610689_adaptiveTTL,adaptiveTTL,burst-load,1788092609.611000,81.000311,adaptive_ttl_state,all,2
2026-08-30_12-22-08-610689_adaptiveTTL,adaptiveTTL,burst-load,1788092610.611000,82.000311,adaptive_ttl_state,all,2
2026-08-30_12-22-08-610689_adaptiveTTL,adaptiveTTL,burst-load,1788092611.611000,83.000311,adaptive_ttl_state,all,2
2026-08-30_12-22-08-610689_adaptiveTTL,adaptiveTTL,burst-load,1788092612.611000,84.000311,adaptive_ttl_state,all,2
2026-08-30_12-22-08-610689_adaptiveTTL,adaptiveTTL,burst-load,1788092613.611000,85.000311,adaptive_ttl_state,all,2
2026-08-30_12-22-08-610689_adaptiveTTL,adaptiveTTL,burst-load,1788092614.611000,86.000311,adaptive_ttl_state,all,2
2026-08-30_12-22-08-610689_adaptiveTTL,adaptiveTTL,burst-load,1788092615.611000,87.000311,adaptive_ttl_state,all,2
2026-08-30_12-22-08-610689_adaptiveTTL,adaptiveTTL,burst-load,1788092616.611000,88.000311,adaptive_ttl_state,all,2
2026-08-30_12-22-08-610689_adaptiveTTL,adaptiveTTL,burst-load,1788092617.611000,89.000311,adaptive_ttl_state,all,2
2026-08-30_12-22-08-610689_adaptiveTTL,adaptiveTTL,burst-load,1788092618.611000,90.000311,adaptive_ttl_state,all,2
2026-08-30_12-22-08-610689_adaptiveTTL,adaptiveTTL,burst-load,1788092619.611000,91.000311,adaptive_ttl_state,all,2
2026-08-30_12-22-08-610689_adaptiveTTL,adaptiveTTL,burst-load,1788092620.611000,92.000311,adaptive_ttl_state,all,2
2026-08-30_12-22-08-610689_adaptiveTTL,adaptiveTTL,burst-load,1788092621.611000,93.000311,adaptive_ttl_state,all,1.5
2026-08-30_12-22-08-610689_adaptiveTTL,adaptiveTTL,burst-load,1788092622.611000,94.000311,adaptive_ttl_state,all,1
2026-08-30_12-22-08-610689_adaptiveTTL,adaptiveTTL,burst-load,1788092623.611000,95.000311,adaptive_ttl_state,all,1
2026-08-30_12-22-08-610689_adaptiveTTL,adaptiveTTL,burst-load,1788092624.611000,96.000311,adaptive_ttl_state,all,1
2026-08-30_12-22-08-610689_adaptiveTTL,adaptiveTTL,burst-load,1788092625.611000,97.000311,adaptive_ttl_state,all,1
2026-08-30_12-22-08-610689_adaptiveTTL,adaptiveTTL,burst-load,1788092626.611000,98.000311,adaptive_ttl_state,all,1
2026-08-30_12-22-08-610689_adaptiveTTL,adaptiveTTL,burst-load,1788092627.611000,99.000311,adaptive_ttl_state,all,1
2026-08-30_12-22-08-610689_adaptiveTTL,adaptiveTTL,burst-load,1788092628.611000,100.000311,adaptive_ttl_state,all,1
2026-08-30_12-22-08-610689_adaptiveTTL,adaptiveTTL,burst-load,1788092629.611000,101.000311,adaptive_ttl_state,all,1
2026-08-30_12-22-08-610689_adaptiveTTL,adaptiveTTL,burst-load,1788092630.611000,102.000311,adaptive_ttl_state,all,1
2026-08-30_12-22-08-610689_adaptiveTTL,adaptiveTTL,burst-load,1788092631.611000,103.000311,adaptive_ttl_state,all,1
2026-08-30_12-22-08-610689_adaptiveTTL,adaptiveTTL,burst-load,1788092632.611000,104.000311,adaptive_ttl_state,all,1
2026-08-30_12-22-08-610689_adaptiveTTL,adaptiveTTL,burst-load,1788092633.611000,105.000311,adaptive_ttl_state,all,1
2026-08-30_12-22-08-610689_adaptiveTTL,adaptiveTTL,burst-load,1788092634.611000,106.000311,adaptive_ttl_state,all,1
2026-08-30_12-22-08-610689_adaptiveTTL,adaptiveTTL,burst-load,1788092635.611000,107.000311,adaptive_ttl_state,all,1
2026-08-30_12-22-08-610689_adaptiveTTL,adaptiveTTL,burst-load,1788092636.611000,108.000311,adaptive_ttl_state,all,1
2026-08-30_12-22-08-610689_adaptiveTTL,adaptiveTTL,burst-load,1788092637.611000,109.000311,adaptive_ttl_state,all,1
2026-08-30_12-22-08-610689_adaptiveTTL,adaptiveTTL,burst-load,1788092638.611000,110.000311,adaptive_ttl_state,all,1
2026-08-30_12-22-08-610689_adaptiveTTL,adaptiveTTL,burst-load,1788092639.611000,111.000311,adaptive_ttl_state,all,1
2026-08-30_12-22-08-610689_adaptiveTTL,adaptiveTTL,burst-load,1788092640.611000,112.000311,adaptive_ttl_state,all,1
2026-08-30_12-22-08-610689_adaptiveTTL,adaptiveTTL,burst-load,1788092641.611000,113.000311,adaptive_ttl_state,all,1
2026-08-30_12-22-08-610689_adaptiveTTL,adaptiveTTL,burst-load,1788092642.611000,114.000311,adaptive_ttl_state,all,1
2026-08-30_12-22-08-610689_adaptiveTTL,adaptiveTTL,burst-load,1788092643.611000,115.000311,adaptive_ttl_state,all,1
2026-08-30_12-22-08-610689_adaptiveTTL,adaptiveTTL,burst-load,1788092644.611000,116.000311,adaptive_ttl_state,all,1
2026-08-30_12-22-08-610689_adaptiveTTL,adaptiveTTL,burst-load,1788092645.611000,117.000311,adaptive_ttl_state,all,1
2026-08-30_12-22-08-610689_adaptiveTTL,adaptiveTTL,burst-load,1788092646.611000,118.000311,adaptive_ttl_state,all,1
2026-08-30_12-22-08-610689_adaptiveTTL,adaptiveTTL,burst-load,1788092647.611000,119.000311,adaptive_ttl_state,all,1
2026-08-30_12-22-08-610689_adaptiveTTL,adaptiveTTL,burst-load,1788092648.611000,120.000311,adaptive_ttl_state,all,1
2026-08-30_12-22-08-610689_adaptiveTTL,adaptiveTTL,burst-load,1788092649.611000,121.000311,adaptive_ttl_state,all,1
2026-08-30_12-22-08-610689_adaptiveTTL,adaptiveTTL,burst-load,1788092650.611000,122.000311,adaptive_ttl_state,all,1
2026-08-30_12-22-08-610689_adaptiveTTL,adaptiveTTL,burst-load,1788092528.611000,0.000311,adaptive_ttl_backend_p99_milliseconds,all,0
2026-08-30_12-22-08-610689_adaptiveTTL,adaptiveTTL,burst-load,1788092529.611000,1.000311,adaptive_ttl_backend_p99_milliseconds,all,0
2026-08-30_12-22-08-610689_adaptiveTTL,adaptiveTTL,burst-load,1788092530.611000,2.000311,adaptive_ttl_backend_p99_milliseconds,all,0
2026-08-30_12-22-08-610689_adaptiveTTL,adaptiveTTL,burst-load,1788092531.611000,3.000311,adaptive_ttl_backend_p99_milliseconds,all,262.074218
2026-08-30_12-22-08-610689_adaptiveTTL,adaptiveTTL,burst-load,1788092532.611000,4.000311,adaptive_ttl_backend_p99_milliseconds,all,262.074218
2026-08-30_12-22-08-610689_adaptiveTTL,adaptiveTTL,burst-load,1788092533.611000,5.000311,adaptive_ttl_backend_p99_milliseconds,all,262.074218
2026-08-30_12-22-08-610689_adaptiveTTL,adaptiveTTL,burst-load,1788092534.611000,6.000311,adaptive_ttl_backend_p99_milliseconds,all,262.074218
2026-08-30_12-22-08-610689_adaptiveTTL,adaptiveTTL,burst-load,1788092535.611000,7.000311,adaptive_ttl_backend_p99_milliseconds,all,262.074218
2026-08-30_12-22-08-610689_adaptiveTTL,adaptiveTTL,burst-load,1788092536.611000,8.000311,adaptive_ttl_backend_p99_milliseconds,all,262.074218
2026-08-30_12-22-08-610689_adaptiveTTL,adaptiveTTL,burst-load,1788092537.611000,9.000311,adaptive_ttl_backend_p99_milliseconds,all,262.074218
2026-08-30_12-22-08-610689_adaptiveTTL,adaptiveTTL,burst-load,1788092538.611000,10.000311,adaptive_ttl_backend_p99_milliseconds,all,262.074218
2026-08-30_12-22-08-610689_adaptiveTTL,adaptiveTTL,burst-load,1788092539.611000,11.000311,adaptive_ttl_backend_p99_milliseconds,all,262.074218
2026-08-30_12-22-08-610689_adaptiveTTL,adaptiveTTL,burst-load,1788092540.611000,12.000311,adaptive_ttl_backend_p99_milliseconds,all,262.074218
2026-08-30_12-22-08-610689_adaptiveTTL,adaptiveTTL,burst-load,1788092541.611000,13.000311,adaptive_ttl_backend_p99_milliseconds,all,262.074218
2026-08-30_12-22-08-610689_adaptiveTTL,adaptiveTTL,burst-load,1788092542.611000,14.000311,adaptive_ttl_backend_p99_milliseconds,all,262.074218
2026-08-30_12-22-08-610689_adaptiveTTL,adaptiveTTL,burst-load,1788092543.611000,15.000311,adaptive_ttl_backend_p99_milliseconds,all,262.074218
2026-08-30_12-22-08-610689_adaptiveTTL,adaptiveTTL,burst-load,1788092544.611000,16.000311,adaptive_ttl_backend_p99_milliseconds,all,262.074218
2026-08-30_12-22-08-610689_adaptiveTTL,adaptiveTTL,burst-load,1788092545.611000,17.000311,adaptive_ttl_backend_p99_milliseconds,all,261.7183755
2026-08-30_12-22-08-610689_adaptiveTTL,adaptiveTTL,burst-load,1788092546.611000,18.000311,adaptive_ttl_backend_p99_milliseconds,all,261.7183755
2026-08-30_12-22-08-610689_adaptiveTTL,adaptiveTTL,burst-load,1788092547.611000,19.000311,adaptive_ttl_backend_p99_milliseconds,all,241.440901
2026-08-30_12-22-08-610689_adaptiveTTL,adaptiveTTL,burst-load,1788092548.611000,20.000311,adaptive_ttl_backend_p99_milliseconds,all,241.440901
2026-08-30_12-22-08-610689_adaptiveTTL,adaptiveTTL,burst-load,1788092549.611000,21.000311,adaptive_ttl_backend_p99_milliseconds,all,241.440901
2026-08-30_12-22-08-610689_adaptiveTTL,adaptiveTTL,burst-load,1788092550.611000,22.000311,adaptive_ttl_backend_p99_milliseconds,all,241.440901
2026-08-30_12-22-08-610689_adaptiveTTL,adaptiveTTL,burst-load,1788092551.611000,23.000311,adaptive_ttl_backend_p99_milliseconds,all,241.440901
2026-08-30_12-22-08-610689_adaptiveTTL,adaptiveTTL,burst-load,1788092552.611000,24.000311,adaptive_ttl_backend_p99_milliseconds,all,241.440901
2026-08-30_12-22-08-610689_adaptiveTTL,adaptiveTTL,burst-load,1788092553.611000,25.000311,adaptive_ttl_backend_p99_milliseconds,all,241.440901
2026-08-30_12-22-08-610689_adaptiveTTL,adaptiveTTL,burst-load,1788092554.611000,26.000311,adaptive_ttl_backend_p99_milliseconds,all,241.440901
2026-08-30_12-22-08-610689_adaptiveTTL,adaptiveTTL,burst-load,1788092555.611000,27.000311,adaptive_ttl_backend_p99_milliseconds,all,241.440901
2026-08-30_12-22-08-610689_adaptiveTTL,adaptiveTTL,burst-load,1788092556.611000,28.000311,adaptive_ttl_backend_p99_milliseconds,all,241.440901
2026-08-30_12-22-08-610689_adaptiveTTL,adaptiveTTL,burst-load,1788092557.611000,29.000311,adaptive_ttl_backend_p99_milliseconds,all,241.440901
2026-08-30_12-22-08-610689_adaptiveTTL,adaptiveTTL,burst-load,1788092558.611000,30.000311,adaptive_ttl_backend_p99_milliseconds,all,241.440901
2026-08-30_12-22-08-610689_adaptiveTTL,adaptiveTTL,burst-load,1788092559.611000,31.000311,adaptive_ttl_backend_p99_milliseconds,all,241.440901
2026-08-30_12-22-08-610689_adaptiveTTL,adaptiveTTL,burst-load,1788092560.611000,32.000311,adaptive_ttl_backend_p99_milliseconds,all,241.440901
2026-08-30_12-22-08-610689_adaptiveTTL,adaptiveTTL,burst-load,1788092561.611000,33.000311,adaptive_ttl_backend_p99_milliseconds,all,301.82944
2026-08-30_12-22-08-610689_adaptiveTTL,adaptiveTTL,burst-load,1788092562.611000,34.000311,adaptive_ttl_backend_p99_milliseconds,all,301.82944
2026-08-30_12-22-08-610689_adaptiveTTL,adaptiveTTL,burst-load,1788092563.611000,35.000311,adaptive_ttl_backend_p99_milliseconds,all,513.440406
2026-08-30_12-22-08-610689_adaptiveTTL,adaptiveTTL,burst-load,1788092564.611000,36.000311,adaptive_ttl_backend_p99_milliseconds,all,513.440406
2026-08-30_12-22-08-610689_adaptiveTTL,adaptiveTTL,burst-load,1788092565.611000,37.000311,adaptive_ttl_backend_p99_milliseconds,all,513.440406
2026-08-30_12-22-08-610689_adaptiveTTL,adaptiveTTL,burst-load,1788092566.611000,38.000311,adaptive_ttl_backend_p99_milliseconds,all,513.440406
2026-08-30_12-22-08-610689_adaptiveTTL,adaptiveTTL,burst-load,1788092567.611000,39.000311,adaptive_ttl_backend_p99_milliseconds,all,513.440406
2026-08-30_12-22-08-610689_adaptiveTTL,adaptiveTTL,burst-load,1788092568.611000,40.000311,adaptive_ttl_backend_p99_milliseconds,all,513.440406
2026-08-30_12-22-08-610689_adaptiveTTL,adaptiveTTL,burst-load,1788092569.611000,41.000311,adaptive_ttl_backend_p99_milliseconds,all,513.440406
2026-08-30_12-22-08-610689_adaptiveTTL,adaptiveTTL,burst-load,1788092570.611000,42.000311,adaptive_ttl_backend_p99_milliseconds,all,513.440406
2026-08-30_12-22-08-610689_adaptiveTTL,adaptiveTTL,burst-load,1788092571.611000,43.000311,adaptive_ttl_backend_p99_milliseconds,all,513.440406
2026-08-30_12-22-08-610689_adaptiveTTL,adaptiveTTL,burst-load,1788092572.611000,44.000311,adaptive_ttl_backend_p99_milliseconds,all,513.440406
2026-08-30_12-22-08-610689_adaptiveTTL,adaptiveTTL,burst-load,1788092573.611000,45.000311,adaptive_ttl_backend_p99_milliseconds,all,513.440406
2026-08-30_12-22-08-610689_adaptiveTTL,adaptiveTTL,burst-load,1788092574.611000,46.000311,adaptive_ttl_backend_p99_milliseconds,all,513.440406
2026-08-30_12-22-08-610689_adaptiveTTL,adaptiveTTL,burst-load,1788092575.611000,47.000311,adaptive_ttl_backend_p99_milliseconds,all,513.440406
2026-08-30_12-22-08-610689_adaptiveTTL,adaptiveTTL,burst-load,1788092576.611000,48.000311,adaptive_ttl_backend_p99_milliseconds,all,513.440406
2026-08-30_12-22-08-610689_adaptiveTTL,adaptiveTTL,burst-load,1788092577.611000,49.000311,adaptive_ttl_backend_p99_milliseconds,all,481.033324
2026-08-30_12-22-08-610689_adaptiveTTL,adaptiveTTL,burst-load,1788092578.611000,50.000311,adaptive_ttl_backend_p99_milliseconds,all,481.033324
2026-08-30_12-22-08-610689_adaptiveTTL,adaptiveTTL,burst-load,1788092579.611000,51.000311,adaptive_ttl_backend_p99_milliseconds,all,303.960581
2026-08-30_12-22-08-610689_adaptiveTTL,adaptiveTTL,burst-load,1788092580.611000,52.000311,adaptive_ttl_backend_p99_milliseconds,all,303.960581
2026-08-30_12-22-08-610689_adaptiveTTL,adaptiveTTL,burst-load,1788092581.611000,53.000311,adaptive_ttl_backend_p99_milliseconds,all,303.960581
2026-08-30_12-22-08-610689_adaptiveTTL,adaptiveTTL,burst-load,1788092582.611000,54.000311,adaptive_ttl_backend_p99_milliseconds,all,303.960581
2026-08-30_12-22-08-610689_adaptiveTTL,adaptiveTTL,burst-load,1788092583.611000,55.000311,adaptive_ttl_backend_p99_milliseconds,all,303.960581
2026-08-30_12-22-08-610689_adaptiveTTL,adaptiveTTL,burst-load,1788092584.611000,56.000311,adaptive_ttl_backend_p99_milliseconds,all,303.960581
2026-08-30_12-22-08-610689_adaptiveTTL,adaptiveTTL,burst-load,1788092585.611000,57.000311,adaptive_ttl_backend_p99_milliseconds,all,303.960581
2026-08-30_12-22-08-610689_adaptiveTTL,adaptiveTTL,burst-load,1788092586.611000,58.000311,adaptive_ttl_backend_p99_milliseconds,all,303.960581
2026-08-30_12-22-08-610689_adaptiveTTL,adaptiveTTL,burst-load,1788092587.611000,59.000311,adaptive_ttl_backend_p99_milliseconds,all,303.960581
2026-08-30_12-22-08-610689_adaptiveTTL,adaptiveTTL,burst-load,1788092588.611000,60.000311,adaptive_ttl_backend_p99_milliseconds,all,303.960581
2026-08-30_12-22-08-610689_adaptiveTTL,adaptiveTTL,burst-load,1788092589.611000,61.000311,adaptive_ttl_backend_p99_milliseconds,all,308.972097
2026-08-30_12-22-08-610689_adaptiveTTL,adaptiveTTL,burst-load,1788092590.611000,62.000311,adaptive_ttl_backend_p99_milliseconds,all,308.972097
2026-08-30_12-22-08-610689_adaptiveTTL,adaptiveTTL,burst-load,1788092591.611000,63.000311,adaptive_ttl_backend_p99_milliseconds,all,308.972097
2026-08-30_12-22-08-610689_adaptiveTTL,adaptiveTTL,burst-load,1788092592.611000,64.000311,adaptive_ttl_backend_p99_milliseconds,all,308.972097
2026-08-30_12-22-08-610689_adaptiveTTL,adaptiveTTL,burst-load,1788092593.611000,65.000311,adaptive_ttl_backend_p99_milliseconds,all,261.805473
2026-08-30_12-22-08-610689_adaptiveTTL,adaptiveTTL,burst-load,1788092594.611000,66.000311,adaptive_ttl_backend_p99_milliseconds,all,261.805473
2026-08-30_12-22-08-610689_adaptiveTTL,adaptiveTTL,burst-load,1788092595.611000,67.000311,adaptive_ttl_backend_p99_milliseconds,all,256.60364400000003
2026-08-30_12-22-08-610689_adaptiveTTL,adaptiveTTL,burst-load,1788092596.611000,68.000311,adaptive_ttl_backend_p99_milliseconds,all,256.60364400000003
2026-08-30_12-22-08-610689_adaptiveTTL,adaptiveTTL,burst-load,1788092597.611000,69.000311,adaptive_ttl_backend_p99_milliseconds,all,241.606706
2026-08-30_12-22-08-610689_adaptiveTTL,adaptiveTTL,burst-load,1788092598.611000,70.000311,adaptive_ttl_backend_p99_milliseconds,all,241.606706
2026-08-30_12-22-08-610689_adaptiveTTL,adaptiveTTL,burst-load,1788092599.611000,71.000311,adaptive_ttl_backend_p99_milliseconds,all,241.383765
2026-08-30_12-22-08-610689_adaptiveTTL,adaptiveTTL,burst-load,1788092600.611000,72.000311,adaptive_ttl_backend_p99_milliseconds,all,241.383765
2026-08-30_12-22-08-610689_adaptiveTTL,adaptiveTTL,burst-load,1788092601.611000,73.000311,adaptive_ttl_backend_p99_milliseconds,all,251.633554
2026-08-30_12-22-08-610689_adaptiveTTL,adaptiveTTL,burst-load,1788092602.611000,74.000311,adaptive_ttl_backend_p99_milliseconds,all,251.633554
2026-08-30_12-22-08-610689_adaptiveTTL,adaptiveTTL,burst-load,1788092603.611000,75.000311,adaptive_ttl_backend_p99_milliseconds,all,261.620415
2026-08-30_12-22-08-610689_adaptiveTTL,adaptiveTTL,burst-load,1788092604.611000,76.000311,adaptive_ttl_backend_p99_milliseconds,all,261.620415
2026-08-30_12-22-08-610689_adaptiveTTL,adaptiveTTL,burst-load,1788092605.611000,77.000311,adaptive_ttl_backend_p99_milliseconds,all,261.620415
2026-08-30_12-22-08-610689_adaptiveTTL,adaptiveTTL,burst-load,1788092606.611000,78.000311,adaptive_ttl_backend_p99_milliseconds,all,261.620415
2026-08-30_12-22-08-610689_adaptiveTTL,adaptiveTTL,burst-load,1788092607.611000,79.000311,adaptive_ttl_backend_p99_milliseconds,all,271.676699
2026-08-30_12-22-08-610689_adaptiveTTL,adaptiveTTL,burst-load,1788092608.611000,80.000311,adaptive_ttl_backend_p99_milliseconds,all,271.676699
2026-08-30_12-22-08-610689_adaptiveTTL,adaptiveTTL,burst-load,1788092609.611000,81.000311,adaptive_ttl_backend_p99_milliseconds,all,271.676699
2026-08-30_12-22-08-610689_adaptiveTTL,adaptiveTTL,burst-load,1788092610.611000,82.000311,adaptive_ttl_backend_p99_milliseconds,all,271.676699
2026-08-30_12-22-08-610689_adaptiveTTL,adaptiveTTL,burst-load,1788092611.611000,83.000311,adaptive_ttl_backend_p99_milliseconds,all,271.676699
2026-08-30_12-22-08-610689_adaptiveTTL,adaptiveTTL,burst-load,1788092612.611000,84.000311,adaptive_ttl_backend_p99_milliseconds,all,271.676699
2026-08-30_12-22-08-610689_adaptiveTTL,adaptiveTTL,burst-load,1788092613.611000,85.000311,adaptive_ttl_backend_p99_milliseconds,all,271.676699
2026-08-30_12-22-08-610689_adaptiveTTL,adaptiveTTL,burst-load,1788092614.611000,86.000311,adaptive_ttl_backend_p99_milliseconds,all,271.676699
2026-08-30_12-22-08-610689_adaptiveTTL,adaptiveTTL,burst-load,1788092615.611000,87.000311,adaptive_ttl_backend_p99_milliseconds,all,271.676699
2026-08-30_12-22-08-610689_adaptiveTTL,adaptiveTTL,burst-load,1788092616.611000,88.000311,adaptive_ttl_backend_p99_milliseconds,all,271.676699
2026-08-30_12-22-08-610689_adaptiveTTL,adaptiveTTL,burst-load,1788092617.611000,89.000311,adaptive_ttl_backend_p99_milliseconds,all,271.676699
2026-08-30_12-22-08-610689_adaptiveTTL,adaptiveTTL,burst-load,1788092618.611000,90.000311,adaptive_ttl_backend_p99_milliseconds,all,271.676699
2026-08-30_12-22-08-610689_adaptiveTTL,adaptiveTTL,burst-load,1788092619.611000,91.000311,adaptive_ttl_backend_p99_milliseconds,all,271.676699
2026-08-30_12-22-08-610689_adaptiveTTL,adaptiveTTL,burst-load,1788092620.611000,92.000311,adaptive_ttl_backend_p99_milliseconds,all,271.676699
2026-08-30_12-22-08-610689_adaptiveTTL,adaptiveTTL,burst-load,1788092621.611000,93.000311,adaptive_ttl_backend_p99_milliseconds,all,251.3494965
2026-08-30_12-22-08-610689_adaptiveTTL,adaptiveTTL,burst-load,1788092622.611000,94.000311,adaptive_ttl_backend_p99_milliseconds,all,231.022294
2026-08-30_12-22-08-610689_adaptiveTTL,adaptiveTTL,burst-load,1788092623.611000,95.000311,adaptive_ttl_backend_p99_milliseconds,all,231.022294
2026-08-30_12-22-08-610689_adaptiveTTL,adaptiveTTL,burst-load,1788092624.611000,96.000311,adaptive_ttl_backend_p99_milliseconds,all,231.022294
2026-08-30_12-22-08-610689_adaptiveTTL,adaptiveTTL,burst-load,1788092625.611000,97.000311,adaptive_ttl_backend_p99_milliseconds,all,230.89934549999998
2026-08-30_12-22-08-610689_adaptiveTTL,adaptiveTTL,burst-load,1788092626.611000,98.000311,adaptive_ttl_backend_p99_milliseconds,all,230.776397
2026-08-30_12-22-08-610689_adaptiveTTL,adaptiveTTL,burst-load,1788092627.611000,99.000311,adaptive_ttl_backend_p99_milliseconds,all,231.07138450000002
2026-08-30_12-22-08-610689_adaptiveTTL,adaptiveTTL,burst-load,1788092628.611000,100.000311,adaptive_ttl_backend_p99_milliseconds,all,231.366372
2026-08-30_12-22-08-610689_adaptiveTTL,adaptiveTTL,burst-load,1788092629.611000,101.000311,adaptive_ttl_backend_p99_milliseconds,all,231.366372
2026-08-30_12-22-08-610689_adaptiveTTL,adaptiveTTL,burst-load,1788092630.611000,102.000311,adaptive_ttl_backend_p99_milliseconds,all,231.366372
2026-08-30_12-22-08-610689_adaptiveTTL,adaptiveTTL,burst-load,1788092631.611000,103.000311,adaptive_ttl_backend_p99_milliseconds,all,231.366372
2026-08-30_12-22-08-610689_adaptiveTTL,adaptiveTTL,burst-load,1788092632.611000,104.000311,adaptive_ttl_backend_p99_milliseconds,all,231.366372
2026-08-30_12-22-08-610689_adaptiveTTL,adaptiveTTL,burst-load,1788092633.611000,105.000311,adaptive_ttl_backend_p99_milliseconds,all,231.366372
2026-08-30_12-22-08-610689_adaptiveTTL,adaptiveTTL,burst-load,1788092634.611000,106.000311,adaptive_ttl_backend_p99_milliseconds,all,231.366372
2026-08-30_12-22-08-610689_adaptiveTTL,adaptiveTTL,burst-load,1788092635.611000,107.000311,adaptive_ttl_backend_p99_milliseconds,all,231.366372
2026-08-30_12-22-08-610689_adaptiveTTL,adaptiveTTL,burst-load,1788092636.611000,108.000311,adaptive_ttl_backend_p99_milliseconds,all,231.366372
2026-08-30_12-22-08-610689_adaptiveTTL,adaptiveTTL,burst-load,1788092637.611000,109.000311,adaptive_ttl_backend_p99_milliseconds,all,236.3260865
2026-08-30_12-22-08-610689_adaptiveTTL,adaptiveTTL,burst-load,1788092638.611000,110.000311,adaptive_ttl_backend_p99_milliseconds,all,241.285801
2026-08-30_12-22-08-610689_adaptiveTTL,adaptiveTTL,burst-load,1788092639.611000,111.000311,adaptive_ttl_backend_p99_milliseconds,all,241.285801
2026-08-30_12-22-08-610689_adaptiveTTL,adaptiveTTL,burst-load,1788092640.611000,112.000311,adaptive_ttl_backend_p99_milliseconds,all,241.285801
2026-08-30_12-22-08-610689_adaptiveTTL,adaptiveTTL,burst-load,1788092641.611000,113.000311,adaptive_ttl_backend_p99_milliseconds,all,241.285801
2026-08-30_12-22-08-610689_adaptiveTTL,adaptiveTTL,burst-load,1788092642.611000,114.000311,adaptive_ttl_backend_p99_milliseconds,all,241.285801
2026-08-30_12-22-08-610689_adaptiveTTL,adaptiveTTL,burst-load,1788092643.611000,115.000311,adaptive_ttl_backend_p99_milliseconds,all,241.285801
2026-08-30_12-22-08-610689_adaptiveTTL,adaptiveTTL,burst-load,1788092644.611000,116.000311,adaptive_ttl_backend_p99_milliseconds,all,241.285801
2026-08-30_12-22-08-610689_adaptiveTTL,adaptiveTTL,burst-load,1788092645.611000,117.000311,adaptive_ttl_backend_p99_milliseconds,all,241.285801
2026-08-30_12-22-08-610689_adaptiveTTL,adaptiveTTL,burst-load,1788092646.611000,118.000311,adaptive_ttl_backend_p99_milliseconds,all,241.285801
2026-08-30_12-22-08-610689_adaptiveTTL,adaptiveTTL,burst-load,1788092647.611000,119.000311,adaptive_ttl_backend_p99_milliseconds,all,241.285801
2026-08-30_12-22-08-610689_adaptiveTTL,adaptiveTTL,burst-load,1788092648.611000,120.000311,adaptive_ttl_backend_p99_milliseconds,all,241.285801
2026-08-30_12-22-08-610689_adaptiveTTL,adaptiveTTL,burst-load,1788092649.611000,121.000311,adaptive_ttl_backend_p99_milliseconds,all,241.285801
2026-08-30_12-22-08-610689_adaptiveTTL,adaptiveTTL,burst-load,1788092650.611000,122.000311,adaptive_ttl_backend_p99_milliseconds,all,241.285801
