experiment_id,experiment_name,test_name,timestamp,relative_time_seconds,metric,series,value
2026-08-14_12-30-50-083795_baseline,baseline,synchronized-expiry,1786710650.084000,0.000205,all_requests,all,0
2026-08-14_12-30-50-083795_baseline,baseline,synchronized-expiry,1786710651.084000,1.000205,all_requests,all,2
2026-08-14_12-30-50-083795_baseline,baseline,synchronized-expiry,1786710652.084000,2.000205,all_requests,all,53
2026-08-14_12-30-50-083795_baseline,baseline,synchronized-expiry,1786710653.084000,3.000205,all_requests,all,133
2026-08-14_12-30-50-083795_baseline,baseline,synchronized-expiry,1786710654.084000,4.000205,all_requests,all,213
2026-08-14_12-30-50-083795_baseline,baseline,synchronized-expiry,1786710655.084000,5.000205,all_requests,all,293
2026-08-14_12-30-50-083795_baseline,baseline,synchronized-expiry,1786710656.084000,6.000205,all_requests,all,373
2026-08-14_12-30-50-083795_baseline,baseline,synchronized-expiry,1786710657.084000,7.000205,all_requests,all,453
2026-08-14_12-30-50-083795_baseline,baseline,synchronized-expiry,1786710658.084000,8.000205,all_requests,all,533
2026-08-14_12-30-50-083795_baseline,baseline,synchronized-expiry,1786710659.084000,9.000205,all_requests,all,613
2026-08-14_12-30-50-083795_baseline,baseline,synchronized-expiry,1786710660.084000,10.000205,all_requests,all,693
2026-08-14_12-30-50-083795_baseline,baseline,synchronized-expiry,1786710661.084000,11.000205,all_requests,all,773
2026-08-14_12-30-50-083795_baseline,baseline,synchronized-expiry,1786710662.084000,12.000205,all_requests,all,853
2026-08-14_12-30-50-083795_baseline,baseline,synchronized-expiry,1786710663.084000,13.000205,all_requests,all,933
2026-08-14_12-30-50-083795_baseline,baseline,synchronized-expiry,1786710664.084000,14.000205,all_requests,all,1013
2026-08-14_12-30-50-083795_baseline,baseline,synchronized-expiry,1786710665.084000,15.000205,all_requests,all,1093
2026-08-14_12-30-50-083795_baseline,baseline,synchronized-expiry,1786710666.084000,16.000205,all_requests,all,1173
2026-08-14_12-30-50-083795_baseline,baseline,synchronized-expiry,1786710667.084000,17.000205,all_requests,all,1253
2026-08-14_12-30-50-083795_baseline,baseline,synchronized-expiry,1786710668.084000,18.000205,all_requests,all,1333
2026-08-14_12-30-50-083795_baseline,baseline,synchronized-expiry,1786710669.084000,19.000205,all_requests,all,1413
2026-08-14_12-30-50-083795_baseline,baseline,synchronized-expiry,1786710670.084000,20.000205,all_requests,all,1493
2026-08-14_12-30-50-083795_baseline,baseline,synchronized-expiry,1786710671.084000,21.000205,all_requests,all,1573
2026-08-14_12-30-50-083795_baseline,baseline,synchronized-expiry,1786710672.084000,22.000205,all_requests,all,1653
2026-08-14_12-30-50-083795_baseline,baseline,synchronized-expiry,1786710673.084000,23.000205,all_requests,all,1733
2026-08-14_12-30-50-083795_baseline,baseline,synchronized-expiry,1786710674.084000,24.000205,all_requests,all,1813
2026-08-14_12-30-50-083795_baseline,baseline,synchronized-expiry,1786710675.084000,25.000205,all_requests,all,1893
2026-08-14_12-30-50-083795_baseline,baseline,synchronized-expiry,1786710676.084000,26.000205,all_requests,all,1973
2026-08-14_12-30-50-083795_baseline,baseline,synchronized-expiry,1786710677.084000,27.000205,all_requests,all,2053
2026-08-14_12-30-50-083795_baseline,baseline,synchronized-expiry,1786710678.084000,28.000205,all_requests,all,2133
2026-08-14_12-30-50-083795_baseline,baseline,synchronized-expiry,1786710679.084000,29.000205,all_requests,all,2213
2026-08-14_12-30-50-083795_baseline,baseline,synchronized-expiry,1786710680.084000,30.000205,all_requests,all,2293
2026-08-14_12-30-50-083795_baseline,baseline,synchronized-expiry,1786710681.084000,31.000205,all_requests,all,2373
2026-08-14_12-30-50-083795_baseline,baseline,synchronized-expiry,1786710682.084000,32.000205,all_requests,all,2453
2026-08-14_12-30-50-083795_baseline,baseline,synchronized-expiry,1786710683.084000,33.000205,all_requests,all,2533
2026-08-14_12-30-50-083795_baseline,baseline,synchronized-expiry,1786710684.084000,34.000205,all_requests,all,2613
2026-08-14_12-30-50-083795_baseline,baseline,synchronized-expiry,1786710685.084000,35.000205,all_requests,all,2693
2026-08-14_12-30-50-083795_baseline,baseline,synchronized-expiry,1786710686.084000,36.000205,all_requests,all,2773
2026-08-14_12-30-50-083795_baseline,baseline,synchronized-expiry,1786710687.084000,37.000205,all_requests,all,2853
2026-08-14_12-30-50-083795_baseline,baseline,synchronized-expiry,1786710688.084000,38.000205,all_requests,all,2933
2026-08-14_12-30-50-083795_baseline,baseline,synchronized-expiry,1786710689.084000,39.000205,all_requests,all,3013
2026-08-14_12-30-50-083795_baseline,baseline,synchronized-expiry,1786710690.084000,40.000205,all_requests,all,3093
2026-08-14_12-30-50-083795_baseline,baseline,synchronized-expiry,1786710691.084000,41.000205,all_requests,all,3173
2026-08-14_12-30-50-083795_baseline,baseline,synchronized-expiry,1786710692.084000,42.000205,all_requests,all,3253
2026-08-14_12-30-50-083795_baseline,baseline,synchronized-expiry,1786710693.084000,43.000205,all_requests,all,3333
2026-08-14_12-30-50-083795_baseline,baseline,synchronized-expiry,1786710694.084000,44.000205,all_requests,all,3413
2026-08-14_12-30-50-083795_baseline,baseline,synchronized-expiry,1786710695.084000,45.000205,all_requests,all,3493
2026-08-14_12-30-50-083795_baseline,baseline,synchronized-expiry,1786710696.084000,46.000205,all_requests,all,3573
2026-08-14_12-30-50-083795_baseline,baseline,synchronized-expiry,1786710697.084000,47.000205,all_requests,all,3653
2026-08-14_12-30-50-083795_baseline,baseline,synchronized-expiry,1786710698.084000,48.000205,all_requests,all,3733
2026-08-14_12-30-50-083795_baseline,baseline,synchronized-expiry,1786710699.084000,49.000205,all_requests,all,3813
2026-08-14_12-30-50-083795_baseline,baseline,synchronized-expiry,1786710700.084000,50.000205,all_requests,all,3893
2026-08-14_12-30-50-083795_baseline,baseline,synchronized-expiry,1786710701.084000,51.000205,all_requests,all,3973
2026-08-14_12-30-50-083795_baseline,baseline,synchronized-expiry,1786710702.084000,52.000205,all_requests,all,4053
2026-08-14_12-30-50-083795_baseline,baseline,synchronized-expiry,1786710703.084000,53.000205,all_requests,all,4133
2026-08-14_12-30-50-083795_baseline,baseline,synchronized-expiry,1786710704.084000,54.000205,all_requests,all,4213
2026-08-14_12-30-50-083795_baseline,baseline,synchronized-expiry,1786710705.084000,55.000205,all_requests,all,4293
2026-08-14_12-30-50-083795_baseline,baseline,synchronized-expiry,1786710706.084000,56.000205,all_requests,all,4373
2026-08-14_12-30-50-083795_baseline,baseline,synchronized-expiry,1786710707.084000,57.000205,all_requests,all,4453
2026-08-14_12-30-50-083795_baseline,baseline,synchronized-expiry,1786710708.084000,58.000205,all_requests,all,4533
2026-08-14_12-30-50-083795_baseline,baseline,synchronized-expiry,1786710709.084000,59.000205,all_requests,all,4613
2026-08-14_12-30-50-083795_baseline,baseline,synchronized-expiry,1786710710.084000,60.000205,all_requests,all,4693
2026-08-14_12-30-50-083795_baseline,baseline,synchronized-expiry,1786710650.084000,0.000205,l1_hits,all,0
2026-08-14_12-30-50-083795_baseline,baseline,synchronized-expiry,1786710651.084000,1.000205,l1_hits,all,0
2026-08-14_12-30-50-083795_baseline,baseline,synchronized-expiry,1786710652.084000,2.000205,l1_hits,all,43
2026-08-14_12-30-50-083795_baseline,baseline,synchronized-expiry,1786710653.084000,3.000205,l1_hits,all,114
2026-08-14_12-30-50-083795_baseline,baseline,synchronized-expiry,1786710654.084000,4.000205,l1_hits,all,184
2026-08-14_12-30-50-083795_baseline,baseline,synchronized-expiry,1786710655.084000,5.000205,l1_hits,all,255
2026-08-14_12-30-50-083795_baseline,baseline,synchronized-expiry,1786710656.084000,6.000205,l1_hits,all,328
2026-08-14_12-30-50-083795_baseline,baseline,synchronized-expiry,1786710657.084000,7.000205,l1_hits,all,400
2026-08-14_12-30-50-083795_baseline,baseline,synchronized-expiry,1786710658.084000,8.000205,l1_hits,all,471
2026-08-14_12-30-50-083795_baseline,baseline,synchronized-expiry,1786710659.084000,9.000205,l1_hits,all,541
2026-08-14_12-30-50-083795_baseline,baseline,synchronized-expiry,1786710660.084000,10.000205,l1_hits,all,615
2026-08-14_12-30-50-083795_baseline,baseline,synchronized-expiry,1786710661.084000,11.000205,l1_hits,all,688
2026-08-14_12-30-50-083795_baseline,baseline,synchronized-expiry,1786710662.084000,12.000205,l1_hits,all,733
2026-08-14_12-30-50-083795_baseline,baseline,synchronized-expiry,1786710663.084000,13.000205,l1_hits,all,804
2026-08-14_12-30-50-083795_baseline,baseline,synchronized-expiry,1786710664.084000,14.000205,l1_hits,all,877
2026-08-14_12-30-50-083795_baseline,baseline,synchronized-expiry,1786710665.084000,15.000205,l1_hits,all,949
2026-08-14_12-30-50-083795_baseline,baseline,synchronized-expiry,1786710666.084000,16.000205,l1_hits,all,1022
2026-08-14_12-30-50-083795_baseline,baseline,synchronized-expiry,1786710667.084000,17.000205,l1_hits,all,1092
2026-08-14_12-30-50-083795_baseline,baseline,synchronized-expiry,1786710668.084000,18.000205,l1_hits,all,1163
2026-08-14_12-30-50-083795_baseline,baseline,synchronized-expiry,1786710669.084000,19.000205,l1_hits,all,1233
2026-08-14_12-30-50-083795_baseline,baseline,synchronized-expiry,1786710670.084000,20.000205,l1_hits,all,1305
2026-08-14_12-30-50-083795_baseline,baseline,synchronized-expiry,1786710671.084000,21.000205,l1_hits,all,1378
2026-08-14_12-30-50-083795_baseline,baseline,synchronized-expiry,1786710672.084000,22.000205,l1_hits,all,1450
2026-08-14_12-30-50-083795_baseline,baseline,synchronized-expiry,1786710673.084000,23.000205,l1_hits,all,1502
2026-08-14_12-30-50-083795_baseline,baseline,synchronized-expiry,1786710674.084000,24.000205,l1_hits,all,1572
2026-08-14_12-30-50-083795_baseline,baseline,synchronized-expiry,1786710675.084000,25.000205,l1_hits,all,1645
2026-08-14_12-30-50-083795_baseline,baseline,synchronized-expiry,1786710676.084000,26.000205,l1_hits,all,1717
2026-08-14_12-30-50-083795_baseline,baseline,synchronized-expiry,1786710677.084000,27.000205,l1_hits,all,1788
2026-08-14_12-30-50-083795_baseline,baseline,synchronized-expiry,1786710678.084000,28.000205,l1_hits,all,1860
2026-08-14_12-30-50-083795_baseline,baseline,synchronized-expiry,1786710679.084000,29.000205,l1_hits,all,1931
2026-08-14_12-30-50-083795_baseline,baseline,synchronized-expiry,1786710680.084000,30.000205,l1_hits,all,2003
2026-08-14_12-30-50-083795_baseline,baseline,synchronized-expiry,1786710681.084000,31.000205,l1_hits,all,2074
2026-08-14_12-30-50-083795_baseline,baseline,synchronized-expiry,1786710682.084000,32.000205,l1_hits,all,2145
2026-08-14_12-30-50-083795_baseline,baseline,synchronized-expiry,1786710683.084000,33.000205,l1_hits,all,2215
2026-08-14_12-30-50-083795_baseline,baseline,synchronized-expiry,1786710684.084000,34.000205,l1_hits,all,2271
2026-08-14_12-30-50-083795_baseline,baseline,synchronized-expiry,1786710685.084000,35.000205,l1_hits,all,2341
2026-08-14_12-30-50-083795_baseline,baseline,synchronized-expiry,1786710686.084000,36.000205,l1_hits,all,2413
2026-08-14_12-30-50-083795_baseline,baseline,synchronized-expiry,1786710687.084000,37.000205,l1_hits,all,2485
2026-08-14_12-30-50-083795_baseline,baseline,synchronized-expiry,1786710688.084000,38.000205,l1_hits,all,2557
2026-08-14_12-30-50-083795_baseline,baseline,synchronized-expiry,1786710689.084000,39.000205,l1_hits,all,2632
2026-08-14_12-30-50-083795_baseline,baseline,synchronized-expiry,1786710690.084000,40.000205,l1_hits,all,2702
2026-08-14_12-30-50-083795_baseline,baseline,synchronized-expiry,1786710691.084000,41.000205,l1_hits,all,2774
2026-08-14_12-30-50-083795_baseline,baseline,synchronized-expiry,1786710692.084000,42.000205,l1_hits,all,2844
2026-08-14_12-30-50-083795_baseline,baseline,synchronized-expiry,1786710693.084000,43.000205,l1_hits,all,2914
2026-08-14_12-30-50-083795_baseline,baseline,synchronized-expiry,1786710694.084000,44.000205,l1_hits,all,2977
2026-08-14_12-30-50-083795_baseline,baseline,synchronized-expiry,1786710695.084000,45.000205,l1_hits,all,3034
2026-08-14_12-30-50-083795_baseline,baseline,synchronized-expiry,1786710696.084000,46.000205,l1_hits,all,3110
2026-08-14_12-30-50-083795_baseline,baseline,synchronized-expiry,1786710697.084000,47.000205,l1_hits,all,3180
2026-08-14_12-30-50-083795_baseline,baseline,synchronized-expiry,1786710698.084000,48.000205,l1_hits,all,3252
2026-08-14_12-30-50-083795_baseline,baseline,synchronized-expiry,1786710699.084000,49.000205,l1_hits,all,3322
2026-08-14_12-30-50-083795_baseline,baseline,synchronized-expiry,1786710700.084000,50.000205,l1_hits,all,3394
2026-08-14_12-30-50-083795_baseline,baseline,synchronized-expiry,1786710701.084000,51.000205,l1_hits,all,3465
2026-08-14_12-30-50-083795_baseline,baseline,synchronized-expiry,1786710702.084000,52.000205,l1_hits,all,3538
2026-08-14_12-30-50-083795_baseline,baseline,synchronized-expiry,1786710703.084000,53.000205,l1_hits,all,3608
2026-08-14_12-30-50-083795_baseline,baseline,synchronized-expiry,1786710704.084000,54.000205,l1_hits,all,3678
2026-08-14_12-30-50-083795_baseline,baseline,synchronized-expiry,1786710705.084000,55.000205,l1_hits,all,3743
2026-08-14_12-30-50-083795_baseline,baseline,synchronized-expiry,1786710706.084000,56.000205,l1_hits,all,3803
2026-08-14_12-30-50-083795_baseline,baseline,synchronized-expiry,1786710707.084000,57.000205,l1_hits,all,3875
2026-08-14_12-30-50-083795_baseline,baseline,synchronized-expiry,1786710708.084000,58.000205,l1_hits,all,3947
2026-08-14_12-30-50-083795_baseline,baseline,synchronized-expiry,1786710709.084000,59.000205,l1_hits,all,4019
2026-08-14_12-30-50-083795_baseline,baseline,synchronized-expiry,1786710710.084000,60.000205,l1_hits,all,4090
2026-08-14_12-30-50-083795_baseline,baseline,synchronized-expiry,1786710650.084000,0.000205,l2_hits,all,0
2026-08-14_12-30-50-083795_baseline,baseline,synchronized-expiry,1786710651.084000,1.000205,l2_hits,all,0
2026-08-14_12-30-50-083795_baseline,baseline,synchronized-expiry,1786710652.084000,2.000205,l2_hits,all,5
2026-08-14_12-30-50-083795_baseline,baseline,synchronized-expiry,1786710653.084000,3.000205,l2_hits,all,14
2026-08-14_12-30-50-083795_baseline,baseline,synchronized-expiry,1786710654.084000,4.000205,l2_hits,all,24
2026-08-14_12-30-50-083795_baseline,baseline,synchronized-expiry,1786710655.084000,5.000205,l2_hits,all,33
2026-08-14_12-30-50-083795_baseline,baseline,synchronized-expiry,1786710656.084000,6.000205,l2_hits,all,40
2026-08-14_12-30-50-083795_baseline,baseline,synchronized-expiry,1786710657.084000,7.000205,l2_hits,all,48
2026-08-14_12-30-50-083795_baseline,baseline,synchronized-expiry,1786710658.084000,8.000205,l2_hits,all,57
2026-08-14_12-30-50-083795_baseline,baseline,synchronized-expiry,1786710659.084000,9.000205,l2_hits,all,67
2026-08-14_12-30-50-083795_baseline,baseline,synchronized-expiry,1786710660.084000,10.000205,l2_hits,all,73
2026-08-14_12-30-50-083795_baseline,baseline,synchronized-expiry,1786710661.084000,11.000205,l2_hits,all,80
2026-08-14_12-30-50-083795_baseline,baseline,synchronized-expiry,1786710662.084000,12.000205,l2_hits,all,87
2026-08-14_12-30-50-083795_baseline,baseline,synchronized-expiry,1786710663.084000,13.000205,l2_hits,all,88
2026-08-14_12-30-50-083795_baseline,baseline,synchronized-expiry,1786710664.084000,14.000205,l2_hits,all,95
2026-08-14_12-30-50-083795_baseline,baseline,synchronized-expiry,1786710665.084000,15.000205,l2_hits,all,103
2026-08-14_12-30-50-083795_baseline,baseline,synchronized-expiry,1786710666.084000,16.000205,l2_hits,all,110
2026-08-14_12-30-50-083795_baseline,baseline,synchronized-expiry,1786710667.084000,17.000205,l2_hits,all,120
2026-08-14_12-30-50-083795_baseline,baseline,synchronized-expiry,1786710668.084000,18.000205,l2_hits,all,129
2026-08-14_12-30-50-083795_baseline,baseline,synchronized-expiry,1786710669.084000,19.000205,l2_hits,all,139
2026-08-14_12-30-50-083795_baseline,baseline,synchronized-expiry,1786710670.084000,20.000205,l2_hits,all,147
2026-08-14_12-30-50-083795_baseline,baseline,synchronized-expiry,1786710671.084000,21.000205,l2_hits,all,154
2026-08-14_12-30-50-083795_baseline,baseline,synchronized-expiry,1786710672.084000,22.000205,l2_hits,all,162
2026-08-14_12-30-50-083795_baseline,baseline,synchronized-expiry,1786710673.084000,23.000205,l2_hits,all,168
2026-08-14_12-30-50-083795_baseline,baseline,synchronized-expiry,1786710674.084000,24.000205,l2_hits,all,169
2026-08-14_12-30-50-083795_baseline,baseline,synchronized-expiry,1786710675.084000,25.000205,l2_hits,all,175
2026-08-14_12-30-50-083795_baseline,baseline,synchronized-expiry,1786710676.084000,26.000205,l2_hits,all,183
2026-08-14_12-30-50-083795_baseline,baseline,synchronized-expiry,1786710677.084000,27.000205,l2_hits,all,192
2026-08-14_12-30-50-083795_baseline,baseline,synchronized-expiry,1786710678.084000,28.000205,l2_hits,all,200
2026-08-14_12-30-50-083795_baseline,baseline,synchronized-expiry,1786710679.084000,29.000205,l2_hits,all,209
2026-08-14_12-30-50-083795_baseline,baseline,synchronized-expiry,1786710680.084000,30.000205,l2_hits,all,217
2026-08-14_12-30-50-083795_baseline,baseline,synchronized-expiry,1786710681.084000,31.000205,l2_hits,all,226
2026-08-14_12-30-50-083795_baseline,baseline,synchronized-expiry,1786710682.084000,32.000205,l2_hits,all,235
2026-08-14_12-30-50-083795_baseline,baseline,synchronized-expiry,1786710683.084000,33.000205,l2_hits,all,245
2026-08-14_12-30-50-083795_baseline,baseline,synchronized-expiry,1786710684.084000,34.000205,l2_hits,all,252
2026-08-14_12-30-50-083795_baseline,baseline,synchronized-expiry,1786710685.084000,35.000205,l2_hits,all,257
2026-08-14_12-30-50-083795_baseline,baseline,synchronized-expiry,1786710686.084000,36.000205,l2_hits,all,265
2026-08-14_12-30-50-083795_baseline,baseline,synchronized-expiry,1786710687.084000,37.000205,l2_hits,all,273
2026-08-14_12-30-50-083795_baseline,baseline,synchronized-expiry,1786710688.084000,38.000205,l2_hits,all,281
2026-08-14_12-30-50-083795_baseline,baseline,synchronized-expiry,1786710689.084000,39.000205,l2_hits,all,286
2026-08-14_12-30-50-083795_baseline,baseline,synchronized-expiry,1786710690.084000,40.000205,l2_hits,all,296
2026-08-14_12-30-50-083795_baseline,baseline,synchronized-expiry,1786710691.084000,41.000205,l2_hits,all,304
2026-08-14_12-30-50-083795_baseline,baseline,synchronized-expiry,1786710692.084000,42.000205,l2_hits,all,314
2026-08-14_12-30-50-083795_baseline,baseline,synchronized-expiry,1786710693.084000,43.000205,l2_hits,all,324
2026-08-14_12-30-50-083795_baseline,baseline,synchronized-expiry,1786710694.084000,44.000205,l2_hits,all,332
2026-08-14_12-30-50-083795_baseline,baseline,synchronized-expiry,1786710695.084000,45.000205,l2_hits,all,336
2026-08-14_12-30-50-083795_baseline,baseline,synchronized-expiry,1786710696.084000,46.000205,l2_hits,all,340
2026-08-14_12-30-50-083795_baseline,baseline,synchronized-expiry,1786710697.084000,47.000205,l2_hits,all,350
2026-08-14_12-30-50-083795_baseline,baseline,synchronized-expiry,1786710698.084000,48.000205,l2_hits,all,358
2026-08-14_12-30-50-083795_baseline,baseline,synchronized-expiry,1786710699.084000,49.000205,l2_hits,all,368
2026-08-14_12-30-50-083795_baseline,baseline,synchronized-expiry,1786710700.084000,50.000205,l2_hits,all,376
2026-08-14_12-30-50-083795_baseline,baseline,synchronized-expiry,1786710701.084000,51.000205,l2_hits,all,385
2026-08-14_12-30-50-083795_baseline,baseline,synchronized-expiry,1786710702.084000,52.000205,l2_hits,all,392
2026-08-14_12-30-50-083795_baseline,baseline,synchronized-expiry,1786710703.084000,53.000205,l2_hits,all,402
2026-08-14_12-30-50-083795_baseline,baseline,synchronized-expiry,1786710704.084000,54.000205,l2_hits,all,411
2026-08-14_12-30-50-083795_baseline,baseline,synchronized-expiry,1786710705.084000,55.000205,l2_hits,all,417
2026-08-14_12-30-50-083795_baseline,baseline,synchronized-expiry,1786710706.084000,56.000205,l2_hits,all,421
2026-08-14_12-30-50-083795_baseline,baseline,synchronized-expiry,1786710707.084000,57.000205,l2_hits,all,429
2026-08-14_12-30-50-083795_baseline,baseline,synchronized-expiry,1786710708.084000,58.000205,l2_hits,all,437
2026-08-14_12-30-50-083795_baseline,baseline,synchronized-expiry,1786710709.084000,59.000205,l2_hits,all,445
2026-08-14_12-30-50-083795_baseline,baseline,synchronized-expiry,1786710710.084000,60.000205,l2_hits,all,454
2026-08-14_12-30-50-083795_baseline,baseline,synchronized-expiry,1786710650.084000,0.000205,backend_calls,all,0
2026-08-14_12-30-50-083795_baseline,baseline,synchronized-expiry,1786710651.084000,1.000205,backend_calls,all,0
2026-08-14_12-30-50-083795_baseline,baseline,synchronized-expiry,1786710652.084000,2.000205,backend_calls,all,5
2026-08-14_12-30-50-083795_baseline,baseline,synchronized-expiry,1786710653.084000,3.000205,backend_calls,all,5
2026-08-14_12-30-50-083795_baseline,baseline,synchronized-expiry,1786710654.084000,4.000205,backend_calls,all,5
2026-08-14_12-30-50-083795_baseline,baseline,synchronized-expiry,1786710655.084000,5.000205,backend_calls,all,5
2026-08-14_12-30-50-083795_baseline,baseline,synchronized-expiry,1786710656.084000,6.000205,backend_calls,all,5
2026-08-14_12-30-50-083795_baseline,baseline,synchronized-expiry,1786710657.084000,7.000205,backend_calls,all,5
2026-08-14_12-30-50-083795_baseline,baseline,synchronized-expiry,1786710658.084000,8.000205,backend_calls,all,5
2026-08-14_12-30-50-083795_baseline,baseline,synchronized-expiry,1786710659.084000,9.000205,backend_calls,all,5
2026-08-14_12-30-50-083795_baseline,baseline,synchronized-expiry,1786710660.084000,10.000205,backend_calls,all,5
2026-08-14_12-30-50-083795_baseline,baseline,synchronized-expiry,1786710661.084000,11.000205,backend_calls,all,5
2026-08-14_12-30-50-083795_baseline,baseline,synchronized-expiry,1786710662.084000,12.000205,backend_calls,all,32
2026-08-14_12-30-50-083795_baseline,baseline,synchronized-expiry,1786710663.084000,13.000205,backend_calls,all,41
2026-08-14_12-30-50-083795_baseline,baseline,synchronized-expiry,1786710664.084000,14.000205,backend_calls,all,41
2026-08-14_12-30-50-083795_baseline,baseline,synchronized-expiry,1786710665.084000,15.000205,backend_calls,all,41
2026-08-14_12-30-50-083795_baseline,baseline,synchronized-expiry,1786710666.084000,16.000205,backend_calls,all,41
2026-08-14_12-30-50-083795_baseline,baseline,synchronized-expiry,1786710667.084000,17.000205,backend_calls,all,41
2026-08-14_12-30-50-083795_baseline,baseline,synchronized-expiry,1786710668.084000,18.000205,backend_calls,all,41
2026-08-14_12-30-50-083795_baseline,baseline,synchronized-expiry,1786710669.084000,19.000205,backend_calls,all,41
2026-08-14_12-30-50-083795_baseline,baseline,synchronized-expiry,1786710670.084000,20.000205,backend_calls,all,41
2026-08-14_12-30-50-083795_baseline,baseline,synchronized-expiry,1786710671.084000,21.000205,backend_calls,all,41
2026-08-14_12-30-50-083795_baseline,baseline,synchronized-expiry,1786710672.084000,22.000205,backend_calls,all,41
2026-08-14_12-30-50-083795_baseline,baseline,synchronized-expiry,1786710673.084000,23.000205,backend_calls,all,64
2026-08-14_12-30-50-083795_baseline,baseline,synchronized-expiry,1786710674.084000,24.000205,backend_calls,all,73
2026-08-14_12-30-50-083795_baseline,baseline,synchronized-expiry,1786710675.084000,25.000205,backend_calls,all,73
2026-08-14_12-30-50-083795_baseline,baseline,synchronized-expiry,1786710676.084000,26.000205,backend_calls,all,73
2026-08-14_12-30-50-083795_baseline,baseline,synchronized-expiry,1786710677.084000,27.000205,backend_calls,all,73
2026-08-14_12-30-50-083795_baseline,baseline,synchronized-expiry,1786710678.084000,28.000205,backend_calls,all,73
2026-08-14_12-30-50-083795_baseline,baseline,synchronized-expiry,1786710679.084000,29.000205,backend_calls,all,73
2026-08-14_12-30-50-083795_baseline,baseline,synchronized-expiry,1786710680.084000,30.000205,backend_calls,all,73
2026-08-14_12-30-50-083795_baseline,baseline,synchronized-expiry,1786710681.084000,31.000205,backend_calls,all,73
2026-08-14_12-30-50-083795_baseline,baseline,synchronized-expiry,1786710682.084000,32.000205,backend_calls,all,73
2026-08-14_12-30-50-083795_baseline,baseline,synchronized-expiry,1786710683.084000,33.000205,backend_calls,all,73
2026-08-14_12-30-50-083795_baseline,baseline,synchronized-expiry,1786710684.084000,34.000205,backend_calls,all,90
2026-08-14_12-30-50-083795_baseline,baseline,synchronized-expiry,1786710685.084000,35.000205,backend_calls,all,95
2026-08-14_12-30-50-083795_baseline,baseline,synchronized-expiry,1786710686.084000,36.000205,backend_calls,all,95
2026-08-14_12-30-50-083795_baseline,baseline,synchronized-expiry,1786710687.084000,37.000205,backend_calls,all,95
2026-08-14_12-30-50-083795_baseline,baseline,synchronized-expiry,1786710688.084000,38.000205,backend_calls,all,95
2026-08-14_12-30-50-083795_baseline,baseline,synchronized-expiry,1786710689.084000,39.000205,backend_calls,all,95
2026-08-14_12-30-50-083795_baseline,baseline,synchronized-expiry,1786710690.084000,40.000205,backend_calls,all,95
2026-08-14_12-30-50-083795_baseline,baseline,synchronized-expiry,1786710691.084000,41.000205,backend_calls,all,95
2026-08-14_12-30-50-083795_baseline,baseline,synchronized-expiry,1786710692.084000,42.000205,backend_calls,all,95
2026-08-14_12-30-50-083795_baseline,baseline,synchronized-expiry,1786710693.084000,43.000205,backend_calls,all,95
2026-08-14_12-30-50-083795_baseline,baseline,synchronized-expiry,1786710694.084000,44.000205,backend_calls,all,101
2026-08-14_12-30-50-083795_baseline,baseline,synchronized-expiry,1786710695.084000,45.000205,backend_calls,all,123
2026-08-14_12-30-50-083795_baseline,baseline,synchronized-expiry,1786710696.084000,46.000205,backend_calls,all,123
2026-08-14_12-30-50-083795_baseline,baseline,synchronized-expiry,1786710697.084000,47.000205,backend_calls,all,123
2026-08-14_12-30-50-083795_baseline,baseline,synchronized-expiry,1786710698.084000,48.000205,backend_calls,all,123
2026-08-14_12-30-50-083795_baseline,baseline,synchronized-expiry,1786710699.084000,49.000205,backend_calls,all,123
2026-08-14_12-30-50-083795_baseline,baseline,synchronized-expiry,1786710700.084000,50.000205,backend_calls,all,123
2026-08-14_12-30-50-083795_baseline,baseline,synchronized-expiry,1786710701.084000,51.000205,backend_calls,all,123
2026-08-14_12-30-50-083795_baseline,baseline,synchronized-expiry,1786710702.084000,52.000205,backend_calls,all,123
2026-08-14_12-30-50-083795_baseline,baseline,synchronized-expiry,1786710703.084000,53.000205,backend_calls,all,123
2026-08-14_12-30-50-083795_baseline,baseline,synchronized-expiry,1786710704.084000,54.000205,backend_calls,all,123
2026-08-14_12-30-50-083795_baseline,baseline,synchronized-expiry,1786710705.084000,55.000205,backend_calls,all,139
2026-08-14_12-30-50-083795_baseline,baseline,synchronized-expiry,1786710706.084000,56.000205,backend_calls,all,149
2026-08-14_12-30-50-083795_baseline,baseline,synchronized-expiry,1786710707.084000,57.000205,backend_calls,all,149
2026-08-14_12-30-50-083795_baseline,baseline,synchronized-expiry,1786710708.084000,58.000205,backend_calls,all,149
2026-08-14_12-30-50-083795_baseline,baseline,synchronized-expiry,1786710709.084000,59.000205,backend_calls,all,149
2026-08-14_12-30-50-083795_baseline,baseline,synchronized-expiry,1786710710.084000,60.000205,backend_calls,all,149
2026-08-14_12-30-50-083795_baseline,baseline,synchronized-expiry,1786710650.084000,0.000205,cache_misses,all,0
2026-08-14_12-30-50-083795_baseline,baseline,synchronized-expiry,1786710651.084000,1.000205,cache_misses,all,2
2026-08-14_12-30-50-083795_baseline,baseline,synchronized-expiry,1786710652.084000,2.000205,cache_misses,all,5
2026-08-14_12-30-50-083795_baseline,baseline,synchronized-expiry,1786710653.084000,3.000205,cache_misses,all,5
2026-08-14_12-30-50-083795_baseline,baseline,synchronized-expiry,1786710654.084000,4.000205,cache_misses,all,5
2026-08-14_12-30-50-083795_baseline,baseline,synchronized-expiry,1786710655.084000,5.000205,cache_misses,all,5
2026-08-14_12-30-50-083795_baseline,baseline,synchronized-expiry,1786710656.084000,6.000205,cache_misses,all,5
2026-08-14_12-30-50-083795_baseline,baseline,synchronized-expiry,1786710657.084000,7.000205,cache_misses,all,5
2026-08-14_12-30-50-083795_baseline,baseline,synchronized-expiry,1786710658.084000,8.000205,cache_misses,all,5
2026-08-14_12-30-50-083795_baseline,baseline,synchronized-expiry,1786710659.084000,9.000205,cache_misses,all,5
2026-08-14_12-30-50-083795_baseline,baseline,synchronized-expiry,1786710660.084000,10.000205,cache_misses,all,5
2026-08-14_12-30-50-083795_baseline,baseline,synchronized-expiry,1786710661.084000,11.000205,cache_misses,all,5
2026-08-14_12-30-50-083795_baseline,baseline,synchronized-expiry,1786710662.084000,12.000205,cache_misses,all,33
2026-08-14_12-30-50-083795_baseline,baseline,synchronized-expiry,1786710663.084000,13.000205,cache_misses,all,41
2026-08-14_12-30-50-083795_baseline,baseline,synchronized-expiry,1786710664.084000,14.000205,cache_misses,all,41
2026-08-14_12-30-50-083795_baseline,baseline,synchronized-expiry,1786710665.084000,15.000205,cache_misses,all,41
2026-08-14_12-30-50-083795_baseline,baseline,synchronized-expiry,1786710666.084000,16.000205,cache_misses,all,41
2026-08-14_12-30-50-083795_baseline,baseline,synchronized-expiry,1786710667.084000,17.000205,cache_misses,all,41
2026-08-14_12-30-50-083795_baseline,baseline,synchronized-expiry,1786710668.084000,18.000205,cache_misses,all,41
2026-08-14_12-30-50-083795_baseline,baseline,synchronized-expiry,1786710669.084000,19.000205,cache_misses,all,41
2026-08-14_12-30-50-083795_baseline,baseline,synchronized-expiry,1786710670.084000,20.000205,cache_misses,all,41
2026-08-14_12-30-50-083795_baseline,baseline,synchronized-expiry,1786710671.084000,21.000205,cache_misses,all,41
2026-08-14_12-30-50-083795_baseline,baseline,synchronized-expiry,1786710672.084000,22.000205,cache_misses,all,41
2026-08-14_12-30-50-083795_baseline,baseline,synchronized-expiry,1786710673.084000,23.000205,cache_misses,all,63
2026-08-14_12-30-50-083795_baseline,baseline,synchronized-expiry,1786710674.084000,24.000205,cache_misses,all,72
2026-08-14_12-30-50-083795_baseline,baseline,synchronized-expiry,1786710675.084000,25.000205,cache_misses,all,73
2026-08-14_12-30-50-083795_baseline,baseline,synchronized-expiry,1786710676.084000,26.000205,cache_misses,all,73
2026-08-14_12-30-50-083795_baseline,baseline,synchronized-expiry,1786710677.084000,27.000205,cache_misses,all,73
2026-08-14_12-30-50-083795_baseline,baseline,synchronized-expiry,1786710678.084000,28.000205,cache_misses,all,73
2026-08-14_12-30-50-083795_baseline,baseline,synchronized-expiry,1786710679.084000,29.000205,cache_misses,all,73
2026-08-14_12-30-50-083795_baseline,baseline,synchronized-expiry,1786710680.084000,30.000205,cache_misses,all,73
2026-08-14_12-30-50-083795_baseline,baseline,synchronized-expiry,1786710681.084000,31.000205,cache_misses,all,73
2026-08-14_12-30-50-083795_baseline,baseline,synchronized-expiry,1786710682.084000,32.000205,cache_misses,all,73
2026-08-14_12-30-50-083795_baseline,baseline,synchronized-expiry,1786710683.084000,33.000205,cache_misses,all,73
2026-08-14_12-30-50-083795_baseline,baseline,synchronized-expiry,1786710684.084000,34.000205,cache_misses,all,90
2026-08-14_12-30-50-083795_baseline,baseline,synchronized-expiry,1786710685.084000,35.000205,cache_misses,all,95
2026-08-14_12-30-50-083795_baseline,baseline,synchronized-expiry,1786710686.084000,36.000205,cache_misses,all,95
2026-08-14_12-30-50-083795_baseline,baseline,synchronized-expiry,1786710687.084000,37.000205,cache_misses,all,95
2026-08-14_12-30-50-083795_baseline,baseline,synchronized-expiry,1786710688.084000,38.000205,cache_misses,all,95
2026-08-14_12-30-50-083795_baseline,baseline,synchronized-expiry,1786710689.084000,39.000205,cache_misses,all,95
2026-08-14_12-30-50-083795_baseline,baseline,synchronized-expiry,1786710690.084000,40.000205,cache_misses,all,95
2026-08-14_12-30-50-083795_baseline,baseline,synchronized-expiry,1786710691.084000,41.000205,cache_misses,all,95
2026-08-14_12-30-50-083795_baseline,baseline,synchronized-expiry,1786710692.084000,42.000205,cache_misses,all,95
2026-08-14_12-30-50-083795_baseline,baseline,synchronized-expiry,1786710693.084000,43.000205,cache_misses,all,95
2026-08-14_12-30-50-083795_baseline,baseline,synchronized-expiry,1786710694.084000,44.000205,cache_misses,all,104
2026-08-14_12-30-50-083795_baseline,baseline,synchronized-expiry,1786710695.084000,45.000205,cache_misses,all,123
2026-08-14_12-30-50-083795_baseline,baseline,synchronized-expiry,1786710696.084000,46.000205,cache_misses,all,123
2026-08-14_12-30-50-083795_baseline,baseline,synchronized-expiry,1786710697.084000,47.000205,cache_misses,all,123
2026-08-14_12-30-50-083795_baseline,baseline,synchronized-expiry,1786710698.084000,48.000205,cache_misses,all,123
2026-08-14_12-30-50-083795_baseline,baseline,synchronized-expiry,1786710699.084000,49.000205,cache_misses,all,123
2026-08-14_12-30-50-083795_baseline,baseline,synchronized-expiry,1786710700.084000,50.000205,cache_misses,all,123
2026-08-14_12-30-50-083795_baseline,baseline,synchronized-expiry,1786710701.084000,51.000205,cache_misses,all,123
2026-08-14_12-30-50-083795_baseline,baseline,synchronized-expiry,1786710702.084000,52.000205,cache_misses,all,123
2026-08-14_12-30-50-083795_baseline,baseline,synchronized-expiry,1786710703.084000,53.000205,cache_misses,all,123
2026-08-14_12-30-50-083795_baseline,baseline,synchronized-expiry,1786710704.084000,54.000205,cache_misses,all,124
2026-08-14_12-30-50-083795_baseline,baseline,synchronized-expiry,1786710705.084000,55.000205,cache_misses,all,133
2026-08-14_12-30-50-083795_baseline,baseline,synchronized-expiry,1786710706.084000,56.000205,cache_misses,all,149
2026-08-14_12-30-50-083795_baseline,baseline,synchronized-expiry,1786710707.084000,57.000205,cache_misses,all,149
2026-08-14_12-30-50-083795_baseline,baseline,synchronized-expiry,1786710708.084000,58.000205,cache_misses,all,149
2026-08-14_12-30-50-083795_baseline,baseline,synchronized-expiry,1786710709.084000,59.000205,cache_misses,all,149
2026-08-14_12-30-50-083795_baseline,baseline,synchronized-expiry,1786710710.084000,60.000205,cache_misses,all,149
2026-08-14_12-30-50-083795_baseline,baseline,synchronized-expiry,1786710650.084000,0.000205,backend_throughput,all,0
2026-08-14_12-30-50-083795_baseline,baseline,synchronized-expiry,1786710651.084000,1.000205,backend_throughput,all,0
2026-08-14_12-30-50-083795_baseline,baseline,synchronized-expiry,1786710652.084000,2.000205,backend_throughput,all,0.5395555555555556
2026-08-14_12-30-50-083795_baseline,baseline,synchronized-expiry,1786710653.084000,3.000205,backend_throughput,all,0.5395555555555556
2026-08-14_12-30-50-083795_baseline,baseline,synchronized-expiry,1786710654.084000,4.000205,backend_throughput,all,0.5395555555555556
2026-08-14_12-30-50-083795_baseline,baseline,synchronized-expiry,1786710655.084000,5.000205,backend_throughput,all,0.5395555555555556
2026-08-14_12-30-50-083795_baseline,baseline,synchronized-expiry,1786710656.084000,6.000205,backend_throughput,all,0.5395555555555556
2026-08-14_12-30-50-083795_baseline,baseline,synchronized-expiry,1786710657.084000,7.000205,backend_throughput,all,0.5395555555555556
2026-08-14_12-30-50-083795_baseline,baseline,synchronized-expiry,1786710658.084000,8.000205,backend_throughput,all,0.5395599511056783
2026-08-14_12-30-50-083795_baseline,baseline,synchronized-expiry,1786710659.084000,9.000205,backend_throughput,all,0.5395555555555556
2026-08-14_12-30-50-083795_baseline,baseline,synchronized-expiry,1786710660.084000,10.000205,backend_throughput,all,0.5395555555555556
2026-08-14_12-30-50-083795_baseline,baseline,synchronized-expiry,1786710661.084000,11.000205,backend_throughput,all,0
2026-08-14_12-30-50-083795_baseline,baseline,synchronized-expiry,1786710662.084000,12.000205,backend_throughput,all,3.0003333703744857
2026-08-14_12-30-50-083795_baseline,baseline,synchronized-expiry,1786710663.084000,13.000205,backend_throughput,all,4
2026-08-14_12-30-50-083795_baseline,baseline,synchronized-expiry,1786710664.084000,14.000205,backend_throughput,all,4
2026-08-14_12-30-50-083795_baseline,baseline,synchronized-expiry,1786710665.084000,15.000205,backend_throughput,all,4
2026-08-14_12-30-50-083795_baseline,baseline,synchronized-expiry,1786710666.084000,16.000205,backend_throughput,all,4.0004444938326476
2026-08-14_12-30-50-083795_baseline,baseline,synchronized-expiry,1786710667.084000,17.000205,backend_throughput,all,4.000889086463658
2026-08-14_12-30-50-083795_baseline,baseline,synchronized-expiry,1786710668.084000,18.000205,backend_throughput,all,4.0004444938326476
2026-08-14_12-30-50-083795_baseline,baseline,synchronized-expiry,1786710669.084000,19.000205,backend_throughput,all,4.0004444938326476
2026-08-14_12-30-50-083795_baseline,baseline,synchronized-expiry,1786710670.084000,20.000205,backend_throughput,all,4.000889086463658
2026-08-14_12-30-50-083795_baseline,baseline,synchronized-expiry,1786710671.084000,21.000205,backend_throughput,all,1.000111123458162
2026-08-14_12-30-50-083795_baseline,baseline,synchronized-expiry,1786710672.084000,22.000205,backend_throughput,all,0
2026-08-14_12-30-50-083795_baseline,baseline,synchronized-expiry,1786710673.084000,23.000205,backend_throughput,all,2.5561235830184486
2026-08-14_12-30-50-083795_baseline,baseline,synchronized-expiry,1786710674.084000,24.000205,backend_throughput,all,3.556345854634363
2026-08-14_12-30-50-083795_baseline,baseline,synchronized-expiry,1786710675.084000,25.000205,backend_throughput,all,3.555950661184576
2026-08-14_12-30-50-083795_baseline,baseline,synchronized-expiry,1786710676.084000,26.000205,backend_throughput,all,3.555160537718031
2026-08-14_12-30-50-083795_baseline,baseline,synchronized-expiry,1786710677.084000,27.000205,backend_throughput,all,3.555950661184576
2026-08-14_12-30-50-083795_baseline,baseline,synchronized-expiry,1786710678.084000,28.000205,backend_throughput,all,3.555950661184576
2026-08-14_12-30-50-083795_baseline,baseline,synchronized-expiry,1786710679.084000,29.000205,backend_throughput,all,3.555555555555556
2026-08-14_12-30-50-083795_baseline,baseline,synchronized-expiry,1786710680.084000,30.000205,backend_throughput,all,3.555555555555556
2026-08-14_12-30-50-083795_baseline,baseline,synchronized-expiry,1786710681.084000,31.000205,backend_throughput,all,3.555555555555556
2026-08-14_12-30-50-083795_baseline,baseline,synchronized-expiry,1786710682.084000,32.000205,backend_throughput,all,1
2026-08-14_12-30-50-083795_baseline,baseline,synchronized-expiry,1786710683.084000,33.000205,backend_throughput,all,0
2026-08-14_12-30-50-083795_baseline,baseline,synchronized-expiry,1786710684.084000,34.000205,backend_throughput,all,1.888888888888889
2026-08-14_12-30-50-083795_baseline,baseline,synchronized-expiry,1786710685.084000,35.000205,backend_throughput,all,2.444716079564396
2026-08-14_12-30-50-083795_baseline,baseline,synchronized-expiry,1786710686.084000,36.000205,backend_throughput,all,2.444172869681146
2026-08-14_12-30-50-083795_baseline,baseline,synchronized-expiry,1786710687.084000,37.000205,backend_throughput,all,2.444172869681146
2026-08-14_12-30-50-083795_baseline,baseline,synchronized-expiry,1786710688.084000,38.000205,backend_throughput,all,2.4444444444444446
2026-08-14_12-30-50-083795_baseline,baseline,synchronized-expiry,1786710689.084000,39.000205,backend_throughput,all,2.444172869681146
2026-08-14_12-30-50-083795_baseline,baseline,synchronized-expiry,1786710690.084000,40.000205,backend_throughput,all,2.444172869681146
2026-08-14_12-30-50-083795_baseline,baseline,synchronized-expiry,1786710691.084000,41.000205,backend_throughput,all,2.4444444444444446
2026-08-14_12-30-50-083795_baseline,baseline,synchronized-expiry,1786710692.084000,42.000205,backend_throughput,all,2.444172869681146
2026-08-14_12-30-50-083795_baseline,baseline,synchronized-expiry,1786710693.084000,43.000205,backend_throughput,all,0.5554938340184423
2026-08-14_12-30-50-083795_baseline,baseline,synchronized-expiry,1786710694.084000,44.000205,backend_throughput,all,0.6665926008221308
2026-08-14_12-30-50-083795_baseline,baseline,synchronized-expiry,1786710695.084000,45.000205,backend_throughput,all,3.111111111111111
2026-08-14_12-30-50-083795_baseline,baseline,synchronized-expiry,1786710696.084000,46.000205,backend_throughput,all,3.111802622805068
2026-08-14_12-30-50-083795_baseline,baseline,synchronized-expiry,1786710697.084000,47.000205,backend_throughput,all,3.111456828536504
2026-08-14_12-30-50-083795_baseline,baseline,synchronized-expiry,1786710698.084000,48.000205,backend_throughput,all,3.111802622805068
2026-08-14_12-30-50-083795_baseline,baseline,synchronized-expiry,1786710699.084000,49.000205,backend_throughput,all,3.1114568285365043
2026-08-14_12-30-50-083795_baseline,baseline,synchronized-expiry,1786710700.084000,50.000205,backend_throughput,all,3.111456828536504
2026-08-14_12-30-50-083795_baseline,baseline,synchronized-expiry,1786710701.084000,51.000205,backend_throughput,all,3.111802622805068
2026-08-14_12-30-50-083795_baseline,baseline,synchronized-expiry,1786710702.084000,52.000205,backend_throughput,all,3.111802622805068
2026-08-14_12-30-50-083795_baseline,baseline,synchronized-expiry,1786710703.084000,53.000205,backend_throughput,all,2.444987775061125
2026-08-14_12-30-50-083795_baseline,baseline,synchronized-expiry,1786710704.084000,54.000205,backend_throughput,all,0
2026-08-14_12-30-50-083795_baseline,baseline,synchronized-expiry,1786710705.084000,55.000205,backend_throughput,all,1.777777777777778
2026-08-14_12-30-50-083795_baseline,baseline,synchronized-expiry,1786710706.084000,56.000205,backend_throughput,all,2.888567936895901
2026-08-14_12-30-50-083795_baseline,baseline,synchronized-expiry,1786710707.084000,57.000205,backend_throughput,all,2.8888888888888893
2026-08-14_12-30-50-083795_baseline,baseline,synchronized-expiry,1786710708.084000,58.000205,backend_throughput,all,2.889209912212468
2026-08-14_12-30-50-083795_baseline,baseline,synchronized-expiry,1786710709.084000,59.000205,backend_throughput,all,2.8888888888888893
2026-08-14_12-30-50-083795_baseline,baseline,synchronized-expiry,1786710710.084000,60.000205,backend_throughput,all,2.8888888888888893
2026-08-14_12-30-50-083795_baseline,baseline,synchronized-expiry,1786710650.084000,0.000205,active_backend_requests,all,0
2026-08-14_12-30-50-083795_baseline,baseline,synchronized-expiry,1786710651.084000,1.000205,active_backend_requests,all,0
2026-08-14_12-30-50-083795_baseline,baseline,synchronized-expiry,1786710652.084000,2.000205,active_backend_requests,all,0
2026-08-14_12-30-50-083795_baseline,baseline,synchronized-expiry,1786710653.084000,3.000205,active_backend_requests,all,0
2026-08-14_12-30-50-083795_baseline,baseline,synchronized-expiry,1786710654.084000,4.000205,active_backend_requests,all,0
2026-08-14_12-30-50-083795_baseline,baseline,synchronized-expiry,1786710655.084000,5.000205,active_backend_requests,all,0
2026-08-14_12-30-50-083795_baseline,baseline,synchronized-expiry,1786710656.084000,6.000205,active_backend_requests,all,0
2026-08-14_12-30-50-083795_baseline,baseline,synchronized-expiry,1786710657.084000,7.000205,active_backend_requests,all,0
2026-08-14_12-30-50-083795_baseline,baseline,synchronized-expiry,1786710658.084000,8.000205,active_backend_requests,all,0
2026-08-14_12-30-50-083795_baseline,baseline,synchronized-expiry,1786710659.084000,9.000205,active_backend_requests,all,0
2026-08-14_12-30-50-083795_baseline,baseline,synchronized-expiry,1786710660.084000,10.000205,active_backend_requests,all,0
2026-08-14_12-30-50-083795_baseline,baseline,synchronized-expiry,1786710661.084000,11.000205,active_backend_requests,all,0
2026-08-14_12-30-50-083795_baseline,baseline,synchronized-expiry,1786710662.084000,12.000205,active_backend_requests,all,17
2026-08-14_12-30-50-083795_baseline,baseline,synchronized-expiry,1786710663.084000,13.000205,active_backend_requests,all,6
2026-08-14_12-30-50-083795_baseline,baseline,synchronized-expiry,1786710664.084000,14.000205,active_backend_requests,all,0
2026-08-14_12-30-50-083795_baseline,baseline,synchronized-expiry,1786710665.084000,15.000205,active_backend_requests,all,0
2026-08-14_12-30-50-083795_baseline,baseline,synchronized-expiry,1786710666.084000,16.000205,active_backend_requests,all,0
2026-08-14_12-30-50-083795_baseline,baseline,synchronized-expiry,1786710667.084000,17.000205,active_backend_requests,all,0
2026-08-14_12-30-50-083795_baseline,baseline,synchronized-expiry,1786710668.084000,18.000205,active_backend_requests,all,0
2026-08-14_12-30-50-083795_baseline,baseline,synchronized-expiry,1786710669.084000,19.000205,active_backend_requests,all,0
2026-08-14_12-30-50-083795_baseline,baseline,synchronized-expiry,1786710670.084000,20.000205,active_backend_requests,all,0
2026-08-14_12-30-50-083795_baseline,baseline,synchronized-expiry,1786710671.084000,21.000205,active_backend_requests,all,0
2026-08-14_12-30-50-083795_baseline,baseline,synchronized-expiry,1786710672.084000,22.000205,active_backend_requests,all,0
2026-08-14_12-30-50-083795_baseline,baseline,synchronized-expiry,1786710673.084000,23.000205,active_backend_requests,all,13
2026-08-14_12-30-50-083795_baseline,baseline,synchronized-expiry,1786710674.084000,24.000205,active_backend_requests,all,2
2026-08-14_12-30-50-083795_baseline,baseline,synchronized-expiry,1786710675.084000,25.000205,active_backend_requests,all,0
2026-08-14_12-30-50-083795_baseline,baseline,synchronized-expiry,1786710676.084000,26.000205,active_backend_requests,all,0
2026-08-14_12-30-50-083795_baseline,baseline,synchronized-expiry,1786710677.084000,27.000205,active_backend_requests,all,0
2026-08-14_12-30-50-083795_baseline,baseline,synchronized-expiry,1786710678.084000,28.000205,active_backend_requests,all,0
2026-08-14_12-30-50-083795_baseline,baseline,synchronized-expiry,1786710679.084000,29.000205,active_backend_requests,all,0
2026-08-14_12-30-50-083795_baseline,baseline,synchronized-expiry,1786710680.084000,30.000205,active_backend_requests,all,0
2026-08-14_12-30-50-083795_baseline,baseline,synchronized-expiry,1786710681.084000,31.000205,active_backend_requests,all,0
2026-08-14_12-30-50-083795_baseline,baseline,synchronized-expiry,1786710682.084000,32.000205,active_backend_requests,all,0
2026-08-14_12-30-50-083795_baseline,baseline,synchronized-expiry,1786710683.084000,33.000205,active_backend_requests,all,0
2026-08-14_12-30-50-083795_baseline,baseline,synchronized-expiry,1786710684.084000,34.000205,active_backend_requests,all,4
2026-08-14_12-30-50-083795_baseline,baseline,synchronized-expiry,1786710685.084000,35.000205,active_backend_requests,all,0
2026-08-14_12-30-50-083795_baseline,baseline,synchronized-expiry,1786710686.084000,36.000205,active_backend_requests,all,0
2026-08-14_12-30-50-083795_baseline,baseline,synchronized-expiry,1786710687.084000,37.000205,active_backend_requests,all,0
2026-08-14_12-30-50-083795_baseline,baseline,synchronized-expiry,1786710688.084000,38.000205,active_backend_requests,all,0
2026-08-14_12-30-50-083795_baseline,baseline,synchronized-expiry,1786710689.084000,39.000205,active_backend_requests,all,0
2026-08-14_12-30-50-083795_baseline,baseline,synchronized-expiry,1786710690.084000,40.000205,active_backend_requests,all,0
2026-08-14_12-30-50-083795_baseline,baseline,synchronized-expiry,1786710691.084000,41.000205,active_backend_requests,all,0
2026-08-14_12-30-50-083795_baseline,baseline,synchronized-expiry,1786710692.084000,42.000205,active_backend_requests,all,0
2026-08-14_12-30-50-083795_baseline,baseline,synchronized-expiry,1786710693.084000,43.000205,active_backend_requests,all,0
2026-08-14_12-30-50-083795_baseline,baseline,synchronized-expiry,1786710694.084000,44.000205,active_backend_requests,all,1
2026-08-14_12-30-50-083795_baseline,baseline,synchronized-expiry,1786710695.084000,45.000205,active_backend_requests,all,6
2026-08-14_12-30-50-083795_baseline,baseline,synchronized-expiry,1786710696.084000,46.000205,active_backend_requests,all,0
2026-08-14_12-30-50-083795_baseline,baseline,synchronized-expiry,1786710697.084000,47.000205,active_backend_requests,all,0
2026-08-14_12-30-50-083795_baseline,baseline,synchronized-expiry,1786710698.084000,48.000205,active_backend_requests,all,0
2026-08-14_12-30-50-083795_baseline,baseline,synchronized-expiry,1786710699.084000,49.000205,active_backend_requests,all,0
2026-08-14_12-30-50-083795_baseline,baseline,synchronized-expiry,1786710700.084000,50.000205,active_backend_requests,all,0
2026-08-14_12-30-50-083795_baseline,baseline,synchronized-expiry,1786710701.084000,51.000205,active_backend_requests,all,0
2026-08-14_12-30-50-083795_baseline,baseline,synchronized-expiry,1786710702.084000,52.000205,active_backend_requests,all,0
2026-08-14_12-30-50-083795_baseline,baseline,synchronized-expiry,1786710703.084000,53.000205,active_backend_requests,all,0
2026-08-14_12-30-50-083795_baseline,baseline,synchronized-expiry,1786710704.084000,54.000205,active_backend_requests,all,0
2026-08-14_12-30-50-083795_baseline,baseline,synchronized-expiry,1786710705.084000,55.000205,active_backend_requests,all,10
2026-08-14_12-30-50-083795_baseline,baseline,synchronized-expiry,1786710706.084000,56.000205,active_backend_requests,all,0
2026-08-14_12-30-50-083795_baseline,baseline,synchronized-expiry,1786710707.084000,57.000205,active_backend_requests,all,0
2026-08-14_12-30-50-083795_baseline,baseline,synchronized-expiry,1786710708.084000,58.000205,active_backend_requests,all,0
2026-08-14_12-30-50-083795_baseline,baseline,synchronized-expiry,1786710709.084000,59.000205,active_backend_requests,all,0
2026-08-14_12-30-50-083795_baseline,baseline,synchronized-expiry,1786710710.084000,60.000205,active_backend_requests,all,0
2026-08-14_12-30-50-083795_baseline,baseline,synchronized-expiry,1786710650.084000,0.000205,failed_request_ratio,all,0
2026-08-14_12-30-50-083795_baseline,baseline,synchronized-expiry,1786710651.084000,1.000205,failed_request_ratio,all,0
2026-08-14_12-30-50-083795_baseline,baseline,synchronized-expiry,1786710652.084000,2.000205,failed_request_ratio,all,0
2026-08-14_12-30-50-083795_baseline,baseline,synchronized-expiry,1786710653.084000,3.000205,failed_request_ratio,all,0
2026-08-14_12-30-50-083795_baseline,baseline,synchronized-expiry,1786710654.084000,4.000205,failed_request_ratio,all,0
2026-08-14_12-30-50-083795_baseline,baseline,synchronized-expiry,1786710655.084000,5.000205,failed_request_ratio,all,0
2026-08-14_12-30-50-083795_baseline,baseline,synchronized-expiry,1786710656.084000,6.000205,failed_request_ratio,all,0
2026-08-14_12-30-50-083795_baseline,baseline,synchronized-expiry,1786710657.084000,7.000205,failed_request_ratio,all,0
2026-08-14_12-30-50-083795_baseline,baseline,synchronized-expiry,1786710658.084000,8.000205,failed_request_ratio,all,0
2026-08-14_12-30-50-083795_baseline,baseline,synchronized-expiry,1786710659.084000,9.000205,failed_request_ratio,all,0
2026-08-14_12-30-50-083795_baseline,baseline,synchronized-expiry,1786710660.084000,10.000205,failed_request_ratio,all,0
2026-08-14_12-30-50-083795_baseline,baseline,synchronized-expiry,1786710661.084000,11.000205,failed_request_ratio,all,0
2026-08-14_12-30-50-083795_baseline,baseline,synchronized-expiry,1786710662.084000,12.000205,failed_request_ratio,all,0
2026-08-14_12-30-50-083795_baseline,baseline,synchronized-expiry,1786710663.084000,13.000205,failed_request_ratio,all,0
2026-08-14_12-30-50-083795_baseline,baseline,synchronized-expiry,1786710664.084000,14.000205,failed_request_ratio,all,0
2026-08-14_12-30-50-083795_baseline,baseline,synchronized-expiry,1786710665.084000,15.000205,failed_request_ratio,all,0
2026-08-14_12-30-50-083795_baseline,baseline,synchronized-expiry,1786710666.084000,16.000205,failed_request_ratio,all,0
2026-08-14_12-30-50-083795_baseline,baseline,synchronized-expiry,1786710667.084000,17.000205,failed_request_ratio,all,0
2026-08-14_12-30-50-083795_baseline,baseline,synchronized-expiry,1786710668.084000,18.000205,failed_request_ratio,all,0
2026-08-14_12-30-50-083795_baseline,baseline,synchronized-expiry,1786710669.084000,19.000205,failed_request_ratio,all,0
2026-08-14_12-30-50-083795_baseline,baseline,synchronized-expiry,1786710670.084000,20.000205,failed_request_ratio,all,0
2026-08-14_12-30-50-083795_baseline,baseline,synchronized-expiry,1786710671.084000,21.000205,failed_request_ratio,all,0
2026-08-14_12-30-50-083795_baseline,baseline,synchronized-expiry,1786710672.084000,22.000205,failed_request_ratio,all,0
2026-08-14_12-30-50-083795_baseline,baseline,synchronized-expiry,1786710673.084000,23.000205,failed_request_ratio,all,0
2026-08-14_12-30-50-083795_baseline,baseline,synchronized-expiry,1786710674.084000,24.000205,failed_request_ratio,all,0
2026-08-14_12-30-50-083795_baseline,baseline,synchronized-expiry,1786710675.084000,25.000205,failed_request_ratio,all,0
2026-08-14_12-30-50-083795_baseline,baseline,synchronized-expiry,1786710676.084000,26.000205,failed_request_ratio,all,0
2026-08-14_12-30-50-083795_baseline,baseline,synchronized-expiry,1786710677.084000,27.000205,failed_request_ratio,all,0
2026-08-14_12-30-50-083795_baseline,baseline,synchronized-expiry,1786710678.084000,28.000205,failed_request_ratio,all,0
2026-08-14_12-30-50-083795_baseline,baseline,synchronized-expiry,1786710679.084000,29.000205,failed_request_ratio,all,0
2026-08-14_12-30-50-083795_baseline,baseline,synchronized-expiry,1786710680.084000,30.000205,failed_request_ratio,all,0
2026-08-14_12-30-50-083795_baseline,baseline,synchronized-expiry,1786710681.084000,31.000205,failed_request_ratio,all,0
2026-08-14_12-30-50-083795_baseline,baseline,synchronized-expiry,1786710682.084000,32.000205,failed_request_ratio,all,0
2026-08-14_12-30-50-083795_baseline,baseline,synchronized-expiry,1786710683.084000,33.000205,failed_request_ratio,all,0
2026-08-14_12-30-50-083795_baseline,baseline,synchronized-expiry,1786710684.084000,34.000205,failed_request_ratio,all,0
2026-08-14_12-30-50-083795_baseline,baseline,synchronized-expiry,1786710685.084000,35.000205,failed_request_ratio,all,0
2026-08-14_12-30-50-083795_baseline,baseline,synchronized-expiry,1786710686.084000,36.000205,failed_request_ratio,all,0
2026-08-14_12-30-50-083795_baseline,baseline,synchronized-expiry,1786710687.084000,37.000205,failed_request_ratio,all,0
2026-08-14_12-30-50-083795_baseline,baseline,synchronized-expiry,1786710688.084000,38.000205,failed_request_ratio,all,0
2026-08-14_12-30-50-083795_baseline,baseline,synchronized-expiry,1786710689.084000,39.000205,failed_request_ratio,all,0
2026-08-14_12-30-50-083795_baseline,baseline,synchronized-expiry,1786710690.084000,40.000205,failed_request_ratio,all,0
2026-08-14_12-30-50-083795_baseline,baseline,synchronized-expiry,1786710691.084000,41.000205,failed_request_ratio,all,0
2026-08-14_12-30-50-083795_baseline,baseline,synchronized-expiry,1786710692.084000,42.000205,failed_request_ratio,all,0
2026-08-14_12-30-50-083795_baseline,baseline,synchronized-expiry,1786710693.084000,43.000205,failed_request_ratio,all,0
2026-08-14_12-30-50-083795_baseline,baseline,synchronized-expiry,1786710694.084000,44.000205,failed_request_ratio,all,0
2026-08-14_12-30-50-083795_baseline,baseline,synchronized-expiry,1786710695.084000,45.000205,failed_request_ratio,all,0
2026-08-14_12-30-50-083795_baseline,baseline,synchronized-expiry,1786710696.084000,46.000205,failed_request_ratio,all,0
2026-08-14_12-30-50-083795_baseline,baseline,synchronized-expiry,1786710697.084000,47.000205,failed_request_ratio,all,0
2026-08-14_12-30-50-083795_baseline,baseline,synchronized-expiry,1786710698.084000,48.000205,failed_request_ratio,all,0
2026-08-14_12-30-50-083795_baseline,baseline,synchronized-expiry,1786710699.084000,49.000205,failed_request_ratio,all,0
2026-08-14_12-30-50-083795_baseline,baseline,synchronized-expiry,1786710700.084000,50.000205,failed_request_ratio,all,0
2026-08-14_12-30-50-083795_baseline,baseline,synchronized-expiry,1786710701.084000,51.000205,failed_request_ratio,all,0
2026-08-14_12-30-50-083795_baseline,baseline,synchronized-expiry,1786710702.084000,52.000205,failed_request_ratio,all,0
2026-08-14_12-30-50-083795_baseline,baseline,synchronized-expiry,1786710703.084000,53.000205,failed_request_ratio,all,0
2026-08-14_12-30-50-083795_baseline,baseline,synchronized-expiry,1786710704.084000,54.000205,failed_request_ratio,all,0
2026-08-14_12-30-50-083795_baseline,baseline,synchronized-expiry,1786710705.084000,55.000205,failed_request_ratio,all,0
2026-08-14_12-30-50-083795_baseline,baseline,synchronized-expiry,1786710706.084000,56.000205,failed_request_ratio,all,0
2026-08-14_12-30-50-083795_baseline,baseline,synchronized-expiry,1786710707.084000,57.000205,failed_request_ratio,all,0
2026-08-14_12-30-50-083795_baseline,baseline,synchronized-expiry,1786710708.084000,58.000205,failed_request_ratio,all,0
2026-08-14_12-30-50-083795_baseline,baseline,synchronized-expiry,1786710709.084000,59.000205,failed_request_ratio,all,0
2026-08-14_12-30-50-083795_baseline,baseline,synchronized-expiry,1786710710.084000,60.000205,failed_request_ratio,all,0
2026-08-14_12-30-50-083795_baseline,baseline,synchronized-expiry,1786710650.084000,0.000205,singleflight_waiting_requests,all,0
2026-08-14_12-30-50-083795_baseline,baseline,synchronized-expiry,1786710651.084000,1.000205,singleflight_waiting_requests,all,0
2026-08-14_12-30-50-083795_baseline,baseline,synchronized-expiry,1786710652.084000,2.000205,singleflight_waiting_requests,all,0
2026-08-14_12-30-50-083795_baseline,baseline,synchronized-expiry,1786710653.084000,3.000205,singleflight_waiting_requests,all,0
2026-08-14_12-30-50-083795_baseline,baseline,synchronized-expiry,1786710654.084000,4.000205,singleflight_waiting_requests,all,0
2026-08-14_12-30-50-083795_baseline,baseline,synchronized-expiry,1786710655.084000,5.000205,singleflight_waiting_requests,all,0
2026-08-14_12-30-50-083795_baseline,baseline,synchronized-expiry,1786710656.084000,6.000205,singleflight_waiting_requests,all,0
2026-08-14_12-30-50-083795_baseline,baseline,synchronized-expiry,1786710657.084000,7.000205,singleflight_waiting_requests,all,0
2026-08-14_12-30-50-083795_baseline,baseline,synchronized-expiry,1786710658.084000,8.000205,singleflight_waiting_requests,all,0
2026-08-14_12-30-50-083795_baseline,baseline,synchronized-expiry,1786710659.084000,9.000205,singleflight_waiting_requests,all,0
2026-08-14_12-30-50-083795_baseline,baseline,synchronized-expiry,1786710660.084000,10.000205,singleflight_waiting_requests,all,0
2026-08-14_12-30-50-083795_baseline,baseline,synchronized-expiry,1786710661.084000,11.000205,singleflight_waiting_requests,all,0
2026-08-14_12-30-50-083795_baseline,baseline,synchronized-expiry,1786710662.084000,12.000205,singleflight_waiting_requests,all,0
2026-08-14_12-30-50-083795_baseline,baseline,synchronized-expiry,1786710663.084000,13.000205,singleflight_waiting_requests,all,0
2026-08-14_12-30-50-083795_baseline,baseline,synchronized-expiry,1786710664.084000,14.000205,singleflight_waiting_requests,all,0
2026-08-14_12-30-50-083795_baseline,baseline,synchronized-expiry,1786710665.084000,15.000205,singleflight_waiting_requests,all,0
2026-08-14_12-30-50-083795_baseline,baseline,synchronized-expiry,1786710666.084000,16.000205,singleflight_waiting_requests,all,0
2026-08-14_12-30-50-083795_baseline,baseline,synchronized-expiry,1786710667.084000,17.000205,singleflight_waiting_requests,all,0
2026-08-14_12-30-50-083795_baseline,baseline,synchronized-expiry,1786710668.084000,18.000205,singleflight_waiting_requests,all,0
2026-08-14_12-30-50-083795_baseline,baseline,synchronized-expiry,1786710669.084000,19.000205,singleflight_waiting_requests,all,0
2026-08-14_12-30-50-083795_baseline,baseline,synchronized-expiry,1786710670.084000,20.000205,singleflight_waiting_requests,all,0
2026-08-14_12-30-50-083795_baseline,baseline,synchronized-expiry,1786710671.084000,21.000205,singleflight_waiting_requests,all,0
2026-08-14_12-30-50-083795_baseline,baseline,synchronized-expiry,1786710672.084000,22.000205,singleflight_waiting_requests,all,0
2026-08-14_12-30-50-083795_baseline,baseline,synchronized-expiry,1786710673.084000,23.000205,singleflight_waiting_requests,all,0
2026-08-14_12-30-50-083795_baseline,baseline,synchronized-expiry,1786710674.084000,24.000205,singleflight_waiting_requests,all,0
2026-08-14_12-30-50-083795_baseline,baseline,synchronized-expiry,1786710675.084000,25.000205,singleflight_waiting_requests,all,0
2026-08-14_12-30-50-083795_baseline,baseline,synchronized-expiry,1786710676.084000,26.000205,singleflight_waiting_requests,all,0
2026-08-14_12-30-50-083795_baseline,baseline,synchronized-expiry,1786710677.084000,27.000205,singleflight_waiting_requests,all,0
2026-08-14_12-30-50-083795_baseline,baseline,synchronized-expiry,1786710678.084000,28.000205,singleflight_waiting_requests,all,0
2026-08-14_12-30-50-083795_baseline,baseline,synchronized-expiry,1786710679.084000,29.000205,singleflight_waiting_requests,all,0
2026-08-14_12-30-50-083795_baseline,baseline,synchronized-expiry,1786710680.084000,30.000205,singleflight_waiting_requests,all,0
2026-08-14_12-30-50-083795_baseline,baseline,synchronized-expiry,1786710681.084000,31.000205,singleflight_waiting_requests,all,0
2026-08-14_12-30-50-083795_baseline,baseline,synchronized-expiry,1786710682.084000,32.000205,singleflight_waiting_requests,all,0
2026-08-14_12-30-50-083795_baseline,baseline,synchronized-expiry,1786710683.084000,33.000205,singleflight_waiting_requests,all,0
2026-08-14_12-30-50-083795_baseline,baseline,synchronized-expiry,1786710684.084000,34.000205,singleflight_waiting_requests,all,0
2026-08-14_12-30-50-083795_baseline,baseline,synchronized-expiry,1786710685.084000,35.000205,singleflight_waiting_requests,all,0
2026-08-14_12-30-50-083795_baseline,baseline,synchronized-expiry,1786710686.084000,36.000205,singleflight_waiting_requests,all,0
2026-08-14_12-30-50-083795_baseline,baseline,synchronized-expiry,1786710687.084000,37.000205,singleflight_waiting_requests,all,0
2026-08-14_12-30-50-083795_baseline,baseline,synchronized-expiry,1786710688.084000,38.000205,singleflight_waiting_requests,all,0
2026-08-14_12-30-50-083795_baseline,baseline,synchronized-expiry,1786710689.084000,39.000205,singleflight_waiting_requests,all,0
2026-08-14_12-30-50-083795_baseline,baseline,synchronized-expiry,1786710690.084000,40.000205,singleflight_waiting_requests,all,0
2026-08-14_12-30-50-083795_baseline,baseline,synchronized-expiry,1786710691.084000,41.000205,singleflight_waiting_requests,all,0
2026-08-14_12-30-50-083795_baseline,baseline,synchronized-expiry,1786710692.084000,42.000205,singleflight_waiting_requests,all,0
2026-08-14_12-30-50-083795_baseline,baseline,synchronized-expiry,1786710693.084000,43.000205,singleflight_waiting_requests,all,0
2026-08-14_12-30-50-083795_baseline,baseline,synchronized-expiry,1786710694.084000,44.000205,singleflight_waiting_requests,all,0
2026-08-14_12-30-50-083795_baseline,baseline,synchronized-expiry,1786710695.084000,45.000205,singleflight_waiting_requests,all,0
2026-08-14_12-30-50-083795_baseline,baseline,synchronized-expiry,1786710696.084000,46.000205,singleflight_waiting_requests,all,0
2026-08-14_12-30-50-083795_baseline,baseline,synchronized-expiry,1786710697.084000,47.000205,singleflight_waiting_requests,all,0
2026-08-14_12-30-50-083795_baseline,baseline,synchronized-expiry,1786710698.084000,48.000205,singleflight_waiting_requests,all,0
2026-08-14_12-30-50-083795_baseline,baseline,synchronized-expiry,1786710699.084000,49.000205,singleflight_waiting_requests,all,0
2026-08-14_12-30-50-083795_baseline,baseline,synchronized-expiry,1786710700.084000,50.000205,singleflight_waiting_requests,all,0
2026-08-14_12-30-50-083795_baseline,baseline,synchronized-expiry,1786710701.084000,51.000205,singleflight_waiting_requests,all,0
2026-08-14_12-30-50-083795_baseline,baseline,synchronized-expiry,1786710702.084000,52.000205,singleflight_waiting_requests,all,0
2026-08-14_12-30-50-083795_baseline,baseline,synchronized-expiry,1786710703.084000,53.000205,singleflight_waiting_requests,all,0
2026-08-14_12-30-50-083795_baseline,baseline,synchronized-expiry,1786710704.084000,54.000205,singleflight_waiting_requests,all,0
2026-08-14_12-30-50-083795_baseline,baseline,synchronized-expiry,1786710705.084000,55.000205,singleflight_waiting_requests,all,0
2026-08-14_12-30-50-083795_baseline,baseline,synchronized-expiry,1786710706.084000,56.000205,singleflight_waiting_requests,all,0
2026-08-14_12-30-50-083795_baseline,baseline,synchronized-expiry,1786710707.084000,57.000205,singleflight_waiting_requests,all,0
2026-08-14_12-30-50-083795_baseline,baseline,synchronized-expiry,1786710708.084000,58.000205,singleflight_waiting_requests,all,0
2026-08-14_12-30-50-083795_baseline,baseline,synchronized-expiry,1786710709.084000,59.000205,singleflight_waiting_requests,all,0
2026-08-14_12-30-50-083795_baseline,baseline,synchronized-expiry,1786710710.084000,60.000205,singleflight_waiting_requests,all,0
2026-08-14_12-30-50-083795_baseline,baseline,synchronized-expiry,1786710652.084000,2.000205,faf_by_key,key=/api/backend/1,1
2026-08-14_12-30-50-083795_baseline,baseline,synchronized-expiry,1786710653.084000,3.000205,faf_by_key,key=/api/backend/1,1
2026-08-14_12-30-50-083795_baseline,baseline,synchronized-expiry,1786710654.084000,4.000205,faf_by_key,key=/api/backend/1,1
2026-08-14_12-30-50-083795_baseline,baseline,synchronized-expiry,1786710655.084000,5.000205,faf_by_key,key=/api/backend/1,1
2026-08-14_12-30-50-083795_baseline,baseline,synchronized-expiry,1786710656.084000,6.000205,faf_by_key,key=/api/backend/1,1
2026-08-14_12-30-50-083795_baseline,baseline,synchronized-expiry,1786710657.084000,7.000205,faf_by_key,key=/api/backend/1,1
2026-08-14_12-30-50-083795_baseline,baseline,synchronized-expiry,1786710658.084000,8.000205,faf_by_key,key=/api/backend/1,1
2026-08-14_12-30-50-083795_baseline,baseline,synchronized-expiry,1786710659.084000,9.000205,faf_by_key,key=/api/backend/1,1
2026-08-14_12-30-50-083795_baseline,baseline,synchronized-expiry,1786710660.084000,10.000205,faf_by_key,key=/api/backend/1,1
2026-08-14_12-30-50-083795_baseline,baseline,synchronized-expiry,1786710661.084000,11.000205,faf_by_key,key=/api/backend/1,1
2026-08-14_12-30-50-083795_baseline,baseline,synchronized-expiry,1786710662.084000,12.000205,faf_by_key,key=/api/backend/1,4
2026-08-14_12-30-50-083795_baseline,baseline,synchronized-expiry,1786710663.084000,13.000205,faf_by_key,key=/api/backend/1,4
2026-08-14_12-30-50-083795_baseline,baseline,synchronized-expiry,1786710664.084000,14.000205,faf_by_key,key=/api/backend/1,4
2026-08-14_12-30-50-083795_baseline,baseline,synchronized-expiry,1786710665.084000,15.000205,faf_by_key,key=/api/backend/1,4
2026-08-14_12-30-50-083795_baseline,baseline,synchronized-expiry,1786710666.084000,16.000205,faf_by_key,key=/api/backend/1,4
2026-08-14_12-30-50-083795_baseline,baseline,synchronized-expiry,1786710667.084000,17.000205,faf_by_key,key=/api/backend/1,4
2026-08-14_12-30-50-083795_baseline,baseline,synchronized-expiry,1786710668.084000,18.000205,faf_by_key,key=/api/backend/1,4
2026-08-14_12-30-50-083795_baseline,baseline,synchronized-expiry,1786710669.084000,19.000205,faf_by_key,key=/api/backend/1,4
2026-08-14_12-30-50-083795_baseline,baseline,synchronized-expiry,1786710670.084000,20.000205,faf_by_key,key=/api/backend/1,4
2026-08-14_12-30-50-083795_baseline,baseline,synchronized-expiry,1786710671.084000,21.000205,faf_by_key,key=/api/backend/1,4
2026-08-14_12-30-50-083795_baseline,baseline,synchronized-expiry,1786710672.084000,22.000205,faf_by_key,key=/api/backend/1,4
2026-08-14_12-30-50-083795_baseline,baseline,synchronized-expiry,1786710673.084000,23.000205,faf_by_key,key=/api/backend/1,5.333333333333333
2026-08-14_12-30-50-083795_baseline,baseline,synchronized-expiry,1786710674.084000,24.000205,faf_by_key,key=/api/backend/1,5.333333333333333
2026-08-14_12-30-50-083795_baseline,baseline,synchronized-expiry,1786710675.084000,25.000205,faf_by_key,key=/api/backend/1,5.333333333333333
2026-08-14_12-30-50-083795_baseline,baseline,synchronized-expiry,1786710676.084000,26.000205,faf_by_key,key=/api/backend/1,5.333333333333333
2026-08-14_12-30-50-083795_baseline,baseline,synchronized-expiry,1786710677.084000,27.000205,faf_by_key,key=/api/backend/1,5.333333333333333
2026-08-14_12-30-50-083795_baseline,baseline,synchronized-expiry,1786710678.084000,28.000205,faf_by_key,key=/api/backend/1,5.333333333333333
2026-08-14_12-30-50-083795_baseline,baseline,synchronized-expiry,1786710679.084000,29.000205,faf_by_key,key=/api/backend/1,5.333333333333333
2026-08-14_12-30-50-083795_baseline,baseline,synchronized-expiry,1786710680.084000,30.000205,faf_by_key,key=/api/backend/1,5.333333333333333
2026-08-14_12-30-50-083795_baseline,baseline,synchronized-expiry,1786710681.084000,31.000205,faf_by_key,key=/api/backend/1,5.333333333333333
2026-08-14_12-30-50-083795_baseline,baseline,synchronized-expiry,1786710682.084000,32.000205,faf_by_key,key=/api/backend/1,5.333333333333333
2026-08-14_12-30-50-083795_baseline,baseline,synchronized-expiry,1786710683.084000,33.000205,faf_by_key,key=/api/backend/1,5.333333333333333
2026-08-14_12-30-50-083795_baseline,baseline,synchronized-expiry,1786710684.084000,34.000205,faf_by_key,key=/api/backend/1,6.5
2026-08-14_12-30-50-083795_baseline,baseline,synchronized-expiry,1786710685.084000,35.000205,faf_by_key,key=/api/backend/1,6.5
2026-08-14_12-30-50-083795_baseline,baseline,synchronized-expiry,1786710686.084000,36.000205,faf_by_key,key=/api/backend/1,6.5
2026-08-14_12-30-50-083795_baseline,baseline,synchronized-expiry,1786710687.084000,37.000205,faf_by_key,key=/api/backend/1,6.5
2026-08-14_12-30-50-083795_baseline,baseline,synchronized-expiry,1786710688.084000,38.000205,faf_by_key,key=/api/backend/1,6.5
2026-08-14_12-30-50-083795_baseline,baseline,synchronized-expiry,1786710689.084000,39.000205,faf_by_key,key=/api/backend/1,6.5
2026-08-14_12-30-50-083795_baseline,baseline,synchronized-expiry,1786710690.084000,40.000205,faf_by_key,key=/api/backend/1,6.5
2026-08-14_12-30-50-083795_baseline,baseline,synchronized-expiry,1786710691.084000,41.000205,faf_by_key,key=/api/backend/1,6.5
2026-08-14_12-30-50-083795_baseline,baseline,synchronized-expiry,1786710692.084000,42.000205,faf_by_key,key=/api/backend/1,6.5
2026-08-14_12-30-50-083795_baseline,baseline,synchronized-expiry,1786710693.084000,43.000205,faf_by_key,key=/api/backend/1,6.5
2026-08-14_12-30-50-083795_baseline,baseline,synchronized-expiry,1786710694.084000,44.000205,faf_by_key,key=/api/backend/1,7.25
2026-08-14_12-30-50-083795_baseline,baseline,synchronized-expiry,1786710695.084000,45.000205,faf_by_key,key=/api/backend/1,7.6
2026-08-14_12-30-50-083795_baseline,baseline,synchronized-expiry,1786710696.084000,46.000205,faf_by_key,key=/api/backend/1,7.6
2026-08-14_12-30-50-083795_baseline,baseline,synchronized-expiry,1786710697.084000,47.000205,faf_by_key,key=/api/backend/1,7.6
2026-08-14_12-30-50-083795_baseline,baseline,synchronized-expiry,1786710698.084000,48.000205,faf_by_key,key=/api/backend/1,7.6
2026-08-14_12-30-50-083795_baseline,baseline,synchronized-expiry,1786710699.084000,49.000205,faf_by_key,key=/api/backend/1,7.6
2026-08-14_12-30-50-083795_baseline,baseline,synchronized-expiry,1786710700.084000,50.000205,faf_by_key,key=/api/backend/1,7.6
2026-08-14_12-30-50-083795_baseline,baseline,synchronized-expiry,1786710701.084000,51.000205,faf_by_key,key=/api/backend/1,7.6
2026-08-14_12-30-50-083795_baseline,baseline,synchronized-expiry,1786710702.084000,52.000205,faf_by_key,key=/api/backend/1,7.6
2026-08-14_12-30-50-083795_baseline,baseline,synchronized-expiry,1786710703.084000,53.000205,faf_by_key,key=/api/backend/1,7.6
2026-08-14_12-30-50-083795_baseline,baseline,synchronized-expiry,1786710704.084000,54.000205,faf_by_key,key=/api/backend/1,7.6
2026-08-14_12-30-50-083795_baseline,baseline,synchronized-expiry,1786710705.084000,55.000205,faf_by_key,key=/api/backend/1,8.6
2026-08-14_12-30-50-083795_baseline,baseline,synchronized-expiry,1786710706.084000,56.000205,faf_by_key,key=/api/backend/1,8.166666666666666
2026-08-14_12-30-50-083795_baseline,baseline,synchronized-expiry,1786710707.084000,57.000205,faf_by_key,key=/api/backend/1,8.166666666666666
2026-08-14_12-30-50-083795_baseline,baseline,synchronized-expiry,1786710708.084000,58.000205,faf_by_key,key=/api/backend/1,8.166666666666666
2026-08-14_12-30-50-083795_baseline,baseline,synchronized-expiry,1786710709.084000,59.000205,faf_by_key,key=/api/backend/1,8.166666666666666
2026-08-14_12-30-50-083795_baseline,baseline,synchronized-expiry,1786710710.084000,60.000205,faf_by_key,key=/api/backend/1,8.166666666666666
2026-08-14_12-30-50-083795_baseline,baseline,synchronized-expiry,1786710652.084000,2.000205,faf_by_key,key=/api/backend/2,1
2026-08-14_12-30-50-083795_baseline,baseline,synchronized-expiry,1786710653.084000,3.000205,faf_by_key,key=/api/backend/2,1
2026-08-14_12-30-50-083795_baseline,baseline,synchronized-expiry,1786710654.084000,4.000205,faf_by_key,key=/api/backend/2,1
2026-08-14_12-30-50-083795_baseline,baseline,synchronized-expiry,1786710655.084000,5.000205,faf_by_key,key=/api/backend/2,1
2026-08-14_12-30-50-083795_baseline,baseline,synchronized-expiry,1786710656.084000,6.000205,faf_by_key,key=/api/backend/2,1
2026-08-14_12-30-50-083795_baseline,baseline,synchronized-expiry,1786710657.084000,7.000205,faf_by_key,key=/api/backend/2,1
2026-08-14_12-30-50-083795_baseline,baseline,synchronized-expiry,1786710658.084000,8.000205,faf_by_key,key=/api/backend/2,1
2026-08-14_12-30-50-083795_baseline,baseline,synchronized-expiry,1786710659.084000,9.000205,faf_by_key,key=/api/backend/2,1
2026-08-14_12-30-50-083795_baseline,baseline,synchronized-expiry,1786710660.084000,10.000205,faf_by_key,key=/api/backend/2,1
2026-08-14_12-30-50-083795_baseline,baseline,synchronized-expiry,1786710661.084000,11.000205,faf_by_key,key=/api/backend/2,1
2026-08-14_12-30-50-083795_baseline,baseline,synchronized-expiry,1786710662.084000,12.000205,faf_by_key,key=/api/backend/2,3
2026-08-14_12-30-50-083795_baseline,baseline,synchronized-expiry,1786710663.084000,13.000205,faf_by_key,key=/api/backend/2,3
2026-08-14_12-30-50-083795_baseline,baseline,synchronized-expiry,1786710664.084000,14.000205,faf_by_key,key=/api/backend/2,3
2026-08-14_12-30-50-083795_baseline,baseline,synchronized-expiry,1786710665.084000,15.000205,faf_by_key,key=/api/backend/2,3
2026-08-14_12-30-50-083795_baseline,baseline,synchronized-expiry,1786710666.084000,16.000205,faf_by_key,key=/api/backend/2,3
2026-08-14_12-30-50-083795_baseline,baseline,synchronized-expiry,1786710667.084000,17.000205,faf_by_key,key=/api/backend/2,3
2026-08-14_12-30-50-083795_baseline,baseline,synchronized-expiry,1786710668.084000,18.000205,faf_by_key,key=/api/backend/2,3
2026-08-14_12-30-50-083795_baseline,baseline,synchronized-expiry,1786710669.084000,19.000205,faf_by_key,key=/api/backend/2,3
2026-08-14_12-30-50-083795_baseline,baseline,synchronized-expiry,1786710670.084000,20.000205,faf_by_key,key=/api/backend/2,3
2026-08-14_12-30-50-083795_baseline,baseline,synchronized-expiry,1786710671.084000,21.000205,faf_by_key,key=/api/backend/2,3
2026-08-14_12-30-50-083795_baseline,baseline,synchronized-expiry,1786710672.084000,22.000205,faf_by_key,key=/api/backend/2,3
2026-08-14_12-30-50-083795_baseline,baseline,synchronized-expiry,1786710673.084000,23.000205,faf_by_key,key=/api/backend/2,4.666666666666667
2026-08-14_12-30-50-083795_baseline,baseline,synchronized-expiry,1786710674.084000,24.000205,faf_by_key,key=/api/backend/2,4.666666666666667
2026-08-14_12-30-50-083795_baseline,baseline,synchronized-expiry,1786710675.084000,25.000205,faf_by_key,key=/api/backend/2,4.666666666666667
2026-08-14_12-30-50-083795_baseline,baseline,synchronized-expiry,1786710676.084000,26.000205,faf_by_key,key=/api/backend/2,4.666666666666667
2026-08-14_12-30-50-083795_baseline,baseline,synchronized-expiry,1786710677.084000,27.000205,faf_by_key,key=/api/backend/2,4.666666666666667
2026-08-14_12-30-50-083795_baseline,baseline,synchronized-expiry,1786710678.084000,28.000205,faf_by_key,key=/api/backend/2,4.666666666666667
2026-08-14_12-30-50-083795_baseline,baseline,synchronized-expiry,1786710679.084000,29.000205,faf_by_key,key=/api/backend/2,4.666666666666667
2026-08-14_12-30-50-083795_baseline,baseline,synchronized-expiry,1786710680.084000,30.000205,faf_by_key,key=/api/backend/2,4.666666666666667
2026-08-14_12-30-50-083795_baseline,baseline,synchronized-expiry,1786710681.084000,31.000205,faf_by_key,key=/api/backend/2,4.666666666666667
2026-08-14_12-30-50-083795_baseline,baseline,synchronized-expiry,1786710682.084000,32.000205,faf_by_key,key=/api/backend/2,4.666666666666667
2026-08-14_12-30-50-083795_baseline,baseline,synchronized-expiry,1786710683.084000,33.000205,faf_by_key,key=/api/backend/2,4.666666666666667
2026-08-14_12-30-50-083795_baseline,baseline,synchronized-expiry,1786710684.084000,34.000205,faf_by_key,key=/api/backend/2,4.5
2026-08-14_12-30-50-083795_baseline,baseline,synchronized-expiry,1786710685.084000,35.000205,faf_by_key,key=/api/backend/2,4.5
2026-08-14_12-30-50-083795_baseline,baseline,synchronized-expiry,1786710686.084000,36.000205,faf_by_key,key=/api/backend/2,4.5
2026-08-14_12-30-50-083795_baseline,baseline,synchronized-expiry,1786710687.084000,37.000205,faf_by_key,key=/api/backend/2,4.5
2026-08-14_12-30-50-083795_baseline,baseline,synchronized-expiry,1786710688.084000,38.000205,faf_by_key,key=/api/backend/2,4.5
2026-08-14_12-30-50-083795_baseline,baseline,synchronized-expiry,1786710689.084000,39.000205,faf_by_key,key=/api/backend/2,4.5
2026-08-14_12-30-50-083795_baseline,baseline,synchronized-expiry,1786710690.084000,40.000205,faf_by_key,key=/api/backend/2,4.5
2026-08-14_12-30-50-083795_baseline,baseline,synchronized-expiry,1786710691.084000,41.000205,faf_by_key,key=/api/backend/2,4.5
2026-08-14_12-30-50-083795_baseline,baseline,synchronized-expiry,1786710692.084000,42.000205,faf_by_key,key=/api/backend/2,4.5
2026-08-14_12-30-50-083795_baseline,baseline,synchronized-expiry,1786710693.084000,43.000205,faf_by_key,key=/api/backend/2,4.5
2026-08-14_12-30-50-083795_baseline,baseline,synchronized-expiry,1786710694.084000,44.000205,faf_by_key,key=/api/backend/2,4.8
2026-08-14_12-30-50-083795_baseline,baseline,synchronized-expiry,1786710695.084000,45.000205,faf_by_key,key=/api/backend/2,4.8
2026-08-14_12-30-50-083795_baseline,baseline,synchronized-expiry,1786710696.084000,46.000205,faf_by_key,key=/api/backend/2,4.8
2026-08-14_12-30-50-083795_baseline,baseline,synchronized-expiry,1786710697.084000,47.000205,faf_by_key,key=/api/backend/2,4.8
2026-08-14_12-30-50-083795_baseline,baseline,synchronized-expiry,1786710698.084000,48.000205,faf_by_key,key=/api/backend/2,4.8
2026-08-14_12-30-50-083795_baseline,baseline,synchronized-expiry,1786710699.084000,49.000205,faf_by_key,key=/api/backend/2,4.8
2026-08-14_12-30-50-083795_baseline,baseline,synchronized-expiry,1786710700.084000,50.000205,faf_by_key,key=/api/backend/2,4.8
2026-08-14_12-30-50-083795_baseline,baseline,synchronized-expiry,1786710701.084000,51.000205,faf_by_key,key=/api/backend/2,4.8
2026-08-14_12-30-50-083795_baseline,baseline,synchronized-expiry,1786710702.084000,52.000205,faf_by_key,key=/api/backend/2,4.8
2026-08-14_12-30-50-083795_baseline,baseline,synchronized-expiry,1786710703.084000,53.000205,faf_by_key,key=/api/backend/2,4.8
2026-08-14_12-30-50-083795_baseline,baseline,synchronized-expiry,1786710704.084000,54.000205,faf_by_key,key=/api/backend/2,5
2026-08-14_12-30-50-083795_baseline,baseline,synchronized-expiry,1786710705.084000,55.000205,faf_by_key,key=/api/backend/2,4.833333333333333
2026-08-14_12-30-50-083795_baseline,baseline,synchronized-expiry,1786710706.084000,56.000205,faf_by_key,key=/api/backend/2,4.833333333333333
2026-08-14_12-30-50-083795_baseline,baseline,synchronized-expiry,1786710707.084000,57.000205,faf_by_key,key=/api/backend/2,4.833333333333333
2026-08-14_12-30-50-083795_baseline,baseline,synchronized-expiry,1786710708.084000,58.000205,faf_by_key,key=/api/backend/2,4.833333333333333
2026-08-14_12-30-50-083795_baseline,baseline,synchronized-expiry,1786710709.084000,59.000205,faf_by_key,key=/api/backend/2,4.833333333333333
2026-08-14_12-30-50-083795_baseline,baseline,synchronized-expiry,1786710710.084000,60.000205,faf_by_key,key=/api/backend/2,4.833333333333333
2026-08-14_12-30-50-083795_baseline,baseline,synchronized-expiry,1786710652.084000,2.000205,faf_by_key,key=/api/backend/3,1
2026-08-14_12-30-50-083795_baseline,baseline,synchronized-expiry,1786710653.084000,3.000205,faf_by_key,key=/api/backend/3,1
2026-08-14_12-30-50-083795_baseline,baseline,synchronized-expiry,1786710654.084000,4.000205,faf_by_key,key=/api/backend/3,1
2026-08-14_12-30-50-083795_baseline,baseline,synchronized-expiry,1786710655.084000,5.000205,faf_by_key,key=/api/backend/3,1
2026-08-14_12-30-50-083795_baseline,baseline,synchronized-expiry,1786710656.084000,6.000205,faf_by_key,key=/api/backend/3,1
2026-08-14_12-30-50-083795_baseline,baseline,synchronized-expiry,1786710657.084000,7.000205,faf_by_key,key=/api/backend/3,1
2026-08-14_12-30-50-083795_baseline,baseline,synchronized-expiry,1786710658.084000,8.000205,faf_by_key,key=/api/backend/3,1
2026-08-14_12-30-50-083795_baseline,baseline,synchronized-expiry,1786710659.084000,9.000205,faf_by_key,key=/api/backend/3,1
2026-08-14_12-30-50-083795_baseline,baseline,synchronized-expiry,1786710660.084000,10.000205,faf_by_key,key=/api/backend/3,1
2026-08-14_12-30-50-083795_baseline,baseline,synchronized-expiry,1786710661.084000,11.000205,faf_by_key,key=/api/backend/3,1
2026-08-14_12-30-50-083795_baseline,baseline,synchronized-expiry,1786710662.084000,12.000205,faf_by_key,key=/api/backend/3,3.5
2026-08-14_12-30-50-083795_baseline,baseline,synchronized-expiry,1786710663.084000,13.000205,faf_by_key,key=/api/backend/3,3.5
2026-08-14_12-30-50-083795_baseline,baseline,synchronized-expiry,1786710664.084000,14.000205,faf_by_key,key=/api/backend/3,3.5
2026-08-14_12-30-50-083795_baseline,baseline,synchronized-expiry,1786710665.084000,15.000205,faf_by_key,key=/api/backend/3,3.5
2026-08-14_12-30-50-083795_baseline,baseline,synchronized-expiry,1786710666.084000,16.000205,faf_by_key,key=/api/backend/3,3.5
2026-08-14_12-30-50-083795_baseline,baseline,synchronized-expiry,1786710667.084000,17.000205,faf_by_key,key=/api/backend/3,3.5
2026-08-14_12-30-50-083795_baseline,baseline,synchronized-expiry,1786710668.084000,18.000205,faf_by_key,key=/api/backend/3,3.5
2026-08-14_12-30-50-083795_baseline,baseline,synchronized-expiry,1786710669.084000,19.000205,faf_by_key,key=/api/backend/3,3.5
2026-08-14_12-30-50-083795_baseline,baseline,synchronized-expiry,1786710670.084000,20.000205,faf_by_key,key=/api/backend/3,3.5
2026-08-14_12-30-50-083795_baseline,baseline,synchronized-expiry,1786710671.084000,21.000205,faf_by_key,key=/api/backend/3,3.5
2026-08-14_12-30-50-083795_baseline,baseline,synchronized-expiry,1786710672.084000,22.000205,faf_by_key,key=/api/backend/3,3.5
2026-08-14_12-30-50-083795_baseline,baseline,synchronized-expiry,1786710673.084000,23.000205,faf_by_key,key=/api/backend/3,3.6666666666666665
2026-08-14_12-30-50-083795_baseline,baseline,synchronized-expiry,1786710674.084000,24.000205,faf_by_key,key=/api/backend/3,5
2026-08-14_12-30-50-083795_baseline,baseline,synchronized-expiry,1786710675.084000,25.000205,faf_by_key,key=/api/backend/3,5
2026-08-14_12-30-50-083795_baseline,baseline,synchronized-expiry,1786710676.084000,26.000205,faf_by_key,key=/api/backend/3,5
2026-08-14_12-30-50-083795_baseline,baseline,synchronized-expiry,1786710677.084000,27.000205,faf_by_key,key=/api/backend/3,5
2026-08-14_12-30-50-083795_baseline,baseline,synchronized-expiry,1786710678.084000,28.000205,faf_by_key,key=/api/backend/3,5
2026-08-14_12-30-50-083795_baseline,baseline,synchronized-expiry,1786710679.084000,29.000205,faf_by_key,key=/api/backend/3,5
2026-08-14_12-30-50-083795_baseline,baseline,synchronized-expiry,1786710680.084000,30.000205,faf_by_key,key=/api/backend/3,5
2026-08-14_12-30-50-083795_baseline,baseline,synchronized-expiry,1786710681.084000,31.000205,faf_by_key,key=/api/backend/3,5
2026-08-14_12-30-50-083795_baseline,baseline,synchronized-expiry,1786710682.084000,32.000205,faf_by_key,key=/api/backend/3,5
2026-08-14_12-30-50-083795_baseline,baseline,synchronized-expiry,1786710683.084000,33.000205,faf_by_key,key=/api/backend/3,5
2026-08-14_12-30-50-083795_baseline,baseline,synchronized-expiry,1786710684.084000,34.000205,faf_by_key,key=/api/backend/3,4.5
2026-08-14_12-30-50-083795_baseline,baseline,synchronized-expiry,1786710685.084000,35.000205,faf_by_key,key=/api/backend/3,4.5
2026-08-14_12-30-50-083795_baseline,baseline,synchronized-expiry,1786710686.084000,36.000205,faf_by_key,key=/api/backend/3,4.5
2026-08-14_12-30-50-083795_baseline,baseline,synchronized-expiry,1786710687.084000,37.000205,faf_by_key,key=/api/backend/3,4.5
2026-08-14_12-30-50-083795_baseline,baseline,synchronized-expiry,1786710688.084000,38.000205,faf_by_key,key=/api/backend/3,4.5
2026-08-14_12-30-50-083795_baseline,baseline,synchronized-expiry,1786710689.084000,39.000205,faf_by_key,key=/api/backend/3,4.5
2026-08-14_12-30-50-083795_baseline,baseline,synchronized-expiry,1786710690.084000,40.000205,faf_by_key,key=/api/backend/3,4.5
2026-08-14_12-30-50-083795_baseline,baseline,synchronized-expiry,1786710691.084000,41.000205,faf_by_key,key=/api/backend/3,4.5
2026-08-14_12-30-50-083795_baseline,baseline,synchronized-expiry,1786710692.084000,42.000205,faf_by_key,key=/api/backend/3,4.5
2026-08-14_12-30-50-083795_baseline,baseline,synchronized-expiry,1786710693.084000,43.000205,faf_by_key,key=/api/backend/3,4.5
2026-08-14_12-30-50-083795_baseline,baseline,synchronized-expiry,1786710694.084000,44.000205,faf_by_key,key=/api/backend/3,4.5
2026-08-14_12-30-50-083795_baseline,baseline,synchronized-expiry,1786710695.084000,45.000205,faf_by_key,key=/api/backend/3,5
2026-08-14_12-30-50-083795_baseline,baseline,synchronized-expiry,1786710696.084000,46.000205,faf_by_key,key=/api/backend/3,5
2026-08-14_12-30-50-083795_baseline,baseline,synchronized-expiry,1786710697.084000,47.000205,faf_by_key,key=/api/backend/3,5
2026-08-14_12-30-50-083795_baseline,baseline,synchronized-expiry,1786710698.084000,48.000205,faf_by_key,key=/api/backend/3,5
2026-08-14_12-30-50-083795_baseline,baseline,synchronized-expiry,1786710699.084000,49.000205,faf_by_key,key=/api/backend/3,5
2026-08-14_12-30-50-083795_baseline,baseline,synchronized-expiry,1786710700.084000,50.000205,faf_by_key,key=/api/backend/3,5
2026-08-14_12-30-50-083795_baseline,baseline,synchronized-expiry,1786710701.084000,51.000205,faf_by_key,key=/api/backend/3,5
2026-08-14_12-30-50-083795_baseline,baseline,synchronized-expiry,1786710702.084000,52.000205,faf_by_key,key=/api/backend/3,5
2026-08-14_12-30-50-083795_baseline,baseline,synchronized-expiry,1786710703.084000,53.000205,faf_by_key,key=/api/backend/3,5
2026-08-14_12-30-50-083795_baseline,baseline,synchronized-expiry,1786710704.084000,54.000205,faf_by_key,key=/api/backend/3,5
2026-08-14_12-30-50-083795_baseline,baseline,synchronized-expiry,1786710705.084000,55.000205,faf_by_key,key=/api/backend/3,5
2026-08-14_12-30-50-083795_baseline,baseline,synchronized-expiry,1786710706.084000,56.000205,faf_by_key,key=/api/backend/3,4.833333333333333
2026-08-14_12-30-50-083795_baseline,baseline,synchronized-expiry,1786710707.084000,57.000205,faf_by_key,key=/api/backend/3,4.833333333333333
2026-08-14_12-30-50-083795_baseline,baseline,synchronized-expiry,1786710708.084000,58.000205,faf_by_key,key=/api/backend/3,4.833333333333333
2026-08-14_12-30-50-083795_baseline,baseline,synchronized-expiry,1786710709.084000,59.000205,faf_by_key,key=/api/backend/3,4.833333333333333
2026-08-14_12-30-50-083795_baseline,baseline,synchronized-expiry,1786710710.084000,60.000205,faf_by_key,key=/api/backend/3,4.833333333333333
2026-08-14_12-30-50-083795_baseline,baseline,synchronized-expiry,1786710651.084000,1.000205,faf_by_key,key=/api/backend/4,1
2026-08-14_12-30-50-083795_baseline,baseline,synchronized-expiry,1786710652.084000,2.000205,faf_by_key,key=/api/backend/4,1
2026-08-14_12-30-50-083795_baseline,baseline,synchronized-expiry,1786710653.084000,3.000205,faf_by_key,key=/api/backend/4,1
2026-08-14_12-30-50-083795_baseline,baseline,synchronized-expiry,1786710654.084000,4.000205,faf_by_key,key=/api/backend/4,1
2026-08-14_12-30-50-083795_baseline,baseline,synchronized-expiry,1786710655.084000,5.000205,faf_by_key,key=/api/backend/4,1
2026-08-14_12-30-50-083795_baseline,baseline,synchronized-expiry,1786710656.084000,6.000205,faf_by_key,key=/api/backend/4,1
2026-08-14_12-30-50-083795_baseline,baseline,synchronized-expiry,1786710657.084000,7.000205,faf_by_key,key=/api/backend/4,1
2026-08-14_12-30-50-083795_baseline,baseline,synchronized-expiry,1786710658.084000,8.000205,faf_by_key,key=/api/backend/4,1
2026-08-14_12-30-50-083795_baseline,baseline,synchronized-expiry,1786710659.084000,9.000205,faf_by_key,key=/api/backend/4,1
2026-08-14_12-30-50-083795_baseline,baseline,synchronized-expiry,1786710660.084000,10.000205,faf_by_key,key=/api/backend/4,1
2026-08-14_12-30-50-083795_baseline,baseline,synchronized-expiry,1786710661.084000,11.000205,faf_by_key,key=/api/backend/4,1
2026-08-14_12-30-50-083795_baseline,baseline,synchronized-expiry,1786710662.084000,12.000205,faf_by_key,key=/api/backend/4,3.5
2026-08-14_12-30-50-083795_baseline,baseline,synchronized-expiry,1786710663.084000,13.000205,faf_by_key,key=/api/backend/4,7.5
2026-08-14_12-30-50-083795_baseline,baseline,synchronized-expiry,1786710664.084000,14.000205,faf_by_key,key=/api/backend/4,7.5
2026-08-14_12-30-50-083795_baseline,baseline,synchronized-expiry,1786710665.084000,15.000205,faf_by_key,key=/api/backend/4,7.5
2026-08-14_12-30-50-083795_baseline,baseline,synchronized-expiry,1786710666.084000,16.000205,faf_by_key,key=/api/backend/4,7.5
2026-08-14_12-30-50-083795_baseline,baseline,synchronized-expiry,1786710667.084000,17.000205,faf_by_key,key=/api/backend/4,7.5
2026-08-14_12-30-50-083795_baseline,baseline,synchronized-expiry,1786710668.084000,18.000205,faf_by_key,key=/api/backend/4,7.5
2026-08-14_12-30-50-083795_baseline,baseline,synchronized-expiry,1786710669.084000,19.000205,faf_by_key,key=/api/backend/4,7.5
2026-08-14_12-30-50-083795_baseline,baseline,synchronized-expiry,1786710670.084000,20.000205,faf_by_key,key=/api/backend/4,7.5
2026-08-14_12-30-50-083795_baseline,baseline,synchronized-expiry,1786710671.084000,21.000205,faf_by_key,key=/api/backend/4,7.5
2026-08-14_12-30-50-083795_baseline,baseline,synchronized-expiry,1786710672.084000,22.000205,faf_by_key,key=/api/backend/4,7.5
2026-08-14_12-30-50-083795_baseline,baseline,synchronized-expiry,1786710673.084000,23.000205,faf_by_key,key=/api/backend/4,7.5
2026-08-14_12-30-50-083795_baseline,baseline,synchronized-expiry,1786710674.084000,24.000205,faf_by_key,key=/api/backend/4,6
2026-08-14_12-30-50-083795_baseline,baseline,synchronized-expiry,1786710675.084000,25.000205,faf_by_key,key=/api/backend/4,6.333333333333333
2026-08-14_12-30-50-083795_baseline,baseline,synchronized-expiry,1786710676.084000,26.000205,faf_by_key,key=/api/backend/4,6.333333333333333
2026-08-14_12-30-50-083795_baseline,baseline,synchronized-expiry,1786710677.084000,27.000205,faf_by_key,key=/api/backend/4,6.333333333333333
2026-08-14_12-30-50-083795_baseline,baseline,synchronized-expiry,1786710678.084000,28.000205,faf_by_key,key=/api/backend/4,6.333333333333333
2026-08-14_12-30-50-083795_baseline,baseline,synchronized-expiry,1786710679.084000,29.000205,faf_by_key,key=/api/backend/4,6.333333333333333
2026-08-14_12-30-50-083795_baseline,baseline,synchronized-expiry,1786710680.084000,30.000205,faf_by_key,key=/api/backend/4,6.333333333333333
2026-08-14_12-30-50-083795_baseline,baseline,synchronized-expiry,1786710681.084000,31.000205,faf_by_key,key=/api/backend/4,6.333333333333333
2026-08-14_12-30-50-083795_baseline,baseline,synchronized-expiry,1786710682.084000,32.000205,faf_by_key,key=/api/backend/4,6.333333333333333
2026-08-14_12-30-50-083795_baseline,baseline,synchronized-expiry,1786710683.084000,33.000205,faf_by_key,key=/api/backend/4,6.333333333333333
2026-08-14_12-30-50-083795_baseline,baseline,synchronized-expiry,1786710684.084000,34.000205,faf_by_key,key=/api/backend/4,6.333333333333333
2026-08-14_12-30-50-083795_baseline,baseline,synchronized-expiry,1786710685.084000,35.000205,faf_by_key,key=/api/backend/4,5
2026-08-14_12-30-50-083795_baseline,baseline,synchronized-expiry,1786710686.084000,36.000205,faf_by_key,key=/api/backend/4,5
2026-08-14_12-30-50-083795_baseline,baseline,synchronized-expiry,1786710687.084000,37.000205,faf_by_key,key=/api/backend/4,5
2026-08-14_12-30-50-083795_baseline,baseline,synchronized-expiry,1786710688.084000,38.000205,faf_by_key,key=/api/backend/4,5
2026-08-14_12-30-50-083795_baseline,baseline,synchronized-expiry,1786710689.084000,39.000205,faf_by_key,key=/api/backend/4,5
2026-08-14_12-30-50-083795_baseline,baseline,synchronized-expiry,1786710690.084000,40.000205,faf_by_key,key=/api/backend/4,5
2026-08-14_12-30-50-083795_baseline,baseline,synchronized-expiry,1786710691.084000,41.000205,faf_by_key,key=/api/backend/4,5
2026-08-14_12-30-50-083795_baseline,baseline,synchronized-expiry,1786710692.084000,42.000205,faf_by_key,key=/api/backend/4,5
2026-08-14_12-30-50-083795_baseline,baseline,synchronized-expiry,1786710693.084000,43.000205,faf_by_key,key=/api/backend/4,5
2026-08-14_12-30-50-083795_baseline,baseline,synchronized-expiry,1786710694.084000,44.000205,faf_by_key,key=/api/backend/4,5
2026-08-14_12-30-50-083795_baseline,baseline,synchronized-expiry,1786710695.084000,45.000205,faf_by_key,key=/api/backend/4,4.4
2026-08-14_12-30-50-083795_baseline,baseline,synchronized-expiry,1786710696.084000,46.000205,faf_by_key,key=/api/backend/4,4.4
2026-08-14_12-30-50-083795_baseline,baseline,synchronized-expiry,1786710697.084000,47.000205,faf_by_key,key=/api/backend/4,4.4
2026-08-14_12-30-50-083795_baseline,baseline,synchronized-expiry,1786710698.084000,48.000205,faf_by_key,key=/api/backend/4,4.4
2026-08-14_12-30-50-083795_baseline,baseline,synchronized-expiry,1786710699.084000,49.000205,faf_by_key,key=/api/backend/4,4.4
2026-08-14_12-30-50-083795_baseline,baseline,synchronized-expiry,1786710700.084000,50.000205,faf_by_key,key=/api/backend/4,4.4
2026-08-14_12-30-50-083795_baseline,baseline,synchronized-expiry,1786710701.084000,51.000205,faf_by_key,key=/api/backend/4,4.4
2026-08-14_12-30-50-083795_baseline,baseline,synchronized-expiry,1786710702.084000,52.000205,faf_by_key,key=/api/backend/4,4.4
2026-08-14_12-30-50-083795_baseline,baseline,synchronized-expiry,1786710703.084000,53.000205,faf_by_key,key=/api/backend/4,4.4
2026-08-14_12-30-50-083795_baseline,baseline,synchronized-expiry,1786710704.084000,54.000205,faf_by_key,key=/api/backend/4,4.4
2026-08-14_12-30-50-083795_baseline,baseline,synchronized-expiry,1786710705.084000,55.000205,faf_by_key,key=/api/backend/4,4.4
2026-08-14_12-30-50-083795_baseline,baseline,synchronized-expiry,1786710706.084000,56.000205,faf_by_key,key=/api/backend/4,3.8333333333333335
2026-08-14_12-30-50-083795_baseline,baseline,synchronized-expiry,1786710707.084000,57.000205,faf_by_key,key=/api/backend/4,3.8333333333333335
2026-08-14_12-30-50-083795_baseline,baseline,synchronized-expiry,1786710708.084000,58.000205,faf_by_key,key=/api/backend/4,3.8333333333333335
2026-08-14_12-30-50-083795_baseline,baseline,synchronized-expiry,1786710709.084000,59.000205,faf_by_key,key=/api/backend/4,3.8333333333333335
2026-08-14_12-30-50-083795_baseline,baseline,synchronized-expiry,1786710710.084000,60.000205,faf_by_key,key=/api/backend/4,3.8333333333333335
2026-08-14_12-30-50-083795_baseline,baseline,synchronized-expiry,1786710651.084000,1.000205,faf_by_key,key=/api/backend/5,1
2026-08-14_12-30-50-083795_baseline,baseline,synchronized-expiry,1786710652.084000,2.000205,faf_by_key,key=/api/backend/5,1
2026-08-14_12-30-50-083795_baseline,baseline,synchronized-expiry,1786710653.084000,3.000205,faf_by_key,key=/api/backend/5,1
2026-08-14_12-30-50-083795_baseline,baseline,synchronized-expiry,1786710654.084000,4.000205,faf_by_key,key=/api/backend/5,1
2026-08-14_12-30-50-083795_baseline,baseline,synchronized-expiry,1786710655.084000,5.000205,faf_by_key,key=/api/backend/5,1
2026-08-14_12-30-50-083795_baseline,baseline,synchronized-expiry,1786710656.084000,6.000205,faf_by_key,key=/api/backend/5,1
2026-08-14_12-30-50-083795_baseline,baseline,synchronized-expiry,1786710657.084000,7.000205,faf_by_key,key=/api/backend/5,1
2026-08-14_12-30-50-083795_baseline,baseline,synchronized-expiry,1786710658.084000,8.000205,faf_by_key,key=/api/backend/5,1
2026-08-14_12-30-50-083795_baseline,baseline,synchronized-expiry,1786710659.084000,9.000205,faf_by_key,key=/api/backend/5,1
2026-08-14_12-30-50-083795_baseline,baseline,synchronized-expiry,1786710660.084000,10.000205,faf_by_key,key=/api/backend/5,1
2026-08-14_12-30-50-083795_baseline,baseline,synchronized-expiry,1786710661.084000,11.000205,faf_by_key,key=/api/backend/5,1
2026-08-14_12-30-50-083795_baseline,baseline,synchronized-expiry,1786710662.084000,12.000205,faf_by_key,key=/api/backend/5,2.5
2026-08-14_12-30-50-083795_baseline,baseline,synchronized-expiry,1786710663.084000,13.000205,faf_by_key,key=/api/backend/5,2.5
2026-08-14_12-30-50-083795_baseline,baseline,synchronized-expiry,1786710664.084000,14.000205,faf_by_key,key=/api/backend/5,2.5
2026-08-14_12-30-50-083795_baseline,baseline,synchronized-expiry,1786710665.084000,15.000205,faf_by_key,key=/api/backend/5,2.5
2026-08-14_12-30-50-083795_baseline,baseline,synchronized-expiry,1786710666.084000,16.000205,faf_by_key,key=/api/backend/5,2.5
2026-08-14_12-30-50-083795_baseline,baseline,synchronized-expiry,1786710667.084000,17.000205,faf_by_key,key=/api/backend/5,2.5
2026-08-14_12-30-50-083795_baseline,baseline,synchronized-expiry,1786710668.084000,18.000205,faf_by_key,key=/api/backend/5,2.5
2026-08-14_12-30-50-083795_baseline,baseline,synchronized-expiry,1786710669.084000,19.000205,faf_by_key,key=/api/backend/5,2.5
2026-08-14_12-30-50-083795_baseline,baseline,synchronized-expiry,1786710670.084000,20.000205,faf_by_key,key=/api/backend/5,2.5
2026-08-14_12-30-50-083795_baseline,baseline,synchronized-expiry,1786710671.084000,21.000205,faf_by_key,key=/api/backend/5,2.5
2026-08-14_12-30-50-083795_baseline,baseline,synchronized-expiry,1786710672.084000,22.000205,faf_by_key,key=/api/backend/5,2.5
2026-08-14_12-30-50-083795_baseline,baseline,synchronized-expiry,1786710673.084000,23.000205,faf_by_key,key=/api/backend/5,2.3333333333333335
2026-08-14_12-30-50-083795_baseline,baseline,synchronized-expiry,1786710674.084000,24.000205,faf_by_key,key=/api/backend/5,3
2026-08-14_12-30-50-083795_baseline,baseline,synchronized-expiry,1786710675.084000,25.000205,faf_by_key,key=/api/backend/5,3
2026-08-14_12-30-50-083795_baseline,baseline,synchronized-expiry,1786710676.084000,26.000205,faf_by_key,key=/api/backend/5,3
2026-08-14_12-30-50-083795_baseline,baseline,synchronized-expiry,1786710677.084000,27.000205,faf_by_key,key=/api/backend/5,3
2026-08-14_12-30-50-083795_baseline,baseline,synchronized-expiry,1786710678.084000,28.000205,faf_by_key,key=/api/backend/5,3
2026-08-14_12-30-50-083795_baseline,baseline,synchronized-expiry,1786710679.084000,29.000205,faf_by_key,key=/api/backend/5,3
2026-08-14_12-30-50-083795_baseline,baseline,synchronized-expiry,1786710680.084000,30.000205,faf_by_key,key=/api/backend/5,3
2026-08-14_12-30-50-083795_baseline,baseline,synchronized-expiry,1786710681.084000,31.000205,faf_by_key,key=/api/backend/5,3
2026-08-14_12-30-50-083795_baseline,baseline,synchronized-expiry,1786710682.084000,32.000205,faf_by_key,key=/api/backend/5,3
2026-08-14_12-30-50-083795_baseline,baseline,synchronized-expiry,1786710683.084000,33.000205,faf_by_key,key=/api/backend/5,3
2026-08-14_12-30-50-083795_baseline,baseline,synchronized-expiry,1786710684.084000,34.000205,faf_by_key,key=/api/backend/5,3
2026-08-14_12-30-50-083795_baseline,baseline,synchronized-expiry,1786710685.084000,35.000205,faf_by_key,key=/api/backend/5,3.25
2026-08-14_12-30-50-083795_baseline,baseline,synchronized-expiry,1786710686.084000,36.000205,faf_by_key,key=/api/backend/5,3.25
2026-08-14_12-30-50-083795_baseline,baseline,synchronized-expiry,1786710687.084000,37.000205,faf_by_key,key=/api/backend/5,3.25
2026-08-14_12-30-50-083795_baseline,baseline,synchronized-expiry,1786710688.084000,38.000205,faf_by_key,key=/api/backend/5,3.25
2026-08-14_12-30-50-083795_baseline,baseline,synchronized-expiry,1786710689.084000,39.000205,faf_by_key,key=/api/backend/5,3.25
2026-08-14_12-30-50-083795_baseline,baseline,synchronized-expiry,1786710690.084000,40.000205,faf_by_key,key=/api/backend/5,3.25
2026-08-14_12-30-50-083795_baseline,baseline,synchronized-expiry,1786710691.084000,41.000205,faf_by_key,key=/api/backend/5,3.25
2026-08-14_12-30-50-083795_baseline,baseline,synchronized-expiry,1786710692.084000,42.000205,faf_by_key,key=/api/backend/5,3.25
2026-08-14_12-30-50-083795_baseline,baseline,synchronized-expiry,1786710693.084000,43.000205,faf_by_key,key=/api/backend/5,3.25
2026-08-14_12-30-50-083795_baseline,baseline,synchronized-expiry,1786710694.084000,44.000205,faf_by_key,key=/api/backend/5,3.25
2026-08-14_12-30-50-083795_baseline,baseline,synchronized-expiry,1786710695.084000,45.000205,faf_by_key,key=/api/backend/5,2.8
2026-08-14_12-30-50-083795_baseline,baseline,synchronized-expiry,1786710696.084000,46.000205,faf_by_key,key=/api/backend/5,2.8
2026-08-14_12-30-50-083795_baseline,baseline,synchronized-expiry,1786710697.084000,47.000205,faf_by_key,key=/api/backend/5,2.8
2026-08-14_12-30-50-083795_baseline,baseline,synchronized-expiry,1786710698.084000,48.000205,faf_by_key,key=/api/backend/5,2.8
2026-08-14_12-30-50-083795_baseline,baseline,synchronized-expiry,1786710699.084000,49.000205,faf_by_key,key=/api/backend/5,2.8
2026-08-14_12-30-50-083795_baseline,baseline,synchronized-expiry,1786710700.084000,50.000205,faf_by_key,key=/api/backend/5,2.8
2026-08-14_12-30-50-083795_baseline,baseline,synchronized-expiry,1786710701.084000,51.000205,faf_by_key,key=/api/backend/5,2.8
2026-08-14_12-30-50-083795_baseline,baseline,synchronized-expiry,1786710702.084000,52.000205,faf_by_key,key=/api/backend/5,2.8
2026-08-14_12-30-50-083795_baseline,baseline,synchronized-expiry,1786710703.084000,53.000205,faf_by_key,key=/api/backend/5,2.8
2026-08-14_12-30-50-083795_baseline,baseline,synchronized-expiry,1786710704.084000,54.000205,faf_by_key,key=/api/backend/5,2.8
2026-08-14_12-30-50-083795_baseline,baseline,synchronized-expiry,1786710705.084000,55.000205,faf_by_key,key=/api/backend/5,2.8
2026-08-14_12-30-50-083795_baseline,baseline,synchronized-expiry,1786710706.084000,56.000205,faf_by_key,key=/api/backend/5,3.1666666666666665
2026-08-14_12-30-50-083795_baseline,baseline,synchronized-expiry,1786710707.084000,57.000205,faf_by_key,key=/api/backend/5,3.1666666666666665
2026-08-14_12-30-50-083795_baseline,baseline,synchronized-expiry,1786710708.084000,58.000205,faf_by_key,key=/api/backend/5,3.1666666666666665
2026-08-14_12-30-50-083795_baseline,baseline,synchronized-expiry,1786710709.084000,59.000205,faf_by_key,key=/api/backend/5,3.1666666666666665
2026-08-14_12-30-50-083795_baseline,baseline,synchronized-expiry,1786710710.084000,60.000205,faf_by_key,key=/api/backend/5,3.1666666666666665
2026-08-14_12-30-50-083795_baseline,baseline,synchronized-expiry,1786710650.084000,0.000205,average_request_duration,all,0
2026-08-14_12-30-50-083795_baseline,baseline,synchronized-expiry,1786710651.084000,1.000205,average_request_duration,all,0
2026-08-14_12-30-50-083795_baseline,baseline,synchronized-expiry,1786710652.084000,2.000205,average_request_duration,all,0.02233756958160161
2026-08-14_12-30-50-083795_baseline,baseline,synchronized-expiry,1786710653.084000,3.000205,average_request_duration,all,0.008915619938350501
2026-08-14_12-30-50-083795_baseline,baseline,synchronized-expiry,1786710654.084000,4.000205,average_request_duration,all,0.005587240866939263
2026-08-14_12-30-50-083795_baseline,baseline,synchronized-expiry,1786710655.084000,5.000205,average_request_duration,all,0.004075985567100194
2026-08-14_12-30-50-083795_baseline,baseline,synchronized-expiry,1786710656.084000,6.000205,average_request_duration,all,0.0032107578348738596
2026-08-14_12-30-50-083795_baseline,baseline,synchronized-expiry,1786710657.084000,7.000205,average_request_duration,all,0.0026532120875941132
2026-08-14_12-30-50-083795_baseline,baseline,synchronized-expiry,1786710658.084000,8.000205,average_request_duration,all,0.0022624233939664315
2026-08-14_12-30-50-083795_baseline,baseline,synchronized-expiry,1786710659.084000,9.000205,average_request_duration,all,0.001974541073255704
2026-08-14_12-30-50-083795_baseline,baseline,synchronized-expiry,1786710660.084000,10.000205,average_request_duration,all,0.0017509547241382289
2026-08-14_12-30-50-083795_baseline,baseline,synchronized-expiry,1786710661.084000,11.000205,average_request_duration,all,0.000051916130101413166
2026-08-14_12-30-50-083795_baseline,baseline,synchronized-expiry,1786710662.084000,12.000205,average_request_duration,all,0.004626748498290839
2026-08-14_12-30-50-083795_baseline,baseline,synchronized-expiry,1786710663.084000,13.000205,average_request_duration,all,0.026034521478834793
2026-08-14_12-30-50-083795_baseline,baseline,synchronized-expiry,1786710664.084000,14.000205,average_request_duration,all,0.03192481727248256
2026-08-14_12-30-50-083795_baseline,baseline,synchronized-expiry,1786710665.084000,15.000205,average_request_duration,all,0.03192619690511798
2026-08-14_12-30-50-083795_baseline,baseline,synchronized-expiry,1786710666.084000,16.000205,average_request_duration,all,0.03192720408968694
2026-08-14_12-30-50-083795_baseline,baseline,synchronized-expiry,1786710667.084000,17.000205,average_request_duration,all,0.0319307012187324
2026-08-14_12-30-50-083795_baseline,baseline,synchronized-expiry,1786710668.084000,18.000205,average_request_duration,all,0.03193293898650742
2026-08-14_12-30-50-083795_baseline,baseline,synchronized-expiry,1786710669.084000,19.000205,average_request_duration,all,0.03193740391165084
2026-08-14_12-30-50-083795_baseline,baseline,synchronized-expiry,1786710670.084000,20.000205,average_request_duration,all,0.03193942079351568
2026-08-14_12-30-50-083795_baseline,baseline,synchronized-expiry,1786710671.084000,21.000205,average_request_duration,all,0.02686918394729977
2026-08-14_12-30-50-083795_baseline,baseline,synchronized-expiry,1786710672.084000,22.000205,average_request_duration,all,0.0061035170203151785
2026-08-14_12-30-50-083795_baseline,baseline,synchronized-expiry,1786710673.084000,23.000205,average_request_duration,all,0.005113584180347229
2026-08-14_12-30-50-083795_baseline,baseline,synchronized-expiry,1786710674.084000,24.000205,average_request_duration,all,0.019208877654849597
2026-08-14_12-30-50-083795_baseline,baseline,synchronized-expiry,1786710675.084000,25.000205,average_request_duration,all,0.02255737034861111
2026-08-14_12-30-50-083795_baseline,baseline,synchronized-expiry,1786710676.084000,26.000205,average_request_duration,all,0.02255662981944444
2026-08-14_12-30-50-083795_baseline,baseline,synchronized-expiry,1786710677.084000,27.000205,average_request_duration,all,0.022556846189721164
2026-08-14_12-30-50-083795_baseline,baseline,synchronized-expiry,1786710678.084000,28.000205,average_request_duration,all,0.022555879240598126
2026-08-14_12-30-50-083795_baseline,baseline,synchronized-expiry,1786710679.084000,29.000205,average_request_duration,all,0.022556056542704372
2026-08-14_12-30-50-083795_baseline,baseline,synchronized-expiry,1786710680.084000,30.000205,average_request_duration,all,0.022557059801489372
2026-08-14_12-30-50-083795_baseline,baseline,synchronized-expiry,1786710681.084000,31.000205,average_request_duration,all,0.022556945311111062
2026-08-14_12-30-50-083795_baseline,baseline,synchronized-expiry,1786710682.084000,32.000205,average_request_duration,all,0.017291269389424293
2026-08-14_12-30-50-083795_baseline,baseline,synchronized-expiry,1786710683.084000,33.000205,average_request_duration,all,0.0034873733752008806
2026-08-14_12-30-50-083795_baseline,baseline,synchronized-expiry,1786710684.084000,34.000205,average_request_duration,all,0.004906654031623035
2026-08-14_12-30-50-083795_baseline,baseline,synchronized-expiry,1786710685.084000,35.000205,average_request_duration,all,0.008831794787141299
2026-08-14_12-30-50-083795_baseline,baseline,synchronized-expiry,1786710686.084000,36.000205,average_request_duration,all,0.008831674364922347
2026-08-14_12-30-50-083795_baseline,baseline,synchronized-expiry,1786710687.084000,37.000205,average_request_duration,all,0.008831736237499995
2026-08-14_12-30-50-083795_baseline,baseline,synchronized-expiry,1786710688.084000,38.000205,average_request_duration,all,0.00883206210138886
2026-08-14_12-30-50-083795_baseline,baseline,synchronized-expiry,1786710689.084000,39.000205,average_request_duration,all,0.008829902584485232
2026-08-14_12-30-50-083795_baseline,baseline,synchronized-expiry,1786710690.084000,40.000205,average_request_duration,all,0.008831095965444962
2026-08-14_12-30-50-083795_baseline,baseline,synchronized-expiry,1786710691.084000,41.000205,average_request_duration,all,0.008830272487499957
2026-08-14_12-30-50-083795_baseline,baseline,synchronized-expiry,1786710692.084000,42.000205,average_request_duration,all,0.008830007070537977
2026-08-14_12-30-50-083795_baseline,baseline,synchronized-expiry,1786710693.084000,43.000205,average_request_duration,all,0.003983612328275795
2026-08-14_12-30-50-083795_baseline,baseline,synchronized-expiry,1786710694.084000,44.000205,average_request_duration,all,0.0014378884385552592
2026-08-14_12-30-50-083795_baseline,baseline,synchronized-expiry,1786710695.084000,45.000205,average_request_duration,all,0.00967980495365161
2026-08-14_12-30-50-083795_baseline,baseline,synchronized-expiry,1786710696.084000,46.000205,average_request_duration,all,0.015181004932327614
2026-08-14_12-30-50-083795_baseline,baseline,synchronized-expiry,1786710697.084000,47.000205,average_request_duration,all,0.015181566122046852
2026-08-14_12-30-50-083795_baseline,baseline,synchronized-expiry,1786710698.084000,48.000205,average_request_duration,all,0.015182986018806618
2026-08-14_12-30-50-083795_baseline,baseline,synchronized-expiry,1786710699.084000,49.000205,average_request_duration,all,0.01518264680972218
2026-08-14_12-30-50-083795_baseline,baseline,synchronized-expiry,1786710700.084000,50.000205,average_request_duration,all,0.015181834191666629
2026-08-14_12-30-50-083795_baseline,baseline,synchronized-expiry,1786710701.084000,51.000205,average_request_duration,all,0.01518134535972219
2026-08-14_12-30-50-083795_baseline,baseline,synchronized-expiry,1786710702.084000,52.000205,average_request_duration,all,0.015178880905555532
2026-08-14_12-30-50-083795_baseline,baseline,synchronized-expiry,1786710703.084000,53.000205,average_request_duration,all,0.013708426859632994
2026-08-14_12-30-50-083795_baseline,baseline,synchronized-expiry,1786710704.084000,54.000205,average_request_duration,all,0.005606564804225679
2026-08-14_12-30-50-083795_baseline,baseline,synchronized-expiry,1786710705.084000,55.000205,average_request_duration,all,0.0020021712681564043
2026-08-14_12-30-50-083795_baseline,baseline,synchronized-expiry,1786710706.084000,56.000205,average_request_duration,all,0.010070191070241858
2026-08-14_12-30-50-083795_baseline,baseline,synchronized-expiry,1786710707.084000,57.000205,average_request_duration,all,0.010889153598165698
2026-08-14_12-30-50-083795_baseline,baseline,synchronized-expiry,1786710708.084000,58.000205,average_request_duration,all,0.010888430911014659
2026-08-14_12-30-50-083795_baseline,baseline,synchronized-expiry,1786710709.084000,59.000205,average_request_duration,all,0.010889458263739509
2026-08-14_12-30-50-083795_baseline,baseline,synchronized-expiry,1786710710.084000,60.000205,average_request_duration,all,0.010890420041666671
2026-08-14_12-30-50-083795_baseline,baseline,synchronized-expiry,1786710650.084000,0.000205,average_backend_duration,all,0
2026-08-14_12-30-50-083795_baseline,baseline,synchronized-expiry,1786710651.084000,1.000205,average_backend_duration,all,0
2026-08-14_12-30-50-083795_baseline,baseline,synchronized-expiry,1786710652.084000,2.000205,average_backend_duration,all,0.2331007547461725
2026-08-14_12-30-50-083795_baseline,baseline,synchronized-expiry,1786710653.084000,3.000205,average_backend_duration,all,0.23310098368216384
2026-08-14_12-30-50-083795_baseline,baseline,synchronized-expiry,1786710654.084000,4.000205,average_backend_duration,all,0.2331007547461725
2026-08-14_12-30-50-083795_baseline,baseline,synchronized-expiry,1786710655.084000,5.000205,average_backend_duration,all,0.23310098370760288
2026-08-14_12-30-50-083795_baseline,baseline,synchronized-expiry,1786710656.084000,6.000205,average_backend_duration,all,0.2331007547461725
2026-08-14_12-30-50-083795_baseline,baseline,synchronized-expiry,1786710657.084000,7.000205,average_backend_duration,all,0.23310073303052853
2026-08-14_12-30-50-083795_baseline,baseline,synchronized-expiry,1786710658.084000,8.000205,average_backend_duration,all,0.2331007547461725
2026-08-14_12-30-50-083795_baseline,baseline,synchronized-expiry,1786710659.084000,9.000205,average_backend_duration,all,0.23310073303052853
2026-08-14_12-30-50-083795_baseline,baseline,synchronized-expiry,1786710660.084000,10.000205,average_backend_duration,all,0.23310098368216384
2026-08-14_12-30-50-083795_baseline,baseline,synchronized-expiry,1786710661.084000,11.000205,average_backend_duration,all,0
2026-08-14_12-30-50-083795_baseline,baseline,synchronized-expiry,1786710662.084000,12.000205,average_backend_duration,all,0.3553385217386564
2026-08-14_12-30-50-083795_baseline,baseline,synchronized-expiry,1786710663.084000,13.000205,average_backend_duration,all,0.6172974384154865
2026-08-14_12-30-50-083795_baseline,baseline,synchronized-expiry,1786710664.084000,14.000205,average_backend_duration,all,0.6363614928489604
2026-08-14_12-30-50-083795_baseline,baseline,synchronized-expiry,1786710665.084000,15.000205,average_backend_duration,all,0.6363248857526076
2026-08-14_12-30-50-083795_baseline,baseline,synchronized-expiry,1786710666.084000,16.000205,average_backend_duration,all,0.6363220730909223
2026-08-14_12-30-50-083795_baseline,baseline,synchronized-expiry,1786710667.084000,17.000205,average_backend_duration,all,0.6363234795085895
2026-08-14_12-30-50-083795_baseline,baseline,synchronized-expiry,1786710668.084000,18.000205,average_backend_duration,all,0.6363234795085895
2026-08-14_12-30-50-083795_baseline,baseline,synchronized-expiry,1786710669.084000,19.000205,average_backend_duration,all,0.6363220730909223
2026-08-14_12-30-50-083795_baseline,baseline,synchronized-expiry,1786710670.084000,20.000205,average_backend_duration,all,0.6363205841301025
2026-08-14_12-30-50-083795_baseline,baseline,synchronized-expiry,1786710671.084000,21.000205,average_backend_duration,all,0.7331657852581587
2026-08-14_12-30-50-083795_baseline,baseline,synchronized-expiry,1786710672.084000,22.000205,average_backend_duration,all,0.7314686776666665
2026-08-14_12-30-50-083795_baseline,baseline,synchronized-expiry,1786710673.084000,23.000205,average_backend_duration,all,0.35753654165967297
2026-08-14_12-30-50-083795_baseline,baseline,synchronized-expiry,1786710674.084000,24.000205,average_backend_duration,all,0.5071654263344653
2026-08-14_12-30-50-083795_baseline,baseline,synchronized-expiry,1786710675.084000,25.000205,average_backend_duration,all,0.5055150947187502
2026-08-14_12-30-50-083795_baseline,baseline,synchronized-expiry,1786710676.084000,26.000205,average_backend_duration,all,0.5055150947187502
2026-08-14_12-30-50-083795_baseline,baseline,synchronized-expiry,1786710677.084000,27.000205,average_backend_duration,all,0.5055146908063963
2026-08-14_12-30-50-083795_baseline,baseline,synchronized-expiry,1786710678.084000,28.000205,average_backend_duration,all,0.5055142869417263
2026-08-14_12-30-50-083795_baseline,baseline,synchronized-expiry,1786710679.084000,29.000205,average_backend_duration,all,0.505515498589032
2026-08-14_12-30-50-083795_baseline,baseline,synchronized-expiry,1786710680.084000,30.000205,average_backend_duration,all,0.5055146908512729
2026-08-14_12-30-50-083795_baseline,baseline,synchronized-expiry,1786710681.084000,31.000205,average_backend_duration,all,0.5055150947187502
2026-08-14_12-30-50-083795_baseline,baseline,synchronized-expiry,1786710682.084000,32.000205,average_backend_duration,all,0.5727787656954476
2026-08-14_12-30-50-083795_baseline,baseline,synchronized-expiry,1786710683.084000,33.000205,average_backend_duration,all,0.49660126920000064
2026-08-14_12-30-50-083795_baseline,baseline,synchronized-expiry,1786710684.084000,34.000205,average_backend_duration,all,0.2880985757508055
2026-08-14_12-30-50-083795_baseline,baseline,synchronized-expiry,1786710685.084000,35.000205,average_backend_duration,all,0.2862852208623501
2026-08-14_12-30-50-083795_baseline,baseline,synchronized-expiry,1786710686.084000,36.000205,average_backend_duration,all,0.2862849138680241
2026-08-14_12-30-50-083795_baseline,baseline,synchronized-expiry,1786710687.084000,37.000205,average_backend_duration,all,0.2862850673636367
2026-08-14_12-30-50-083795_baseline,baseline,synchronized-expiry,1786710688.084000,38.000205,average_backend_duration,all,0.2862850673636367
2026-08-14_12-30-50-083795_baseline,baseline,synchronized-expiry,1786710689.084000,39.000205,average_backend_duration,all,0.2862852208794065
2026-08-14_12-30-50-083795_baseline,baseline,synchronized-expiry,1786710690.084000,40.000205,average_backend_duration,all,0.28628491385096827
2026-08-14_12-30-50-083795_baseline,baseline,synchronized-expiry,1786710691.084000,41.000205,average_backend_duration,all,0.2862850673636367
2026-08-14_12-30-50-083795_baseline,baseline,synchronized-expiry,1786710692.084000,42.000205,average_backend_duration,all,0.2862849138680241
2026-08-14_12-30-50-083795_baseline,baseline,synchronized-expiry,1786710693.084000,43.000205,average_backend_duration,all,0.28411091920000087
2026-08-14_12-30-50-083795_baseline,baseline,synchronized-expiry,1786710694.084000,44.000205,average_backend_duration,all,0.24666829036844767
2026-08-14_12-30-50-083795_baseline,baseline,synchronized-expiry,1786710695.084000,45.000205,average_backend_duration,all,0.3417215533999999
2026-08-14_12-30-50-083795_baseline,baseline,synchronized-expiry,1786710696.084000,46.000205,average_backend_duration,all,0.3880825305930436
2026-08-14_12-30-50-083795_baseline,baseline,synchronized-expiry,1786710697.084000,47.000205,average_backend_duration,all,0.38808305962846695
2026-08-14_12-30-50-083795_baseline,baseline,synchronized-expiry,1786710698.084000,48.000205,average_backend_duration,all,0.38808305962846695
2026-08-14_12-30-50-083795_baseline,baseline,synchronized-expiry,1786710699.084000,49.000205,average_backend_duration,all,0.3880835887142858
2026-08-14_12-30-50-083795_baseline,baseline,synchronized-expiry,1786710700.084000,50.000205,average_backend_duration,all,0.3880835887142858
2026-08-14_12-30-50-083795_baseline,baseline,synchronized-expiry,1786710701.084000,51.000205,average_backend_duration,all,0.3880835887142858
2026-08-14_12-30-50-083795_baseline,baseline,synchronized-expiry,1786710702.084000,52.000205,average_backend_duration,all,0.3880835887142858
2026-08-14_12-30-50-083795_baseline,baseline,synchronized-expiry,1786710703.084000,53.000205,average_backend_duration,all,0.4116528493300319
2026-08-14_12-30-50-083795_baseline,baseline,synchronized-expiry,1786710704.084000,54.000205,average_backend_duration,all,0.5039893732356165
2026-08-14_12-30-50-083795_baseline,baseline,synchronized-expiry,1786710705.084000,55.000205,average_backend_duration,all,0.23126059683333364
2026-08-14_12-30-50-083795_baseline,baseline,synchronized-expiry,1786710706.084000,56.000205,average_backend_duration,all,0.29908937053084533
2026-08-14_12-30-50-083795_baseline,baseline,synchronized-expiry,1786710707.084000,57.000205,average_backend_duration,all,0.2988230886302445
2026-08-14_12-30-50-083795_baseline,baseline,synchronized-expiry,1786710708.084000,58.000205,average_backend_duration,all,0.29882621340286186
2026-08-14_12-30-50-083795_baseline,baseline,synchronized-expiry,1786710709.084000,59.000205,average_backend_duration,all,0.2988230886302445
2026-08-14_12-30-50-083795_baseline,baseline,synchronized-expiry,1786710710.084000,60.000205,average_backend_duration,all,0.2988246509230771
2026-08-14_12-30-50-083795_baseline,baseline,synchronized-expiry,1786710650.084000,0.000205,failure_amplification_factor,all,0
2026-08-14_12-30-50-083795_baseline,baseline,synchronized-expiry,1786710651.084000,1.000205,failure_amplification_factor,all,0
2026-08-14_12-30-50-083795_baseline,baseline,synchronized-expiry,1786710652.084000,2.000205,failure_amplification_factor,all,0.0942606073719403
2026-08-14_12-30-50-083795_baseline,baseline,synchronized-expiry,1786710653.084000,3.000205,failure_amplification_factor,all,0.037534271829734255
2026-08-14_12-30-50-083795_baseline,baseline,synchronized-expiry,1786710654.084000,4.000205,failure_amplification_factor,all,0.023433240573831
2026-08-14_12-30-50-083795_baseline,baseline,synchronized-expiry,1786710655.084000,5.000205,failure_amplification_factor,all,0.017034283968384793
2026-08-14_12-30-50-083795_baseline,baseline,synchronized-expiry,1786710656.084000,6.000205,failure_amplification_factor,all,0.013381115982929523
2026-08-14_12-30-50-083795_baseline,baseline,synchronized-expiry,1786710657.084000,7.000205,failure_amplification_factor,all,0.011018243667009637
2026-08-14_12-30-50-083795_baseline,baseline,synchronized-expiry,1786710658.084000,8.000205,failure_amplification_factor,all,0.00936474505870778
2026-08-14_12-30-50-083795_baseline,baseline,synchronized-expiry,1786710659.084000,9.000205,failure_amplification_factor,all,0.008142856819648688
2026-08-14_12-30-50-083795_baseline,baseline,synchronized-expiry,1786710660.084000,10.000205,failure_amplification_factor,all,0.007203185160756917
2026-08-14_12-30-50-083795_baseline,baseline,synchronized-expiry,1786710661.084000,11.000205,failure_amplification_factor,all,0.006457926692843228
2026-08-14_12-30-50-083795_baseline,baseline,synchronized-expiry,1786710662.084000,12.000205,failure_amplification_factor,all,0.037456214267225146
2026-08-14_12-30-50-083795_baseline,baseline,synchronized-expiry,1786710663.084000,13.000205,failure_amplification_factor,all,0.043875604777890244
2026-08-14_12-30-50-083795_baseline,baseline,synchronized-expiry,1786710664.084000,14.000205,failure_amplification_factor,all,0.040412437017992804
2026-08-14_12-30-50-083795_baseline,baseline,synchronized-expiry,1786710665.084000,15.000205,failure_amplification_factor,all,0.03745482294367514
2026-08-14_12-30-50-083795_baseline,baseline,synchronized-expiry,1786710666.084000,16.000205,failure_amplification_factor,all,0.03490146420299372
2026-08-14_12-30-50-083795_baseline,baseline,synchronized-expiry,1786710667.084000,17.000205,failure_amplification_factor,all,0.03267522468171435
2026-08-14_12-30-50-083795_baseline,baseline,synchronized-expiry,1786710668.084000,18.000205,failure_amplification_factor,all,0.030714418895176815
2026-08-14_12-30-50-083795_baseline,baseline,synchronized-expiry,1786710669.084000,19.000205,failure_amplification_factor,all,0.02897627310233092
2026-08-14_12-30-50-083795_baseline,baseline,synchronized-expiry,1786710670.084000,20.000205,failure_amplification_factor,all,0.02742495864287162
2026-08-14_12-30-50-083795_baseline,baseline,synchronized-expiry,1786710671.084000,21.000205,failure_amplification_factor,all,0.026030842598158774
2026-08-14_12-30-50-083795_baseline,baseline,synchronized-expiry,1786710672.084000,22.000205,failure_amplification_factor,all,0.024771902749074395
2026-08-14_12-30-50-083795_baseline,baseline,synchronized-expiry,1786710673.084000,23.000205,failure_amplification_factor,all,0.03688380926599517
2026-08-14_12-30-50-083795_baseline,baseline,synchronized-expiry,1786710674.084000,24.000205,failure_amplification_factor,all,0.040215131943281725
2026-08-14_12-30-50-083795_baseline,baseline,synchronized-expiry,1786710675.084000,25.000205,failure_amplification_factor,all,0.03851683747291866
2026-08-14_12-30-50-083795_baseline,baseline,synchronized-expiry,1786710676.084000,26.000205,failure_amplification_factor,all,0.03695482711831422
2026-08-14_12-30-50-083795_baseline,baseline,synchronized-expiry,1786710677.084000,27.000205,failure_amplification_factor,all,0.03551588110207158
2026-08-14_12-30-50-083795_baseline,baseline,synchronized-expiry,1786710678.084000,28.000205,failure_amplification_factor,all,0.03418483709562206
2026-08-14_12-30-50-083795_baseline,baseline,synchronized-expiry,1786710679.084000,29.000205,failure_amplification_factor,all,0.03294999302753462
2026-08-14_12-30-50-083795_baseline,baseline,synchronized-expiry,1786710680.084000,30.000205,failure_amplification_factor,all,0.03180100522123723
2026-08-14_12-30-50-083795_baseline,baseline,synchronized-expiry,1786710681.084000,31.000205,failure_amplification_factor,all,0.03072946969591317
2026-08-14_12-30-50-083795_baseline,baseline,synchronized-expiry,1786710682.084000,32.000205,failure_amplification_factor,all,0.029727305474597787
2026-08-14_12-30-50-083795_baseline,baseline,synchronized-expiry,1786710683.084000,33.000205,failure_amplification_factor,all,0.028788924450499024
2026-08-14_12-30-50-083795_baseline,baseline,synchronized-expiry,1786710684.084000,34.000205,failure_amplification_factor,all,0.0344068009248092
2026-08-14_12-30-50-083795_baseline,baseline,synchronized-expiry,1786710685.084000,35.000205,failure_amplification_factor,all,0.03523967540844336
2026-08-14_12-30-50-083795_baseline,baseline,synchronized-expiry,1786710686.084000,36.000205,failure_amplification_factor,all,0.03422215497586143
2026-08-14_12-30-50-083795_baseline,baseline,synchronized-expiry,1786710687.084000,37.000205,failure_amplification_factor,all,0.03326253234534421
2026-08-14_12-30-50-083795_baseline,baseline,synchronized-expiry,1786710688.084000,38.000205,failure_amplification_factor,all,0.0323560667557542
2026-08-14_12-30-50-083795_baseline,baseline,synchronized-expiry,1786710689.084000,39.000205,failure_amplification_factor,all,0.031496163976142647
2026-08-14_12-30-50-083795_baseline,baseline,synchronized-expiry,1786710690.084000,40.000205,failure_amplification_factor,all,0.030681510117079046
2026-08-14_12-30-50-083795_baseline,baseline,synchronized-expiry,1786710691.084000,41.000205,failure_amplification_factor,all,0.029908684890270983
2026-08-14_12-30-50-083795_baseline,baseline,synchronized-expiry,1786710692.084000,42.000205,failure_amplification_factor,all,0.029172412398789416
2026-08-14_12-30-50-083795_baseline,baseline,synchronized-expiry,1786710693.084000,43.000205,failure_amplification_factor,all,0.028472197066115017
2026-08-14_12-30-50-083795_baseline,baseline,synchronized-expiry,1786710694.084000,44.000205,failure_amplification_factor,all,0.02956090153603133
2026-08-14_12-30-50-083795_baseline,baseline,synchronized-expiry,1786710695.084000,45.000205,failure_amplification_factor,all,0.0351748134314322
2026-08-14_12-30-50-083795_baseline,baseline,synchronized-expiry,1786710696.084000,46.000205,failure_amplification_factor,all,0.03438837592898786
2026-08-14_12-30-50-083795_baseline,baseline,synchronized-expiry,1786710697.084000,47.000205,failure_amplification_factor,all,0.03363527415259519
2026-08-14_12-30-50-083795_baseline,baseline,synchronized-expiry,1786710698.084000,48.000205,failure_amplification_factor,all,0.03291416876175745
2026-08-14_12-30-50-083795_baseline,baseline,synchronized-expiry,1786710699.084000,49.000205,failure_amplification_factor,all,0.03222333038920695
2026-08-14_12-30-50-083795_baseline,baseline,synchronized-expiry,1786710700.084000,50.000205,failure_amplification_factor,all,0.03156140356999765
2026-08-14_12-30-50-083795_baseline,baseline,synchronized-expiry,1786710701.084000,51.000205,failure_amplification_factor,all,0.030926141673971157
2026-08-14_12-30-50-083795_baseline,baseline,synchronized-expiry,1786710702.084000,52.000205,failure_amplification_factor,all,0.03031570178324317
2026-08-14_12-30-50-083795_baseline,baseline,synchronized-expiry,1786710703.084000,53.000205,failure_amplification_factor,all,0.02972864628695515
2026-08-14_12-30-50-083795_baseline,baseline,synchronized-expiry,1786710704.084000,54.000205,failure_amplification_factor,all,0.029164615008450783
2026-08-14_12-30-50-083795_baseline,baseline,synchronized-expiry,1786710705.084000,55.000205,failure_amplification_factor,all,0.03234393227136833
2026-08-14_12-30-50-083795_baseline,baseline,synchronized-expiry,1786710706.084000,56.000205,failure_amplification_factor,all,0.03403627426357146
2026-08-14_12-30-50-083795_baseline,baseline,synchronized-expiry,1786710707.084000,57.000205,failure_amplification_factor,all,0.033425072053659945
2026-08-14_12-30-50-083795_baseline,baseline,synchronized-expiry,1786710708.084000,58.000205,failure_amplification_factor,all,0.03283489203052926
2026-08-14_12-30-50-083795_baseline,baseline,synchronized-expiry,1786710709.084000,59.000205,failure_amplification_factor,all,0.03226573469697143
2026-08-14_12-30-50-083795_baseline,baseline,synchronized-expiry,1786710710.084000,60.000205,failure_amplification_factor,all,0.03171569705859159
2026-08-14_12-30-50-083795_baseline,baseline,synchronized-expiry,1786710650.084000,0.000205,cache_hit_ratio_total,all,0
2026-08-14_12-30-50-083795_baseline,baseline,synchronized-expiry,1786710651.084000,1.000205,cache_hit_ratio_total,all,0
2026-08-14_12-30-50-083795_baseline,baseline,synchronized-expiry,1786710652.084000,2.000205,cache_hit_ratio_total,all,0.904946362410281
2026-08-14_12-30-50-083795_baseline,baseline,synchronized-expiry,1786710653.084000,3.000205,cache_hit_ratio_total,all,0.9622168584045453
2026-08-14_12-30-50-083795_baseline,baseline,synchronized-expiry,1786710654.084000,4.000205,cache_hit_ratio_total,all,0.9764219959470423
2026-08-14_12-30-50-083795_baseline,baseline,synchronized-expiry,1786710655.084000,5.000205,cache_hit_ratio_total,all,0.9828647465999161
2026-08-14_12-30-50-083795_baseline,baseline,synchronized-expiry,1786710656.084000,6.000205,cache_hit_ratio_total,all,0.9865418551514792
2026-08-14_12-30-50-083795_baseline,baseline,synchronized-expiry,1786710657.084000,7.000205,cache_hit_ratio_total,all,0.9889197112196203
2026-08-14_12-30-50-083795_baseline,baseline,synchronized-expiry,1786710658.084000,8.000205,cache_hit_ratio_total,all,0.9905834921531982
2026-08-14_12-30-50-083795_baseline,baseline,synchronized-expiry,1786710659.084000,9.000205,cache_hit_ratio_total,all,0.9918128319744508
2026-08-14_12-30-50-083795_baseline,baseline,synchronized-expiry,1786710660.084000,10.000205,cache_hit_ratio_total,all,0.9929377897808411
2026-08-14_12-30-50-083795_baseline,baseline,synchronized-expiry,1786710661.084000,11.000205,cache_hit_ratio_total,all,1.0000000000000002
2026-08-14_12-30-50-083795_baseline,baseline,synchronized-expiry,1786710662.084000,12.000205,cache_hit_ratio_total,all,0.9611117284293572
2026-08-14_12-30-50-083795_baseline,baseline,synchronized-expiry,1786710663.084000,13.000205,cache_hit_ratio_total,all,0.9499996913408768
2026-08-14_12-30-50-083795_baseline,baseline,synchronized-expiry,1786710664.084000,14.000205,cache_hit_ratio_total,all,0.9500003086248294
2026-08-14_12-30-50-083795_baseline,baseline,synchronized-expiry,1786710665.084000,15.000205,cache_hit_ratio_total,all,0.9499993826474546
2026-08-14_12-30-50-083795_baseline,baseline,synchronized-expiry,1786710666.084000,16.000205,cache_hit_ratio_total,all,0.95
2026-08-14_12-30-50-083795_baseline,baseline,synchronized-expiry,1786710667.084000,17.000205,cache_hit_ratio_total,all,0.9499996913065757
2026-08-14_12-30-50-083795_baseline,baseline,synchronized-expiry,1786710668.084000,18.000205,cache_hit_ratio_total,all,0.9499996913065757
2026-08-14_12-30-50-083795_baseline,baseline,synchronized-expiry,1786710669.084000,19.000205,cache_hit_ratio_total,all,0.9500000000000002
2026-08-14_12-30-50-083795_baseline,baseline,synchronized-expiry,1786710670.084000,20.000205,cache_hit_ratio_total,all,0.9500006174211552
2026-08-14_12-30-50-083795_baseline,baseline,synchronized-expiry,1786710671.084000,21.000205,cache_hit_ratio_total,all,0.988889197582313
2026-08-14_12-30-50-083795_baseline,baseline,synchronized-expiry,1786710672.084000,22.000205,cache_hit_ratio_total,all,1
2026-08-14_12-30-50-083795_baseline,baseline,synchronized-expiry,1786710673.084000,23.000205,cache_hit_ratio_total,all,0.9694441357510202
2026-08-14_12-30-50-083795_baseline,baseline,synchronized-expiry,1786710674.084000,24.000205,cache_hit_ratio_total,all,0.9569443672796637
2026-08-14_12-30-50-083795_baseline,baseline,synchronized-expiry,1786710675.084000,25.000205,cache_hit_ratio_total,all,0.9555555555555556
2026-08-14_12-30-50-083795_baseline,baseline,synchronized-expiry,1786710676.084000,26.000205,cache_hit_ratio_total,all,0.9555555555555557
2026-08-14_12-30-50-083795_baseline,baseline,synchronized-expiry,1786710677.084000,27.000205,cache_hit_ratio_total,all,0.9555554012259941
2026-08-14_12-30-50-083795_baseline,baseline,synchronized-expiry,1786710678.084000,28.000205,cache_hit_ratio_total,all,0.9555552469135803
2026-08-14_12-30-50-083795_baseline,baseline,synchronized-expiry,1786710679.084000,29.000205,cache_hit_ratio_total,all,0.9555557098679702
2026-08-14_12-30-50-083795_baseline,baseline,synchronized-expiry,1786710680.084000,30.000205,cache_hit_ratio_total,all,0.955555401243141
2026-08-14_12-30-50-083795_baseline,baseline,synchronized-expiry,1786710681.084000,31.000205,cache_hit_ratio_total,all,0.9555555555555557
2026-08-14_12-30-50-083795_baseline,baseline,synchronized-expiry,1786710682.084000,32.000205,cache_hit_ratio_total,all,0.9861106481224263
2026-08-14_12-30-50-083795_baseline,baseline,synchronized-expiry,1786710683.084000,33.000205,cache_hit_ratio_total,all,0.9986110339463304
2026-08-14_12-30-50-083795_baseline,baseline,synchronized-expiry,1786710684.084000,34.000205,cache_hit_ratio_total,all,0.9763886573945467
2026-08-14_12-30-50-083795_baseline,baseline,synchronized-expiry,1786710685.084000,35.000205,cache_hit_ratio_total,all,0.9694447530692739
2026-08-14_12-30-50-083795_baseline,baseline,synchronized-expiry,1786710686.084000,36.000205,cache_hit_ratio_total,all,0.9694441358196149
2026-08-14_12-30-50-083795_baseline,baseline,synchronized-expiry,1786710687.084000,37.000205,cache_hit_ratio_total,all,0.9694444444444447
2026-08-14_12-30-50-083795_baseline,baseline,synchronized-expiry,1786710688.084000,38.000205,cache_hit_ratio_total,all,0.9694444444444447
2026-08-14_12-30-50-083795_baseline,baseline,synchronized-expiry,1786710689.084000,39.000205,cache_hit_ratio_total,all,0.9694447531035673
2026-08-14_12-30-50-083795_baseline,baseline,synchronized-expiry,1786710690.084000,40.000205,cache_hit_ratio_total,all,0.9694441357853213
2026-08-14_12-30-50-083795_baseline,baseline,synchronized-expiry,1786710691.084000,41.000205,cache_hit_ratio_total,all,0.9694444444444446
2026-08-14_12-30-50-083795_baseline,baseline,synchronized-expiry,1786710692.084000,42.000205,cache_hit_ratio_total,all,0.9694441358196151
2026-08-14_12-30-50-083795_baseline,baseline,synchronized-expiry,1786710693.084000,43.000205,cache_hit_ratio_total,all,0.9930555555555557
2026-08-14_12-30-50-083795_baseline,baseline,synchronized-expiry,1786710694.084000,44.000205,cache_hit_ratio_total,all,0.9875002314943423
2026-08-14_12-30-50-083795_baseline,baseline,synchronized-expiry,1786710695.084000,45.000205,cache_hit_ratio_total,all,0.9611111111111111
2026-08-14_12-30-50-083795_baseline,baseline,synchronized-expiry,1786710696.084000,46.000205,cache_hit_ratio_total,all,0.9611117284636566
2026-08-14_12-30-50-083795_baseline,baseline,synchronized-expiry,1786710697.084000,47.000205,cache_hit_ratio_total,all,0.9611114198045351
2026-08-14_12-30-50-083795_baseline,baseline,synchronized-expiry,1786710698.084000,48.000205,cache_hit_ratio_total,all,0.9611114198045352
2026-08-14_12-30-50-083795_baseline,baseline,synchronized-expiry,1786710699.084000,49.000205,cache_hit_ratio_total,all,0.9611111111111111
2026-08-14_12-30-50-083795_baseline,baseline,synchronized-expiry,1786710700.084000,50.000205,cache_hit_ratio_total,all,0.961111111111111
2026-08-14_12-30-50-083795_baseline,baseline,synchronized-expiry,1786710701.084000,51.000205,cache_hit_ratio_total,all,0.9611111111111111
2026-08-14_12-30-50-083795_baseline,baseline,synchronized-expiry,1786710702.084000,52.000205,cache_hit_ratio_total,all,0.9611111111111111
2026-08-14_12-30-50-083795_baseline,baseline,synchronized-expiry,1786710703.084000,53.000205,cache_hit_ratio_total,all,0.9736116513246033
2026-08-14_12-30-50-083795_baseline,baseline,synchronized-expiry,1786710704.084000,54.000205,cache_hit_ratio_total,all,0.9986111882673187
2026-08-14_12-30-50-083795_baseline,baseline,synchronized-expiry,1786710705.084000,55.000205,cache_hit_ratio_total,all,0.9861111111111113
2026-08-14_12-30-50-083795_baseline,baseline,synchronized-expiry,1786710706.084000,56.000205,cache_hit_ratio_total,all,0.9638890432013036
2026-08-14_12-30-50-083795_baseline,baseline,synchronized-expiry,1786710707.084000,57.000205,cache_hit_ratio_total,all,0.9638887345764742
2026-08-14_12-30-50-083795_baseline,baseline,synchronized-expiry,1786710708.084000,58.000205,cache_hit_ratio_total,all,0.9638890432184504
2026-08-14_12-30-50-083795_baseline,baseline,synchronized-expiry,1786710709.084000,59.000205,cache_hit_ratio_total,all,0.9638887345764742
2026-08-14_12-30-50-083795_baseline,baseline,synchronized-expiry,1786710710.084000,60.000205,cache_hit_ratio_total,all,0.9638888888888891
2026-08-14_12-30-50-083795_baseline,baseline,synchronized-expiry,1786710650.084000,0.000205,cache_hit_ratio_l1,all,0
2026-08-14_12-30-50-083795_baseline,baseline,synchronized-expiry,1786710651.084000,1.000205,cache_hit_ratio_l1,all,0
2026-08-14_12-30-50-083795_baseline,baseline,synchronized-expiry,1786710652.084000,2.000205,cache_hit_ratio_l1,all,0.8105341280791232
2026-08-14_12-30-50-083795_baseline,baseline,synchronized-expiry,1786710653.084000,3.000205,cache_hit_ratio_l1,all,0.8570339487783746
2026-08-14_12-30-50-083795_baseline,baseline,synchronized-expiry,1786710654.084000,4.000205,cache_hit_ratio_l1,all,0.863788515594658
2026-08-14_12-30-50-083795_baseline,baseline,synchronized-expiry,1786710655.084000,5.000205,cache_hit_ratio_l1,all,0.8702100134646886
2026-08-14_12-30-50-083795_baseline,baseline,synchronized-expiry,1786710656.084000,6.000205,cache_hit_ratio_l1,all,0.8793307609408986
2026-08-14_12-30-50-083795_baseline,baseline,synchronized-expiry,1786710657.084000,7.000205,cache_hit_ratio_l1,all,0.8829827255749623
2026-08-14_12-30-50-083795_baseline,baseline,synchronized-expiry,1786710658.084000,8.000205,cache_hit_ratio_l1,all,0.8836927960537935
2026-08-14_12-30-50-083795_baseline,baseline,synchronized-expiry,1786710659.084000,9.000205,cache_hit_ratio_l1,all,0.8825579332262671
2026-08-14_12-30-50-083795_baseline,baseline,synchronized-expiry,1786710660.084000,10.000205,cache_hit_ratio_l1,all,0.8876680758562935
2026-08-14_12-30-50-083795_baseline,baseline,synchronized-expiry,1786710661.084000,11.000205,cache_hit_ratio_l1,all,0.8958331018647113
2026-08-14_12-30-50-083795_baseline,baseline,synchronized-expiry,1786710662.084000,12.000205,cache_hit_ratio_l1,all,0.8597227623756875
2026-08-14_12-30-50-083795_baseline,baseline,synchronized-expiry,1786710663.084000,13.000205,cache_hit_ratio_l1,all,0.8611109567815495
2026-08-14_12-30-50-083795_baseline,baseline,synchronized-expiry,1786710664.084000,14.000205,cache_hit_ratio_l1,all,0.8638891975137183
2026-08-14_12-30-50-083795_baseline,baseline,synchronized-expiry,1786710665.084000,15.000205,cache_hit_ratio_l1,all,0.862499536985591
2026-08-14_12-30-50-083795_baseline,baseline,synchronized-expiry,1786710666.084000,16.000205,cache_hit_ratio_l1,all,0.8638888888888888
2026-08-14_12-30-50-083795_baseline,baseline,synchronized-expiry,1786710667.084000,17.000205,cache_hit_ratio_l1,all,0.8624997684799318
2026-08-14_12-30-50-083795_baseline,baseline,synchronized-expiry,1786710668.084000,18.000205,cache_hit_ratio_l1,all,0.8638887345421767
2026-08-14_12-30-50-083795_baseline,baseline,synchronized-expiry,1786710669.084000,19.000205,cache_hit_ratio_l1,all,0.8583333333333334
2026-08-14_12-30-50-083795_baseline,baseline,synchronized-expiry,1786710670.084000,20.000205,cache_hit_ratio_l1,all,0.8569442900891554
2026-08-14_12-30-50-083795_baseline,baseline,synchronized-expiry,1786710671.084000,21.000205,cache_hit_ratio_l1,all,0.8958338735468255
2026-08-14_12-30-50-083795_baseline,baseline,synchronized-expiry,1786710672.084000,22.000205,cache_hit_ratio_l1,all,0.8972222222222223
2026-08-14_12-30-50-083795_baseline,baseline,synchronized-expiry,1786710673.084000,23.000205,cache_hit_ratio_l1,all,0.8680554783821994
2026-08-14_12-30-50-083795_baseline,baseline,synchronized-expiry,1786710674.084000,24.000205,cache_hit_ratio_l1,all,0.865277391953874
2026-08-14_12-30-50-083795_baseline,baseline,synchronized-expiry,1786710675.084000,25.000205,cache_hit_ratio_l1,all,0.8652777777777778
2026-08-14_12-30-50-083795_baseline,baseline,synchronized-expiry,1786710676.084000,26.000205,cache_hit_ratio_l1,all,0.8680555555555557
2026-08-14_12-30-50-083795_baseline,baseline,synchronized-expiry,1786710677.084000,27.000205,cache_hit_ratio_l1,all,0.8680550154020903
2026-08-14_12-30-50-083795_baseline,baseline,synchronized-expiry,1786710678.084000,28.000205,cache_hit_ratio_l1,all,0.8708322530864198
2026-08-14_12-30-50-083795_baseline,baseline,synchronized-expiry,1786710679.084000,29.000205,cache_hit_ratio_l1,all,0.8694449073816886
2026-08-14_12-30-50-083795_baseline,baseline,synchronized-expiry,1786710680.084000,30.000205,cache_hit_ratio_l1,all,0.8680553240869335
2026-08-14_12-30-50-083795_baseline,baseline,synchronized-expiry,1786710681.084000,31.000205,cache_hit_ratio_l1,all,0.8666666666666668
2026-08-14_12-30-50-083795_baseline,baseline,synchronized-expiry,1786710682.084000,32.000205,cache_hit_ratio_l1,all,0.8930551697316517
2026-08-14_12-30-50-083795_baseline,baseline,synchronized-expiry,1786710683.084000,33.000205,cache_hit_ratio_l1,all,0.8930556327203364
2026-08-14_12-30-50-083795_baseline,baseline,synchronized-expiry,1786710684.084000,34.000205,cache_hit_ratio_l1,all,0.8694444444444445
2026-08-14_12-30-50-083795_baseline,baseline,synchronized-expiry,1786710685.084000,35.000205,cache_hit_ratio_l1,all,0.8666668209790814
2026-08-14_12-30-50-083795_baseline,baseline,synchronized-expiry,1786710686.084000,36.000205,cache_hit_ratio_l1,all,0.8680553240869333
2026-08-14_12-30-50-083795_baseline,baseline,synchronized-expiry,1786710687.084000,37.000205,cache_hit_ratio_l1,all,0.8680555555555557
2026-08-14_12-30-50-083795_baseline,baseline,synchronized-expiry,1786710688.084000,38.000205,cache_hit_ratio_l1,all,0.8694444444444447
2026-08-14_12-30-50-083795_baseline,baseline,synchronized-expiry,1786710689.084000,39.000205,cache_hit_ratio_l1,all,0.8736113426054531
2026-08-14_12-30-50-083795_baseline,baseline,synchronized-expiry,1786710690.084000,40.000205,cache_hit_ratio_l1,all,0.8722220678926607
2026-08-14_12-30-50-083795_baseline,baseline,synchronized-expiry,1786710691.084000,41.000205,cache_hit_ratio_l1,all,0.8736111111111111
2026-08-14_12-30-50-083795_baseline,baseline,synchronized-expiry,1786710692.084000,42.000205,cache_hit_ratio_l1,all,0.8736108796424891
2026-08-14_12-30-50-083795_baseline,baseline,synchronized-expiry,1786710693.084000,43.000205,cache_hit_ratio_l1,all,0.8930555555555557
2026-08-14_12-30-50-083795_baseline,baseline,synchronized-expiry,1786710694.084000,44.000205,cache_hit_ratio_l1,all,0.8833336419924563
2026-08-14_12-30-50-083795_baseline,baseline,synchronized-expiry,1786710695.084000,45.000205,cache_hit_ratio_l1,all,0.8624999999999999
2026-08-14_12-30-50-083795_baseline,baseline,synchronized-expiry,1786710696.084000,46.000205,cache_hit_ratio_l1,all,0.8680560185699646
2026-08-14_12-30-50-083795_baseline,baseline,synchronized-expiry,1786710697.084000,47.000205,cache_hit_ratio_l1,all,0.8652780092978457
2026-08-14_12-30-50-083795_baseline,baseline,synchronized-expiry,1786710698.084000,48.000205,cache_hit_ratio_l1,all,0.861111265457823
2026-08-14_12-30-50-083795_baseline,baseline,synchronized-expiry,1786710699.084000,49.000205,cache_hit_ratio_l1,all,0.8611111111111112
2026-08-14_12-30-50-083795_baseline,baseline,synchronized-expiry,1786710700.084000,50.000205,cache_hit_ratio_l1,all,0.861111111111111
2026-08-14_12-30-50-083795_baseline,baseline,synchronized-expiry,1786710701.084000,51.000205,cache_hit_ratio_l1,all,0.8624999999999999
2026-08-14_12-30-50-083795_baseline,baseline,synchronized-expiry,1786710702.084000,52.000205,cache_hit_ratio_l1,all,0.8666666666666666
2026-08-14_12-30-50-083795_baseline,baseline,synchronized-expiry,1786710703.084000,53.000205,cache_hit_ratio_l1,all,0.876389274755669
2026-08-14_12-30-50-083795_baseline,baseline,synchronized-expiry,1786710704.084000,54.000205,cache_hit_ratio_l1,all,0.8944444444444445
2026-08-14_12-30-50-083795_baseline,baseline,synchronized-expiry,1786710705.084000,55.000205,cache_hit_ratio_l1,all,0.8791666666666668
2026-08-14_12-30-50-083795_baseline,baseline,synchronized-expiry,1786710706.084000,56.000205,cache_hit_ratio_l1,all,0.8652777006215704
2026-08-14_12-30-50-083795_baseline,baseline,synchronized-expiry,1786710707.084000,57.000205,cache_hit_ratio_l1,all,0.8652777006215704
2026-08-14_12-30-50-083795_baseline,baseline,synchronized-expiry,1786710708.084000,58.000205,cache_hit_ratio_l1,all,0.8680554783907747
2026-08-14_12-30-50-083795_baseline,baseline,synchronized-expiry,1786710709.084000,59.000205,cache_hit_ratio_l1,all,0.8680554783993483
2026-08-14_12-30-50-083795_baseline,baseline,synchronized-expiry,1786710710.084000,60.000205,cache_hit_ratio_l1,all,0.8680555555555557
2026-08-14_12-30-50-083795_baseline,baseline,synchronized-expiry,1786710650.084000,0.000205,cache_hit_ratio_l2,all,0
2026-08-14_12-30-50-083795_baseline,baseline,synchronized-expiry,1786710651.084000,1.000205,cache_hit_ratio_l2,all,0
2026-08-14_12-30-50-083795_baseline,baseline,synchronized-expiry,1786710652.084000,2.000205,cache_hit_ratio_l2,all,0.09441223433115788
2026-08-14_12-30-50-083795_baseline,baseline,synchronized-expiry,1786710653.084000,3.000205,cache_hit_ratio_l2,all,0.10518290962617073
2026-08-14_12-30-50-083795_baseline,baseline,synchronized-expiry,1786710654.084000,4.000205,cache_hit_ratio_l2,all,0.11263348035238427
2026-08-14_12-30-50-083795_baseline,baseline,synchronized-expiry,1786710655.084000,5.000205,cache_hit_ratio_l2,all,0.11265473313522745
2026-08-14_12-30-50-083795_baseline,baseline,synchronized-expiry,1786710656.084000,6.000205,cache_hit_ratio_l2,all,0.10721109421058062
2026-08-14_12-30-50-083795_baseline,baseline,synchronized-expiry,1786710657.084000,7.000205,cache_hit_ratio_l2,all,0.10593698564465812
2026-08-14_12-30-50-083795_baseline,baseline,synchronized-expiry,1786710658.084000,8.000205,cache_hit_ratio_l2,all,0.1068906960994046
2026-08-14_12-30-50-083795_baseline,baseline,synchronized-expiry,1786710659.084000,9.000205,cache_hit_ratio_l2,all,0.10925489874818367
2026-08-14_12-30-50-083795_baseline,baseline,synchronized-expiry,1786710660.084000,10.000205,cache_hit_ratio_l2,all,0.10526971392454776
2026-08-14_12-30-50-083795_baseline,baseline,synchronized-expiry,1786710661.084000,11.000205,cache_hit_ratio_l2,all,0.10416689813528879
2026-08-14_12-30-50-083795_baseline,baseline,synchronized-expiry,1786710662.084000,12.000205,cache_hit_ratio_l2,all,0.10138896605366964
2026-08-14_12-30-50-083795_baseline,baseline,synchronized-expiry,1786710663.084000,13.000205,cache_hit_ratio_l2,all,0.08888873455932737
2026-08-14_12-30-50-083795_baseline,baseline,synchronized-expiry,1786710664.084000,14.000205,cache_hit_ratio_l2,all,0.08611111111111111
2026-08-14_12-30-50-083795_baseline,baseline,synchronized-expiry,1786710665.084000,15.000205,cache_hit_ratio_l2,all,0.08749984566186368
2026-08-14_12-30-50-083795_baseline,baseline,synchronized-expiry,1786710666.084000,16.000205,cache_hit_ratio_l2,all,0.08611111111111112
2026-08-14_12-30-50-083795_baseline,baseline,synchronized-expiry,1786710667.084000,17.000205,cache_hit_ratio_l2,all,0.08749992282664394
2026-08-14_12-30-50-083795_baseline,baseline,synchronized-expiry,1786710668.084000,18.000205,cache_hit_ratio_l2,all,0.08611095676439899
2026-08-14_12-30-50-083795_baseline,baseline,synchronized-expiry,1786710669.084000,19.000205,cache_hit_ratio_l2,all,0.09166666666666666
2026-08-14_12-30-50-083795_baseline,baseline,synchronized-expiry,1786710670.084000,20.000205,cache_hit_ratio_l2,all,0.0930563273319997
2026-08-14_12-30-50-083795_baseline,baseline,synchronized-expiry,1786710671.084000,21.000205,cache_hit_ratio_l2,all,0.0930553240354874
2026-08-14_12-30-50-083795_baseline,baseline,synchronized-expiry,1786710672.084000,22.000205,cache_hit_ratio_l2,all,0.10277777777777776
2026-08-14_12-30-50-083795_baseline,baseline,synchronized-expiry,1786710673.084000,23.000205,cache_hit_ratio_l2,all,0.10138865736882072
2026-08-14_12-30-50-083795_baseline,baseline,synchronized-expiry,1786710674.084000,24.000205,cache_hit_ratio_l2,all,0.0916669753257897
2026-08-14_12-30-50-083795_baseline,baseline,synchronized-expiry,1786710675.084000,25.000205,cache_hit_ratio_l2,all,0.09027777777777778
2026-08-14_12-30-50-083795_baseline,baseline,synchronized-expiry,1786710676.084000,26.000205,cache_hit_ratio_l2,all,0.0875
2026-08-14_12-30-50-083795_baseline,baseline,synchronized-expiry,1786710677.084000,27.000205,cache_hit_ratio_l2,all,0.08750038582390378
2026-08-14_12-30-50-083795_baseline,baseline,synchronized-expiry,1786710678.084000,28.000205,cache_hit_ratio_l2,all,0.0847229938271605
2026-08-14_12-30-50-083795_baseline,baseline,synchronized-expiry,1786710679.084000,29.000205,cache_hit_ratio_l2,all,0.08611080248628164
2026-08-14_12-30-50-083795_baseline,baseline,synchronized-expiry,1786710680.084000,30.000205,cache_hit_ratio_l2,all,0.08750007715620739
2026-08-14_12-30-50-083795_baseline,baseline,synchronized-expiry,1786710681.084000,31.000205,cache_hit_ratio_l2,all,0.08888888888888889
2026-08-14_12-30-50-083795_baseline,baseline,synchronized-expiry,1786710682.084000,32.000205,cache_hit_ratio_l2,all,0.0930554783907748
2026-08-14_12-30-50-083795_baseline,baseline,synchronized-expiry,1786710683.084000,33.000205,cache_hit_ratio_l2,all,0.10555540122599402
2026-08-14_12-30-50-083795_baseline,baseline,synchronized-expiry,1786710684.084000,34.000205,cache_hit_ratio_l2,all,0.10694421295010217
2026-08-14_12-30-50-083795_baseline,baseline,synchronized-expiry,1786710685.084000,35.000205,cache_hit_ratio_l2,all,0.10277793209019252
2026-08-14_12-30-50-083795_baseline,baseline,synchronized-expiry,1786710686.084000,36.000205,cache_hit_ratio_l2,all,0.1013888117326815
2026-08-14_12-30-50-083795_baseline,baseline,synchronized-expiry,1786710687.084000,37.000205,cache_hit_ratio_l2,all,0.10138888888888889
2026-08-14_12-30-50-083795_baseline,baseline,synchronized-expiry,1786710688.084000,38.000205,cache_hit_ratio_l2,all,0.1
2026-08-14_12-30-50-083795_baseline,baseline,synchronized-expiry,1786710689.084000,39.000205,cache_hit_ratio_l2,all,0.0958334104981141
2026-08-14_12-30-50-083795_baseline,baseline,synchronized-expiry,1786710690.084000,40.000205,cache_hit_ratio_l2,all,0.09722206789266069
2026-08-14_12-30-50-083795_baseline,baseline,synchronized-expiry,1786710691.084000,41.000205,cache_hit_ratio_l2,all,0.09583333333333334
2026-08-14_12-30-50-083795_baseline,baseline,synchronized-expiry,1786710692.084000,42.000205,cache_hit_ratio_l2,all,0.09583325617712596
2026-08-14_12-30-50-083795_baseline,baseline,synchronized-expiry,1786710693.084000,43.000205,cache_hit_ratio_l2,all,0.1
2026-08-14_12-30-50-083795_baseline,baseline,synchronized-expiry,1786710694.084000,44.000205,cache_hit_ratio_l2,all,0.10416658950188588
2026-08-14_12-30-50-083795_baseline,baseline,synchronized-expiry,1786710695.084000,45.000205,cache_hit_ratio_l2,all,0.09861111111111111
2026-08-14_12-30-50-083795_baseline,baseline,synchronized-expiry,1786710696.084000,46.000205,cache_hit_ratio_l2,all,0.0930557098936919
2026-08-14_12-30-50-083795_baseline,baseline,synchronized-expiry,1786710697.084000,47.000205,cache_hit_ratio_l2,all,0.09583341050668938
2026-08-14_12-30-50-083795_baseline,baseline,synchronized-expiry,1786710698.084000,48.000205,cache_hit_ratio_l2,all,0.10000015434671211
2026-08-14_12-30-50-083795_baseline,baseline,synchronized-expiry,1786710699.084000,49.000205,cache_hit_ratio_l2,all,0.09999999999999999
2026-08-14_12-30-50-083795_baseline,baseline,synchronized-expiry,1786710700.084000,50.000205,cache_hit_ratio_l2,all,0.1
2026-08-14_12-30-50-083795_baseline,baseline,synchronized-expiry,1786710701.084000,51.000205,cache_hit_ratio_l2,all,0.09861111111111111
2026-08-14_12-30-50-083795_baseline,baseline,synchronized-expiry,1786710702.084000,52.000205,cache_hit_ratio_l2,all,0.09444444444444444
2026-08-14_12-30-50-083795_baseline,baseline,synchronized-expiry,1786710703.084000,53.000205,cache_hit_ratio_l2,all,0.09722237656893432
2026-08-14_12-30-50-083795_baseline,baseline,synchronized-expiry,1786710704.084000,54.000205,cache_hit_ratio_l2,all,0.10416674382287403
2026-08-14_12-30-50-083795_baseline,baseline,synchronized-expiry,1786710705.084000,55.000205,cache_hit_ratio_l2,all,0.10694444444444447
2026-08-14_12-30-50-083795_baseline,baseline,synchronized-expiry,1786710706.084000,56.000205,cache_hit_ratio_l2,all,0.09861134257973322
2026-08-14_12-30-50-083795_baseline,baseline,synchronized-expiry,1786710707.084000,57.000205,cache_hit_ratio_l2,all,0.09861103395490374
2026-08-14_12-30-50-083795_baseline,baseline,synchronized-expiry,1786710708.084000,58.000205,cache_hit_ratio_l2,all,0.0958335648276756
2026-08-14_12-30-50-083795_baseline,baseline,synchronized-expiry,1786710709.084000,59.000205,cache_hit_ratio_l2,all,0.09583325617712596
2026-08-14_12-30-50-083795_baseline,baseline,synchronized-expiry,1786710710.084000,60.000205,cache_hit_ratio_l2,all,0.09583333333333335
2026-08-14_12-30-50-083795_baseline,baseline,synchronized-expiry,1786710650.084000,0.000205,request_duration_p95,all,NaN
2026-08-14_12-30-50-083795_baseline,baseline,synchronized-expiry,1786710651.084000,1.000205,request_duration_p95,all,NaN
2026-08-14_12-30-50-083795_baseline,baseline,synchronized-expiry,1786710652.084000,2.000205,request_duration_p95,all,0.18842397505134217
2026-08-14_12-30-50-083795_baseline,baseline,synchronized-expiry,1786710653.084000,3.000205,request_duration_p95,all,0.000987303425108554
2026-08-14_12-30-50-083795_baseline,baseline,synchronized-expiry,1786710654.084000,4.000205,request_duration_p95,all,0.0009729399828591374
2026-08-14_12-30-50-083795_baseline,baseline,synchronized-expiry,1786710655.084000,5.000205,request_duration_p95,all,0.0009665622897620378
2026-08-14_12-30-50-083795_baseline,baseline,synchronized-expiry,1786710656.084000,6.000205,request_duration_p95,all,0.0009629596504591603
2026-08-14_12-30-50-083795_baseline,baseline,synchronized-expiry,1786710657.084000,7.000205,request_duration_p95,all,0.0009606442153209574
2026-08-14_12-30-50-083795_baseline,baseline,synchronized-expiry,1786710658.084000,8.000205,request_duration_p95,all,0.0009590307203030578
2026-08-14_12-30-50-083795_baseline,baseline,synchronized-expiry,1786710659.084000,9.000205,request_duration_p95,all,0.0009578420135065082
2026-08-14_12-30-50-083795_baseline,baseline,synchronized-expiry,1786710660.084000,10.000205,request_duration_p95,all,0.0009569297446199418
2026-08-14_12-30-50-083795_baseline,baseline,synchronized-expiry,1786710661.084000,11.000205,request_duration_p95,all,0.00095
2026-08-14_12-30-50-083795_baseline,baseline,synchronized-expiry,1786710662.084000,12.000205,request_duration_p95,all,0.0009623551020303295
2026-08-14_12-30-50-083795_baseline,baseline,synchronized-expiry,1786710663.084000,13.000205,request_duration_p95,all,0.0009916674518524102
2026-08-14_12-30-50-083795_baseline,baseline,synchronized-expiry,1786710664.084000,14.000205,request_duration_p95,all,0.0009999996751318642
2026-08-14_12-30-50-083795_baseline,baseline,synchronized-expiry,1786710665.084000,15.000205,request_duration_p95,all,0.10001666851871818
2026-08-14_12-30-50-083795_baseline,baseline,synchronized-expiry,1786710666.084000,16.000205,request_duration_p95,all,0.0009999999999999998
2026-08-14_12-30-50-083795_baseline,baseline,synchronized-expiry,1786710667.084000,17.000205,request_duration_p95,all,0.10000833472245352
2026-08-14_12-30-50-083795_baseline,baseline,synchronized-expiry,1786710668.084000,18.000205,request_duration_p95,all,0.10000833472245352
2026-08-14_12-30-50-083795_baseline,baseline,synchronized-expiry,1786710669.084000,19.000205,request_duration_p95,all,0.0009999999999999998
2026-08-14_12-30-50-083795_baseline,baseline,synchronized-expiry,1786710670.084000,20.000205,request_duration_p95,all,0.0009999993500834168
2026-08-14_12-30-50-083795_baseline,baseline,synchronized-expiry,1786710671.084000,21.000205,request_duration_p95,all,0.0009860251955147341
2026-08-14_12-30-50-083795_baseline,baseline,synchronized-expiry,1786710672.084000,22.000205,request_duration_p95,all,0.000957917106505917
2026-08-14_12-30-50-083795_baseline,baseline,synchronized-expiry,1786710673.084000,23.000205,request_duration_p95,all,0.0009636106220220473
2026-08-14_12-30-50-083795_baseline,baseline,synchronized-expiry,1786710674.084000,24.000205,request_duration_p95,all,0.000987227639660649
2026-08-14_12-30-50-083795_baseline,baseline,synchronized-expiry,1786710675.084000,25.000205,request_duration_p95,all,0.0009941860465116279
2026-08-14_12-30-50-083795_baseline,baseline,synchronized-expiry,1786710676.084000,26.000205,request_duration_p95,all,0.0009941860465116279
2026-08-14_12-30-50-083795_baseline,baseline,synchronized-expiry,1786710677.084000,27.000205,request_duration_p95,all,0.0009941862070803364
2026-08-14_12-30-50-083795_baseline,baseline,synchronized-expiry,1786710678.084000,28.000205,request_duration_p95,all,0.0009941863676312555
2026-08-14_12-30-50-083795_baseline,baseline,synchronized-expiry,1786710679.084000,29.000205,request_duration_p95,all,0.000994185885960811
2026-08-14_12-30-50-083795_baseline,baseline,synchronized-expiry,1786710680.084000,30.000205,request_duration_p95,all,0.0009941862070624965
2026-08-14_12-30-50-083795_baseline,baseline,synchronized-expiry,1786710681.084000,31.000205,request_duration_p95,all,0.0009941860465116279
2026-08-14_12-30-50-083795_baseline,baseline,synchronized-expiry,1786710682.084000,32.000205,request_duration_p95,all,0.0009794370795734723
2026-08-14_12-30-50-083795_baseline,baseline,synchronized-expiry,1786710683.084000,33.000205,request_duration_p95,all,0.0009566067653276957
2026-08-14_12-30-50-083795_baseline,baseline,synchronized-expiry,1786710684.084000,34.000205,request_duration_p95,all,0.000966216520378014
2026-08-14_12-30-50-083795_baseline,baseline,synchronized-expiry,1786710685.084000,35.000205,request_duration_p95,all,0.0009799423814428707
2026-08-14_12-30-50-083795_baseline,baseline,synchronized-expiry,1786710686.084000,36.000205,request_duration_p95,all,0.0009799430053768123
2026-08-14_12-30-50-083795_baseline,baseline,synchronized-expiry,1786710687.084000,37.000205,request_duration_p95,all,0.000979942693409742
2026-08-14_12-30-50-083795_baseline,baseline,synchronized-expiry,1786710688.084000,38.000205,request_duration_p95,all,0.000979942693409742
2026-08-14_12-30-50-083795_baseline,baseline,synchronized-expiry,1786710689.084000,39.000205,request_duration_p95,all,0.000979942381408206
2026-08-14_12-30-50-083795_baseline,baseline,synchronized-expiry,1786710690.084000,40.000205,request_duration_p95,all,0.0009799430054114773
2026-08-14_12-30-50-083795_baseline,baseline,synchronized-expiry,1786710691.084000,41.000205,request_duration_p95,all,0.0009799426934097419
2026-08-14_12-30-50-083795_baseline,baseline,synchronized-expiry,1786710692.084000,42.000205,request_duration_p95,all,0.0009799430053768123
2026-08-14_12-30-50-083795_baseline,baseline,synchronized-expiry,1786710693.084000,43.000205,request_duration_p95,all,0.0009632867132867133
2026-08-14_12-30-50-083795_baseline,baseline,synchronized-expiry,1786710694.084000,44.000205,request_duration_p95,all,0.0009553444353696079
2026-08-14_12-30-50-083795_baseline,baseline,synchronized-expiry,1786710695.084000,45.000205,request_duration_p95,all,0.000977456647398844
2026-08-14_12-30-50-083795_baseline,baseline,synchronized-expiry,1786710696.084000,46.000205,request_duration_p95,all,0.0009884386714524662
2026-08-14_12-30-50-083795_baseline,baseline,synchronized-expiry,1786710697.084000,47.000205,request_duration_p95,all,0.0009884389888876826
2026-08-14_12-30-50-083795_baseline,baseline,synchronized-expiry,1786710698.084000,48.000205,request_duration_p95,all,0.0009884389888876826
2026-08-14_12-30-50-083795_baseline,baseline,synchronized-expiry,1786710699.084000,49.000205,request_duration_p95,all,0.0009884393063583816
2026-08-14_12-30-50-083795_baseline,baseline,synchronized-expiry,1786710700.084000,50.000205,request_duration_p95,all,0.0009884393063583816
2026-08-14_12-30-50-083795_baseline,baseline,synchronized-expiry,1786710701.084000,51.000205,request_duration_p95,all,0.0009884393063583816
2026-08-14_12-30-50-083795_baseline,baseline,synchronized-expiry,1786710702.084000,52.000205,request_duration_p95,all,0.0009884393063583816
2026-08-14_12-30-50-083795_baseline,baseline,synchronized-expiry,1786710703.084000,53.000205,request_duration_p95,all,0.0009825244944793494
2026-08-14_12-30-50-083795_baseline,baseline,synchronized-expiry,1786710704.084000,54.000205,request_duration_p95,all,0.0009605706760248231
2026-08-14_12-30-50-083795_baseline,baseline,synchronized-expiry,1786710705.084000,55.000205,request_duration_p95,all,0.0009580281690140846
2026-08-14_12-30-50-083795_baseline,baseline,synchronized-expiry,1786710706.084000,56.000205,request_duration_p95,all,0.0009828527164993045
2026-08-14_12-30-50-083795_baseline,baseline,synchronized-expiry,1786710707.084000,57.000205,request_duration_p95,all,0.0009855909358847555
2026-08-14_12-30-50-083795_baseline,baseline,synchronized-expiry,1786710708.084000,58.000205,request_duration_p95,all,0.0009855906202937276
2026-08-14_12-30-50-083795_baseline,baseline,synchronized-expiry,1786710709.084000,59.000205,request_duration_p95,all,0.0009855909358847555
2026-08-14_12-30-50-083795_baseline,baseline,synchronized-expiry,1786710710.084000,60.000205,request_duration_p95,all,0.0009855907780979827
2026-08-14_12-30-50-083795_baseline,baseline,synchronized-expiry,1786710650.084000,0.000205,request_duration_p99,all,NaN
2026-08-14_12-30-50-083795_baseline,baseline,synchronized-expiry,1786710651.084000,1.000205,request_duration_p99,all,NaN
2026-08-14_12-30-50-083795_baseline,baseline,synchronized-expiry,1786710652.084000,2.000205,request_duration_p99,all,0.3657781939242599
2026-08-14_12-30-50-083795_baseline,baseline,synchronized-expiry,1786710653.084000,3.000205,request_duration_p99,all,0.23718270182993462
2026-08-14_12-30-50-083795_baseline,baseline,synchronized-expiry,1786710654.084000,4.000205,request_duration_p99,all,0.20743302654598011
2026-08-14_12-30-50-083795_baseline,baseline,synchronized-expiry,1786710655.084000,5.000205,request_duration_p99,all,0.17768460044101386
2026-08-14_12-30-50-083795_baseline,baseline,synchronized-expiry,1786710656.084000,6.000205,request_duration_p99,all,0.1479365634745563
2026-08-14_12-30-50-083795_baseline,baseline,synchronized-expiry,1786710657.084000,7.000205,request_duration_p99,all,0.11818850578944468
2026-08-14_12-30-50-083795_baseline,baseline,synchronized-expiry,1786710658.084000,8.000205,request_duration_p99,all,0.0009994109611579235
2026-08-14_12-30-50-083795_baseline,baseline,synchronized-expiry,1786710659.084000,9.000205,request_duration_p99,all,0.0009981722035488877
2026-08-14_12-30-50-083795_baseline,baseline,synchronized-expiry,1786710660.084000,10.000205,request_duration_p99,all,0.0009972215233407813
2026-08-14_12-30-50-083795_baseline,baseline,synchronized-expiry,1786710661.084000,11.000205,request_duration_p99,all,0.0009900000000000002
2026-08-14_12-30-50-083795_baseline,baseline,synchronized-expiry,1786710662.084000,12.000205,request_duration_p99,all,0.1746145202511184
2026-08-14_12-30-50-083795_baseline,baseline,synchronized-expiry,1786710663.084000,13.000205,request_duration_p99,all,0.8626963511884906
2026-08-14_12-30-50-083795_baseline,baseline,synchronized-expiry,1786710664.084000,14.000205,request_duration_p99,all,0.8874984375651024
2026-08-14_12-30-50-083795_baseline,baseline,synchronized-expiry,1786710665.084000,15.000205,request_duration_p99,all,0.8875031252604375
2026-08-14_12-30-50-083795_baseline,baseline,synchronized-expiry,1786710666.084000,16.000205,request_duration_p99,all,0.8874999999999991
2026-08-14_12-30-50-083795_baseline,baseline,synchronized-expiry,1786710667.084000,17.000205,request_duration_p99,all,0.8875015627387528
2026-08-14_12-30-50-083795_baseline,baseline,synchronized-expiry,1786710668.084000,18.000205,request_duration_p99,all,0.8875015627387528
2026-08-14_12-30-50-083795_baseline,baseline,synchronized-expiry,1786710669.084000,19.000205,request_duration_p99,all,0.8874999999999991
2026-08-14_12-30-50-083795_baseline,baseline,synchronized-expiry,1786710670.084000,20.000205,request_duration_p99,all,0.8874968742185558
2026-08-14_12-30-50-083795_baseline,baseline,synchronized-expiry,1786710671.084000,21.000205,request_duration_p99,all,0.8845328279320437
2026-08-14_12-30-50-083795_baseline,baseline,synchronized-expiry,1786710672.084000,22.000205,request_duration_p99,all,0.0009982504583587978
2026-08-14_12-30-50-083795_baseline,baseline,synchronized-expiry,1786710673.084000,23.000205,request_duration_p99,all,0.20950833472245917
2026-08-14_12-30-50-083795_baseline,baseline,synchronized-expiry,1786710674.084000,24.000205,request_duration_p99,all,0.6381242577661114
2026-08-14_12-30-50-083795_baseline,baseline,synchronized-expiry,1786710675.084000,25.000205,request_duration_p99,all,0.6499999999999992
2026-08-14_12-30-50-083795_baseline,baseline,synchronized-expiry,1786710676.084000,26.000205,request_duration_p99,all,0.6500000000000004
2026-08-14_12-30-50-083795_baseline,baseline,synchronized-expiry,1786710677.084000,27.000205,request_duration_p99,all,0.6500000000000004
2026-08-14_12-30-50-083795_baseline,baseline,synchronized-expiry,1786710678.084000,28.000205,request_duration_p99,all,0.6499999999999997
2026-08-14_12-30-50-083795_baseline,baseline,synchronized-expiry,1786710679.084000,29.000205,request_duration_p99,all,0.6500000000000004
2026-08-14_12-30-50-083795_baseline,baseline,synchronized-expiry,1786710680.084000,30.000205,request_duration_p99,all,0.6500000000000004
2026-08-14_12-30-50-083795_baseline,baseline,synchronized-expiry,1786710681.084000,31.000205,request_duration_p99,all,0.6500000000000004
2026-08-14_12-30-50-083795_baseline,baseline,synchronized-expiry,1786710682.084000,32.000205,request_duration_p99,all,0.6356257943094453
2026-08-14_12-30-50-083795_baseline,baseline,synchronized-expiry,1786710683.084000,33.000205,request_duration_p99,all,0.0009968849449204405
2026-08-14_12-30-50-083795_baseline,baseline,synchronized-expiry,1786710684.084000,34.000205,request_duration_p99,all,0.2765686894080394
2026-08-14_12-30-50-083795_baseline,baseline,synchronized-expiry,1786710685.084000,35.000205,request_duration_p99,all,0.3615366864663904
2026-08-14_12-30-50-083795_baseline,baseline,synchronized-expiry,1786710686.084000,36.000205,request_duration_p99,all,0.3615402365650224
2026-08-14_12-30-50-083795_baseline,baseline,synchronized-expiry,1786710687.084000,37.000205,request_duration_p99,all,0.36153846153846053
2026-08-14_12-30-50-083795_baseline,baseline,synchronized-expiry,1786710688.084000,38.000205,request_duration_p99,all,0.36153846153846053
2026-08-14_12-30-50-083795_baseline,baseline,synchronized-expiry,1786710689.084000,39.000205,request_duration_p99,all,0.36153668626914637
2026-08-14_12-30-50-083795_baseline,baseline,synchronized-expiry,1786710690.084000,40.000205,request_duration_p99,all,0.3615402367622548
2026-08-14_12-30-50-083795_baseline,baseline,synchronized-expiry,1786710691.084000,41.000205,request_duration_p99,all,0.36153846153846003
2026-08-14_12-30-50-083795_baseline,baseline,synchronized-expiry,1786710692.084000,42.000205,request_duration_p99,all,0.3615402365650224
2026-08-14_12-30-50-083795_baseline,baseline,synchronized-expiry,1786710693.084000,43.000205,request_duration_p99,all,0.18250000000000233
2026-08-14_12-30-50-083795_baseline,baseline,synchronized-expiry,1786710694.084000,44.000205,request_duration_p99,all,0.0009955694642272757
2026-08-14_12-30-50-083795_baseline,baseline,synchronized-expiry,1786710695.084000,45.000205,request_duration_p99,all,0.3855555555555562
2026-08-14_12-30-50-083795_baseline,baseline,synchronized-expiry,1786710696.084000,46.000205,request_duration_p99,all,0.49614746811638505
2026-08-14_12-30-50-083795_baseline,baseline,synchronized-expiry,1786710697.084000,47.000205,request_duration_p99,all,0.4961506569442914
2026-08-14_12-30-50-083795_baseline,baseline,synchronized-expiry,1786710698.084000,48.000205,request_duration_p99,all,0.4961506569442914
2026-08-14_12-30-50-083795_baseline,baseline,synchronized-expiry,1786710699.084000,49.000205,request_duration_p99,all,0.49615384615384633
2026-08-14_12-30-50-083795_baseline,baseline,synchronized-expiry,1786710700.084000,50.000205,request_duration_p99,all,0.4961538461538446
2026-08-14_12-30-50-083795_baseline,baseline,synchronized-expiry,1786710701.084000,51.000205,request_duration_p99,all,0.49615384615384633
2026-08-14_12-30-50-083795_baseline,baseline,synchronized-expiry,1786710702.084000,52.000205,request_duration_p99,all,0.49615384615384633
2026-08-14_12-30-50-083795_baseline,baseline,synchronized-expiry,1786710703.084000,53.000205,request_duration_p99,all,0.49431435195942774
2026-08-14_12-30-50-083795_baseline,baseline,synchronized-expiry,1786710704.084000,54.000205,request_duration_p99,all,0.29564432130655116
2026-08-14_12-30-50-083795_baseline,baseline,synchronized-expiry,1786710705.084000,55.000205,request_duration_p99,all,0.0009983661971830987
2026-08-14_12-30-50-083795_baseline,baseline,synchronized-expiry,1786710706.084000,56.000205,request_duration_p99,all,0.39699980000888657
2026-08-14_12-30-50-083795_baseline,baseline,synchronized-expiry,1786710707.084000,57.000205,request_duration_p99,all,0.40882301041115304
2026-08-14_12-30-50-083795_baseline,baseline,synchronized-expiry,1786710708.084000,58.000205,request_duration_p99,all,0.40882404847344067
2026-08-14_12-30-50-083795_baseline,baseline,synchronized-expiry,1786710709.084000,59.000205,request_duration_p99,all,0.40882301041115304
2026-08-14_12-30-50-083795_baseline,baseline,synchronized-expiry,1786710710.084000,60.000205,request_duration_p99,all,0.40882352941176536
