experiment_id,experiment_name,test_name,timestamp,relative_time_seconds,metric,series,value
2026-08-24_12-37-49-825335_baseline,baseline,burst-load,1787575069.825000,-0.000335,all_requests,all,0
2026-08-24_12-37-49-825335_baseline,baseline,burst-load,1787575070.825000,0.999665,all_requests,all,2
2026-08-24_12-37-49-825335_baseline,baseline,burst-load,1787575071.825000,1.999665,all_requests,all,19
2026-08-24_12-37-49-825335_baseline,baseline,burst-load,1787575072.825000,2.999665,all_requests,all,39
2026-08-24_12-37-49-825335_baseline,baseline,burst-load,1787575073.825000,3.999665,all_requests,all,59
2026-08-24_12-37-49-825335_baseline,baseline,burst-load,1787575074.825000,4.999665,all_requests,all,79
2026-08-24_12-37-49-825335_baseline,baseline,burst-load,1787575075.825000,5.999665,all_requests,all,99
2026-08-24_12-37-49-825335_baseline,baseline,burst-load,1787575076.825000,6.999665,all_requests,all,119
2026-08-24_12-37-49-825335_baseline,baseline,burst-load,1787575077.825000,7.999665,all_requests,all,139
2026-08-24_12-37-49-825335_baseline,baseline,burst-load,1787575078.825000,8.999665,all_requests,all,159
2026-08-24_12-37-49-825335_baseline,baseline,burst-load,1787575079.825000,9.999665,all_requests,all,179
2026-08-24_12-37-49-825335_baseline,baseline,burst-load,1787575080.825000,10.999665,all_requests,all,199
2026-08-24_12-37-49-825335_baseline,baseline,burst-load,1787575081.825000,11.999665,all_requests,all,219
2026-08-24_12-37-49-825335_baseline,baseline,burst-load,1787575082.825000,12.999665,all_requests,all,239
2026-08-24_12-37-49-825335_baseline,baseline,burst-load,1787575083.825000,13.999665,all_requests,all,259
2026-08-24_12-37-49-825335_baseline,baseline,burst-load,1787575084.825000,14.999665,all_requests,all,279
2026-08-24_12-37-49-825335_baseline,baseline,burst-load,1787575085.825000,15.999665,all_requests,all,299
2026-08-24_12-37-49-825335_baseline,baseline,burst-load,1787575086.825000,16.999665,all_requests,all,319
2026-08-24_12-37-49-825335_baseline,baseline,burst-load,1787575087.825000,17.999665,all_requests,all,339
2026-08-24_12-37-49-825335_baseline,baseline,burst-load,1787575088.825000,18.999665,all_requests,all,359
2026-08-24_12-37-49-825335_baseline,baseline,burst-load,1787575089.825000,19.999665,all_requests,all,379
2026-08-24_12-37-49-825335_baseline,baseline,burst-load,1787575090.825000,20.999665,all_requests,all,399
2026-08-24_12-37-49-825335_baseline,baseline,burst-load,1787575091.825000,21.999665,all_requests,all,419
2026-08-24_12-37-49-825335_baseline,baseline,burst-load,1787575092.825000,22.999665,all_requests,all,439
2026-08-24_12-37-49-825335_baseline,baseline,burst-load,1787575093.825000,23.999665,all_requests,all,459
2026-08-24_12-37-49-825335_baseline,baseline,burst-load,1787575094.825000,24.999665,all_requests,all,479
2026-08-24_12-37-49-825335_baseline,baseline,burst-load,1787575095.825000,25.999665,all_requests,all,499
2026-08-24_12-37-49-825335_baseline,baseline,burst-load,1787575096.825000,26.999665,all_requests,all,519
2026-08-24_12-37-49-825335_baseline,baseline,burst-load,1787575097.825000,27.999665,all_requests,all,539
2026-08-24_12-37-49-825335_baseline,baseline,burst-load,1787575098.825000,28.999665,all_requests,all,559
2026-08-24_12-37-49-825335_baseline,baseline,burst-load,1787575099.825000,29.999665,all_requests,all,579
2026-08-24_12-37-49-825335_baseline,baseline,burst-load,1787575100.825000,30.999665,all_requests,all,601
2026-08-24_12-37-49-825335_baseline,baseline,burst-load,1787575101.825000,31.999665,all_requests,all,695
2026-08-24_12-37-49-825335_baseline,baseline,burst-load,1787575102.825000,32.999665,all_requests,all,872
2026-08-24_12-37-49-825335_baseline,baseline,burst-load,1787575103.825000,33.999665,all_requests,all,1050
2026-08-24_12-37-49-825335_baseline,baseline,burst-load,1787575104.825000,34.999665,all_requests,all,1230
2026-08-24_12-37-49-825335_baseline,baseline,burst-load,1787575105.825000,35.999665,all_requests,all,1410
2026-08-24_12-37-49-825335_baseline,baseline,burst-load,1787575106.825000,36.999665,all_requests,all,1590
2026-08-24_12-37-49-825335_baseline,baseline,burst-load,1787575107.825000,37.999665,all_requests,all,1770
2026-08-24_12-37-49-825335_baseline,baseline,burst-load,1787575108.825000,38.999665,all_requests,all,1950
2026-08-24_12-37-49-825335_baseline,baseline,burst-load,1787575109.825000,39.999665,all_requests,all,2130
2026-08-24_12-37-49-825335_baseline,baseline,burst-load,1787575110.825000,40.999665,all_requests,all,2311
2026-08-24_12-37-49-825335_baseline,baseline,burst-load,1787575111.825000,41.999665,all_requests,all,2491
2026-08-24_12-37-49-825335_baseline,baseline,burst-load,1787575112.825000,42.999665,all_requests,all,2670
2026-08-24_12-37-49-825335_baseline,baseline,burst-load,1787575113.825000,43.999665,all_requests,all,2850
2026-08-24_12-37-49-825335_baseline,baseline,burst-load,1787575114.825000,44.999665,all_requests,all,3030
2026-08-24_12-37-49-825335_baseline,baseline,burst-load,1787575115.825000,45.999665,all_requests,all,3210
2026-08-24_12-37-49-825335_baseline,baseline,burst-load,1787575116.825000,46.999665,all_requests,all,3390
2026-08-24_12-37-49-825335_baseline,baseline,burst-load,1787575117.825000,47.999665,all_requests,all,3570
2026-08-24_12-37-49-825335_baseline,baseline,burst-load,1787575118.825000,48.999665,all_requests,all,3750
2026-08-24_12-37-49-825335_baseline,baseline,burst-load,1787575119.825000,49.999665,all_requests,all,3930
2026-08-24_12-37-49-825335_baseline,baseline,burst-load,1787575120.825000,50.999665,all_requests,all,4110
2026-08-24_12-37-49-825335_baseline,baseline,burst-load,1787575121.825000,51.999665,all_requests,all,4290
2026-08-24_12-37-49-825335_baseline,baseline,burst-load,1787575122.825000,52.999665,all_requests,all,4470
2026-08-24_12-37-49-825335_baseline,baseline,burst-load,1787575123.825000,53.999665,all_requests,all,4650
2026-08-24_12-37-49-825335_baseline,baseline,burst-load,1787575124.825000,54.999665,all_requests,all,4830
2026-08-24_12-37-49-825335_baseline,baseline,burst-load,1787575125.825000,55.999665,all_requests,all,5010
2026-08-24_12-37-49-825335_baseline,baseline,burst-load,1787575126.825000,56.999665,all_requests,all,5190
2026-08-24_12-37-49-825335_baseline,baseline,burst-load,1787575127.825000,57.999665,all_requests,all,5370
2026-08-24_12-37-49-825335_baseline,baseline,burst-load,1787575128.825000,58.999665,all_requests,all,5550
2026-08-24_12-37-49-825335_baseline,baseline,burst-load,1787575129.825000,59.999665,all_requests,all,5730
2026-08-24_12-37-49-825335_baseline,baseline,burst-load,1787575130.825000,60.999665,all_requests,all,5910
2026-08-24_12-37-49-825335_baseline,baseline,burst-load,1787575131.825000,61.999665,all_requests,all,6090
2026-08-24_12-37-49-825335_baseline,baseline,burst-load,1787575132.825000,62.999665,all_requests,all,6270
2026-08-24_12-37-49-825335_baseline,baseline,burst-load,1787575133.825000,63.999665,all_requests,all,6450
2026-08-24_12-37-49-825335_baseline,baseline,burst-load,1787575134.825000,64.999665,all_requests,all,6630
2026-08-24_12-37-49-825335_baseline,baseline,burst-load,1787575135.825000,65.999665,all_requests,all,6810
2026-08-24_12-37-49-825335_baseline,baseline,burst-load,1787575136.825000,66.999665,all_requests,all,6990
2026-08-24_12-37-49-825335_baseline,baseline,burst-load,1787575137.825000,67.999665,all_requests,all,7170
2026-08-24_12-37-49-825335_baseline,baseline,burst-load,1787575138.825000,68.999665,all_requests,all,7350
2026-08-24_12-37-49-825335_baseline,baseline,burst-load,1787575139.825000,69.999665,all_requests,all,7530
2026-08-24_12-37-49-825335_baseline,baseline,burst-load,1787575140.825000,70.999665,all_requests,all,7710
2026-08-24_12-37-49-825335_baseline,baseline,burst-load,1787575141.825000,71.999665,all_requests,all,7890
2026-08-24_12-37-49-825335_baseline,baseline,burst-load,1787575142.825000,72.999665,all_requests,all,8070
2026-08-24_12-37-49-825335_baseline,baseline,burst-load,1787575143.825000,73.999665,all_requests,all,8250
2026-08-24_12-37-49-825335_baseline,baseline,burst-load,1787575144.825000,74.999665,all_requests,all,8430
2026-08-24_12-37-49-825335_baseline,baseline,burst-load,1787575145.825000,75.999665,all_requests,all,8610
2026-08-24_12-37-49-825335_baseline,baseline,burst-load,1787575146.825000,76.999665,all_requests,all,8788
2026-08-24_12-37-49-825335_baseline,baseline,burst-load,1787575147.825000,77.999665,all_requests,all,8894
2026-08-24_12-37-49-825335_baseline,baseline,burst-load,1787575148.825000,78.999665,all_requests,all,8919
2026-08-24_12-37-49-825335_baseline,baseline,burst-load,1787575149.825000,79.999665,all_requests,all,8939
2026-08-24_12-37-49-825335_baseline,baseline,burst-load,1787575150.825000,80.999665,all_requests,all,8959
2026-08-24_12-37-49-825335_baseline,baseline,burst-load,1787575151.825000,81.999665,all_requests,all,8979
2026-08-24_12-37-49-825335_baseline,baseline,burst-load,1787575152.825000,82.999665,all_requests,all,8999
2026-08-24_12-37-49-825335_baseline,baseline,burst-load,1787575153.825000,83.999665,all_requests,all,9019
2026-08-24_12-37-49-825335_baseline,baseline,burst-load,1787575154.825000,84.999665,all_requests,all,9039
2026-08-24_12-37-49-825335_baseline,baseline,burst-load,1787575155.825000,85.999665,all_requests,all,9059
2026-08-24_12-37-49-825335_baseline,baseline,burst-load,1787575156.825000,86.999665,all_requests,all,9079
2026-08-24_12-37-49-825335_baseline,baseline,burst-load,1787575157.825000,87.999665,all_requests,all,9099
2026-08-24_12-37-49-825335_baseline,baseline,burst-load,1787575158.825000,88.999665,all_requests,all,9119
2026-08-24_12-37-49-825335_baseline,baseline,burst-load,1787575159.825000,89.999665,all_requests,all,9139
2026-08-24_12-37-49-825335_baseline,baseline,burst-load,1787575160.825000,90.999665,all_requests,all,9159
2026-08-24_12-37-49-825335_baseline,baseline,burst-load,1787575161.825000,91.999665,all_requests,all,9179
2026-08-24_12-37-49-825335_baseline,baseline,burst-load,1787575162.825000,92.999665,all_requests,all,9199
2026-08-24_12-37-49-825335_baseline,baseline,burst-load,1787575163.825000,93.999665,all_requests,all,9219
2026-08-24_12-37-49-825335_baseline,baseline,burst-load,1787575164.825000,94.999665,all_requests,all,9239
2026-08-24_12-37-49-825335_baseline,baseline,burst-load,1787575165.825000,95.999665,all_requests,all,9259
2026-08-24_12-37-49-825335_baseline,baseline,burst-load,1787575166.825000,96.999665,all_requests,all,9279
2026-08-24_12-37-49-825335_baseline,baseline,burst-load,1787575167.825000,97.999665,all_requests,all,9299
2026-08-24_12-37-49-825335_baseline,baseline,burst-load,1787575168.825000,98.999665,all_requests,all,9319
2026-08-24_12-37-49-825335_baseline,baseline,burst-load,1787575169.825000,99.999665,all_requests,all,9339
2026-08-24_12-37-49-825335_baseline,baseline,burst-load,1787575170.825000,100.999665,all_requests,all,9359
2026-08-24_12-37-49-825335_baseline,baseline,burst-load,1787575171.825000,101.999665,all_requests,all,9379
2026-08-24_12-37-49-825335_baseline,baseline,burst-load,1787575172.825000,102.999665,all_requests,all,9399
2026-08-24_12-37-49-825335_baseline,baseline,burst-load,1787575173.825000,103.999665,all_requests,all,9419
2026-08-24_12-37-49-825335_baseline,baseline,burst-load,1787575174.825000,104.999665,all_requests,all,9439
2026-08-24_12-37-49-825335_baseline,baseline,burst-load,1787575175.825000,105.999665,all_requests,all,9459
2026-08-24_12-37-49-825335_baseline,baseline,burst-load,1787575176.825000,106.999665,all_requests,all,9479
2026-08-24_12-37-49-825335_baseline,baseline,burst-load,1787575177.825000,107.999665,all_requests,all,9499
2026-08-24_12-37-49-825335_baseline,baseline,burst-load,1787575178.825000,108.999665,all_requests,all,9519
2026-08-24_12-37-49-825335_baseline,baseline,burst-load,1787575179.825000,109.999665,all_requests,all,9539
2026-08-24_12-37-49-825335_baseline,baseline,burst-load,1787575180.825000,110.999665,all_requests,all,9559
2026-08-24_12-37-49-825335_baseline,baseline,burst-load,1787575181.825000,111.999665,all_requests,all,9579
2026-08-24_12-37-49-825335_baseline,baseline,burst-load,1787575182.825000,112.999665,all_requests,all,9599
2026-08-24_12-37-49-825335_baseline,baseline,burst-load,1787575183.825000,113.999665,all_requests,all,9619
2026-08-24_12-37-49-825335_baseline,baseline,burst-load,1787575184.825000,114.999665,all_requests,all,9639
2026-08-24_12-37-49-825335_baseline,baseline,burst-load,1787575185.825000,115.999665,all_requests,all,9659
2026-08-24_12-37-49-825335_baseline,baseline,burst-load,1787575186.825000,116.999665,all_requests,all,9679
2026-08-24_12-37-49-825335_baseline,baseline,burst-load,1787575187.825000,117.999665,all_requests,all,9699
2026-08-24_12-37-49-825335_baseline,baseline,burst-load,1787575188.825000,118.999665,all_requests,all,9719
2026-08-24_12-37-49-825335_baseline,baseline,burst-load,1787575189.825000,119.999665,all_requests,all,9739
2026-08-24_12-37-49-825335_baseline,baseline,burst-load,1787575190.825000,120.999665,all_requests,all,9759
2026-08-24_12-37-49-825335_baseline,baseline,burst-load,1787575191.825000,121.999665,all_requests,all,9779
2026-08-24_12-37-49-825335_baseline,baseline,burst-load,1787575069.825000,-0.000335,l1_hits,all,0
2026-08-24_12-37-49-825335_baseline,baseline,burst-load,1787575070.825000,0.999665,l1_hits,all,0
2026-08-24_12-37-49-825335_baseline,baseline,burst-load,1787575071.825000,1.999665,l1_hits,all,0
2026-08-24_12-37-49-825335_baseline,baseline,burst-load,1787575072.825000,2.999665,l1_hits,all,6
2026-08-24_12-37-49-825335_baseline,baseline,burst-load,1787575073.825000,3.999665,l1_hits,all,15
2026-08-24_12-37-49-825335_baseline,baseline,burst-load,1787575074.825000,4.999665,l1_hits,all,22
2026-08-24_12-37-49-825335_baseline,baseline,burst-load,1787575075.825000,5.999665,l1_hits,all,33
2026-08-24_12-37-49-825335_baseline,baseline,burst-load,1787575076.825000,6.999665,l1_hits,all,44
2026-08-24_12-37-49-825335_baseline,baseline,burst-load,1787575077.825000,7.999665,l1_hits,all,52
2026-08-24_12-37-49-825335_baseline,baseline,burst-load,1787575078.825000,8.999665,l1_hits,all,61
2026-08-24_12-37-49-825335_baseline,baseline,burst-load,1787575079.825000,9.999665,l1_hits,all,71
2026-08-24_12-37-49-825335_baseline,baseline,burst-load,1787575080.825000,10.999665,l1_hits,all,80
2026-08-24_12-37-49-825335_baseline,baseline,burst-load,1787575081.825000,11.999665,l1_hits,all,95
2026-08-24_12-37-49-825335_baseline,baseline,burst-load,1787575082.825000,12.999665,l1_hits,all,103
2026-08-24_12-37-49-825335_baseline,baseline,burst-load,1787575083.825000,13.999665,l1_hits,all,107
2026-08-24_12-37-49-825335_baseline,baseline,burst-load,1787575084.825000,14.999665,l1_hits,all,117
2026-08-24_12-37-49-825335_baseline,baseline,burst-load,1787575085.825000,15.999665,l1_hits,all,126
2026-08-24_12-37-49-825335_baseline,baseline,burst-load,1787575086.825000,16.999665,l1_hits,all,135
2026-08-24_12-37-49-825335_baseline,baseline,burst-load,1787575087.825000,17.999665,l1_hits,all,141
2026-08-24_12-37-49-825335_baseline,baseline,burst-load,1787575088.825000,18.999665,l1_hits,all,152
2026-08-24_12-37-49-825335_baseline,baseline,burst-load,1787575089.825000,19.999665,l1_hits,all,158
2026-08-24_12-37-49-825335_baseline,baseline,burst-load,1787575090.825000,20.999665,l1_hits,all,164
2026-08-24_12-37-49-825335_baseline,baseline,burst-load,1787575091.825000,21.999665,l1_hits,all,174
2026-08-24_12-37-49-825335_baseline,baseline,burst-load,1787575092.825000,22.999665,l1_hits,all,185
2026-08-24_12-37-49-825335_baseline,baseline,burst-load,1787575093.825000,23.999665,l1_hits,all,193
2026-08-24_12-37-49-825335_baseline,baseline,burst-load,1787575094.825000,24.999665,l1_hits,all,200
2026-08-24_12-37-49-825335_baseline,baseline,burst-load,1787575095.825000,25.999665,l1_hits,all,207
2026-08-24_12-37-49-825335_baseline,baseline,burst-load,1787575096.825000,26.999665,l1_hits,all,219
2026-08-24_12-37-49-825335_baseline,baseline,burst-load,1787575097.825000,27.999665,l1_hits,all,233
2026-08-24_12-37-49-825335_baseline,baseline,burst-load,1787575098.825000,28.999665,l1_hits,all,242
2026-08-24_12-37-49-825335_baseline,baseline,burst-load,1787575099.825000,29.999665,l1_hits,all,247
2026-08-24_12-37-49-825335_baseline,baseline,burst-load,1787575100.825000,30.999665,l1_hits,all,256
2026-08-24_12-37-49-825335_baseline,baseline,burst-load,1787575101.825000,31.999665,l1_hits,all,307
2026-08-24_12-37-49-825335_baseline,baseline,burst-load,1787575102.825000,32.999665,l1_hits,all,432
2026-08-24_12-37-49-825335_baseline,baseline,burst-load,1787575103.825000,33.999665,l1_hits,all,552
2026-08-24_12-37-49-825335_baseline,baseline,burst-load,1787575104.825000,34.999665,l1_hits,all,676
2026-08-24_12-37-49-825335_baseline,baseline,burst-load,1787575105.825000,35.999665,l1_hits,all,787
2026-08-24_12-37-49-825335_baseline,baseline,burst-load,1787575106.825000,36.999665,l1_hits,all,911
2026-08-24_12-37-49-825335_baseline,baseline,burst-load,1787575107.825000,37.999665,l1_hits,all,1019
2026-08-24_12-37-49-825335_baseline,baseline,burst-load,1787575108.825000,38.999665,l1_hits,all,1137
2026-08-24_12-37-49-825335_baseline,baseline,burst-load,1787575109.825000,39.999665,l1_hits,all,1255
2026-08-24_12-37-49-825335_baseline,baseline,burst-load,1787575110.825000,40.999665,l1_hits,all,1381
2026-08-24_12-37-49-825335_baseline,baseline,burst-load,1787575111.825000,41.999665,l1_hits,all,1507
2026-08-24_12-37-49-825335_baseline,baseline,burst-load,1787575112.825000,42.999665,l1_hits,all,1630
2026-08-24_12-37-49-825335_baseline,baseline,burst-load,1787575113.825000,43.999665,l1_hits,all,1772
2026-08-24_12-37-49-825335_baseline,baseline,burst-load,1787575114.825000,44.999665,l1_hits,all,1893
2026-08-24_12-37-49-825335_baseline,baseline,burst-load,1787575115.825000,45.999665,l1_hits,all,2014
2026-08-24_12-37-49-825335_baseline,baseline,burst-load,1787575116.825000,46.999665,l1_hits,all,2143
2026-08-24_12-37-49-825335_baseline,baseline,burst-load,1787575117.825000,47.999665,l1_hits,all,2274
2026-08-24_12-37-49-825335_baseline,baseline,burst-load,1787575118.825000,48.999665,l1_hits,all,2401
2026-08-24_12-37-49-825335_baseline,baseline,burst-load,1787575119.825000,49.999665,l1_hits,all,2517
2026-08-24_12-37-49-825335_baseline,baseline,burst-load,1787575120.825000,50.999665,l1_hits,all,2634
2026-08-24_12-37-49-825335_baseline,baseline,burst-load,1787575121.825000,51.999665,l1_hits,all,2766
2026-08-24_12-37-49-825335_baseline,baseline,burst-load,1787575122.825000,52.999665,l1_hits,all,2874
2026-08-24_12-37-49-825335_baseline,baseline,burst-load,1787575123.825000,53.999665,l1_hits,all,3001
2026-08-24_12-37-49-825335_baseline,baseline,burst-load,1787575124.825000,54.999665,l1_hits,all,3125
2026-08-24_12-37-49-825335_baseline,baseline,burst-load,1787575125.825000,55.999665,l1_hits,all,3251
2026-08-24_12-37-49-825335_baseline,baseline,burst-load,1787575126.825000,56.999665,l1_hits,all,3375
2026-08-24_12-37-49-825335_baseline,baseline,burst-load,1787575127.825000,57.999665,l1_hits,all,3510
2026-08-24_12-37-49-825335_baseline,baseline,burst-load,1787575128.825000,58.999665,l1_hits,all,3633
2026-08-24_12-37-49-825335_baseline,baseline,burst-load,1787575129.825000,59.999665,l1_hits,all,3750
2026-08-24_12-37-49-825335_baseline,baseline,burst-load,1787575130.825000,60.999665,l1_hits,all,3885
2026-08-24_12-37-49-825335_baseline,baseline,burst-load,1787575131.825000,61.999665,l1_hits,all,4008
2026-08-24_12-37-49-825335_baseline,baseline,burst-load,1787575132.825000,62.999665,l1_hits,all,4132
2026-08-24_12-37-49-825335_baseline,baseline,burst-load,1787575133.825000,63.999665,l1_hits,all,4261
2026-08-24_12-37-49-825335_baseline,baseline,burst-load,1787575134.825000,64.999665,l1_hits,all,4369
2026-08-24_12-37-49-825335_baseline,baseline,burst-load,1787575135.825000,65.999665,l1_hits,all,4485
2026-08-24_12-37-49-825335_baseline,baseline,burst-load,1787575136.825000,66.999665,l1_hits,all,4607
2026-08-24_12-37-49-825335_baseline,baseline,burst-load,1787575137.825000,67.999665,l1_hits,all,4734
2026-08-24_12-37-49-825335_baseline,baseline,burst-load,1787575138.825000,68.999665,l1_hits,all,4870
2026-08-24_12-37-49-825335_baseline,baseline,burst-load,1787575139.825000,69.999665,l1_hits,all,4994
2026-08-24_12-37-49-825335_baseline,baseline,burst-load,1787575140.825000,70.999665,l1_hits,all,5115
2026-08-24_12-37-49-825335_baseline,baseline,burst-load,1787575141.825000,71.999665,l1_hits,all,5239
2026-08-24_12-37-49-825335_baseline,baseline,burst-load,1787575142.825000,72.999665,l1_hits,all,5360
2026-08-24_12-37-49-825335_baseline,baseline,burst-load,1787575143.825000,73.999665,l1_hits,all,5490
2026-08-24_12-37-49-825335_baseline,baseline,burst-load,1787575144.825000,74.999665,l1_hits,all,5615
2026-08-24_12-37-49-825335_baseline,baseline,burst-load,1787575145.825000,75.999665,l1_hits,all,5737
2026-08-24_12-37-49-825335_baseline,baseline,burst-load,1787575146.825000,76.999665,l1_hits,all,5857
2026-08-24_12-37-49-825335_baseline,baseline,burst-load,1787575147.825000,77.999665,l1_hits,all,5932
2026-08-24_12-37-49-825335_baseline,baseline,burst-load,1787575148.825000,78.999665,l1_hits,all,5949
2026-08-24_12-37-49-825335_baseline,baseline,burst-load,1787575149.825000,79.999665,l1_hits,all,5960
2026-08-24_12-37-49-825335_baseline,baseline,burst-load,1787575150.825000,80.999665,l1_hits,all,5969
2026-08-24_12-37-49-825335_baseline,baseline,burst-load,1787575151.825000,81.999665,l1_hits,all,5975
2026-08-24_12-37-49-825335_baseline,baseline,burst-load,1787575152.825000,82.999665,l1_hits,all,5982
2026-08-24_12-37-49-825335_baseline,baseline,burst-load,1787575153.825000,83.999665,l1_hits,all,5991
2026-08-24_12-37-49-825335_baseline,baseline,burst-load,1787575154.825000,84.999665,l1_hits,all,6003
2026-08-24_12-37-49-825335_baseline,baseline,burst-load,1787575155.825000,85.999665,l1_hits,all,6015
2026-08-24_12-37-49-825335_baseline,baseline,burst-load,1787575156.825000,86.999665,l1_hits,all,6021
2026-08-24_12-37-49-825335_baseline,baseline,burst-load,1787575157.825000,87.999665,l1_hits,all,6029
2026-08-24_12-37-49-825335_baseline,baseline,burst-load,1787575158.825000,88.999665,l1_hits,all,6033
2026-08-24_12-37-49-825335_baseline,baseline,burst-load,1787575159.825000,89.999665,l1_hits,all,6041
2026-08-24_12-37-49-825335_baseline,baseline,burst-load,1787575160.825000,90.999665,l1_hits,all,6052
2026-08-24_12-37-49-825335_baseline,baseline,burst-load,1787575161.825000,91.999665,l1_hits,all,6057
2026-08-24_12-37-49-825335_baseline,baseline,burst-load,1787575162.825000,92.999665,l1_hits,all,6066
2026-08-24_12-37-49-825335_baseline,baseline,burst-load,1787575163.825000,93.999665,l1_hits,all,6074
2026-08-24_12-37-49-825335_baseline,baseline,burst-load,1787575164.825000,94.999665,l1_hits,all,6086
2026-08-24_12-37-49-825335_baseline,baseline,burst-load,1787575165.825000,95.999665,l1_hits,all,6094
2026-08-24_12-37-49-825335_baseline,baseline,burst-load,1787575166.825000,96.999665,l1_hits,all,6100
2026-08-24_12-37-49-825335_baseline,baseline,burst-load,1787575167.825000,97.999665,l1_hits,all,6107
2026-08-24_12-37-49-825335_baseline,baseline,burst-load,1787575168.825000,98.999665,l1_hits,all,6116
2026-08-24_12-37-49-825335_baseline,baseline,burst-load,1787575169.825000,99.999665,l1_hits,all,6123
2026-08-24_12-37-49-825335_baseline,baseline,burst-load,1787575170.825000,100.999665,l1_hits,all,6135
2026-08-24_12-37-49-825335_baseline,baseline,burst-load,1787575171.825000,101.999665,l1_hits,all,6143
2026-08-24_12-37-49-825335_baseline,baseline,burst-load,1787575172.825000,102.999665,l1_hits,all,6154
2026-08-24_12-37-49-825335_baseline,baseline,burst-load,1787575173.825000,103.999665,l1_hits,all,6162
2026-08-24_12-37-49-825335_baseline,baseline,burst-load,1787575174.825000,104.999665,l1_hits,all,6169
2026-08-24_12-37-49-825335_baseline,baseline,burst-load,1787575175.825000,105.999665,l1_hits,all,6177
2026-08-24_12-37-49-825335_baseline,baseline,burst-load,1787575176.825000,106.999665,l1_hits,all,6184
2026-08-24_12-37-49-825335_baseline,baseline,burst-load,1787575177.825000,107.999665,l1_hits,all,6195
2026-08-24_12-37-49-825335_baseline,baseline,burst-load,1787575178.825000,108.999665,l1_hits,all,6200
2026-08-24_12-37-49-825335_baseline,baseline,burst-load,1787575179.825000,109.999665,l1_hits,all,6210
2026-08-24_12-37-49-825335_baseline,baseline,burst-load,1787575180.825000,110.999665,l1_hits,all,6220
2026-08-24_12-37-49-825335_baseline,baseline,burst-load,1787575181.825000,111.999665,l1_hits,all,6229
2026-08-24_12-37-49-825335_baseline,baseline,burst-load,1787575182.825000,112.999665,l1_hits,all,6238
2026-08-24_12-37-49-825335_baseline,baseline,burst-load,1787575183.825000,113.999665,l1_hits,all,6248
2026-08-24_12-37-49-825335_baseline,baseline,burst-load,1787575184.825000,114.999665,l1_hits,all,6258
2026-08-24_12-37-49-825335_baseline,baseline,burst-load,1787575185.825000,115.999665,l1_hits,all,6264
2026-08-24_12-37-49-825335_baseline,baseline,burst-load,1787575186.825000,116.999665,l1_hits,all,6275
2026-08-24_12-37-49-825335_baseline,baseline,burst-load,1787575187.825000,117.999665,l1_hits,all,6281
2026-08-24_12-37-49-825335_baseline,baseline,burst-load,1787575188.825000,118.999665,l1_hits,all,6286
2026-08-24_12-37-49-825335_baseline,baseline,burst-load,1787575189.825000,119.999665,l1_hits,all,6295
2026-08-24_12-37-49-825335_baseline,baseline,burst-load,1787575190.825000,120.999665,l1_hits,all,6303
2026-08-24_12-37-49-825335_baseline,baseline,burst-load,1787575191.825000,121.999665,l1_hits,all,6310
2026-08-24_12-37-49-825335_baseline,baseline,burst-load,1787575069.825000,-0.000335,l2_hits,all,0
2026-08-24_12-37-49-825335_baseline,baseline,burst-load,1787575070.825000,0.999665,l2_hits,all,0
2026-08-24_12-37-49-825335_baseline,baseline,burst-load,1787575071.825000,1.999665,l2_hits,all,2
2026-08-24_12-37-49-825335_baseline,baseline,burst-load,1787575072.825000,2.999665,l2_hits,all,4
2026-08-24_12-37-49-825335_baseline,baseline,burst-load,1787575073.825000,3.999665,l2_hits,all,7
2026-08-24_12-37-49-825335_baseline,baseline,burst-load,1787575074.825000,4.999665,l2_hits,all,12
2026-08-24_12-37-49-825335_baseline,baseline,burst-load,1787575075.825000,5.999665,l2_hits,all,17
2026-08-24_12-37-49-825335_baseline,baseline,burst-load,1787575076.825000,6.999665,l2_hits,all,20
2026-08-24_12-37-49-825335_baseline,baseline,burst-load,1787575077.825000,7.999665,l2_hits,all,29
2026-08-24_12-37-49-825335_baseline,baseline,burst-load,1787575078.825000,8.999665,l2_hits,all,36
2026-08-24_12-37-49-825335_baseline,baseline,burst-load,1787575079.825000,9.999665,l2_hits,all,44
2026-08-24_12-37-49-825335_baseline,baseline,burst-load,1787575080.825000,10.999665,l2_hits,all,51
2026-08-24_12-37-49-825335_baseline,baseline,burst-load,1787575081.825000,11.999665,l2_hits,all,53
2026-08-24_12-37-49-825335_baseline,baseline,burst-load,1787575082.825000,12.999665,l2_hits,all,60
2026-08-24_12-37-49-825335_baseline,baseline,burst-load,1787575083.825000,13.999665,l2_hits,all,75
2026-08-24_12-37-49-825335_baseline,baseline,burst-load,1787575084.825000,14.999665,l2_hits,all,82
2026-08-24_12-37-49-825335_baseline,baseline,burst-load,1787575085.825000,15.999665,l2_hits,all,92
2026-08-24_12-37-49-825335_baseline,baseline,burst-load,1787575086.825000,16.999665,l2_hits,all,99
2026-08-24_12-37-49-825335_baseline,baseline,burst-load,1787575087.825000,17.999665,l2_hits,all,107
2026-08-24_12-37-49-825335_baseline,baseline,burst-load,1787575088.825000,18.999665,l2_hits,all,112
2026-08-24_12-37-49-825335_baseline,baseline,burst-load,1787575089.825000,19.999665,l2_hits,all,118
2026-08-24_12-37-49-825335_baseline,baseline,burst-load,1787575090.825000,20.999665,l2_hits,all,121
2026-08-24_12-37-49-825335_baseline,baseline,burst-load,1787575091.825000,21.999665,l2_hits,all,123
2026-08-24_12-37-49-825335_baseline,baseline,burst-load,1787575092.825000,22.999665,l2_hits,all,127
2026-08-24_12-37-49-825335_baseline,baseline,burst-load,1787575093.825000,23.999665,l2_hits,all,135
2026-08-24_12-37-49-825335_baseline,baseline,burst-load,1787575094.825000,24.999665,l2_hits,all,143
2026-08-24_12-37-49-825335_baseline,baseline,burst-load,1787575095.825000,25.999665,l2_hits,all,153
2026-08-24_12-37-49-825335_baseline,baseline,burst-load,1787575096.825000,26.999665,l2_hits,all,158
2026-08-24_12-37-49-825335_baseline,baseline,burst-load,1787575097.825000,27.999665,l2_hits,all,163
2026-08-24_12-37-49-825335_baseline,baseline,burst-load,1787575098.825000,28.999665,l2_hits,all,170
2026-08-24_12-37-49-825335_baseline,baseline,burst-load,1787575099.825000,29.999665,l2_hits,all,180
2026-08-24_12-37-49-825335_baseline,baseline,burst-load,1787575100.825000,30.999665,l2_hits,all,189
2026-08-24_12-37-49-825335_baseline,baseline,burst-load,1787575101.825000,31.999665,l2_hits,all,217
2026-08-24_12-37-49-825335_baseline,baseline,burst-load,1787575102.825000,32.999665,l2_hits,all,245
2026-08-24_12-37-49-825335_baseline,baseline,burst-load,1787575103.825000,33.999665,l2_hits,all,287
2026-08-24_12-37-49-825335_baseline,baseline,burst-load,1787575104.825000,34.999665,l2_hits,all,329
2026-08-24_12-37-49-825335_baseline,baseline,burst-load,1787575105.825000,35.999665,l2_hits,all,388
2026-08-24_12-37-49-825335_baseline,baseline,burst-load,1787575106.825000,36.999665,l2_hits,all,436
2026-08-24_12-37-49-825335_baseline,baseline,burst-load,1787575107.825000,37.999665,l2_hits,all,498
2026-08-24_12-37-49-825335_baseline,baseline,burst-load,1787575108.825000,38.999665,l2_hits,all,550
2026-08-24_12-37-49-825335_baseline,baseline,burst-load,1787575109.825000,39.999665,l2_hits,all,607
2026-08-24_12-37-49-825335_baseline,baseline,burst-load,1787575110.825000,40.999665,l2_hits,all,657
2026-08-24_12-37-49-825335_baseline,baseline,burst-load,1787575111.825000,41.999665,l2_hits,all,707
2026-08-24_12-37-49-825335_baseline,baseline,burst-load,1787575112.825000,42.999665,l2_hits,all,761
2026-08-24_12-37-49-825335_baseline,baseline,burst-load,1787575113.825000,43.999665,l2_hits,all,794
2026-08-24_12-37-49-825335_baseline,baseline,burst-load,1787575114.825000,44.999665,l2_hits,all,850
2026-08-24_12-37-49-825335_baseline,baseline,burst-load,1787575115.825000,45.999665,l2_hits,all,905
2026-08-24_12-37-49-825335_baseline,baseline,burst-load,1787575116.825000,46.999665,l2_hits,all,951
2026-08-24_12-37-49-825335_baseline,baseline,burst-load,1787575117.825000,47.999665,l2_hits,all,989
2026-08-24_12-37-49-825335_baseline,baseline,burst-load,1787575118.825000,48.999665,l2_hits,all,1019
2026-08-24_12-37-49-825335_baseline,baseline,burst-load,1787575119.825000,49.999665,l2_hits,all,1060
2026-08-24_12-37-49-825335_baseline,baseline,burst-load,1787575120.825000,50.999665,l2_hits,all,1112
2026-08-24_12-37-49-825335_baseline,baseline,burst-load,1787575121.825000,51.999665,l2_hits,all,1152
2026-08-24_12-37-49-825335_baseline,baseline,burst-load,1787575122.825000,52.999665,l2_hits,all,1215
2026-08-24_12-37-49-825335_baseline,baseline,burst-load,1787575123.825000,53.999665,l2_hits,all,1260
2026-08-24_12-37-49-825335_baseline,baseline,burst-load,1787575124.825000,54.999665,l2_hits,all,1310
2026-08-24_12-37-49-825335_baseline,baseline,burst-load,1787575125.825000,55.999665,l2_hits,all,1358
2026-08-24_12-37-49-825335_baseline,baseline,burst-load,1787575126.825000,56.999665,l2_hits,all,1410
2026-08-24_12-37-49-825335_baseline,baseline,burst-load,1787575127.825000,57.999665,l2_hits,all,1452
2026-08-24_12-37-49-825335_baseline,baseline,burst-load,1787575128.825000,58.999665,l2_hits,all,1507
2026-08-24_12-37-49-825335_baseline,baseline,burst-load,1787575129.825000,59.999665,l2_hits,all,1560
2026-08-24_12-37-49-825335_baseline,baseline,burst-load,1787575130.825000,60.999665,l2_hits,all,1604
2026-08-24_12-37-49-825335_baseline,baseline,burst-load,1787575131.825000,61.999665,l2_hits,all,1653
2026-08-24_12-37-49-825335_baseline,baseline,burst-load,1787575132.825000,62.999665,l2_hits,all,1704
2026-08-24_12-37-49-825335_baseline,baseline,burst-load,1787575133.825000,63.999665,l2_hits,all,1745
2026-08-24_12-37-49-825335_baseline,baseline,burst-load,1787575134.825000,64.999665,l2_hits,all,1789
2026-08-24_12-37-49-825335_baseline,baseline,burst-load,1787575135.825000,65.999665,l2_hits,all,1837
2026-08-24_12-37-49-825335_baseline,baseline,burst-load,1787575136.825000,66.999665,l2_hits,all,1883
2026-08-24_12-37-49-825335_baseline,baseline,burst-load,1787575137.825000,67.999665,l2_hits,all,1928
2026-08-24_12-37-49-825335_baseline,baseline,burst-load,1787575138.825000,68.999665,l2_hits,all,1961
2026-08-24_12-37-49-825335_baseline,baseline,burst-load,1787575139.825000,69.999665,l2_hits,all,2009
2026-08-24_12-37-49-825335_baseline,baseline,burst-load,1787575140.825000,70.999665,l2_hits,all,2059
2026-08-24_12-37-49-825335_baseline,baseline,burst-load,1787575141.825000,71.999665,l2_hits,all,2105
2026-08-24_12-37-49-825335_baseline,baseline,burst-load,1787575142.825000,72.999665,l2_hits,all,2158
2026-08-24_12-37-49-825335_baseline,baseline,burst-load,1787575143.825000,73.999665,l2_hits,all,2204
2026-08-24_12-37-49-825335_baseline,baseline,burst-load,1787575144.825000,74.999665,l2_hits,all,2255
2026-08-24_12-37-49-825335_baseline,baseline,burst-load,1787575145.825000,75.999665,l2_hits,all,2311
2026-08-24_12-37-49-825335_baseline,baseline,burst-load,1787575146.825000,76.999665,l2_hits,all,2364
2026-08-24_12-37-49-825335_baseline,baseline,burst-load,1787575147.825000,77.999665,l2_hits,all,2387
2026-08-24_12-37-49-825335_baseline,baseline,burst-load,1787575148.825000,78.999665,l2_hits,all,2394
2026-08-24_12-37-49-825335_baseline,baseline,burst-load,1787575149.825000,79.999665,l2_hits,all,2401
2026-08-24_12-37-49-825335_baseline,baseline,burst-load,1787575150.825000,80.999665,l2_hits,all,2406
2026-08-24_12-37-49-825335_baseline,baseline,burst-load,1787575151.825000,81.999665,l2_hits,all,2412
2026-08-24_12-37-49-825335_baseline,baseline,burst-load,1787575152.825000,82.999665,l2_hits,all,2423
2026-08-24_12-37-49-825335_baseline,baseline,burst-load,1787575153.825000,83.999665,l2_hits,all,2428
2026-08-24_12-37-49-825335_baseline,baseline,burst-load,1787575154.825000,84.999665,l2_hits,all,2433
2026-08-24_12-37-49-825335_baseline,baseline,burst-load,1787575155.825000,85.999665,l2_hits,all,2438
2026-08-24_12-37-49-825335_baseline,baseline,burst-load,1787575156.825000,86.999665,l2_hits,all,2446
2026-08-24_12-37-49-825335_baseline,baseline,burst-load,1787575157.825000,87.999665,l2_hits,all,2452
2026-08-24_12-37-49-825335_baseline,baseline,burst-load,1787575158.825000,88.999665,l2_hits,all,2460
2026-08-24_12-37-49-825335_baseline,baseline,burst-load,1787575159.825000,89.999665,l2_hits,all,2465
2026-08-24_12-37-49-825335_baseline,baseline,burst-load,1787575160.825000,90.999665,l2_hits,all,2469
2026-08-24_12-37-49-825335_baseline,baseline,burst-load,1787575161.825000,91.999665,l2_hits,all,2479
2026-08-24_12-37-49-825335_baseline,baseline,burst-load,1787575162.825000,92.999665,l2_hits,all,2486
2026-08-24_12-37-49-825335_baseline,baseline,burst-load,1787575163.825000,93.999665,l2_hits,all,2493
2026-08-24_12-37-49-825335_baseline,baseline,burst-load,1787575164.825000,94.999665,l2_hits,all,2499
2026-08-24_12-37-49-825335_baseline,baseline,burst-load,1787575165.825000,95.999665,l2_hits,all,2507
2026-08-24_12-37-49-825335_baseline,baseline,burst-load,1787575166.825000,96.999665,l2_hits,all,2518
2026-08-24_12-37-49-825335_baseline,baseline,burst-load,1787575167.825000,97.999665,l2_hits,all,2525
2026-08-24_12-37-49-825335_baseline,baseline,burst-load,1787575168.825000,98.999665,l2_hits,all,2532
2026-08-24_12-37-49-825335_baseline,baseline,burst-load,1787575169.825000,99.999665,l2_hits,all,2539
2026-08-24_12-37-49-825335_baseline,baseline,burst-load,1787575170.825000,100.999665,l2_hits,all,2545
2026-08-24_12-37-49-825335_baseline,baseline,burst-load,1787575171.825000,101.999665,l2_hits,all,2553
2026-08-24_12-37-49-825335_baseline,baseline,burst-load,1787575172.825000,102.999665,l2_hits,all,2560
2026-08-24_12-37-49-825335_baseline,baseline,burst-load,1787575173.825000,103.999665,l2_hits,all,2569
2026-08-24_12-37-49-825335_baseline,baseline,burst-load,1787575174.825000,104.999665,l2_hits,all,2577
2026-08-24_12-37-49-825335_baseline,baseline,burst-load,1787575175.825000,105.999665,l2_hits,all,2581
2026-08-24_12-37-49-825335_baseline,baseline,burst-load,1787575176.825000,106.999665,l2_hits,all,2587
2026-08-24_12-37-49-825335_baseline,baseline,burst-load,1787575177.825000,107.999665,l2_hits,all,2594
2026-08-24_12-37-49-825335_baseline,baseline,burst-load,1787575178.825000,108.999665,l2_hits,all,2605
2026-08-24_12-37-49-825335_baseline,baseline,burst-load,1787575179.825000,109.999665,l2_hits,all,2608
2026-08-24_12-37-49-825335_baseline,baseline,burst-load,1787575180.825000,110.999665,l2_hits,all,2615
2026-08-24_12-37-49-825335_baseline,baseline,burst-load,1787575181.825000,111.999665,l2_hits,all,2621
2026-08-24_12-37-49-825335_baseline,baseline,burst-load,1787575182.825000,112.999665,l2_hits,all,2627
2026-08-24_12-37-49-825335_baseline,baseline,burst-load,1787575183.825000,113.999665,l2_hits,all,2633
2026-08-24_12-37-49-825335_baseline,baseline,burst-load,1787575184.825000,114.999665,l2_hits,all,2639
2026-08-24_12-37-49-825335_baseline,baseline,burst-load,1787575185.825000,115.999665,l2_hits,all,2649
2026-08-24_12-37-49-825335_baseline,baseline,burst-load,1787575186.825000,116.999665,l2_hits,all,2654
2026-08-24_12-37-49-825335_baseline,baseline,burst-load,1787575187.825000,117.999665,l2_hits,all,2666
2026-08-24_12-37-49-825335_baseline,baseline,burst-load,1787575188.825000,118.999665,l2_hits,all,2677
2026-08-24_12-37-49-825335_baseline,baseline,burst-load,1787575189.825000,119.999665,l2_hits,all,2682
2026-08-24_12-37-49-825335_baseline,baseline,burst-load,1787575190.825000,120.999665,l2_hits,all,2692
2026-08-24_12-37-49-825335_baseline,baseline,burst-load,1787575191.825000,121.999665,l2_hits,all,2701
2026-08-24_12-37-49-825335_baseline,baseline,burst-load,1787575069.825000,-0.000335,backend_calls,all,0
2026-08-24_12-37-49-825335_baseline,baseline,burst-load,1787575070.825000,0.999665,backend_calls,all,1
2026-08-24_12-37-49-825335_baseline,baseline,burst-load,1787575071.825000,1.999665,backend_calls,all,20
2026-08-24_12-37-49-825335_baseline,baseline,burst-load,1787575072.825000,2.999665,backend_calls,all,30
2026-08-24_12-37-49-825335_baseline,baseline,burst-load,1787575073.825000,3.999665,backend_calls,all,36
2026-08-24_12-37-49-825335_baseline,baseline,burst-load,1787575074.825000,4.999665,backend_calls,all,46
2026-08-24_12-37-49-825335_baseline,baseline,burst-load,1787575075.825000,5.999665,backend_calls,all,51
2026-08-24_12-37-49-825335_baseline,baseline,burst-load,1787575076.825000,6.999665,backend_calls,all,56
2026-08-24_12-37-49-825335_baseline,baseline,burst-load,1787575077.825000,7.999665,backend_calls,all,60
2026-08-24_12-37-49-825335_baseline,baseline,burst-load,1787575078.825000,8.999665,backend_calls,all,62
2026-08-24_12-37-49-825335_baseline,baseline,burst-load,1787575079.825000,9.999665,backend_calls,all,64
2026-08-24_12-37-49-825335_baseline,baseline,burst-load,1787575080.825000,10.999665,backend_calls,all,68
2026-08-24_12-37-49-825335_baseline,baseline,burst-load,1787575081.825000,11.999665,backend_calls,all,72
2026-08-24_12-37-49-825335_baseline,baseline,burst-load,1787575082.825000,12.999665,backend_calls,all,75
2026-08-24_12-37-49-825335_baseline,baseline,burst-load,1787575083.825000,13.999665,backend_calls,all,77
2026-08-24_12-37-49-825335_baseline,baseline,burst-load,1787575084.825000,14.999665,backend_calls,all,81
2026-08-24_12-37-49-825335_baseline,baseline,burst-load,1787575085.825000,15.999665,backend_calls,all,82
2026-08-24_12-37-49-825335_baseline,baseline,burst-load,1787575086.825000,16.999665,backend_calls,all,85
2026-08-24_12-37-49-825335_baseline,baseline,burst-load,1787575087.825000,17.999665,backend_calls,all,91
2026-08-24_12-37-49-825335_baseline,baseline,burst-load,1787575088.825000,18.999665,backend_calls,all,98
2026-08-24_12-37-49-825335_baseline,baseline,burst-load,1787575089.825000,19.999665,backend_calls,all,107
2026-08-24_12-37-49-825335_baseline,baseline,burst-load,1787575090.825000,20.999665,backend_calls,all,116
2026-08-24_12-37-49-825335_baseline,baseline,burst-load,1787575091.825000,21.999665,backend_calls,all,122
2026-08-24_12-37-49-825335_baseline,baseline,burst-load,1787575092.825000,22.999665,backend_calls,all,128
2026-08-24_12-37-49-825335_baseline,baseline,burst-load,1787575093.825000,23.999665,backend_calls,all,132
2026-08-24_12-37-49-825335_baseline,baseline,burst-load,1787575094.825000,24.999665,backend_calls,all,137
2026-08-24_12-37-49-825335_baseline,baseline,burst-load,1787575095.825000,25.999665,backend_calls,all,141
2026-08-24_12-37-49-825335_baseline,baseline,burst-load,1787575096.825000,26.999665,backend_calls,all,142
2026-08-24_12-37-49-825335_baseline,baseline,burst-load,1787575097.825000,27.999665,backend_calls,all,143
2026-08-24_12-37-49-825335_baseline,baseline,burst-load,1787575098.825000,28.999665,backend_calls,all,149
2026-08-24_12-37-49-825335_baseline,baseline,burst-load,1787575099.825000,29.999665,backend_calls,all,152
2026-08-24_12-37-49-825335_baseline,baseline,burst-load,1787575100.825000,30.999665,backend_calls,all,156
2026-08-24_12-37-49-825335_baseline,baseline,burst-load,1787575101.825000,31.999665,backend_calls,all,176
2026-08-24_12-37-49-825335_baseline,baseline,burst-load,1787575102.825000,32.999665,backend_calls,all,193
2026-08-24_12-37-49-825335_baseline,baseline,burst-load,1787575103.825000,33.999665,backend_calls,all,213
2026-08-24_12-37-49-825335_baseline,baseline,burst-load,1787575104.825000,34.999665,backend_calls,all,228
2026-08-24_12-37-49-825335_baseline,baseline,burst-load,1787575105.825000,35.999665,backend_calls,all,238
2026-08-24_12-37-49-825335_baseline,baseline,burst-load,1787575106.825000,36.999665,backend_calls,all,245
2026-08-24_12-37-49-825335_baseline,baseline,burst-load,1787575107.825000,37.999665,backend_calls,all,252
2026-08-24_12-37-49-825335_baseline,baseline,burst-load,1787575108.825000,38.999665,backend_calls,all,264
2026-08-24_12-37-49-825335_baseline,baseline,burst-load,1787575109.825000,39.999665,backend_calls,all,272
2026-08-24_12-37-49-825335_baseline,baseline,burst-load,1787575110.825000,40.999665,backend_calls,all,273
2026-08-24_12-37-49-825335_baseline,baseline,burst-load,1787575111.825000,41.999665,backend_calls,all,278
2026-08-24_12-37-49-825335_baseline,baseline,burst-load,1787575112.825000,42.999665,backend_calls,all,280
2026-08-24_12-37-49-825335_baseline,baseline,burst-load,1787575113.825000,43.999665,backend_calls,all,287
2026-08-24_12-37-49-825335_baseline,baseline,burst-load,1787575114.825000,44.999665,backend_calls,all,288
2026-08-24_12-37-49-825335_baseline,baseline,burst-load,1787575115.825000,45.999665,backend_calls,all,292
2026-08-24_12-37-49-825335_baseline,baseline,burst-load,1787575116.825000,46.999665,backend_calls,all,294
2026-08-24_12-37-49-825335_baseline,baseline,burst-load,1787575117.825000,47.999665,backend_calls,all,309
2026-08-24_12-37-49-825335_baseline,baseline,burst-load,1787575118.825000,48.999665,backend_calls,all,336
2026-08-24_12-37-49-825335_baseline,baseline,burst-load,1787575119.825000,49.999665,backend_calls,all,356
2026-08-24_12-37-49-825335_baseline,baseline,burst-load,1787575120.825000,50.999665,backend_calls,all,366
2026-08-24_12-37-49-825335_baseline,baseline,burst-load,1787575121.825000,51.999665,backend_calls,all,374
2026-08-24_12-37-49-825335_baseline,baseline,burst-load,1787575122.825000,52.999665,backend_calls,all,382
2026-08-24_12-37-49-825335_baseline,baseline,burst-load,1787575123.825000,53.999665,backend_calls,all,391
2026-08-24_12-37-49-825335_baseline,baseline,burst-load,1787575124.825000,54.999665,backend_calls,all,394
2026-08-24_12-37-49-825335_baseline,baseline,burst-load,1787575125.825000,55.999665,backend_calls,all,400
2026-08-24_12-37-49-825335_baseline,baseline,burst-load,1787575126.825000,56.999665,backend_calls,all,406
2026-08-24_12-37-49-825335_baseline,baseline,burst-load,1787575127.825000,57.999665,backend_calls,all,408
2026-08-24_12-37-49-825335_baseline,baseline,burst-load,1787575128.825000,58.999665,backend_calls,all,411
2026-08-24_12-37-49-825335_baseline,baseline,burst-load,1787575129.825000,59.999665,backend_calls,all,420
2026-08-24_12-37-49-825335_baseline,baseline,burst-load,1787575130.825000,60.999665,backend_calls,all,423
2026-08-24_12-37-49-825335_baseline,baseline,burst-load,1787575131.825000,61.999665,backend_calls,all,431
2026-08-24_12-37-49-825335_baseline,baseline,burst-load,1787575132.825000,62.999665,backend_calls,all,436
2026-08-24_12-37-49-825335_baseline,baseline,burst-load,1787575133.825000,63.999665,backend_calls,all,451
2026-08-24_12-37-49-825335_baseline,baseline,burst-load,1787575134.825000,64.999665,backend_calls,all,472
2026-08-24_12-37-49-825335_baseline,baseline,burst-load,1787575135.825000,65.999665,backend_calls,all,490
2026-08-24_12-37-49-825335_baseline,baseline,burst-load,1787575136.825000,66.999665,backend_calls,all,503
2026-08-24_12-37-49-825335_baseline,baseline,burst-load,1787575137.825000,67.999665,backend_calls,all,508
2026-08-24_12-37-49-825335_baseline,baseline,burst-load,1787575138.825000,68.999665,backend_calls,all,521
2026-08-24_12-37-49-825335_baseline,baseline,burst-load,1787575139.825000,69.999665,backend_calls,all,530
2026-08-24_12-37-49-825335_baseline,baseline,burst-load,1787575140.825000,70.999665,backend_calls,all,540
2026-08-24_12-37-49-825335_baseline,baseline,burst-load,1787575141.825000,71.999665,backend_calls,all,546
2026-08-24_12-37-49-825335_baseline,baseline,burst-load,1787575142.825000,72.999665,backend_calls,all,553
2026-08-24_12-37-49-825335_baseline,baseline,burst-load,1787575143.825000,73.999665,backend_calls,all,556
2026-08-24_12-37-49-825335_baseline,baseline,burst-load,1787575144.825000,74.999665,backend_calls,all,560
2026-08-24_12-37-49-825335_baseline,baseline,burst-load,1787575145.825000,75.999665,backend_calls,all,562
2026-08-24_12-37-49-825335_baseline,baseline,burst-load,1787575146.825000,76.999665,backend_calls,all,567
2026-08-24_12-37-49-825335_baseline,baseline,burst-load,1787575147.825000,77.999665,backend_calls,all,575
2026-08-24_12-37-49-825335_baseline,baseline,burst-load,1787575148.825000,78.999665,backend_calls,all,576
2026-08-24_12-37-49-825335_baseline,baseline,burst-load,1787575149.825000,79.999665,backend_calls,all,578
2026-08-24_12-37-49-825335_baseline,baseline,burst-load,1787575150.825000,80.999665,backend_calls,all,584
2026-08-24_12-37-49-825335_baseline,baseline,burst-load,1787575151.825000,81.999665,backend_calls,all,592
2026-08-24_12-37-49-825335_baseline,baseline,burst-load,1787575152.825000,82.999665,backend_calls,all,594
2026-08-24_12-37-49-825335_baseline,baseline,burst-load,1787575153.825000,83.999665,backend_calls,all,599
2026-08-24_12-37-49-825335_baseline,baseline,burst-load,1787575154.825000,84.999665,backend_calls,all,602
2026-08-24_12-37-49-825335_baseline,baseline,burst-load,1787575155.825000,85.999665,backend_calls,all,606
2026-08-24_12-37-49-825335_baseline,baseline,burst-load,1787575156.825000,86.999665,backend_calls,all,613
2026-08-24_12-37-49-825335_baseline,baseline,burst-load,1787575157.825000,87.999665,backend_calls,all,619
2026-08-24_12-37-49-825335_baseline,baseline,burst-load,1787575158.825000,88.999665,backend_calls,all,625
2026-08-24_12-37-49-825335_baseline,baseline,burst-load,1787575159.825000,89.999665,backend_calls,all,633
2026-08-24_12-37-49-825335_baseline,baseline,burst-load,1787575160.825000,90.999665,backend_calls,all,639
2026-08-24_12-37-49-825335_baseline,baseline,burst-load,1787575161.825000,91.999665,backend_calls,all,645
2026-08-24_12-37-49-825335_baseline,baseline,burst-load,1787575162.825000,92.999665,backend_calls,all,648
2026-08-24_12-37-49-825335_baseline,baseline,burst-load,1787575163.825000,93.999665,backend_calls,all,652
2026-08-24_12-37-49-825335_baseline,baseline,burst-load,1787575164.825000,94.999665,backend_calls,all,654
2026-08-24_12-37-49-825335_baseline,baseline,burst-load,1787575165.825000,95.999665,backend_calls,all,659
2026-08-24_12-37-49-825335_baseline,baseline,burst-load,1787575166.825000,96.999665,backend_calls,all,662
2026-08-24_12-37-49-825335_baseline,baseline,burst-load,1787575167.825000,97.999665,backend_calls,all,668
2026-08-24_12-37-49-825335_baseline,baseline,burst-load,1787575168.825000,98.999665,backend_calls,all,674
2026-08-24_12-37-49-825335_baseline,baseline,burst-load,1787575169.825000,99.999665,backend_calls,all,677
2026-08-24_12-37-49-825335_baseline,baseline,burst-load,1787575170.825000,100.999665,backend_calls,all,679
2026-08-24_12-37-49-825335_baseline,baseline,burst-load,1787575171.825000,101.999665,backend_calls,all,682
2026-08-24_12-37-49-825335_baseline,baseline,burst-load,1787575172.825000,102.999665,backend_calls,all,685
2026-08-24_12-37-49-825335_baseline,baseline,burst-load,1787575173.825000,103.999665,backend_calls,all,689
2026-08-24_12-37-49-825335_baseline,baseline,burst-load,1787575174.825000,104.999665,backend_calls,all,695
2026-08-24_12-37-49-825335_baseline,baseline,burst-load,1787575175.825000,105.999665,backend_calls,all,703
2026-08-24_12-37-49-825335_baseline,baseline,burst-load,1787575176.825000,106.999665,backend_calls,all,707
2026-08-24_12-37-49-825335_baseline,baseline,burst-load,1787575177.825000,107.999665,backend_calls,all,712
2026-08-24_12-37-49-825335_baseline,baseline,burst-load,1787575178.825000,108.999665,backend_calls,all,715
2026-08-24_12-37-49-825335_baseline,baseline,burst-load,1787575179.825000,109.999665,backend_calls,all,719
2026-08-24_12-37-49-825335_baseline,baseline,burst-load,1787575180.825000,110.999665,backend_calls,all,723
2026-08-24_12-37-49-825335_baseline,baseline,burst-load,1787575181.825000,111.999665,backend_calls,all,731
2026-08-24_12-37-49-825335_baseline,baseline,burst-load,1787575182.825000,112.999665,backend_calls,all,734
2026-08-24_12-37-49-825335_baseline,baseline,burst-load,1787575183.825000,113.999665,backend_calls,all,738
2026-08-24_12-37-49-825335_baseline,baseline,burst-load,1787575184.825000,114.999665,backend_calls,all,743
2026-08-24_12-37-49-825335_baseline,baseline,burst-load,1787575185.825000,115.999665,backend_calls,all,745
2026-08-24_12-37-49-825335_baseline,baseline,burst-load,1787575186.825000,116.999665,backend_calls,all,750
2026-08-24_12-37-49-825335_baseline,baseline,burst-load,1787575187.825000,117.999665,backend_calls,all,752
2026-08-24_12-37-49-825335_baseline,baseline,burst-load,1787575188.825000,118.999665,backend_calls,all,758
2026-08-24_12-37-49-825335_baseline,baseline,burst-load,1787575189.825000,119.999665,backend_calls,all,762
2026-08-24_12-37-49-825335_baseline,baseline,burst-load,1787575190.825000,120.999665,backend_calls,all,764
2026-08-24_12-37-49-825335_baseline,baseline,burst-load,1787575191.825000,121.999665,backend_calls,all,768
2026-08-24_12-37-49-825335_baseline,baseline,burst-load,1787575069.825000,-0.000335,cache_misses,all,0
2026-08-24_12-37-49-825335_baseline,baseline,burst-load,1787575070.825000,0.999665,cache_misses,all,2
2026-08-24_12-37-49-825335_baseline,baseline,burst-load,1787575071.825000,1.999665,cache_misses,all,17
2026-08-24_12-37-49-825335_baseline,baseline,burst-load,1787575072.825000,2.999665,cache_misses,all,29
2026-08-24_12-37-49-825335_baseline,baseline,burst-load,1787575073.825000,3.999665,cache_misses,all,37
2026-08-24_12-37-49-825335_baseline,baseline,burst-load,1787575074.825000,4.999665,cache_misses,all,45
2026-08-24_12-37-49-825335_baseline,baseline,burst-load,1787575075.825000,5.999665,cache_misses,all,49
2026-08-24_12-37-49-825335_baseline,baseline,burst-load,1787575076.825000,6.999665,cache_misses,all,55
2026-08-24_12-37-49-825335_baseline,baseline,burst-load,1787575077.825000,7.999665,cache_misses,all,58
2026-08-24_12-37-49-825335_baseline,baseline,burst-load,1787575078.825000,8.999665,cache_misses,all,62
2026-08-24_12-37-49-825335_baseline,baseline,burst-load,1787575079.825000,9.999665,cache_misses,all,64
2026-08-24_12-37-49-825335_baseline,baseline,burst-load,1787575080.825000,10.999665,cache_misses,all,68
2026-08-24_12-37-49-825335_baseline,baseline,burst-load,1787575081.825000,11.999665,cache_misses,all,71
2026-08-24_12-37-49-825335_baseline,baseline,burst-load,1787575082.825000,12.999665,cache_misses,all,76
2026-08-24_12-37-49-825335_baseline,baseline,burst-load,1787575083.825000,13.999665,cache_misses,all,77
2026-08-24_12-37-49-825335_baseline,baseline,burst-load,1787575084.825000,14.999665,cache_misses,all,80
2026-08-24_12-37-49-825335_baseline,baseline,burst-load,1787575085.825000,15.999665,cache_misses,all,81
2026-08-24_12-37-49-825335_baseline,baseline,burst-load,1787575086.825000,16.999665,cache_misses,all,85
2026-08-24_12-37-49-825335_baseline,baseline,burst-load,1787575087.825000,17.999665,cache_misses,all,91
2026-08-24_12-37-49-825335_baseline,baseline,burst-load,1787575088.825000,18.999665,cache_misses,all,95
2026-08-24_12-37-49-825335_baseline,baseline,burst-load,1787575089.825000,19.999665,cache_misses,all,103
2026-08-24_12-37-49-825335_baseline,baseline,burst-load,1787575090.825000,20.999665,cache_misses,all,114
2026-08-24_12-37-49-825335_baseline,baseline,burst-load,1787575091.825000,21.999665,cache_misses,all,122
2026-08-24_12-37-49-825335_baseline,baseline,burst-load,1787575092.825000,22.999665,cache_misses,all,127
2026-08-24_12-37-49-825335_baseline,baseline,burst-load,1787575093.825000,23.999665,cache_misses,all,131
2026-08-24_12-37-49-825335_baseline,baseline,burst-load,1787575094.825000,24.999665,cache_misses,all,136
2026-08-24_12-37-49-825335_baseline,baseline,burst-load,1787575095.825000,25.999665,cache_misses,all,139
2026-08-24_12-37-49-825335_baseline,baseline,burst-load,1787575096.825000,26.999665,cache_misses,all,142
2026-08-24_12-37-49-825335_baseline,baseline,burst-load,1787575097.825000,27.999665,cache_misses,all,143
2026-08-24_12-37-49-825335_baseline,baseline,burst-load,1787575098.825000,28.999665,cache_misses,all,147
2026-08-24_12-37-49-825335_baseline,baseline,burst-load,1787575099.825000,29.999665,cache_misses,all,152
2026-08-24_12-37-49-825335_baseline,baseline,burst-load,1787575100.825000,30.999665,cache_misses,all,156
2026-08-24_12-37-49-825335_baseline,baseline,burst-load,1787575101.825000,31.999665,cache_misses,all,171
2026-08-24_12-37-49-825335_baseline,baseline,burst-load,1787575102.825000,32.999665,cache_misses,all,194
2026-08-24_12-37-49-825335_baseline,baseline,burst-load,1787575103.825000,33.999665,cache_misses,all,212
2026-08-24_12-37-49-825335_baseline,baseline,burst-load,1787575104.825000,34.999665,cache_misses,all,225
2026-08-24_12-37-49-825335_baseline,baseline,burst-load,1787575105.825000,35.999665,cache_misses,all,235
2026-08-24_12-37-49-825335_baseline,baseline,burst-load,1787575106.825000,36.999665,cache_misses,all,243
2026-08-24_12-37-49-825335_baseline,baseline,burst-load,1787575107.825000,37.999665,cache_misses,all,253
2026-08-24_12-37-49-825335_baseline,baseline,burst-load,1787575108.825000,38.999665,cache_misses,all,263
2026-08-24_12-37-49-825335_baseline,baseline,burst-load,1787575109.825000,39.999665,cache_misses,all,268
2026-08-24_12-37-49-825335_baseline,baseline,burst-load,1787575110.825000,40.999665,cache_misses,all,273
2026-08-24_12-37-49-825335_baseline,baseline,burst-load,1787575111.825000,41.999665,cache_misses,all,277
2026-08-24_12-37-49-825335_baseline,baseline,burst-load,1787575112.825000,42.999665,cache_misses,all,279
2026-08-24_12-37-49-825335_baseline,baseline,burst-load,1787575113.825000,43.999665,cache_misses,all,284
2026-08-24_12-37-49-825335_baseline,baseline,burst-load,1787575114.825000,44.999665,cache_misses,all,287
2026-08-24_12-37-49-825335_baseline,baseline,burst-load,1787575115.825000,45.999665,cache_misses,all,291
2026-08-24_12-37-49-825335_baseline,baseline,burst-load,1787575116.825000,46.999665,cache_misses,all,296
2026-08-24_12-37-49-825335_baseline,baseline,burst-load,1787575117.825000,47.999665,cache_misses,all,307
2026-08-24_12-37-49-825335_baseline,baseline,burst-load,1787575118.825000,48.999665,cache_misses,all,330
2026-08-24_12-37-49-825335_baseline,baseline,burst-load,1787575119.825000,49.999665,cache_misses,all,353
2026-08-24_12-37-49-825335_baseline,baseline,burst-load,1787575120.825000,50.999665,cache_misses,all,364
2026-08-24_12-37-49-825335_baseline,baseline,burst-load,1787575121.825000,51.999665,cache_misses,all,372
2026-08-24_12-37-49-825335_baseline,baseline,burst-load,1787575122.825000,52.999665,cache_misses,all,381
2026-08-24_12-37-49-825335_baseline,baseline,burst-load,1787575123.825000,53.999665,cache_misses,all,389
2026-08-24_12-37-49-825335_baseline,baseline,burst-load,1787575124.825000,54.999665,cache_misses,all,395
2026-08-24_12-37-49-825335_baseline,baseline,burst-load,1787575125.825000,55.999665,cache_misses,all,401
2026-08-24_12-37-49-825335_baseline,baseline,burst-load,1787575126.825000,56.999665,cache_misses,all,405
2026-08-24_12-37-49-825335_baseline,baseline,burst-load,1787575127.825000,57.999665,cache_misses,all,408
2026-08-24_12-37-49-825335_baseline,baseline,burst-load,1787575128.825000,58.999665,cache_misses,all,410
2026-08-24_12-37-49-825335_baseline,baseline,burst-load,1787575129.825000,59.999665,cache_misses,all,420
2026-08-24_12-37-49-825335_baseline,baseline,burst-load,1787575130.825000,60.999665,cache_misses,all,421
2026-08-24_12-37-49-825335_baseline,baseline,burst-load,1787575131.825000,61.999665,cache_misses,all,429
2026-08-24_12-37-49-825335_baseline,baseline,burst-load,1787575132.825000,62.999665,cache_misses,all,434
2026-08-24_12-37-49-825335_baseline,baseline,burst-load,1787575133.825000,63.999665,cache_misses,all,444
2026-08-24_12-37-49-825335_baseline,baseline,burst-load,1787575134.825000,64.999665,cache_misses,all,472
2026-08-24_12-37-49-825335_baseline,baseline,burst-load,1787575135.825000,65.999665,cache_misses,all,488
2026-08-24_12-37-49-825335_baseline,baseline,burst-load,1787575136.825000,66.999665,cache_misses,all,500
2026-08-24_12-37-49-825335_baseline,baseline,burst-load,1787575137.825000,67.999665,cache_misses,all,508
2026-08-24_12-37-49-825335_baseline,baseline,burst-load,1787575138.825000,68.999665,cache_misses,all,519
2026-08-24_12-37-49-825335_baseline,baseline,burst-load,1787575139.825000,69.999665,cache_misses,all,527
2026-08-24_12-37-49-825335_baseline,baseline,burst-load,1787575140.825000,70.999665,cache_misses,all,536
2026-08-24_12-37-49-825335_baseline,baseline,burst-load,1787575141.825000,71.999665,cache_misses,all,546
2026-08-24_12-37-49-825335_baseline,baseline,burst-load,1787575142.825000,72.999665,cache_misses,all,552
2026-08-24_12-37-49-825335_baseline,baseline,burst-load,1787575143.825000,73.999665,cache_misses,all,556
2026-08-24_12-37-49-825335_baseline,baseline,burst-load,1787575144.825000,74.999665,cache_misses,all,560
2026-08-24_12-37-49-825335_baseline,baseline,burst-load,1787575145.825000,75.999665,cache_misses,all,562
2026-08-24_12-37-49-825335_baseline,baseline,burst-load,1787575146.825000,76.999665,cache_misses,all,567
2026-08-24_12-37-49-825335_baseline,baseline,burst-load,1787575147.825000,77.999665,cache_misses,all,575
2026-08-24_12-37-49-825335_baseline,baseline,burst-load,1787575148.825000,78.999665,cache_misses,all,576
2026-08-24_12-37-49-825335_baseline,baseline,burst-load,1787575149.825000,79.999665,cache_misses,all,578
2026-08-24_12-37-49-825335_baseline,baseline,burst-load,1787575150.825000,80.999665,cache_misses,all,584
2026-08-24_12-37-49-825335_baseline,baseline,burst-load,1787575151.825000,81.999665,cache_misses,all,592
2026-08-24_12-37-49-825335_baseline,baseline,burst-load,1787575152.825000,82.999665,cache_misses,all,594
2026-08-24_12-37-49-825335_baseline,baseline,burst-load,1787575153.825000,83.999665,cache_misses,all,600
2026-08-24_12-37-49-825335_baseline,baseline,burst-load,1787575154.825000,84.999665,cache_misses,all,603
2026-08-24_12-37-49-825335_baseline,baseline,burst-load,1787575155.825000,85.999665,cache_misses,all,606
2026-08-24_12-37-49-825335_baseline,baseline,burst-load,1787575156.825000,86.999665,cache_misses,all,612
2026-08-24_12-37-49-825335_baseline,baseline,burst-load,1787575157.825000,87.999665,cache_misses,all,618
2026-08-24_12-37-49-825335_baseline,baseline,burst-load,1787575158.825000,88.999665,cache_misses,all,626
2026-08-24_12-37-49-825335_baseline,baseline,burst-load,1787575159.825000,89.999665,cache_misses,all,633
2026-08-24_12-37-49-825335_baseline,baseline,burst-load,1787575160.825000,90.999665,cache_misses,all,638
2026-08-24_12-37-49-825335_baseline,baseline,burst-load,1787575161.825000,91.999665,cache_misses,all,643
2026-08-24_12-37-49-825335_baseline,baseline,burst-load,1787575162.825000,92.999665,cache_misses,all,647
2026-08-24_12-37-49-825335_baseline,baseline,burst-load,1787575163.825000,93.999665,cache_misses,all,652
2026-08-24_12-37-49-825335_baseline,baseline,burst-load,1787575164.825000,94.999665,cache_misses,all,654
2026-08-24_12-37-49-825335_baseline,baseline,burst-load,1787575165.825000,95.999665,cache_misses,all,658
2026-08-24_12-37-49-825335_baseline,baseline,burst-load,1787575166.825000,96.999665,cache_misses,all,661
2026-08-24_12-37-49-825335_baseline,baseline,burst-load,1787575167.825000,97.999665,cache_misses,all,667
2026-08-24_12-37-49-825335_baseline,baseline,burst-load,1787575168.825000,98.999665,cache_misses,all,671
2026-08-24_12-37-49-825335_baseline,baseline,burst-load,1787575169.825000,99.999665,cache_misses,all,677
2026-08-24_12-37-49-825335_baseline,baseline,burst-load,1787575170.825000,100.999665,cache_misses,all,679
2026-08-24_12-37-49-825335_baseline,baseline,burst-load,1787575171.825000,101.999665,cache_misses,all,683
2026-08-24_12-37-49-825335_baseline,baseline,burst-load,1787575172.825000,102.999665,cache_misses,all,685
2026-08-24_12-37-49-825335_baseline,baseline,burst-load,1787575173.825000,103.999665,cache_misses,all,688
2026-08-24_12-37-49-825335_baseline,baseline,burst-load,1787575174.825000,104.999665,cache_misses,all,693
2026-08-24_12-37-49-825335_baseline,baseline,burst-load,1787575175.825000,105.999665,cache_misses,all,701
2026-08-24_12-37-49-825335_baseline,baseline,burst-load,1787575176.825000,106.999665,cache_misses,all,708
2026-08-24_12-37-49-825335_baseline,baseline,burst-load,1787575177.825000,107.999665,cache_misses,all,710
2026-08-24_12-37-49-825335_baseline,baseline,burst-load,1787575178.825000,108.999665,cache_misses,all,714
2026-08-24_12-37-49-825335_baseline,baseline,burst-load,1787575179.825000,109.999665,cache_misses,all,721
2026-08-24_12-37-49-825335_baseline,baseline,burst-load,1787575180.825000,110.999665,cache_misses,all,724
2026-08-24_12-37-49-825335_baseline,baseline,burst-load,1787575181.825000,111.999665,cache_misses,all,729
2026-08-24_12-37-49-825335_baseline,baseline,burst-load,1787575182.825000,112.999665,cache_misses,all,734
2026-08-24_12-37-49-825335_baseline,baseline,burst-load,1787575183.825000,113.999665,cache_misses,all,738
2026-08-24_12-37-49-825335_baseline,baseline,burst-load,1787575184.825000,114.999665,cache_misses,all,742
2026-08-24_12-37-49-825335_baseline,baseline,burst-load,1787575185.825000,115.999665,cache_misses,all,746
2026-08-24_12-37-49-825335_baseline,baseline,burst-load,1787575186.825000,116.999665,cache_misses,all,750
2026-08-24_12-37-49-825335_baseline,baseline,burst-load,1787575187.825000,117.999665,cache_misses,all,752
2026-08-24_12-37-49-825335_baseline,baseline,burst-load,1787575188.825000,118.999665,cache_misses,all,756
2026-08-24_12-37-49-825335_baseline,baseline,burst-load,1787575189.825000,119.999665,cache_misses,all,762
2026-08-24_12-37-49-825335_baseline,baseline,burst-load,1787575190.825000,120.999665,cache_misses,all,764
2026-08-24_12-37-49-825335_baseline,baseline,burst-load,1787575191.825000,121.999665,cache_misses,all,768
2026-08-24_12-37-49-825335_baseline,baseline,burst-load,1787575069.825000,-0.000335,backend_throughput,all,0
2026-08-24_12-37-49-825335_baseline,baseline,burst-load,1787575070.825000,0.999665,backend_throughput,all,0.10605622846982998
2026-08-24_12-37-49-825335_baseline,baseline,burst-load,1787575071.825000,1.999665,backend_throughput,all,2.121111111111111
2026-08-24_12-37-49-825335_baseline,baseline,burst-load,1787575072.825000,2.999665,backend_throughput,all,3.18131318742362
2026-08-24_12-37-49-825335_baseline,baseline,burst-load,1787575073.825000,3.999665,backend_throughput,all,3.8179999999999996
2026-08-24_12-37-49-825335_baseline,baseline,burst-load,1787575074.825000,4.999665,backend_throughput,all,4.878586509612179
2026-08-24_12-37-49-825335_baseline,baseline,burst-load,1787575075.825000,5.999665,backend_throughput,all,5.408867651961329
2026-08-24_12-37-49-825335_baseline,baseline,burst-load,1787575076.825000,6.999665,backend_throughput,all,5.93911111111111
2026-08-24_12-37-49-825335_baseline,baseline,burst-load,1787575077.825000,7.999665,backend_throughput,all,6.363333333333332
2026-08-24_12-37-49-825335_baseline,baseline,burst-load,1787575078.825000,8.999665,backend_throughput,all,6.574755555555556
2026-08-24_12-37-49-825335_baseline,baseline,burst-load,1787575079.825000,9.999665,backend_throughput,all,6.780757693589602
2026-08-24_12-37-49-825335_baseline,baseline,burst-load,1787575080.825000,10.999665,backend_throughput,all,5.332740806577048
2026-08-24_12-37-49-825335_baseline,baseline,burst-load,1787575081.825000,11.999665,backend_throughput,all,4.667185242804756
2026-08-24_12-37-49-825335_baseline,baseline,burst-load,1787575082.825000,12.999665,backend_throughput,all,4.333333333333334
2026-08-24_12-37-49-825335_baseline,baseline,burst-load,1787575083.825000,13.999665,backend_throughput,all,3.444061770914343
2026-08-24_12-37-49-825335_baseline,baseline,burst-load,1787575084.825000,14.999665,backend_throughput,all,3.3333333333333335
2026-08-24_12-37-49-825335_baseline,baseline,burst-load,1787575085.825000,15.999665,backend_throughput,all,2.8888888888888893
2026-08-24_12-37-49-825335_baseline,baseline,burst-load,1787575086.825000,16.999665,backend_throughput,all,2.777777777777778
2026-08-24_12-37-49-825335_baseline,baseline,burst-load,1787575087.825000,17.999665,backend_throughput,all,3.2225802866985216
2026-08-24_12-37-49-825335_baseline,baseline,burst-load,1787575088.825000,18.999665,backend_throughput,all,3.777777777777778
2026-08-24_12-37-49-825335_baseline,baseline,burst-load,1787575089.825000,19.999665,backend_throughput,all,4.333814868318702
2026-08-24_12-37-49-825335_baseline,baseline,burst-load,1787575090.825000,20.999665,backend_throughput,all,4.888888888888889
2026-08-24_12-37-49-825335_baseline,baseline,burst-load,1787575091.825000,21.999665,backend_throughput,all,5.221642039773359
2026-08-24_12-37-49-825335_baseline,baseline,burst-load,1787575092.825000,22.999665,backend_throughput,all,5.667926205823515
2026-08-24_12-37-49-825335_baseline,baseline,burst-load,1787575093.825000,23.999665,backend_throughput,all,5.667296366262917
2026-08-24_12-37-49-825335_baseline,baseline,burst-load,1787575094.825000,24.999665,backend_throughput,all,6.112469437652812
2026-08-24_12-37-49-825335_baseline,baseline,burst-load,1787575095.825000,25.999665,backend_throughput,all,6.222913657073008
2026-08-24_12-37-49-825335_baseline,baseline,burst-load,1787575096.825000,26.999665,backend_throughput,all,5.667296366262917
2026-08-24_12-37-49-825335_baseline,baseline,burst-load,1787575097.825000,27.999665,backend_throughput,all,5.001111358079573
2026-08-24_12-37-49-825335_baseline,baseline,burst-load,1787575098.825000,28.999665,backend_throughput,all,4.667185242804756
2026-08-24_12-37-49-825335_baseline,baseline,burst-load,1787575099.825000,29.999665,backend_throughput,all,4.0004444938326476
2026-08-24_12-37-49-825335_baseline,baseline,burst-load,1787575100.825000,30.999665,backend_throughput,all,3.7786174705490105
2026-08-24_12-37-49-825335_baseline,baseline,burst-load,1787575101.825000,31.999665,backend_throughput,all,5.333333333333334
2026-08-24_12-37-49-825335_baseline,baseline,burst-load,1787575102.825000,32.999665,backend_throughput,all,6.777777777777779
2026-08-24_12-37-49-825335_baseline,baseline,burst-load,1787575103.825000,33.999665,backend_throughput,all,8.443506277080324
2026-08-24_12-37-49-825335_baseline,baseline,burst-load,1787575104.825000,34.999665,backend_throughput,all,9.666666666666668
2026-08-24_12-37-49-825335_baseline,baseline,burst-load,1787575105.825000,35.999665,backend_throughput,all,10.666666666666668
2026-08-24_12-37-49-825335_baseline,baseline,burst-load,1787575106.825000,36.999665,backend_throughput,all,11.334592732525836
2026-08-24_12-37-49-825335_baseline,baseline,burst-load,1787575107.825000,37.999665,backend_throughput,all,11.444444444444445
2026-08-24_12-37-49-825335_baseline,baseline,burst-load,1787575108.825000,38.999665,backend_throughput,all,12.445827314146017
2026-08-24_12-37-49-825335_baseline,baseline,burst-load,1787575109.825000,39.999665,backend_throughput,all,12.88888888888889
2026-08-24_12-37-49-825335_baseline,baseline,burst-load,1787575110.825000,40.999665,backend_throughput,all,10.778975441715746
2026-08-24_12-37-49-825335_baseline,baseline,burst-load,1787575111.825000,41.999665,backend_throughput,all,9.445493943771531
2026-08-24_12-37-49-825335_baseline,baseline,burst-load,1787575112.825000,42.999665,backend_throughput,all,7.444444444444445
2026-08-24_12-37-49-825335_baseline,baseline,burst-load,1787575113.825000,43.999665,backend_throughput,all,6.556284031559063
2026-08-24_12-37-49-825335_baseline,baseline,burst-load,1787575114.825000,44.999665,backend_throughput,all,5.555555555555556
2026-08-24_12-37-49-825335_baseline,baseline,burst-load,1787575115.825000,45.999665,backend_throughput,all,5.222222222222222
2026-08-24_12-37-49-825335_baseline,baseline,burst-load,1787575116.825000,46.999665,backend_throughput,all,4.666666666666667
2026-08-24_12-37-49-825335_baseline,baseline,burst-load,1787575117.825000,47.999665,backend_throughput,all,5
2026-08-24_12-37-49-825335_baseline,baseline,burst-load,1787575118.825000,48.999665,backend_throughput,all,7.111111111111112
2026-08-24_12-37-49-825335_baseline,baseline,burst-load,1787575119.825000,49.999665,backend_throughput,all,9.221197644706143
2026-08-24_12-37-49-825335_baseline,baseline,burst-load,1787575120.825000,50.999665,backend_throughput,all,9.776691478724585
2026-08-24_12-37-49-825335_baseline,baseline,burst-load,1787575121.825000,51.999665,backend_throughput,all,10.444444444444445
2026-08-24_12-37-49-825335_baseline,baseline,burst-load,1787575122.825000,52.999665,backend_throughput,all,10.556728525391708
2026-08-24_12-37-49-825335_baseline,baseline,burst-load,1787575123.825000,53.999665,backend_throughput,all,11.446988219604357
2026-08-24_12-37-49-825335_baseline,baseline,burst-load,1787575124.825000,54.999665,backend_throughput,all,11.334592732525834
2026-08-24_12-37-49-825335_baseline,baseline,burst-load,1787575125.825000,55.999665,backend_throughput,all,11.780395643476329
2026-08-24_12-37-49-825335_baseline,baseline,burst-load,1787575126.825000,56.999665,backend_throughput,all,10.778975441715746
2026-08-24_12-37-49-825335_baseline,baseline,burst-load,1787575127.825000,57.999665,backend_throughput,all,8.000888987665297
2026-08-24_12-37-49-825335_baseline,baseline,burst-load,1787575128.825000,58.999665,backend_throughput,all,6.11179019891099
2026-08-24_12-37-49-825335_baseline,baseline,burst-load,1787575129.825000,59.999665,backend_throughput,all,6.001333629695488
2026-08-24_12-37-49-825335_baseline,baseline,burst-load,1787575130.825000,60.999665,backend_throughput,all,5.445654589908869
2026-08-24_12-37-49-825335_baseline,baseline,burst-load,1787575131.825000,61.999665,backend_throughput,all,5.443839573380736
2026-08-24_12-37-49-825335_baseline,baseline,burst-load,1787575132.825000,62.999665,backend_throughput,all,5
2026-08-24_12-37-49-825335_baseline,baseline,burst-load,1787575133.825000,63.999665,backend_throughput,all,6.333333333333334
2026-08-24_12-37-49-825335_baseline,baseline,burst-load,1787575134.825000,64.999665,backend_throughput,all,7.999111209865571
2026-08-24_12-37-49-825335_baseline,baseline,burst-load,1787575135.825000,65.999665,backend_throughput,all,9.333333333333334
2026-08-24_12-37-49-825335_baseline,baseline,burst-load,1787575136.825000,66.999665,backend_throughput,all,10.556728525391708
2026-08-24_12-37-49-825335_baseline,baseline,burst-load,1787575137.825000,67.999665,backend_throughput,all,10.778975441715746
2026-08-24_12-37-49-825335_baseline,baseline,burst-load,1787575138.825000,68.999665,backend_throughput,all,11.222222222222223
2026-08-24_12-37-49-825335_baseline,baseline,burst-load,1787575139.825000,69.999665,backend_throughput,all,11.88756804799467
2026-08-24_12-37-49-825335_baseline,baseline,burst-load,1787575140.825000,70.999665,backend_throughput,all,12.111111111111112
2026-08-24_12-37-49-825335_baseline,baseline,burst-load,1787575141.825000,71.999665,backend_throughput,all,12.220864348405733
2026-08-24_12-37-49-825335_baseline,baseline,burst-load,1787575142.825000,72.999665,backend_throughput,all,11.333333333333334
2026-08-24_12-37-49-825335_baseline,baseline,burst-load,1787575143.825000,73.999665,backend_throughput,all,9.334370485609512
2026-08-24_12-37-49-825335_baseline,baseline,burst-load,1787575144.825000,74.999665,backend_throughput,all,7.777777777777779
2026-08-24_12-37-49-825335_baseline,baseline,burst-load,1787575145.825000,75.999665,backend_throughput,all,6.555555555555556
2026-08-24_12-37-49-825335_baseline,baseline,burst-load,1787575146.825000,76.999665,backend_throughput,all,6.555555555555556
2026-08-24_12-37-49-825335_baseline,baseline,burst-load,1787575147.825000,77.999665,backend_throughput,all,6
2026-08-24_12-37-49-825335_baseline,baseline,burst-load,1787575148.825000,78.999665,backend_throughput,all,5.111111111111112
2026-08-24_12-37-49-825335_baseline,baseline,burst-load,1787575149.825000,79.999665,backend_throughput,all,4.222691410156684
2026-08-24_12-37-49-825335_baseline,baseline,burst-load,1787575150.825000,80.999665,backend_throughput,all,4.222691410156684
2026-08-24_12-37-49-825335_baseline,baseline,burst-load,1787575151.825000,81.999665,backend_throughput,all,4.333333333333334
2026-08-24_12-37-49-825335_baseline,baseline,burst-load,1787575152.825000,82.999665,backend_throughput,all,4.222691410156684
2026-08-24_12-37-49-825335_baseline,baseline,burst-load,1787575153.825000,83.999665,backend_throughput,all,4.333814868318702
2026-08-24_12-37-49-825335_baseline,baseline,burst-load,1787575154.825000,84.999665,backend_throughput,all,4.444444444444445
2026-08-24_12-37-49-825335_baseline,baseline,burst-load,1787575155.825000,85.999665,backend_throughput,all,4.333814868318702
2026-08-24_12-37-49-825335_baseline,baseline,burst-load,1787575156.825000,86.999665,backend_throughput,all,4.222691410156684
2026-08-24_12-37-49-825335_baseline,baseline,burst-load,1787575157.825000,87.999665,backend_throughput,all,4.778839742164925
2026-08-24_12-37-49-825335_baseline,baseline,burst-load,1787575158.825000,88.999665,backend_throughput,all,5.222802533614845
2026-08-24_12-37-49-825335_baseline,baseline,burst-load,1787575159.825000,89.999665,backend_throughput,all,5.445049449938882
2026-08-24_12-37-49-825335_baseline,baseline,burst-load,1787575160.825000,90.999665,backend_throughput,all,5.222802533614845
2026-08-24_12-37-49-825335_baseline,baseline,burst-load,1787575161.825000,91.999665,backend_throughput,all,5.666666666666667
2026-08-24_12-37-49-825335_baseline,baseline,burst-load,1787575162.825000,92.999665,backend_throughput,all,5.444444444444445
2026-08-24_12-37-49-825335_baseline,baseline,burst-load,1787575163.825000,93.999665,backend_throughput,all,5.5561729081008995
2026-08-24_12-37-49-825335_baseline,baseline,burst-load,1787575164.825000,94.999665,backend_throughput,all,5.333333333333334
2026-08-24_12-37-49-825335_baseline,baseline,burst-load,1787575165.825000,95.999665,backend_throughput,all,5.111111111111112
2026-08-24_12-37-49-825335_baseline,baseline,burst-load,1787575166.825000,96.999665,backend_throughput,all,4.777777777777778
2026-08-24_12-37-49-825335_baseline,baseline,burst-load,1787575167.825000,97.999665,backend_throughput,all,4.777777777777778
2026-08-24_12-37-49-825335_baseline,baseline,burst-load,1787575168.825000,98.999665,backend_throughput,all,4.555555555555556
2026-08-24_12-37-49-825335_baseline,baseline,burst-load,1787575169.825000,99.999665,backend_throughput,all,4.222222222222222
2026-08-24_12-37-49-825335_baseline,baseline,burst-load,1787575170.825000,100.999665,backend_throughput,all,3.777777777777778
2026-08-24_12-37-49-825335_baseline,baseline,burst-load,1787575171.825000,101.999665,backend_throughput,all,3.777777777777778
2026-08-24_12-37-49-825335_baseline,baseline,burst-load,1787575172.825000,102.999665,backend_throughput,all,3.666666666666667
2026-08-24_12-37-49-825335_baseline,baseline,burst-load,1787575173.825000,103.999665,backend_throughput,all,3.8888888888888893
2026-08-24_12-37-49-825335_baseline,baseline,burst-load,1787575174.825000,104.999665,backend_throughput,all,4
2026-08-24_12-37-49-825335_baseline,baseline,burst-load,1787575175.825000,105.999665,backend_throughput,all,4.555555555555556
2026-08-24_12-37-49-825335_baseline,baseline,burst-load,1787575176.825000,106.999665,backend_throughput,all,4.333333333333334
2026-08-24_12-37-49-825335_baseline,baseline,burst-load,1787575177.825000,107.999665,backend_throughput,all,4.222222222222222
2026-08-24_12-37-49-825335_baseline,baseline,burst-load,1787575178.825000,108.999665,backend_throughput,all,4.221753138540163
2026-08-24_12-37-49-825335_baseline,baseline,burst-load,1787575179.825000,109.999665,backend_throughput,all,4.4439506721475395
2026-08-24_12-37-49-825335_baseline,baseline,burst-load,1787575180.825000,110.999665,backend_throughput,all,4.555555555555556
2026-08-24_12-37-49-825335_baseline,baseline,burst-load,1787575181.825000,111.999665,backend_throughput,all,5.111111111111112
2026-08-24_12-37-49-825335_baseline,baseline,burst-load,1787575182.825000,112.999665,backend_throughput,all,5.001111358079573
2026-08-24_12-37-49-825335_baseline,baseline,burst-load,1787575183.825000,113.999665,backend_throughput,all,4.778308700966774
2026-08-24_12-37-49-825335_baseline,baseline,burst-load,1787575184.825000,114.999665,backend_throughput,all,4.44493832648072
2026-08-24_12-37-49-825335_baseline,baseline,burst-load,1787575185.825000,115.999665,backend_throughput,all,4.222691410156684
2026-08-24_12-37-49-825335_baseline,baseline,burst-load,1787575186.825000,116.999665,backend_throughput,all,4.222691410156684
2026-08-24_12-37-49-825335_baseline,baseline,burst-load,1787575187.825000,117.999665,backend_throughput,all,4.11248193842392
2026-08-24_12-37-49-825335_baseline,baseline,burst-load,1787575188.825000,118.999665,backend_throughput,all,4.33429651033563
2026-08-24_12-37-49-825335_baseline,baseline,burst-load,1787575189.825000,119.999665,backend_throughput,all,4.3338148683187026
2026-08-24_12-37-49-825335_baseline,baseline,burst-load,1787575190.825000,120.999665,backend_throughput,all,3.6670741193465943
2026-08-24_12-37-49-825335_baseline,baseline,burst-load,1787575191.825000,121.999665,backend_throughput,all,3.7773580713254087
2026-08-24_12-37-49-825335_baseline,baseline,burst-load,1787575069.825000,-0.000335,active_backend_requests,all,0
2026-08-24_12-37-49-825335_baseline,baseline,burst-load,1787575070.825000,0.999665,active_backend_requests,all,1
2026-08-24_12-37-49-825335_baseline,baseline,burst-load,1787575071.825000,1.999665,active_backend_requests,all,4
2026-08-24_12-37-49-825335_baseline,baseline,burst-load,1787575072.825000,2.999665,active_backend_requests,all,2
2026-08-24_12-37-49-825335_baseline,baseline,burst-load,1787575073.825000,3.999665,active_backend_requests,all,0
2026-08-24_12-37-49-825335_baseline,baseline,burst-load,1787575074.825000,4.999665,active_backend_requests,all,2
2026-08-24_12-37-49-825335_baseline,baseline,burst-load,1787575075.825000,5.999665,active_backend_requests,all,1
2026-08-24_12-37-49-825335_baseline,baseline,burst-load,1787575076.825000,6.999665,active_backend_requests,all,2
2026-08-24_12-37-49-825335_baseline,baseline,burst-load,1787575077.825000,7.999665,active_backend_requests,all,1
2026-08-24_12-37-49-825335_baseline,baseline,burst-load,1787575078.825000,8.999665,active_backend_requests,all,0
2026-08-24_12-37-49-825335_baseline,baseline,burst-load,1787575079.825000,9.999665,active_backend_requests,all,0
2026-08-24_12-37-49-825335_baseline,baseline,burst-load,1787575080.825000,10.999665,active_backend_requests,all,1
2026-08-24_12-37-49-825335_baseline,baseline,burst-load,1787575081.825000,11.999665,active_backend_requests,all,2
2026-08-24_12-37-49-825335_baseline,baseline,burst-load,1787575082.825000,12.999665,active_backend_requests,all,1
2026-08-24_12-37-49-825335_baseline,baseline,burst-load,1787575083.825000,13.999665,active_backend_requests,all,0
2026-08-24_12-37-49-825335_baseline,baseline,burst-load,1787575084.825000,14.999665,active_backend_requests,all,1
2026-08-24_12-37-49-825335_baseline,baseline,burst-load,1787575085.825000,15.999665,active_backend_requests,all,1
2026-08-24_12-37-49-825335_baseline,baseline,burst-load,1787575086.825000,16.999665,active_backend_requests,all,0
2026-08-24_12-37-49-825335_baseline,baseline,burst-load,1787575087.825000,17.999665,active_backend_requests,all,2
2026-08-24_12-37-49-825335_baseline,baseline,burst-load,1787575088.825000,18.999665,active_backend_requests,all,2
2026-08-24_12-37-49-825335_baseline,baseline,burst-load,1787575089.825000,19.999665,active_backend_requests,all,3
2026-08-24_12-37-49-825335_baseline,baseline,burst-load,1787575090.825000,20.999665,active_backend_requests,all,1
2026-08-24_12-37-49-825335_baseline,baseline,burst-load,1787575091.825000,21.999665,active_backend_requests,all,1
2026-08-24_12-37-49-825335_baseline,baseline,burst-load,1787575092.825000,22.999665,active_backend_requests,all,2
2026-08-24_12-37-49-825335_baseline,baseline,burst-load,1787575093.825000,23.999665,active_backend_requests,all,2
2026-08-24_12-37-49-825335_baseline,baseline,burst-load,1787575094.825000,24.999665,active_backend_requests,all,1
2026-08-24_12-37-49-825335_baseline,baseline,burst-load,1787575095.825000,25.999665,active_backend_requests,all,1
2026-08-24_12-37-49-825335_baseline,baseline,burst-load,1787575096.825000,26.999665,active_backend_requests,all,0
2026-08-24_12-37-49-825335_baseline,baseline,burst-load,1787575097.825000,27.999665,active_backend_requests,all,0
2026-08-24_12-37-49-825335_baseline,baseline,burst-load,1787575098.825000,28.999665,active_backend_requests,all,1
2026-08-24_12-37-49-825335_baseline,baseline,burst-load,1787575099.825000,29.999665,active_backend_requests,all,1
2026-08-24_12-37-49-825335_baseline,baseline,burst-load,1787575100.825000,30.999665,active_backend_requests,all,1
2026-08-24_12-37-49-825335_baseline,baseline,burst-load,1787575101.825000,31.999665,active_backend_requests,all,11
2026-08-24_12-37-49-825335_baseline,baseline,burst-load,1787575102.825000,32.999665,active_backend_requests,all,4
2026-08-24_12-37-49-825335_baseline,baseline,burst-load,1787575103.825000,33.999665,active_backend_requests,all,3
2026-08-24_12-37-49-825335_baseline,baseline,burst-load,1787575104.825000,34.999665,active_backend_requests,all,3
2026-08-24_12-37-49-825335_baseline,baseline,burst-load,1787575105.825000,35.999665,active_backend_requests,all,2
2026-08-24_12-37-49-825335_baseline,baseline,burst-load,1787575106.825000,36.999665,active_backend_requests,all,2
2026-08-24_12-37-49-825335_baseline,baseline,burst-load,1787575107.825000,37.999665,active_backend_requests,all,3
2026-08-24_12-37-49-825335_baseline,baseline,burst-load,1787575108.825000,38.999665,active_backend_requests,all,2
2026-08-24_12-37-49-825335_baseline,baseline,burst-load,1787575109.825000,39.999665,active_backend_requests,all,3
2026-08-24_12-37-49-825335_baseline,baseline,burst-load,1787575110.825000,40.999665,active_backend_requests,all,0
2026-08-24_12-37-49-825335_baseline,baseline,burst-load,1787575111.825000,41.999665,active_backend_requests,all,1
2026-08-24_12-37-49-825335_baseline,baseline,burst-load,1787575112.825000,42.999665,active_backend_requests,all,1
2026-08-24_12-37-49-825335_baseline,baseline,burst-load,1787575113.825000,43.999665,active_backend_requests,all,2
2026-08-24_12-37-49-825335_baseline,baseline,burst-load,1787575114.825000,44.999665,active_backend_requests,all,0
2026-08-24_12-37-49-825335_baseline,baseline,burst-load,1787575115.825000,45.999665,active_backend_requests,all,1
2026-08-24_12-37-49-825335_baseline,baseline,burst-load,1787575116.825000,46.999665,active_backend_requests,all,0
2026-08-24_12-37-49-825335_baseline,baseline,burst-load,1787575117.825000,47.999665,active_backend_requests,all,5
2026-08-24_12-37-49-825335_baseline,baseline,burst-load,1787575118.825000,48.999665,active_backend_requests,all,15
2026-08-24_12-37-49-825335_baseline,baseline,burst-load,1787575119.825000,49.999665,active_backend_requests,all,5
2026-08-24_12-37-49-825335_baseline,baseline,burst-load,1787575120.825000,50.999665,active_backend_requests,all,2
2026-08-24_12-37-49-825335_baseline,baseline,burst-load,1787575121.825000,51.999665,active_backend_requests,all,2
2026-08-24_12-37-49-825335_baseline,baseline,burst-load,1787575122.825000,52.999665,active_backend_requests,all,0
2026-08-24_12-37-49-825335_baseline,baseline,burst-load,1787575123.825000,53.999665,active_backend_requests,all,3
2026-08-24_12-37-49-825335_baseline,baseline,burst-load,1787575124.825000,54.999665,active_backend_requests,all,0
2026-08-24_12-37-49-825335_baseline,baseline,burst-load,1787575125.825000,55.999665,active_backend_requests,all,1
2026-08-24_12-37-49-825335_baseline,baseline,burst-load,1787575126.825000,56.999665,active_backend_requests,all,1
2026-08-24_12-37-49-825335_baseline,baseline,burst-load,1787575127.825000,57.999665,active_backend_requests,all,0
2026-08-24_12-37-49-825335_baseline,baseline,burst-load,1787575128.825000,58.999665,active_backend_requests,all,2
2026-08-24_12-37-49-825335_baseline,baseline,burst-load,1787575129.825000,59.999665,active_backend_requests,all,0
2026-08-24_12-37-49-825335_baseline,baseline,burst-load,1787575130.825000,60.999665,active_backend_requests,all,2
2026-08-24_12-37-49-825335_baseline,baseline,burst-load,1787575131.825000,61.999665,active_backend_requests,all,1
2026-08-24_12-37-49-825335_baseline,baseline,burst-load,1787575132.825000,62.999665,active_backend_requests,all,3
2026-08-24_12-37-49-825335_baseline,baseline,burst-load,1787575133.825000,63.999665,active_backend_requests,all,7
2026-08-24_12-37-49-825335_baseline,baseline,burst-load,1787575134.825000,64.999665,active_backend_requests,all,6
2026-08-24_12-37-49-825335_baseline,baseline,burst-load,1787575135.825000,65.999665,active_backend_requests,all,0
2026-08-24_12-37-49-825335_baseline,baseline,burst-load,1787575136.825000,66.999665,active_backend_requests,all,4
2026-08-24_12-37-49-825335_baseline,baseline,burst-load,1787575137.825000,67.999665,active_backend_requests,all,1
2026-08-24_12-37-49-825335_baseline,baseline,burst-load,1787575138.825000,68.999665,active_backend_requests,all,4
2026-08-24_12-37-49-825335_baseline,baseline,burst-load,1787575139.825000,69.999665,active_backend_requests,all,3
2026-08-24_12-37-49-825335_baseline,baseline,burst-load,1787575140.825000,70.999665,active_backend_requests,all,4
2026-08-24_12-37-49-825335_baseline,baseline,burst-load,1787575141.825000,71.999665,active_backend_requests,all,2
2026-08-24_12-37-49-825335_baseline,baseline,burst-load,1787575142.825000,72.999665,active_backend_requests,all,2
2026-08-24_12-37-49-825335_baseline,baseline,burst-load,1787575143.825000,73.999665,active_backend_requests,all,1
2026-08-24_12-37-49-825335_baseline,baseline,burst-load,1787575144.825000,74.999665,active_backend_requests,all,0
2026-08-24_12-37-49-825335_baseline,baseline,burst-load,1787575145.825000,75.999665,active_backend_requests,all,0
2026-08-24_12-37-49-825335_baseline,baseline,burst-load,1787575146.825000,76.999665,active_backend_requests,all,1
2026-08-24_12-37-49-825335_baseline,baseline,burst-load,1787575147.825000,77.999665,active_backend_requests,all,0
2026-08-24_12-37-49-825335_baseline,baseline,burst-load,1787575148.825000,78.999665,active_backend_requests,all,0
2026-08-24_12-37-49-825335_baseline,baseline,burst-load,1787575149.825000,79.999665,active_backend_requests,all,0
2026-08-24_12-37-49-825335_baseline,baseline,burst-load,1787575150.825000,80.999665,active_backend_requests,all,0
2026-08-24_12-37-49-825335_baseline,baseline,burst-load,1787575151.825000,81.999665,active_backend_requests,all,1
2026-08-24_12-37-49-825335_baseline,baseline,burst-load,1787575152.825000,82.999665,active_backend_requests,all,1
2026-08-24_12-37-49-825335_baseline,baseline,burst-load,1787575153.825000,83.999665,active_backend_requests,all,1
2026-08-24_12-37-49-825335_baseline,baseline,burst-load,1787575154.825000,84.999665,active_backend_requests,all,0
2026-08-24_12-37-49-825335_baseline,baseline,burst-load,1787575155.825000,85.999665,active_backend_requests,all,2
2026-08-24_12-37-49-825335_baseline,baseline,burst-load,1787575156.825000,86.999665,active_backend_requests,all,2
2026-08-24_12-37-49-825335_baseline,baseline,burst-load,1787575157.825000,87.999665,active_backend_requests,all,1
2026-08-24_12-37-49-825335_baseline,baseline,burst-load,1787575158.825000,88.999665,active_backend_requests,all,1
2026-08-24_12-37-49-825335_baseline,baseline,burst-load,1787575159.825000,89.999665,active_backend_requests,all,1
2026-08-24_12-37-49-825335_baseline,baseline,burst-load,1787575160.825000,90.999665,active_backend_requests,all,1
2026-08-24_12-37-49-825335_baseline,baseline,burst-load,1787575161.825000,91.999665,active_backend_requests,all,3
2026-08-24_12-37-49-825335_baseline,baseline,burst-load,1787575162.825000,92.999665,active_backend_requests,all,1
2026-08-24_12-37-49-825335_baseline,baseline,burst-load,1787575163.825000,93.999665,active_backend_requests,all,0
2026-08-24_12-37-49-825335_baseline,baseline,burst-load,1787575164.825000,94.999665,active_backend_requests,all,1
2026-08-24_12-37-49-825335_baseline,baseline,burst-load,1787575165.825000,95.999665,active_backend_requests,all,1
2026-08-24_12-37-49-825335_baseline,baseline,burst-load,1787575166.825000,96.999665,active_backend_requests,all,1
2026-08-24_12-37-49-825335_baseline,baseline,burst-load,1787575167.825000,97.999665,active_backend_requests,all,2
2026-08-24_12-37-49-825335_baseline,baseline,burst-load,1787575168.825000,98.999665,active_backend_requests,all,3
2026-08-24_12-37-49-825335_baseline,baseline,burst-load,1787575169.825000,99.999665,active_backend_requests,all,1
2026-08-24_12-37-49-825335_baseline,baseline,burst-load,1787575170.825000,100.999665,active_backend_requests,all,0
2026-08-24_12-37-49-825335_baseline,baseline,burst-load,1787575171.825000,101.999665,active_backend_requests,all,0
2026-08-24_12-37-49-825335_baseline,baseline,burst-load,1787575172.825000,102.999665,active_backend_requests,all,1
2026-08-24_12-37-49-825335_baseline,baseline,burst-load,1787575173.825000,103.999665,active_backend_requests,all,1
2026-08-24_12-37-49-825335_baseline,baseline,burst-load,1787575174.825000,104.999665,active_backend_requests,all,4
2026-08-24_12-37-49-825335_baseline,baseline,burst-load,1787575175.825000,105.999665,active_backend_requests,all,3
2026-08-24_12-37-49-825335_baseline,baseline,burst-load,1787575176.825000,106.999665,active_backend_requests,all,2
2026-08-24_12-37-49-825335_baseline,baseline,burst-load,1787575177.825000,107.999665,active_backend_requests,all,1
2026-08-24_12-37-49-825335_baseline,baseline,burst-load,1787575178.825000,108.999665,active_backend_requests,all,1
2026-08-24_12-37-49-825335_baseline,baseline,burst-load,1787575179.825000,109.999665,active_backend_requests,all,1
2026-08-24_12-37-49-825335_baseline,baseline,burst-load,1787575180.825000,110.999665,active_backend_requests,all,0
2026-08-24_12-37-49-825335_baseline,baseline,burst-load,1787575181.825000,111.999665,active_backend_requests,all,2
2026-08-24_12-37-49-825335_baseline,baseline,burst-load,1787575182.825000,112.999665,active_backend_requests,all,1
2026-08-24_12-37-49-825335_baseline,baseline,burst-load,1787575183.825000,113.999665,active_backend_requests,all,1
2026-08-24_12-37-49-825335_baseline,baseline,burst-load,1787575184.825000,114.999665,active_backend_requests,all,1
2026-08-24_12-37-49-825335_baseline,baseline,burst-load,1787575185.825000,115.999665,active_backend_requests,all,0
2026-08-24_12-37-49-825335_baseline,baseline,burst-load,1787575186.825000,116.999665,active_backend_requests,all,0
2026-08-24_12-37-49-825335_baseline,baseline,burst-load,1787575187.825000,117.999665,active_backend_requests,all,0
2026-08-24_12-37-49-825335_baseline,baseline,burst-load,1787575188.825000,118.999665,active_backend_requests,all,3
2026-08-24_12-37-49-825335_baseline,baseline,burst-load,1787575189.825000,119.999665,active_backend_requests,all,1
2026-08-24_12-37-49-825335_baseline,baseline,burst-load,1787575190.825000,120.999665,active_backend_requests,all,0
2026-08-24_12-37-49-825335_baseline,baseline,burst-load,1787575191.825000,121.999665,active_backend_requests,all,1
2026-08-24_12-37-49-825335_baseline,baseline,burst-load,1787575069.825000,-0.000335,failed_request_ratio,all,0
2026-08-24_12-37-49-825335_baseline,baseline,burst-load,1787575070.825000,0.999665,failed_request_ratio,all,0
2026-08-24_12-37-49-825335_baseline,baseline,burst-load,1787575071.825000,1.999665,failed_request_ratio,all,0
2026-08-24_12-37-49-825335_baseline,baseline,burst-load,1787575072.825000,2.999665,failed_request_ratio,all,0
2026-08-24_12-37-49-825335_baseline,baseline,burst-load,1787575073.825000,3.999665,failed_request_ratio,all,0
2026-08-24_12-37-49-825335_baseline,baseline,burst-load,1787575074.825000,4.999665,failed_request_ratio,all,0
2026-08-24_12-37-49-825335_baseline,baseline,burst-load,1787575075.825000,5.999665,failed_request_ratio,all,0
2026-08-24_12-37-49-825335_baseline,baseline,burst-load,1787575076.825000,6.999665,failed_request_ratio,all,0
2026-08-24_12-37-49-825335_baseline,baseline,burst-load,1787575077.825000,7.999665,failed_request_ratio,all,0
2026-08-24_12-37-49-825335_baseline,baseline,burst-load,1787575078.825000,8.999665,failed_request_ratio,all,0
2026-08-24_12-37-49-825335_baseline,baseline,burst-load,1787575079.825000,9.999665,failed_request_ratio,all,0
2026-08-24_12-37-49-825335_baseline,baseline,burst-load,1787575080.825000,10.999665,failed_request_ratio,all,0
2026-08-24_12-37-49-825335_baseline,baseline,burst-load,1787575081.825000,11.999665,failed_request_ratio,all,0
2026-08-24_12-37-49-825335_baseline,baseline,burst-load,1787575082.825000,12.999665,failed_request_ratio,all,0
2026-08-24_12-37-49-825335_baseline,baseline,burst-load,1787575083.825000,13.999665,failed_request_ratio,all,0
2026-08-24_12-37-49-825335_baseline,baseline,burst-load,1787575084.825000,14.999665,failed_request_ratio,all,0
2026-08-24_12-37-49-825335_baseline,baseline,burst-load,1787575085.825000,15.999665,failed_request_ratio,all,0
2026-08-24_12-37-49-825335_baseline,baseline,burst-load,1787575086.825000,16.999665,failed_request_ratio,all,0
2026-08-24_12-37-49-825335_baseline,baseline,burst-load,1787575087.825000,17.999665,failed_request_ratio,all,0
2026-08-24_12-37-49-825335_baseline,baseline,burst-load,1787575088.825000,18.999665,failed_request_ratio,all,0
2026-08-24_12-37-49-825335_baseline,baseline,burst-load,1787575089.825000,19.999665,failed_request_ratio,all,0
2026-08-24_12-37-49-825335_baseline,baseline,burst-load,1787575090.825000,20.999665,failed_request_ratio,all,0
2026-08-24_12-37-49-825335_baseline,baseline,burst-load,1787575091.825000,21.999665,failed_request_ratio,all,0
2026-08-24_12-37-49-825335_baseline,baseline,burst-load,1787575092.825000,22.999665,failed_request_ratio,all,0
2026-08-24_12-37-49-825335_baseline,baseline,burst-load,1787575093.825000,23.999665,failed_request_ratio,all,0
2026-08-24_12-37-49-825335_baseline,baseline,burst-load,1787575094.825000,24.999665,failed_request_ratio,all,0
2026-08-24_12-37-49-825335_baseline,baseline,burst-load,1787575095.825000,25.999665,failed_request_ratio,all,0
2026-08-24_12-37-49-825335_baseline,baseline,burst-load,1787575096.825000,26.999665,failed_request_ratio,all,0
2026-08-24_12-37-49-825335_baseline,baseline,burst-load,1787575097.825000,27.999665,failed_request_ratio,all,0
2026-08-24_12-37-49-825335_baseline,baseline,burst-load,1787575098.825000,28.999665,failed_request_ratio,all,0
2026-08-24_12-37-49-825335_baseline,baseline,burst-load,1787575099.825000,29.999665,failed_request_ratio,all,0
2026-08-24_12-37-49-825335_baseline,baseline,burst-load,1787575100.825000,30.999665,failed_request_ratio,all,0
2026-08-24_12-37-49-825335_baseline,baseline,burst-load,1787575101.825000,31.999665,failed_request_ratio,all,0
2026-08-24_12-37-49-825335_baseline,baseline,burst-load,1787575102.825000,32.999665,failed_request_ratio,all,0
2026-08-24_12-37-49-825335_baseline,baseline,burst-load,1787575103.825000,33.999665,failed_request_ratio,all,0
2026-08-24_12-37-49-825335_baseline,baseline,burst-load,1787575104.825000,34.999665,failed_request_ratio,all,0
2026-08-24_12-37-49-825335_baseline,baseline,burst-load,1787575105.825000,35.999665,failed_request_ratio,all,0
2026-08-24_12-37-49-825335_baseline,baseline,burst-load,1787575106.825000,36.999665,failed_request_ratio,all,0
2026-08-24_12-37-49-825335_baseline,baseline,burst-load,1787575107.825000,37.999665,failed_request_ratio,all,0
2026-08-24_12-37-49-825335_baseline,baseline,burst-load,1787575108.825000,38.999665,failed_request_ratio,all,0
2026-08-24_12-37-49-825335_baseline,baseline,burst-load,1787575109.825000,39.999665,failed_request_ratio,all,0
2026-08-24_12-37-49-825335_baseline,baseline,burst-load,1787575110.825000,40.999665,failed_request_ratio,all,0
2026-08-24_12-37-49-825335_baseline,baseline,burst-load,1787575111.825000,41.999665,failed_request_ratio,all,0
2026-08-24_12-37-49-825335_baseline,baseline,burst-load,1787575112.825000,42.999665,failed_request_ratio,all,0
2026-08-24_12-37-49-825335_baseline,baseline,burst-load,1787575113.825000,43.999665,failed_request_ratio,all,0
2026-08-24_12-37-49-825335_baseline,baseline,burst-load,1787575114.825000,44.999665,failed_request_ratio,all,0
2026-08-24_12-37-49-825335_baseline,baseline,burst-load,1787575115.825000,45.999665,failed_request_ratio,all,0
2026-08-24_12-37-49-825335_baseline,baseline,burst-load,1787575116.825000,46.999665,failed_request_ratio,all,0
2026-08-24_12-37-49-825335_baseline,baseline,burst-load,1787575117.825000,47.999665,failed_request_ratio,all,0
2026-08-24_12-37-49-825335_baseline,baseline,burst-load,1787575118.825000,48.999665,failed_request_ratio,all,0
2026-08-24_12-37-49-825335_baseline,baseline,burst-load,1787575119.825000,49.999665,failed_request_ratio,all,0
2026-08-24_12-37-49-825335_baseline,baseline,burst-load,1787575120.825000,50.999665,failed_request_ratio,all,0
2026-08-24_12-37-49-825335_baseline,baseline,burst-load,1787575121.825000,51.999665,failed_request_ratio,all,0
2026-08-24_12-37-49-825335_baseline,baseline,burst-load,1787575122.825000,52.999665,failed_request_ratio,all,0
2026-08-24_12-37-49-825335_baseline,baseline,burst-load,1787575123.825000,53.999665,failed_request_ratio,all,0
2026-08-24_12-37-49-825335_baseline,baseline,burst-load,1787575124.825000,54.999665,failed_request_ratio,all,0
2026-08-24_12-37-49-825335_baseline,baseline,burst-load,1787575125.825000,55.999665,failed_request_ratio,all,0
2026-08-24_12-37-49-825335_baseline,baseline,burst-load,1787575126.825000,56.999665,failed_request_ratio,all,0
2026-08-24_12-37-49-825335_baseline,baseline,burst-load,1787575127.825000,57.999665,failed_request_ratio,all,0
2026-08-24_12-37-49-825335_baseline,baseline,burst-load,1787575128.825000,58.999665,failed_request_ratio,all,0
2026-08-24_12-37-49-825335_baseline,baseline,burst-load,1787575129.825000,59.999665,failed_request_ratio,all,0
2026-08-24_12-37-49-825335_baseline,baseline,burst-load,1787575130.825000,60.999665,failed_request_ratio,all,0
2026-08-24_12-37-49-825335_baseline,baseline,burst-load,1787575131.825000,61.999665,failed_request_ratio,all,0
2026-08-24_12-37-49-825335_baseline,baseline,burst-load,1787575132.825000,62.999665,failed_request_ratio,all,0
2026-08-24_12-37-49-825335_baseline,baseline,burst-load,1787575133.825000,63.999665,failed_request_ratio,all,0
2026-08-24_12-37-49-825335_baseline,baseline,burst-load,1787575134.825000,64.999665,failed_request_ratio,all,0
2026-08-24_12-37-49-825335_baseline,baseline,burst-load,1787575135.825000,65.999665,failed_request_ratio,all,0
2026-08-24_12-37-49-825335_baseline,baseline,burst-load,1787575136.825000,66.999665,failed_request_ratio,all,0
2026-08-24_12-37-49-825335_baseline,baseline,burst-load,1787575137.825000,67.999665,failed_request_ratio,all,0
2026-08-24_12-37-49-825335_baseline,baseline,burst-load,1787575138.825000,68.999665,failed_request_ratio,all,0
2026-08-24_12-37-49-825335_baseline,baseline,burst-load,1787575139.825000,69.999665,failed_request_ratio,all,0
2026-08-24_12-37-49-825335_baseline,baseline,burst-load,1787575140.825000,70.999665,failed_request_ratio,all,0
2026-08-24_12-37-49-825335_baseline,baseline,burst-load,1787575141.825000,71.999665,failed_request_ratio,all,0
2026-08-24_12-37-49-825335_baseline,baseline,burst-load,1787575142.825000,72.999665,failed_request_ratio,all,0
2026-08-24_12-37-49-825335_baseline,baseline,burst-load,1787575143.825000,73.999665,failed_request_ratio,all,0
2026-08-24_12-37-49-825335_baseline,baseline,burst-load,1787575144.825000,74.999665,failed_request_ratio,all,0
2026-08-24_12-37-49-825335_baseline,baseline,burst-load,1787575145.825000,75.999665,failed_request_ratio,all,0
2026-08-24_12-37-49-825335_baseline,baseline,burst-load,1787575146.825000,76.999665,failed_request_ratio,all,0
2026-08-24_12-37-49-825335_baseline,baseline,burst-load,1787575147.825000,77.999665,failed_request_ratio,all,0
2026-08-24_12-37-49-825335_baseline,baseline,burst-load,1787575148.825000,78.999665,failed_request_ratio,all,0
2026-08-24_12-37-49-825335_baseline,baseline,burst-load,1787575149.825000,79.999665,failed_request_ratio,all,0
2026-08-24_12-37-49-825335_baseline,baseline,burst-load,1787575150.825000,80.999665,failed_request_ratio,all,0
2026-08-24_12-37-49-825335_baseline,baseline,burst-load,1787575151.825000,81.999665,failed_request_ratio,all,0
2026-08-24_12-37-49-825335_baseline,baseline,burst-load,1787575152.825000,82.999665,failed_request_ratio,all,0
2026-08-24_12-37-49-825335_baseline,baseline,burst-load,1787575153.825000,83.999665,failed_request_ratio,all,0
2026-08-24_12-37-49-825335_baseline,baseline,burst-load,1787575154.825000,84.999665,failed_request_ratio,all,0
2026-08-24_12-37-49-825335_baseline,baseline,burst-load,1787575155.825000,85.999665,failed_request_ratio,all,0
2026-08-24_12-37-49-825335_baseline,baseline,burst-load,1787575156.825000,86.999665,failed_request_ratio,all,0
2026-08-24_12-37-49-825335_baseline,baseline,burst-load,1787575157.825000,87.999665,failed_request_ratio,all,0
2026-08-24_12-37-49-825335_baseline,baseline,burst-load,1787575158.825000,88.999665,failed_request_ratio,all,0
2026-08-24_12-37-49-825335_baseline,baseline,burst-load,1787575159.825000,89.999665,failed_request_ratio,all,0
2026-08-24_12-37-49-825335_baseline,baseline,burst-load,1787575160.825000,90.999665,failed_request_ratio,all,0
2026-08-24_12-37-49-825335_baseline,baseline,burst-load,1787575161.825000,91.999665,failed_request_ratio,all,0
2026-08-24_12-37-49-825335_baseline,baseline,burst-load,1787575162.825000,92.999665,failed_request_ratio,all,0
2026-08-24_12-37-49-825335_baseline,baseline,burst-load,1787575163.825000,93.999665,failed_request_ratio,all,0
2026-08-24_12-37-49-825335_baseline,baseline,burst-load,1787575164.825000,94.999665,failed_request_ratio,all,0
2026-08-24_12-37-49-825335_baseline,baseline,burst-load,1787575165.825000,95.999665,failed_request_ratio,all,0
2026-08-24_12-37-49-825335_baseline,baseline,burst-load,1787575166.825000,96.999665,failed_request_ratio,all,0
2026-08-24_12-37-49-825335_baseline,baseline,burst-load,1787575167.825000,97.999665,failed_request_ratio,all,0
2026-08-24_12-37-49-825335_baseline,baseline,burst-load,1787575168.825000,98.999665,failed_request_ratio,all,0
2026-08-24_12-37-49-825335_baseline,baseline,burst-load,1787575169.825000,99.999665,failed_request_ratio,all,0
2026-08-24_12-37-49-825335_baseline,baseline,burst-load,1787575170.825000,100.999665,failed_request_ratio,all,0
2026-08-24_12-37-49-825335_baseline,baseline,burst-load,1787575171.825000,101.999665,failed_request_ratio,all,0
2026-08-24_12-37-49-825335_baseline,baseline,burst-load,1787575172.825000,102.999665,failed_request_ratio,all,0
2026-08-24_12-37-49-825335_baseline,baseline,burst-load,1787575173.825000,103.999665,failed_request_ratio,all,0
2026-08-24_12-37-49-825335_baseline,baseline,burst-load,1787575174.825000,104.999665,failed_request_ratio,all,0
2026-08-24_12-37-49-825335_baseline,baseline,burst-load,1787575175.825000,105.999665,failed_request_ratio,all,0
2026-08-24_12-37-49-825335_baseline,baseline,burst-load,1787575176.825000,106.999665,failed_request_ratio,all,0
2026-08-24_12-37-49-825335_baseline,baseline,burst-load,1787575177.825000,107.999665,failed_request_ratio,all,0
2026-08-24_12-37-49-825335_baseline,baseline,burst-load,1787575178.825000,108.999665,failed_request_ratio,all,0
2026-08-24_12-37-49-825335_baseline,baseline,burst-load,1787575179.825000,109.999665,failed_request_ratio,all,0
2026-08-24_12-37-49-825335_baseline,baseline,burst-load,1787575180.825000,110.999665,failed_request_ratio,all,0
2026-08-24_12-37-49-825335_baseline,baseline,burst-load,1787575181.825000,111.999665,failed_request_ratio,all,0
2026-08-24_12-37-49-825335_baseline,baseline,burst-load,1787575182.825000,112.999665,failed_request_ratio,all,0
2026-08-24_12-37-49-825335_baseline,baseline,burst-load,1787575183.825000,113.999665,failed_request_ratio,all,0
2026-08-24_12-37-49-825335_baseline,baseline,burst-load,1787575184.825000,114.999665,failed_request_ratio,all,0
2026-08-24_12-37-49-825335_baseline,baseline,burst-load,1787575185.825000,115.999665,failed_request_ratio,all,0
2026-08-24_12-37-49-825335_baseline,baseline,burst-load,1787575186.825000,116.999665,failed_request_ratio,all,0
2026-08-24_12-37-49-825335_baseline,baseline,burst-load,1787575187.825000,117.999665,failed_request_ratio,all,0
2026-08-24_12-37-49-825335_baseline,baseline,burst-load,1787575188.825000,118.999665,failed_request_ratio,all,0
2026-08-24_12-37-49-825335_baseline,baseline,burst-load,1787575189.825000,119.999665,failed_request_ratio,all,0
2026-08-24_12-37-49-825335_baseline,baseline,burst-load,1787575190.825000,120.999665,failed_request_ratio,all,0
2026-08-24_12-37-49-825335_baseline,baseline,burst-load,1787575191.825000,121.999665,failed_request_ratio,all,0
2026-08-24_12-37-49-825335_baseline,baseline,burst-load,1787575069.825000,-0.000335,singleflight_waiting_requests,all,0
2026-08-24_12-37-49-825335_baseline,baseline,burst-load,1787575070.825000,0.999665,singleflight_waiting_requests,all,0
2026-08-24_12-37-49-825335_baseline,baseline,burst-load,1787575071.825000,1.999665,singleflight_waiting_requests,all,0
2026-08-24_12-37-49-825335_baseline,baseline,burst-load,1787575072.825000,2.999665,singleflight_waiting_requests,all,0
2026-08-24_12-37-49-825335_baseline,baseline,burst-load,1787575073.825000,3.999665,singleflight_waiting_requests,all,0
2026-08-24_12-37-49-825335_baseline,baseline,burst-load,1787575074.825000,4.999665,singleflight_waiting_requests,all,0
2026-08-24_12-37-49-825335_baseline,baseline,burst-load,1787575075.825000,5.999665,singleflight_waiting_requests,all,0
2026-08-24_12-37-49-825335_baseline,baseline,burst-load,1787575076.825000,6.999665,singleflight_waiting_requests,all,0
2026-08-24_12-37-49-825335_baseline,baseline,burst-load,1787575077.825000,7.999665,singleflight_waiting_requests,all,0
2026-08-24_12-37-49-825335_baseline,baseline,burst-load,1787575078.825000,8.999665,singleflight_waiting_requests,all,0
2026-08-24_12-37-49-825335_baseline,baseline,burst-load,1787575079.825000,9.999665,singleflight_waiting_requests,all,0
2026-08-24_12-37-49-825335_baseline,baseline,burst-load,1787575080.825000,10.999665,singleflight_waiting_requests,all,0
2026-08-24_12-37-49-825335_baseline,baseline,burst-load,1787575081.825000,11.999665,singleflight_waiting_requests,all,0
2026-08-24_12-37-49-825335_baseline,baseline,burst-load,1787575082.825000,12.999665,singleflight_waiting_requests,all,0
2026-08-24_12-37-49-825335_baseline,baseline,burst-load,1787575083.825000,13.999665,singleflight_waiting_requests,all,0
2026-08-24_12-37-49-825335_baseline,baseline,burst-load,1787575084.825000,14.999665,singleflight_waiting_requests,all,0
2026-08-24_12-37-49-825335_baseline,baseline,burst-load,1787575085.825000,15.999665,singleflight_waiting_requests,all,0
2026-08-24_12-37-49-825335_baseline,baseline,burst-load,1787575086.825000,16.999665,singleflight_waiting_requests,all,0
2026-08-24_12-37-49-825335_baseline,baseline,burst-load,1787575087.825000,17.999665,singleflight_waiting_requests,all,0
2026-08-24_12-37-49-825335_baseline,baseline,burst-load,1787575088.825000,18.999665,singleflight_waiting_requests,all,0
2026-08-24_12-37-49-825335_baseline,baseline,burst-load,1787575089.825000,19.999665,singleflight_waiting_requests,all,0
2026-08-24_12-37-49-825335_baseline,baseline,burst-load,1787575090.825000,20.999665,singleflight_waiting_requests,all,0
2026-08-24_12-37-49-825335_baseline,baseline,burst-load,1787575091.825000,21.999665,singleflight_waiting_requests,all,0
2026-08-24_12-37-49-825335_baseline,baseline,burst-load,1787575092.825000,22.999665,singleflight_waiting_requests,all,0
2026-08-24_12-37-49-825335_baseline,baseline,burst-load,1787575093.825000,23.999665,singleflight_waiting_requests,all,0
2026-08-24_12-37-49-825335_baseline,baseline,burst-load,1787575094.825000,24.999665,singleflight_waiting_requests,all,0
2026-08-24_12-37-49-825335_baseline,baseline,burst-load,1787575095.825000,25.999665,singleflight_waiting_requests,all,0
2026-08-24_12-37-49-825335_baseline,baseline,burst-load,1787575096.825000,26.999665,singleflight_waiting_requests,all,0
2026-08-24_12-37-49-825335_baseline,baseline,burst-load,1787575097.825000,27.999665,singleflight_waiting_requests,all,0
2026-08-24_12-37-49-825335_baseline,baseline,burst-load,1787575098.825000,28.999665,singleflight_waiting_requests,all,0
2026-08-24_12-37-49-825335_baseline,baseline,burst-load,1787575099.825000,29.999665,singleflight_waiting_requests,all,0
2026-08-24_12-37-49-825335_baseline,baseline,burst-load,1787575100.825000,30.999665,singleflight_waiting_requests,all,0
2026-08-24_12-37-49-825335_baseline,baseline,burst-load,1787575101.825000,31.999665,singleflight_waiting_requests,all,0
2026-08-24_12-37-49-825335_baseline,baseline,burst-load,1787575102.825000,32.999665,singleflight_waiting_requests,all,0
2026-08-24_12-37-49-825335_baseline,baseline,burst-load,1787575103.825000,33.999665,singleflight_waiting_requests,all,0
2026-08-24_12-37-49-825335_baseline,baseline,burst-load,1787575104.825000,34.999665,singleflight_waiting_requests,all,0
2026-08-24_12-37-49-825335_baseline,baseline,burst-load,1787575105.825000,35.999665,singleflight_waiting_requests,all,0
2026-08-24_12-37-49-825335_baseline,baseline,burst-load,1787575106.825000,36.999665,singleflight_waiting_requests,all,0
2026-08-24_12-37-49-825335_baseline,baseline,burst-load,1787575107.825000,37.999665,singleflight_waiting_requests,all,0
2026-08-24_12-37-49-825335_baseline,baseline,burst-load,1787575108.825000,38.999665,singleflight_waiting_requests,all,0
2026-08-24_12-37-49-825335_baseline,baseline,burst-load,1787575109.825000,39.999665,singleflight_waiting_requests,all,0
2026-08-24_12-37-49-825335_baseline,baseline,burst-load,1787575110.825000,40.999665,singleflight_waiting_requests,all,0
2026-08-24_12-37-49-825335_baseline,baseline,burst-load,1787575111.825000,41.999665,singleflight_waiting_requests,all,0
2026-08-24_12-37-49-825335_baseline,baseline,burst-load,1787575112.825000,42.999665,singleflight_waiting_requests,all,0
2026-08-24_12-37-49-825335_baseline,baseline,burst-load,1787575113.825000,43.999665,singleflight_waiting_requests,all,0
2026-08-24_12-37-49-825335_baseline,baseline,burst-load,1787575114.825000,44.999665,singleflight_waiting_requests,all,0
2026-08-24_12-37-49-825335_baseline,baseline,burst-load,1787575115.825000,45.999665,singleflight_waiting_requests,all,0
2026-08-24_12-37-49-825335_baseline,baseline,burst-load,1787575116.825000,46.999665,singleflight_waiting_requests,all,0
2026-08-24_12-37-49-825335_baseline,baseline,burst-load,1787575117.825000,47.999665,singleflight_waiting_requests,all,0
2026-08-24_12-37-49-825335_baseline,baseline,burst-load,1787575118.825000,48.999665,singleflight_waiting_requests,all,0
2026-08-24_12-37-49-825335_baseline,baseline,burst-load,1787575119.825000,49.999665,singleflight_waiting_requests,all,0
2026-08-24_12-37-49-825335_baseline,baseline,burst-load,1787575120.825000,50.999665,singleflight_waiting_requests,all,0
2026-08-24_12-37-49-825335_baseline,baseline,burst-load,1787575121.825000,51.999665,singleflight_waiting_requests,all,0
2026-08-24_12-37-49-825335_baseline,baseline,burst-load,1787575122.825000,52.999665,singleflight_waiting_requests,all,0
2026-08-24_12-37-49-825335_baseline,baseline,burst-load,1787575123.825000,53.999665,singleflight_waiting_requests,all,0
2026-08-24_12-37-49-825335_baseline,baseline,burst-load,1787575124.825000,54.999665,singleflight_waiting_requests,all,0
2026-08-24_12-37-49-825335_baseline,baseline,burst-load,1787575125.825000,55.999665,singleflight_waiting_requests,all,0
2026-08-24_12-37-49-825335_baseline,baseline,burst-load,1787575126.825000,56.999665,singleflight_waiting_requests,all,0
2026-08-24_12-37-49-825335_baseline,baseline,burst-load,1787575127.825000,57.999665,singleflight_waiting_requests,all,0
2026-08-24_12-37-49-825335_baseline,baseline,burst-load,1787575128.825000,58.999665,singleflight_waiting_requests,all,0
2026-08-24_12-37-49-825335_baseline,baseline,burst-load,1787575129.825000,59.999665,singleflight_waiting_requests,all,0
2026-08-24_12-37-49-825335_baseline,baseline,burst-load,1787575130.825000,60.999665,singleflight_waiting_requests,all,0
2026-08-24_12-37-49-825335_baseline,baseline,burst-load,1787575131.825000,61.999665,singleflight_waiting_requests,all,0
2026-08-24_12-37-49-825335_baseline,baseline,burst-load,1787575132.825000,62.999665,singleflight_waiting_requests,all,0
2026-08-24_12-37-49-825335_baseline,baseline,burst-load,1787575133.825000,63.999665,singleflight_waiting_requests,all,0
2026-08-24_12-37-49-825335_baseline,baseline,burst-load,1787575134.825000,64.999665,singleflight_waiting_requests,all,0
2026-08-24_12-37-49-825335_baseline,baseline,burst-load,1787575135.825000,65.999665,singleflight_waiting_requests,all,0
2026-08-24_12-37-49-825335_baseline,baseline,burst-load,1787575136.825000,66.999665,singleflight_waiting_requests,all,0
2026-08-24_12-37-49-825335_baseline,baseline,burst-load,1787575137.825000,67.999665,singleflight_waiting_requests,all,0
2026-08-24_12-37-49-825335_baseline,baseline,burst-load,1787575138.825000,68.999665,singleflight_waiting_requests,all,0
2026-08-24_12-37-49-825335_baseline,baseline,burst-load,1787575139.825000,69.999665,singleflight_waiting_requests,all,0
2026-08-24_12-37-49-825335_baseline,baseline,burst-load,1787575140.825000,70.999665,singleflight_waiting_requests,all,0
2026-08-24_12-37-49-825335_baseline,baseline,burst-load,1787575141.825000,71.999665,singleflight_waiting_requests,all,0
2026-08-24_12-37-49-825335_baseline,baseline,burst-load,1787575142.825000,72.999665,singleflight_waiting_requests,all,0
2026-08-24_12-37-49-825335_baseline,baseline,burst-load,1787575143.825000,73.999665,singleflight_waiting_requests,all,0
2026-08-24_12-37-49-825335_baseline,baseline,burst-load,1787575144.825000,74.999665,singleflight_waiting_requests,all,0
2026-08-24_12-37-49-825335_baseline,baseline,burst-load,1787575145.825000,75.999665,singleflight_waiting_requests,all,0
2026-08-24_12-37-49-825335_baseline,baseline,burst-load,1787575146.825000,76.999665,singleflight_waiting_requests,all,0
2026-08-24_12-37-49-825335_baseline,baseline,burst-load,1787575147.825000,77.999665,singleflight_waiting_requests,all,0
2026-08-24_12-37-49-825335_baseline,baseline,burst-load,1787575148.825000,78.999665,singleflight_waiting_requests,all,0
2026-08-24_12-37-49-825335_baseline,baseline,burst-load,1787575149.825000,79.999665,singleflight_waiting_requests,all,0
2026-08-24_12-37-49-825335_baseline,baseline,burst-load,1787575150.825000,80.999665,singleflight_waiting_requests,all,0
2026-08-24_12-37-49-825335_baseline,baseline,burst-load,1787575151.825000,81.999665,singleflight_waiting_requests,all,0
2026-08-24_12-37-49-825335_baseline,baseline,burst-load,1787575152.825000,82.999665,singleflight_waiting_requests,all,0
2026-08-24_12-37-49-825335_baseline,baseline,burst-load,1787575153.825000,83.999665,singleflight_waiting_requests,all,0
2026-08-24_12-37-49-825335_baseline,baseline,burst-load,1787575154.825000,84.999665,singleflight_waiting_requests,all,0
2026-08-24_12-37-49-825335_baseline,baseline,burst-load,1787575155.825000,85.999665,singleflight_waiting_requests,all,0
2026-08-24_12-37-49-825335_baseline,baseline,burst-load,1787575156.825000,86.999665,singleflight_waiting_requests,all,0
2026-08-24_12-37-49-825335_baseline,baseline,burst-load,1787575157.825000,87.999665,singleflight_waiting_requests,all,0
2026-08-24_12-37-49-825335_baseline,baseline,burst-load,1787575158.825000,88.999665,singleflight_waiting_requests,all,0
2026-08-24_12-37-49-825335_baseline,baseline,burst-load,1787575159.825000,89.999665,singleflight_waiting_requests,all,0
2026-08-24_12-37-49-825335_baseline,baseline,burst-load,1787575160.825000,90.999665,singleflight_waiting_requests,all,0
2026-08-24_12-37-49-825335_baseline,baseline,burst-load,1787575161.825000,91.999665,singleflight_waiting_requests,all,0
2026-08-24_12-37-49-825335_baseline,baseline,burst-load,1787575162.825000,92.999665,singleflight_waiting_requests,all,0
2026-08-24_12-37-49-825335_baseline,baseline,burst-load,1787575163.825000,93.999665,singleflight_waiting_requests,all,0
2026-08-24_12-37-49-825335_baseline,baseline,burst-load,1787575164.825000,94.999665,singleflight_waiting_requests,all,0
2026-08-24_12-37-49-825335_baseline,baseline,burst-load,1787575165.825000,95.999665,singleflight_waiting_requests,all,0
2026-08-24_12-37-49-825335_baseline,baseline,burst-load,1787575166.825000,96.999665,singleflight_waiting_requests,all,0
2026-08-24_12-37-49-825335_baseline,baseline,burst-load,1787575167.825000,97.999665,singleflight_waiting_requests,all,0
2026-08-24_12-37-49-825335_baseline,baseline,burst-load,1787575168.825000,98.999665,singleflight_waiting_requests,all,0
2026-08-24_12-37-49-825335_baseline,baseline,burst-load,1787575169.825000,99.999665,singleflight_waiting_requests,all,0
2026-08-24_12-37-49-825335_baseline,baseline,burst-load,1787575170.825000,100.999665,singleflight_waiting_requests,all,0
2026-08-24_12-37-49-825335_baseline,baseline,burst-load,1787575171.825000,101.999665,singleflight_waiting_requests,all,0
2026-08-24_12-37-49-825335_baseline,baseline,burst-load,1787575172.825000,102.999665,singleflight_waiting_requests,all,0
2026-08-24_12-37-49-825335_baseline,baseline,burst-load,1787575173.825000,103.999665,singleflight_waiting_requests,all,0
2026-08-24_12-37-49-825335_baseline,baseline,burst-load,1787575174.825000,104.999665,singleflight_waiting_requests,all,0
2026-08-24_12-37-49-825335_baseline,baseline,burst-load,1787575175.825000,105.999665,singleflight_waiting_requests,all,0
2026-08-24_12-37-49-825335_baseline,baseline,burst-load,1787575176.825000,106.999665,singleflight_waiting_requests,all,0
2026-08-24_12-37-49-825335_baseline,baseline,burst-load,1787575177.825000,107.999665,singleflight_waiting_requests,all,0
2026-08-24_12-37-49-825335_baseline,baseline,burst-load,1787575178.825000,108.999665,singleflight_waiting_requests,all,0
2026-08-24_12-37-49-825335_baseline,baseline,burst-load,1787575179.825000,109.999665,singleflight_waiting_requests,all,0
2026-08-24_12-37-49-825335_baseline,baseline,burst-load,1787575180.825000,110.999665,singleflight_waiting_requests,all,0
2026-08-24_12-37-49-825335_baseline,baseline,burst-load,1787575181.825000,111.999665,singleflight_waiting_requests,all,0
2026-08-24_12-37-49-825335_baseline,baseline,burst-load,1787575182.825000,112.999665,singleflight_waiting_requests,all,0
2026-08-24_12-37-49-825335_baseline,baseline,burst-load,1787575183.825000,113.999665,singleflight_waiting_requests,all,0
2026-08-24_12-37-49-825335_baseline,baseline,burst-load,1787575184.825000,114.999665,singleflight_waiting_requests,all,0
2026-08-24_12-37-49-825335_baseline,baseline,burst-load,1787575185.825000,115.999665,singleflight_waiting_requests,all,0
2026-08-24_12-37-49-825335_baseline,baseline,burst-load,1787575186.825000,116.999665,singleflight_waiting_requests,all,0
2026-08-24_12-37-49-825335_baseline,baseline,burst-load,1787575187.825000,117.999665,singleflight_waiting_requests,all,0
2026-08-24_12-37-49-825335_baseline,baseline,burst-load,1787575188.825000,118.999665,singleflight_waiting_requests,all,0
2026-08-24_12-37-49-825335_baseline,baseline,burst-load,1787575189.825000,119.999665,singleflight_waiting_requests,all,0
2026-08-24_12-37-49-825335_baseline,baseline,burst-load,1787575190.825000,120.999665,singleflight_waiting_requests,all,0
2026-08-24_12-37-49-825335_baseline,baseline,burst-load,1787575191.825000,121.999665,singleflight_waiting_requests,all,0
2026-08-24_12-37-49-825335_baseline,baseline,burst-load,1787575102.825000,32.999665,faf_by_key,key=/api/backend/1,1
2026-08-24_12-37-49-825335_baseline,baseline,burst-load,1787575103.825000,33.999665,faf_by_key,key=/api/backend/1,6
2026-08-24_12-37-49-825335_baseline,baseline,burst-load,1787575104.825000,34.999665,faf_by_key,key=/api/backend/1,6
2026-08-24_12-37-49-825335_baseline,baseline,burst-load,1787575105.825000,35.999665,faf_by_key,key=/api/backend/1,6
2026-08-24_12-37-49-825335_baseline,baseline,burst-load,1787575106.825000,36.999665,faf_by_key,key=/api/backend/1,5.999777777777778
2026-08-24_12-37-49-825335_baseline,baseline,burst-load,1787575107.825000,37.999665,faf_by_key,key=/api/backend/1,6
2026-08-24_12-37-49-825335_baseline,baseline,burst-load,1787575108.825000,38.999665,faf_by_key,key=/api/backend/1,6
2026-08-24_12-37-49-825335_baseline,baseline,burst-load,1787575109.825000,39.999665,faf_by_key,key=/api/backend/1,6.000222222222223
2026-08-24_12-37-49-825335_baseline,baseline,burst-load,1787575110.825000,40.999665,faf_by_key,key=/api/backend/1,6.000222246916324
2026-08-24_12-37-49-825335_baseline,baseline,burst-load,1787575118.825000,48.999665,faf_by_key,key=/api/backend/1,3
2026-08-24_12-37-49-825335_baseline,baseline,burst-load,1787575119.825000,49.999665,faf_by_key,key=/api/backend/1,8
2026-08-24_12-37-49-825335_baseline,baseline,burst-load,1787575120.825000,50.999665,faf_by_key,key=/api/backend/1,8.000555555555556
2026-08-24_12-37-49-825335_baseline,baseline,burst-load,1787575121.825000,51.999665,faf_by_key,key=/api/backend/1,7.999444506165981
2026-08-24_12-37-49-825335_baseline,baseline,burst-load,1787575122.825000,52.999665,faf_by_key,key=/api/backend/1,7.998888888888889
2026-08-24_12-37-49-825335_baseline,baseline,burst-load,1787575123.825000,53.999665,faf_by_key,key=/api/backend/1,7.999999999999998
2026-08-24_12-37-49-825335_baseline,baseline,burst-load,1787575124.825000,54.999665,faf_by_key,key=/api/backend/1,7.999444382709189
2026-08-24_12-37-49-825335_baseline,baseline,burst-load,1787575125.825000,55.999665,faf_by_key,key=/api/backend/1,8
2026-08-24_12-37-49-825335_baseline,baseline,burst-load,1787575126.825000,56.999665,faf_by_key,key=/api/backend/1,7.999444382709189
2026-08-24_12-37-49-825335_baseline,baseline,burst-load,1787575134.825000,64.999665,faf_by_key,key=/api/backend/1,7.999444444444445
2026-08-24_12-37-49-825335_baseline,baseline,burst-load,1787575135.825000,65.999665,faf_by_key,key=/api/backend/1,8
2026-08-24_12-37-49-825335_baseline,baseline,burst-load,1787575136.825000,66.999665,faf_by_key,key=/api/backend/1,7.998889012331964
2026-08-24_12-37-49-825335_baseline,baseline,burst-load,1787575137.825000,67.999665,faf_by_key,key=/api/backend/1,8
2026-08-24_12-37-49-825335_baseline,baseline,burst-load,1787575138.825000,68.999665,faf_by_key,key=/api/backend/1,8
2026-08-24_12-37-49-825335_baseline,baseline,burst-load,1787575139.825000,69.999665,faf_by_key,key=/api/backend/1,8
2026-08-24_12-37-49-825335_baseline,baseline,burst-load,1787575140.825000,70.999665,faf_by_key,key=/api/backend/1,7.999444444444445
2026-08-24_12-37-49-825335_baseline,baseline,burst-load,1787575141.825000,71.999665,faf_by_key,key=/api/backend/1,8.000555555555556
2026-08-24_12-37-49-825335_baseline,baseline,burst-load,1787575142.825000,72.999665,faf_by_key,key=/api/backend/1,8
2026-08-24_12-37-49-825335_baseline,baseline,burst-load,1787575150.825000,80.999665,faf_by_key,key=/api/backend/1,2
2026-08-24_12-37-49-825335_baseline,baseline,burst-load,1787575151.825000,81.999665,faf_by_key,key=/api/backend/1,2
2026-08-24_12-37-49-825335_baseline,baseline,burst-load,1787575152.825000,82.999665,faf_by_key,key=/api/backend/1,2
2026-08-24_12-37-49-825335_baseline,baseline,burst-load,1787575153.825000,83.999665,faf_by_key,key=/api/backend/1,2
2026-08-24_12-37-49-825335_baseline,baseline,burst-load,1787575154.825000,84.999665,faf_by_key,key=/api/backend/1,2
2026-08-24_12-37-49-825335_baseline,baseline,burst-load,1787575155.825000,85.999665,faf_by_key,key=/api/backend/1,2
2026-08-24_12-37-49-825335_baseline,baseline,burst-load,1787575156.825000,86.999665,faf_by_key,key=/api/backend/1,2
2026-08-24_12-37-49-825335_baseline,baseline,burst-load,1787575157.825000,87.999665,faf_by_key,key=/api/backend/1,2
2026-08-24_12-37-49-825335_baseline,baseline,burst-load,1787575158.825000,88.999665,faf_by_key,key=/api/backend/1,2
2026-08-24_12-37-49-825335_baseline,baseline,burst-load,1787575166.825000,96.999665,faf_by_key,key=/api/backend/1,1
2026-08-24_12-37-49-825335_baseline,baseline,burst-load,1787575167.825000,97.999665,faf_by_key,key=/api/backend/1,1
2026-08-24_12-37-49-825335_baseline,baseline,burst-load,1787575168.825000,98.999665,faf_by_key,key=/api/backend/1,1
2026-08-24_12-37-49-825335_baseline,baseline,burst-load,1787575169.825000,99.999665,faf_by_key,key=/api/backend/1,1
2026-08-24_12-37-49-825335_baseline,baseline,burst-load,1787575170.825000,100.999665,faf_by_key,key=/api/backend/1,1
2026-08-24_12-37-49-825335_baseline,baseline,burst-load,1787575171.825000,101.999665,faf_by_key,key=/api/backend/1,1
2026-08-24_12-37-49-825335_baseline,baseline,burst-load,1787575172.825000,102.999665,faf_by_key,key=/api/backend/1,1
2026-08-24_12-37-49-825335_baseline,baseline,burst-load,1787575173.825000,103.999665,faf_by_key,key=/api/backend/1,1
2026-08-24_12-37-49-825335_baseline,baseline,burst-load,1787575174.825000,104.999665,faf_by_key,key=/api/backend/1,1
2026-08-24_12-37-49-825335_baseline,baseline,burst-load,1787575180.825000,110.999665,faf_by_key,key=/api/backend/1,1
2026-08-24_12-37-49-825335_baseline,baseline,burst-load,1787575181.825000,111.999665,faf_by_key,key=/api/backend/1,1
2026-08-24_12-37-49-825335_baseline,baseline,burst-load,1787575182.825000,112.999665,faf_by_key,key=/api/backend/1,1
2026-08-24_12-37-49-825335_baseline,baseline,burst-load,1787575183.825000,113.999665,faf_by_key,key=/api/backend/1,1
2026-08-24_12-37-49-825335_baseline,baseline,burst-load,1787575184.825000,114.999665,faf_by_key,key=/api/backend/1,1
2026-08-24_12-37-49-825335_baseline,baseline,burst-load,1787575185.825000,115.999665,faf_by_key,key=/api/backend/1,1
2026-08-24_12-37-49-825335_baseline,baseline,burst-load,1787575186.825000,116.999665,faf_by_key,key=/api/backend/1,1
2026-08-24_12-37-49-825335_baseline,baseline,burst-load,1787575187.825000,117.999665,faf_by_key,key=/api/backend/1,1
2026-08-24_12-37-49-825335_baseline,baseline,burst-load,1787575188.825000,118.999665,faf_by_key,key=/api/backend/1,1
2026-08-24_12-37-49-825335_baseline,baseline,burst-load,1787575087.825000,17.999665,faf_by_key,key=/api/backend/2,1
2026-08-24_12-37-49-825335_baseline,baseline,burst-load,1787575088.825000,18.999665,faf_by_key,key=/api/backend/2,1
2026-08-24_12-37-49-825335_baseline,baseline,burst-load,1787575089.825000,19.999665,faf_by_key,key=/api/backend/2,1
2026-08-24_12-37-49-825335_baseline,baseline,burst-load,1787575090.825000,20.999665,faf_by_key,key=/api/backend/2,1
2026-08-24_12-37-49-825335_baseline,baseline,burst-load,1787575091.825000,21.999665,faf_by_key,key=/api/backend/2,1
2026-08-24_12-37-49-825335_baseline,baseline,burst-load,1787575092.825000,22.999665,faf_by_key,key=/api/backend/2,1
2026-08-24_12-37-49-825335_baseline,baseline,burst-load,1787575093.825000,23.999665,faf_by_key,key=/api/backend/2,1
2026-08-24_12-37-49-825335_baseline,baseline,burst-load,1787575094.825000,24.999665,faf_by_key,key=/api/backend/2,1
2026-08-24_12-37-49-825335_baseline,baseline,burst-load,1787575095.825000,25.999665,faf_by_key,key=/api/backend/2,1
2026-08-24_12-37-49-825335_baseline,baseline,burst-load,1787575118.825000,48.999665,faf_by_key,key=/api/backend/2,2
2026-08-24_12-37-49-825335_baseline,baseline,burst-load,1787575119.825000,49.999665,faf_by_key,key=/api/backend/2,6
2026-08-24_12-37-49-825335_baseline,baseline,burst-load,1787575120.825000,50.999665,faf_by_key,key=/api/backend/2,6.000333333333334
2026-08-24_12-37-49-825335_baseline,baseline,burst-load,1787575121.825000,51.999665,faf_by_key,key=/api/backend/2,5.999666703699589
2026-08-24_12-37-49-825335_baseline,baseline,burst-load,1787575122.825000,52.999665,faf_by_key,key=/api/backend/2,5.999333333333333
2026-08-24_12-37-49-825335_baseline,baseline,burst-load,1787575123.825000,53.999665,faf_by_key,key=/api/backend/2,6
2026-08-24_12-37-49-825335_baseline,baseline,burst-load,1787575124.825000,54.999665,faf_by_key,key=/api/backend/2,5.999666629625513
2026-08-24_12-37-49-825335_baseline,baseline,burst-load,1787575125.825000,55.999665,faf_by_key,key=/api/backend/2,6
2026-08-24_12-37-49-825335_baseline,baseline,burst-load,1787575126.825000,56.999665,faf_by_key,key=/api/backend/2,5.999666629625513
2026-08-24_12-37-49-825335_baseline,baseline,burst-load,1787575134.825000,64.999665,faf_by_key,key=/api/backend/2,1
2026-08-24_12-37-49-825335_baseline,baseline,burst-load,1787575135.825000,65.999665,faf_by_key,key=/api/backend/2,3
2026-08-24_12-37-49-825335_baseline,baseline,burst-load,1787575136.825000,66.999665,faf_by_key,key=/api/backend/2,3.0002222469163238
2026-08-24_12-37-49-825335_baseline,baseline,burst-load,1787575137.825000,67.999665,faf_by_key,key=/api/backend/2,3
2026-08-24_12-37-49-825335_baseline,baseline,burst-load,1787575138.825000,68.999665,faf_by_key,key=/api/backend/2,3
2026-08-24_12-37-49-825335_baseline,baseline,burst-load,1787575139.825000,69.999665,faf_by_key,key=/api/backend/2,3
2026-08-24_12-37-49-825335_baseline,baseline,burst-load,1787575140.825000,70.999665,faf_by_key,key=/api/backend/2,3.000111123458162
2026-08-24_12-37-49-825335_baseline,baseline,burst-load,1787575141.825000,71.999665,faf_by_key,key=/api/backend/2,2.9998889012331964
2026-08-24_12-37-49-825335_baseline,baseline,burst-load,1787575142.825000,72.999665,faf_by_key,key=/api/backend/2,3
2026-08-24_12-37-49-825335_baseline,baseline,burst-load,1787575151.825000,81.999665,faf_by_key,key=/api/backend/2,2
2026-08-24_12-37-49-825335_baseline,baseline,burst-load,1787575152.825000,82.999665,faf_by_key,key=/api/backend/2,2
2026-08-24_12-37-49-825335_baseline,baseline,burst-load,1787575153.825000,83.999665,faf_by_key,key=/api/backend/2,2
2026-08-24_12-37-49-825335_baseline,baseline,burst-load,1787575154.825000,84.999665,faf_by_key,key=/api/backend/2,2
2026-08-24_12-37-49-825335_baseline,baseline,burst-load,1787575155.825000,85.999665,faf_by_key,key=/api/backend/2,2
2026-08-24_12-37-49-825335_baseline,baseline,burst-load,1787575156.825000,86.999665,faf_by_key,key=/api/backend/2,2
2026-08-24_12-37-49-825335_baseline,baseline,burst-load,1787575157.825000,87.999665,faf_by_key,key=/api/backend/2,2
2026-08-24_12-37-49-825335_baseline,baseline,burst-load,1787575158.825000,88.999665,faf_by_key,key=/api/backend/2,2
2026-08-24_12-37-49-825335_baseline,baseline,burst-load,1787575159.825000,89.999665,faf_by_key,key=/api/backend/2,2
2026-08-24_12-37-49-825335_baseline,baseline,burst-load,1787575167.825000,97.999665,faf_by_key,key=/api/backend/2,1
2026-08-24_12-37-49-825335_baseline,baseline,burst-load,1787575168.825000,98.999665,faf_by_key,key=/api/backend/2,1
2026-08-24_12-37-49-825335_baseline,baseline,burst-load,1787575169.825000,99.999665,faf_by_key,key=/api/backend/2,1
2026-08-24_12-37-49-825335_baseline,baseline,burst-load,1787575170.825000,100.999665,faf_by_key,key=/api/backend/2,1
2026-08-24_12-37-49-825335_baseline,baseline,burst-load,1787575171.825000,101.999665,faf_by_key,key=/api/backend/2,1
2026-08-24_12-37-49-825335_baseline,baseline,burst-load,1787575172.825000,102.999665,faf_by_key,key=/api/backend/2,1
2026-08-24_12-37-49-825335_baseline,baseline,burst-load,1787575173.825000,103.999665,faf_by_key,key=/api/backend/2,1
2026-08-24_12-37-49-825335_baseline,baseline,burst-load,1787575174.825000,104.999665,faf_by_key,key=/api/backend/2,1
2026-08-24_12-37-49-825335_baseline,baseline,burst-load,1787575175.825000,105.999665,faf_by_key,key=/api/backend/2,1
2026-08-24_12-37-49-825335_baseline,baseline,burst-load,1787575182.825000,112.999665,faf_by_key,key=/api/backend/2,1
2026-08-24_12-37-49-825335_baseline,baseline,burst-load,1787575183.825000,113.999665,faf_by_key,key=/api/backend/2,1
2026-08-24_12-37-49-825335_baseline,baseline,burst-load,1787575184.825000,114.999665,faf_by_key,key=/api/backend/2,1
2026-08-24_12-37-49-825335_baseline,baseline,burst-load,1787575185.825000,115.999665,faf_by_key,key=/api/backend/2,1
2026-08-24_12-37-49-825335_baseline,baseline,burst-load,1787575186.825000,116.999665,faf_by_key,key=/api/backend/2,1
2026-08-24_12-37-49-825335_baseline,baseline,burst-load,1787575187.825000,117.999665,faf_by_key,key=/api/backend/2,1
2026-08-24_12-37-49-825335_baseline,baseline,burst-load,1787575188.825000,118.999665,faf_by_key,key=/api/backend/2,1
2026-08-24_12-37-49-825335_baseline,baseline,burst-load,1787575189.825000,119.999665,faf_by_key,key=/api/backend/2,1
2026-08-24_12-37-49-825335_baseline,baseline,burst-load,1787575190.825000,120.999665,faf_by_key,key=/api/backend/2,1
2026-08-24_12-37-49-825335_baseline,baseline,burst-load,1787575104.825000,34.999665,faf_by_key,key=/api/backend/3,5
2026-08-24_12-37-49-825335_baseline,baseline,burst-load,1787575105.825000,35.999665,faf_by_key,key=/api/backend/3,5
2026-08-24_12-37-49-825335_baseline,baseline,burst-load,1787575106.825000,36.999665,faf_by_key,key=/api/backend/3,5.000222246916325
2026-08-24_12-37-49-825335_baseline,baseline,burst-load,1787575107.825000,37.999665,faf_by_key,key=/api/backend/3,5
2026-08-24_12-37-49-825335_baseline,baseline,burst-load,1787575108.825000,38.999665,faf_by_key,key=/api/backend/3,5
2026-08-24_12-37-49-825335_baseline,baseline,burst-load,1787575109.825000,39.999665,faf_by_key,key=/api/backend/3,4.999777802466392
2026-08-24_12-37-49-825335_baseline,baseline,burst-load,1787575110.825000,40.999665,faf_by_key,key=/api/backend/3,4.999777777777778
2026-08-24_12-37-49-825335_baseline,baseline,burst-load,1787575111.825000,41.999665,faf_by_key,key=/api/backend/3,5.000444493832648
2026-08-24_12-37-49-825335_baseline,baseline,burst-load,1787575112.825000,42.999665,faf_by_key,key=/api/backend/3,4.999777802466392
2026-08-24_12-37-49-825335_baseline,baseline,burst-load,1787575120.825000,50.999665,faf_by_key,key=/api/backend/3,2.999888901233196
2026-08-24_12-37-49-825335_baseline,baseline,burst-load,1787575121.825000,51.999665,faf_by_key,key=/api/backend/3,3.0001111111111114
2026-08-24_12-37-49-825335_baseline,baseline,burst-load,1787575122.825000,52.999665,faf_by_key,key=/api/backend/3,3.0002222716159146
2026-08-24_12-37-49-825335_baseline,baseline,burst-load,1787575123.825000,53.999665,faf_by_key,key=/api/backend/3,3.0000000000000004
2026-08-24_12-37-49-825335_baseline,baseline,burst-load,1787575124.825000,54.999665,faf_by_key,key=/api/backend/3,3.0001111358079573
2026-08-24_12-37-49-825335_baseline,baseline,burst-load,1787575125.825000,55.999665,faf_by_key,key=/api/backend/3,3
2026-08-24_12-37-49-825335_baseline,baseline,burst-load,1787575126.825000,56.999665,faf_by_key,key=/api/backend/3,3.0001111358079573
2026-08-24_12-37-49-825335_baseline,baseline,burst-load,1787575127.825000,57.999665,faf_by_key,key=/api/backend/3,3.0001111358079573
2026-08-24_12-37-49-825335_baseline,baseline,burst-load,1787575128.825000,58.999665,faf_by_key,key=/api/backend/3,2
2026-08-24_12-37-49-825335_baseline,baseline,burst-load,1787575135.825000,65.999665,faf_by_key,key=/api/backend/3,1
2026-08-24_12-37-49-825335_baseline,baseline,burst-load,1787575136.825000,66.999665,faf_by_key,key=/api/backend/3,1
2026-08-24_12-37-49-825335_baseline,baseline,burst-load,1787575137.825000,67.999665,faf_by_key,key=/api/backend/3,1
2026-08-24_12-37-49-825335_baseline,baseline,burst-load,1787575138.825000,68.999665,faf_by_key,key=/api/backend/3,1
2026-08-24_12-37-49-825335_baseline,baseline,burst-load,1787575139.825000,69.999665,faf_by_key,key=/api/backend/3,1
2026-08-24_12-37-49-825335_baseline,baseline,burst-load,1787575140.825000,70.999665,faf_by_key,key=/api/backend/3,1
2026-08-24_12-37-49-825335_baseline,baseline,burst-load,1787575141.825000,71.999665,faf_by_key,key=/api/backend/3,1
2026-08-24_12-37-49-825335_baseline,baseline,burst-load,1787575142.825000,72.999665,faf_by_key,key=/api/backend/3,1
2026-08-24_12-37-49-825335_baseline,baseline,burst-load,1787575143.825000,73.999665,faf_by_key,key=/api/backend/3,1
2026-08-24_12-37-49-825335_baseline,baseline,burst-load,1787575151.825000,81.999665,faf_by_key,key=/api/backend/3,2
2026-08-24_12-37-49-825335_baseline,baseline,burst-load,1787575152.825000,82.999665,faf_by_key,key=/api/backend/3,2
2026-08-24_12-37-49-825335_baseline,baseline,burst-load,1787575153.825000,83.999665,faf_by_key,key=/api/backend/3,2
2026-08-24_12-37-49-825335_baseline,baseline,burst-load,1787575154.825000,84.999665,faf_by_key,key=/api/backend/3,2
2026-08-24_12-37-49-825335_baseline,baseline,burst-load,1787575155.825000,85.999665,faf_by_key,key=/api/backend/3,2
2026-08-24_12-37-49-825335_baseline,baseline,burst-load,1787575156.825000,86.999665,faf_by_key,key=/api/backend/3,2
2026-08-24_12-37-49-825335_baseline,baseline,burst-load,1787575157.825000,87.999665,faf_by_key,key=/api/backend/3,2
2026-08-24_12-37-49-825335_baseline,baseline,burst-load,1787575158.825000,88.999665,faf_by_key,key=/api/backend/3,2
2026-08-24_12-37-49-825335_baseline,baseline,burst-load,1787575159.825000,89.999665,faf_by_key,key=/api/backend/3,2
2026-08-24_12-37-49-825335_baseline,baseline,burst-load,1787575167.825000,97.999665,faf_by_key,key=/api/backend/3,1
2026-08-24_12-37-49-825335_baseline,baseline,burst-load,1787575168.825000,98.999665,faf_by_key,key=/api/backend/3,1
2026-08-24_12-37-49-825335_baseline,baseline,burst-load,1787575169.825000,99.999665,faf_by_key,key=/api/backend/3,1
2026-08-24_12-37-49-825335_baseline,baseline,burst-load,1787575170.825000,100.999665,faf_by_key,key=/api/backend/3,1
2026-08-24_12-37-49-825335_baseline,baseline,burst-load,1787575171.825000,101.999665,faf_by_key,key=/api/backend/3,1
2026-08-24_12-37-49-825335_baseline,baseline,burst-load,1787575172.825000,102.999665,faf_by_key,key=/api/backend/3,1
2026-08-24_12-37-49-825335_baseline,baseline,burst-load,1787575173.825000,103.999665,faf_by_key,key=/api/backend/3,1
2026-08-24_12-37-49-825335_baseline,baseline,burst-load,1787575174.825000,104.999665,faf_by_key,key=/api/backend/3,1
2026-08-24_12-37-49-825335_baseline,baseline,burst-load,1787575175.825000,105.999665,faf_by_key,key=/api/backend/3,1
2026-08-24_12-37-49-825335_baseline,baseline,burst-load,1787575182.825000,112.999665,faf_by_key,key=/api/backend/3,1
2026-08-24_12-37-49-825335_baseline,baseline,burst-load,1787575183.825000,113.999665,faf_by_key,key=/api/backend/3,1
2026-08-24_12-37-49-825335_baseline,baseline,burst-load,1787575184.825000,114.999665,faf_by_key,key=/api/backend/3,1
2026-08-24_12-37-49-825335_baseline,baseline,burst-load,1787575185.825000,115.999665,faf_by_key,key=/api/backend/3,1
2026-08-24_12-37-49-825335_baseline,baseline,burst-load,1787575186.825000,116.999665,faf_by_key,key=/api/backend/3,1
2026-08-24_12-37-49-825335_baseline,baseline,burst-load,1787575187.825000,117.999665,faf_by_key,key=/api/backend/3,1
2026-08-24_12-37-49-825335_baseline,baseline,burst-load,1787575188.825000,118.999665,faf_by_key,key=/api/backend/3,1
2026-08-24_12-37-49-825335_baseline,baseline,burst-load,1787575189.825000,119.999665,faf_by_key,key=/api/backend/3,1
2026-08-24_12-37-49-825335_baseline,baseline,burst-load,1787575190.825000,120.999665,faf_by_key,key=/api/backend/3,1
2026-08-24_12-37-49-825335_baseline,baseline,burst-load,1787575102.825000,32.999665,faf_by_key,key=/api/backend/4,4
2026-08-24_12-37-49-825335_baseline,baseline,burst-load,1787575103.825000,33.999665,faf_by_key,key=/api/backend/4,4
2026-08-24_12-37-49-825335_baseline,baseline,burst-load,1787575104.825000,34.999665,faf_by_key,key=/api/backend/4,4
2026-08-24_12-37-49-825335_baseline,baseline,burst-load,1787575105.825000,35.999665,faf_by_key,key=/api/backend/4,4
2026-08-24_12-37-49-825335_baseline,baseline,burst-load,1787575106.825000,36.999665,faf_by_key,key=/api/backend/4,4.000222246916324
2026-08-24_12-37-49-825335_baseline,baseline,burst-load,1787575107.825000,37.999665,faf_by_key,key=/api/backend/4,4
2026-08-24_12-37-49-825335_baseline,baseline,burst-load,1787575108.825000,38.999665,faf_by_key,key=/api/backend/4,4
2026-08-24_12-37-49-825335_baseline,baseline,burst-load,1787575109.825000,39.999665,faf_by_key,key=/api/backend/4,3.9997778024663924
2026-08-24_12-37-49-825335_baseline,baseline,burst-load,1787575110.825000,40.999665,faf_by_key,key=/api/backend/4,2
2026-08-24_12-37-49-825335_baseline,baseline,burst-load,1787575117.825000,47.999665,faf_by_key,key=/api/backend/4,2
2026-08-24_12-37-49-825335_baseline,baseline,burst-load,1787575118.825000,48.999665,faf_by_key,key=/api/backend/4,2
2026-08-24_12-37-49-825335_baseline,baseline,burst-load,1787575119.825000,49.999665,faf_by_key,key=/api/backend/4,2
2026-08-24_12-37-49-825335_baseline,baseline,burst-load,1787575120.825000,50.999665,faf_by_key,key=/api/backend/4,2
2026-08-24_12-37-49-825335_baseline,baseline,burst-load,1787575121.825000,51.999665,faf_by_key,key=/api/backend/4,2
2026-08-24_12-37-49-825335_baseline,baseline,burst-load,1787575122.825000,52.999665,faf_by_key,key=/api/backend/4,2
2026-08-24_12-37-49-825335_baseline,baseline,burst-load,1787575123.825000,53.999665,faf_by_key,key=/api/backend/4,2
2026-08-24_12-37-49-825335_baseline,baseline,burst-load,1787575124.825000,54.999665,faf_by_key,key=/api/backend/4,2
2026-08-24_12-37-49-825335_baseline,baseline,burst-load,1787575125.825000,55.999665,faf_by_key,key=/api/backend/4,2
2026-08-24_12-37-49-825335_baseline,baseline,burst-load,1787575132.825000,62.999665,faf_by_key,key=/api/backend/4,1
2026-08-24_12-37-49-825335_baseline,baseline,burst-load,1787575133.825000,63.999665,faf_by_key,key=/api/backend/4,2
2026-08-24_12-37-49-825335_baseline,baseline,burst-load,1787575134.825000,64.999665,faf_by_key,key=/api/backend/4,2.0001111234581614
2026-08-24_12-37-49-825335_baseline,baseline,burst-load,1787575135.825000,65.999665,faf_by_key,key=/api/backend/4,2
2026-08-24_12-37-49-825335_baseline,baseline,burst-load,1787575136.825000,66.999665,faf_by_key,key=/api/backend/4,2.0002222469163238
2026-08-24_12-37-49-825335_baseline,baseline,burst-load,1787575137.825000,67.999665,faf_by_key,key=/api/backend/4,2
2026-08-24_12-37-49-825335_baseline,baseline,burst-load,1787575138.825000,68.999665,faf_by_key,key=/api/backend/4,2
2026-08-24_12-37-49-825335_baseline,baseline,burst-load,1787575139.825000,69.999665,faf_by_key,key=/api/backend/4,2
2026-08-24_12-37-49-825335_baseline,baseline,burst-load,1787575140.825000,70.999665,faf_by_key,key=/api/backend/4,2.0001111234581614
2026-08-24_12-37-49-825335_baseline,baseline,burst-load,1787575148.825000,78.999665,faf_by_key,key=/api/backend/4,1
2026-08-24_12-37-49-825335_baseline,baseline,burst-load,1787575149.825000,79.999665,faf_by_key,key=/api/backend/4,1
2026-08-24_12-37-49-825335_baseline,baseline,burst-load,1787575150.825000,80.999665,faf_by_key,key=/api/backend/4,1
2026-08-24_12-37-49-825335_baseline,baseline,burst-load,1787575151.825000,81.999665,faf_by_key,key=/api/backend/4,1
2026-08-24_12-37-49-825335_baseline,baseline,burst-load,1787575152.825000,82.999665,faf_by_key,key=/api/backend/4,1
2026-08-24_12-37-49-825335_baseline,baseline,burst-load,1787575153.825000,83.999665,faf_by_key,key=/api/backend/4,1
2026-08-24_12-37-49-825335_baseline,baseline,burst-load,1787575154.825000,84.999665,faf_by_key,key=/api/backend/4,1
2026-08-24_12-37-49-825335_baseline,baseline,burst-load,1787575155.825000,85.999665,faf_by_key,key=/api/backend/4,1
2026-08-24_12-37-49-825335_baseline,baseline,burst-load,1787575156.825000,86.999665,faf_by_key,key=/api/backend/4,1
2026-08-24_12-37-49-825335_baseline,baseline,burst-load,1787575165.825000,95.999665,faf_by_key,key=/api/backend/4,1
2026-08-24_12-37-49-825335_baseline,baseline,burst-load,1787575166.825000,96.999665,faf_by_key,key=/api/backend/4,1
2026-08-24_12-37-49-825335_baseline,baseline,burst-load,1787575167.825000,97.999665,faf_by_key,key=/api/backend/4,1
2026-08-24_12-37-49-825335_baseline,baseline,burst-load,1787575168.825000,98.999665,faf_by_key,key=/api/backend/4,1
2026-08-24_12-37-49-825335_baseline,baseline,burst-load,1787575169.825000,99.999665,faf_by_key,key=/api/backend/4,1
2026-08-24_12-37-49-825335_baseline,baseline,burst-load,1787575170.825000,100.999665,faf_by_key,key=/api/backend/4,1
2026-08-24_12-37-49-825335_baseline,baseline,burst-load,1787575171.825000,101.999665,faf_by_key,key=/api/backend/4,1
2026-08-24_12-37-49-825335_baseline,baseline,burst-load,1787575172.825000,102.999665,faf_by_key,key=/api/backend/4,1
2026-08-24_12-37-49-825335_baseline,baseline,burst-load,1787575173.825000,103.999665,faf_by_key,key=/api/backend/4,1
2026-08-24_12-37-49-825335_baseline,baseline,burst-load,1787575179.825000,109.999665,faf_by_key,key=/api/backend/4,1
2026-08-24_12-37-49-825335_baseline,baseline,burst-load,1787575180.825000,110.999665,faf_by_key,key=/api/backend/4,1
2026-08-24_12-37-49-825335_baseline,baseline,burst-load,1787575181.825000,111.999665,faf_by_key,key=/api/backend/4,1
2026-08-24_12-37-49-825335_baseline,baseline,burst-load,1787575182.825000,112.999665,faf_by_key,key=/api/backend/4,1
2026-08-24_12-37-49-825335_baseline,baseline,burst-load,1787575183.825000,113.999665,faf_by_key,key=/api/backend/4,1
2026-08-24_12-37-49-825335_baseline,baseline,burst-load,1787575184.825000,114.999665,faf_by_key,key=/api/backend/4,1
2026-08-24_12-37-49-825335_baseline,baseline,burst-load,1787575185.825000,115.999665,faf_by_key,key=/api/backend/4,1
2026-08-24_12-37-49-825335_baseline,baseline,burst-load,1787575186.825000,116.999665,faf_by_key,key=/api/backend/4,1
2026-08-24_12-37-49-825335_baseline,baseline,burst-load,1787575187.825000,117.999665,faf_by_key,key=/api/backend/4,1
2026-08-24_12-37-49-825335_baseline,baseline,burst-load,1787575104.825000,34.999665,faf_by_key,key=/api/backend/5,2
2026-08-24_12-37-49-825335_baseline,baseline,burst-load,1787575105.825000,35.999665,faf_by_key,key=/api/backend/5,2
2026-08-24_12-37-49-825335_baseline,baseline,burst-load,1787575106.825000,36.999665,faf_by_key,key=/api/backend/5,1.9998888888888888
2026-08-24_12-37-49-825335_baseline,baseline,burst-load,1787575107.825000,37.999665,faf_by_key,key=/api/backend/5,2
2026-08-24_12-37-49-825335_baseline,baseline,burst-load,1787575108.825000,38.999665,faf_by_key,key=/api/backend/5,2
2026-08-24_12-37-49-825335_baseline,baseline,burst-load,1787575109.825000,39.999665,faf_by_key,key=/api/backend/5,2.0001111111111114
2026-08-24_12-37-49-825335_baseline,baseline,burst-load,1787575110.825000,40.999665,faf_by_key,key=/api/backend/5,2.000111123458162
2026-08-24_12-37-49-825335_baseline,baseline,burst-load,1787575111.825000,41.999665,faf_by_key,key=/api/backend/5,1.9997778024663924
2026-08-24_12-37-49-825335_baseline,baseline,burst-load,1787575112.825000,42.999665,faf_by_key,key=/api/backend/5,2.0001111111111114
2026-08-24_12-37-49-825335_baseline,baseline,burst-load,1787575120.825000,50.999665,faf_by_key,key=/api/backend/5,1.9998889012331962
2026-08-24_12-37-49-825335_baseline,baseline,burst-load,1787575121.825000,51.999665,faf_by_key,key=/api/backend/5,2.0001111111111114
2026-08-24_12-37-49-825335_baseline,baseline,burst-load,1787575122.825000,52.999665,faf_by_key,key=/api/backend/5,2.0002222716159146
2026-08-24_12-37-49-825335_baseline,baseline,burst-load,1787575123.825000,53.999665,faf_by_key,key=/api/backend/5,2
2026-08-24_12-37-49-825335_baseline,baseline,burst-load,1787575124.825000,54.999665,faf_by_key,key=/api/backend/5,2.0001111358079573
2026-08-24_12-37-49-825335_baseline,baseline,burst-load,1787575125.825000,55.999665,faf_by_key,key=/api/backend/5,2
2026-08-24_12-37-49-825335_baseline,baseline,burst-load,1787575126.825000,56.999665,faf_by_key,key=/api/backend/5,2.0001111358079573
2026-08-24_12-37-49-825335_baseline,baseline,burst-load,1787575127.825000,57.999665,faf_by_key,key=/api/backend/5,2.0001111358079573
2026-08-24_12-37-49-825335_baseline,baseline,burst-load,1787575128.825000,58.999665,faf_by_key,key=/api/backend/5,1
2026-08-24_12-37-49-825335_baseline,baseline,burst-load,1787575135.825000,65.999665,faf_by_key,key=/api/backend/5,2
2026-08-24_12-37-49-825335_baseline,baseline,burst-load,1787575136.825000,66.999665,faf_by_key,key=/api/backend/5,3.0002222469163238
2026-08-24_12-37-49-825335_baseline,baseline,burst-load,1787575137.825000,67.999665,faf_by_key,key=/api/backend/5,3
2026-08-24_12-37-49-825335_baseline,baseline,burst-load,1787575138.825000,68.999665,faf_by_key,key=/api/backend/5,3
2026-08-24_12-37-49-825335_baseline,baseline,burst-load,1787575139.825000,69.999665,faf_by_key,key=/api/backend/5,3
2026-08-24_12-37-49-825335_baseline,baseline,burst-load,1787575140.825000,70.999665,faf_by_key,key=/api/backend/5,3.000111123458162
2026-08-24_12-37-49-825335_baseline,baseline,burst-load,1787575141.825000,71.999665,faf_by_key,key=/api/backend/5,2.9998889012331964
2026-08-24_12-37-49-825335_baseline,baseline,burst-load,1787575142.825000,72.999665,faf_by_key,key=/api/backend/5,3
2026-08-24_12-37-49-825335_baseline,baseline,burst-load,1787575143.825000,73.999665,faf_by_key,key=/api/backend/5,2.9998889012331964
2026-08-24_12-37-49-825335_baseline,baseline,burst-load,1787575151.825000,81.999665,faf_by_key,key=/api/backend/5,1
2026-08-24_12-37-49-825335_baseline,baseline,burst-load,1787575152.825000,82.999665,faf_by_key,key=/api/backend/5,1
2026-08-24_12-37-49-825335_baseline,baseline,burst-load,1787575153.825000,83.999665,faf_by_key,key=/api/backend/5,1
2026-08-24_12-37-49-825335_baseline,baseline,burst-load,1787575154.825000,84.999665,faf_by_key,key=/api/backend/5,1
2026-08-24_12-37-49-825335_baseline,baseline,burst-load,1787575155.825000,85.999665,faf_by_key,key=/api/backend/5,1
2026-08-24_12-37-49-825335_baseline,baseline,burst-load,1787575156.825000,86.999665,faf_by_key,key=/api/backend/5,1
2026-08-24_12-37-49-825335_baseline,baseline,burst-load,1787575157.825000,87.999665,faf_by_key,key=/api/backend/5,1
2026-08-24_12-37-49-825335_baseline,baseline,burst-load,1787575158.825000,88.999665,faf_by_key,key=/api/backend/5,1
2026-08-24_12-37-49-825335_baseline,baseline,burst-load,1787575159.825000,89.999665,faf_by_key,key=/api/backend/5,1
2026-08-24_12-37-49-825335_baseline,baseline,burst-load,1787575166.825000,96.999665,faf_by_key,key=/api/backend/5,2
2026-08-24_12-37-49-825335_baseline,baseline,burst-load,1787575167.825000,97.999665,faf_by_key,key=/api/backend/5,2
2026-08-24_12-37-49-825335_baseline,baseline,burst-load,1787575168.825000,98.999665,faf_by_key,key=/api/backend/5,2
2026-08-24_12-37-49-825335_baseline,baseline,burst-load,1787575169.825000,99.999665,faf_by_key,key=/api/backend/5,2
2026-08-24_12-37-49-825335_baseline,baseline,burst-load,1787575170.825000,100.999665,faf_by_key,key=/api/backend/5,2
2026-08-24_12-37-49-825335_baseline,baseline,burst-load,1787575171.825000,101.999665,faf_by_key,key=/api/backend/5,2
2026-08-24_12-37-49-825335_baseline,baseline,burst-load,1787575172.825000,102.999665,faf_by_key,key=/api/backend/5,2
2026-08-24_12-37-49-825335_baseline,baseline,burst-load,1787575173.825000,103.999665,faf_by_key,key=/api/backend/5,2
2026-08-24_12-37-49-825335_baseline,baseline,burst-load,1787575174.825000,104.999665,faf_by_key,key=/api/backend/5,2
2026-08-24_12-37-49-825335_baseline,baseline,burst-load,1787575183.825000,113.999665,faf_by_key,key=/api/backend/5,1
2026-08-24_12-37-49-825335_baseline,baseline,burst-load,1787575184.825000,114.999665,faf_by_key,key=/api/backend/5,1
2026-08-24_12-37-49-825335_baseline,baseline,burst-load,1787575185.825000,115.999665,faf_by_key,key=/api/backend/5,1
2026-08-24_12-37-49-825335_baseline,baseline,burst-load,1787575186.825000,116.999665,faf_by_key,key=/api/backend/5,1
2026-08-24_12-37-49-825335_baseline,baseline,burst-load,1787575187.825000,117.999665,faf_by_key,key=/api/backend/5,1
2026-08-24_12-37-49-825335_baseline,baseline,burst-load,1787575188.825000,118.999665,faf_by_key,key=/api/backend/5,1
2026-08-24_12-37-49-825335_baseline,baseline,burst-load,1787575189.825000,119.999665,faf_by_key,key=/api/backend/5,1
2026-08-24_12-37-49-825335_baseline,baseline,burst-load,1787575190.825000,120.999665,faf_by_key,key=/api/backend/5,1
2026-08-24_12-37-49-825335_baseline,baseline,burst-load,1787575191.825000,121.999665,faf_by_key,key=/api/backend/5,1
2026-08-24_12-37-49-825335_baseline,baseline,burst-load,1787575100.825000,30.999665,faf_by_key,key=/api/backend/6,1
2026-08-24_12-37-49-825335_baseline,baseline,burst-load,1787575101.825000,31.999665,faf_by_key,key=/api/backend/6,1
2026-08-24_12-37-49-825335_baseline,baseline,burst-load,1787575102.825000,32.999665,faf_by_key,key=/api/backend/6,1
2026-08-24_12-37-49-825335_baseline,baseline,burst-load,1787575103.825000,33.999665,faf_by_key,key=/api/backend/6,1
2026-08-24_12-37-49-825335_baseline,baseline,burst-load,1787575104.825000,34.999665,faf_by_key,key=/api/backend/6,1
2026-08-24_12-37-49-825335_baseline,baseline,burst-load,1787575105.825000,35.999665,faf_by_key,key=/api/backend/6,1
2026-08-24_12-37-49-825335_baseline,baseline,burst-load,1787575106.825000,36.999665,faf_by_key,key=/api/backend/6,1
2026-08-24_12-37-49-825335_baseline,baseline,burst-load,1787575107.825000,37.999665,faf_by_key,key=/api/backend/6,1
2026-08-24_12-37-49-825335_baseline,baseline,burst-load,1787575108.825000,38.999665,faf_by_key,key=/api/backend/6,1
2026-08-24_12-37-49-825335_baseline,baseline,burst-load,1787575131.825000,61.999665,faf_by_key,key=/api/backend/6,1
2026-08-24_12-37-49-825335_baseline,baseline,burst-load,1787575132.825000,62.999665,faf_by_key,key=/api/backend/6,2
2026-08-24_12-37-49-825335_baseline,baseline,burst-load,1787575133.825000,63.999665,faf_by_key,key=/api/backend/6,2
2026-08-24_12-37-49-825335_baseline,baseline,burst-load,1787575134.825000,64.999665,faf_by_key,key=/api/backend/6,2.0001111234581614
2026-08-24_12-37-49-825335_baseline,baseline,burst-load,1787575135.825000,65.999665,faf_by_key,key=/api/backend/6,2
2026-08-24_12-37-49-825335_baseline,baseline,burst-load,1787575136.825000,66.999665,faf_by_key,key=/api/backend/6,2.0002222469163238
2026-08-24_12-37-49-825335_baseline,baseline,burst-load,1787575137.825000,67.999665,faf_by_key,key=/api/backend/6,2
2026-08-24_12-37-49-825335_baseline,baseline,burst-load,1787575138.825000,68.999665,faf_by_key,key=/api/backend/6,2
2026-08-24_12-37-49-825335_baseline,baseline,burst-load,1787575139.825000,69.999665,faf_by_key,key=/api/backend/6,2
2026-08-24_12-37-49-825335_baseline,baseline,burst-load,1787575146.825000,76.999665,faf_by_key,key=/api/backend/6,1
2026-08-24_12-37-49-825335_baseline,baseline,burst-load,1787575147.825000,77.999665,faf_by_key,key=/api/backend/6,4
2026-08-24_12-37-49-825335_baseline,baseline,burst-load,1787575148.825000,78.999665,faf_by_key,key=/api/backend/6,3.9997778024663924
2026-08-24_12-37-49-825335_baseline,baseline,burst-load,1787575149.825000,79.999665,faf_by_key,key=/api/backend/6,4
2026-08-24_12-37-49-825335_baseline,baseline,burst-load,1787575150.825000,80.999665,faf_by_key,key=/api/backend/6,4
2026-08-24_12-37-49-825335_baseline,baseline,burst-load,1787575151.825000,81.999665,faf_by_key,key=/api/backend/6,4
2026-08-24_12-37-49-825335_baseline,baseline,burst-load,1787575152.825000,82.999665,faf_by_key,key=/api/backend/6,3.9997777777777777
2026-08-24_12-37-49-825335_baseline,baseline,burst-load,1787575153.825000,83.999665,faf_by_key,key=/api/backend/6,3.9997777777777777
2026-08-24_12-37-49-825335_baseline,baseline,burst-load,1787575154.825000,84.999665,faf_by_key,key=/api/backend/6,4.000222271615915
2026-08-24_12-37-49-825335_baseline,baseline,burst-load,1787575165.825000,95.999665,faf_by_key,key=/api/backend/6,1
2026-08-24_12-37-49-825335_baseline,baseline,burst-load,1787575166.825000,96.999665,faf_by_key,key=/api/backend/6,1
2026-08-24_12-37-49-825335_baseline,baseline,burst-load,1787575167.825000,97.999665,faf_by_key,key=/api/backend/6,1
2026-08-24_12-37-49-825335_baseline,baseline,burst-load,1787575168.825000,98.999665,faf_by_key,key=/api/backend/6,1
2026-08-24_12-37-49-825335_baseline,baseline,burst-load,1787575169.825000,99.999665,faf_by_key,key=/api/backend/6,1
2026-08-24_12-37-49-825335_baseline,baseline,burst-load,1787575170.825000,100.999665,faf_by_key,key=/api/backend/6,1
2026-08-24_12-37-49-825335_baseline,baseline,burst-load,1787575171.825000,101.999665,faf_by_key,key=/api/backend/6,1
2026-08-24_12-37-49-825335_baseline,baseline,burst-load,1787575172.825000,102.999665,faf_by_key,key=/api/backend/6,1
2026-08-24_12-37-49-825335_baseline,baseline,burst-load,1787575173.825000,103.999665,faf_by_key,key=/api/backend/6,1
2026-08-24_12-37-49-825335_baseline,baseline,burst-load,1787575181.825000,111.999665,faf_by_key,key=/api/backend/6,1
2026-08-24_12-37-49-825335_baseline,baseline,burst-load,1787575182.825000,112.999665,faf_by_key,key=/api/backend/6,1
2026-08-24_12-37-49-825335_baseline,baseline,burst-load,1787575183.825000,113.999665,faf_by_key,key=/api/backend/6,1
2026-08-24_12-37-49-825335_baseline,baseline,burst-load,1787575184.825000,114.999665,faf_by_key,key=/api/backend/6,1
2026-08-24_12-37-49-825335_baseline,baseline,burst-load,1787575185.825000,115.999665,faf_by_key,key=/api/backend/6,1
2026-08-24_12-37-49-825335_baseline,baseline,burst-load,1787575186.825000,116.999665,faf_by_key,key=/api/backend/6,1
2026-08-24_12-37-49-825335_baseline,baseline,burst-load,1787575187.825000,117.999665,faf_by_key,key=/api/backend/6,1
2026-08-24_12-37-49-825335_baseline,baseline,burst-load,1787575188.825000,118.999665,faf_by_key,key=/api/backend/6,1
2026-08-24_12-37-49-825335_baseline,baseline,burst-load,1787575189.825000,119.999665,faf_by_key,key=/api/backend/6,1
2026-08-24_12-37-49-825335_baseline,baseline,burst-load,1787575069.825000,-0.000335,average_request_duration,all,0
2026-08-24_12-37-49-825335_baseline,baseline,burst-load,1787575070.825000,0.999665,average_request_duration,all,0
2026-08-24_12-37-49-825335_baseline,baseline,burst-load,1787575071.825000,1.999665,average_request_duration,all,0.2168322557409137
2026-08-24_12-37-49-825335_baseline,baseline,burst-load,1787575072.825000,2.999665,average_request_duration,all,0.18449822419420273
2026-08-24_12-37-49-825335_baseline,baseline,burst-load,1787575073.825000,3.999665,average_request_duration,all,0.14743477652431342
2026-08-24_12-37-49-825335_baseline,baseline,burst-load,1787575074.825000,4.999665,average_request_duration,all,0.1337680573862262
2026-08-24_12-37-49-825335_baseline,baseline,burst-load,1787575075.825000,5.999665,average_request_duration,all,0.1192089936922765
2026-08-24_12-37-49-825335_baseline,baseline,burst-load,1787575076.825000,6.999665,average_request_duration,all,0.10940598124448332
2026-08-24_12-37-49-825335_baseline,baseline,burst-load,1787575077.825000,7.999665,average_request_duration,all,0.09917683262923378
2026-08-24_12-37-49-825335_baseline,baseline,burst-load,1787575078.825000,8.999665,average_request_duration,all,0.09227231051892944
2026-08-24_12-37-49-825335_baseline,baseline,burst-load,1787575079.825000,9.999665,average_request_duration,all,0.08360583845774762
2026-08-24_12-37-49-825335_baseline,baseline,burst-load,1787575080.825000,10.999665,average_request_duration,all,0.0691660154728261
2026-08-24_12-37-49-825335_baseline,baseline,burst-load,1787575081.825000,11.999665,average_request_duration,all,0.05240481752777779
2026-08-24_12-37-49-825335_baseline,baseline,burst-load,1787575082.825000,12.999665,average_request_duration,all,0.04943001068508289
2026-08-24_12-37-49-825335_baseline,baseline,burst-load,1787575083.825000,13.999665,average_request_duration,all,0.04236802688124285
2026-08-24_12-37-49-825335_baseline,baseline,burst-load,1787575084.825000,14.999665,average_request_duration,all,0.03663797613250336
2026-08-24_12-37-49-825335_baseline,baseline,burst-load,1787575085.825000,15.999665,average_request_duration,all,0.03249828075690613
2026-08-24_12-37-49-825335_baseline,baseline,burst-load,1787575086.825000,16.999665,average_request_duration,all,0.03173045607075714
2026-08-24_12-37-49-825335_baseline,baseline,burst-load,1787575087.825000,17.999665,average_request_duration,all,0.03321438981614715
2026-08-24_12-37-49-825335_baseline,baseline,burst-load,1787575088.825000,18.999665,average_request_duration,all,0.0390357841197441
2026-08-24_12-37-49-825335_baseline,baseline,burst-load,1787575089.825000,19.999665,average_request_duration,all,0.043313393529542825
2026-08-24_12-37-49-825335_baseline,baseline,burst-load,1787575090.825000,20.999665,average_request_duration,all,0.05307528452513969
2026-08-24_12-37-49-825335_baseline,baseline,burst-load,1787575091.825000,21.999665,average_request_duration,all,0.05885905575594857
2026-08-24_12-37-49-825335_baseline,baseline,burst-load,1787575092.825000,22.999665,average_request_duration,all,0.06298550880776259
2026-08-24_12-37-49-825335_baseline,baseline,burst-load,1787575093.825000,23.999665,average_request_duration,all,0.06416877339389652
2026-08-24_12-37-49-825335_baseline,baseline,burst-load,1787575094.825000,24.999665,average_request_duration,all,0.06909615060000003
2026-08-24_12-37-49-825335_baseline,baseline,burst-load,1787575095.825000,25.999665,average_request_duration,all,0.06866188233701087
2026-08-24_12-37-49-825335_baseline,baseline,burst-load,1787575096.825000,26.999665,average_request_duration,all,0.06577593909340662
2026-08-24_12-37-49-825335_baseline,baseline,burst-load,1787575097.825000,27.999665,average_request_duration,all,0.060093408264349626
2026-08-24_12-37-49-825335_baseline,baseline,burst-load,1787575098.825000,28.999665,average_request_duration,all,0.055086020322222255
2026-08-24_12-37-49-825335_baseline,baseline,burst-load,1787575099.825000,29.999665,average_request_duration,all,0.04589950984940526
2026-08-24_12-37-49-825335_baseline,baseline,burst-load,1787575100.825000,30.999665,average_request_duration,all,0.04236375412021864
2026-08-24_12-37-49-825335_baseline,baseline,burst-load,1787575101.825000,31.999665,average_request_duration,all,0.035140937663798284
2026-08-24_12-37-49-825335_baseline,baseline,burst-load,1787575102.825000,32.999665,average_request_duration,all,0.03664019334398037
2026-08-24_12-37-49-825335_baseline,baseline,burst-load,1787575103.825000,33.999665,average_request_duration,all,0.03315065792592594
2026-08-24_12-37-49-825335_baseline,baseline,burst-load,1787575104.825000,34.999665,average_request_duration,all,0.029821869332417567
2026-08-24_12-37-49-825335_baseline,baseline,burst-load,1787575105.825000,35.999665,average_request_duration,all,0.02696996513707864
2026-08-24_12-37-49-825335_baseline,baseline,burst-load,1787575106.825000,36.999665,average_request_duration,all,0.02442222974727569
2026-08-24_12-37-49-825335_baseline,baseline,burst-load,1787575107.825000,37.999665,average_request_duration,all,0.022001926546357593
2026-08-24_12-37-49-825335_baseline,baseline,burst-load,1787575108.825000,38.999665,average_request_duration,all,0.02085014790882567
2026-08-24_12-37-49-825335_baseline,baseline,burst-load,1787575109.825000,39.999665,average_request_duration,all,0.018875021065035642
2026-08-24_12-37-49-825335_baseline,baseline,burst-load,1787575110.825000,40.999665,average_request_duration,all,0.01689585466414871
2026-08-24_12-37-49-825335_baseline,baseline,burst-load,1787575111.825000,41.999665,average_request_duration,all,0.013268968792896544
2026-08-24_12-37-49-825335_baseline,baseline,burst-load,1787575112.825000,42.999665,average_request_duration,all,0.010497102959832156
2026-08-24_12-37-49-825335_baseline,baseline,burst-load,1787575113.825000,43.999665,average_request_duration,all,0.008995823740603754
2026-08-24_12-37-49-825335_baseline,baseline,burst-load,1787575114.825000,44.999665,average_request_duration,all,0.007624594650215834
2026-08-24_12-37-49-825335_baseline,baseline,burst-load,1787575115.825000,45.999665,average_request_duration,all,0.006892389704135888
2026-08-24_12-37-49-825335_baseline,baseline,burst-load,1787575116.825000,46.999665,average_request_duration,all,0.006161195912690755
2026-08-24_12-37-49-825335_baseline,baseline,burst-load,1787575117.825000,47.999665,average_request_duration,all,0.0057003040377474655
2026-08-24_12-37-49-825335_baseline,baseline,burst-load,1787575118.825000,48.999665,average_request_duration,all,0.007536489324425058
2026-08-24_12-37-49-825335_baseline,baseline,burst-load,1787575119.825000,49.999665,average_request_duration,all,0.012791201375930466
2026-08-24_12-37-49-825335_baseline,baseline,burst-load,1787575120.825000,50.999665,average_request_duration,all,0.015134767199570567
2026-08-24_12-37-49-825335_baseline,baseline,burst-load,1787575121.825000,51.999665,average_request_duration,all,0.015990514560712002
2026-08-24_12-37-49-825335_baseline,baseline,burst-load,1787575122.825000,52.999665,average_request_duration,all,0.01671975472089988
2026-08-24_12-37-49-825335_baseline,baseline,burst-load,1787575123.825000,53.999665,average_request_duration,all,0.017456290731933267
2026-08-24_12-37-49-825335_baseline,baseline,burst-load,1787575124.825000,54.999665,average_request_duration,all,0.01777513030450717
2026-08-24_12-37-49-825335_baseline,baseline,burst-load,1787575125.825000,55.999665,average_request_duration,all,0.018064920580864136
2026-08-24_12-37-49-825335_baseline,baseline,burst-load,1787575126.825000,56.999665,average_request_duration,all,0.017687389694924466
2026-08-24_12-37-49-825335_baseline,baseline,burst-load,1787575127.825000,57.999665,average_request_duration,all,0.01537826601368906
2026-08-24_12-37-49-825335_baseline,baseline,burst-load,1787575128.825000,58.999665,average_request_duration,all,0.009760111022126565
2026-08-24_12-37-49-825335_baseline,baseline,burst-load,1787575129.825000,59.999665,average_request_duration,all,0.008501626677757198
2026-08-24_12-37-49-825335_baseline,baseline,burst-load,1787575130.825000,60.999665,average_request_duration,all,0.007364162205540422
2026-08-24_12-37-49-825335_baseline,baseline,burst-load,1787575131.825000,61.999665,average_request_duration,all,0.006925418207757906
2026-08-24_12-37-49-825335_baseline,baseline,burst-load,1787575132.825000,62.999665,average_request_duration,all,0.006469144607407419
2026-08-24_12-37-49-825335_baseline,baseline,burst-load,1787575133.825000,63.999665,average_request_duration,all,0.007033946508024729
2026-08-24_12-37-49-825335_baseline,baseline,burst-load,1787575134.825000,64.999665,average_request_duration,all,0.009759089438595629
2026-08-24_12-37-49-825335_baseline,baseline,burst-load,1787575135.825000,65.999665,average_request_duration,all,0.012656477153798685
2026-08-24_12-37-49-825335_baseline,baseline,burst-load,1787575136.825000,66.999665,average_request_duration,all,0.014379883554663147
2026-08-24_12-37-49-825335_baseline,baseline,burst-load,1787575137.825000,67.999665,average_request_duration,all,0.01487341081025961
2026-08-24_12-37-49-825335_baseline,baseline,burst-load,1787575138.825000,68.999665,average_request_duration,all,0.014689054680693054
2026-08-24_12-37-49-825335_baseline,baseline,burst-load,1787575139.825000,69.999665,average_request_duration,all,0.016239978627160423
2026-08-24_12-37-49-825335_baseline,baseline,burst-load,1787575140.825000,70.999665,average_request_duration,all,0.016594534926843943
2026-08-24_12-37-49-825335_baseline,baseline,burst-load,1787575141.825000,71.999665,average_request_duration,all,0.01720465131220857
2026-08-24_12-37-49-825335_baseline,baseline,burst-load,1787575142.825000,72.999665,average_request_duration,all,0.016359239953028275
2026-08-24_12-37-49-825335_baseline,baseline,burst-load,1787575143.825000,73.999665,average_request_duration,all,0.013851855078438242
2026-08-24_12-37-49-825335_baseline,baseline,burst-load,1787575144.825000,74.999665,average_request_duration,all,0.010701612829953043
2026-08-24_12-37-49-825335_baseline,baseline,burst-load,1787575145.825000,75.999665,average_request_duration,all,0.008988668232029292
2026-08-24_12-37-49-825335_baseline,baseline,burst-load,1787575146.825000,76.999665,average_request_duration,all,0.008688822409240954
2026-08-24_12-37-49-825335_baseline,baseline,burst-load,1787575147.825000,77.999665,average_request_duration,all,0.009087395576227408
2026-08-24_12-37-49-825335_baseline,baseline,burst-load,1787575148.825000,78.999665,average_request_duration,all,0.008117619878347412
2026-08-24_12-37-49-825335_baseline,baseline,burst-load,1787575149.825000,79.999665,average_request_duration,all,0.007905828200976517
2026-08-24_12-37-49-825335_baseline,baseline,burst-load,1787575150.825000,80.999665,average_request_duration,all,0.007741369985942097
2026-08-24_12-37-49-825335_baseline,baseline,burst-load,1787575151.825000,81.999665,average_request_duration,all,0.010336310695604622
2026-08-24_12-37-49-825335_baseline,baseline,burst-load,1787575152.825000,82.999665,average_request_duration,all,0.011952952557681524
2026-08-24_12-37-49-825335_baseline,baseline,burst-load,1787575153.825000,83.999665,average_request_duration,all,0.015209029887334729
2026-08-24_12-37-49-825335_baseline,baseline,burst-load,1787575154.825000,84.999665,average_request_duration,all,0.02084893770170238
2026-08-24_12-37-49-825335_baseline,baseline,burst-load,1787575155.825000,85.999665,average_request_duration,all,0.033366592496323746
2026-08-24_12-37-49-825335_baseline,baseline,burst-load,1787575156.825000,86.999665,average_request_duration,all,0.04388363858564659
2026-08-24_12-37-49-825335_baseline,baseline,burst-load,1787575157.825000,87.999665,average_request_duration,all,0.05127581649720654
2026-08-24_12-37-49-825335_baseline,baseline,burst-load,1787575158.825000,88.999665,average_request_duration,all,0.05729209011299386
2026-08-24_12-37-49-825335_baseline,baseline,burst-load,1787575159.825000,89.999665,average_request_duration,all,0.062226670637695006
2026-08-24_12-37-49-825335_baseline,baseline,burst-load,1787575160.825000,90.999665,average_request_duration,all,0.05835239728992081
2026-08-24_12-37-49-825335_baseline,baseline,burst-load,1787575161.825000,91.999665,average_request_duration,all,0.059893022705762154
2026-08-24_12-37-49-825335_baseline,baseline,burst-load,1787575162.825000,92.999665,average_request_duration,all,0.05934881437016502
2026-08-24_12-37-49-825335_baseline,baseline,burst-load,1787575163.825000,93.999665,average_request_duration,all,0.0619247484751374
2026-08-24_12-37-49-825335_baseline,baseline,burst-load,1787575164.825000,94.999665,average_request_duration,all,0.05985047773333265
2026-08-24_12-37-49-825335_baseline,baseline,burst-load,1787575165.825000,95.999665,average_request_duration,all,0.05800582278541496
2026-08-24_12-37-49-825335_baseline,baseline,burst-load,1787575166.825000,96.999665,average_request_duration,all,0.05524355936813125
2026-08-24_12-37-49-825335_baseline,baseline,burst-load,1787575167.825000,97.999665,average_request_duration,all,0.051516220661356506
2026-08-24_12-37-49-825335_baseline,baseline,burst-load,1787575168.825000,98.999665,average_request_duration,all,0.048744689146288635
2026-08-24_12-37-49-825335_baseline,baseline,burst-load,1787575169.825000,99.999665,average_request_duration,all,0.04896733614834
2026-08-24_12-37-49-825335_baseline,baseline,burst-load,1787575170.825000,100.999665,average_request_duration,all,0.04340028095092939
2026-08-24_12-37-49-825335_baseline,baseline,burst-load,1787575171.825000,101.999665,average_request_duration,all,0.04216930987078627
2026-08-24_12-37-49-825335_baseline,baseline,burst-load,1787575172.825000,102.999665,average_request_duration,all,0.041303900459670556
2026-08-24_12-37-49-825335_baseline,baseline,burst-load,1787575173.825000,103.999665,average_request_duration,all,0.0424318686623432
2026-08-24_12-37-49-825335_baseline,baseline,burst-load,1787575174.825000,104.999665,average_request_duration,all,0.04178069690502788
2026-08-24_12-37-49-825335_baseline,baseline,burst-load,1787575175.825000,105.999665,average_request_duration,all,0.04826723658100562
2026-08-24_12-37-49-825335_baseline,baseline,burst-load,1787575176.825000,106.999665,average_request_duration,all,0.0515936154107643
2026-08-24_12-37-49-825335_baseline,baseline,burst-load,1787575177.825000,107.999665,average_request_duration,all,0.04810506987501547
2026-08-24_12-37-49-825335_baseline,baseline,burst-load,1787575178.825000,108.999665,average_request_duration,all,0.04547063026666665
2026-08-24_12-37-49-825335_baseline,baseline,burst-load,1787575179.825000,109.999665,average_request_duration,all,0.0514713508003743
2026-08-24_12-37-49-825335_baseline,baseline,burst-load,1787575180.825000,110.999665,average_request_duration,all,0.05135094217260633
2026-08-24_12-37-49-825335_baseline,baseline,burst-load,1787575181.825000,111.999665,average_request_duration,all,0.0533360749497207
2026-08-24_12-37-49-825335_baseline,baseline,burst-load,1787575182.825000,112.999665,average_request_duration,all,0.05593151750622314
2026-08-24_12-37-49-825335_baseline,baseline,burst-load,1787575183.825000,113.999665,average_request_duration,all,0.05367350449408557
2026-08-24_12-37-49-825335_baseline,baseline,burst-load,1787575184.825000,114.999665,average_request_duration,all,0.050162460616666266
2026-08-24_12-37-49-825335_baseline,baseline,burst-load,1787575185.825000,115.999665,average_request_duration,all,0.04530276631843525
2026-08-24_12-37-49-825335_baseline,baseline,burst-load,1787575186.825000,116.999665,average_request_duration,all,0.047676647310874315
2026-08-24_12-37-49-825335_baseline,baseline,burst-load,1787575187.825000,117.999665,average_request_duration,all,0.0461730839166661
2026-08-24_12-37-49-825335_baseline,baseline,burst-load,1787575188.825000,118.999665,average_request_duration,all,0.043712701471135984
2026-08-24_12-37-49-825335_baseline,baseline,burst-load,1787575189.825000,119.999665,average_request_duration,all,0.04729759967435978
2026-08-24_12-37-49-825335_baseline,baseline,burst-load,1787575190.825000,120.999665,average_request_duration,all,0.04355933381767926
2026-08-24_12-37-49-825335_baseline,baseline,burst-load,1787575191.825000,121.999665,average_request_duration,all,0.04228534585082855
2026-08-24_12-37-49-825335_baseline,baseline,burst-load,1787575069.825000,-0.000335,average_backend_duration,all,0
2026-08-24_12-37-49-825335_baseline,baseline,burst-load,1787575070.825000,0.999665,average_backend_duration,all,0
2026-08-24_12-37-49-825335_baseline,baseline,burst-load,1787575071.825000,1.999665,average_backend_duration,all,0.24836927706915304
2026-08-24_12-37-49-825335_baseline,baseline,burst-load,1787575072.825000,2.999665,average_backend_duration,all,0.24672233969599644
2026-08-24_12-37-49-825335_baseline,baseline,burst-load,1787575073.825000,3.999665,average_backend_duration,all,0.24466844413077019
2026-08-24_12-37-49-825335_baseline,baseline,burst-load,1787575074.825000,4.999665,average_backend_duration,all,0.24125971758959577
2026-08-24_12-37-49-825335_baseline,baseline,burst-load,1787575075.825000,5.999665,average_backend_duration,all,0.2399338720377106
2026-08-24_12-37-49-825335_baseline,baseline,burst-load,1787575076.825000,6.999665,average_backend_duration,all,0.23806172394987998
2026-08-24_12-37-49-825335_baseline,baseline,burst-load,1787575077.825000,7.999665,average_backend_duration,all,0.23656818857364037
2026-08-24_12-37-49-825335_baseline,baseline,burst-load,1787575078.825000,8.999665,average_backend_duration,all,0.23526501477831133
2026-08-24_12-37-49-825335_baseline,baseline,burst-load,1787575079.825000,9.999665,average_backend_duration,all,0.23489808302672208
2026-08-24_12-37-49-825335_baseline,baseline,burst-load,1787575080.825000,10.999665,average_backend_duration,all,0.22989467489090915
2026-08-24_12-37-49-825335_baseline,baseline,burst-load,1787575081.825000,11.999665,average_backend_duration,all,0.22300231976190474
2026-08-24_12-37-49-825335_baseline,baseline,burst-load,1787575082.825000,12.999665,average_backend_duration,all,0.22201859452499997
2026-08-24_12-37-49-825335_baseline,baseline,burst-load,1787575083.825000,13.999665,average_backend_duration,all,0.2196895349678016
2026-08-24_12-37-49-825335_baseline,baseline,burst-load,1787575084.825000,14.999665,average_backend_duration,all,0.2166377384904223
2026-08-24_12-37-49-825335_baseline,baseline,burst-load,1787575085.825000,15.999665,average_backend_duration,all,0.21569312511111113
2026-08-24_12-37-49-825335_baseline,baseline,burst-load,1787575086.825000,16.999665,average_backend_duration,all,0.2162639672453133
2026-08-24_12-37-49-825335_baseline,baseline,burst-load,1787575087.825000,17.999665,average_backend_duration,all,0.21678985408138848
2026-08-24_12-37-49-825335_baseline,baseline,burst-load,1787575088.825000,18.999665,average_backend_duration,all,0.21882420919177545
2026-08-24_12-37-49-825335_baseline,baseline,burst-load,1787575089.825000,19.999665,average_backend_duration,all,0.22088308527373043
2026-08-24_12-37-49-825335_baseline,baseline,burst-load,1787575090.825000,20.999665,average_backend_duration,all,0.22442991290476205
2026-08-24_12-37-49-825335_baseline,baseline,burst-load,1787575091.825000,21.999665,average_backend_duration,all,0.22501551406148884
2026-08-24_12-37-49-825335_baseline,baseline,burst-load,1787575092.825000,22.999665,average_backend_duration,all,0.2252243941954422
2026-08-24_12-37-49-825335_baseline,baseline,burst-load,1787575093.825000,23.999665,average_backend_duration,all,0.22494764699587524
2026-08-24_12-37-49-825335_baseline,baseline,burst-load,1787575094.825000,24.999665,average_backend_duration,all,0.2246577689818183
2026-08-24_12-37-49-825335_baseline,baseline,burst-load,1787575095.825000,25.999665,average_backend_duration,all,0.22447321619940164
2026-08-24_12-37-49-825335_baseline,baseline,burst-load,1787575096.825000,26.999665,average_backend_duration,all,0.22439981935849068
2026-08-24_12-37-49-825335_baseline,baseline,burst-load,1787575097.825000,27.999665,average_backend_duration,all,0.2238324897254445
2026-08-24_12-37-49-825335_baseline,baseline,burst-load,1787575098.825000,28.999665,average_backend_duration,all,0.2237657458636365
2026-08-24_12-37-49-825335_baseline,baseline,burst-load,1787575099.825000,29.999665,average_backend_duration,all,0.2203210901716201
2026-08-24_12-37-49-825335_baseline,baseline,burst-load,1787575100.825000,30.999665,average_backend_duration,all,0.2196449918571429
2026-08-24_12-37-49-825335_baseline,baseline,burst-load,1787575101.825000,31.999665,average_backend_duration,all,0.22503765211517554
2026-08-24_12-37-49-825335_baseline,baseline,burst-load,1787575102.825000,32.999665,average_backend_duration,all,0.25525851877586214
2026-08-24_12-37-49-825335_baseline,baseline,burst-load,1787575103.825000,33.999665,average_backend_duration,all,0.2591633338472222
2026-08-24_12-37-49-825335_baseline,baseline,burst-load,1787575104.825000,34.999665,average_backend_duration,all,0.2596169138915662
2026-08-24_12-37-49-825335_baseline,baseline,burst-load,1787575105.825000,35.999665,average_backend_duration,all,0.25878691345652166
2026-08-24_12-37-49-825335_baseline,baseline,burst-load,1787575106.825000,36.999665,average_backend_duration,all,0.2568035259103195
2026-08-24_12-37-49-825335_baseline,baseline,burst-load,1787575107.825000,37.999665,average_backend_duration,all,0.25564380709708723
2026-08-24_12-37-49-825335_baseline,baseline,burst-load,1787575108.825000,38.999665,average_backend_duration,all,0.2550759355225224
2026-08-24_12-37-49-825335_baseline,baseline,burst-load,1787575109.825000,39.999665,average_backend_duration,all,0.2550628379954158
2026-08-24_12-37-49-825335_baseline,baseline,burst-load,1787575110.825000,40.999665,average_backend_duration,all,0.25526013758774446
2026-08-24_12-37-49-825335_baseline,baseline,burst-load,1787575111.825000,41.999665,average_backend_duration,all,0.2415997200184834
2026-08-24_12-37-49-825335_baseline,baseline,burst-load,1787575112.825000,42.999665,average_backend_duration,all,0.23624582544194153
2026-08-24_12-37-49-825335_baseline,baseline,burst-load,1787575113.825000,43.999665,average_backend_duration,all,0.23127401475806456
2026-08-24_12-37-49-825335_baseline,baseline,burst-load,1787575114.825000,44.999665,average_backend_duration,all,0.22849713320754717
2026-08-24_12-37-49-825335_baseline,baseline,burst-load,1787575115.825000,45.999665,average_backend_duration,all,0.2274707024383991
2026-08-24_12-37-49-825335_baseline,baseline,burst-load,1787575116.825000,46.999665,average_backend_duration,all,0.22669131433995407
2026-08-24_12-37-49-825335_baseline,baseline,burst-load,1787575117.825000,47.999665,average_backend_duration,all,0.22464929599999967
2026-08-24_12-37-49-825335_baseline,baseline,burst-load,1787575118.825000,48.999665,average_backend_duration,all,0.23333251164705865
2026-08-24_12-37-49-825335_baseline,baseline,burst-load,1787575119.825000,49.999665,average_backend_duration,all,0.27909643713698623
2026-08-24_12-37-49-825335_baseline,baseline,burst-load,1787575120.825000,50.999665,average_backend_duration,all,0.28504969131646074
2026-08-24_12-37-49-825335_baseline,baseline,burst-load,1787575121.825000,51.999665,average_backend_duration,all,0.2814591068087001
2026-08-24_12-37-49-825335_baseline,baseline,burst-load,1787575122.825000,52.999665,average_backend_duration,all,0.2791020142845208
2026-08-24_12-37-49-825335_baseline,baseline,burst-load,1787575123.825000,53.999665,average_backend_duration,all,0.2770662472871286
2026-08-24_12-37-49-825335_baseline,baseline,burst-load,1787575124.825000,54.999665,average_backend_duration,all,0.2766976298288487
2026-08-24_12-37-49-825335_baseline,baseline,burst-load,1787575125.825000,55.999665,average_backend_duration,all,0.27603007560952364
2026-08-24_12-37-49-825335_baseline,baseline,burst-load,1787575126.825000,56.999665,average_backend_duration,all,0.2762777145091348
2026-08-24_12-37-49-825335_baseline,baseline,burst-load,1787575127.825000,57.999665,average_backend_duration,all,0.2787135347311928
2026-08-24_12-37-49-825335_baseline,baseline,burst-load,1787575128.825000,58.999665,average_backend_duration,all,0.24410614348437476
2026-08-24_12-37-49-825335_baseline,baseline,burst-load,1787575129.825000,59.999665,average_backend_duration,all,0.22959061001694903
2026-08-24_12-37-49-825335_baseline,baseline,burst-load,1787575130.825000,60.999665,average_backend_duration,all,0.2293907885007724
2026-08-24_12-37-49-825335_baseline,baseline,burst-load,1787575131.825000,61.999665,average_backend_duration,all,0.22878887696824624
2026-08-24_12-37-49-825335_baseline,baseline,burst-load,1787575132.825000,62.999665,average_backend_duration,all,0.2276339271777777
2026-08-24_12-37-49-825335_baseline,baseline,burst-load,1787575133.825000,63.999665,average_backend_duration,all,0.22772596122448951
2026-08-24_12-37-49-825335_baseline,baseline,burst-load,1787575134.825000,64.999665,average_backend_duration,all,0.2384385128456905
2026-08-24_12-37-49-825335_baseline,baseline,burst-load,1787575135.825000,65.999665,average_backend_duration,all,0.24661291657317042
2026-08-24_12-37-49-825335_baseline,baseline,burst-load,1787575136.825000,66.999665,average_backend_duration,all,0.24761828485237256
2026-08-24_12-37-49-825335_baseline,baseline,burst-load,1787575137.825000,67.999665,average_backend_duration,all,0.24776946565624985
2026-08-24_12-37-49-825335_baseline,baseline,burst-load,1787575138.825000,68.999665,average_backend_duration,all,0.24703638531578953
2026-08-24_12-37-49-825335_baseline,baseline,burst-load,1787575139.825000,69.999665,average_backend_duration,all,0.2455369408490567
2026-08-24_12-37-49-825335_baseline,baseline,burst-load,1787575140.825000,70.999665,average_backend_duration,all,0.2464329571935471
2026-08-24_12-37-49-825335_baseline,baseline,burst-load,1787575141.825000,71.999665,average_backend_duration,all,0.24629134451771834
2026-08-24_12-37-49-825335_baseline,baseline,burst-load,1787575142.825000,72.999665,average_backend_duration,all,0.24701461569811348
2026-08-24_12-37-49-825335_baseline,baseline,burst-load,1787575143.825000,73.999665,average_backend_duration,all,0.24217463611807838
2026-08-24_12-37-49-825335_baseline,baseline,burst-load,1787575144.825000,74.999665,average_backend_duration,all,0.23416794053887566
2026-08-24_12-37-49-825335_baseline,baseline,burst-load,1787575145.825000,75.999665,average_backend_duration,all,0.23093410457797015
2026-08-24_12-37-49-825335_baseline,baseline,burst-load,1787575146.825000,76.999665,average_backend_duration,all,0.23036604652393267
2026-08-24_12-37-49-825335_baseline,baseline,burst-load,1787575147.825000,77.999665,average_backend_duration,all,0.2304389473500002
2026-08-24_12-37-49-825335_baseline,baseline,burst-load,1787575148.825000,78.999665,average_backend_duration,all,0.23032995419537275
2026-08-24_12-37-49-825335_baseline,baseline,burst-load,1787575149.825000,79.999665,average_backend_duration,all,0.22689804716666678
2026-08-24_12-37-49-825335_baseline,baseline,burst-load,1787575150.825000,80.999665,average_backend_duration,all,0.22490334622222247
2026-08-24_12-37-49-825335_baseline,baseline,burst-load,1787575151.825000,81.999665,average_backend_duration,all,0.22575197973170738
2026-08-24_12-37-49-825335_baseline,baseline,burst-load,1787575152.825000,82.999665,average_backend_duration,all,0.22644338605003153
2026-08-24_12-37-49-825335_baseline,baseline,burst-load,1787575153.825000,83.999665,average_backend_duration,all,0.2264008574288344
2026-08-24_12-37-49-825335_baseline,baseline,burst-load,1787575154.825000,84.999665,average_backend_duration,all,0.2258913536789916
2026-08-24_12-37-49-825335_baseline,baseline,burst-load,1787575155.825000,85.999665,average_backend_duration,all,0.22505462147499916
2026-08-24_12-37-49-825335_baseline,baseline,burst-load,1787575156.825000,86.999665,average_backend_duration,all,0.22254801100305494
2026-08-24_12-37-49-825335_baseline,baseline,burst-load,1787575157.825000,87.999665,average_backend_duration,all,0.22220482551219436
2026-08-24_12-37-49-825335_baseline,baseline,burst-load,1787575158.825000,88.999665,average_backend_duration,all,0.2237397562666669
2026-08-24_12-37-49-825335_baseline,baseline,burst-load,1787575159.825000,89.999665,average_backend_duration,all,0.22371816991337615
2026-08-24_12-37-49-825335_baseline,baseline,burst-load,1787575160.825000,90.999665,average_backend_duration,all,0.22318867153232277
2026-08-24_12-37-49-825335_baseline,baseline,burst-load,1787575161.825000,91.999665,average_backend_duration,all,0.22184198055591017
2026-08-24_12-37-49-825335_baseline,baseline,burst-load,1787575162.825000,92.999665,average_backend_duration,all,0.22226787070833343
2026-08-24_12-37-49-825335_baseline,baseline,burst-load,1787575163.825000,93.999665,average_backend_duration,all,0.22264536630000006
2026-08-24_12-37-49-825335_baseline,baseline,burst-load,1787575164.825000,94.999665,average_backend_duration,all,0.22288198104166665
2026-08-24_12-37-49-825335_baseline,baseline,burst-load,1787575165.825000,95.999665,average_backend_duration,all,0.22180881183381373
2026-08-24_12-37-49-825335_baseline,baseline,burst-load,1787575166.825000,96.999665,average_backend_duration,all,0.2217888700888889
2026-08-24_12-37-49-825335_baseline,baseline,burst-load,1787575167.825000,97.999665,average_backend_duration,all,0.22033061582581007
2026-08-24_12-37-49-825335_baseline,baseline,burst-load,1787575168.825000,98.999665,average_backend_duration,all,0.22005758365687544
2026-08-24_12-37-49-825335_baseline,baseline,burst-load,1787575169.825000,99.999665,average_backend_duration,all,0.21980963345610707
2026-08-24_12-37-49-825335_baseline,baseline,burst-load,1787575170.825000,100.999665,average_backend_duration,all,0.22012873766588417
2026-08-24_12-37-49-825335_baseline,baseline,burst-load,1787575171.825000,101.999665,average_backend_duration,all,0.21889208908823407
2026-08-24_12-37-49-825335_baseline,baseline,burst-load,1787575172.825000,102.999665,average_backend_duration,all,0.21800886129672914
2026-08-24_12-37-49-825335_baseline,baseline,burst-load,1787575173.825000,103.999665,average_backend_duration,all,0.21754827714998204
2026-08-24_12-37-49-825335_baseline,baseline,burst-load,1787575174.825000,104.999665,average_backend_duration,all,0.21805123638235313
2026-08-24_12-37-49-825335_baseline,baseline,burst-load,1787575175.825000,105.999665,average_backend_duration,all,0.21981537853846167
2026-08-24_12-37-49-825335_baseline,baseline,burst-load,1787575176.825000,106.999665,average_backend_duration,all,0.220690782973869
2026-08-24_12-37-49-825335_baseline,baseline,burst-load,1787575177.825000,107.999665,average_backend_duration,all,0.22032396056005607
2026-08-24_12-37-49-825335_baseline,baseline,burst-load,1787575178.825000,108.999665,average_backend_duration,all,0.21943224094594616
2026-08-24_12-37-49-825335_baseline,baseline,burst-load,1787575179.825000,109.999665,average_backend_duration,all,0.21894248535864544
2026-08-24_12-37-49-825335_baseline,baseline,burst-load,1787575180.825000,110.999665,average_backend_duration,all,0.21966965158091287
2026-08-24_12-37-49-825335_baseline,baseline,burst-load,1787575181.825000,111.999665,average_backend_duration,all,0.22042261274418604
2026-08-24_12-37-49-825335_baseline,baseline,burst-load,1787575182.825000,112.999665,average_backend_duration,all,0.2209274257518083
2026-08-24_12-37-49-825335_baseline,baseline,burst-load,1787575183.825000,113.999665,average_backend_duration,all,0.22063872994201583
2026-08-24_12-37-49-825335_baseline,baseline,burst-load,1787575184.825000,114.999665,average_backend_duration,all,0.21862769690243922
2026-08-24_12-37-49-825335_baseline,baseline,burst-load,1787575185.825000,115.999665,average_backend_duration,all,0.2174631474054056
2026-08-24_12-37-49-825335_baseline,baseline,burst-load,1787575186.825000,116.999665,average_backend_duration,all,0.21717606458564814
2026-08-24_12-37-49-825335_baseline,baseline,burst-load,1787575187.825000,117.999665,average_backend_duration,all,0.21705205226315888
2026-08-24_12-37-49-825335_baseline,baseline,burst-load,1787575188.825000,118.999665,average_backend_duration,all,0.21797034230068044
2026-08-24_12-37-49-825335_baseline,baseline,burst-load,1787575189.825000,119.999665,average_backend_duration,all,0.21778179734372102
2026-08-24_12-37-49-825335_baseline,baseline,burst-load,1787575190.825000,120.999665,average_backend_duration,all,0.21717650550000103
2026-08-24_12-37-49-825335_baseline,baseline,burst-load,1787575191.825000,121.999665,average_backend_duration,all,0.21679668785714382
2026-08-24_12-37-49-825335_baseline,baseline,burst-load,1787575069.825000,-0.000335,failure_amplification_factor,all,0
2026-08-24_12-37-49-825335_baseline,baseline,burst-load,1787575070.825000,0.999665,failure_amplification_factor,all,0.5026372572524574
2026-08-24_12-37-49-825335_baseline,baseline,burst-load,1787575071.825000,1.999665,failure_amplification_factor,all,1.0514509042374287
2026-08-24_12-37-49-825335_baseline,baseline,burst-load,1787575072.825000,2.999665,failure_amplification_factor,all,0.7675217246225412
2026-08-24_12-37-49-825335_baseline,baseline,burst-load,1787575073.825000,3.999665,failure_amplification_factor,all,0.6086663352958638
2026-08-24_12-37-49-825335_baseline,baseline,burst-load,1787575074.825000,4.999665,failure_amplification_factor,all,0.5807771813899653
2026-08-24_12-37-49-825335_baseline,baseline,burst-load,1787575075.825000,5.999665,failure_amplification_factor,all,0.5138086848336241
2026-08-24_12-37-49-825335_baseline,baseline,burst-load,1787575076.825000,6.999665,failure_amplification_factor,all,0.4693626970449275
2026-08-24_12-37-49-825335_baseline,baseline,burst-load,1787575077.825000,7.999665,failure_amplification_factor,all,0.4305395212534466
2026-08-24_12-37-49-825335_baseline,baseline,burst-load,1787575078.825000,8.999665,failure_amplification_factor,all,0.38893211080114787
2026-08-24_12-37-49-825335_baseline,baseline,burst-load,1787575079.825000,9.999665,failure_amplification_factor,all,0.35663344084584725
2026-08-24_12-37-49-825335_baseline,baseline,burst-load,1787575080.825000,10.999665,failure_amplification_factor,all,0.3408538166224401
2026-08-24_12-37-49-825335_baseline,baseline,burst-load,1787575081.825000,11.999665,failure_amplification_factor,all,0.32796572809844143
2026-08-24_12-37-49-825335_baseline,baseline,burst-load,1787575082.825000,12.999665,failure_amplification_factor,all,0.3130521097694318
2026-08-24_12-37-49-825335_baseline,baseline,burst-load,1787575083.825000,13.999665,failure_amplification_factor,all,0.2965939630330794
2026-08-24_12-37-49-825335_baseline,baseline,burst-load,1787575084.825000,14.999665,failure_amplification_factor,all,0.2896507498791136
2026-08-24_12-37-49-825335_baseline,baseline,burst-load,1787575085.825000,15.999665,failure_amplification_factor,all,0.27362393852018047
2026-08-24_12-37-49-825335_baseline,baseline,burst-load,1787575086.825000,16.999665,failure_amplification_factor,all,0.26586514300724867
2026-08-24_12-37-49-825335_baseline,baseline,burst-load,1787575087.825000,17.999665,failure_amplification_factor,all,0.26784463958257443
2026-08-24_12-37-49-825335_baseline,baseline,burst-load,1787575088.825000,18.999665,failure_amplification_factor,all,0.2723889319090814
2026-08-24_12-37-49-825335_baseline,baseline,burst-load,1787575089.825000,19.999665,failure_amplification_factor,all,0.28172597631197227
2026-08-24_12-37-49-825335_baseline,baseline,burst-load,1787575090.825000,20.999665,failure_amplification_factor,all,0.2901207888406774
2026-08-24_12-37-49-825335_baseline,baseline,burst-load,1787575091.825000,21.999665,failure_amplification_factor,all,0.2905672971926862
2026-08-24_12-37-49-825335_baseline,baseline,burst-load,1787575092.825000,22.999665,failure_amplification_factor,all,0.29098669442712727
2026-08-24_12-37-49-825335_baseline,baseline,burst-load,1787575093.825000,23.999665,failure_amplification_factor,all,0.2870090031041908
2026-08-24_12-37-49-825335_baseline,baseline,burst-load,1787575094.825000,24.999665,failure_amplification_factor,all,0.28545466718262075
2026-08-24_12-37-49-825335_baseline,baseline,burst-load,1787575095.825000,25.999665,failure_amplification_factor,all,0.282022805000664
2026-08-24_12-37-49-825335_baseline,baseline,burst-load,1787575096.825000,26.999665,failure_amplification_factor,all,0.27308394220045207
2026-08-24_12-37-49-825335_baseline,baseline,burst-load,1787575097.825000,27.999665,failure_amplification_factor,all,0.26481276556658856
2026-08-24_12-37-49-825335_baseline,baseline,burst-load,1787575098.825000,28.999665,failure_amplification_factor,all,0.2660571908520218
2026-08-24_12-37-49-825335_baseline,baseline,burst-load,1787575099.825000,29.999665,failure_amplification_factor,all,0.2620461064934843
2026-08-24_12-37-49-825335_baseline,baseline,burst-load,1787575100.825000,30.999665,failure_amplification_factor,all,0.25910615032791706
2026-08-24_12-37-49-825335_baseline,baseline,burst-load,1787575101.825000,31.999665,failure_amplification_factor,all,0.2528621479360597
2026-08-24_12-37-49-825335_baseline,baseline,burst-load,1787575102.825000,32.999665,failure_amplification_factor,all,0.2209978409294385
2026-08-24_12-37-49-825335_baseline,baseline,burst-load,1787575103.825000,33.999665,failure_amplification_factor,all,0.20254645141447325
2026-08-24_12-37-49-825335_baseline,baseline,burst-load,1787575104.825000,34.999665,failure_amplification_factor,all,0.18508313105732116
2026-08-24_12-37-49-825335_baseline,baseline,burst-load,1787575105.825000,35.999665,failure_amplification_factor,all,0.1685355677841635
2026-08-24_12-37-49-825335_baseline,baseline,burst-load,1787575106.825000,36.999665,failure_amplification_factor,all,0.15385470120341488
2026-08-24_12-37-49-825335_baseline,baseline,burst-load,1787575107.825000,37.999665,failure_amplification_factor,all,0.14215639817684883
2026-08-24_12-37-49-825335_baseline,baseline,burst-load,1787575108.825000,38.999665,failure_amplification_factor,all,0.1351820413655001
2026-08-24_12-37-49-825335_baseline,baseline,burst-load,1787575109.825000,39.999665,failure_amplification_factor,all,0.1275081596092251
2026-08-24_12-37-49-825335_baseline,baseline,burst-load,1787575110.825000,40.999665,failure_amplification_factor,all,0.11795697616500227
2026-08-24_12-37-49-825335_baseline,baseline,burst-load,1787575111.825000,41.999665,failure_amplification_factor,all,0.11143876437680444
2026-08-24_12-37-49-825335_baseline,baseline,burst-load,1787575112.825000,42.999665,failure_amplification_factor,all,0.10471599370734613
2026-08-24_12-37-49-825335_baseline,baseline,burst-load,1787575113.825000,43.999665,failure_amplification_factor,all,0.10055833058491294
2026-08-24_12-37-49-825335_baseline,baseline,burst-load,1787575114.825000,44.999665,failure_amplification_factor,all,0.09491364753094257
2026-08-24_12-37-49-825335_baseline,baseline,burst-load,1787575115.825000,45.999665,failure_amplification_factor,all,0.09083820496730179
2026-08-24_12-37-49-825335_baseline,baseline,burst-load,1787575116.825000,46.999665,failure_amplification_factor,all,0.08660477956962402
2026-08-24_12-37-49-825335_baseline,baseline,burst-load,1787575117.825000,47.999665,failure_amplification_factor,all,0.08643577648456796
2026-08-24_12-37-49-825335_baseline,baseline,burst-load,1787575118.825000,48.999665,failure_amplification_factor,all,0.08947715135093502
2026-08-24_12-37-49-825335_baseline,baseline,burst-load,1787575119.825000,49.999665,failure_amplification_factor,all,0.09046234195019681
2026-08-24_12-37-49-825335_baseline,baseline,burst-load,1787575120.825000,50.999665,failure_amplification_factor,all,0.08893207179026603
2026-08-24_12-37-49-825335_baseline,baseline,burst-load,1787575121.825000,51.999665,failure_amplification_factor,all,0.08706418288416641
2026-08-24_12-37-49-825335_baseline,baseline,burst-load,1787575122.825000,52.999665,failure_amplification_factor,all,0.08534775836533096
2026-08-24_12-37-49-825335_baseline,baseline,burst-load,1787575123.825000,53.999665,failure_amplification_factor,all,0.08397662588146633
2026-08-24_12-37-49-825335_baseline,baseline,burst-load,1787575124.825000,54.999665,failure_amplification_factor,all,0.08146893454237768
2026-08-24_12-37-49-825335_baseline,baseline,burst-load,1787575125.825000,55.999665,failure_amplification_factor,all,0.07973902956658133
2026-08-24_12-37-49-825335_baseline,baseline,burst-load,1787575126.825000,56.999665,failure_amplification_factor,all,0.07812913229143015
2026-08-24_12-37-49-825335_baseline,baseline,burst-load,1787575127.825000,57.999665,failure_amplification_factor,all,0.07588237774928856
2026-08-24_12-37-49-825335_baseline,baseline,burst-load,1787575128.825000,58.999665,failure_amplification_factor,all,0.07396253862849622
2026-08-24_12-37-49-825335_baseline,baseline,burst-load,1787575129.825000,59.999665,failure_amplification_factor,all,0.0732091529590697
2026-08-24_12-37-49-825335_baseline,baseline,burst-load,1787575130.825000,60.999665,failure_amplification_factor,all,0.07148691563722358
2026-08-24_12-37-49-825335_baseline,baseline,burst-load,1787575131.825000,61.999665,failure_amplification_factor,all,0.07068651056467685
2026-08-24_12-37-49-825335_baseline,baseline,burst-load,1787575132.825000,62.999665,failure_amplification_factor,all,0.06945491163426133
2026-08-24_12-37-49-825335_baseline,baseline,burst-load,1787575133.825000,63.999665,failure_amplification_factor,all,0.06984062714870293
2026-08-24_12-37-49-825335_baseline,baseline,burst-load,1787575134.825000,64.999665,failure_amplification_factor,all,0.07110792350323979
2026-08-24_12-37-49-825335_baseline,baseline,burst-load,1787575135.825000,65.999665,failure_amplification_factor,all,0.0718703968421735
2026-08-24_12-37-49-825335_baseline,baseline,burst-load,1787575136.825000,66.999665,failure_amplification_factor,all,0.07187811236401534
2026-08-24_12-37-49-825335_baseline,baseline,burst-load,1787575137.825000,67.999665,failure_amplification_factor,all,0.07077060462708797
2026-08-24_12-37-49-825335_baseline,baseline,burst-load,1787575138.825000,68.999665,failure_amplification_factor,all,0.07080525517949092
2026-08-24_12-37-49-825335_baseline,baseline,burst-load,1787575139.825000,69.999665,failure_amplification_factor,all,0.07030628343737563
2026-08-24_12-37-49-825335_baseline,baseline,burst-load,1787575140.825000,70.999665,failure_amplification_factor,all,0.06996118075360382
2026-08-24_12-37-49-825335_baseline,baseline,burst-load,1787575141.825000,71.999665,failure_amplification_factor,all,0.06912575579694734
2026-08-24_12-37-49-825335_baseline,baseline,burst-load,1787575142.825000,72.999665,failure_amplification_factor,all,0.06845171214314551
2026-08-24_12-37-49-825335_baseline,baseline,burst-load,1787575143.825000,73.999665,failure_amplification_factor,all,0.06732211919202266
2026-08-24_12-37-49-825335_baseline,baseline,burst-load,1787575144.825000,74.999665,failure_amplification_factor,all,0.06635895076585398
2026-08-24_12-37-49-825335_baseline,baseline,burst-load,1787575145.825000,75.999665,failure_amplification_factor,all,0.06520461279381927
2026-08-24_12-37-49-825335_baseline,baseline,burst-load,1787575146.825000,76.999665,failure_amplification_factor,all,0.06445281837899078
2026-08-24_12-37-49-825335_baseline,baseline,burst-load,1787575147.825000,77.999665,failure_amplification_factor,all,0.0645830390638299
2026-08-24_12-37-49-825335_baseline,baseline,burst-load,1787575148.825000,78.999665,failure_amplification_factor,all,0.06451394178392478
2026-08-24_12-37-49-825335_baseline,baseline,burst-load,1787575149.825000,79.999665,failure_amplification_factor,all,0.06459399031509969
2026-08-24_12-37-49-825335_baseline,baseline,burst-load,1787575150.825000,80.999665,failure_amplification_factor,all,0.06511969843543183
2026-08-24_12-37-49-825335_baseline,baseline,burst-load,1787575151.825000,81.999665,failure_amplification_factor,all,0.06586529654229012
2026-08-24_12-37-49-825335_baseline,baseline,burst-load,1787575152.825000,82.999665,failure_amplification_factor,all,0.06594179745855076
2026-08-24_12-37-49-825335_baseline,baseline,burst-load,1787575153.825000,83.999665,failure_amplification_factor,all,0.06634968206209398
2026-08-24_12-37-49-825335_baseline,baseline,burst-load,1787575154.825000,84.999665,failure_amplification_factor,all,0.06653414731583897
2026-08-24_12-37-49-825335_baseline,baseline,burst-load,1787575155.825000,85.999665,failure_amplification_factor,all,0.06682977774563073
2026-08-24_12-37-49-825335_baseline,baseline,burst-load,1787575156.825000,86.999665,failure_amplification_factor,all,0.06745336715915728
2026-08-24_12-37-49-825335_baseline,baseline,burst-load,1787575157.825000,87.999665,failure_amplification_factor,all,0.06796442355473323
2026-08-24_12-37-49-825335_baseline,baseline,burst-load,1787575158.825000,88.999665,failure_amplification_factor,all,0.06847295518917848
2026-08-24_12-37-49-825335_baseline,baseline,burst-load,1787575159.825000,89.999665,failure_amplification_factor,all,0.06919818066329012
2026-08-24_12-37-49-825335_baseline,baseline,burst-load,1787575160.825000,90.999665,failure_amplification_factor,all,0.06970183604492848
2026-08-24_12-37-49-825335_baseline,baseline,burst-load,1787575161.825000,91.999665,failure_amplification_factor,all,0.07020330301154432
2026-08-24_12-37-49-825335_baseline,baseline,burst-load,1787575162.825000,92.999665,failure_amplification_factor,all,0.07037619950984368
2026-08-24_12-37-49-825335_baseline,baseline,burst-load,1787575163.825000,93.999665,failure_amplification_factor,all,0.07065671129925495
2026-08-24_12-37-49-825335_baseline,baseline,burst-load,1787575164.825000,94.999665,failure_amplification_factor,all,0.07072031752282994
2026-08-24_12-37-49-825335_baseline,baseline,burst-load,1787575165.825000,95.999665,failure_amplification_factor,all,0.07110706448141679
2026-08-24_12-37-49-825335_baseline,baseline,burst-load,1787575166.825000,96.999665,failure_amplification_factor,all,0.07127680646158992
2026-08-24_12-37-49-825335_baseline,baseline,burst-load,1787575167.825000,97.999665,failure_amplification_factor,all,0.07176813025149342
2026-08-24_12-37-49-825335_baseline,baseline,burst-load,1787575168.825000,98.999665,failure_amplification_factor,all,0.07225734512663619
2026-08-24_12-37-49-825335_baseline,baseline,burst-load,1787575169.825000,99.999665,failure_amplification_factor,all,0.07242353317448848
2026-08-24_12-37-49-825335_baseline,baseline,burst-load,1787575170.825000,100.999665,failure_amplification_factor,all,0.0724822623947212
2026-08-24_12-37-49-825335_baseline,baseline,burst-load,1787575171.825000,101.999665,failure_amplification_factor,all,0.07264726205560294
2026-08-24_12-37-49-825335_baseline,baseline,burst-load,1787575172.825000,102.999665,failure_amplification_factor,all,0.0728115595146782
2026-08-24_12-37-49-825335_baseline,baseline,burst-load,1787575173.825000,103.999665,failure_amplification_factor,all,0.0730809277109112
2026-08-24_12-37-49-825335_baseline,baseline,burst-load,1787575174.825000,104.999665,failure_amplification_factor,all,0.07356144088122779
2026-08-24_12-37-49-825335_baseline,baseline,burst-load,1787575175.825000,105.999665,failure_amplification_factor,all,0.07425086326473795
2026-08-24_12-37-49-825335_baseline,baseline,burst-load,1787575176.825000,106.999665,failure_amplification_factor,all,0.07451548179609888
2026-08-24_12-37-49-825335_baseline,baseline,burst-load,1787575177.825000,107.999665,failure_amplification_factor,all,0.07488446443411151
2026-08-24_12-37-49-825335_baseline,baseline,burst-load,1787575178.825000,108.999665,failure_amplification_factor,all,0.07504168191151384
2026-08-24_12-37-49-825335_baseline,baseline,burst-load,1787575179.825000,109.999665,failure_amplification_factor,all,0.07530296932911415
2026-08-24_12-37-49-825335_baseline,baseline,burst-load,1787575180.825000,110.999665,failure_amplification_factor,all,0.0755640896180034
2026-08-24_12-37-49-825335_baseline,baseline,burst-load,1787575181.825000,111.999665,failure_amplification_factor,all,0.07624100361187536
2026-08-24_12-37-49-825335_baseline,baseline,burst-load,1787575182.825000,112.999665,failure_amplification_factor,all,0.0763950163150352
2026-08-24_12-37-49-825335_baseline,baseline,burst-load,1787575183.825000,113.999665,failure_amplification_factor,all,0.07665068713324245
2026-08-24_12-37-49-825335_baseline,baseline,burst-load,1787575184.825000,114.999665,failure_amplification_factor,all,0.07701019357357396
2026-08-24_12-37-49-825335_baseline,baseline,burst-load,1787575185.825000,115.999665,failure_amplification_factor,all,0.07705728757182423
2026-08-24_12-37-49-825335_baseline,baseline,burst-load,1787575186.825000,116.999665,failure_amplification_factor,all,0.0774141572063926
2026-08-24_12-37-49-825335_baseline,baseline,burst-load,1787575187.825000,117.999665,failure_amplification_factor,all,0.0774614914668237
2026-08-24_12-37-49-825335_baseline,baseline,burst-load,1787575188.825000,118.999665,failure_amplification_factor,all,0.07791822236442662
2026-08-24_12-37-49-825335_baseline,baseline,burst-load,1787575189.825000,119.999665,failure_amplification_factor,all,0.0781685390965766
2026-08-24_12-37-49-825335_baseline,baseline,burst-load,1787575190.825000,120.999665,failure_amplification_factor,all,0.07821244721796783
2026-08-24_12-37-49-825335_baseline,baseline,burst-load,1787575191.825000,121.999665,failure_amplification_factor,all,0.07846114068032686
2026-08-24_12-37-49-825335_baseline,baseline,burst-load,1787575069.825000,-0.000335,cache_hit_ratio_total,all,0
2026-08-24_12-37-49-825335_baseline,baseline,burst-load,1787575070.825000,0.999665,cache_hit_ratio_total,all,0
2026-08-24_12-37-49-825335_baseline,baseline,burst-load,1787575071.825000,1.999665,cache_hit_ratio_total,all,0.1029037803518369
2026-08-24_12-37-49-825335_baseline,baseline,burst-load,1787575072.825000,2.999665,cache_hit_ratio_total,all,0.2558526605842536
2026-08-24_12-37-49-825335_baseline,baseline,burst-load,1787575073.825000,3.999665,cache_hit_ratio_total,all,0.37281170841542355
2026-08-24_12-37-49-825335_baseline,baseline,burst-load,1787575074.825000,4.999665,cache_hit_ratio_total,all,0.431203247378965
2026-08-24_12-37-49-825335_baseline,baseline,burst-load,1787575075.825000,5.999665,cache_hit_ratio_total,all,0.5058241971674643
2026-08-24_12-37-49-825335_baseline,baseline,burst-load,1787575076.825000,6.999665,cache_hit_ratio_total,all,0.5384978017808505
2026-08-24_12-37-49-825335_baseline,baseline,burst-load,1787575077.825000,7.999665,cache_hit_ratio_total,all,0.5831496877777048
2026-08-24_12-37-49-825335_baseline,baseline,burst-load,1787575078.825000,8.999665,cache_hit_ratio_total,all,0.6100724499474801
2026-08-24_12-37-49-825335_baseline,baseline,burst-load,1787575079.825000,9.999665,cache_hit_ratio_total,all,0.6427684689473397
2026-08-24_12-37-49-825335_baseline,baseline,burst-load,1787575080.825000,10.999665,cache_hit_ratio_total,all,0.7012349999999999
2026-08-24_12-37-49-825335_baseline,baseline,burst-load,1787575081.825000,11.999665,cache_hit_ratio_total,all,0.7666666666666667
2026-08-24_12-37-49-825335_baseline,baseline,burst-load,1787575082.825000,12.999665,cache_hit_ratio_total,all,0.7833333333333332
2026-08-24_12-37-49-825335_baseline,baseline,burst-load,1787575083.825000,13.999665,cache_hit_ratio_total,all,0.8222234567215402
2026-08-24_12-37-49-825335_baseline,baseline,burst-load,1787575084.825000,14.999665,cache_hit_ratio_total,all,0.8277759259259259
2026-08-24_12-37-49-825335_baseline,baseline,burst-load,1787575085.825000,15.999665,cache_hit_ratio_total,all,0.8555555555555555
2026-08-24_12-37-49-825335_baseline,baseline,burst-load,1787575086.825000,16.999665,cache_hit_ratio_total,all,0.8500009258744884
2026-08-24_12-37-49-825335_baseline,baseline,burst-load,1787575087.825000,17.999665,cache_hit_ratio_total,all,0.8388910495027501
2026-08-24_12-37-49-825335_baseline,baseline,burst-load,1787575088.825000,18.999665,cache_hit_ratio_total,all,0.8277793209019253
2026-08-24_12-37-49-825335_baseline,baseline,burst-load,1787575089.825000,19.999665,cache_hit_ratio_total,all,0.8055552469307261
2026-08-24_12-37-49-825335_baseline,baseline,burst-load,1787575090.825000,20.999665,cache_hit_ratio_total,all,0.7611111111111112
2026-08-24_12-37-49-825335_baseline,baseline,burst-load,1787575091.825000,21.999665,cache_hit_ratio_total,all,0.7444462961934214
2026-08-24_12-37-49-825335_baseline,baseline,burst-load,1787575092.825000,22.999665,cache_hit_ratio_total,all,0.7222259263374943
2026-08-24_12-37-49-825335_baseline,baseline,burst-load,1787575093.825000,23.999665,cache_hit_ratio_total,all,0.7166645058126971
2026-08-24_12-37-49-825335_baseline,baseline,burst-load,1787575094.825000,24.999665,cache_hit_ratio_total,all,0.6944444444444444
2026-08-24_12-37-49-825335_baseline,baseline,burst-load,1787575095.825000,25.999665,cache_hit_ratio_total,all,0.7000006173868483
2026-08-24_12-37-49-825335_baseline,baseline,burst-load,1787575096.825000,26.999665,cache_hit_ratio_total,all,0.7166666666666667
2026-08-24_12-37-49-825335_baseline,baseline,burst-load,1787575097.825000,27.999665,cache_hit_ratio_total,all,0.7333339507201817
2026-08-24_12-37-49-825335_baseline,baseline,burst-load,1787575098.825000,28.999665,cache_hit_ratio_total,all,0.7555555555555555
2026-08-24_12-37-49-825335_baseline,baseline,burst-load,1787575099.825000,29.999665,cache_hit_ratio_total,all,0.7888895062757373
2026-08-24_12-37-49-825335_baseline,baseline,burst-load,1787575100.825000,30.999665,cache_hit_ratio_total,all,0.8131868131868132
2026-08-24_12-37-49-825335_baseline,baseline,burst-load,1787575101.825000,31.999665,cache_hit_ratio_total,all,0.828125603608914
2026-08-24_12-37-49-825335_baseline,baseline,burst-load,1787575102.825000,32.999665,cache_hit_ratio_total,all,0.8450363196125907
2026-08-24_12-37-49-825335_baseline,baseline,burst-load,1787575103.825000,33.999665,cache_hit_ratio_total,all,0.8686514886164624
2026-08-24_12-37-49-825335_baseline,baseline,burst-load,1787575104.825000,34.999665,cache_hit_ratio_total,all,0.8823529411764706
2026-08-24_12-37-49-825335_baseline,baseline,burst-load,1787575105.825000,35.999665,cache_hit_ratio_total,all,0.8956228956228957
2026-08-24_12-37-49-825335_baseline,baseline,burst-load,1787575106.825000,36.999665,cache_hit_ratio_total,all,0.9048525463556689
2026-08-24_12-37-49-825335_baseline,baseline,burst-load,1787575107.825000,37.999665,cache_hit_ratio_total,all,0.9124690338563171
2026-08-24_12-37-49-825335_baseline,baseline,burst-load,1787575108.825000,38.999665,cache_hit_ratio_total,all,0.9190371991247264
2026-08-24_12-37-49-825335_baseline,baseline,burst-load,1787575109.825000,39.999665,cache_hit_ratio_total,all,0.9267498983776906
2026-08-24_12-37-49-825335_baseline,baseline,burst-load,1787575110.825000,40.999665,cache_hit_ratio_total,all,0.936881106337819
2026-08-24_12-37-49-825335_baseline,baseline,burst-load,1787575111.825000,41.999665,cache_hit_ratio_total,all,0.9493513107783482
2026-08-24_12-37-49-825335_baseline,baseline,burst-load,1787575112.825000,42.999665,cache_hit_ratio_total,all,0.9580244856081384
2026-08-24_12-37-49-825335_baseline,baseline,burst-load,1787575113.825000,43.999665,cache_hit_ratio_total,all,0.9635802469135804
2026-08-24_12-37-49-825335_baseline,baseline,burst-load,1787575114.825000,44.999665,cache_hit_ratio_total,all,0.9679012345679012
2026-08-24_12-37-49-825335_baseline,baseline,burst-load,1787575115.825000,45.999665,cache_hit_ratio_total,all,0.9703699588477366
2026-08-24_12-37-49-825335_baseline,baseline,burst-load,1787575116.825000,46.999665,cache_hit_ratio_total,all,0.9734571673315817
2026-08-24_12-37-49-825335_baseline,baseline,burst-load,1787575117.825000,47.999665,cache_hit_ratio_total,all,0.9728395061728397
2026-08-24_12-37-49-825335_baseline,baseline,burst-load,1787575118.825000,48.999665,cache_hit_ratio_total,all,0.9617283950617286
2026-08-24_12-37-49-825335_baseline,baseline,burst-load,1787575119.825000,49.999665,cache_hit_ratio_total,all,0.9505867819641752
2026-08-24_12-37-49-825335_baseline,baseline,burst-load,1787575120.825000,50.999665,cache_hit_ratio_total,all,0.9462623343470945
2026-08-24_12-37-49-825335_baseline,baseline,burst-load,1787575121.825000,51.999665,cache_hit_ratio_total,all,0.9425933813004901
2026-08-24_12-37-49-825335_baseline,baseline,burst-load,1787575122.825000,52.999665,cache_hit_ratio_total,all,0.9401251716583049
2026-08-24_12-37-49-825335_baseline,baseline,burst-load,1787575123.825000,53.999665,cache_hit_ratio_total,all,0.9370370370370371
2026-08-24_12-37-49-825335_baseline,baseline,burst-load,1787575124.825000,54.999665,cache_hit_ratio_total,all,0.9358030179241121
2026-08-24_12-37-49-825335_baseline,baseline,burst-load,1787575125.825000,55.999665,cache_hit_ratio_total,all,0.9351851851851852
2026-08-24_12-37-49-825335_baseline,baseline,burst-load,1787575126.825000,56.999665,cache_hit_ratio_total,all,0.9395068588248934
2026-08-24_12-37-49-825335_baseline,baseline,burst-load,1787575127.825000,57.999665,cache_hit_ratio_total,all,0.9518527436328551
2026-08-24_12-37-49-825335_baseline,baseline,burst-load,1787575128.825000,58.999665,cache_hit_ratio_total,all,0.9648148148148148
2026-08-24_12-37-49-825335_baseline,baseline,burst-load,1787575129.825000,59.999665,cache_hit_ratio_total,all,0.9654320987654322
2026-08-24_12-37-49-825335_baseline,baseline,burst-load,1787575130.825000,60.999665,cache_hit_ratio_total,all,0.9697529149043458
2026-08-24_12-37-49-825335_baseline,baseline,burst-load,1787575131.825000,61.999665,cache_hit_ratio_total,all,0.9703703703703704
2026-08-24_12-37-49-825335_baseline,baseline,burst-load,1787575132.825000,62.999665,cache_hit_ratio_total,all,0.9722222222222224
2026-08-24_12-37-49-825335_baseline,baseline,burst-load,1787575133.825000,63.999665,cache_hit_ratio_total,all,0.9697530864197532
2026-08-24_12-37-49-825335_baseline,baseline,burst-load,1787575134.825000,64.999665,cache_hit_ratio_total,all,0.9561727366197986
2026-08-24_12-37-49-825335_baseline,baseline,burst-load,1787575135.825000,65.999665,cache_hit_ratio_total,all,0.9487654320987654
2026-08-24_12-37-49-825335_baseline,baseline,burst-load,1787575136.825000,66.999665,cache_hit_ratio_total,all,0.9432104252400548
2026-08-24_12-37-49-825335_baseline,baseline,burst-load,1787575137.825000,67.999665,cache_hit_ratio_total,all,0.9395061728395061
2026-08-24_12-37-49-825335_baseline,baseline,burst-load,1787575138.825000,68.999665,cache_hit_ratio_total,all,0.9388888888888889
2026-08-24_12-37-49-825335_baseline,baseline,burst-load,1787575139.825000,69.999665,cache_hit_ratio_total,all,0.9345679012345679
2026-08-24_12-37-49-825335_baseline,baseline,burst-load,1787575140.825000,70.999665,cache_hit_ratio_total,all,0.933950720170325
2026-08-24_12-37-49-825335_baseline,baseline,burst-load,1787575141.825000,71.999665,cache_hit_ratio_total,all,0.9308640603642734
2026-08-24_12-37-49-825335_baseline,baseline,burst-load,1787575142.825000,72.999665,cache_hit_ratio_total,all,0.9333333333333333
2026-08-24_12-37-49-825335_baseline,baseline,burst-load,1787575143.825000,73.999665,cache_hit_ratio_total,all,0.9481481481481482
2026-08-24_12-37-49-825335_baseline,baseline,burst-load,1787575144.825000,74.999665,cache_hit_ratio_total,all,0.9555552811918905
2026-08-24_12-37-49-825335_baseline,baseline,burst-load,1787575145.825000,75.999665,cache_hit_ratio_total,all,0.9617292181069959
2026-08-24_12-37-49-825335_baseline,baseline,burst-load,1787575146.825000,76.999665,cache_hit_ratio_total,all,0.9635354665116782
2026-08-24_12-37-49-825335_baseline,baseline,burst-load,1787575147.825000,77.999665,cache_hit_ratio_total,all,0.9637305699481865
2026-08-24_12-37-49-825335_baseline,baseline,burst-load,1787575148.825000,78.999665,cache_hit_ratio_total,all,0.9647230358245711
2026-08-24_12-37-49-825335_baseline,baseline,burst-load,1787575149.825000,79.999665,cache_hit_ratio_total,all,0.9658258746948738
2026-08-24_12-37-49-825335_baseline,baseline,burst-load,1787575150.825000,80.999665,cache_hit_ratio_total,all,0.9644527595884004
2026-08-24_12-37-49-825335_baseline,baseline,burst-load,1787575151.825000,81.999665,cache_hit_ratio_total,all,0.9559955995599562
2026-08-24_12-37-49-825335_baseline,baseline,burst-load,1787575152.825000,82.999665,cache_hit_ratio_total,all,0.9492659557707159
2026-08-24_12-37-49-825335_baseline,baseline,burst-load,1787575153.825000,83.999665,cache_hit_ratio_total,all,0.9320881728049334
2026-08-24_12-37-49-825335_baseline,baseline,burst-load,1787575154.825000,84.999665,cache_hit_ratio_total,all,0.9044293566954549
2026-08-24_12-37-49-825335_baseline,baseline,burst-load,1787575155.825000,85.999665,cache_hit_ratio_total,all,0.8560885608856088
2026-08-24_12-37-49-825335_baseline,baseline,burst-load,1787575156.825000,86.999665,cache_hit_ratio_total,all,0.8000024026621497
2026-08-24_12-37-49-825335_baseline,baseline,burst-load,1787575157.825000,87.999665,cache_hit_ratio_total,all,0.7666666666666666
2026-08-24_12-37-49-825335_baseline,baseline,burst-load,1787575158.825000,88.999665,cache_hit_ratio_total,all,0.7333333333333334
2026-08-24_12-37-49-825335_baseline,baseline,burst-load,1787575159.825000,89.999665,cache_hit_ratio_total,all,0.7277799386317472
2026-08-24_12-37-49-825335_baseline,baseline,burst-load,1787575160.825000,90.999665,cache_hit_ratio_total,all,0.7444469138546259
2026-08-24_12-37-49-825335_baseline,baseline,burst-load,1787575161.825000,91.999665,cache_hit_ratio_total,all,0.7277783950617283
2026-08-24_12-37-49-825335_baseline,baseline,burst-load,1787575162.825000,92.999665,cache_hit_ratio_total,all,0.7388888888888889
2026-08-24_12-37-49-825335_baseline,baseline,burst-load,1787575163.825000,93.999665,cache_hit_ratio_total,all,0.7277777777777779
2026-08-24_12-37-49-825335_baseline,baseline,burst-load,1787575164.825000,94.999665,cache_hit_ratio_total,all,0.7333333333333334
2026-08-24_12-37-49-825335_baseline,baseline,burst-load,1787575165.825000,95.999665,cache_hit_ratio_total,all,0.7444469135802471
2026-08-24_12-37-49-825335_baseline,baseline,burst-load,1787575166.825000,96.999665,cache_hit_ratio_total,all,0.7611111111111112
2026-08-24_12-37-49-825335_baseline,baseline,burst-load,1787575167.825000,97.999665,cache_hit_ratio_total,all,0.7722225308470517
2026-08-24_12-37-49-825335_baseline,baseline,burst-load,1787575168.825000,98.999665,cache_hit_ratio_total,all,0.788889506138548
2026-08-24_12-37-49-825335_baseline,baseline,burst-load,1787575169.825000,99.999665,cache_hit_ratio_total,all,0.783333950617284
2026-08-24_12-37-49-825335_baseline,baseline,burst-load,1787575170.825000,100.999665,cache_hit_ratio_total,all,0.7999999999999999
2026-08-24_12-37-49-825335_baseline,baseline,burst-load,1787575171.825000,101.999665,cache_hit_ratio_total,all,0.8
2026-08-24_12-37-49-825335_baseline,baseline,burst-load,1787575172.825000,102.999665,cache_hit_ratio_total,all,0.8166669752914961
2026-08-24_12-37-49-825335_baseline,baseline,burst-load,1787575173.825000,103.999665,cache_hit_ratio_total,all,0.8111098764746189
2026-08-24_12-37-49-825335_baseline,baseline,burst-load,1787575174.825000,104.999665,cache_hit_ratio_total,all,0.8055555555555557
2026-08-24_12-37-49-825335_baseline,baseline,burst-load,1787575175.825000,105.999665,cache_hit_ratio_total,all,0.7777777777777779
2026-08-24_12-37-49-825335_baseline,baseline,burst-load,1787575176.825000,106.999665,cache_hit_ratio_total,all,0.7722219135630991
2026-08-24_12-37-49-825335_baseline,baseline,burst-load,1787575177.825000,107.999665,cache_hit_ratio_total,all,0.7833330246742103
2026-08-24_12-37-49-825335_baseline,baseline,burst-load,1787575178.825000,108.999665,cache_hit_ratio_total,all,0.7944444444444445
2026-08-24_12-37-49-825335_baseline,baseline,burst-load,1787575179.825000,109.999665,cache_hit_ratio_total,all,0.7666679013031589
2026-08-24_12-37-49-825335_baseline,baseline,burst-load,1787575180.825000,110.999665,cache_hit_ratio_total,all,0.7722243828360834
2026-08-24_12-37-49-825335_baseline,baseline,burst-load,1787575181.825000,111.999665,cache_hit_ratio_total,all,0.7555555555555556
2026-08-24_12-37-49-825335_baseline,baseline,burst-load,1787575182.825000,112.999665,cache_hit_ratio_total,all,0.74444197517146
2026-08-24_12-37-49-825335_baseline,baseline,burst-load,1787575183.825000,113.999665,cache_hit_ratio_total,all,0.7500009260802726
2026-08-24_12-37-49-825335_baseline,baseline,burst-load,1787575184.825000,114.999665,cache_hit_ratio_total,all,0.7722222222222223
2026-08-24_12-37-49-825335_baseline,baseline,burst-load,1787575185.825000,115.999665,cache_hit_ratio_total,all,0.788888888888889
2026-08-24_12-37-49-825335_baseline,baseline,burst-load,1787575186.825000,116.999665,cache_hit_ratio_total,all,0.7777777777777778
2026-08-24_12-37-49-825335_baseline,baseline,burst-load,1787575187.825000,117.999665,cache_hit_ratio_total,all,0.788888888888889
2026-08-24_12-37-49-825335_baseline,baseline,burst-load,1787575188.825000,118.999665,cache_hit_ratio_total,all,0.8055552468964325
2026-08-24_12-37-49-825335_baseline,baseline,burst-load,1787575189.825000,119.999665,cache_hit_ratio_total,all,0.7888895062071349
2026-08-24_12-37-49-825335_baseline,baseline,burst-load,1787575190.825000,120.999665,cache_hit_ratio_total,all,0.8055555555555556
2026-08-24_12-37-49-825335_baseline,baseline,burst-load,1787575191.825000,121.999665,cache_hit_ratio_total,all,0.811111111111111
2026-08-24_12-37-49-825335_baseline,baseline,burst-load,1787575069.825000,-0.000335,cache_hit_ratio_l1,all,0
2026-08-24_12-37-49-825335_baseline,baseline,burst-load,1787575070.825000,0.999665,cache_hit_ratio_l1,all,0
2026-08-24_12-37-49-825335_baseline,baseline,burst-load,1787575071.825000,1.999665,cache_hit_ratio_l1,all,0
2026-08-24_12-37-49-825335_baseline,baseline,burst-load,1787575072.825000,2.999665,cache_hit_ratio_l1,all,0.15444357794544253
2026-08-24_12-37-49-825335_baseline,baseline,burst-load,1787575073.825000,3.999665,cache_hit_ratio_l1,all,0.2543765831691528
2026-08-24_12-37-49-825335_baseline,baseline,burst-load,1787575074.825000,4.999665,cache_hit_ratio_l1,all,0.279013865951095
2026-08-24_12-37-49-825335_baseline,baseline,burst-load,1787575075.825000,5.999665,cache_hit_ratio_l1,all,0.3335375880522106
2026-08-24_12-37-49-825335_baseline,baseline,burst-load,1787575076.825000,6.999665,cache_hit_ratio_l1,all,0.36970949864982716
2026-08-24_12-37-49-825335_baseline,baseline,burst-load,1787575077.825000,7.999665,cache_hit_ratio_l1,all,0.37450721361730555
2026-08-24_12-37-49-825335_baseline,baseline,burst-load,1787575078.825000,8.999665,cache_hit_ratio_l1,all,0.38382221154151336
2026-08-24_12-37-49-825335_baseline,baseline,burst-load,1787575079.825000,9.999665,cache_hit_ratio_l1,all,0.39698349887726586
2026-08-24_12-37-49-825335_baseline,baseline,burst-load,1787575080.825000,10.999665,cache_hit_ratio_l1,all,0.4296794444444444
2026-08-24_12-37-49-825335_baseline,baseline,burst-load,1787575081.825000,11.999665,cache_hit_ratio_l1,all,0.49444444444444446
2026-08-24_12-37-49-825335_baseline,baseline,burst-load,1787575082.825000,12.999665,cache_hit_ratio_l1,all,0.4888888888888888
2026-08-24_12-37-49-825335_baseline,baseline,burst-load,1787575083.825000,13.999665,cache_hit_ratio_l1,all,0.47222314809671073
2026-08-24_12-37-49-825335_baseline,baseline,burst-load,1787575084.825000,14.999665,cache_hit_ratio_l1,all,0.4666629629629629
2026-08-24_12-37-49-825335_baseline,baseline,burst-load,1787575085.825000,15.999665,cache_hit_ratio_l1,all,0.45555555555555555
2026-08-24_12-37-49-825335_baseline,baseline,burst-load,1787575086.825000,16.999665,cache_hit_ratio_l1,all,0.46111203698559955
2026-08-24_12-37-49-825335_baseline,baseline,burst-load,1787575087.825000,17.999665,cache_hit_ratio_l1,all,0.4444456790809365
2026-08-24_12-37-49-825335_baseline,baseline,burst-load,1787575088.825000,18.999665,cache_hit_ratio_l1,all,0.4500003086248295
2026-08-24_12-37-49-825335_baseline,baseline,burst-load,1787575089.825000,19.999665,cache_hit_ratio_l1,all,0.4333320988340154
2026-08-24_12-37-49-825335_baseline,baseline,burst-load,1787575090.825000,20.999665,cache_hit_ratio_l1,all,0.38333333333333336
2026-08-24_12-37-49-825335_baseline,baseline,burst-load,1787575091.825000,21.999665,cache_hit_ratio_l1,all,0.3944459875685919
2026-08-24_12-37-49-825335_baseline,baseline,burst-load,1787575092.825000,22.999665,cache_hit_ratio_l1,all,0.43333580274351474
2026-08-24_12-37-49-825335_baseline,baseline,burst-load,1787575093.825000,23.999665,cache_hit_ratio_l1,all,0.4222209874485254
2026-08-24_12-37-49-825335_baseline,baseline,burst-load,1787575094.825000,24.999665,cache_hit_ratio_l1,all,0.41111111111111115
2026-08-24_12-37-49-825335_baseline,baseline,burst-load,1787575095.825000,25.999665,cache_hit_ratio_l1,all,0.39999938261315143
2026-08-24_12-37-49-825335_baseline,baseline,burst-load,1787575096.825000,26.999665,cache_hit_ratio_l1,all,0.4333333333333334
2026-08-24_12-37-49-825335_baseline,baseline,burst-load,1787575097.825000,27.999665,cache_hit_ratio_l1,all,0.4499984565328789
2026-08-24_12-37-49-825335_baseline,baseline,burst-load,1787575098.825000,28.999665,cache_hit_ratio_l1,all,0.4666666666666667
2026-08-24_12-37-49-825335_baseline,baseline,burst-load,1787575099.825000,29.999665,cache_hit_ratio_l1,all,0.4611132719650806
2026-08-24_12-37-49-825335_baseline,baseline,burst-load,1787575100.825000,30.999665,cache_hit_ratio_l1,all,0.45054945054945056
2026-08-24_12-37-49-825335_baseline,baseline,burst-load,1787575101.825000,31.999665,cache_hit_ratio_l1,all,0.47656250339106127
2026-08-24_12-37-49-825335_baseline,baseline,burst-load,1787575102.825000,32.999665,cache_hit_ratio_l1,all,0.5786924939467312
2026-08-24_12-37-49-825335_baseline,baseline,burst-load,1787575103.825000,33.999665,cache_hit_ratio_l1,all,0.6164623467600701
2026-08-24_12-37-49-825335_baseline,baseline,burst-load,1787575104.825000,34.999665,cache_hit_ratio_l1,all,0.6415868673050615
2026-08-24_12-37-49-825335_baseline,baseline,burst-load,1787575105.825000,35.999665,cache_hit_ratio_l1,all,0.6374859708193041
2026-08-24_12-37-49-825335_baseline,baseline,burst-load,1787575106.825000,36.999665,cache_hit_ratio_l1,all,0.6451002051277065
2026-08-24_12-37-49-825335_baseline,baseline,burst-load,1787575107.825000,37.999665,cache_hit_ratio_l1,all,0.6416184971098265
2026-08-24_12-37-49-825335_baseline,baseline,burst-load,1787575108.825000,38.999665,cache_hit_ratio_l1,all,0.6491611962071481
2026-08-24_12-37-49-825335_baseline,baseline,burst-load,1787575109.825000,39.999665,cache_hit_ratio_l1,all,0.6533677204528321
2026-08-24_12-37-49-825335_baseline,baseline,burst-load,1787575110.825000,40.999665,cache_hit_ratio_l1,all,0.6646034098848608
2026-08-24_12-37-49-825335_baseline,baseline,burst-load,1787575111.825000,41.999665,cache_hit_ratio_l1,all,0.6639898197783144
2026-08-24_12-37-49-825335_baseline,baseline,burst-load,1787575112.825000,42.999665,cache_hit_ratio_l1,all,0.6654320301821366
2026-08-24_12-37-49-825335_baseline,baseline,burst-load,1787575113.825000,43.999665,cache_hit_ratio_l1,all,0.6765432098765433
2026-08-24_12-37-49-825335_baseline,baseline,burst-load,1787575114.825000,44.999665,cache_hit_ratio_l1,all,0.6827160493827161
2026-08-24_12-37-49-825335_baseline,baseline,burst-load,1787575115.825000,45.999665,cache_hit_ratio_l1,all,0.6808627572016461
2026-08-24_12-37-49-825335_baseline,baseline,burst-load,1787575116.825000,46.999665,cache_hit_ratio_l1,all,0.6938275034103044
2026-08-24_12-37-49-825335_baseline,baseline,burst-load,1787575117.825000,47.999665,cache_hit_ratio_l1,all,0.701851851851852
2026-08-24_12-37-49-825335_baseline,baseline,burst-load,1787575118.825000,48.999665,cache_hit_ratio_l1,all,0.7074074074074075
2026-08-24_12-37-49-825335_baseline,baseline,burst-load,1787575119.825000,49.999665,cache_hit_ratio_l1,all,0.701667696108709
2026-08-24_12-37-49-825335_baseline,baseline,burst-load,1787575120.825000,50.999665,cache_hit_ratio_l1,all,0.6961080810213749
2026-08-24_12-37-49-825335_baseline,baseline,burst-load,1787575121.825000,51.999665,cache_hit_ratio_l1,all,0.7012353909007798
2026-08-24_12-37-49-825335_baseline,baseline,burst-load,1787575122.825000,52.999665,cache_hit_ratio_l1,all,0.6802478739064285
2026-08-24_12-37-49-825335_baseline,baseline,burst-load,1787575123.825000,53.999665,cache_hit_ratio_l1,all,0.6839506172839507
2026-08-24_12-37-49-825335_baseline,baseline,burst-load,1787575124.825000,54.999665,cache_hit_ratio_l1,all,0.6858026406321492
2026-08-24_12-37-49-825335_baseline,baseline,burst-load,1787575125.825000,55.999665,cache_hit_ratio_l1,all,0.6839506172839506
2026-08-24_12-37-49-825335_baseline,baseline,burst-load,1787575126.825000,56.999665,cache_hit_ratio_l1,all,0.6796300755201313
2026-08-24_12-37-49-825335_baseline,baseline,burst-load,1787575127.825000,57.999665,cache_hit_ratio_l1,all,0.6845684157236083
2026-08-24_12-37-49-825335_baseline,baseline,burst-load,1787575128.825000,58.999665,cache_hit_ratio_l1,all,0.6888888888888889
2026-08-24_12-37-49-825335_baseline,baseline,burst-load,1787575129.825000,59.999665,cache_hit_ratio_l1,all,0.6888888888888889
2026-08-24_12-37-49-825335_baseline,baseline,burst-load,1787575130.825000,60.999665,cache_hit_ratio_l1,all,0.690741529711614
2026-08-24_12-37-49-825335_baseline,baseline,burst-load,1787575131.825000,61.999665,cache_hit_ratio_l1,all,0.7000013718945451
2026-08-24_12-37-49-825335_baseline,baseline,burst-load,1787575132.825000,62.999665,cache_hit_ratio_l1,all,0.6981481481481483
2026-08-24_12-37-49-825335_baseline,baseline,burst-load,1787575133.825000,63.999665,cache_hit_ratio_l1,all,0.7012345679012346
2026-08-24_12-37-49-825335_baseline,baseline,burst-load,1787575134.825000,64.999665,cache_hit_ratio_l1,all,0.6901250343811968
2026-08-24_12-37-49-825335_baseline,baseline,burst-load,1787575135.825000,65.999665,cache_hit_ratio_l1,all,0.6851851851851852
2026-08-24_12-37-49-825335_baseline,baseline,burst-load,1787575136.825000,66.999665,cache_hit_ratio_l1,all,0.6771639917695473
2026-08-24_12-37-49-825335_baseline,baseline,burst-load,1787575137.825000,67.999665,cache_hit_ratio_l1,all,0.6796296296296296
2026-08-24_12-37-49-825335_baseline,baseline,burst-load,1787575138.825000,68.999665,cache_hit_ratio_l1,all,0.6913580246913581
2026-08-24_12-37-49-825335_baseline,baseline,burst-load,1787575139.825000,69.999665,cache_hit_ratio_l1,all,0.6845679012345679
2026-08-24_12-37-49-825335_baseline,baseline,burst-load,1787575140.825000,70.999665,cache_hit_ratio_l1,all,0.68333412212887
2026-08-24_12-37-49-825335_baseline,baseline,burst-load,1787575141.825000,71.999665,cache_hit_ratio_l1,all,0.683332887541913
2026-08-24_12-37-49-825335_baseline,baseline,burst-load,1787575142.825000,72.999665,cache_hit_ratio_l1,all,0.678395061728395
2026-08-24_12-37-49-825335_baseline,baseline,burst-load,1787575143.825000,73.999665,cache_hit_ratio_l1,all,0.6919749314338504
2026-08-24_12-37-49-825335_baseline,baseline,burst-load,1787575144.825000,74.999665,cache_hit_ratio_l1,all,0.6975310699702796
2026-08-24_12-37-49-825335_baseline,baseline,burst-load,1787575145.825000,75.999665,cache_hit_ratio_l1,all,0.6975297668038409
2026-08-24_12-37-49-825335_baseline,baseline,burst-load,1787575146.825000,76.999665,cache_hit_ratio_l1,all,0.6940663503906664
2026-08-24_12-37-49-825335_baseline,baseline,burst-load,1787575147.825000,77.999665,cache_hit_ratio_l1,all,0.6878238341968911
2026-08-24_12-37-49-825335_baseline,baseline,burst-load,1787575148.825000,78.999665,cache_hit_ratio_l1,all,0.6875443290740894
2026-08-24_12-37-49-825335_baseline,baseline,burst-load,1787575149.825000,79.999665,cache_hit_ratio_l1,all,0.6875508543531326
2026-08-24_12-37-49-825335_baseline,baseline,burst-load,1787575150.825000,80.999665,cache_hit_ratio_l1,all,0.6828811973807296
2026-08-24_12-37-49-825335_baseline,baseline,burst-load,1787575151.825000,81.999665,cache_hit_ratio_l1,all,0.6765676567656767
2026-08-24_12-37-49-825335_baseline,baseline,burst-load,1787575152.825000,82.999665,cache_hit_ratio_l1,all,0.6568738222491106
2026-08-24_12-37-49-825335_baseline,baseline,burst-load,1787575153.825000,83.999665,cache_hit_ratio_l1,all,0.6383686099260435
2026-08-24_12-37-49-825335_baseline,baseline,burst-load,1787575154.825000,84.999665,cache_hit_ratio_l1,all,0.6200477673182434
2026-08-24_12-37-49-825335_baseline,baseline,burst-load,1787575155.825000,85.999665,cache_hit_ratio_l1,all,0.5830258302583026
2026-08-24_12-37-49-825335_baseline,baseline,burst-load,1787575156.825000,86.999665,cache_hit_ratio_l1,all,0.4810850422267873
2026-08-24_12-37-49-825335_baseline,baseline,burst-load,1787575157.825000,87.999665,cache_hit_ratio_l1,all,0.4444444444444444
2026-08-24_12-37-49-825335_baseline,baseline,burst-load,1787575158.825000,88.999665,cache_hit_ratio_l1,all,0.4055555555555556
2026-08-24_12-37-49-825335_baseline,baseline,burst-load,1787575159.825000,89.999665,cache_hit_ratio_l1,all,0.40000246954739366
2026-08-24_12-37-49-825335_baseline,baseline,burst-load,1787575160.825000,90.999665,cache_hit_ratio_l1,all,0.42777962983541384
2026-08-24_12-37-49-825335_baseline,baseline,burst-load,1787575161.825000,91.999665,cache_hit_ratio_l1,all,0.41666604938271595
2026-08-24_12-37-49-825335_baseline,baseline,burst-load,1787575162.825000,92.999665,cache_hit_ratio_l1,all,0.4166666666666667
2026-08-24_12-37-49-825335_baseline,baseline,burst-load,1787575163.825000,93.999665,cache_hit_ratio_l1,all,0.3944444444444445
2026-08-24_12-37-49-825335_baseline,baseline,burst-load,1787575164.825000,94.999665,cache_hit_ratio_l1,all,0.3944444444444445
2026-08-24_12-37-49-825335_baseline,baseline,burst-load,1787575165.825000,95.999665,cache_hit_ratio_l1,all,0.4055586419753087
2026-08-24_12-37-49-825335_baseline,baseline,burst-load,1787575166.825000,96.999665,cache_hit_ratio_l1,all,0.3944444444444445
2026-08-24_12-37-49-825335_baseline,baseline,burst-load,1787575167.825000,97.999665,cache_hit_ratio_l1,all,0.4111117283607701
2026-08-24_12-37-49-825335_baseline,baseline,burst-load,1787575168.825000,98.999665,cache_hit_ratio_l1,all,0.4166675925411552
2026-08-24_12-37-49-825335_baseline,baseline,burst-load,1787575169.825000,99.999665,cache_hit_ratio_l1,all,0.39444382716049387
2026-08-24_12-37-49-825335_baseline,baseline,burst-load,1787575170.825000,100.999665,cache_hit_ratio_l1,all,0.433331481378595
2026-08-24_12-37-49-825335_baseline,baseline,burst-load,1787575171.825000,101.999665,cache_hit_ratio_l1,all,0.42777777777777787
2026-08-24_12-37-49-825335_baseline,baseline,burst-load,1787575172.825000,102.999665,cache_hit_ratio_l1,all,0.4444432099451264
2026-08-24_12-37-49-825335_baseline,baseline,burst-load,1787575173.825000,103.999665,cache_hit_ratio_l1,all,0.4222234568587144
2026-08-24_12-37-49-825335_baseline,baseline,burst-load,1787575174.825000,104.999665,cache_hit_ratio_l1,all,0.4166666666666667
2026-08-24_12-37-49-825335_baseline,baseline,burst-load,1787575175.825000,105.999665,cache_hit_ratio_l1,all,0.42777777777777787
2026-08-24_12-37-49-825335_baseline,baseline,burst-load,1787575176.825000,106.999665,cache_hit_ratio_l1,all,0.42777870375514687
2026-08-24_12-37-49-825335_baseline,baseline,burst-load,1787575177.825000,107.999665,cache_hit_ratio_l1,all,0.438889814866258
2026-08-24_12-37-49-825335_baseline,baseline,burst-load,1787575178.825000,108.999665,cache_hit_ratio_l1,all,0.42777777777777787
2026-08-24_12-37-49-825335_baseline,baseline,burst-load,1787575179.825000,109.999665,cache_hit_ratio_l1,all,0.4166675926440358
2026-08-24_12-37-49-825335_baseline,baseline,burst-load,1787575180.825000,110.999665,cache_hit_ratio_l1,all,0.42777932107339295
2026-08-24_12-37-49-825335_baseline,baseline,burst-load,1787575181.825000,111.999665,cache_hit_ratio_l1,all,0.4166666666666667
2026-08-24_12-37-49-825335_baseline,baseline,burst-load,1787575182.825000,112.999665,cache_hit_ratio_l1,all,0.42221975294923786
2026-08-24_12-37-49-825335_baseline,baseline,burst-load,1787575183.825000,113.999665,cache_hit_ratio_l1,all,0.43889104974285836
2026-08-24_12-37-49-825335_baseline,baseline,burst-load,1787575184.825000,114.999665,cache_hit_ratio_l1,all,0.45
2026-08-24_12-37-49-825335_baseline,baseline,burst-load,1787575185.825000,115.999665,cache_hit_ratio_l1,all,0.4444444444444445
2026-08-24_12-37-49-825335_baseline,baseline,burst-load,1787575186.825000,116.999665,cache_hit_ratio_l1,all,0.4444419750342631
2026-08-24_12-37-49-825335_baseline,baseline,burst-load,1787575187.825000,117.999665,cache_hit_ratio_l1,all,0.45
2026-08-24_12-37-49-825335_baseline,baseline,burst-load,1787575188.825000,118.999665,cache_hit_ratio_l1,all,0.4222216049039762
2026-08-24_12-37-49-825335_baseline,baseline,burst-load,1787575189.825000,119.999665,cache_hit_ratio_l1,all,0.4166663580075436
2026-08-24_12-37-49-825335_baseline,baseline,burst-load,1787575190.825000,120.999665,cache_hit_ratio_l1,all,0.41111111111111115
2026-08-24_12-37-49-825335_baseline,baseline,burst-load,1787575191.825000,121.999665,cache_hit_ratio_l1,all,0.39999999999999997
2026-08-24_12-37-49-825335_baseline,baseline,burst-load,1787575069.825000,-0.000335,cache_hit_ratio_l2,all,0
2026-08-24_12-37-49-825335_baseline,baseline,burst-load,1787575070.825000,0.999665,cache_hit_ratio_l2,all,0
2026-08-24_12-37-49-825335_baseline,baseline,burst-load,1787575071.825000,1.999665,cache_hit_ratio_l2,all,0.1029037803518369
2026-08-24_12-37-49-825335_baseline,baseline,burst-load,1787575072.825000,2.999665,cache_hit_ratio_l2,all,0.10140908263881106
2026-08-24_12-37-49-825335_baseline,baseline,burst-load,1787575073.825000,3.999665,cache_hit_ratio_l2,all,0.11843512524627076
2026-08-24_12-37-49-825335_baseline,baseline,burst-load,1787575074.825000,4.999665,cache_hit_ratio_l2,all,0.15218938142787
2026-08-24_12-37-49-825335_baseline,baseline,burst-load,1787575075.825000,5.999665,cache_hit_ratio_l2,all,0.17228660911525376
2026-08-24_12-37-49-825335_baseline,baseline,burst-load,1787575076.825000,6.999665,cache_hit_ratio_l2,all,0.16878830313102333
2026-08-24_12-37-49-825335_baseline,baseline,burst-load,1787575077.825000,7.999665,cache_hit_ratio_l2,all,0.20864247416039935
2026-08-24_12-37-49-825335_baseline,baseline,burst-load,1787575078.825000,8.999665,cache_hit_ratio_l2,all,0.2262502384059668
2026-08-24_12-37-49-825335_baseline,baseline,burst-load,1787575079.825000,9.999665,cache_hit_ratio_l2,all,0.24578497007007388
2026-08-24_12-37-49-825335_baseline,baseline,burst-load,1787575080.825000,10.999665,cache_hit_ratio_l2,all,0.27155555555555555
2026-08-24_12-37-49-825335_baseline,baseline,burst-load,1787575081.825000,11.999665,cache_hit_ratio_l2,all,0.27222222222222225
2026-08-24_12-37-49-825335_baseline,baseline,burst-load,1787575082.825000,12.999665,cache_hit_ratio_l2,all,0.29444444444444445
2026-08-24_12-37-49-825335_baseline,baseline,burst-load,1787575083.825000,13.999665,cache_hit_ratio_l2,all,0.3500003086248295
2026-08-24_12-37-49-825335_baseline,baseline,burst-load,1787575084.825000,14.999665,cache_hit_ratio_l2,all,0.3611129629629629
2026-08-24_12-37-49-825335_baseline,baseline,burst-load,1787575085.825000,15.999665,cache_hit_ratio_l2,all,0.4
2026-08-24_12-37-49-825335_baseline,baseline,burst-load,1787575086.825000,16.999665,cache_hit_ratio_l2,all,0.3888888888888889
2026-08-24_12-37-49-825335_baseline,baseline,burst-load,1787575087.825000,17.999665,cache_hit_ratio_l2,all,0.39444537042181355
2026-08-24_12-37-49-825335_baseline,baseline,burst-load,1787575088.825000,18.999665,cache_hit_ratio_l2,all,0.3777790122770957
2026-08-24_12-37-49-825335_baseline,baseline,burst-load,1787575089.825000,19.999665,cache_hit_ratio_l2,all,0.3722231480967107
2026-08-24_12-37-49-825335_baseline,baseline,burst-load,1787575090.825000,20.999665,cache_hit_ratio_l2,all,0.3777777777777778
2026-08-24_12-37-49-825335_baseline,baseline,burst-load,1787575091.825000,21.999665,cache_hit_ratio_l2,all,0.3500003086248295
2026-08-24_12-37-49-825335_baseline,baseline,burst-load,1787575092.825000,22.999665,cache_hit_ratio_l2,all,0.2888901235939796
2026-08-24_12-37-49-825335_baseline,baseline,burst-load,1787575093.825000,23.999665,cache_hit_ratio_l2,all,0.29444351836417176
2026-08-24_12-37-49-825335_baseline,baseline,burst-load,1787575094.825000,24.999665,cache_hit_ratio_l2,all,0.2833333333333333
2026-08-24_12-37-49-825335_baseline,baseline,burst-load,1787575095.825000,25.999665,cache_hit_ratio_l2,all,0.3000012347736968
2026-08-24_12-37-49-825335_baseline,baseline,burst-load,1787575096.825000,26.999665,cache_hit_ratio_l2,all,0.2833333333333333
2026-08-24_12-37-49-825335_baseline,baseline,burst-load,1787575097.825000,27.999665,cache_hit_ratio_l2,all,0.28333549418730275
2026-08-24_12-37-49-825335_baseline,baseline,burst-load,1787575098.825000,28.999665,cache_hit_ratio_l2,all,0.28888888888888886
2026-08-24_12-37-49-825335_baseline,baseline,burst-load,1787575099.825000,29.999665,cache_hit_ratio_l2,all,0.32777623431065667
2026-08-24_12-37-49-825335_baseline,baseline,burst-load,1787575100.825000,30.999665,cache_hit_ratio_l2,all,0.36263736263736257
2026-08-24_12-37-49-825335_baseline,baseline,burst-load,1787575101.825000,31.999665,cache_hit_ratio_l2,all,0.35156310021785264
2026-08-24_12-37-49-825335_baseline,baseline,burst-load,1787575102.825000,32.999665,cache_hit_ratio_l2,all,0.2663438256658595
2026-08-24_12-37-49-825335_baseline,baseline,burst-load,1787575103.825000,33.999665,cache_hit_ratio_l2,all,0.2521891418563923
2026-08-24_12-37-49-825335_baseline,baseline,burst-load,1787575104.825000,34.999665,cache_hit_ratio_l2,all,0.24076607387140903
2026-08-24_12-37-49-825335_baseline,baseline,burst-load,1787575105.825000,35.999665,cache_hit_ratio_l2,all,0.25813692480359146
2026-08-24_12-37-49-825335_baseline,baseline,burst-load,1787575106.825000,36.999665,cache_hit_ratio_l2,all,0.2597523412279624
2026-08-24_12-37-49-825335_baseline,baseline,burst-load,1787575107.825000,37.999665,cache_hit_ratio_l2,all,0.27085053674649046
2026-08-24_12-37-49-825335_baseline,baseline,burst-load,1787575108.825000,38.999665,cache_hit_ratio_l2,all,0.2698760029175784
2026-08-24_12-37-49-825335_baseline,baseline,burst-load,1787575109.825000,39.999665,cache_hit_ratio_l2,all,0.27338217792485864
2026-08-24_12-37-49-825335_baseline,baseline,burst-load,1787575110.825000,40.999665,cache_hit_ratio_l2,all,0.27227769645295813
2026-08-24_12-37-49-825335_baseline,baseline,burst-load,1787575111.825000,41.999665,cache_hit_ratio_l2,all,0.2853614910000337
2026-08-24_12-37-49-825335_baseline,baseline,burst-load,1787575112.825000,42.999665,cache_hit_ratio_l2,all,0.2925924554260017
2026-08-24_12-37-49-825335_baseline,baseline,burst-load,1787575113.825000,43.999665,cache_hit_ratio_l2,all,0.2870370370370371
2026-08-24_12-37-49-825335_baseline,baseline,burst-load,1787575114.825000,44.999665,cache_hit_ratio_l2,all,0.2851851851851852
2026-08-24_12-37-49-825335_baseline,baseline,burst-load,1787575115.825000,45.999665,cache_hit_ratio_l2,all,0.28950720164609056
2026-08-24_12-37-49-825335_baseline,baseline,burst-load,1787575116.825000,46.999665,cache_hit_ratio_l2,all,0.27962966392127736
2026-08-24_12-37-49-825335_baseline,baseline,burst-load,1787575117.825000,47.999665,cache_hit_ratio_l2,all,0.2709876543209877
2026-08-24_12-37-49-825335_baseline,baseline,burst-load,1787575118.825000,48.999665,cache_hit_ratio_l2,all,0.25432098765432104
2026-08-24_12-37-49-825335_baseline,baseline,burst-load,1787575119.825000,49.999665,cache_hit_ratio_l2,all,0.2489190858554663
2026-08-24_12-37-49-825335_baseline,baseline,burst-load,1787575120.825000,50.999665,cache_hit_ratio_l2,all,0.25015425332571956
2026-08-24_12-37-49-825335_baseline,baseline,burst-load,1787575121.825000,51.999665,cache_hit_ratio_l2,all,0.2413579903997103
2026-08-24_12-37-49-825335_baseline,baseline,burst-load,1787575122.825000,52.999665,cache_hit_ratio_l2,all,0.2598772977518764
2026-08-24_12-37-49-825335_baseline,baseline,burst-load,1787575123.825000,53.999665,cache_hit_ratio_l2,all,0.25308641975308643
2026-08-24_12-37-49-825335_baseline,baseline,burst-load,1787575124.825000,54.999665,cache_hit_ratio_l2,all,0.25000037729196295
2026-08-24_12-37-49-825335_baseline,baseline,burst-load,1787575125.825000,55.999665,cache_hit_ratio_l2,all,0.25123456790123455
2026-08-24_12-37-49-825335_baseline,baseline,burst-load,1787575126.825000,56.999665,cache_hit_ratio_l2,all,0.25987678330476205
2026-08-24_12-37-49-825335_baseline,baseline,burst-load,1787575127.825000,57.999665,cache_hit_ratio_l2,all,0.2672843279092469
2026-08-24_12-37-49-825335_baseline,baseline,burst-load,1787575128.825000,58.999665,cache_hit_ratio_l2,all,0.27592592592592596
2026-08-24_12-37-49-825335_baseline,baseline,burst-load,1787575129.825000,59.999665,cache_hit_ratio_l2,all,0.27654320987654324
2026-08-24_12-37-49-825335_baseline,baseline,burst-load,1787575130.825000,60.999665,cache_hit_ratio_l2,all,0.2790113851927319
2026-08-24_12-37-49-825335_baseline,baseline,burst-load,1787575131.825000,61.999665,cache_hit_ratio_l2,all,0.27036899847582513
2026-08-24_12-37-49-825335_baseline,baseline,burst-load,1787575132.825000,62.999665,cache_hit_ratio_l2,all,0.27407407407407414
2026-08-24_12-37-49-825335_baseline,baseline,burst-load,1787575133.825000,63.999665,cache_hit_ratio_l2,all,0.26851851851851855
2026-08-24_12-37-49-825335_baseline,baseline,burst-load,1787575134.825000,64.999665,cache_hit_ratio_l2,all,0.26604770223860175
2026-08-24_12-37-49-825335_baseline,baseline,burst-load,1787575135.825000,65.999665,cache_hit_ratio_l2,all,0.26358024691358023
2026-08-24_12-37-49-825335_baseline,baseline,burst-load,1787575136.825000,66.999665,cache_hit_ratio_l2,all,0.26604643347050755
2026-08-24_12-37-49-825335_baseline,baseline,burst-load,1787575137.825000,67.999665,cache_hit_ratio_l2,all,0.2598765432098765
2026-08-24_12-37-49-825335_baseline,baseline,burst-load,1787575138.825000,68.999665,cache_hit_ratio_l2,all,0.24753086419753087
2026-08-24_12-37-49-825335_baseline,baseline,burst-load,1787575139.825000,69.999665,cache_hit_ratio_l2,all,0.25
2026-08-24_12-37-49-825335_baseline,baseline,burst-load,1787575140.825000,70.999665,cache_hit_ratio_l2,all,0.250616598041455
2026-08-24_12-37-49-825335_baseline,baseline,burst-load,1787575141.825000,71.999665,cache_hit_ratio_l2,all,0.24753117282236037
2026-08-24_12-37-49-825335_baseline,baseline,burst-load,1787575142.825000,72.999665,cache_hit_ratio_l2,all,0.25493827160493826
2026-08-24_12-37-49-825335_baseline,baseline,burst-load,1787575143.825000,73.999665,cache_hit_ratio_l2,all,0.2561732167142977
2026-08-24_12-37-49-825335_baseline,baseline,burst-load,1787575144.825000,74.999665,cache_hit_ratio_l2,all,0.25802421122161107
2026-08-24_12-37-49-825335_baseline,baseline,burst-load,1787575145.825000,75.999665,cache_hit_ratio_l2,all,0.26419945130315503
2026-08-24_12-37-49-825335_baseline,baseline,burst-load,1787575146.825000,76.999665,cache_hit_ratio_l2,all,0.2694691161210118
2026-08-24_12-37-49-825335_baseline,baseline,burst-load,1787575147.825000,77.999665,cache_hit_ratio_l2,all,0.2759067357512953
2026-08-24_12-37-49-825335_baseline,baseline,burst-load,1787575148.825000,78.999665,cache_hit_ratio_l2,all,0.2771787067504816
2026-08-24_12-37-49-825335_baseline,baseline,burst-load,1787575149.825000,79.999665,cache_hit_ratio_l2,all,0.27827502034174123
2026-08-24_12-37-49-825335_baseline,baseline,burst-load,1787575150.825000,80.999665,cache_hit_ratio_l2,all,0.2815715622076707
2026-08-24_12-37-49-825335_baseline,baseline,burst-load,1787575151.825000,81.999665,cache_hit_ratio_l2,all,0.2794279427942794
2026-08-24_12-37-49-825335_baseline,baseline,burst-load,1787575152.825000,82.999665,cache_hit_ratio_l2,all,0.2923921335216053
2026-08-24_12-37-49-825335_baseline,baseline,burst-load,1787575153.825000,83.999665,cache_hit_ratio_l2,all,0.2937195628788899
2026-08-24_12-37-49-825335_baseline,baseline,burst-load,1787575154.825000,84.999665,cache_hit_ratio_l2,all,0.2843815893772116
2026-08-24_12-37-49-825335_baseline,baseline,burst-load,1787575155.825000,85.999665,cache_hit_ratio_l2,all,0.27306273062730624
2026-08-24_12-37-49-825335_baseline,baseline,burst-load,1787575156.825000,86.999665,cache_hit_ratio_l2,all,0.3189173604353624
2026-08-24_12-37-49-825335_baseline,baseline,burst-load,1787575157.825000,87.999665,cache_hit_ratio_l2,all,0.3222222222222222
2026-08-24_12-37-49-825335_baseline,baseline,burst-load,1787575158.825000,88.999665,cache_hit_ratio_l2,all,0.3277777777777778
2026-08-24_12-37-49-825335_baseline,baseline,burst-load,1787575159.825000,89.999665,cache_hit_ratio_l2,all,0.3277774690843535
2026-08-24_12-37-49-825335_baseline,baseline,burst-load,1787575160.825000,90.999665,cache_hit_ratio_l2,all,0.316667284019212
2026-08-24_12-37-49-825335_baseline,baseline,burst-load,1787575161.825000,91.999665,cache_hit_ratio_l2,all,0.31111234567901225
2026-08-24_12-37-49-825335_baseline,baseline,burst-load,1787575162.825000,92.999665,cache_hit_ratio_l2,all,0.32222222222222224
2026-08-24_12-37-49-825335_baseline,baseline,burst-load,1787575163.825000,93.999665,cache_hit_ratio_l2,all,0.33333333333333337
2026-08-24_12-37-49-825335_baseline,baseline,burst-load,1787575164.825000,94.999665,cache_hit_ratio_l2,all,0.3388888888888889
2026-08-24_12-37-49-825335_baseline,baseline,burst-load,1787575165.825000,95.999665,cache_hit_ratio_l2,all,0.33888827160493834
2026-08-24_12-37-49-825335_baseline,baseline,burst-load,1787575166.825000,96.999665,cache_hit_ratio_l2,all,0.3666666666666667
2026-08-24_12-37-49-825335_baseline,baseline,burst-load,1787575167.825000,97.999665,cache_hit_ratio_l2,all,0.36111080248628163
2026-08-24_12-37-49-825335_baseline,baseline,burst-load,1787575168.825000,98.999665,cache_hit_ratio_l2,all,0.37222191359739276
2026-08-24_12-37-49-825335_baseline,baseline,burst-load,1787575169.825000,99.999665,cache_hit_ratio_l2,all,0.38889012345679014
2026-08-24_12-37-49-825335_baseline,baseline,burst-load,1787575170.825000,100.999665,cache_hit_ratio_l2,all,0.36666851862140487
2026-08-24_12-37-49-825335_baseline,baseline,burst-load,1787575171.825000,101.999665,cache_hit_ratio_l2,all,0.37222222222222223
2026-08-24_12-37-49-825335_baseline,baseline,burst-load,1787575172.825000,102.999665,cache_hit_ratio_l2,all,0.3722237653463697
2026-08-24_12-37-49-825335_baseline,baseline,burst-load,1787575173.825000,103.999665,cache_hit_ratio_l2,all,0.3888864196159046
2026-08-24_12-37-49-825335_baseline,baseline,burst-load,1787575174.825000,104.999665,cache_hit_ratio_l2,all,0.38888888888888895
2026-08-24_12-37-49-825335_baseline,baseline,burst-load,1787575175.825000,105.999665,cache_hit_ratio_l2,all,0.35
2026-08-24_12-37-49-825335_baseline,baseline,burst-load,1787575176.825000,106.999665,cache_hit_ratio_l2,all,0.3444432098079523
2026-08-24_12-37-49-825335_baseline,baseline,burst-load,1787575177.825000,107.999665,cache_hit_ratio_l2,all,0.3444432098079523
2026-08-24_12-37-49-825335_baseline,baseline,burst-load,1787575178.825000,108.999665,cache_hit_ratio_l2,all,0.3666666666666667
2026-08-24_12-37-49-825335_baseline,baseline,burst-load,1787575179.825000,109.999665,cache_hit_ratio_l2,all,0.35000030865912307
2026-08-24_12-37-49-825335_baseline,baseline,burst-load,1787575180.825000,110.999665,cache_hit_ratio_l2,all,0.3444450617626905
2026-08-24_12-37-49-825335_baseline,baseline,burst-load,1787575181.825000,111.999665,cache_hit_ratio_l2,all,0.3388888888888889
2026-08-24_12-37-49-825335_baseline,baseline,burst-load,1787575182.825000,112.999665,cache_hit_ratio_l2,all,0.32222222222222224
2026-08-24_12-37-49-825335_baseline,baseline,burst-load,1787575183.825000,113.999665,cache_hit_ratio_l2,all,0.3111098763374142
2026-08-24_12-37-49-825335_baseline,baseline,burst-load,1787575184.825000,114.999665,cache_hit_ratio_l2,all,0.32222222222222224
2026-08-24_12-37-49-825335_baseline,baseline,burst-load,1787575185.825000,115.999665,cache_hit_ratio_l2,all,0.34444444444444444
2026-08-24_12-37-49-825335_baseline,baseline,burst-load,1787575186.825000,116.999665,cache_hit_ratio_l2,all,0.3333358027435147
2026-08-24_12-37-49-825335_baseline,baseline,burst-load,1787575187.825000,117.999665,cache_hit_ratio_l2,all,0.3388888888888889
2026-08-24_12-37-49-825335_baseline,baseline,burst-load,1787575188.825000,118.999665,cache_hit_ratio_l2,all,0.3833336419924564
2026-08-24_12-37-49-825335_baseline,baseline,burst-load,1787575189.825000,119.999665,cache_hit_ratio_l2,all,0.37222314819959135
2026-08-24_12-37-49-825335_baseline,baseline,burst-load,1787575190.825000,120.999665,cache_hit_ratio_l2,all,0.3944444444444445
2026-08-24_12-37-49-825335_baseline,baseline,burst-load,1787575191.825000,121.999665,cache_hit_ratio_l2,all,0.41111111111111104
2026-08-24_12-37-49-825335_baseline,baseline,burst-load,1787575069.825000,-0.000335,request_duration_p95,all,NaN
2026-08-24_12-37-49-825335_baseline,baseline,burst-load,1787575070.825000,0.999665,request_duration_p95,all,NaN
2026-08-24_12-37-49-825335_baseline,baseline,burst-load,1787575071.825000,1.999665,request_duration_p95,all,0.4791098294297948
2026-08-24_12-37-49-825335_baseline,baseline,burst-load,1787575072.825000,2.999665,request_duration_p95,all,0.46964911029414336
2026-08-24_12-37-49-825335_baseline,baseline,burst-load,1787575073.825000,3.999665,request_duration_p95,all,0.4571965579710144
2026-08-24_12-37-49-825335_baseline,baseline,burst-load,1787575074.825000,4.999665,request_duration_p95,all,0.4407664426013146
2026-08-24_12-37-49-825335_baseline,baseline,burst-load,1787575075.825000,5.999665,request_duration_p95,all,0.4227745524655724
2026-08-24_12-37-49-825335_baseline,baseline,burst-load,1787575076.825000,6.999665,request_duration_p95,all,0.40790678823531473
2026-08-24_12-37-49-825335_baseline,baseline,burst-load,1787575077.825000,7.999665,request_duration_p95,all,0.3915241188344288
2026-08-24_12-37-49-825335_baseline,baseline,burst-load,1787575078.825000,8.999665,request_duration_p95,all,0.37589911029414325
2026-08-24_12-37-49-825335_baseline,baseline,burst-load,1787575079.825000,9.999665,request_duration_p95,all,0.3610789426013143
2026-08-24_12-37-49-825335_baseline,baseline,burst-load,1787575080.825000,10.999665,request_duration_p95,all,0.24962510147046973
2026-08-24_12-37-49-825335_baseline,baseline,burst-load,1787575081.825000,11.999665,request_duration_p95,all,0.21785714285714286
2026-08-24_12-37-49-825335_baseline,baseline,burst-load,1787575082.825000,12.999665,request_duration_p95,all,0.21606250000000002
2026-08-24_12-37-49-825335_baseline,baseline,burst-load,1787575083.825000,13.999665,request_duration_p95,all,0.21078551565634757
2026-08-24_12-37-49-825335_baseline,baseline,burst-load,1787575084.825000,14.999665,request_duration_p95,all,0.2052506351757752
2026-08-24_12-37-49-825335_baseline,baseline,burst-load,1787575085.825000,15.999665,request_duration_p95,all,0.1997222222222222
2026-08-24_12-37-49-825335_baseline,baseline,burst-load,1787575086.825000,16.999665,request_duration_p95,all,0.19836495933951825
2026-08-24_12-37-49-825335_baseline,baseline,burst-load,1787575087.825000,17.999665,request_duration_p95,all,0.20055484334294998
2026-08-24_12-37-49-825335_baseline,baseline,burst-load,1787575088.825000,18.999665,request_duration_p95,all,0.20757781739776537
2026-08-24_12-37-49-825335_baseline,baseline,burst-load,1787575089.825000,19.999665,request_duration_p95,all,0.21142863264956285
2026-08-24_12-37-49-825335_baseline,baseline,burst-load,1787575090.825000,20.999665,request_duration_p95,all,0.21803571428571433
2026-08-24_12-37-49-825335_baseline,baseline,burst-load,1787575091.825000,21.999665,request_duration_p95,all,0.22111684171707782
2026-08-24_12-37-49-825335_baseline,baseline,burst-load,1787575092.825000,22.999665,request_duration_p95,all,0.22299963995519437
2026-08-24_12-37-49-825335_baseline,baseline,burst-load,1787575093.825000,23.999665,request_duration_p95,all,0.22352961364225682
2026-08-24_12-37-49-825335_baseline,baseline,burst-load,1787575094.825000,24.999665,request_duration_p95,all,0.22545454545454544
2026-08-24_12-37-49-825335_baseline,baseline,burst-load,1787575095.825000,25.999665,request_duration_p95,all,0.22531811458914236
2026-08-24_12-37-49-825335_baseline,baseline,burst-load,1787575096.825000,26.999665,request_duration_p95,all,0.22424528301886787
2026-08-24_12-37-49-825335_baseline,baseline,burst-load,1787575097.825000,27.999665,request_duration_p95,all,0.22187493488483004
2026-08-24_12-37-49-825335_baseline,baseline,burst-load,1787575098.825000,28.999665,request_duration_p95,all,0.21931818181818183
2026-08-24_12-37-49-825335_baseline,baseline,burst-load,1787575099.825000,29.999665,request_duration_p95,all,0.2137162369160071
2026-08-24_12-37-49-825335_baseline,baseline,burst-load,1787575100.825000,30.999665,request_duration_p95,all,0.21078571428571435
2026-08-24_12-37-49-825335_baseline,baseline,burst-load,1787575101.825000,31.999665,request_duration_p95,all,0.2099996218914072
2026-08-24_12-37-49-825335_baseline,baseline,burst-load,1787575102.825000,32.999665,request_duration_p95,all,0.24480769230769236
2026-08-24_12-37-49-825335_baseline,baseline,burst-load,1787575103.825000,33.999665,request_duration_p95,all,0.2974999999999995
2026-08-24_12-37-49-825335_baseline,baseline,burst-load,1787575104.825000,34.999665,request_duration_p95,all,0.2931818181818183
2026-08-24_12-37-49-825335_baseline,baseline,burst-load,1787575105.825000,35.999665,request_duration_p95,all,0.26329787234042523
2026-08-24_12-37-49-825335_baseline,baseline,burst-load,1787575106.825000,36.999665,request_duration_p95,all,0.23413474544580373
2026-08-24_12-37-49-825335_baseline,baseline,burst-load,1787575107.825000,37.999665,request_duration_p95,all,0.2141071428571427
2026-08-24_12-37-49-825335_baseline,baseline,burst-load,1787575108.825000,38.999665,request_duration_p95,all,0.20270161290322547
2026-08-24_12-37-49-825335_baseline,baseline,burst-load,1787575109.825000,39.999665,request_duration_p95,all,0.1846419747207807
2026-08-24_12-37-49-825335_baseline,baseline,burst-load,1787575110.825000,40.999665,request_duration_p95,all,0.1626246367847036
2026-08-24_12-37-49-825335_baseline,baseline,burst-load,1787575111.825000,41.999665,request_duration_p95,all,0.11758732758620688
2026-08-24_12-37-49-825335_baseline,baseline,burst-load,1787575112.825000,42.999665,request_duration_p95,all,0.000994072239267383
2026-08-24_12-37-49-825335_baseline,baseline,burst-load,1787575113.825000,43.999665,request_duration_p95,all,0.0009883653846153846
2026-08-24_12-37-49-825335_baseline,baseline,burst-load,1787575114.825000,44.999665,request_duration_p95,all,0.0009827377153797062
2026-08-24_12-37-49-825335_baseline,baseline,burst-load,1787575115.825000,45.999665,request_duration_p95,all,0.0009796311548310188
2026-08-24_12-37-49-825335_baseline,baseline,burst-load,1787575116.825000,46.999665,request_duration_p95,all,0.0009765225653980285
2026-08-24_12-37-49-825335_baseline,baseline,burst-load,1787575117.825000,47.999665,request_duration_p95,all,0.0009741116751269034
2026-08-24_12-37-49-825335_baseline,baseline,burst-load,1787575118.825000,48.999665,request_duration_p95,all,0.0009810975609756097
2026-08-24_12-37-49-825335_baseline,baseline,burst-load,1787575119.825000,49.999665,request_duration_p95,all,0.000995061728395062
2026-08-24_12-37-49-825335_baseline,baseline,burst-load,1787575120.825000,50.999665,request_duration_p95,all,0.11662675510767778
2026-08-24_12-37-49-825335_baseline,baseline,burst-load,1787575121.825000,51.999665,request_duration_p95,all,0.135228874740641
2026-08-24_12-37-49-825335_baseline,baseline,burst-load,1787575122.825000,52.999665,request_duration_p95,all,0.14702485796441078
2026-08-24_12-37-49-825335_baseline,baseline,burst-load,1787575123.825000,53.999665,request_duration_p95,all,0.15674528301886775
2026-08-24_12-37-49-825335_baseline,baseline,burst-load,1787575124.825000,54.999665,request_duration_p95,all,0.16013429687357977
2026-08-24_12-37-49-825335_baseline,baseline,burst-load,1787575125.825000,55.999665,request_duration_p95,all,0.16315789473684214
2026-08-24_12-37-49-825335_baseline,baseline,burst-load,1787575126.825000,56.999665,request_duration_p95,all,0.1572345040436101
2026-08-24_12-37-49-825335_baseline,baseline,burst-load,1787575127.825000,57.999665,request_duration_p95,all,0.1203154752764127
2026-08-24_12-37-49-825335_baseline,baseline,burst-load,1787575128.825000,58.999665,request_duration_p95,all,0.0009888995521433143
2026-08-24_12-37-49-825335_baseline,baseline,burst-load,1787575129.825000,59.999665,request_duration_p95,all,0.0009858375959079285
2026-08-24_12-37-49-825335_baseline,baseline,burst-load,1787575130.825000,60.999665,request_duration_p95,all,0.0009808404026297713
2026-08-24_12-37-49-825335_baseline,baseline,burst-load,1787575131.825000,61.999665,request_duration_p95,all,0.0009790076335877862
2026-08-24_12-37-49-825335_baseline,baseline,burst-load,1787575132.825000,62.999665,request_duration_p95,all,0.0009771428571428572
2026-08-24_12-37-49-825335_baseline,baseline,burst-load,1787575133.825000,63.999665,request_duration_p95,all,0.0009796308084022915
2026-08-24_12-37-49-825335_baseline,baseline,burst-load,1787575134.825000,64.999665,request_duration_p95,all,0.0009898644670272155
2026-08-24_12-37-49-825335_baseline,baseline,burst-load,1787575135.825000,65.999665,request_duration_p95,all,0.10384146341463532
2026-08-24_12-37-49-825335_baseline,baseline,burst-load,1787575136.825000,66.999665,request_duration_p95,all,0.1389646487215032
2026-08-24_12-37-49-825335_baseline,baseline,burst-load,1787575137.825000,67.999665,request_duration_p95,all,0.14718750000000014
2026-08-24_12-37-49-825335_baseline,baseline,burst-load,1787575138.825000,68.999665,request_duration_p95,all,0.1434693877551021
2026-08-24_12-37-49-825335_baseline,baseline,burst-load,1787575139.825000,69.999665,request_duration_p95,all,0.16355932203389828
2026-08-24_12-37-49-825335_baseline,baseline,burst-load,1787575140.825000,70.999665,request_duration_p95,all,0.168516336988886
2026-08-24_12-37-49-825335_baseline,baseline,burst-load,1787575141.825000,71.999665,request_duration_p95,all,0.17623012403693786
2026-08-24_12-37-49-825335_baseline,baseline,burst-load,1787575142.825000,72.999665,request_duration_p95,all,0.16845454545454447
2026-08-24_12-37-49-825335_baseline,baseline,burst-load,1787575143.825000,73.999665,request_duration_p95,all,0.12839291347487294
2026-08-24_12-37-49-825335_baseline,baseline,burst-load,1787575144.825000,74.999665,request_duration_p95,all,0.0009947999931377161
2026-08-24_12-37-49-825335_baseline,baseline,burst-load,1787575145.825000,75.999665,request_duration_p95,all,0.0009878040326880334
2026-08-24_12-37-49-825335_baseline,baseline,burst-load,1787575146.825000,76.999665,request_duration_p95,all,0.0009865616213250749
2026-08-24_12-37-49-825335_baseline,baseline,burst-load,1787575147.825000,77.999665,request_duration_p95,all,0.0009883064516129033
2026-08-24_12-37-49-825335_baseline,baseline,burst-load,1787575148.825000,78.999665,request_duration_p95,all,0.0009840296708718019
2026-08-24_12-37-49-825335_baseline,baseline,burst-load,1787575149.825000,79.999665,request_duration_p95,all,0.000983614153327717
2026-08-24_12-37-49-825335_baseline,baseline,burst-load,1787575150.825000,80.999665,request_duration_p95,all,0.0009831716779825413
2026-08-24_12-37-49-825335_baseline,baseline,burst-load,1787575151.825000,81.999665,request_duration_p95,all,0.0009948216340621401
2026-08-24_12-37-49-825335_baseline,baseline,burst-load,1787575152.825000,82.999665,request_duration_p95,all,0.10624899299028671
2026-08-24_12-37-49-825335_baseline,baseline,burst-load,1787575153.825000,83.999665,request_duration_p95,all,0.1399999845669964
2026-08-24_12-37-49-825335_baseline,baseline,burst-load,1787575154.825000,84.999665,request_duration_p95,all,0.1735413541145745
2026-08-24_12-37-49-825335_baseline,baseline,burst-load,1787575155.825000,85.999665,request_duration_p95,all,0.20702702702702697
2026-08-24_12-37-49-825335_baseline,baseline,burst-load,1787575156.825000,86.999665,request_duration_p95,all,0.21166610075317943
2026-08-24_12-37-49-825335_baseline,baseline,burst-load,1787575157.825000,87.999665,request_duration_p95,all,0.21725609756097564
2026-08-24_12-37-49-825335_baseline,baseline,burst-load,1787575158.825000,88.999665,request_duration_p95,all,0.22049999999999997
2026-08-24_12-37-49-825335_baseline,baseline,burst-load,1787575159.825000,89.999665,request_duration_p95,all,0.22284985430840384
2026-08-24_12-37-49-825335_baseline,baseline,burst-load,1787575160.825000,90.999665,request_duration_p95,all,0.22111679867596643
2026-08-24_12-37-49-825335_baseline,baseline,burst-load,1787575161.825000,91.999665,request_duration_p95,all,0.2220311378756383
2026-08-24_12-37-49-825335_baseline,baseline,burst-load,1787575162.825000,92.999665,request_duration_p95,all,0.22171875
2026-08-24_12-37-49-825335_baseline,baseline,burst-load,1787575163.825000,93.999665,request_duration_p95,all,0.22285
2026-08-24_12-37-49-825335_baseline,baseline,burst-load,1787575164.825000,94.999665,request_duration_p95,all,0.221875
2026-08-24_12-37-49-825335_baseline,baseline,burst-load,1787575165.825000,95.999665,request_duration_p95,all,0.22111669759689825
2026-08-24_12-37-49-825335_baseline,baseline,burst-load,1787575166.825000,96.999665,request_duration_p95,all,0.21966666666666662
2026-08-24_12-37-49-825335_baseline,baseline,burst-load,1787575167.825000,97.999665,request_duration_p95,all,0.21767849584678062
2026-08-24_12-37-49-825335_baseline,baseline,burst-load,1787575168.825000,98.999665,request_duration_p95,all,0.21587490521333597
2026-08-24_12-37-49-825335_baseline,baseline,burst-load,1787575169.825000,99.999665,request_duration_p95,all,0.21606233229073488
2026-08-24_12-37-49-825335_baseline,baseline,burst-load,1787575170.825000,100.999665,request_duration_p95,all,0.21164280816046632
2026-08-24_12-37-49-825335_baseline,baseline,burst-load,1787575171.825000,101.999665,request_duration_p95,all,0.21073529411764702
2026-08-24_12-37-49-825335_baseline,baseline,burst-load,1787575172.825000,102.999665,request_duration_p95,all,0.21007341119418593
2026-08-24_12-37-49-825335_baseline,baseline,burst-load,1787575173.825000,103.999665,request_duration_p95,all,0.21121448232291162
2026-08-24_12-37-49-825335_baseline,baseline,burst-load,1787575174.825000,104.999665,request_duration_p95,all,0.21051470588235294
2026-08-24_12-37-49-825335_baseline,baseline,burst-load,1787575175.825000,105.999665,request_duration_p95,all,0.2155769230769231
2026-08-24_12-37-49-825335_baseline,baseline,burst-load,1787575176.825000,106.999665,request_duration_p95,all,0.2176786470183608
2026-08-24_12-37-49-825335_baseline,baseline,burst-load,1787575177.825000,107.999665,request_duration_p95,all,0.21538466469694942
2026-08-24_12-37-49-825335_baseline,baseline,burst-load,1787575178.825000,108.999665,request_duration_p95,all,0.2135135135135135
2026-08-24_12-37-49-825335_baseline,baseline,burst-load,1787575179.825000,109.999665,request_duration_p95,all,0.21785703797575512
2026-08-24_12-37-49-825335_baseline,baseline,burst-load,1787575180.825000,110.999665,request_duration_p95,all,0.21767830497174429
2026-08-24_12-37-49-825335_baseline,baseline,burst-load,1787575181.825000,111.999665,request_duration_p95,all,0.21877906976744188
2026-08-24_12-37-49-825335_baseline,baseline,burst-load,1787575182.825000,112.999665,request_duration_p95,all,0.22016693375738614
2026-08-24_12-37-49-825335_baseline,baseline,burst-load,1787575183.825000,113.999665,request_duration_p95,all,0.21895330716170497
2026-08-24_12-37-49-825335_baseline,baseline,burst-load,1787575184.825000,114.999665,request_duration_p95,all,0.21707317073170732
2026-08-24_12-37-49-825335_baseline,baseline,burst-load,1787575185.825000,115.999665,request_duration_p95,all,0.21371621621621625
2026-08-24_12-37-49-825335_baseline,baseline,burst-load,1787575186.825000,116.999665,request_duration_p95,all,0.2155769997891509
2026-08-24_12-37-49-825335_baseline,baseline,burst-load,1787575187.825000,117.999665,request_duration_p95,all,0.21447368421052632
2026-08-24_12-37-49-825335_baseline,baseline,burst-load,1787575188.825000,118.999665,request_duration_p95,all,0.21229177148183703
2026-08-24_12-37-49-825335_baseline,baseline,burst-load,1787575189.825000,119.999665,request_duration_p95,all,0.21519224742150553
2026-08-24_12-37-49-825335_baseline,baseline,burst-load,1787575190.825000,120.999665,request_duration_p95,all,0.2122916666666666
2026-08-24_12-37-49-825335_baseline,baseline,burst-load,1787575191.825000,121.999665,request_duration_p95,all,0.21121428571428574
2026-08-24_12-37-49-825335_baseline,baseline,burst-load,1787575069.825000,-0.000335,request_duration_p99,all,NaN
2026-08-24_12-37-49-825335_baseline,baseline,burst-load,1787575070.825000,0.999665,request_duration_p99,all,NaN
2026-08-24_12-37-49-825335_baseline,baseline,burst-load,1787575071.825000,1.999665,request_duration_p99,all,0.49582196588595895
2026-08-24_12-37-49-825335_baseline,baseline,burst-load,1787575072.825000,2.999665,request_duration_p99,all,0.4939298220588286
2026-08-24_12-37-49-825335_baseline,baseline,burst-load,1787575073.825000,3.999665,request_duration_p99,all,0.49143931159420284
2026-08-24_12-37-49-825335_baseline,baseline,burst-load,1787575074.825000,4.999665,request_duration_p99,all,0.48815328852026296
2026-08-24_12-37-49-825335_baseline,baseline,burst-load,1787575075.825000,5.999665,request_duration_p99,all,0.4845549104931144
2026-08-24_12-37-49-825335_baseline,baseline,burst-load,1787575076.825000,6.999665,request_duration_p99,all,0.48158135764706295
2026-08-24_12-37-49-825335_baseline,baseline,burst-load,1787575077.825000,7.999665,request_duration_p99,all,0.4783048237668857
2026-08-24_12-37-49-825335_baseline,baseline,burst-load,1787575078.825000,8.999665,request_duration_p99,all,0.4751798220588287
2026-08-24_12-37-49-825335_baseline,baseline,burst-load,1787575079.825000,9.999665,request_duration_p99,all,0.47221578852026275
2026-08-24_12-37-49-825335_baseline,baseline,burst-load,1787575080.825000,10.999665,request_duration_p99,all,0.4493336270514373
2026-08-24_12-37-49-825335_baseline,baseline,burst-load,1787575081.825000,11.999665,request_duration_p99,all,0.2435714285714286
2026-08-24_12-37-49-825335_baseline,baseline,burst-load,1787575082.825000,12.999665,request_duration_p99,all,0.24321250000000005
2026-08-24_12-37-49-825335_baseline,baseline,burst-load,1787575083.825000,13.999665,request_duration_p99,all,0.24215710313126948
2026-08-24_12-37-49-825335_baseline,baseline,burst-load,1787575084.825000,14.999665,request_duration_p99,all,0.241050127035155
2026-08-24_12-37-49-825335_baseline,baseline,burst-load,1787575085.825000,15.999665,request_duration_p99,all,0.23994444444444446
2026-08-24_12-37-49-825335_baseline,baseline,burst-load,1787575086.825000,16.999665,request_duration_p99,all,0.23967299186790372
2026-08-24_12-37-49-825335_baseline,baseline,burst-load,1787575087.825000,17.999665,request_duration_p99,all,0.24011096866859005
2026-08-24_12-37-49-825335_baseline,baseline,burst-load,1787575088.825000,18.999665,request_duration_p99,all,0.24151556347955314
2026-08-24_12-37-49-825335_baseline,baseline,burst-load,1787575089.825000,19.999665,request_duration_p99,all,0.24228572652991262
2026-08-24_12-37-49-825335_baseline,baseline,burst-load,1787575090.825000,20.999665,request_duration_p99,all,0.24360714285714288
2026-08-24_12-37-49-825335_baseline,baseline,burst-load,1787575091.825000,21.999665,request_duration_p99,all,0.2442233683434156
2026-08-24_12-37-49-825335_baseline,baseline,burst-load,1787575092.825000,22.999665,request_duration_p99,all,0.24459992799103883
2026-08-24_12-37-49-825335_baseline,baseline,burst-load,1787575093.825000,23.999665,request_duration_p99,all,0.2447059227284514
2026-08-24_12-37-49-825335_baseline,baseline,burst-load,1787575094.825000,24.999665,request_duration_p99,all,0.24509090909090908
2026-08-24_12-37-49-825335_baseline,baseline,burst-load,1787575095.825000,25.999665,request_duration_p99,all,0.24506362291782846
2026-08-24_12-37-49-825335_baseline,baseline,burst-load,1787575096.825000,26.999665,request_duration_p99,all,0.2448490566037736
2026-08-24_12-37-49-825335_baseline,baseline,burst-load,1787575097.825000,27.999665,request_duration_p99,all,0.24437498697696605
2026-08-24_12-37-49-825335_baseline,baseline,burst-load,1787575098.825000,28.999665,request_duration_p99,all,0.24386363636363634
2026-08-24_12-37-49-825335_baseline,baseline,burst-load,1787575099.825000,29.999665,request_duration_p99,all,0.24274324738320144
2026-08-24_12-37-49-825335_baseline,baseline,burst-load,1787575100.825000,30.999665,request_duration_p99,all,0.24215714285714285
2026-08-24_12-37-49-825335_baseline,baseline,burst-load,1787575101.825000,31.999665,request_duration_p99,all,0.2899900914916459
2026-08-24_12-37-49-825335_baseline,baseline,burst-load,1787575102.825000,32.999665,request_duration_p99,all,0.44644736842105237
2026-08-24_12-37-49-825335_baseline,baseline,burst-load,1787575103.825000,33.999665,request_duration_p99,all,0.4594999999999998
2026-08-24_12-37-49-825335_baseline,baseline,burst-load,1787575104.825000,34.999665,request_duration_p99,all,0.45863636363636384
2026-08-24_12-37-49-825335_baseline,baseline,burst-load,1787575105.825000,35.999665,request_duration_p99,all,0.4526595744680848
2026-08-24_12-37-49-825335_baseline,baseline,burst-load,1787575106.825000,36.999665,request_duration_p99,all,0.4441489923825828
2026-08-24_12-37-49-825335_baseline,baseline,burst-load,1787575107.825000,37.999665,request_duration_p99,all,0.4357446808510634
2026-08-24_12-37-49-825335_baseline,baseline,burst-load,1787575108.825000,38.999665,request_duration_p99,all,0.43005102040816273
2026-08-24_12-37-49-825335_baseline,baseline,burst-load,1787575109.825000,39.999665,request_duration_p99,all,0.42198948125036817
2026-08-24_12-37-49-825335_baseline,baseline,burst-load,1787575110.825000,40.999665,request_duration_p99,all,0.41201069023324943
2026-08-24_12-37-49-825335_baseline,baseline,burst-load,1787575111.825000,41.999665,request_duration_p99,all,0.36466865305699175
2026-08-24_12-37-49-825335_baseline,baseline,burst-load,1787575112.825000,42.999665,request_duration_p99,all,0.24410556420787183
2026-08-24_12-37-49-825335_baseline,baseline,burst-load,1787575113.825000,43.999665,request_duration_p99,all,0.22044736842105273
2026-08-24_12-37-49-825335_baseline,baseline,burst-load,1787575114.825000,44.999665,request_duration_p99,all,0.20820588235294069
2026-08-24_12-37-49-825335_baseline,baseline,burst-load,1787575115.825000,45.999665,request_duration_p99,all,0.20369582230294997
2026-08-24_12-37-49-825335_baseline,baseline,burst-load,1787575116.825000,46.999665,request_duration_p99,all,0.19804840860127565
2026-08-24_12-37-49-825335_baseline,baseline,burst-load,1787575117.825000,47.999665,request_duration_p99,all,0.19410526315789478
2026-08-24_12-37-49-825335_baseline,baseline,burst-load,1787575118.825000,48.999665,request_duration_p99,all,0.2415270270270261
2026-08-24_12-37-49-825335_baseline,baseline,burst-load,1787575119.825000,49.999665,request_duration_p99,all,0.39500000000000135
2026-08-24_12-37-49-825335_baseline,baseline,burst-load,1787575120.825000,50.999665,request_duration_p99,all,0.4192556858072895
2026-08-24_12-37-49-825335_baseline,baseline,burst-load,1787575121.825000,51.999665,request_duration_p99,all,0.41925494657463014
2026-08-24_12-37-49-825335_baseline,baseline,burst-load,1787575122.825000,52.999665,request_duration_p99,all,0.4192013755893177
2026-08-24_12-37-49-825335_baseline,baseline,burst-load,1787575123.825000,53.999665,request_duration_p99,all,0.41920212765957454
2026-08-24_12-37-49-825335_baseline,baseline,burst-load,1787575124.825000,54.999665,request_duration_p99,all,0.4192017634290638
2026-08-24_12-37-49-825335_baseline,baseline,burst-load,1787575125.825000,55.999665,request_duration_p99,all,0.41914893617021237
2026-08-24_12-37-49-825335_baseline,baseline,burst-load,1787575126.825000,56.999665,request_duration_p99,all,0.41527714803619453
2026-08-24_12-37-49-825335_baseline,baseline,burst-load,1787575127.825000,57.999665,request_duration_p99,all,0.38401378533470726
2026-08-24_12-37-49-825335_baseline,baseline,burst-load,1787575128.825000,58.999665,request_duration_p99,all,0.23508490566037735
2026-08-24_12-37-49-825335_baseline,baseline,burst-load,1787575129.825000,59.999665,request_duration_p99,all,0.21664545454545475
2026-08-24_12-37-49-825335_baseline,baseline,burst-load,1787575130.825000,60.999665,request_duration_p99,all,0.21099996807650276
2026-08-24_12-37-49-825335_baseline,baseline,burst-load,1787575131.825000,61.999665,request_duration_p99,all,0.2084085433303529
2026-08-24_12-37-49-825335_baseline,baseline,burst-load,1787575132.825000,62.999665,request_duration_p99,all,0.2053658536585365
2026-08-24_12-37-49-825335_baseline,baseline,burst-load,1787575133.825000,63.999665,request_duration_p99,all,0.20933333333333254
2026-08-24_12-37-49-825335_baseline,baseline,burst-load,1787575134.825000,64.999665,request_duration_p99,all,0.2876284885489005
2026-08-24_12-37-49-825335_baseline,baseline,burst-load,1787575135.825000,65.999665,request_duration_p99,all,0.40128048780487874
2026-08-24_12-37-49-825335_baseline,baseline,burst-load,1787575136.825000,66.999665,request_duration_p99,all,0.41377475525484
2026-08-24_12-37-49-825335_baseline,baseline,burst-load,1787575137.825000,67.999665,request_duration_p99,all,0.4157291666666666
2026-08-24_12-37-49-825335_baseline,baseline,burst-load,1787575138.825000,68.999665,request_duration_p99,all,0.4121739130434785
2026-08-24_12-37-49-825335_baseline,baseline,burst-load,1787575139.825000,69.999665,request_duration_p99,all,0.4138297872340421
2026-08-24_12-37-49-825335_baseline,baseline,burst-load,1787575140.825000,70.999665,request_duration_p99,all,0.417295259109422
2026-08-24_12-37-49-825335_baseline,baseline,burst-load,1787575141.825000,71.999665,request_duration_p99,all,0.4205886677936855
2026-08-24_12-37-49-825335_baseline,baseline,burst-load,1787575142.825000,72.999665,request_duration_p99,all,0.4206862745098032
2026-08-24_12-37-49-825335_baseline,baseline,burst-load,1787575143.825000,73.999665,request_duration_p99,all,0.38694479336088233
2026-08-24_12-37-49-825335_baseline,baseline,burst-load,1787575144.825000,74.999665,request_duration_p99,all,0.24438193821896417
2026-08-24_12-37-49-825335_baseline,baseline,burst-load,1787575145.825000,75.999665,request_duration_p99,all,0.2272211362373699
2026-08-24_12-37-49-825335_baseline,baseline,burst-load,1787575146.825000,76.999665,request_duration_p99,all,0.22399022269366498
2026-08-24_12-37-49-825335_baseline,baseline,burst-load,1787575147.825000,77.999665,request_duration_p99,all,0.2284230769230762
2026-08-24_12-37-49-825335_baseline,baseline,burst-load,1787575148.825000,78.999665,request_duration_p99,all,0.22482898801684476
2026-08-24_12-37-49-825335_baseline,baseline,burst-load,1787575149.825000,79.999665,request_duration_p99,all,0.22044594594594671
2026-08-24_12-37-49-825335_baseline,baseline,burst-load,1787575150.825000,80.999665,request_duration_p99,all,0.21513636363636407
2026-08-24_12-37-49-825335_baseline,baseline,burst-load,1787575151.825000,81.999665,request_duration_p99,all,0.2259210526315789
2026-08-24_12-37-49-825335_baseline,baseline,burst-load,1787575152.825000,82.999665,request_duration_p99,all,0.2312497059994631
2026-08-24_12-37-49-825335_baseline,baseline,burst-load,1787575153.825000,83.999665,request_duration_p99,all,0.23799984258336124
2026-08-24_12-37-49-825335_baseline,baseline,burst-load,1787575154.825000,84.999665,request_duration_p99,all,0.24470845603896937
2026-08-24_12-37-49-825335_baseline,baseline,burst-load,1787575155.825000,85.999665,request_duration_p99,all,0.27333333333333265
2026-08-24_12-37-49-825335_baseline,baseline,burst-load,1787575156.825000,86.999665,request_duration_p99,all,0.24233322015063585
2026-08-24_12-37-49-825335_baseline,baseline,burst-load,1787575157.825000,87.999665,request_duration_p99,all,0.24345121951219514
2026-08-24_12-37-49-825335_baseline,baseline,burst-load,1787575158.825000,88.999665,request_duration_p99,all,0.2441
2026-08-24_12-37-49-825335_baseline,baseline,burst-load,1787575159.825000,89.999665,request_duration_p99,all,0.24456997086168078
2026-08-24_12-37-49-825335_baseline,baseline,burst-load,1787575160.825000,90.999665,request_duration_p99,all,0.24422335973519324
2026-08-24_12-37-49-825335_baseline,baseline,burst-load,1787575161.825000,91.999665,request_duration_p99,all,0.24440622757512762
2026-08-24_12-37-49-825335_baseline,baseline,burst-load,1787575162.825000,92.999665,request_duration_p99,all,0.24434375000000003
2026-08-24_12-37-49-825335_baseline,baseline,burst-load,1787575163.825000,93.999665,request_duration_p99,all,0.24457
2026-08-24_12-37-49-825335_baseline,baseline,burst-load,1787575164.825000,94.999665,request_duration_p99,all,0.244375
2026-08-24_12-37-49-825335_baseline,baseline,burst-load,1787575165.825000,95.999665,request_duration_p99,all,0.24422333951937963
2026-08-24_12-37-49-825335_baseline,baseline,burst-load,1787575166.825000,96.999665,request_duration_p99,all,0.24393333333333334
2026-08-24_12-37-49-825335_baseline,baseline,burst-load,1787575167.825000,97.999665,request_duration_p99,all,0.2435356991693561
2026-08-24_12-37-49-825335_baseline,baseline,burst-load,1787575168.825000,98.999665,request_duration_p99,all,0.24317498104266716
2026-08-24_12-37-49-825335_baseline,baseline,burst-load,1787575169.825000,99.999665,request_duration_p99,all,0.24321246645814695
2026-08-24_12-37-49-825335_baseline,baseline,burst-load,1787575170.825000,100.999665,request_duration_p99,all,0.24232856163209332
2026-08-24_12-37-49-825335_baseline,baseline,burst-load,1787575171.825000,101.999665,request_duration_p99,all,0.24214705882352947
2026-08-24_12-37-49-825335_baseline,baseline,burst-load,1787575172.825000,102.999665,request_duration_p99,all,0.24201468223883715
2026-08-24_12-37-49-825335_baseline,baseline,burst-load,1787575173.825000,103.999665,request_duration_p99,all,0.24224289646458233
2026-08-24_12-37-49-825335_baseline,baseline,burst-load,1787575174.825000,104.999665,request_duration_p99,all,0.2421029411764706
2026-08-24_12-37-49-825335_baseline,baseline,burst-load,1787575175.825000,105.999665,request_duration_p99,all,0.24311538461538465
2026-08-24_12-37-49-825335_baseline,baseline,burst-load,1787575176.825000,106.999665,request_duration_p99,all,0.2435357294036721
2026-08-24_12-37-49-825335_baseline,baseline,burst-load,1787575177.825000,107.999665,request_duration_p99,all,0.24307693293938987
2026-08-24_12-37-49-825335_baseline,baseline,burst-load,1787575178.825000,108.999665,request_duration_p99,all,0.24270270270270272
2026-08-24_12-37-49-825335_baseline,baseline,burst-load,1787575179.825000,109.999665,request_duration_p99,all,0.243571407595151
2026-08-24_12-37-49-825335_baseline,baseline,burst-load,1787575180.825000,110.999665,request_duration_p99,all,0.2435356609943488
2026-08-24_12-37-49-825335_baseline,baseline,burst-load,1787575181.825000,111.999665,request_duration_p99,all,0.2437558139534884
2026-08-24_12-37-49-825335_baseline,baseline,burst-load,1787575182.825000,112.999665,request_duration_p99,all,0.24403338675147726
2026-08-24_12-37-49-825335_baseline,baseline,burst-load,1787575183.825000,113.999665,request_duration_p99,all,0.24379066143234102
2026-08-24_12-37-49-825335_baseline,baseline,burst-load,1787575184.825000,114.999665,request_duration_p99,all,0.24341463414634143
2026-08-24_12-37-49-825335_baseline,baseline,burst-load,1787575185.825000,115.999665,request_duration_p99,all,0.24274324324324328
2026-08-24_12-37-49-825335_baseline,baseline,burst-load,1787575186.825000,116.999665,request_duration_p99,all,0.24311539995783013
2026-08-24_12-37-49-825335_baseline,baseline,burst-load,1787575187.825000,117.999665,request_duration_p99,all,0.24289473684210525
2026-08-24_12-37-49-825335_baseline,baseline,burst-load,1787575188.825000,118.999665,request_duration_p99,all,0.24245835429636736
2026-08-24_12-37-49-825335_baseline,baseline,burst-load,1787575189.825000,119.999665,request_duration_p99,all,0.24303844948430106
2026-08-24_12-37-49-825335_baseline,baseline,burst-load,1787575190.825000,120.999665,request_duration_p99,all,0.24245833333333333
2026-08-24_12-37-49-825335_baseline,baseline,burst-load,1787575191.825000,121.999665,request_duration_p99,all,0.2422428571428572
2026-08-24_12-37-49-825335_baseline,baseline,burst-load,1787575069.825000,-0.000335,adaptive_ttl_factor,all,1
2026-08-24_12-37-49-825335_baseline,baseline,burst-load,1787575070.825000,0.999665,adaptive_ttl_factor,all,1
2026-08-24_12-37-49-825335_baseline,baseline,burst-load,1787575071.825000,1.999665,adaptive_ttl_factor,all,1
2026-08-24_12-37-49-825335_baseline,baseline,burst-load,1787575072.825000,2.999665,adaptive_ttl_factor,all,1
2026-08-24_12-37-49-825335_baseline,baseline,burst-load,1787575073.825000,3.999665,adaptive_ttl_factor,all,1
2026-08-24_12-37-49-825335_baseline,baseline,burst-load,1787575074.825000,4.999665,adaptive_ttl_factor,all,1
2026-08-24_12-37-49-825335_baseline,baseline,burst-load,1787575075.825000,5.999665,adaptive_ttl_factor,all,1
2026-08-24_12-37-49-825335_baseline,baseline,burst-load,1787575076.825000,6.999665,adaptive_ttl_factor,all,1
2026-08-24_12-37-49-825335_baseline,baseline,burst-load,1787575077.825000,7.999665,adaptive_ttl_factor,all,1
2026-08-24_12-37-49-825335_baseline,baseline,burst-load,1787575078.825000,8.999665,adaptive_ttl_factor,all,1
2026-08-24_12-37-49-825335_baseline,baseline,burst-load,1787575079.825000,9.999665,adaptive_ttl_factor,all,1
2026-08-24_12-37-49-825335_baseline,baseline,burst-load,1787575080.825000,10.999665,adaptive_ttl_factor,all,1
2026-08-24_12-37-49-825335_baseline,baseline,burst-load,1787575081.825000,11.999665,adaptive_ttl_factor,all,1
2026-08-24_12-37-49-825335_baseline,baseline,burst-load,1787575082.825000,12.999665,adaptive_ttl_factor,all,1
2026-08-24_12-37-49-825335_baseline,baseline,burst-load,1787575083.825000,13.999665,adaptive_ttl_factor,all,1
2026-08-24_12-37-49-825335_baseline,baseline,burst-load,1787575084.825000,14.999665,adaptive_ttl_factor,all,1
2026-08-24_12-37-49-825335_baseline,baseline,burst-load,1787575085.825000,15.999665,adaptive_ttl_factor,all,1
2026-08-24_12-37-49-825335_baseline,baseline,burst-load,1787575086.825000,16.999665,adaptive_ttl_factor,all,1
2026-08-24_12-37-49-825335_baseline,baseline,burst-load,1787575087.825000,17.999665,adaptive_ttl_factor,all,1
2026-08-24_12-37-49-825335_baseline,baseline,burst-load,1787575088.825000,18.999665,adaptive_ttl_factor,all,1
2026-08-24_12-37-49-825335_baseline,baseline,burst-load,1787575089.825000,19.999665,adaptive_ttl_factor,all,1
2026-08-24_12-37-49-825335_baseline,baseline,burst-load,1787575090.825000,20.999665,adaptive_ttl_factor,all,1
2026-08-24_12-37-49-825335_baseline,baseline,burst-load,1787575091.825000,21.999665,adaptive_ttl_factor,all,1
2026-08-24_12-37-49-825335_baseline,baseline,burst-load,1787575092.825000,22.999665,adaptive_ttl_factor,all,1
2026-08-24_12-37-49-825335_baseline,baseline,burst-load,1787575093.825000,23.999665,adaptive_ttl_factor,all,1
2026-08-24_12-37-49-825335_baseline,baseline,burst-load,1787575094.825000,24.999665,adaptive_ttl_factor,all,1
2026-08-24_12-37-49-825335_baseline,baseline,burst-load,1787575095.825000,25.999665,adaptive_ttl_factor,all,1
2026-08-24_12-37-49-825335_baseline,baseline,burst-load,1787575096.825000,26.999665,adaptive_ttl_factor,all,1
2026-08-24_12-37-49-825335_baseline,baseline,burst-load,1787575097.825000,27.999665,adaptive_ttl_factor,all,1
2026-08-24_12-37-49-825335_baseline,baseline,burst-load,1787575098.825000,28.999665,adaptive_ttl_factor,all,1
2026-08-24_12-37-49-825335_baseline,baseline,burst-load,1787575099.825000,29.999665,adaptive_ttl_factor,all,1
2026-08-24_12-37-49-825335_baseline,baseline,burst-load,1787575100.825000,30.999665,adaptive_ttl_factor,all,1
2026-08-24_12-37-49-825335_baseline,baseline,burst-load,1787575101.825000,31.999665,adaptive_ttl_factor,all,1
2026-08-24_12-37-49-825335_baseline,baseline,burst-load,1787575102.825000,32.999665,adaptive_ttl_factor,all,1
2026-08-24_12-37-49-825335_baseline,baseline,burst-load,1787575103.825000,33.999665,adaptive_ttl_factor,all,1
2026-08-24_12-37-49-825335_baseline,baseline,burst-load,1787575104.825000,34.999665,adaptive_ttl_factor,all,1
2026-08-24_12-37-49-825335_baseline,baseline,burst-load,1787575105.825000,35.999665,adaptive_ttl_factor,all,1
2026-08-24_12-37-49-825335_baseline,baseline,burst-load,1787575106.825000,36.999665,adaptive_ttl_factor,all,1
2026-08-24_12-37-49-825335_baseline,baseline,burst-load,1787575107.825000,37.999665,adaptive_ttl_factor,all,1
2026-08-24_12-37-49-825335_baseline,baseline,burst-load,1787575108.825000,38.999665,adaptive_ttl_factor,all,1
2026-08-24_12-37-49-825335_baseline,baseline,burst-load,1787575109.825000,39.999665,adaptive_ttl_factor,all,1
2026-08-24_12-37-49-825335_baseline,baseline,burst-load,1787575110.825000,40.999665,adaptive_ttl_factor,all,1
2026-08-24_12-37-49-825335_baseline,baseline,burst-load,1787575111.825000,41.999665,adaptive_ttl_factor,all,1
2026-08-24_12-37-49-825335_baseline,baseline,burst-load,1787575112.825000,42.999665,adaptive_ttl_factor,all,1
2026-08-24_12-37-49-825335_baseline,baseline,burst-load,1787575113.825000,43.999665,adaptive_ttl_factor,all,1
2026-08-24_12-37-49-825335_baseline,baseline,burst-load,1787575114.825000,44.999665,adaptive_ttl_factor,all,1
2026-08-24_12-37-49-825335_baseline,baseline,burst-load,1787575115.825000,45.999665,adaptive_ttl_factor,all,1
2026-08-24_12-37-49-825335_baseline,baseline,burst-load,1787575116.825000,46.999665,adaptive_ttl_factor,all,1
2026-08-24_12-37-49-825335_baseline,baseline,burst-load,1787575117.825000,47.999665,adaptive_ttl_factor,all,1
2026-08-24_12-37-49-825335_baseline,baseline,burst-load,1787575118.825000,48.999665,adaptive_ttl_factor,all,1
2026-08-24_12-37-49-825335_baseline,baseline,burst-load,1787575119.825000,49.999665,adaptive_ttl_factor,all,1
2026-08-24_12-37-49-825335_baseline,baseline,burst-load,1787575120.825000,50.999665,adaptive_ttl_factor,all,1
2026-08-24_12-37-49-825335_baseline,baseline,burst-load,1787575121.825000,51.999665,adaptive_ttl_factor,all,1
2026-08-24_12-37-49-825335_baseline,baseline,burst-load,1787575122.825000,52.999665,adaptive_ttl_factor,all,1
2026-08-24_12-37-49-825335_baseline,baseline,burst-load,1787575123.825000,53.999665,adaptive_ttl_factor,all,1
2026-08-24_12-37-49-825335_baseline,baseline,burst-load,1787575124.825000,54.999665,adaptive_ttl_factor,all,1
2026-08-24_12-37-49-825335_baseline,baseline,burst-load,1787575125.825000,55.999665,adaptive_ttl_factor,all,1
2026-08-24_12-37-49-825335_baseline,baseline,burst-load,1787575126.825000,56.999665,adaptive_ttl_factor,all,1
2026-08-24_12-37-49-825335_baseline,baseline,burst-load,1787575127.825000,57.999665,adaptive_ttl_factor,all,1
2026-08-24_12-37-49-825335_baseline,baseline,burst-load,1787575128.825000,58.999665,adaptive_ttl_factor,all,1
2026-08-24_12-37-49-825335_baseline,baseline,burst-load,1787575129.825000,59.999665,adaptive_ttl_factor,all,1
2026-08-24_12-37-49-825335_baseline,baseline,burst-load,1787575130.825000,60.999665,adaptive_ttl_factor,all,1
2026-08-24_12-37-49-825335_baseline,baseline,burst-load,1787575131.825000,61.999665,adaptive_ttl_factor,all,1
2026-08-24_12-37-49-825335_baseline,baseline,burst-load,1787575132.825000,62.999665,adaptive_ttl_factor,all,1
2026-08-24_12-37-49-825335_baseline,baseline,burst-load,1787575133.825000,63.999665,adaptive_ttl_factor,all,1
2026-08-24_12-37-49-825335_baseline,baseline,burst-load,1787575134.825000,64.999665,adaptive_ttl_factor,all,1
2026-08-24_12-37-49-825335_baseline,baseline,burst-load,1787575135.825000,65.999665,adaptive_ttl_factor,all,1
2026-08-24_12-37-49-825335_baseline,baseline,burst-load,1787575136.825000,66.999665,adaptive_ttl_factor,all,1
2026-08-24_12-37-49-825335_baseline,baseline,burst-load,1787575137.825000,67.999665,adaptive_ttl_factor,all,1
2026-08-24_12-37-49-825335_baseline,baseline,burst-load,1787575138.825000,68.999665,adaptive_ttl_factor,all,1
2026-08-24_12-37-49-825335_baseline,baseline,burst-load,1787575139.825000,69.999665,adaptive_ttl_factor,all,1
2026-08-24_12-37-49-825335_baseline,baseline,burst-load,1787575140.825000,70.999665,adaptive_ttl_factor,all,1
2026-08-24_12-37-49-825335_baseline,baseline,burst-load,1787575141.825000,71.999665,adaptive_ttl_factor,all,1
2026-08-24_12-37-49-825335_baseline,baseline,burst-load,1787575142.825000,72.999665,adaptive_ttl_factor,all,1
2026-08-24_12-37-49-825335_baseline,baseline,burst-load,1787575143.825000,73.999665,adaptive_ttl_factor,all,1
2026-08-24_12-37-49-825335_baseline,baseline,burst-load,1787575144.825000,74.999665,adaptive_ttl_factor,all,1
2026-08-24_12-37-49-825335_baseline,baseline,burst-load,1787575145.825000,75.999665,adaptive_ttl_factor,all,1
2026-08-24_12-37-49-825335_baseline,baseline,burst-load,1787575146.825000,76.999665,adaptive_ttl_factor,all,1
2026-08-24_12-37-49-825335_baseline,baseline,burst-load,1787575147.825000,77.999665,adaptive_ttl_factor,all,1
2026-08-24_12-37-49-825335_baseline,baseline,burst-load,1787575148.825000,78.999665,adaptive_ttl_factor,all,1
2026-08-24_12-37-49-825335_baseline,baseline,burst-load,1787575149.825000,79.999665,adaptive_ttl_factor,all,1
2026-08-24_12-37-49-825335_baseline,baseline,burst-load,1787575150.825000,80.999665,adaptive_ttl_factor,all,1
2026-08-24_12-37-49-825335_baseline,baseline,burst-load,1787575151.825000,81.999665,adaptive_ttl_factor,all,1
2026-08-24_12-37-49-825335_baseline,baseline,burst-load,1787575152.825000,82.999665,adaptive_ttl_factor,all,1
2026-08-24_12-37-49-825335_baseline,baseline,burst-load,1787575153.825000,83.999665,adaptive_ttl_factor,all,1
2026-08-24_12-37-49-825335_baseline,baseline,burst-load,1787575154.825000,84.999665,adaptive_ttl_factor,all,1
2026-08-24_12-37-49-825335_baseline,baseline,burst-load,1787575155.825000,85.999665,adaptive_ttl_factor,all,1
2026-08-24_12-37-49-825335_baseline,baseline,burst-load,1787575156.825000,86.999665,adaptive_ttl_factor,all,1
2026-08-24_12-37-49-825335_baseline,baseline,burst-load,1787575157.825000,87.999665,adaptive_ttl_factor,all,1
2026-08-24_12-37-49-825335_baseline,baseline,burst-load,1787575158.825000,88.999665,adaptive_ttl_factor,all,1
2026-08-24_12-37-49-825335_baseline,baseline,burst-load,1787575159.825000,89.999665,adaptive_ttl_factor,all,1
2026-08-24_12-37-49-825335_baseline,baseline,burst-load,1787575160.825000,90.999665,adaptive_ttl_factor,all,1
2026-08-24_12-37-49-825335_baseline,baseline,burst-load,1787575161.825000,91.999665,adaptive_ttl_factor,all,1
2026-08-24_12-37-49-825335_baseline,baseline,burst-load,1787575162.825000,92.999665,adaptive_ttl_factor,all,1
2026-08-24_12-37-49-825335_baseline,baseline,burst-load,1787575163.825000,93.999665,adaptive_ttl_factor,all,1
2026-08-24_12-37-49-825335_baseline,baseline,burst-load,1787575164.825000,94.999665,adaptive_ttl_factor,all,1
2026-08-24_12-37-49-825335_baseline,baseline,burst-load,1787575165.825000,95.999665,adaptive_ttl_factor,all,1
2026-08-24_12-37-49-825335_baseline,baseline,burst-load,1787575166.825000,96.999665,adaptive_ttl_factor,all,1
2026-08-24_12-37-49-825335_baseline,baseline,burst-load,1787575167.825000,97.999665,adaptive_ttl_factor,all,1
2026-08-24_12-37-49-825335_baseline,baseline,burst-load,1787575168.825000,98.999665,adaptive_ttl_factor,all,1
2026-08-24_12-37-49-825335_baseline,baseline,burst-load,1787575169.825000,99.999665,adaptive_ttl_factor,all,1
2026-08-24_12-37-49-825335_baseline,baseline,burst-load,1787575170.825000,100.999665,adaptive_ttl_factor,all,1
2026-08-24_12-37-49-825335_baseline,baseline,burst-load,1787575171.825000,101.999665,adaptive_ttl_factor,all,1
2026-08-24_12-37-49-825335_baseline,baseline,burst-load,1787575172.825000,102.999665,adaptive_ttl_factor,all,1
2026-08-24_12-37-49-825335_baseline,baseline,burst-load,1787575173.825000,103.999665,adaptive_ttl_factor,all,1
2026-08-24_12-37-49-825335_baseline,baseline,burst-load,1787575174.825000,104.999665,adaptive_ttl_factor,all,1
2026-08-24_12-37-49-825335_baseline,baseline,burst-load,1787575175.825000,105.999665,adaptive_ttl_factor,all,1
2026-08-24_12-37-49-825335_baseline,baseline,burst-load,1787575176.825000,106.999665,adaptive_ttl_factor,all,1
2026-08-24_12-37-49-825335_baseline,baseline,burst-load,1787575177.825000,107.999665,adaptive_ttl_factor,all,1
2026-08-24_12-37-49-825335_baseline,baseline,burst-load,1787575178.825000,108.999665,adaptive_ttl_factor,all,1
2026-08-24_12-37-49-825335_baseline,baseline,burst-load,1787575179.825000,109.999665,adaptive_ttl_factor,all,1
2026-08-24_12-37-49-825335_baseline,baseline,burst-load,1787575180.825000,110.999665,adaptive_ttl_factor,all,1
2026-08-24_12-37-49-825335_baseline,baseline,burst-load,1787575181.825000,111.999665,adaptive_ttl_factor,all,1
2026-08-24_12-37-49-825335_baseline,baseline,burst-load,1787575182.825000,112.999665,adaptive_ttl_factor,all,1
2026-08-24_12-37-49-825335_baseline,baseline,burst-load,1787575183.825000,113.999665,adaptive_ttl_factor,all,1
2026-08-24_12-37-49-825335_baseline,baseline,burst-load,1787575184.825000,114.999665,adaptive_ttl_factor,all,1
2026-08-24_12-37-49-825335_baseline,baseline,burst-load,1787575185.825000,115.999665,adaptive_ttl_factor,all,1
2026-08-24_12-37-49-825335_baseline,baseline,burst-load,1787575186.825000,116.999665,adaptive_ttl_factor,all,1
2026-08-24_12-37-49-825335_baseline,baseline,burst-load,1787575187.825000,117.999665,adaptive_ttl_factor,all,1
2026-08-24_12-37-49-825335_baseline,baseline,burst-load,1787575188.825000,118.999665,adaptive_ttl_factor,all,1
2026-08-24_12-37-49-825335_baseline,baseline,burst-load,1787575189.825000,119.999665,adaptive_ttl_factor,all,1
2026-08-24_12-37-49-825335_baseline,baseline,burst-load,1787575190.825000,120.999665,adaptive_ttl_factor,all,1
2026-08-24_12-37-49-825335_baseline,baseline,burst-load,1787575191.825000,121.999665,adaptive_ttl_factor,all,1
2026-08-24_12-37-49-825335_baseline,baseline,burst-load,1787575069.825000,-0.000335,adaptive_ttl_effective_seconds,level=l1,5
2026-08-24_12-37-49-825335_baseline,baseline,burst-load,1787575070.825000,0.999665,adaptive_ttl_effective_seconds,level=l1,5
2026-08-24_12-37-49-825335_baseline,baseline,burst-load,1787575071.825000,1.999665,adaptive_ttl_effective_seconds,level=l1,5
2026-08-24_12-37-49-825335_baseline,baseline,burst-load,1787575072.825000,2.999665,adaptive_ttl_effective_seconds,level=l1,5
2026-08-24_12-37-49-825335_baseline,baseline,burst-load,1787575073.825000,3.999665,adaptive_ttl_effective_seconds,level=l1,5
2026-08-24_12-37-49-825335_baseline,baseline,burst-load,1787575074.825000,4.999665,adaptive_ttl_effective_seconds,level=l1,5
2026-08-24_12-37-49-825335_baseline,baseline,burst-load,1787575075.825000,5.999665,adaptive_ttl_effective_seconds,level=l1,5
2026-08-24_12-37-49-825335_baseline,baseline,burst-load,1787575076.825000,6.999665,adaptive_ttl_effective_seconds,level=l1,5
2026-08-24_12-37-49-825335_baseline,baseline,burst-load,1787575077.825000,7.999665,adaptive_ttl_effective_seconds,level=l1,5
2026-08-24_12-37-49-825335_baseline,baseline,burst-load,1787575078.825000,8.999665,adaptive_ttl_effective_seconds,level=l1,5
2026-08-24_12-37-49-825335_baseline,baseline,burst-load,1787575079.825000,9.999665,adaptive_ttl_effective_seconds,level=l1,5
2026-08-24_12-37-49-825335_baseline,baseline,burst-load,1787575080.825000,10.999665,adaptive_ttl_effective_seconds,level=l1,5
2026-08-24_12-37-49-825335_baseline,baseline,burst-load,1787575081.825000,11.999665,adaptive_ttl_effective_seconds,level=l1,5
2026-08-24_12-37-49-825335_baseline,baseline,burst-load,1787575082.825000,12.999665,adaptive_ttl_effective_seconds,level=l1,5
2026-08-24_12-37-49-825335_baseline,baseline,burst-load,1787575083.825000,13.999665,adaptive_ttl_effective_seconds,level=l1,5
2026-08-24_12-37-49-825335_baseline,baseline,burst-load,1787575084.825000,14.999665,adaptive_ttl_effective_seconds,level=l1,5
2026-08-24_12-37-49-825335_baseline,baseline,burst-load,1787575085.825000,15.999665,adaptive_ttl_effective_seconds,level=l1,5
2026-08-24_12-37-49-825335_baseline,baseline,burst-load,1787575086.825000,16.999665,adaptive_ttl_effective_seconds,level=l1,5
2026-08-24_12-37-49-825335_baseline,baseline,burst-load,1787575087.825000,17.999665,adaptive_ttl_effective_seconds,level=l1,5
2026-08-24_12-37-49-825335_baseline,baseline,burst-load,1787575088.825000,18.999665,adaptive_ttl_effective_seconds,level=l1,5
2026-08-24_12-37-49-825335_baseline,baseline,burst-load,1787575089.825000,19.999665,adaptive_ttl_effective_seconds,level=l1,5
2026-08-24_12-37-49-825335_baseline,baseline,burst-load,1787575090.825000,20.999665,adaptive_ttl_effective_seconds,level=l1,5
2026-08-24_12-37-49-825335_baseline,baseline,burst-load,1787575091.825000,21.999665,adaptive_ttl_effective_seconds,level=l1,5
2026-08-24_12-37-49-825335_baseline,baseline,burst-load,1787575092.825000,22.999665,adaptive_ttl_effective_seconds,level=l1,5
2026-08-24_12-37-49-825335_baseline,baseline,burst-load,1787575093.825000,23.999665,adaptive_ttl_effective_seconds,level=l1,5
2026-08-24_12-37-49-825335_baseline,baseline,burst-load,1787575094.825000,24.999665,adaptive_ttl_effective_seconds,level=l1,5
2026-08-24_12-37-49-825335_baseline,baseline,burst-load,1787575095.825000,25.999665,adaptive_ttl_effective_seconds,level=l1,5
2026-08-24_12-37-49-825335_baseline,baseline,burst-load,1787575096.825000,26.999665,adaptive_ttl_effective_seconds,level=l1,5
2026-08-24_12-37-49-825335_baseline,baseline,burst-load,1787575097.825000,27.999665,adaptive_ttl_effective_seconds,level=l1,5
2026-08-24_12-37-49-825335_baseline,baseline,burst-load,1787575098.825000,28.999665,adaptive_ttl_effective_seconds,level=l1,5
2026-08-24_12-37-49-825335_baseline,baseline,burst-load,1787575099.825000,29.999665,adaptive_ttl_effective_seconds,level=l1,5
2026-08-24_12-37-49-825335_baseline,baseline,burst-load,1787575100.825000,30.999665,adaptive_ttl_effective_seconds,level=l1,5
2026-08-24_12-37-49-825335_baseline,baseline,burst-load,1787575101.825000,31.999665,adaptive_ttl_effective_seconds,level=l1,5
2026-08-24_12-37-49-825335_baseline,baseline,burst-load,1787575102.825000,32.999665,adaptive_ttl_effective_seconds,level=l1,5
2026-08-24_12-37-49-825335_baseline,baseline,burst-load,1787575103.825000,33.999665,adaptive_ttl_effective_seconds,level=l1,5
2026-08-24_12-37-49-825335_baseline,baseline,burst-load,1787575104.825000,34.999665,adaptive_ttl_effective_seconds,level=l1,5
2026-08-24_12-37-49-825335_baseline,baseline,burst-load,1787575105.825000,35.999665,adaptive_ttl_effective_seconds,level=l1,5
2026-08-24_12-37-49-825335_baseline,baseline,burst-load,1787575106.825000,36.999665,adaptive_ttl_effective_seconds,level=l1,5
2026-08-24_12-37-49-825335_baseline,baseline,burst-load,1787575107.825000,37.999665,adaptive_ttl_effective_seconds,level=l1,5
2026-08-24_12-37-49-825335_baseline,baseline,burst-load,1787575108.825000,38.999665,adaptive_ttl_effective_seconds,level=l1,5
2026-08-24_12-37-49-825335_baseline,baseline,burst-load,1787575109.825000,39.999665,adaptive_ttl_effective_seconds,level=l1,5
2026-08-24_12-37-49-825335_baseline,baseline,burst-load,1787575110.825000,40.999665,adaptive_ttl_effective_seconds,level=l1,5
2026-08-24_12-37-49-825335_baseline,baseline,burst-load,1787575111.825000,41.999665,adaptive_ttl_effective_seconds,level=l1,5
2026-08-24_12-37-49-825335_baseline,baseline,burst-load,1787575112.825000,42.999665,adaptive_ttl_effective_seconds,level=l1,5
2026-08-24_12-37-49-825335_baseline,baseline,burst-load,1787575113.825000,43.999665,adaptive_ttl_effective_seconds,level=l1,5
2026-08-24_12-37-49-825335_baseline,baseline,burst-load,1787575114.825000,44.999665,adaptive_ttl_effective_seconds,level=l1,5
2026-08-24_12-37-49-825335_baseline,baseline,burst-load,1787575115.825000,45.999665,adaptive_ttl_effective_seconds,level=l1,5
2026-08-24_12-37-49-825335_baseline,baseline,burst-load,1787575116.825000,46.999665,adaptive_ttl_effective_seconds,level=l1,5
2026-08-24_12-37-49-825335_baseline,baseline,burst-load,1787575117.825000,47.999665,adaptive_ttl_effective_seconds,level=l1,5
2026-08-24_12-37-49-825335_baseline,baseline,burst-load,1787575118.825000,48.999665,adaptive_ttl_effective_seconds,level=l1,5
2026-08-24_12-37-49-825335_baseline,baseline,burst-load,1787575119.825000,49.999665,adaptive_ttl_effective_seconds,level=l1,5
2026-08-24_12-37-49-825335_baseline,baseline,burst-load,1787575120.825000,50.999665,adaptive_ttl_effective_seconds,level=l1,5
2026-08-24_12-37-49-825335_baseline,baseline,burst-load,1787575121.825000,51.999665,adaptive_ttl_effective_seconds,level=l1,5
2026-08-24_12-37-49-825335_baseline,baseline,burst-load,1787575122.825000,52.999665,adaptive_ttl_effective_seconds,level=l1,5
2026-08-24_12-37-49-825335_baseline,baseline,burst-load,1787575123.825000,53.999665,adaptive_ttl_effective_seconds,level=l1,5
2026-08-24_12-37-49-825335_baseline,baseline,burst-load,1787575124.825000,54.999665,adaptive_ttl_effective_seconds,level=l1,5
2026-08-24_12-37-49-825335_baseline,baseline,burst-load,1787575125.825000,55.999665,adaptive_ttl_effective_seconds,level=l1,5
2026-08-24_12-37-49-825335_baseline,baseline,burst-load,1787575126.825000,56.999665,adaptive_ttl_effective_seconds,level=l1,5
2026-08-24_12-37-49-825335_baseline,baseline,burst-load,1787575127.825000,57.999665,adaptive_ttl_effective_seconds,level=l1,5
2026-08-24_12-37-49-825335_baseline,baseline,burst-load,1787575128.825000,58.999665,adaptive_ttl_effective_seconds,level=l1,5
2026-08-24_12-37-49-825335_baseline,baseline,burst-load,1787575129.825000,59.999665,adaptive_ttl_effective_seconds,level=l1,5
2026-08-24_12-37-49-825335_baseline,baseline,burst-load,1787575130.825000,60.999665,adaptive_ttl_effective_seconds,level=l1,5
2026-08-24_12-37-49-825335_baseline,baseline,burst-load,1787575131.825000,61.999665,adaptive_ttl_effective_seconds,level=l1,5
2026-08-24_12-37-49-825335_baseline,baseline,burst-load,1787575132.825000,62.999665,adaptive_ttl_effective_seconds,level=l1,5
2026-08-24_12-37-49-825335_baseline,baseline,burst-load,1787575133.825000,63.999665,adaptive_ttl_effective_seconds,level=l1,5
2026-08-24_12-37-49-825335_baseline,baseline,burst-load,1787575134.825000,64.999665,adaptive_ttl_effective_seconds,level=l1,5
2026-08-24_12-37-49-825335_baseline,baseline,burst-load,1787575135.825000,65.999665,adaptive_ttl_effective_seconds,level=l1,5
2026-08-24_12-37-49-825335_baseline,baseline,burst-load,1787575136.825000,66.999665,adaptive_ttl_effective_seconds,level=l1,5
2026-08-24_12-37-49-825335_baseline,baseline,burst-load,1787575137.825000,67.999665,adaptive_ttl_effective_seconds,level=l1,5
2026-08-24_12-37-49-825335_baseline,baseline,burst-load,1787575138.825000,68.999665,adaptive_ttl_effective_seconds,level=l1,5
2026-08-24_12-37-49-825335_baseline,baseline,burst-load,1787575139.825000,69.999665,adaptive_ttl_effective_seconds,level=l1,5
2026-08-24_12-37-49-825335_baseline,baseline,burst-load,1787575140.825000,70.999665,adaptive_ttl_effective_seconds,level=l1,5
2026-08-24_12-37-49-825335_baseline,baseline,burst-load,1787575141.825000,71.999665,adaptive_ttl_effective_seconds,level=l1,5
2026-08-24_12-37-49-825335_baseline,baseline,burst-load,1787575142.825000,72.999665,adaptive_ttl_effective_seconds,level=l1,5
2026-08-24_12-37-49-825335_baseline,baseline,burst-load,1787575143.825000,73.999665,adaptive_ttl_effective_seconds,level=l1,5
2026-08-24_12-37-49-825335_baseline,baseline,burst-load,1787575144.825000,74.999665,adaptive_ttl_effective_seconds,level=l1,5
2026-08-24_12-37-49-825335_baseline,baseline,burst-load,1787575145.825000,75.999665,adaptive_ttl_effective_seconds,level=l1,5
2026-08-24_12-37-49-825335_baseline,baseline,burst-load,1787575146.825000,76.999665,adaptive_ttl_effective_seconds,level=l1,5
2026-08-24_12-37-49-825335_baseline,baseline,burst-load,1787575147.825000,77.999665,adaptive_ttl_effective_seconds,level=l1,5
2026-08-24_12-37-49-825335_baseline,baseline,burst-load,1787575148.825000,78.999665,adaptive_ttl_effective_seconds,level=l1,5
2026-08-24_12-37-49-825335_baseline,baseline,burst-load,1787575149.825000,79.999665,adaptive_ttl_effective_seconds,level=l1,5
2026-08-24_12-37-49-825335_baseline,baseline,burst-load,1787575150.825000,80.999665,adaptive_ttl_effective_seconds,level=l1,5
2026-08-24_12-37-49-825335_baseline,baseline,burst-load,1787575151.825000,81.999665,adaptive_ttl_effective_seconds,level=l1,5
2026-08-24_12-37-49-825335_baseline,baseline,burst-load,1787575152.825000,82.999665,adaptive_ttl_effective_seconds,level=l1,5
2026-08-24_12-37-49-825335_baseline,baseline,burst-load,1787575153.825000,83.999665,adaptive_ttl_effective_seconds,level=l1,5
2026-08-24_12-37-49-825335_baseline,baseline,burst-load,1787575154.825000,84.999665,adaptive_ttl_effective_seconds,level=l1,5
2026-08-24_12-37-49-825335_baseline,baseline,burst-load,1787575155.825000,85.999665,adaptive_ttl_effective_seconds,level=l1,5
2026-08-24_12-37-49-825335_baseline,baseline,burst-load,1787575156.825000,86.999665,adaptive_ttl_effective_seconds,level=l1,5
2026-08-24_12-37-49-825335_baseline,baseline,burst-load,1787575157.825000,87.999665,adaptive_ttl_effective_seconds,level=l1,5
2026-08-24_12-37-49-825335_baseline,baseline,burst-load,1787575158.825000,88.999665,adaptive_ttl_effective_seconds,level=l1,5
2026-08-24_12-37-49-825335_baseline,baseline,burst-load,1787575159.825000,89.999665,adaptive_ttl_effective_seconds,level=l1,5
2026-08-24_12-37-49-825335_baseline,baseline,burst-load,1787575160.825000,90.999665,adaptive_ttl_effective_seconds,level=l1,5
2026-08-24_12-37-49-825335_baseline,baseline,burst-load,1787575161.825000,91.999665,adaptive_ttl_effective_seconds,level=l1,5
2026-08-24_12-37-49-825335_baseline,baseline,burst-load,1787575162.825000,92.999665,adaptive_ttl_effective_seconds,level=l1,5
2026-08-24_12-37-49-825335_baseline,baseline,burst-load,1787575163.825000,93.999665,adaptive_ttl_effective_seconds,level=l1,5
2026-08-24_12-37-49-825335_baseline,baseline,burst-load,1787575164.825000,94.999665,adaptive_ttl_effective_seconds,level=l1,5
2026-08-24_12-37-49-825335_baseline,baseline,burst-load,1787575165.825000,95.999665,adaptive_ttl_effective_seconds,level=l1,5
2026-08-24_12-37-49-825335_baseline,baseline,burst-load,1787575166.825000,96.999665,adaptive_ttl_effective_seconds,level=l1,5
2026-08-24_12-37-49-825335_baseline,baseline,burst-load,1787575167.825000,97.999665,adaptive_ttl_effective_seconds,level=l1,5
2026-08-24_12-37-49-825335_baseline,baseline,burst-load,1787575168.825000,98.999665,adaptive_ttl_effective_seconds,level=l1,5
2026-08-24_12-37-49-825335_baseline,baseline,burst-load,1787575169.825000,99.999665,adaptive_ttl_effective_seconds,level=l1,5
2026-08-24_12-37-49-825335_baseline,baseline,burst-load,1787575170.825000,100.999665,adaptive_ttl_effective_seconds,level=l1,5
2026-08-24_12-37-49-825335_baseline,baseline,burst-load,1787575171.825000,101.999665,adaptive_ttl_effective_seconds,level=l1,5
2026-08-24_12-37-49-825335_baseline,baseline,burst-load,1787575172.825000,102.999665,adaptive_ttl_effective_seconds,level=l1,5
2026-08-24_12-37-49-825335_baseline,baseline,burst-load,1787575173.825000,103.999665,adaptive_ttl_effective_seconds,level=l1,5
2026-08-24_12-37-49-825335_baseline,baseline,burst-load,1787575174.825000,104.999665,adaptive_ttl_effective_seconds,level=l1,5
2026-08-24_12-37-49-825335_baseline,baseline,burst-load,1787575175.825000,105.999665,adaptive_ttl_effective_seconds,level=l1,5
2026-08-24_12-37-49-825335_baseline,baseline,burst-load,1787575176.825000,106.999665,adaptive_ttl_effective_seconds,level=l1,5
2026-08-24_12-37-49-825335_baseline,baseline,burst-load,1787575177.825000,107.999665,adaptive_ttl_effective_seconds,level=l1,5
2026-08-24_12-37-49-825335_baseline,baseline,burst-load,1787575178.825000,108.999665,adaptive_ttl_effective_seconds,level=l1,5
2026-08-24_12-37-49-825335_baseline,baseline,burst-load,1787575179.825000,109.999665,adaptive_ttl_effective_seconds,level=l1,5
2026-08-24_12-37-49-825335_baseline,baseline,burst-load,1787575180.825000,110.999665,adaptive_ttl_effective_seconds,level=l1,5
2026-08-24_12-37-49-825335_baseline,baseline,burst-load,1787575181.825000,111.999665,adaptive_ttl_effective_seconds,level=l1,5
2026-08-24_12-37-49-825335_baseline,baseline,burst-load,1787575182.825000,112.999665,adaptive_ttl_effective_seconds,level=l1,5
2026-08-24_12-37-49-825335_baseline,baseline,burst-load,1787575183.825000,113.999665,adaptive_ttl_effective_seconds,level=l1,5
2026-08-24_12-37-49-825335_baseline,baseline,burst-load,1787575184.825000,114.999665,adaptive_ttl_effective_seconds,level=l1,5
2026-08-24_12-37-49-825335_baseline,baseline,burst-load,1787575185.825000,115.999665,adaptive_ttl_effective_seconds,level=l1,5
2026-08-24_12-37-49-825335_baseline,baseline,burst-load,1787575186.825000,116.999665,adaptive_ttl_effective_seconds,level=l1,5
2026-08-24_12-37-49-825335_baseline,baseline,burst-load,1787575187.825000,117.999665,adaptive_ttl_effective_seconds,level=l1,5
2026-08-24_12-37-49-825335_baseline,baseline,burst-load,1787575188.825000,118.999665,adaptive_ttl_effective_seconds,level=l1,5
2026-08-24_12-37-49-825335_baseline,baseline,burst-load,1787575189.825000,119.999665,adaptive_ttl_effective_seconds,level=l1,5
2026-08-24_12-37-49-825335_baseline,baseline,burst-load,1787575190.825000,120.999665,adaptive_ttl_effective_seconds,level=l1,5
2026-08-24_12-37-49-825335_baseline,baseline,burst-load,1787575191.825000,121.999665,adaptive_ttl_effective_seconds,level=l1,5
2026-08-24_12-37-49-825335_baseline,baseline,burst-load,1787575069.825000,-0.000335,adaptive_ttl_effective_seconds,level=l2,15
2026-08-24_12-37-49-825335_baseline,baseline,burst-load,1787575070.825000,0.999665,adaptive_ttl_effective_seconds,level=l2,15
2026-08-24_12-37-49-825335_baseline,baseline,burst-load,1787575071.825000,1.999665,adaptive_ttl_effective_seconds,level=l2,15
2026-08-24_12-37-49-825335_baseline,baseline,burst-load,1787575072.825000,2.999665,adaptive_ttl_effective_seconds,level=l2,15
2026-08-24_12-37-49-825335_baseline,baseline,burst-load,1787575073.825000,3.999665,adaptive_ttl_effective_seconds,level=l2,15
2026-08-24_12-37-49-825335_baseline,baseline,burst-load,1787575074.825000,4.999665,adaptive_ttl_effective_seconds,level=l2,15
2026-08-24_12-37-49-825335_baseline,baseline,burst-load,1787575075.825000,5.999665,adaptive_ttl_effective_seconds,level=l2,15
2026-08-24_12-37-49-825335_baseline,baseline,burst-load,1787575076.825000,6.999665,adaptive_ttl_effective_seconds,level=l2,15
2026-08-24_12-37-49-825335_baseline,baseline,burst-load,1787575077.825000,7.999665,adaptive_ttl_effective_seconds,level=l2,15
2026-08-24_12-37-49-825335_baseline,baseline,burst-load,1787575078.825000,8.999665,adaptive_ttl_effective_seconds,level=l2,15
2026-08-24_12-37-49-825335_baseline,baseline,burst-load,1787575079.825000,9.999665,adaptive_ttl_effective_seconds,level=l2,15
2026-08-24_12-37-49-825335_baseline,baseline,burst-load,1787575080.825000,10.999665,adaptive_ttl_effective_seconds,level=l2,15
2026-08-24_12-37-49-825335_baseline,baseline,burst-load,1787575081.825000,11.999665,adaptive_ttl_effective_seconds,level=l2,15
2026-08-24_12-37-49-825335_baseline,baseline,burst-load,1787575082.825000,12.999665,adaptive_ttl_effective_seconds,level=l2,15
2026-08-24_12-37-49-825335_baseline,baseline,burst-load,1787575083.825000,13.999665,adaptive_ttl_effective_seconds,level=l2,15
2026-08-24_12-37-49-825335_baseline,baseline,burst-load,1787575084.825000,14.999665,adaptive_ttl_effective_seconds,level=l2,15
2026-08-24_12-37-49-825335_baseline,baseline,burst-load,1787575085.825000,15.999665,adaptive_ttl_effective_seconds,level=l2,15
2026-08-24_12-37-49-825335_baseline,baseline,burst-load,1787575086.825000,16.999665,adaptive_ttl_effective_seconds,level=l2,15
2026-08-24_12-37-49-825335_baseline,baseline,burst-load,1787575087.825000,17.999665,adaptive_ttl_effective_seconds,level=l2,15
2026-08-24_12-37-49-825335_baseline,baseline,burst-load,1787575088.825000,18.999665,adaptive_ttl_effective_seconds,level=l2,15
2026-08-24_12-37-49-825335_baseline,baseline,burst-load,1787575089.825000,19.999665,adaptive_ttl_effective_seconds,level=l2,15
2026-08-24_12-37-49-825335_baseline,baseline,burst-load,1787575090.825000,20.999665,adaptive_ttl_effective_seconds,level=l2,15
2026-08-24_12-37-49-825335_baseline,baseline,burst-load,1787575091.825000,21.999665,adaptive_ttl_effective_seconds,level=l2,15
2026-08-24_12-37-49-825335_baseline,baseline,burst-load,1787575092.825000,22.999665,adaptive_ttl_effective_seconds,level=l2,15
2026-08-24_12-37-49-825335_baseline,baseline,burst-load,1787575093.825000,23.999665,adaptive_ttl_effective_seconds,level=l2,15
2026-08-24_12-37-49-825335_baseline,baseline,burst-load,1787575094.825000,24.999665,adaptive_ttl_effective_seconds,level=l2,15
2026-08-24_12-37-49-825335_baseline,baseline,burst-load,1787575095.825000,25.999665,adaptive_ttl_effective_seconds,level=l2,15
2026-08-24_12-37-49-825335_baseline,baseline,burst-load,1787575096.825000,26.999665,adaptive_ttl_effective_seconds,level=l2,15
2026-08-24_12-37-49-825335_baseline,baseline,burst-load,1787575097.825000,27.999665,adaptive_ttl_effective_seconds,level=l2,15
2026-08-24_12-37-49-825335_baseline,baseline,burst-load,1787575098.825000,28.999665,adaptive_ttl_effective_seconds,level=l2,15
2026-08-24_12-37-49-825335_baseline,baseline,burst-load,1787575099.825000,29.999665,adaptive_ttl_effective_seconds,level=l2,15
2026-08-24_12-37-49-825335_baseline,baseline,burst-load,1787575100.825000,30.999665,adaptive_ttl_effective_seconds,level=l2,15
2026-08-24_12-37-49-825335_baseline,baseline,burst-load,1787575101.825000,31.999665,adaptive_ttl_effective_seconds,level=l2,15
2026-08-24_12-37-49-825335_baseline,baseline,burst-load,1787575102.825000,32.999665,adaptive_ttl_effective_seconds,level=l2,15
2026-08-24_12-37-49-825335_baseline,baseline,burst-load,1787575103.825000,33.999665,adaptive_ttl_effective_seconds,level=l2,15
2026-08-24_12-37-49-825335_baseline,baseline,burst-load,1787575104.825000,34.999665,adaptive_ttl_effective_seconds,level=l2,15
2026-08-24_12-37-49-825335_baseline,baseline,burst-load,1787575105.825000,35.999665,adaptive_ttl_effective_seconds,level=l2,15
2026-08-24_12-37-49-825335_baseline,baseline,burst-load,1787575106.825000,36.999665,adaptive_ttl_effective_seconds,level=l2,15
2026-08-24_12-37-49-825335_baseline,baseline,burst-load,1787575107.825000,37.999665,adaptive_ttl_effective_seconds,level=l2,15
2026-08-24_12-37-49-825335_baseline,baseline,burst-load,1787575108.825000,38.999665,adaptive_ttl_effective_seconds,level=l2,15
2026-08-24_12-37-49-825335_baseline,baseline,burst-load,1787575109.825000,39.999665,adaptive_ttl_effective_seconds,level=l2,15
2026-08-24_12-37-49-825335_baseline,baseline,burst-load,1787575110.825000,40.999665,adaptive_ttl_effective_seconds,level=l2,15
2026-08-24_12-37-49-825335_baseline,baseline,burst-load,1787575111.825000,41.999665,adaptive_ttl_effective_seconds,level=l2,15
2026-08-24_12-37-49-825335_baseline,baseline,burst-load,1787575112.825000,42.999665,adaptive_ttl_effective_seconds,level=l2,15
2026-08-24_12-37-49-825335_baseline,baseline,burst-load,1787575113.825000,43.999665,adaptive_ttl_effective_seconds,level=l2,15
2026-08-24_12-37-49-825335_baseline,baseline,burst-load,1787575114.825000,44.999665,adaptive_ttl_effective_seconds,level=l2,15
2026-08-24_12-37-49-825335_baseline,baseline,burst-load,1787575115.825000,45.999665,adaptive_ttl_effective_seconds,level=l2,15
2026-08-24_12-37-49-825335_baseline,baseline,burst-load,1787575116.825000,46.999665,adaptive_ttl_effective_seconds,level=l2,15
2026-08-24_12-37-49-825335_baseline,baseline,burst-load,1787575117.825000,47.999665,adaptive_ttl_effective_seconds,level=l2,15
2026-08-24_12-37-49-825335_baseline,baseline,burst-load,1787575118.825000,48.999665,adaptive_ttl_effective_seconds,level=l2,15
2026-08-24_12-37-49-825335_baseline,baseline,burst-load,1787575119.825000,49.999665,adaptive_ttl_effective_seconds,level=l2,15
2026-08-24_12-37-49-825335_baseline,baseline,burst-load,1787575120.825000,50.999665,adaptive_ttl_effective_seconds,level=l2,15
2026-08-24_12-37-49-825335_baseline,baseline,burst-load,1787575121.825000,51.999665,adaptive_ttl_effective_seconds,level=l2,15
2026-08-24_12-37-49-825335_baseline,baseline,burst-load,1787575122.825000,52.999665,adaptive_ttl_effective_seconds,level=l2,15
2026-08-24_12-37-49-825335_baseline,baseline,burst-load,1787575123.825000,53.999665,adaptive_ttl_effective_seconds,level=l2,15
2026-08-24_12-37-49-825335_baseline,baseline,burst-load,1787575124.825000,54.999665,adaptive_ttl_effective_seconds,level=l2,15
2026-08-24_12-37-49-825335_baseline,baseline,burst-load,1787575125.825000,55.999665,adaptive_ttl_effective_seconds,level=l2,15
2026-08-24_12-37-49-825335_baseline,baseline,burst-load,1787575126.825000,56.999665,adaptive_ttl_effective_seconds,level=l2,15
2026-08-24_12-37-49-825335_baseline,baseline,burst-load,1787575127.825000,57.999665,adaptive_ttl_effective_seconds,level=l2,15
2026-08-24_12-37-49-825335_baseline,baseline,burst-load,1787575128.825000,58.999665,adaptive_ttl_effective_seconds,level=l2,15
2026-08-24_12-37-49-825335_baseline,baseline,burst-load,1787575129.825000,59.999665,adaptive_ttl_effective_seconds,level=l2,15
2026-08-24_12-37-49-825335_baseline,baseline,burst-load,1787575130.825000,60.999665,adaptive_ttl_effective_seconds,level=l2,15
2026-08-24_12-37-49-825335_baseline,baseline,burst-load,1787575131.825000,61.999665,adaptive_ttl_effective_seconds,level=l2,15
2026-08-24_12-37-49-825335_baseline,baseline,burst-load,1787575132.825000,62.999665,adaptive_ttl_effective_seconds,level=l2,15
2026-08-24_12-37-49-825335_baseline,baseline,burst-load,1787575133.825000,63.999665,adaptive_ttl_effective_seconds,level=l2,15
2026-08-24_12-37-49-825335_baseline,baseline,burst-load,1787575134.825000,64.999665,adaptive_ttl_effective_seconds,level=l2,15
2026-08-24_12-37-49-825335_baseline,baseline,burst-load,1787575135.825000,65.999665,adaptive_ttl_effective_seconds,level=l2,15
2026-08-24_12-37-49-825335_baseline,baseline,burst-load,1787575136.825000,66.999665,adaptive_ttl_effective_seconds,level=l2,15
2026-08-24_12-37-49-825335_baseline,baseline,burst-load,1787575137.825000,67.999665,adaptive_ttl_effective_seconds,level=l2,15
2026-08-24_12-37-49-825335_baseline,baseline,burst-load,1787575138.825000,68.999665,adaptive_ttl_effective_seconds,level=l2,15
2026-08-24_12-37-49-825335_baseline,baseline,burst-load,1787575139.825000,69.999665,adaptive_ttl_effective_seconds,level=l2,15
2026-08-24_12-37-49-825335_baseline,baseline,burst-load,1787575140.825000,70.999665,adaptive_ttl_effective_seconds,level=l2,15
2026-08-24_12-37-49-825335_baseline,baseline,burst-load,1787575141.825000,71.999665,adaptive_ttl_effective_seconds,level=l2,15
2026-08-24_12-37-49-825335_baseline,baseline,burst-load,1787575142.825000,72.999665,adaptive_ttl_effective_seconds,level=l2,15
2026-08-24_12-37-49-825335_baseline,baseline,burst-load,1787575143.825000,73.999665,adaptive_ttl_effective_seconds,level=l2,15
2026-08-24_12-37-49-825335_baseline,baseline,burst-load,1787575144.825000,74.999665,adaptive_ttl_effective_seconds,level=l2,15
2026-08-24_12-37-49-825335_baseline,baseline,burst-load,1787575145.825000,75.999665,adaptive_ttl_effective_seconds,level=l2,15
2026-08-24_12-37-49-825335_baseline,baseline,burst-load,1787575146.825000,76.999665,adaptive_ttl_effective_seconds,level=l2,15
2026-08-24_12-37-49-825335_baseline,baseline,burst-load,1787575147.825000,77.999665,adaptive_ttl_effective_seconds,level=l2,15
2026-08-24_12-37-49-825335_baseline,baseline,burst-load,1787575148.825000,78.999665,adaptive_ttl_effective_seconds,level=l2,15
2026-08-24_12-37-49-825335_baseline,baseline,burst-load,1787575149.825000,79.999665,adaptive_ttl_effective_seconds,level=l2,15
2026-08-24_12-37-49-825335_baseline,baseline,burst-load,1787575150.825000,80.999665,adaptive_ttl_effective_seconds,level=l2,15
2026-08-24_12-37-49-825335_baseline,baseline,burst-load,1787575151.825000,81.999665,adaptive_ttl_effective_seconds,level=l2,15
2026-08-24_12-37-49-825335_baseline,baseline,burst-load,1787575152.825000,82.999665,adaptive_ttl_effective_seconds,level=l2,15
2026-08-24_12-37-49-825335_baseline,baseline,burst-load,1787575153.825000,83.999665,adaptive_ttl_effective_seconds,level=l2,15
2026-08-24_12-37-49-825335_baseline,baseline,burst-load,1787575154.825000,84.999665,adaptive_ttl_effective_seconds,level=l2,15
2026-08-24_12-37-49-825335_baseline,baseline,burst-load,1787575155.825000,85.999665,adaptive_ttl_effective_seconds,level=l2,15
2026-08-24_12-37-49-825335_baseline,baseline,burst-load,1787575156.825000,86.999665,adaptive_ttl_effective_seconds,level=l2,15
2026-08-24_12-37-49-825335_baseline,baseline,burst-load,1787575157.825000,87.999665,adaptive_ttl_effective_seconds,level=l2,15
2026-08-24_12-37-49-825335_baseline,baseline,burst-load,1787575158.825000,88.999665,adaptive_ttl_effective_seconds,level=l2,15
2026-08-24_12-37-49-825335_baseline,baseline,burst-load,1787575159.825000,89.999665,adaptive_ttl_effective_seconds,level=l2,15
2026-08-24_12-37-49-825335_baseline,baseline,burst-load,1787575160.825000,90.999665,adaptive_ttl_effective_seconds,level=l2,15
2026-08-24_12-37-49-825335_baseline,baseline,burst-load,1787575161.825000,91.999665,adaptive_ttl_effective_seconds,level=l2,15
2026-08-24_12-37-49-825335_baseline,baseline,burst-load,1787575162.825000,92.999665,adaptive_ttl_effective_seconds,level=l2,15
2026-08-24_12-37-49-825335_baseline,baseline,burst-load,1787575163.825000,93.999665,adaptive_ttl_effective_seconds,level=l2,15
2026-08-24_12-37-49-825335_baseline,baseline,burst-load,1787575164.825000,94.999665,adaptive_ttl_effective_seconds,level=l2,15
2026-08-24_12-37-49-825335_baseline,baseline,burst-load,1787575165.825000,95.999665,adaptive_ttl_effective_seconds,level=l2,15
2026-08-24_12-37-49-825335_baseline,baseline,burst-load,1787575166.825000,96.999665,adaptive_ttl_effective_seconds,level=l2,15
2026-08-24_12-37-49-825335_baseline,baseline,burst-load,1787575167.825000,97.999665,adaptive_ttl_effective_seconds,level=l2,15
2026-08-24_12-37-49-825335_baseline,baseline,burst-load,1787575168.825000,98.999665,adaptive_ttl_effective_seconds,level=l2,15
2026-08-24_12-37-49-825335_baseline,baseline,burst-load,1787575169.825000,99.999665,adaptive_ttl_effective_seconds,level=l2,15
2026-08-24_12-37-49-825335_baseline,baseline,burst-load,1787575170.825000,100.999665,adaptive_ttl_effective_seconds,level=l2,15
2026-08-24_12-37-49-825335_baseline,baseline,burst-load,1787575171.825000,101.999665,adaptive_ttl_effective_seconds,level=l2,15
2026-08-24_12-37-49-825335_baseline,baseline,burst-load,1787575172.825000,102.999665,adaptive_ttl_effective_seconds,level=l2,15
2026-08-24_12-37-49-825335_baseline,baseline,burst-load,1787575173.825000,103.999665,adaptive_ttl_effective_seconds,level=l2,15
2026-08-24_12-37-49-825335_baseline,baseline,burst-load,1787575174.825000,104.999665,adaptive_ttl_effective_seconds,level=l2,15
2026-08-24_12-37-49-825335_baseline,baseline,burst-load,1787575175.825000,105.999665,adaptive_ttl_effective_seconds,level=l2,15
2026-08-24_12-37-49-825335_baseline,baseline,burst-load,1787575176.825000,106.999665,adaptive_ttl_effective_seconds,level=l2,15
2026-08-24_12-37-49-825335_baseline,baseline,burst-load,1787575177.825000,107.999665,adaptive_ttl_effective_seconds,level=l2,15
2026-08-24_12-37-49-825335_baseline,baseline,burst-load,1787575178.825000,108.999665,adaptive_ttl_effective_seconds,level=l2,15
2026-08-24_12-37-49-825335_baseline,baseline,burst-load,1787575179.825000,109.999665,adaptive_ttl_effective_seconds,level=l2,15
2026-08-24_12-37-49-825335_baseline,baseline,burst-load,1787575180.825000,110.999665,adaptive_ttl_effective_seconds,level=l2,15
2026-08-24_12-37-49-825335_baseline,baseline,burst-load,1787575181.825000,111.999665,adaptive_ttl_effective_seconds,level=l2,15
2026-08-24_12-37-49-825335_baseline,baseline,burst-load,1787575182.825000,112.999665,adaptive_ttl_effective_seconds,level=l2,15
2026-08-24_12-37-49-825335_baseline,baseline,burst-load,1787575183.825000,113.999665,adaptive_ttl_effective_seconds,level=l2,15
2026-08-24_12-37-49-825335_baseline,baseline,burst-load,1787575184.825000,114.999665,adaptive_ttl_effective_seconds,level=l2,15
2026-08-24_12-37-49-825335_baseline,baseline,burst-load,1787575185.825000,115.999665,adaptive_ttl_effective_seconds,level=l2,15
2026-08-24_12-37-49-825335_baseline,baseline,burst-load,1787575186.825000,116.999665,adaptive_ttl_effective_seconds,level=l2,15
2026-08-24_12-37-49-825335_baseline,baseline,burst-load,1787575187.825000,117.999665,adaptive_ttl_effective_seconds,level=l2,15
2026-08-24_12-37-49-825335_baseline,baseline,burst-load,1787575188.825000,118.999665,adaptive_ttl_effective_seconds,level=l2,15
2026-08-24_12-37-49-825335_baseline,baseline,burst-load,1787575189.825000,119.999665,adaptive_ttl_effective_seconds,level=l2,15
2026-08-24_12-37-49-825335_baseline,baseline,burst-load,1787575190.825000,120.999665,adaptive_ttl_effective_seconds,level=l2,15
2026-08-24_12-37-49-825335_baseline,baseline,burst-load,1787575191.825000,121.999665,adaptive_ttl_effective_seconds,level=l2,15
2026-08-24_12-37-49-825335_baseline,baseline,burst-load,1787575069.825000,-0.000335,adaptive_ttl_state,all,0
2026-08-24_12-37-49-825335_baseline,baseline,burst-load,1787575070.825000,0.999665,adaptive_ttl_state,all,0
2026-08-24_12-37-49-825335_baseline,baseline,burst-load,1787575071.825000,1.999665,adaptive_ttl_state,all,0
2026-08-24_12-37-49-825335_baseline,baseline,burst-load,1787575072.825000,2.999665,adaptive_ttl_state,all,0
2026-08-24_12-37-49-825335_baseline,baseline,burst-load,1787575073.825000,3.999665,adaptive_ttl_state,all,0
2026-08-24_12-37-49-825335_baseline,baseline,burst-load,1787575074.825000,4.999665,adaptive_ttl_state,all,0
2026-08-24_12-37-49-825335_baseline,baseline,burst-load,1787575075.825000,5.999665,adaptive_ttl_state,all,0
2026-08-24_12-37-49-825335_baseline,baseline,burst-load,1787575076.825000,6.999665,adaptive_ttl_state,all,0
2026-08-24_12-37-49-825335_baseline,baseline,burst-load,1787575077.825000,7.999665,adaptive_ttl_state,all,0
2026-08-24_12-37-49-825335_baseline,baseline,burst-load,1787575078.825000,8.999665,adaptive_ttl_state,all,0
2026-08-24_12-37-49-825335_baseline,baseline,burst-load,1787575079.825000,9.999665,adaptive_ttl_state,all,0
2026-08-24_12-37-49-825335_baseline,baseline,burst-load,1787575080.825000,10.999665,adaptive_ttl_state,all,0
2026-08-24_12-37-49-825335_baseline,baseline,burst-load,1787575081.825000,11.999665,adaptive_ttl_state,all,0
2026-08-24_12-37-49-825335_baseline,baseline,burst-load,1787575082.825000,12.999665,adaptive_ttl_state,all,0
2026-08-24_12-37-49-825335_baseline,baseline,burst-load,1787575083.825000,13.999665,adaptive_ttl_state,all,0
2026-08-24_12-37-49-825335_baseline,baseline,burst-load,1787575084.825000,14.999665,adaptive_ttl_state,all,0
2026-08-24_12-37-49-825335_baseline,baseline,burst-load,1787575085.825000,15.999665,adaptive_ttl_state,all,0
2026-08-24_12-37-49-825335_baseline,baseline,burst-load,1787575086.825000,16.999665,adaptive_ttl_state,all,0
2026-08-24_12-37-49-825335_baseline,baseline,burst-load,1787575087.825000,17.999665,adaptive_ttl_state,all,0
2026-08-24_12-37-49-825335_baseline,baseline,burst-load,1787575088.825000,18.999665,adaptive_ttl_state,all,0
2026-08-24_12-37-49-825335_baseline,baseline,burst-load,1787575089.825000,19.999665,adaptive_ttl_state,all,0
2026-08-24_12-37-49-825335_baseline,baseline,burst-load,1787575090.825000,20.999665,adaptive_ttl_state,all,0
2026-08-24_12-37-49-825335_baseline,baseline,burst-load,1787575091.825000,21.999665,adaptive_ttl_state,all,0
2026-08-24_12-37-49-825335_baseline,baseline,burst-load,1787575092.825000,22.999665,adaptive_ttl_state,all,0
2026-08-24_12-37-49-825335_baseline,baseline,burst-load,1787575093.825000,23.999665,adaptive_ttl_state,all,0
2026-08-24_12-37-49-825335_baseline,baseline,burst-load,1787575094.825000,24.999665,adaptive_ttl_state,all,0
2026-08-24_12-37-49-825335_baseline,baseline,burst-load,1787575095.825000,25.999665,adaptive_ttl_state,all,0
2026-08-24_12-37-49-825335_baseline,baseline,burst-load,1787575096.825000,26.999665,adaptive_ttl_state,all,0
2026-08-24_12-37-49-825335_baseline,baseline,burst-load,1787575097.825000,27.999665,adaptive_ttl_state,all,0
2026-08-24_12-37-49-825335_baseline,baseline,burst-load,1787575098.825000,28.999665,adaptive_ttl_state,all,0
2026-08-24_12-37-49-825335_baseline,baseline,burst-load,1787575099.825000,29.999665,adaptive_ttl_state,all,0
2026-08-24_12-37-49-825335_baseline,baseline,burst-load,1787575100.825000,30.999665,adaptive_ttl_state,all,0
2026-08-24_12-37-49-825335_baseline,baseline,burst-load,1787575101.825000,31.999665,adaptive_ttl_state,all,0
2026-08-24_12-37-49-825335_baseline,baseline,burst-load,1787575102.825000,32.999665,adaptive_ttl_state,all,0
2026-08-24_12-37-49-825335_baseline,baseline,burst-load,1787575103.825000,33.999665,adaptive_ttl_state,all,0
2026-08-24_12-37-49-825335_baseline,baseline,burst-load,1787575104.825000,34.999665,adaptive_ttl_state,all,0
2026-08-24_12-37-49-825335_baseline,baseline,burst-load,1787575105.825000,35.999665,adaptive_ttl_state,all,0
2026-08-24_12-37-49-825335_baseline,baseline,burst-load,1787575106.825000,36.999665,adaptive_ttl_state,all,0
2026-08-24_12-37-49-825335_baseline,baseline,burst-load,1787575107.825000,37.999665,adaptive_ttl_state,all,0
2026-08-24_12-37-49-825335_baseline,baseline,burst-load,1787575108.825000,38.999665,adaptive_ttl_state,all,0
2026-08-24_12-37-49-825335_baseline,baseline,burst-load,1787575109.825000,39.999665,adaptive_ttl_state,all,0
2026-08-24_12-37-49-825335_baseline,baseline,burst-load,1787575110.825000,40.999665,adaptive_ttl_state,all,0
2026-08-24_12-37-49-825335_baseline,baseline,burst-load,1787575111.825000,41.999665,adaptive_ttl_state,all,0
2026-08-24_12-37-49-825335_baseline,baseline,burst-load,1787575112.825000,42.999665,adaptive_ttl_state,all,0
2026-08-24_12-37-49-825335_baseline,baseline,burst-load,1787575113.825000,43.999665,adaptive_ttl_state,all,0
2026-08-24_12-37-49-825335_baseline,baseline,burst-load,1787575114.825000,44.999665,adaptive_ttl_state,all,0
2026-08-24_12-37-49-825335_baseline,baseline,burst-load,1787575115.825000,45.999665,adaptive_ttl_state,all,0
2026-08-24_12-37-49-825335_baseline,baseline,burst-load,1787575116.825000,46.999665,adaptive_ttl_state,all,0
2026-08-24_12-37-49-825335_baseline,baseline,burst-load,1787575117.825000,47.999665,adaptive_ttl_state,all,0
2026-08-24_12-37-49-825335_baseline,baseline,burst-load,1787575118.825000,48.999665,adaptive_ttl_state,all,0
2026-08-24_12-37-49-825335_baseline,baseline,burst-load,1787575119.825000,49.999665,adaptive_ttl_state,all,0
2026-08-24_12-37-49-825335_baseline,baseline,burst-load,1787575120.825000,50.999665,adaptive_ttl_state,all,0
2026-08-24_12-37-49-825335_baseline,baseline,burst-load,1787575121.825000,51.999665,adaptive_ttl_state,all,0
2026-08-24_12-37-49-825335_baseline,baseline,burst-load,1787575122.825000,52.999665,adaptive_ttl_state,all,0
2026-08-24_12-37-49-825335_baseline,baseline,burst-load,1787575123.825000,53.999665,adaptive_ttl_state,all,0
2026-08-24_12-37-49-825335_baseline,baseline,burst-load,1787575124.825000,54.999665,adaptive_ttl_state,all,0
2026-08-24_12-37-49-825335_baseline,baseline,burst-load,1787575125.825000,55.999665,adaptive_ttl_state,all,0
2026-08-24_12-37-49-825335_baseline,baseline,burst-load,1787575126.825000,56.999665,adaptive_ttl_state,all,0
2026-08-24_12-37-49-825335_baseline,baseline,burst-load,1787575127.825000,57.999665,adaptive_ttl_state,all,0
2026-08-24_12-37-49-825335_baseline,baseline,burst-load,1787575128.825000,58.999665,adaptive_ttl_state,all,0
2026-08-24_12-37-49-825335_baseline,baseline,burst-load,1787575129.825000,59.999665,adaptive_ttl_state,all,0
2026-08-24_12-37-49-825335_baseline,baseline,burst-load,1787575130.825000,60.999665,adaptive_ttl_state,all,0
2026-08-24_12-37-49-825335_baseline,baseline,burst-load,1787575131.825000,61.999665,adaptive_ttl_state,all,0
2026-08-24_12-37-49-825335_baseline,baseline,burst-load,1787575132.825000,62.999665,adaptive_ttl_state,all,0
2026-08-24_12-37-49-825335_baseline,baseline,burst-load,1787575133.825000,63.999665,adaptive_ttl_state,all,0
2026-08-24_12-37-49-825335_baseline,baseline,burst-load,1787575134.825000,64.999665,adaptive_ttl_state,all,0
2026-08-24_12-37-49-825335_baseline,baseline,burst-load,1787575135.825000,65.999665,adaptive_ttl_state,all,0
2026-08-24_12-37-49-825335_baseline,baseline,burst-load,1787575136.825000,66.999665,adaptive_ttl_state,all,0
2026-08-24_12-37-49-825335_baseline,baseline,burst-load,1787575137.825000,67.999665,adaptive_ttl_state,all,0
2026-08-24_12-37-49-825335_baseline,baseline,burst-load,1787575138.825000,68.999665,adaptive_ttl_state,all,0
2026-08-24_12-37-49-825335_baseline,baseline,burst-load,1787575139.825000,69.999665,adaptive_ttl_state,all,0
2026-08-24_12-37-49-825335_baseline,baseline,burst-load,1787575140.825000,70.999665,adaptive_ttl_state,all,0
2026-08-24_12-37-49-825335_baseline,baseline,burst-load,1787575141.825000,71.999665,adaptive_ttl_state,all,0
2026-08-24_12-37-49-825335_baseline,baseline,burst-load,1787575142.825000,72.999665,adaptive_ttl_state,all,0
2026-08-24_12-37-49-825335_baseline,baseline,burst-load,1787575143.825000,73.999665,adaptive_ttl_state,all,0
2026-08-24_12-37-49-825335_baseline,baseline,burst-load,1787575144.825000,74.999665,adaptive_ttl_state,all,0
2026-08-24_12-37-49-825335_baseline,baseline,burst-load,1787575145.825000,75.999665,adaptive_ttl_state,all,0
2026-08-24_12-37-49-825335_baseline,baseline,burst-load,1787575146.825000,76.999665,adaptive_ttl_state,all,0
2026-08-24_12-37-49-825335_baseline,baseline,burst-load,1787575147.825000,77.999665,adaptive_ttl_state,all,0
2026-08-24_12-37-49-825335_baseline,baseline,burst-load,1787575148.825000,78.999665,adaptive_ttl_state,all,0
2026-08-24_12-37-49-825335_baseline,baseline,burst-load,1787575149.825000,79.999665,adaptive_ttl_state,all,0
2026-08-24_12-37-49-825335_baseline,baseline,burst-load,1787575150.825000,80.999665,adaptive_ttl_state,all,0
2026-08-24_12-37-49-825335_baseline,baseline,burst-load,1787575151.825000,81.999665,adaptive_ttl_state,all,0
2026-08-24_12-37-49-825335_baseline,baseline,burst-load,1787575152.825000,82.999665,adaptive_ttl_state,all,0
2026-08-24_12-37-49-825335_baseline,baseline,burst-load,1787575153.825000,83.999665,adaptive_ttl_state,all,0
2026-08-24_12-37-49-825335_baseline,baseline,burst-load,1787575154.825000,84.999665,adaptive_ttl_state,all,0
2026-08-24_12-37-49-825335_baseline,baseline,burst-load,1787575155.825000,85.999665,adaptive_ttl_state,all,0
2026-08-24_12-37-49-825335_baseline,baseline,burst-load,1787575156.825000,86.999665,adaptive_ttl_state,all,0
2026-08-24_12-37-49-825335_baseline,baseline,burst-load,1787575157.825000,87.999665,adaptive_ttl_state,all,0
2026-08-24_12-37-49-825335_baseline,baseline,burst-load,1787575158.825000,88.999665,adaptive_ttl_state,all,0
2026-08-24_12-37-49-825335_baseline,baseline,burst-load,1787575159.825000,89.999665,adaptive_ttl_state,all,0
2026-08-24_12-37-49-825335_baseline,baseline,burst-load,1787575160.825000,90.999665,adaptive_ttl_state,all,0
2026-08-24_12-37-49-825335_baseline,baseline,burst-load,1787575161.825000,91.999665,adaptive_ttl_state,all,0
2026-08-24_12-37-49-825335_baseline,baseline,burst-load,1787575162.825000,92.999665,adaptive_ttl_state,all,0
2026-08-24_12-37-49-825335_baseline,baseline,burst-load,1787575163.825000,93.999665,adaptive_ttl_state,all,0
2026-08-24_12-37-49-825335_baseline,baseline,burst-load,1787575164.825000,94.999665,adaptive_ttl_state,all,0
2026-08-24_12-37-49-825335_baseline,baseline,burst-load,1787575165.825000,95.999665,adaptive_ttl_state,all,0
2026-08-24_12-37-49-825335_baseline,baseline,burst-load,1787575166.825000,96.999665,adaptive_ttl_state,all,0
2026-08-24_12-37-49-825335_baseline,baseline,burst-load,1787575167.825000,97.999665,adaptive_ttl_state,all,0
2026-08-24_12-37-49-825335_baseline,baseline,burst-load,1787575168.825000,98.999665,adaptive_ttl_state,all,0
2026-08-24_12-37-49-825335_baseline,baseline,burst-load,1787575169.825000,99.999665,adaptive_ttl_state,all,0
2026-08-24_12-37-49-825335_baseline,baseline,burst-load,1787575170.825000,100.999665,adaptive_ttl_state,all,0
2026-08-24_12-37-49-825335_baseline,baseline,burst-load,1787575171.825000,101.999665,adaptive_ttl_state,all,0
2026-08-24_12-37-49-825335_baseline,baseline,burst-load,1787575172.825000,102.999665,adaptive_ttl_state,all,0
2026-08-24_12-37-49-825335_baseline,baseline,burst-load,1787575173.825000,103.999665,adaptive_ttl_state,all,0
2026-08-24_12-37-49-825335_baseline,baseline,burst-load,1787575174.825000,104.999665,adaptive_ttl_state,all,0
2026-08-24_12-37-49-825335_baseline,baseline,burst-load,1787575175.825000,105.999665,adaptive_ttl_state,all,0
2026-08-24_12-37-49-825335_baseline,baseline,burst-load,1787575176.825000,106.999665,adaptive_ttl_state,all,0
2026-08-24_12-37-49-825335_baseline,baseline,burst-load,1787575177.825000,107.999665,adaptive_ttl_state,all,0
2026-08-24_12-37-49-825335_baseline,baseline,burst-load,1787575178.825000,108.999665,adaptive_ttl_state,all,0
2026-08-24_12-37-49-825335_baseline,baseline,burst-load,1787575179.825000,109.999665,adaptive_ttl_state,all,0
2026-08-24_12-37-49-825335_baseline,baseline,burst-load,1787575180.825000,110.999665,adaptive_ttl_state,all,0
2026-08-24_12-37-49-825335_baseline,baseline,burst-load,1787575181.825000,111.999665,adaptive_ttl_state,all,0
2026-08-24_12-37-49-825335_baseline,baseline,burst-load,1787575182.825000,112.999665,adaptive_ttl_state,all,0
2026-08-24_12-37-49-825335_baseline,baseline,burst-load,1787575183.825000,113.999665,adaptive_ttl_state,all,0
2026-08-24_12-37-49-825335_baseline,baseline,burst-load,1787575184.825000,114.999665,adaptive_ttl_state,all,0
2026-08-24_12-37-49-825335_baseline,baseline,burst-load,1787575185.825000,115.999665,adaptive_ttl_state,all,0
2026-08-24_12-37-49-825335_baseline,baseline,burst-load,1787575186.825000,116.999665,adaptive_ttl_state,all,0
2026-08-24_12-37-49-825335_baseline,baseline,burst-load,1787575187.825000,117.999665,adaptive_ttl_state,all,0
2026-08-24_12-37-49-825335_baseline,baseline,burst-load,1787575188.825000,118.999665,adaptive_ttl_state,all,0
2026-08-24_12-37-49-825335_baseline,baseline,burst-load,1787575189.825000,119.999665,adaptive_ttl_state,all,0
2026-08-24_12-37-49-825335_baseline,baseline,burst-load,1787575190.825000,120.999665,adaptive_ttl_state,all,0
2026-08-24_12-37-49-825335_baseline,baseline,burst-load,1787575191.825000,121.999665,adaptive_ttl_state,all,0
2026-08-24_12-37-49-825335_baseline,baseline,burst-load,1787575069.825000,-0.000335,adaptive_ttl_backend_p99_milliseconds,all,0
2026-08-24_12-37-49-825335_baseline,baseline,burst-load,1787575070.825000,0.999665,adaptive_ttl_backend_p99_milliseconds,all,0
2026-08-24_12-37-49-825335_baseline,baseline,burst-load,1787575071.825000,1.999665,adaptive_ttl_backend_p99_milliseconds,all,0
2026-08-24_12-37-49-825335_baseline,baseline,burst-load,1787575072.825000,2.999665,adaptive_ttl_backend_p99_milliseconds,all,0
2026-08-24_12-37-49-825335_baseline,baseline,burst-load,1787575073.825000,3.999665,adaptive_ttl_backend_p99_milliseconds,all,0
2026-08-24_12-37-49-825335_baseline,baseline,burst-load,1787575074.825000,4.999665,adaptive_ttl_backend_p99_milliseconds,all,0
2026-08-24_12-37-49-825335_baseline,baseline,burst-load,1787575075.825000,5.999665,adaptive_ttl_backend_p99_milliseconds,all,0
2026-08-24_12-37-49-825335_baseline,baseline,burst-load,1787575076.825000,6.999665,adaptive_ttl_backend_p99_milliseconds,all,0
2026-08-24_12-37-49-825335_baseline,baseline,burst-load,1787575077.825000,7.999665,adaptive_ttl_backend_p99_milliseconds,all,0
2026-08-24_12-37-49-825335_baseline,baseline,burst-load,1787575078.825000,8.999665,adaptive_ttl_backend_p99_milliseconds,all,0
2026-08-24_12-37-49-825335_baseline,baseline,burst-load,1787575079.825000,9.999665,adaptive_ttl_backend_p99_milliseconds,all,0
2026-08-24_12-37-49-825335_baseline,baseline,burst-load,1787575080.825000,10.999665,adaptive_ttl_backend_p99_milliseconds,all,0
2026-08-24_12-37-49-825335_baseline,baseline,burst-load,1787575081.825000,11.999665,adaptive_ttl_backend_p99_milliseconds,all,0
2026-08-24_12-37-49-825335_baseline,baseline,burst-load,1787575082.825000,12.999665,adaptive_ttl_backend_p99_milliseconds,all,0
2026-08-24_12-37-49-825335_baseline,baseline,burst-load,1787575083.825000,13.999665,adaptive_ttl_backend_p99_milliseconds,all,0
2026-08-24_12-37-49-825335_baseline,baseline,burst-load,1787575084.825000,14.999665,adaptive_ttl_backend_p99_milliseconds,all,0
2026-08-24_12-37-49-825335_baseline,baseline,burst-load,1787575085.825000,15.999665,adaptive_ttl_backend_p99_milliseconds,all,0
2026-08-24_12-37-49-825335_baseline,baseline,burst-load,1787575086.825000,16.999665,adaptive_ttl_backend_p99_milliseconds,all,0
2026-08-24_12-37-49-825335_baseline,baseline,burst-load,1787575087.825000,17.999665,adaptive_ttl_backend_p99_milliseconds,all,0
2026-08-24_12-37-49-825335_baseline,baseline,burst-load,1787575088.825000,18.999665,adaptive_ttl_backend_p99_milliseconds,all,0
2026-08-24_12-37-49-825335_baseline,baseline,burst-load,1787575089.825000,19.999665,adaptive_ttl_backend_p99_milliseconds,all,0
2026-08-24_12-37-49-825335_baseline,baseline,burst-load,1787575090.825000,20.999665,adaptive_ttl_backend_p99_milliseconds,all,0
2026-08-24_12-37-49-825335_baseline,baseline,burst-load,1787575091.825000,21.999665,adaptive_ttl_backend_p99_milliseconds,all,0
2026-08-24_12-37-49-825335_baseline,baseline,burst-load,1787575092.825000,22.999665,adaptive_ttl_backend_p99_milliseconds,all,0
2026-08-24_12-37-49-825335_baseline,baseline,burst-load,1787575093.825000,23.999665,adaptive_ttl_backend_p99_milliseconds,all,0
2026-08-24_12-37-49-825335_baseline,baseline,burst-load,1787575094.825000,24.999665,adaptive_ttl_backend_p99_milliseconds,all,0
2026-08-24_12-37-49-825335_baseline,baseline,burst-load,1787575095.825000,25.999665,adaptive_ttl_backend_p99_milliseconds,all,0
2026-08-24_12-37-49-825335_baseline,baseline,burst-load,1787575096.825000,26.999665,adaptive_ttl_backend_p99_milliseconds,all,0
2026-08-24_12-37-49-825335_baseline,baseline,burst-load,1787575097.825000,27.999665,adaptive_ttl_backend_p99_milliseconds,all,0
2026-08-24_12-37-49-825335_baseline,baseline,burst-load,1787575098.825000,28.999665,adaptive_ttl_backend_p99_milliseconds,all,0
2026-08-24_12-37-49-825335_baseline,baseline,burst-load,1787575099.825000,29.999665,adaptive_ttl_backend_p99_milliseconds,all,0
2026-08-24_12-37-49-825335_baseline,baseline,burst-load,1787575100.825000,30.999665,adaptive_ttl_backend_p99_milliseconds,all,0
2026-08-24_12-37-49-825335_baseline,baseline,burst-load,1787575101.825000,31.999665,adaptive_ttl_backend_p99_milliseconds,all,0
2026-08-24_12-37-49-825335_baseline,baseline,burst-load,1787575102.825000,32.999665,adaptive_ttl_backend_p99_milliseconds,all,0
2026-08-24_12-37-49-825335_baseline,baseline,burst-load,1787575103.825000,33.999665,adaptive_ttl_backend_p99_milliseconds,all,0
2026-08-24_12-37-49-825335_baseline,baseline,burst-load,1787575104.825000,34.999665,adaptive_ttl_backend_p99_milliseconds,all,0
2026-08-24_12-37-49-825335_baseline,baseline,burst-load,1787575105.825000,35.999665,adaptive_ttl_backend_p99_milliseconds,all,0
2026-08-24_12-37-49-825335_baseline,baseline,burst-load,1787575106.825000,36.999665,adaptive_ttl_backend_p99_milliseconds,all,0
2026-08-24_12-37-49-825335_baseline,baseline,burst-load,1787575107.825000,37.999665,adaptive_ttl_backend_p99_milliseconds,all,0
2026-08-24_12-37-49-825335_baseline,baseline,burst-load,1787575108.825000,38.999665,adaptive_ttl_backend_p99_milliseconds,all,0
2026-08-24_12-37-49-825335_baseline,baseline,burst-load,1787575109.825000,39.999665,adaptive_ttl_backend_p99_milliseconds,all,0
2026-08-24_12-37-49-825335_baseline,baseline,burst-load,1787575110.825000,40.999665,adaptive_ttl_backend_p99_milliseconds,all,0
2026-08-24_12-37-49-825335_baseline,baseline,burst-load,1787575111.825000,41.999665,adaptive_ttl_backend_p99_milliseconds,all,0
2026-08-24_12-37-49-825335_baseline,baseline,burst-load,1787575112.825000,42.999665,adaptive_ttl_backend_p99_milliseconds,all,0
2026-08-24_12-37-49-825335_baseline,baseline,burst-load,1787575113.825000,43.999665,adaptive_ttl_backend_p99_milliseconds,all,0
2026-08-24_12-37-49-825335_baseline,baseline,burst-load,1787575114.825000,44.999665,adaptive_ttl_backend_p99_milliseconds,all,0
2026-08-24_12-37-49-825335_baseline,baseline,burst-load,1787575115.825000,45.999665,adaptive_ttl_backend_p99_milliseconds,all,0
2026-08-24_12-37-49-825335_baseline,baseline,burst-load,1787575116.825000,46.999665,adaptive_ttl_backend_p99_milliseconds,all,0
2026-08-24_12-37-49-825335_baseline,baseline,burst-load,1787575117.825000,47.999665,adaptive_ttl_backend_p99_milliseconds,all,0
2026-08-24_12-37-49-825335_baseline,baseline,burst-load,1787575118.825000,48.999665,adaptive_ttl_backend_p99_milliseconds,all,0
2026-08-24_12-37-49-825335_baseline,baseline,burst-load,1787575119.825000,49.999665,adaptive_ttl_backend_p99_milliseconds,all,0
2026-08-24_12-37-49-825335_baseline,baseline,burst-load,1787575120.825000,50.999665,adaptive_ttl_backend_p99_milliseconds,all,0
2026-08-24_12-37-49-825335_baseline,baseline,burst-load,1787575121.825000,51.999665,adaptive_ttl_backend_p99_milliseconds,all,0
2026-08-24_12-37-49-825335_baseline,baseline,burst-load,1787575122.825000,52.999665,adaptive_ttl_backend_p99_milliseconds,all,0
2026-08-24_12-37-49-825335_baseline,baseline,burst-load,1787575123.825000,53.999665,adaptive_ttl_backend_p99_milliseconds,all,0
2026-08-24_12-37-49-825335_baseline,baseline,burst-load,1787575124.825000,54.999665,adaptive_ttl_backend_p99_milliseconds,all,0
2026-08-24_12-37-49-825335_baseline,baseline,burst-load,1787575125.825000,55.999665,adaptive_ttl_backend_p99_milliseconds,all,0
2026-08-24_12-37-49-825335_baseline,baseline,burst-load,1787575126.825000,56.999665,adaptive_ttl_backend_p99_milliseconds,all,0
2026-08-24_12-37-49-825335_baseline,baseline,burst-load,1787575127.825000,57.999665,adaptive_ttl_backend_p99_milliseconds,all,0
2026-08-24_12-37-49-825335_baseline,baseline,burst-load,1787575128.825000,58.999665,adaptive_ttl_backend_p99_milliseconds,all,0
2026-08-24_12-37-49-825335_baseline,baseline,burst-load,1787575129.825000,59.999665,adaptive_ttl_backend_p99_milliseconds,all,0
2026-08-24_12-37-49-825335_baseline,baseline,burst-load,1787575130.825000,60.999665,adaptive_ttl_backend_p99_milliseconds,all,0
2026-08-24_12-37-49-825335_baseline,baseline,burst-load,1787575131.825000,61.999665,adaptive_ttl_backend_p99_milliseconds,all,0
2026-08-24_12-37-49-825335_baseline,baseline,burst-load,1787575132.825000,62.999665,adaptive_ttl_backend_p99_milliseconds,all,0
2026-08-24_12-37-49-825335_baseline,baseline,burst-load,1787575133.825000,63.999665,adaptive_ttl_backend_p99_milliseconds,all,0
2026-08-24_12-37-49-825335_baseline,baseline,burst-load,1787575134.825000,64.999665,adaptive_ttl_backend_p99_milliseconds,all,0
2026-08-24_12-37-49-825335_baseline,baseline,burst-load,1787575135.825000,65.999665,adaptive_ttl_backend_p99_milliseconds,all,0
2026-08-24_12-37-49-825335_baseline,baseline,burst-load,1787575136.825000,66.999665,adaptive_ttl_backend_p99_milliseconds,all,0
2026-08-24_12-37-49-825335_baseline,baseline,burst-load,1787575137.825000,67.999665,adaptive_ttl_backend_p99_milliseconds,all,0
2026-08-24_12-37-49-825335_baseline,baseline,burst-load,1787575138.825000,68.999665,adaptive_ttl_backend_p99_milliseconds,all,0
2026-08-24_12-37-49-825335_baseline,baseline,burst-load,1787575139.825000,69.999665,adaptive_ttl_backend_p99_milliseconds,all,0
2026-08-24_12-37-49-825335_baseline,baseline,burst-load,1787575140.825000,70.999665,adaptive_ttl_backend_p99_milliseconds,all,0
2026-08-24_12-37-49-825335_baseline,baseline,burst-load,1787575141.825000,71.999665,adaptive_ttl_backend_p99_milliseconds,all,0
2026-08-24_12-37-49-825335_baseline,baseline,burst-load,1787575142.825000,72.999665,adaptive_ttl_backend_p99_milliseconds,all,0
2026-08-24_12-37-49-825335_baseline,baseline,burst-load,1787575143.825000,73.999665,adaptive_ttl_backend_p99_milliseconds,all,0
2026-08-24_12-37-49-825335_baseline,baseline,burst-load,1787575144.825000,74.999665,adaptive_ttl_backend_p99_milliseconds,all,0
2026-08-24_12-37-49-825335_baseline,baseline,burst-load,1787575145.825000,75.999665,adaptive_ttl_backend_p99_milliseconds,all,0
2026-08-24_12-37-49-825335_baseline,baseline,burst-load,1787575146.825000,76.999665,adaptive_ttl_backend_p99_milliseconds,all,0
2026-08-24_12-37-49-825335_baseline,baseline,burst-load,1787575147.825000,77.999665,adaptive_ttl_backend_p99_milliseconds,all,0
2026-08-24_12-37-49-825335_baseline,baseline,burst-load,1787575148.825000,78.999665,adaptive_ttl_backend_p99_milliseconds,all,0
2026-08-24_12-37-49-825335_baseline,baseline,burst-load,1787575149.825000,79.999665,adaptive_ttl_backend_p99_milliseconds,all,0
2026-08-24_12-37-49-825335_baseline,baseline,burst-load,1787575150.825000,80.999665,adaptive_ttl_backend_p99_milliseconds,all,0
2026-08-24_12-37-49-825335_baseline,baseline,burst-load,1787575151.825000,81.999665,adaptive_ttl_backend_p99_milliseconds,all,0
2026-08-24_12-37-49-825335_baseline,baseline,burst-load,1787575152.825000,82.999665,adaptive_ttl_backend_p99_milliseconds,all,0
2026-08-24_12-37-49-825335_baseline,baseline,burst-load,1787575153.825000,83.999665,adaptive_ttl_backend_p99_milliseconds,all,0
2026-08-24_12-37-49-825335_baseline,baseline,burst-load,1787575154.825000,84.999665,adaptive_ttl_backend_p99_milliseconds,all,0
2026-08-24_12-37-49-825335_baseline,baseline,burst-load,1787575155.825000,85.999665,adaptive_ttl_backend_p99_milliseconds,all,0
2026-08-24_12-37-49-825335_baseline,baseline,burst-load,1787575156.825000,86.999665,adaptive_ttl_backend_p99_milliseconds,all,0
2026-08-24_12-37-49-825335_baseline,baseline,burst-load,1787575157.825000,87.999665,adaptive_ttl_backend_p99_milliseconds,all,0
2026-08-24_12-37-49-825335_baseline,baseline,burst-load,1787575158.825000,88.999665,adaptive_ttl_backend_p99_milliseconds,all,0
2026-08-24_12-37-49-825335_baseline,baseline,burst-load,1787575159.825000,89.999665,adaptive_ttl_backend_p99_milliseconds,all,0
2026-08-24_12-37-49-825335_baseline,baseline,burst-load,1787575160.825000,90.999665,adaptive_ttl_backend_p99_milliseconds,all,0
2026-08-24_12-37-49-825335_baseline,baseline,burst-load,1787575161.825000,91.999665,adaptive_ttl_backend_p99_milliseconds,all,0
2026-08-24_12-37-49-825335_baseline,baseline,burst-load,1787575162.825000,92.999665,adaptive_ttl_backend_p99_milliseconds,all,0
2026-08-24_12-37-49-825335_baseline,baseline,burst-load,1787575163.825000,93.999665,adaptive_ttl_backend_p99_milliseconds,all,0
2026-08-24_12-37-49-825335_baseline,baseline,burst-load,1787575164.825000,94.999665,adaptive_ttl_backend_p99_milliseconds,all,0
2026-08-24_12-37-49-825335_baseline,baseline,burst-load,1787575165.825000,95.999665,adaptive_ttl_backend_p99_milliseconds,all,0
2026-08-24_12-37-49-825335_baseline,baseline,burst-load,1787575166.825000,96.999665,adaptive_ttl_backend_p99_milliseconds,all,0
2026-08-24_12-37-49-825335_baseline,baseline,burst-load,1787575167.825000,97.999665,adaptive_ttl_backend_p99_milliseconds,all,0
2026-08-24_12-37-49-825335_baseline,baseline,burst-load,1787575168.825000,98.999665,adaptive_ttl_backend_p99_milliseconds,all,0
2026-08-24_12-37-49-825335_baseline,baseline,burst-load,1787575169.825000,99.999665,adaptive_ttl_backend_p99_milliseconds,all,0
2026-08-24_12-37-49-825335_baseline,baseline,burst-load,1787575170.825000,100.999665,adaptive_ttl_backend_p99_milliseconds,all,0
2026-08-24_12-37-49-825335_baseline,baseline,burst-load,1787575171.825000,101.999665,adaptive_ttl_backend_p99_milliseconds,all,0
2026-08-24_12-37-49-825335_baseline,baseline,burst-load,1787575172.825000,102.999665,adaptive_ttl_backend_p99_milliseconds,all,0
2026-08-24_12-37-49-825335_baseline,baseline,burst-load,1787575173.825000,103.999665,adaptive_ttl_backend_p99_milliseconds,all,0
2026-08-24_12-37-49-825335_baseline,baseline,burst-load,1787575174.825000,104.999665,adaptive_ttl_backend_p99_milliseconds,all,0
2026-08-24_12-37-49-825335_baseline,baseline,burst-load,1787575175.825000,105.999665,adaptive_ttl_backend_p99_milliseconds,all,0
2026-08-24_12-37-49-825335_baseline,baseline,burst-load,1787575176.825000,106.999665,adaptive_ttl_backend_p99_milliseconds,all,0
2026-08-24_12-37-49-825335_baseline,baseline,burst-load,1787575177.825000,107.999665,adaptive_ttl_backend_p99_milliseconds,all,0
2026-08-24_12-37-49-825335_baseline,baseline,burst-load,1787575178.825000,108.999665,adaptive_ttl_backend_p99_milliseconds,all,0
2026-08-24_12-37-49-825335_baseline,baseline,burst-load,1787575179.825000,109.999665,adaptive_ttl_backend_p99_milliseconds,all,0
2026-08-24_12-37-49-825335_baseline,baseline,burst-load,1787575180.825000,110.999665,adaptive_ttl_backend_p99_milliseconds,all,0
2026-08-24_12-37-49-825335_baseline,baseline,burst-load,1787575181.825000,111.999665,adaptive_ttl_backend_p99_milliseconds,all,0
2026-08-24_12-37-49-825335_baseline,baseline,burst-load,1787575182.825000,112.999665,adaptive_ttl_backend_p99_milliseconds,all,0
2026-08-24_12-37-49-825335_baseline,baseline,burst-load,1787575183.825000,113.999665,adaptive_ttl_backend_p99_milliseconds,all,0
2026-08-24_12-37-49-825335_baseline,baseline,burst-load,1787575184.825000,114.999665,adaptive_ttl_backend_p99_milliseconds,all,0
2026-08-24_12-37-49-825335_baseline,baseline,burst-load,1787575185.825000,115.999665,adaptive_ttl_backend_p99_milliseconds,all,0
2026-08-24_12-37-49-825335_baseline,baseline,burst-load,1787575186.825000,116.999665,adaptive_ttl_backend_p99_milliseconds,all,0
2026-08-24_12-37-49-825335_baseline,baseline,burst-load,1787575187.825000,117.999665,adaptive_ttl_backend_p99_milliseconds,all,0
2026-08-24_12-37-49-825335_baseline,baseline,burst-load,1787575188.825000,118.999665,adaptive_ttl_backend_p99_milliseconds,all,0
2026-08-24_12-37-49-825335_baseline,baseline,burst-load,1787575189.825000,119.999665,adaptive_ttl_backend_p99_milliseconds,all,0
2026-08-24_12-37-49-825335_baseline,baseline,burst-load,1787575190.825000,120.999665,adaptive_ttl_backend_p99_milliseconds,all,0
2026-08-24_12-37-49-825335_baseline,baseline,burst-load,1787575191.825000,121.999665,adaptive_ttl_backend_p99_milliseconds,all,0
